item_key,difficulty,content_field,claim_id,final_claim,source_url,source_sha256,page_or_section,evidence_excerpt,verdict,reviewed_content_sha256
shinjuku-2026-r1-gian-10,easy,title,OA10-ET-01,見出し: 聴聞などの 通知の 公示の しかたを 足します,https://www.city.shinjuku.lg.jp/content/000447774.pdf,1dc3eaffcafb1b1c9e139e823182dc80dc0755624813ca87d8b274d15f5b6624,第10号議案,行政手続法の改正に合わせ、聴聞や弁明の機会の付与に係る…通知について、現行の門前掲示場への掲示による公示の方法に…加え、電磁的記録による公示の方法を定める,supported,f134f01502d371b530f9e352eb71981ff3b276428d2824477de2b98d434823c7
shinjuku-2026-r1-gian-10,easy,summary,OA10-ES-01,要約: 区が 聴聞などの 通知を 出す ときの 知らせ かたを 足します。,https://www.city.shinjuku.lg.jp/content/000447774.pdf,1dc3eaffcafb1b1c9e139e823182dc80dc0755624813ca87d8b274d15f5b6624,第10号議案,行政手続法の改正に合わせ、聴聞や弁明の機会の付与に係る…通知について、現行の門前掲示場への掲示による公示の方法に…加え、電磁的記録による公示の方法を定める,supported,f134f01502d371b530f9e352eb71981ff3b276428d2824477de2b98d434823c7
shinjuku-2026-r1-gian-10,easy,summary,OA10-ES-02,要約: 電磁的記録でも 公示できる ように します。,https://www.city.shinjuku.lg.jp/content/000447774.pdf,1dc3eaffcafb1b1c9e139e823182dc80dc0755624813ca87d8b274d15f5b6624,第10号議案,行政手続法の改正に合わせ、聴聞や弁明の機会の付与に係る…通知について、現行の門前掲示場への掲示による公示の方法に…加え、電磁的記録による公示の方法を定める,supported,f134f01502d371b530f9e352eb71981ff3b276428d2824477de2b98d434823c7
shinjuku-2026-r1-gian-10,easy,summary,OA10-ES-03,要約: 2026年（令和8年）5月21日（木）から 始まります。,https://www.city.shinjuku.lg.jp/content/000448426.pdf,52d6787e3d2e916924b78ddaba30ad14fb7e149cdb2102946034b6b91744295b,附則（施行期日）,この条例は、令和8年5月21日から施行する,supported,f134f01502d371b530f9e352eb71981ff3b276428d2824477de2b98d434823c7
shinjuku-2026-r1-gian-10,easy,content,OA10-E-01,【新宿区行政手続条例】［しんじゅくくぎょうせいてつづきじょうれい］（＝区の 行政手続の 決まり）を 変えます。,https://www.city.shinjuku.lg.jp/content/000448426.pdf,52d6787e3d2e916924b78ddaba30ad14fb7e149cdb2102946034b6b91744295b,改め文,新宿区行政手続条例（平成7年新宿区条例第2号）の一部を次のように改正する,supported,f134f01502d371b530f9e352eb71981ff3b276428d2824477de2b98d434823c7
shinjuku-2026-r1-gian-10,easy,content,OA10-E-02,対象は 平成7年 新宿区条例 第2号です。,https://www.city.shinjuku.lg.jp/content/000448426.pdf,52d6787e3d2e916924b78ddaba30ad14fb7e149cdb2102946034b6b91744295b,改め文,新宿区行政手続条例（平成7年新宿区条例第2号）の一部を次のように改正する,supported,f134f01502d371b530f9e352eb71981ff3b276428d2824477de2b98d434823c7
shinjuku-2026-r1-gian-10,easy,content,OA10-E-03,【聴聞】［ちょうもん］（＝意見を 聞く 手続）や 弁明の 機会を 与える ときに 通知を 出します。,https://www.city.shinjuku.lg.jp/content/000447774.pdf,1dc3eaffcafb1b1c9e139e823182dc80dc0755624813ca87d8b274d15f5b6624,第10号議案,行政手続法の改正に合わせ、聴聞や弁明の機会の付与に係る…通知について、現行の門前掲示場への掲示による公示の方法に…加え、電磁的記録による公示の方法を定める,supported,f134f01502d371b530f9e352eb71981ff3b276428d2824477de2b98d434823c7
shinjuku-2026-r1-gian-10,easy,content,OA10-E-04,この 通知を 知らせる 方法を 変えます。,https://www.city.shinjuku.lg.jp/content/000447774.pdf,1dc3eaffcafb1b1c9e139e823182dc80dc0755624813ca87d8b274d15f5b6624,第10号議案,行政手続法の改正に合わせ、聴聞や弁明の機会の付与に係る…通知について、現行の門前掲示場への掲示による公示の方法に…加え、電磁的記録による公示の方法を定める,supported,f134f01502d371b530f9e352eb71981ff3b276428d2824477de2b98d434823c7
shinjuku-2026-r1-gian-10,easy,content,OA10-E-05,通知は【公示】［こうじ］（＝広く 知らせる こと）の 方法で 行う ことが あります。,https://www.city.shinjuku.lg.jp/content/000448426.pdf,52d6787e3d2e916924b78ddaba30ad14fb7e149cdb2102946034b6b91744295b,第15条第3項,「公示の方法」に改め、同項後段を削り、同条に次の1項を加える,supported,f134f01502d371b530f9e352eb71981ff3b276428d2824477de2b98d434823c7
shinjuku-2026-r1-gian-10,easy,content,OA10-E-06,これまでの 公示は【門前掲示場】［もんぜんけいじじょう］（＝門の 前に ある 掲示場）への 掲示です。,https://www.city.shinjuku.lg.jp/content/000447774.pdf,1dc3eaffcafb1b1c9e139e823182dc80dc0755624813ca87d8b274d15f5b6624,第10号議案,行政手続法の改正に合わせ、聴聞や弁明の機会の付与に係る…通知について、現行の門前掲示場への掲示による公示の方法に…加え、電磁的記録による公示の方法を定める,supported,f134f01502d371b530f9e352eb71981ff3b276428d2824477de2b98d434823c7
shinjuku-2026-r1-gian-10,easy,content,OA10-E-07,新しく【電磁的記録】［でんじてききろく］（＝パソコンなどで 扱う 記録）でも 公示できます。,https://www.city.shinjuku.lg.jp/content/000447774.pdf,1dc3eaffcafb1b1c9e139e823182dc80dc0755624813ca87d8b274d15f5b6624,第10号議案,行政手続法の改正に合わせ、聴聞や弁明の機会の付与に係る…通知について、現行の門前掲示場への掲示による公示の方法に…加え、電磁的記録による公示の方法を定める,supported,f134f01502d371b530f9e352eb71981ff3b276428d2824477de2b98d434823c7
shinjuku-2026-r1-gian-10,easy,content,OA10-E-08,新しい 公示では 区は 次の 2つを どちらも 行います。,https://www.city.shinjuku.lg.jp/content/000448426.pdf,52d6787e3d2e916924b78ddaba30ad14fb7e149cdb2102946034b6b91744295b,第15条第4項（新設）,前項の公示の方法による通知は、不利益処分の名宛人となるべき者の氏名、第1項第3号及び第4号に掲げる事項並びに当該行政庁が同項各号に掲げる事項を記載した書面をいつでもその者に交付する旨（以下「公示事項」という。）を規則で定める方法により不特定多数の者が閲覧することができる状態に置くとともに…公示事項が記載された書面を新宿区公告式条例（昭和22年新宿区条例第3号）第2条第2項の門前掲示場に掲示し、又は公示事項を区の事務所に設置した電子計算機の映像面に表示したものの閲覧をすることができる状態に置く措置をとることによって行うものとする,supported,f134f01502d371b530f9e352eb71981ff3b276428d2824477de2b98d434823c7
shinjuku-2026-r1-gian-10,easy,content,OA10-E-09,規則で 決める 方法で だれでも 見られる 状態に する,https://www.city.shinjuku.lg.jp/content/000448426.pdf,52d6787e3d2e916924b78ddaba30ad14fb7e149cdb2102946034b6b91744295b,第15条第4項（新設）,前項の公示の方法による通知は、不利益処分の名宛人となるべき者の氏名、第1項第3号及び第4号に掲げる事項並びに当該行政庁が同項各号に掲げる事項を記載した書面をいつでもその者に交付する旨（以下「公示事項」という。）を規則で定める方法により不特定多数の者が閲覧することができる状態に置くとともに…公示事項が記載された書面を新宿区公告式条例（昭和22年新宿区条例第3号）第2条第2項の門前掲示場に掲示し、又は公示事項を区の事務所に設置した電子計算機の映像面に表示したものの閲覧をすることができる状態に置く措置をとることによって行うものとする,supported,f134f01502d371b530f9e352eb71981ff3b276428d2824477de2b98d434823c7
shinjuku-2026-r1-gian-10,easy,content,OA10-E-10,掲示場に 書面を 貼るか 区の 事務所の 画面に 表示する,https://www.city.shinjuku.lg.jp/content/000448426.pdf,52d6787e3d2e916924b78ddaba30ad14fb7e149cdb2102946034b6b91744295b,第15条第4項（新設）,前項の公示の方法による通知は、不利益処分の名宛人となるべき者の氏名、第1項第3号及び第4号に掲げる事項並びに当該行政庁が同項各号に掲げる事項を記載した書面をいつでもその者に交付する旨（以下「公示事項」という。）を規則で定める方法により不特定多数の者が閲覧することができる状態に置くとともに…公示事項が記載された書面を新宿区公告式条例（昭和22年新宿区条例第3号）第2条第2項の門前掲示場に掲示し、又は公示事項を区の事務所に設置した電子計算機の映像面に表示したものの閲覧をすることができる状態に置く措置をとることによって行うものとする,supported,f134f01502d371b530f9e352eb71981ff3b276428d2824477de2b98d434823c7
shinjuku-2026-r1-gian-10,easy,content,OA10-E-11,公示する 内容には 本人の 氏名が 入ります。,https://www.city.shinjuku.lg.jp/content/000448426.pdf,52d6787e3d2e916924b78ddaba30ad14fb7e149cdb2102946034b6b91744295b,第15条第4項（新設）,前項の公示の方法による通知は、不利益処分の名宛人となるべき者の氏名、第1項第3号及び第4号に掲げる事項並びに当該行政庁が同項各号に掲げる事項を記載した書面をいつでもその者に交付する旨（以下「公示事項」という。）を規則で定める方法により不特定多数の者が閲覧することができる状態に置くとともに…公示事項が記載された書面を新宿区公告式条例（昭和22年新宿区条例第3号）第2条第2項の門前掲示場に掲示し、又は公示事項を区の事務所に設置した電子計算機の映像面に表示したものの閲覧をすることができる状態に置く措置をとることによって行うものとする,supported,f134f01502d371b530f9e352eb71981ff3b276428d2824477de2b98d434823c7
shinjuku-2026-r1-gian-10,easy,content,OA10-E-12,措置を 始めた 日から 2週間が たつと 本人に 届いた ものと みなします。,https://www.city.shinjuku.lg.jp/content/000448426.pdf,52d6787e3d2e916924b78ddaba30ad14fb7e149cdb2102946034b6b91744295b,第15条第4項（新設）,この場合においては、当該措置を開始した日から2週間を経過したときに、当該通知がその者に到達したものとみなす,supported,f134f01502d371b530f9e352eb71981ff3b276428d2824477de2b98d434823c7
shinjuku-2026-r1-gian-10,easy,content,OA10-E-13,「名あて人」を「名宛人」に 書きかえます。,https://www.city.shinjuku.lg.jp/content/000448426.pdf,52d6787e3d2e916924b78ddaba30ad14fb7e149cdb2102946034b6b91744295b,第15条第1項・第3項,第15条第1項中「名あて人」を「名宛人」に改め、同条第3項中「名あて人」を「名宛人」に,supported,f134f01502d371b530f9e352eb71981ff3b276428d2824477de2b98d434823c7
shinjuku-2026-r1-gian-10,easy,content,OA10-E-14,ほかの 条文は 引用を 合わせます。,https://www.city.shinjuku.lg.jp/content/000448426.pdf,52d6787e3d2e916924b78ddaba30ad14fb7e149cdb2102946034b6b91744295b,第16条第1項,第16条第1項中「同条第3項後段」を「同条第4項後段」に改める,supported,f134f01502d371b530f9e352eb71981ff3b276428d2824477de2b98d434823c7
shinjuku-2026-r1-gian-10,easy,content,OA10-E-15,第16条 第1項,https://www.city.shinjuku.lg.jp/content/000448426.pdf,52d6787e3d2e916924b78ddaba30ad14fb7e149cdb2102946034b6b91744295b,第16条第1項,第16条第1項中「同条第3項後段」を「同条第4項後段」に改める,supported,f134f01502d371b530f9e352eb71981ff3b276428d2824477de2b98d434823c7
shinjuku-2026-r1-gian-10,easy,content,OA10-E-16,第22条 第3項,https://www.city.shinjuku.lg.jp/content/000448426.pdf,52d6787e3d2e916924b78ddaba30ad14fb7e149cdb2102946034b6b91744295b,第22条第3項,第22条第3項中「第15条第3項」及び「同条第3項」の次に「及び第4項」を加え、「名あて人」を「名宛人」に改め…「掲示を始めた日から2週間を経過した」を削り、「、掲示を始めた」を「、当該措置を開始した」に改める,supported,f134f01502d371b530f9e352eb71981ff3b276428d2824477de2b98d434823c7
shinjuku-2026-r1-gian-10,easy,content,OA10-E-17,第29条,https://www.city.shinjuku.lg.jp/content/000448426.pdf,52d6787e3d2e916924b78ddaba30ad14fb7e149cdb2102946034b6b91744295b,第29条,第29条中「第15条第3項及び」の次に「第4項並びに」を加え,supported,f134f01502d371b530f9e352eb71981ff3b276428d2824477de2b98d434823c7
shinjuku-2026-r1-gian-10,easy,content,OA10-E-18,2026年（令和8年）5月21日（木）から 始まります。,https://www.city.shinjuku.lg.jp/content/000448426.pdf,52d6787e3d2e916924b78ddaba30ad14fb7e149cdb2102946034b6b91744295b,附則（施行期日）,この条例は、令和8年5月21日から施行する,supported,f134f01502d371b530f9e352eb71981ff3b276428d2824477de2b98d434823c7
shinjuku-2026-r1-gian-10,easy,content,OA10-E-19,この 日より 前に した 通知は これまでの 決まりの ままです。,https://www.city.shinjuku.lg.jp/content/000448426.pdf,52d6787e3d2e916924b78ddaba30ad14fb7e149cdb2102946034b6b91744295b,附則（経過措置）,この条例の施行の日以後にする通知について適用し、同日前にした通知については、なお従前の例による,supported,f134f01502d371b530f9e352eb71981ff3b276428d2824477de2b98d434823c7
shinjuku-2026-r1-gian-10,easy,content,OA10-E-20,【原案可決】［げんあんかけつ］（＝出した 通りの 内容で 決まること）です。,https://www.city.shinjuku.lg.jp/kusei/soumu01_002090_00015.html,7c2b6f68db1b433b860b35d176b4dd9211e78582ec9de718fcfefe68b22d896a,審議状況（議決結果ページ）,第10号議案新宿区行政手続条例の一部を改正する条例原案可決,supported,f134f01502d371b530f9e352eb71981ff3b276428d2824477de2b98d434823c7
shinjuku-2026-r1-gian-10,easy,content,OA10-E-21,2026年（令和8年）の 第1回定例会で 決まりました。,https://www.city.shinjuku.lg.jp/content/000452334.pdf,22ba4f49b18c96bd1fa26241606257c05477f38e25ac46d6f8e4f416a2cedbf2,審議状況（会期）,令和８年第１回定例会…２月１７日～３月２４日,supported,f134f01502d371b530f9e352eb71981ff3b276428d2824477de2b98d434823c7
shinjuku-2026-r1-gian-10,easy,content,OA10-E-22,会期は 2026年2月17日（火）から 3月24日（火）まででした。,https://www.city.shinjuku.lg.jp/content/000452334.pdf,22ba4f49b18c96bd1fa26241606257c05477f38e25ac46d6f8e4f416a2cedbf2,審議状況（会期）,令和８年第１回定例会…２月１７日～３月２４日,supported,f134f01502d371b530f9e352eb71981ff3b276428d2824477de2b98d434823c7
shinjuku-2026-r1-gian-10,easy,content,OA10-E-23,本会議で 決まった 日は 3月24日（火）です。,https://ssp.kaigiroku.net/tenant/shinjuku/MinuteView.html?council_id=3163&schedule_id=5&minute_id=1,bd058d36962b45d8d965e4625bb95ecd661a102a026175213f37ba9eb575424a,審議状況（本会議 3月24日 議長）,令和８年第１回定例会会議録（第４日）第４号…令和８年３月２４日（火曜日）,supported,f134f01502d371b530f9e352eb71981ff3b276428d2824477de2b98d434823c7
shinjuku-2026-r1-gian-10,easy,content,OA10-E-24,ほかの 議案と まとめて 議題に なりました。,https://ssp.kaigiroku.net/tenant/shinjuku/MinuteView.html?council_id=3163&schedule_id=5&minute_id=19,8a31f81d234a3fc5b7611fdb2c52bf9ed24b1c6d4debb8d75e66e76874004ad4,審議状況（本会議 3月24日 議長）,日程第３から日程第１０までを一括議題とします,supported,f134f01502d371b530f9e352eb71981ff3b276428d2824477de2b98d434823c7
shinjuku-2026-r1-gian-10,easy,content,OA10-E-25,総務区民委員会の 審査報告書は 可決でした。,https://ssp.kaigiroku.net/tenant/shinjuku/MinuteView.html?council_id=3163&schedule_id=5&minute_id=28,fc1da089857f696094cec7d628ff438dd74002a8df2fa07026c0a0506f81e6d2,審議状況（本会議 3月24日 議長）,総務区民委員会審査報告書は、可決です…御異議ありませんか,supported,f134f01502d371b530f9e352eb71981ff3b276428d2824477de2b98d434823c7
shinjuku-2026-r1-gian-10,easy,content,OA10-E-26,議長が 異議が ないか たずねました。,https://ssp.kaigiroku.net/tenant/shinjuku/MinuteView.html?council_id=3163&schedule_id=5&minute_id=28,fc1da089857f696094cec7d628ff438dd74002a8df2fa07026c0a0506f81e6d2,審議状況（本会議 3月24日 議長）,総務区民委員会審査報告書は、可決です…御異議ありませんか,supported,f134f01502d371b530f9e352eb71981ff3b276428d2824477de2b98d434823c7
shinjuku-2026-r1-gian-10,easy,content,OA10-E-27,異議なしと 認められて 可決しました。,https://ssp.kaigiroku.net/tenant/shinjuku/MinuteView.html?council_id=3163&schedule_id=5&minute_id=29,970914f9ce4a28e423e8480a3d4ce175afafafeebd92448698df42d97cb2ec1d,審議状況（本会議 3月24日 議長）,異議なしと認めます…本案は、いずれも委員会審査報告のとおり可決されました,supported,f134f01502d371b530f9e352eb71981ff3b276428d2824477de2b98d434823c7
shinjuku-2026-r1-gian-10,easy,content,OA10-E-28,賛成したのは ８つの 会派 すべてです。,https://www.city.shinjuku.lg.jp/content/000452334.pdf,22ba4f49b18c96bd1fa26241606257c05477f38e25ac46d6f8e4f416a2cedbf2,審議状況（議案の概要と審議結果の採決結果行）,電磁的記録による公示の方法を定める。○○○○○○○○可決,supported,f134f01502d371b530f9e352eb71981ff3b276428d2824477de2b98d434823c7
shinjuku-2026-r1-gian-10,normal,title,OA10-NT-01,見出し: 聴聞・弁明の通知に、電磁的記録による公示の方法を追加,https://www.city.shinjuku.lg.jp/content/000447774.pdf,1dc3eaffcafb1b1c9e139e823182dc80dc0755624813ca87d8b274d15f5b6624,第10号議案,行政手続法の改正に合わせ、聴聞や弁明の機会の付与に係る…通知について、現行の門前掲示場への掲示による公示の方法に…加え、電磁的記録による公示の方法を定める,supported,23ff54feb57836d8636c849134799e8de3f7474308dcfd8ba82a6b6dd2722806
shinjuku-2026-r1-gian-10,normal,summary,OA10-NS-01,要約: 聴聞や弁明の機会の付与に係る通知について、現行の門前掲示場への掲示による公示に加え、電磁的記録による公示の方法を定める条例改正です。,https://www.city.shinjuku.lg.jp/content/000447774.pdf,1dc3eaffcafb1b1c9e139e823182dc80dc0755624813ca87d8b274d15f5b6624,第10号議案,行政手続法の改正に合わせ、聴聞や弁明の機会の付与に係る…通知について、現行の門前掲示場への掲示による公示の方法に…加え、電磁的記録による公示の方法を定める,supported,23ff54feb57836d8636c849134799e8de3f7474308dcfd8ba82a6b6dd2722806
shinjuku-2026-r1-gian-10,normal,summary,OA10-NS-02,要約: 施行日は令和8年5月21日です。,https://www.city.shinjuku.lg.jp/content/000448426.pdf,52d6787e3d2e916924b78ddaba30ad14fb7e149cdb2102946034b6b91744295b,附則（施行期日）,この条例は、令和8年5月21日から施行する,supported,23ff54feb57836d8636c849134799e8de3f7474308dcfd8ba82a6b6dd2722806
shinjuku-2026-r1-gian-10,normal,content,OA10-N-01,新宿区行政手続条例（平成7年新宿区条例第2号）の改正です。,https://www.city.shinjuku.lg.jp/content/000448426.pdf,52d6787e3d2e916924b78ddaba30ad14fb7e149cdb2102946034b6b91744295b,改め文,新宿区行政手続条例（平成7年新宿区条例第2号）の一部を次のように改正する,supported,23ff54feb57836d8636c849134799e8de3f7474308dcfd8ba82a6b6dd2722806
shinjuku-2026-r1-gian-10,normal,content,OA10-N-02,聴聞や弁明の機会の付与に係る通知の公示の方法を整える内容です。,https://www.city.shinjuku.lg.jp/content/000447774.pdf,1dc3eaffcafb1b1c9e139e823182dc80dc0755624813ca87d8b274d15f5b6624,第10号議案,行政手続法の改正に合わせ、聴聞や弁明の機会の付与に係る…通知について、現行の門前掲示場への掲示による公示の方法に…加え、電磁的記録による公示の方法を定める,supported,23ff54feb57836d8636c849134799e8de3f7474308dcfd8ba82a6b6dd2722806
shinjuku-2026-r1-gian-10,normal,content,OA10-N-03,行政手続法の改正に合わせ、聴聞や弁明の機会の付与に係る通知について、現行の門前掲示場への掲示による公示の方法に加え、電磁的記録による公示の方法を定める。,https://www.city.shinjuku.lg.jp/content/000447774.pdf,1dc3eaffcafb1b1c9e139e823182dc80dc0755624813ca87d8b274d15f5b6624,第10号議案,行政手続法の改正に合わせ、聴聞や弁明の機会の付与に係る…通知について、現行の門前掲示場への掲示による公示の方法に…加え、電磁的記録による公示の方法を定める,supported,23ff54feb57836d8636c849134799e8de3f7474308dcfd8ba82a6b6dd2722806
shinjuku-2026-r1-gian-10,normal,content,OA10-N-04,議案本文の提案理由は、デジタル社会形成基本法等の一部を改正する法律（令和5年法律第63号）の一部の施行による行政手続法（平成5年法律第88号）の改正に合わせる、としています。,https://www.city.shinjuku.lg.jp/content/000448426.pdf,52d6787e3d2e916924b78ddaba30ad14fb7e149cdb2102946034b6b91744295b,（提案理由）,デジタル社会の形成を図るための規制改革を推進するためのデジタル社会形成基本法等の一部を改正する法律（令和5年法律第63号）の一部の施行による行政手続法（平成5年法律第88号）の改正に合わせ…聴聞及び弁明の機会の付与の通知について、電磁的記録による公示の方法を新たに定める必要があるため,supported,23ff54feb57836d8636c849134799e8de3f7474308dcfd8ba82a6b6dd2722806
shinjuku-2026-r1-gian-10,normal,content,OA10-N-05,第15条第3項は、通知の方法を「公示の方法」に改め、第4項が新設されます。,https://www.city.shinjuku.lg.jp/content/000448426.pdf,52d6787e3d2e916924b78ddaba30ad14fb7e149cdb2102946034b6b91744295b,第15条第3項,「公示の方法」に改め、同項後段を削り、同条に次の1項を加える,supported,23ff54feb57836d8636c849134799e8de3f7474308dcfd8ba82a6b6dd2722806
shinjuku-2026-r1-gian-10,normal,content,OA10-N-06,新設される第15条第4項は、公示を次の措置をとることで行うと定めます。,https://www.city.shinjuku.lg.jp/content/000448426.pdf,52d6787e3d2e916924b78ddaba30ad14fb7e149cdb2102946034b6b91744295b,第15条第4項（新設）,前項の公示の方法による通知は、不利益処分の名宛人となるべき者の氏名、第1項第3号及び第4号に掲げる事項並びに当該行政庁が同項各号に掲げる事項を記載した書面をいつでもその者に交付する旨（以下「公示事項」という。）を規則で定める方法により不特定多数の者が閲覧することができる状態に置くとともに…公示事項が記載された書面を新宿区公告式条例（昭和22年新宿区条例第3号）第2条第2項の門前掲示場に掲示し、又は公示事項を区の事務所に設置した電子計算機の映像面に表示したものの閲覧をすることができる状態に置く措置をとることによって行うものとする,supported,23ff54feb57836d8636c849134799e8de3f7474308dcfd8ba82a6b6dd2722806
shinjuku-2026-r1-gian-10,normal,content,OA10-N-07,公示事項（名宛人となるべき者の氏名など）を、規則で定める方法により、不特定多数の者が閲覧できる状態に置くこと,https://www.city.shinjuku.lg.jp/content/000448426.pdf,52d6787e3d2e916924b78ddaba30ad14fb7e149cdb2102946034b6b91744295b,第15条第4項（新設）,前項の公示の方法による通知は、不利益処分の名宛人となるべき者の氏名、第1項第3号及び第4号に掲げる事項並びに当該行政庁が同項各号に掲げる事項を記載した書面をいつでもその者に交付する旨（以下「公示事項」という。）を規則で定める方法により不特定多数の者が閲覧することができる状態に置くとともに…公示事項が記載された書面を新宿区公告式条例（昭和22年新宿区条例第3号）第2条第2項の門前掲示場に掲示し、又は公示事項を区の事務所に設置した電子計算機の映像面に表示したものの閲覧をすることができる状態に置く措置をとることによって行うものとする,supported,23ff54feb57836d8636c849134799e8de3f7474308dcfd8ba82a6b6dd2722806
shinjuku-2026-r1-gian-10,normal,content,OA10-N-08,公示事項を記載した書面を門前掲示場に掲示するか、公示事項を区の事務所の電子計算機の映像面に表示したものを閲覧できる状態に置くこと,https://www.city.shinjuku.lg.jp/content/000448426.pdf,52d6787e3d2e916924b78ddaba30ad14fb7e149cdb2102946034b6b91744295b,第15条第4項（新設）,前項の公示の方法による通知は、不利益処分の名宛人となるべき者の氏名、第1項第3号及び第4号に掲げる事項並びに当該行政庁が同項各号に掲げる事項を記載した書面をいつでもその者に交付する旨（以下「公示事項」という。）を規則で定める方法により不特定多数の者が閲覧することができる状態に置くとともに…公示事項が記載された書面を新宿区公告式条例（昭和22年新宿区条例第3号）第2条第2項の門前掲示場に掲示し、又は公示事項を区の事務所に設置した電子計算機の映像面に表示したものの閲覧をすることができる状態に置く措置をとることによって行うものとする,supported,23ff54feb57836d8636c849134799e8de3f7474308dcfd8ba82a6b6dd2722806
shinjuku-2026-r1-gian-10,normal,content,OA10-N-09,この措置を開始した日から2週間を経過したときに、通知が本人に到達したものとみなされます。,https://www.city.shinjuku.lg.jp/content/000448426.pdf,52d6787e3d2e916924b78ddaba30ad14fb7e149cdb2102946034b6b91744295b,第15条第4項（新設）,この場合においては、当該措置を開始した日から2週間を経過したときに、当該通知がその者に到達したものとみなす,supported,23ff54feb57836d8636c849134799e8de3f7474308dcfd8ba82a6b6dd2722806
shinjuku-2026-r1-gian-10,normal,content,OA10-N-10,第16条第1項: 「同条第3項後段」を「同条第4項後段」に改める,https://www.city.shinjuku.lg.jp/content/000448426.pdf,52d6787e3d2e916924b78ddaba30ad14fb7e149cdb2102946034b6b91744295b,第16条第1項,第16条第1項中「同条第3項後段」を「同条第4項後段」に改める,supported,23ff54feb57836d8636c849134799e8de3f7474308dcfd8ba82a6b6dd2722806
shinjuku-2026-r1-gian-10,normal,content,OA10-N-11,第22条第3項: 「及び第4項」を加え、「掲示を始めた日から2週間を経過した」を削るなど,https://www.city.shinjuku.lg.jp/content/000448426.pdf,52d6787e3d2e916924b78ddaba30ad14fb7e149cdb2102946034b6b91744295b,第22条第3項,第22条第3項中「第15条第3項」及び「同条第3項」の次に「及び第4項」を加え、「名あて人」を「名宛人」に改め…「掲示を始めた日から2週間を経過した」を削り、「、掲示を始めた」を「、当該措置を開始した」に改める,supported,23ff54feb57836d8636c849134799e8de3f7474308dcfd8ba82a6b6dd2722806
shinjuku-2026-r1-gian-10,normal,content,OA10-N-12,第29条: 準用する規定に「第4項並びに」を加えるなど,https://www.city.shinjuku.lg.jp/content/000448426.pdf,52d6787e3d2e916924b78ddaba30ad14fb7e149cdb2102946034b6b91744295b,第29条,第29条中「第15条第3項及び」の次に「第4項並びに」を加え,supported,23ff54feb57836d8636c849134799e8de3f7474308dcfd8ba82a6b6dd2722806
shinjuku-2026-r1-gian-10,normal,content,OA10-N-13,「名あて人」の表記は、第15条第1項・第3項などで「名宛人」に改められます。,https://www.city.shinjuku.lg.jp/content/000448426.pdf,52d6787e3d2e916924b78ddaba30ad14fb7e149cdb2102946034b6b91744295b,第15条第1項・第3項,第15条第1項中「名あて人」を「名宛人」に改め、同条第3項中「名あて人」を「名宛人」に,supported,23ff54feb57836d8636c849134799e8de3f7474308dcfd8ba82a6b6dd2722806
shinjuku-2026-r1-gian-10,normal,content,OA10-N-14,令和8年5月21日（木曜日）から施行されます。,https://www.city.shinjuku.lg.jp/content/000448426.pdf,52d6787e3d2e916924b78ddaba30ad14fb7e149cdb2102946034b6b91744295b,附則（施行期日）,この条例は、令和8年5月21日から施行する,supported,23ff54feb57836d8636c849134799e8de3f7474308dcfd8ba82a6b6dd2722806
shinjuku-2026-r1-gian-10,normal,content,OA10-N-15,施行日前にした通知については、なお従前の例によります。,https://www.city.shinjuku.lg.jp/content/000448426.pdf,52d6787e3d2e916924b78ddaba30ad14fb7e149cdb2102946034b6b91744295b,附則（経過措置）,この条例の施行の日以後にする通知について適用し、同日前にした通知については、なお従前の例による,supported,23ff54feb57836d8636c849134799e8de3f7474308dcfd8ba82a6b6dd2722806
shinjuku-2026-r1-gian-10,normal,content,OA10-N-16,改正後の第15条第3項・第4項は、施行日以後にする通知に適用されます。,https://www.city.shinjuku.lg.jp/content/000448426.pdf,52d6787e3d2e916924b78ddaba30ad14fb7e149cdb2102946034b6b91744295b,附則（経過措置）,この条例の施行の日以後にする通知について適用し、同日前にした通知については、なお従前の例による,supported,23ff54feb57836d8636c849134799e8de3f7474308dcfd8ba82a6b6dd2722806
shinjuku-2026-r1-gian-10,normal,content,OA10-N-17,退職手当に関する条例（昭和33年新宿区条例第11号）が準用する場合も含まれます。,https://www.city.shinjuku.lg.jp/content/000448426.pdf,52d6787e3d2e916924b78ddaba30ad14fb7e149cdb2102946034b6b91744295b,附則（経過措置）,新宿区職員の退職手当に関する条例（昭和33年新宿区条例第11号）第18条第4項、第19条第5項、第20条第3項及び第21条第8項において準用する場合を含む,supported,23ff54feb57836d8636c849134799e8de3f7474308dcfd8ba82a6b6dd2722806
shinjuku-2026-r1-gian-10,normal,content,OA10-N-18,令和8年第1回定例会（会期は2月17日から3月24日まで）で審議されました。,https://www.city.shinjuku.lg.jp/content/000452334.pdf,22ba4f49b18c96bd1fa26241606257c05477f38e25ac46d6f8e4f416a2cedbf2,審議状況（会期）,令和８年第１回定例会…２月１７日～３月２４日,supported,23ff54feb57836d8636c849134799e8de3f7474308dcfd8ba82a6b6dd2722806
shinjuku-2026-r1-gian-10,normal,content,OA10-N-19,本会議は第4日にあたる3月24日（火曜日）でした。,https://ssp.kaigiroku.net/tenant/shinjuku/MinuteView.html?council_id=3163&schedule_id=5&minute_id=1,bd058d36962b45d8d965e4625bb95ecd661a102a026175213f37ba9eb575424a,審議状況（本会議 3月24日 議長）,令和８年第１回定例会会議録（第４日）第４号…令和８年３月２４日（火曜日）,supported,23ff54feb57836d8636c849134799e8de3f7474308dcfd8ba82a6b6dd2722806
shinjuku-2026-r1-gian-10,normal,content,OA10-N-20,日程第3から日程第10までの議案とあわせて、一括して議題となりました。,https://ssp.kaigiroku.net/tenant/shinjuku/MinuteView.html?council_id=3163&schedule_id=5&minute_id=19,8a31f81d234a3fc5b7611fdb2c52bf9ed24b1c6d4debb8d75e66e76874004ad4,審議状況（本会議 3月24日 議長）,日程第３から日程第１０までを一括議題とします,supported,23ff54feb57836d8636c849134799e8de3f7474308dcfd8ba82a6b6dd2722806
shinjuku-2026-r1-gian-10,normal,content,OA10-N-21,総務区民委員会の審査報告書は「可決」でした。,https://ssp.kaigiroku.net/tenant/shinjuku/MinuteView.html?council_id=3163&schedule_id=5&minute_id=28,fc1da089857f696094cec7d628ff438dd74002a8df2fa07026c0a0506f81e6d2,審議状況（本会議 3月24日 議長）,総務区民委員会審査報告書は、可決です…御異議ありませんか,supported,23ff54feb57836d8636c849134799e8de3f7474308dcfd8ba82a6b6dd2722806
shinjuku-2026-r1-gian-10,normal,content,OA10-N-22,本会議は、異議なしと認めて、委員会審査報告のとおり可決しました。,https://ssp.kaigiroku.net/tenant/shinjuku/MinuteView.html?council_id=3163&schedule_id=5&minute_id=29,970914f9ce4a28e423e8480a3d4ce175afafafeebd92448698df42d97cb2ec1d,審議状況（本会議 3月24日 議長）,異議なしと認めます…本案は、いずれも委員会審査報告のとおり可決されました,supported,23ff54feb57836d8636c849134799e8de3f7474308dcfd8ba82a6b6dd2722806
shinjuku-2026-r1-gian-10,normal,content,OA10-N-23,議決結果ページの記載は「原案可決」です。,https://www.city.shinjuku.lg.jp/kusei/soumu01_002090_00015.html,7c2b6f68db1b433b860b35d176b4dd9211e78582ec9de718fcfefe68b22d896a,審議状況（議決結果ページ）,第10号議案新宿区行政手続条例の一部を改正する条例原案可決,supported,23ff54feb57836d8636c849134799e8de3f7474308dcfd8ba82a6b6dd2722806
shinjuku-2026-r1-gian-10,normal,content,OA10-N-24,「議案の概要と審議結果」の採決結果行では、8会派すべてが賛成（○）でした。,https://www.city.shinjuku.lg.jp/content/000452334.pdf,22ba4f49b18c96bd1fa26241606257c05477f38e25ac46d6f8e4f416a2cedbf2,審議状況（議案の概要と審議結果の採決結果行）,電磁的記録による公示の方法を定める。○○○○○○○○可決,supported,23ff54feb57836d8636c849134799e8de3f7474308dcfd8ba82a6b6dd2722806
shinjuku-2026-r1-gian-10,hard,title,OA10-HT-01,見出し: 第10号議案 新宿区行政手続条例の一部を改正する条例,https://www.city.shinjuku.lg.jp/content/000448426.pdf,52d6787e3d2e916924b78ddaba30ad14fb7e149cdb2102946034b6b91744295b,件名,新宿区行政手続条例の一部を改正する条例,supported,630013f5c6b8628d31f591b48e612253720c1b8e415a97b620f80c66a0e19886
shinjuku-2026-r1-gian-10,hard,summary,OA10-HS-01,要約: 平成7年新宿区条例第2号について、第15条第3項を「公示の方法」に改めて第4項を新設し、第16条・第22条・第29条の引用等を整理する改正。,https://www.city.shinjuku.lg.jp/content/000448426.pdf,52d6787e3d2e916924b78ddaba30ad14fb7e149cdb2102946034b6b91744295b,第15条第4項（新設）,前項の公示の方法による通知は、不利益処分の名宛人となるべき者の氏名、第1項第3号及び第4号に掲げる事項並びに当該行政庁が同項各号に掲げる事項を記載した書面をいつでもその者に交付する旨（以下「公示事項」という。）を規則で定める方法により不特定多数の者が閲覧することができる状態に置くとともに…公示事項が記載された書面を新宿区公告式条例（昭和22年新宿区条例第3号）第2条第2項の門前掲示場に掲示し、又は公示事項を区の事務所に設置した電子計算機の映像面に表示したものの閲覧をすることができる状態に置く措置をとることによって行うものとする,supported,630013f5c6b8628d31f591b48e612253720c1b8e415a97b620f80c66a0e19886
shinjuku-2026-r1-gian-10,hard,summary,OA10-HS-02,要約: 施行日は令和8年5月21日。,https://www.city.shinjuku.lg.jp/content/000448426.pdf,52d6787e3d2e916924b78ddaba30ad14fb7e149cdb2102946034b6b91744295b,附則（施行期日）,この条例は、令和8年5月21日から施行する,supported,630013f5c6b8628d31f591b48e612253720c1b8e415a97b620f80c66a0e19886
shinjuku-2026-r1-gian-10,hard,content,OA10-H-01,提出日: 令和8年2月17日,https://www.city.shinjuku.lg.jp/content/000448426.pdf,52d6787e3d2e916924b78ddaba30ad14fb7e149cdb2102946034b6b91744295b,提出日・提出者,令和８年２月１７日…新宿区長…吉住…健一,supported,630013f5c6b8628d31f591b48e612253720c1b8e415a97b620f80c66a0e19886
shinjuku-2026-r1-gian-10,hard,content,OA10-H-02,提出者: 新宿区長 吉住健一,https://www.city.shinjuku.lg.jp/content/000448426.pdf,52d6787e3d2e916924b78ddaba30ad14fb7e149cdb2102946034b6b91744295b,提出日・提出者,令和８年２月１７日…新宿区長…吉住…健一,supported,630013f5c6b8628d31f591b48e612253720c1b8e415a97b620f80c66a0e19886
shinjuku-2026-r1-gian-10,hard,content,OA10-H-03,対象条例: 新宿区行政手続条例（平成7年新宿区条例第2号）,https://www.city.shinjuku.lg.jp/content/000448426.pdf,52d6787e3d2e916924b78ddaba30ad14fb7e149cdb2102946034b6b91744295b,改め文,新宿区行政手続条例（平成7年新宿区条例第2号）の一部を次のように改正する,supported,630013f5c6b8628d31f591b48e612253720c1b8e415a97b620f80c66a0e19886
shinjuku-2026-r1-gian-10,hard,content,OA10-H-04,議決: 原案可決（議決結果ページの記載）,https://www.city.shinjuku.lg.jp/kusei/soumu01_002090_00015.html,7c2b6f68db1b433b860b35d176b4dd9211e78582ec9de718fcfefe68b22d896a,審議状況（議決結果ページ）,第10号議案新宿区行政手続条例の一部を改正する条例原案可決,supported,630013f5c6b8628d31f591b48e612253720c1b8e415a97b620f80c66a0e19886
shinjuku-2026-r1-gian-10,hard,content,OA10-H-05,本会議: 令和8年3月24日（火曜日）、会議録 第4日第4号,https://ssp.kaigiroku.net/tenant/shinjuku/MinuteView.html?council_id=3163&schedule_id=5&minute_id=1,bd058d36962b45d8d965e4625bb95ecd661a102a026175213f37ba9eb575424a,審議状況（本会議 3月24日 議長）,令和８年第１回定例会会議録（第４日）第４号…令和８年３月２４日（火曜日）,supported,630013f5c6b8628d31f591b48e612253720c1b8e415a97b620f80c66a0e19886
shinjuku-2026-r1-gian-10,hard,content,OA10-H-06,議題: 日程第3から日程第10までを一括して議題とした,https://ssp.kaigiroku.net/tenant/shinjuku/MinuteView.html?council_id=3163&schedule_id=5&minute_id=19,8a31f81d234a3fc5b7611fdb2c52bf9ed24b1c6d4debb8d75e66e76874004ad4,審議状況（本会議 3月24日 議長）,日程第３から日程第１０までを一括議題とします,supported,630013f5c6b8628d31f591b48e612253720c1b8e415a97b620f80c66a0e19886
shinjuku-2026-r1-gian-10,hard,content,OA10-H-07,会議録: 第10号議案の議題朗読が記載されている,https://ssp.kaigiroku.net/tenant/shinjuku/MinuteView.html?council_id=3163&schedule_id=5&minute_id=20,a600238ef8a3f3a7a012b0a98f0400d118251fc0dee1a0d8bf32e3641b7cf335,審議状況（本会議 3月24日 議長）,第１０号議案新宿区行政手続条例の一部を改正する条例,supported,630013f5c6b8628d31f591b48e612253720c1b8e415a97b620f80c66a0e19886
shinjuku-2026-r1-gian-10,hard,content,OA10-H-08,委員会審査報告: 総務区民委員会の審査報告書は可決,https://ssp.kaigiroku.net/tenant/shinjuku/MinuteView.html?council_id=3163&schedule_id=5&minute_id=28,fc1da089857f696094cec7d628ff438dd74002a8df2fa07026c0a0506f81e6d2,審議状況（本会議 3月24日 議長）,総務区民委員会審査報告書は、可決です…御異議ありませんか,supported,630013f5c6b8628d31f591b48e612253720c1b8e415a97b620f80c66a0e19886
shinjuku-2026-r1-gian-10,hard,content,OA10-H-09,採決方法: 異議なし,https://ssp.kaigiroku.net/tenant/shinjuku/MinuteView.html?council_id=3163&schedule_id=5&minute_id=29,970914f9ce4a28e423e8480a3d4ce175afafafeebd92448698df42d97cb2ec1d,審議状況（本会議 3月24日 議長）,異議なしと認めます…本案は、いずれも委員会審査報告のとおり可決されました,supported,630013f5c6b8628d31f591b48e612253720c1b8e415a97b620f80c66a0e19886
shinjuku-2026-r1-gian-10,hard,content,OA10-H-10,会派別の賛否: 全8会派が賛成（採決結果行は ○○○○○○○○）,https://www.city.shinjuku.lg.jp/content/000452334.pdf,22ba4f49b18c96bd1fa26241606257c05477f38e25ac46d6f8e4f416a2cedbf2,審議状況（議案の概要と審議結果の採決結果行）,電磁的記録による公示の方法を定める。○○○○○○○○可決,supported,630013f5c6b8628d31f591b48e612253720c1b8e415a97b620f80c66a0e19886
shinjuku-2026-r1-gian-10,hard,content,OA10-H-11,会派: 自民・参政クラブ、新宿区議会公明党、日本共産党新宿区議会議員団、新宿未来の会、立憲民主党・無所属クラブ、日本維新の会・新宿区議団、現役世代に優しい新宿・減税の会、れいわ新選組 新宿,https://www.city.shinjuku.lg.jp/content/000452334.pdf,22ba4f49b18c96bd1fa26241606257c05477f38e25ac46d6f8e4f416a2cedbf2,会派略称・列の並び,共産＝日本共産党新宿区議会議員団…れいわ＝れいわ新選組 新宿…自参ク＝自民・参政クラブ…公明＝新宿区議会公明党…新宿会＝新宿未来の会…民無ク＝立憲民主党・無所属クラブ…維新＝日本維新の会・新宿区議団…現役＝現役世代に優しい新宿・減税の会,supported,630013f5c6b8628d31f591b48e612253720c1b8e415a97b620f80c66a0e19886
shinjuku-2026-r1-gian-10,hard,content,OA10-H-12,デジタル社会の形成を図るための規制改革を推進するためのデジタル社会形成基本法等の一部を改正する法律（令和5年法律第63号）の一部の施行による行政手続法（平成5年法律第88号）の改正に合わせ、聴聞及び弁明の機会の付与の通知について、電磁的記録による公示の方法を新たに定める必要があるため,https://www.city.shinjuku.lg.jp/content/000448426.pdf,52d6787e3d2e916924b78ddaba30ad14fb7e149cdb2102946034b6b91744295b,（提案理由）,デジタル社会の形成を図るための規制改革を推進するためのデジタル社会形成基本法等の一部を改正する法律（令和5年法律第63号）の一部の施行による行政手続法（平成5年法律第88号）の改正に合わせ…聴聞及び弁明の機会の付与の通知について、電磁的記録による公示の方法を新たに定める必要があるため,supported,630013f5c6b8628d31f591b48e612253720c1b8e415a97b620f80c66a0e19886
shinjuku-2026-r1-gian-10,hard,content,OA10-H-13,第15条第1項 / 「名あて人」を「名宛人」に改める,https://www.city.shinjuku.lg.jp/content/000448426.pdf,52d6787e3d2e916924b78ddaba30ad14fb7e149cdb2102946034b6b91744295b,第15条第1項・第3項,第15条第1項中「名あて人」を「名宛人」に改め、同条第3項中「名あて人」を「名宛人」に,supported,630013f5c6b8628d31f591b48e612253720c1b8e415a97b620f80c66a0e19886
shinjuku-2026-r1-gian-10,hard,content,OA10-H-14,第15条第3項 / 「名あて人」を「名宛人」に改め、通知の方法を「公示の方法」に改め、同項後段を削る,https://www.city.shinjuku.lg.jp/content/000448426.pdf,52d6787e3d2e916924b78ddaba30ad14fb7e149cdb2102946034b6b91744295b,第15条第3項,「公示の方法」に改め、同項後段を削り、同条に次の1項を加える,supported,630013f5c6b8628d31f591b48e612253720c1b8e415a97b620f80c66a0e19886
shinjuku-2026-r1-gian-10,hard,content,OA10-H-15,第15条第4項（新設） / 公示の方法による通知の方式を定める,https://www.city.shinjuku.lg.jp/content/000448426.pdf,52d6787e3d2e916924b78ddaba30ad14fb7e149cdb2102946034b6b91744295b,第15条第4項（新設）,前項の公示の方法による通知は、不利益処分の名宛人となるべき者の氏名、第1項第3号及び第4号に掲げる事項並びに当該行政庁が同項各号に掲げる事項を記載した書面をいつでもその者に交付する旨（以下「公示事項」という。）を規則で定める方法により不特定多数の者が閲覧することができる状態に置くとともに…公示事項が記載された書面を新宿区公告式条例（昭和22年新宿区条例第3号）第2条第2項の門前掲示場に掲示し、又は公示事項を区の事務所に設置した電子計算機の映像面に表示したものの閲覧をすることができる状態に置く措置をとることによって行うものとする,supported,630013f5c6b8628d31f591b48e612253720c1b8e415a97b620f80c66a0e19886
shinjuku-2026-r1-gian-10,hard,content,OA10-H-16,第16条第1項 / 「同条第3項後段」を「同条第4項後段」に改める,https://www.city.shinjuku.lg.jp/content/000448426.pdf,52d6787e3d2e916924b78ddaba30ad14fb7e149cdb2102946034b6b91744295b,第16条第1項,第16条第1項中「同条第3項後段」を「同条第4項後段」に改める,supported,630013f5c6b8628d31f591b48e612253720c1b8e415a97b620f80c66a0e19886
shinjuku-2026-r1-gian-10,hard,content,OA10-H-17,第22条第3項 / 「及び第4項」を加え、「名あて人」を「名宛人」に改め、「掲示を始めた日から2週間を経過した」を削り、「、掲示を始めた」を「、当該措置を開始した」に改めるなど,https://www.city.shinjuku.lg.jp/content/000448426.pdf,52d6787e3d2e916924b78ddaba30ad14fb7e149cdb2102946034b6b91744295b,第22条第3項,第22条第3項中「第15条第3項」及び「同条第3項」の次に「及び第4項」を加え、「名あて人」を「名宛人」に改め…「掲示を始めた日から2週間を経過した」を削り、「、掲示を始めた」を「、当該措置を開始した」に改める,supported,630013f5c6b8628d31f591b48e612253720c1b8e415a97b620f80c66a0e19886
shinjuku-2026-r1-gian-10,hard,content,OA10-H-18,第29条 / 「第15条第3項及び」の次に「第4項並びに」を加えるなど,https://www.city.shinjuku.lg.jp/content/000448426.pdf,52d6787e3d2e916924b78ddaba30ad14fb7e149cdb2102946034b6b91744295b,第29条,第29条中「第15条第3項及び」の次に「第4項並びに」を加え,supported,630013f5c6b8628d31f591b48e612253720c1b8e415a97b620f80c66a0e19886
shinjuku-2026-r1-gian-10,hard,content,OA10-H-19,前項の公示の方法による通知は、不利益処分の名宛人となるべき者の氏名、第1項第3号及び第4号に掲げる事項並びに当該行政庁が同項各号に掲げる事項を記載した書面をいつでもその者に交付する旨（以下「公示事項」という。）を規則で定める方法により不特定多数の者が閲覧することができる状態に置くとともに、公示事項が記載された書面を新宿区公告式条例（昭和22年新宿区条例第3号）第2条第2項の門前掲示場に掲示し、又は公示事項を区の事務所に設置した電子計算機の映像面に表示したものの閲覧をすることができる状態に置く措置をとることによって行うものとする。,https://www.city.shinjuku.lg.jp/content/000448426.pdf,52d6787e3d2e916924b78ddaba30ad14fb7e149cdb2102946034b6b91744295b,第15条第4項（新設）,前項の公示の方法による通知は、不利益処分の名宛人となるべき者の氏名、第1項第3号及び第4号に掲げる事項並びに当該行政庁が同項各号に掲げる事項を記載した書面をいつでもその者に交付する旨（以下「公示事項」という。）を規則で定める方法により不特定多数の者が閲覧することができる状態に置くとともに…公示事項が記載された書面を新宿区公告式条例（昭和22年新宿区条例第3号）第2条第2項の門前掲示場に掲示し、又は公示事項を区の事務所に設置した電子計算機の映像面に表示したものの閲覧をすることができる状態に置く措置をとることによって行うものとする,supported,630013f5c6b8628d31f591b48e612253720c1b8e415a97b620f80c66a0e19886
shinjuku-2026-r1-gian-10,hard,content,OA10-H-20,この場合においては、当該措置を開始した日から2週間を経過したときに、当該通知がその者に到達したものとみなす。,https://www.city.shinjuku.lg.jp/content/000448426.pdf,52d6787e3d2e916924b78ddaba30ad14fb7e149cdb2102946034b6b91744295b,第15条第4項（新設）,この場合においては、当該措置を開始した日から2週間を経過したときに、当該通知がその者に到達したものとみなす,supported,630013f5c6b8628d31f591b48e612253720c1b8e415a97b620f80c66a0e19886
shinjuku-2026-r1-gian-10,hard,content,OA10-H-21,行政手続法の改正に合わせ、聴聞や弁明の機会の付与に係る通知について、現行の門前掲示場への掲示による公示の方法に加え、電磁的記録による公示の方法を定める。,https://www.city.shinjuku.lg.jp/content/000447774.pdf,1dc3eaffcafb1b1c9e139e823182dc80dc0755624813ca87d8b274d15f5b6624,第10号議案,行政手続法の改正に合わせ、聴聞や弁明の機会の付与に係る…通知について、現行の門前掲示場への掲示による公示の方法に…加え、電磁的記録による公示の方法を定める,supported,630013f5c6b8628d31f591b48e612253720c1b8e415a97b620f80c66a0e19886
shinjuku-2026-r1-gian-10,hard,content,OA10-H-22,施行日は令和8年5月21日と記載されている。,https://www.city.shinjuku.lg.jp/content/000447774.pdf,1dc3eaffcafb1b1c9e139e823182dc80dc0755624813ca87d8b274d15f5b6624,第10号議案［施行日］,令和8年5月21日,supported,630013f5c6b8628d31f591b48e612253720c1b8e415a97b620f80c66a0e19886
shinjuku-2026-r1-gian-10,hard,content,OA10-H-23,「議案の概要と審議結果」も同旨の概要を記載している。,https://www.city.shinjuku.lg.jp/content/000452334.pdf,22ba4f49b18c96bd1fa26241606257c05477f38e25ac46d6f8e4f416a2cedbf2,第10号議案（議案の概要）,『行政手続法』の改正に合わせ、聴聞や弁明の機会の付与に係る通知について、現行の門前掲示場への掲示による公示の方法に加…え、電磁的記録による公示の方法を定める,supported,630013f5c6b8628d31f591b48e612253720c1b8e415a97b620f80c66a0e19886
shinjuku-2026-r1-gian-10,hard,content,OA10-H-24,この条例は、令和8年5月21日から施行する。,https://www.city.shinjuku.lg.jp/content/000448426.pdf,52d6787e3d2e916924b78ddaba30ad14fb7e149cdb2102946034b6b91744295b,附則（施行期日）,この条例は、令和8年5月21日から施行する,supported,630013f5c6b8628d31f591b48e612253720c1b8e415a97b620f80c66a0e19886
shinjuku-2026-r1-gian-10,hard,content,OA10-H-25,附則第2項（経過措置）は、改正後の第15条第3項及び第4項の適用を、この条例の施行の日以後にする通知について適用し、同日前にした通知については、なお従前の例によると定める。,https://www.city.shinjuku.lg.jp/content/000448426.pdf,52d6787e3d2e916924b78ddaba30ad14fb7e149cdb2102946034b6b91744295b,附則（経過措置）,この条例の施行の日以後にする通知について適用し、同日前にした通知については、なお従前の例による,supported,630013f5c6b8628d31f591b48e612253720c1b8e415a97b620f80c66a0e19886
shinjuku-2026-r1-gian-10,hard,content,OA10-H-26,上記の規定には、第22条第3項及び第29条において読み替えて準用する場合並びに新宿区職員の退職手当に関する条例（昭和33年新宿区条例第11号）第18条第4項、第19条第5項、第20条第3項及び第21条第8項において準用する場合を含む。,https://www.city.shinjuku.lg.jp/content/000448426.pdf,52d6787e3d2e916924b78ddaba30ad14fb7e149cdb2102946034b6b91744295b,附則（経過措置）,新宿区職員の退職手当に関する条例（昭和33年新宿区条例第11号）第18条第4項、第19条第5項、第20条第3項及び第21条第8項において準用する場合を含む,supported,630013f5c6b8628d31f591b48e612253720c1b8e415a97b620f80c66a0e19886
shinjuku-2026-r1-gian-10,hard,content,OA10-H-27,第10号議案 全文 / https://www.city.shinjuku.lg.jp/content/000448426.pdf / 52d6787e3d2e916924b78ddaba30ad14fb7e149cdb2102946034b6b91744295b,https://www.city.shinjuku.lg.jp/content/000448426.pdf,52d6787e3d2e916924b78ddaba30ad14fb7e149cdb2102946034b6b91744295b,件名,新宿区行政手続条例の一部を改正する条例,supported,630013f5c6b8628d31f591b48e612253720c1b8e415a97b620f80c66a0e19886
shinjuku-2026-r1-gian-10,hard,content,OA10-H-28,提出案件概要（条例関係） / https://www.city.shinjuku.lg.jp/content/000447774.pdf / 1dc3eaffcafb1b1c9e139e823182dc80dc0755624813ca87d8b274d15f5b6624,https://www.city.shinjuku.lg.jp/content/000447774.pdf,1dc3eaffcafb1b1c9e139e823182dc80dc0755624813ca87d8b274d15f5b6624,提出案件概要（条例関係）,第1回区議会定例会提出案件概要…（条例関係）,supported,630013f5c6b8628d31f591b48e612253720c1b8e415a97b620f80c66a0e19886
shinjuku-2026-r1-gian-10,hard,content,OA10-H-29,議案の概要と審議結果 / https://www.city.shinjuku.lg.jp/content/000452334.pdf / 22ba4f49b18c96bd1fa26241606257c05477f38e25ac46d6f8e4f416a2cedbf2,https://www.city.shinjuku.lg.jp/content/000452334.pdf,22ba4f49b18c96bd1fa26241606257c05477f38e25ac46d6f8e4f416a2cedbf2,議案の概要と審議結果,議案の概要と審議結果,supported,630013f5c6b8628d31f591b48e612253720c1b8e415a97b620f80c66a0e19886
shinjuku-2026-r1-gian-10,hard,content,OA10-H-30,議決結果ページ（2026-10-04 取得） / https://www.city.shinjuku.lg.jp/kusei/soumu01_002090_00015.html / 7c2b6f68db1b433b860b35d176b4dd9211e78582ec9de718fcfefe68b22d896a,https://www.city.shinjuku.lg.jp/kusei/soumu01_002090_00015.html,7c2b6f68db1b433b860b35d176b4dd9211e78582ec9de718fcfefe68b22d896a,審議状況（議決結果ページ）,第10号議案新宿区行政手続条例の一部を改正する条例原案可決,supported,630013f5c6b8628d31f591b48e612253720c1b8e415a97b620f80c66a0e19886
shinjuku-2026-r1-gian-10,hard,content,OA10-H-31,会議録 3月24日 議長（委員会審査報告） / https://ssp.kaigiroku.net/tenant/shinjuku/MinuteView.html?council_id=3163&schedule_id=5&minute_id=28 / fc1da089857f696094cec7d628ff438dd74002a8df2fa07026c0a0506f81e6d2,https://ssp.kaigiroku.net/tenant/shinjuku/MinuteView.html?council_id=3163&schedule_id=5&minute_id=28,fc1da089857f696094cec7d628ff438dd74002a8df2fa07026c0a0506f81e6d2,審議状況（本会議 3月24日 議長）,総務区民委員会審査報告書は、可決です…御異議ありませんか,supported,630013f5c6b8628d31f591b48e612253720c1b8e415a97b620f80c66a0e19886
shinjuku-2026-r1-gian-10,hard,content,OA10-H-32,会議録 3月24日 議長（採決） / https://ssp.kaigiroku.net/tenant/shinjuku/MinuteView.html?council_id=3163&schedule_id=5&minute_id=29 / 970914f9ce4a28e423e8480a3d4ce175afafafeebd92448698df42d97cb2ec1d,https://ssp.kaigiroku.net/tenant/shinjuku/MinuteView.html?council_id=3163&schedule_id=5&minute_id=29,970914f9ce4a28e423e8480a3d4ce175afafafeebd92448698df42d97cb2ec1d,審議状況（本会議 3月24日 議長）,異議なしと認めます…本案は、いずれも委員会審査報告のとおり可決されました,supported,630013f5c6b8628d31f591b48e612253720c1b8e415a97b620f80c66a0e19886
shinjuku-2026-r1-gian-11,easy,title,OA11-ET-01,見出し: 区の 職員の 定数を 変えます,https://www.city.shinjuku.lg.jp/content/000448427.pdf,d60b06e949dad89dde7369f28775966b1f3118fa96fcde89e63173d05e0a1229,第2条第1項,"第2条第1項の表中「2,538人」を「2,549人」に、「141人」を「142人」に、「93人」を「89人」に、「2,806人」を「2,814人」に改める",supported,43198c626d38220b324ebec5b59a05828add7deb2f851c1e02651f25f64608eb
shinjuku-2026-r1-gian-11,easy,summary,OA11-ES-01,"要約: 区の 職員の 定数の 合計を 2,806人から 2,814人に します。",https://www.city.shinjuku.lg.jp/content/000447774.pdf,1dc3eaffcafb1b1c9e139e823182dc80dc0755624813ca87d8b274d15f5b6624,第11号議案 ⑷,"⑷合計2,806人⇒2,814人",supported,43198c626d38220b324ebec5b59a05828add7deb2f851c1e02651f25f64608eb
shinjuku-2026-r1-gian-11,easy,summary,OA11-ES-02,要約: 2026年（令和8年）4月1日（水）から 始まります。,https://www.city.shinjuku.lg.jp/content/000448427.pdf,d60b06e949dad89dde7369f28775966b1f3118fa96fcde89e63173d05e0a1229,附則（施行期日）,この条例は、令和8年4月1日から施行する,supported,43198c626d38220b324ebec5b59a05828add7deb2f851c1e02651f25f64608eb
shinjuku-2026-r1-gian-11,easy,content,OA11-E-01,【新宿区職員定数条例】［しんじゅくくしょくいんていすうじょうれい］（＝区の 職員の 数を 決めた 条例）を 変えます。,https://www.city.shinjuku.lg.jp/content/000448427.pdf,d60b06e949dad89dde7369f28775966b1f3118fa96fcde89e63173d05e0a1229,改め文,新宿区職員定数条例（昭和50年新宿区条例第31号）の一部を次のように改正する,supported,43198c626d38220b324ebec5b59a05828add7deb2f851c1e02651f25f64608eb
shinjuku-2026-r1-gian-11,easy,content,OA11-E-02,対象は 昭和50年 新宿区条例 第31号です。,https://www.city.shinjuku.lg.jp/content/000448427.pdf,d60b06e949dad89dde7369f28775966b1f3118fa96fcde89e63173d05e0a1229,改め文,新宿区職員定数条例（昭和50年新宿区条例第31号）の一部を次のように改正する,supported,43198c626d38220b324ebec5b59a05828add7deb2f851c1e02651f25f64608eb
shinjuku-2026-r1-gian-11,easy,content,OA11-E-03,職員の【定数】［ていすう］（＝決められた 職員の 数）を 変えます。,https://www.city.shinjuku.lg.jp/content/000448427.pdf,d60b06e949dad89dde7369f28775966b1f3118fa96fcde89e63173d05e0a1229,（提案理由）,職員の定数を改める必要があるため,supported,43198c626d38220b324ebec5b59a05828add7deb2f851c1e02651f25f64608eb
shinjuku-2026-r1-gian-11,easy,content,OA11-E-04,条例の 表に ある 4つの 数を 変えます。,https://www.city.shinjuku.lg.jp/content/000448427.pdf,d60b06e949dad89dde7369f28775966b1f3118fa96fcde89e63173d05e0a1229,第2条第1項,"第2条第1項の表中「2,538人」を「2,549人」に、「141人」を「142人」に、「93人」を「89人」に、「2,806人」を「2,814人」に改める",supported,43198c626d38220b324ebec5b59a05828add7deb2f851c1e02651f25f64608eb
shinjuku-2026-r1-gian-11,easy,content,OA11-E-05,"区長の 事務部局の 職員: 2,538人から 2,549人へ",https://www.city.shinjuku.lg.jp/content/000447774.pdf,1dc3eaffcafb1b1c9e139e823182dc80dc0755624813ca87d8b274d15f5b6624,第11号議案 ⑴,"⑴区長の事務部局の職員2,538人⇒2,549人",supported,43198c626d38220b324ebec5b59a05828add7deb2f851c1e02651f25f64608eb
shinjuku-2026-r1-gian-11,easy,content,OA11-E-06,教育委員会の 事務部局の 職員: 141人から 142人へ,https://www.city.shinjuku.lg.jp/content/000447774.pdf,1dc3eaffcafb1b1c9e139e823182dc80dc0755624813ca87d8b274d15f5b6624,第11号議案 ⑵,⑵教育委員会の事務部局の職員141人⇒142人,supported,43198c626d38220b324ebec5b59a05828add7deb2f851c1e02651f25f64608eb
shinjuku-2026-r1-gian-11,easy,content,OA11-E-07,教育委員会の 学校の 職員: 93人から 89人へ,https://www.city.shinjuku.lg.jp/content/000447774.pdf,1dc3eaffcafb1b1c9e139e823182dc80dc0755624813ca87d8b274d15f5b6624,第11号議案 ⑶,⑶教育委員会の所管に属する学校の職員93人⇒89人,supported,43198c626d38220b324ebec5b59a05828add7deb2f851c1e02651f25f64608eb
shinjuku-2026-r1-gian-11,easy,content,OA11-E-08,"合計: 2,806人から 2,814人へ",https://www.city.shinjuku.lg.jp/content/000447774.pdf,1dc3eaffcafb1b1c9e139e823182dc80dc0755624813ca87d8b274d15f5b6624,第11号議案 ⑷,"⑷合計2,806人⇒2,814人",supported,43198c626d38220b324ebec5b59a05828add7deb2f851c1e02651f25f64608eb
shinjuku-2026-r1-gian-11,easy,content,OA11-E-09,2026年（令和8年）4月1日（水）から 始まります。,https://www.city.shinjuku.lg.jp/content/000448427.pdf,d60b06e949dad89dde7369f28775966b1f3118fa96fcde89e63173d05e0a1229,附則（施行期日）,この条例は、令和8年4月1日から施行する,supported,43198c626d38220b324ebec5b59a05828add7deb2f851c1e02651f25f64608eb
shinjuku-2026-r1-gian-11,easy,content,OA11-E-10,【原案可決】［げんあんかけつ］（＝出した 通りの 内容で 決まること）です。,https://www.city.shinjuku.lg.jp/kusei/soumu01_002090_00015.html,7c2b6f68db1b433b860b35d176b4dd9211e78582ec9de718fcfefe68b22d896a,審議状況（議決結果ページ）,第11号議案新宿区職員定数条例の一部を改正する条例原案可決,supported,43198c626d38220b324ebec5b59a05828add7deb2f851c1e02651f25f64608eb
shinjuku-2026-r1-gian-11,easy,content,OA11-E-11,2026年（令和8年）の 第1回定例会で 決まりました。,https://www.city.shinjuku.lg.jp/content/000452334.pdf,22ba4f49b18c96bd1fa26241606257c05477f38e25ac46d6f8e4f416a2cedbf2,審議状況（会期）,令和８年第１回定例会…２月１７日～３月２４日,supported,43198c626d38220b324ebec5b59a05828add7deb2f851c1e02651f25f64608eb
shinjuku-2026-r1-gian-11,easy,content,OA11-E-12,会期は 2026年2月17日（火）から 3月24日（火）まででした。,https://www.city.shinjuku.lg.jp/content/000452334.pdf,22ba4f49b18c96bd1fa26241606257c05477f38e25ac46d6f8e4f416a2cedbf2,審議状況（会期）,令和８年第１回定例会…２月１７日～３月２４日,supported,43198c626d38220b324ebec5b59a05828add7deb2f851c1e02651f25f64608eb
shinjuku-2026-r1-gian-11,easy,content,OA11-E-13,本会議で 決まった 日は 3月24日（火）です。,https://ssp.kaigiroku.net/tenant/shinjuku/MinuteView.html?council_id=3163&schedule_id=5&minute_id=1,bd058d36962b45d8d965e4625bb95ecd661a102a026175213f37ba9eb575424a,審議状況（本会議 3月24日 議長）,令和８年第１回定例会会議録（第４日）第４号…令和８年３月２４日（火曜日）,supported,43198c626d38220b324ebec5b59a05828add7deb2f851c1e02651f25f64608eb
shinjuku-2026-r1-gian-11,easy,content,OA11-E-14,ほかの 議案と まとめて 議題に なりました。,https://ssp.kaigiroku.net/tenant/shinjuku/MinuteView.html?council_id=3163&schedule_id=5&minute_id=19,8a31f81d234a3fc5b7611fdb2c52bf9ed24b1c6d4debb8d75e66e76874004ad4,審議状況（本会議 3月24日 議長）,日程第３から日程第１０までを一括議題とします,supported,43198c626d38220b324ebec5b59a05828add7deb2f851c1e02651f25f64608eb
shinjuku-2026-r1-gian-11,easy,content,OA11-E-15,総務区民委員会の 審査報告書は 可決でした。,https://ssp.kaigiroku.net/tenant/shinjuku/MinuteView.html?council_id=3163&schedule_id=5&minute_id=28,fc1da089857f696094cec7d628ff438dd74002a8df2fa07026c0a0506f81e6d2,審議状況（本会議 3月24日 議長）,総務区民委員会審査報告書は、可決です…御異議ありませんか,supported,43198c626d38220b324ebec5b59a05828add7deb2f851c1e02651f25f64608eb
shinjuku-2026-r1-gian-11,easy,content,OA11-E-16,議長が 異議が ないか たずねました。,https://ssp.kaigiroku.net/tenant/shinjuku/MinuteView.html?council_id=3163&schedule_id=5&minute_id=28,fc1da089857f696094cec7d628ff438dd74002a8df2fa07026c0a0506f81e6d2,審議状況（本会議 3月24日 議長）,総務区民委員会審査報告書は、可決です…御異議ありませんか,supported,43198c626d38220b324ebec5b59a05828add7deb2f851c1e02651f25f64608eb
shinjuku-2026-r1-gian-11,easy,content,OA11-E-17,異議なしと 認められて 可決しました。,https://ssp.kaigiroku.net/tenant/shinjuku/MinuteView.html?council_id=3163&schedule_id=5&minute_id=29,970914f9ce4a28e423e8480a3d4ce175afafafeebd92448698df42d97cb2ec1d,審議状況（本会議 3月24日 議長）,異議なしと認めます…本案は、いずれも委員会審査報告のとおり可決されました,supported,43198c626d38220b324ebec5b59a05828add7deb2f851c1e02651f25f64608eb
shinjuku-2026-r1-gian-11,easy,content,OA11-E-18,賛成したのは ８つの 会派 すべてです。,https://www.city.shinjuku.lg.jp/content/000452334.pdf,22ba4f49b18c96bd1fa26241606257c05477f38e25ac46d6f8e4f416a2cedbf2,審議状況（議案の概要と審議結果の採決結果行）,職員の定数を変更する。○○○○○○○○可決,supported,43198c626d38220b324ebec5b59a05828add7deb2f851c1e02651f25f64608eb
shinjuku-2026-r1-gian-11,normal,title,OA11-NT-01,"見出し: 職員定数を2,806人から2,814人へ改める",https://www.city.shinjuku.lg.jp/content/000447774.pdf,1dc3eaffcafb1b1c9e139e823182dc80dc0755624813ca87d8b274d15f5b6624,第11号議案 ⑷,"⑷合計2,806人⇒2,814人",supported,996682352e9cda18ddbaec3a6dbfcb0dc522bffe250cf4ebc04c57045b98aa9d
shinjuku-2026-r1-gian-11,normal,summary,OA11-NS-01,"要約: 区長の事務部局は2,538人から2,549人、教育委員会の事務部局は141人から142人に増え、教育委員会の所管に属する学校の職員は93人から89人に減って、合計は2,806人から2,814人になる条例改正です。",https://www.city.shinjuku.lg.jp/content/000447774.pdf,1dc3eaffcafb1b1c9e139e823182dc80dc0755624813ca87d8b274d15f5b6624,第11号議案,"職員の定数を次のとおり変更する…⑴区長の事務部局の職員2,538人⇒2,549人…⑵教育委員会の事務部局の職員141人⇒142人…⑶教育委員会の所管に属する学校の職員93人⇒89人…⑷合計2,806人⇒2,814人",supported,996682352e9cda18ddbaec3a6dbfcb0dc522bffe250cf4ebc04c57045b98aa9d
shinjuku-2026-r1-gian-11,normal,summary,OA11-NS-02,要約: 施行日は令和8年4月1日です。,https://www.city.shinjuku.lg.jp/content/000448427.pdf,d60b06e949dad89dde7369f28775966b1f3118fa96fcde89e63173d05e0a1229,附則（施行期日）,この条例は、令和8年4月1日から施行する,supported,996682352e9cda18ddbaec3a6dbfcb0dc522bffe250cf4ebc04c57045b98aa9d
shinjuku-2026-r1-gian-11,normal,content,OA11-N-01,新宿区職員定数条例（昭和50年新宿区条例第31号）の改正です。,https://www.city.shinjuku.lg.jp/content/000448427.pdf,d60b06e949dad89dde7369f28775966b1f3118fa96fcde89e63173d05e0a1229,改め文,新宿区職員定数条例（昭和50年新宿区条例第31号）の一部を次のように改正する,supported,996682352e9cda18ddbaec3a6dbfcb0dc522bffe250cf4ebc04c57045b98aa9d
shinjuku-2026-r1-gian-11,normal,content,OA11-N-02,同条例第2条第1項の表に定められた職員の定数の数字を改めます。,https://www.city.shinjuku.lg.jp/content/000448427.pdf,d60b06e949dad89dde7369f28775966b1f3118fa96fcde89e63173d05e0a1229,第2条第1項,"第2条第1項の表中「2,538人」を「2,549人」に、「141人」を「142人」に、「93人」を「89人」に、「2,806人」を「2,814人」に改める",supported,996682352e9cda18ddbaec3a6dbfcb0dc522bffe250cf4ebc04c57045b98aa9d
shinjuku-2026-r1-gian-11,normal,content,OA11-N-03,職員の定数を次のとおり変更する。,https://www.city.shinjuku.lg.jp/content/000447774.pdf,1dc3eaffcafb1b1c9e139e823182dc80dc0755624813ca87d8b274d15f5b6624,第11号議案,職員の定数を次のとおり変更する,supported,996682352e9cda18ddbaec3a6dbfcb0dc522bffe250cf4ebc04c57045b98aa9d
shinjuku-2026-r1-gian-11,normal,content,OA11-N-04,議案本文の提案理由は「職員の定数を改める必要があるため」の一文です。,https://www.city.shinjuku.lg.jp/content/000448427.pdf,d60b06e949dad89dde7369f28775966b1f3118fa96fcde89e63173d05e0a1229,（提案理由）,職員の定数を改める必要があるため,supported,996682352e9cda18ddbaec3a6dbfcb0dc522bffe250cf4ebc04c57045b98aa9d
shinjuku-2026-r1-gian-11,normal,content,OA11-N-05,第2条第1項の表の4つの数字が改められます。,https://www.city.shinjuku.lg.jp/content/000448427.pdf,d60b06e949dad89dde7369f28775966b1f3118fa96fcde89e63173d05e0a1229,第2条第1項,"第2条第1項の表中「2,538人」を「2,549人」に、「141人」を「142人」に、「93人」を「89人」に、「2,806人」を「2,814人」に改める",supported,996682352e9cda18ddbaec3a6dbfcb0dc522bffe250cf4ebc04c57045b98aa9d
shinjuku-2026-r1-gian-11,normal,content,OA11-N-06,"区長の事務部局の職員 / 2,538人 / 2,549人",https://www.city.shinjuku.lg.jp/content/000447774.pdf,1dc3eaffcafb1b1c9e139e823182dc80dc0755624813ca87d8b274d15f5b6624,第11号議案 ⑴,"⑴区長の事務部局の職員2,538人⇒2,549人",supported,996682352e9cda18ddbaec3a6dbfcb0dc522bffe250cf4ebc04c57045b98aa9d
shinjuku-2026-r1-gian-11,normal,content,OA11-N-07,教育委員会の事務部局の職員 / 141人 / 142人,https://www.city.shinjuku.lg.jp/content/000447774.pdf,1dc3eaffcafb1b1c9e139e823182dc80dc0755624813ca87d8b274d15f5b6624,第11号議案 ⑵,⑵教育委員会の事務部局の職員141人⇒142人,supported,996682352e9cda18ddbaec3a6dbfcb0dc522bffe250cf4ebc04c57045b98aa9d
shinjuku-2026-r1-gian-11,normal,content,OA11-N-08,教育委員会の所管に属する学校の職員 / 93人 / 89人,https://www.city.shinjuku.lg.jp/content/000447774.pdf,1dc3eaffcafb1b1c9e139e823182dc80dc0755624813ca87d8b274d15f5b6624,第11号議案 ⑶,⑶教育委員会の所管に属する学校の職員93人⇒89人,supported,996682352e9cda18ddbaec3a6dbfcb0dc522bffe250cf4ebc04c57045b98aa9d
shinjuku-2026-r1-gian-11,normal,content,OA11-N-09,"合計 / 2,806人 / 2,814人",https://www.city.shinjuku.lg.jp/content/000447774.pdf,1dc3eaffcafb1b1c9e139e823182dc80dc0755624813ca87d8b274d15f5b6624,第11号議案 ⑷,"⑷合計2,806人⇒2,814人",supported,996682352e9cda18ddbaec3a6dbfcb0dc522bffe250cf4ebc04c57045b98aa9d
shinjuku-2026-r1-gian-11,normal,content,OA11-N-10,令和8年4月1日（水曜日）から施行されます。,https://www.city.shinjuku.lg.jp/content/000448427.pdf,d60b06e949dad89dde7369f28775966b1f3118fa96fcde89e63173d05e0a1229,附則（施行期日）,この条例は、令和8年4月1日から施行する,supported,996682352e9cda18ddbaec3a6dbfcb0dc522bffe250cf4ebc04c57045b98aa9d
shinjuku-2026-r1-gian-11,normal,content,OA11-N-11,附則には施行期日だけが定められています。,https://www.city.shinjuku.lg.jp/content/000448427.pdf,d60b06e949dad89dde7369f28775966b1f3118fa96fcde89e63173d05e0a1229,附則（施行期日）,この条例は、令和8年4月1日から施行する,supported,996682352e9cda18ddbaec3a6dbfcb0dc522bffe250cf4ebc04c57045b98aa9d
shinjuku-2026-r1-gian-11,normal,content,OA11-N-12,令和8年第1回定例会（会期は2月17日から3月24日まで）で審議されました。,https://www.city.shinjuku.lg.jp/content/000452334.pdf,22ba4f49b18c96bd1fa26241606257c05477f38e25ac46d6f8e4f416a2cedbf2,審議状況（会期）,令和８年第１回定例会…２月１７日～３月２４日,supported,996682352e9cda18ddbaec3a6dbfcb0dc522bffe250cf4ebc04c57045b98aa9d
shinjuku-2026-r1-gian-11,normal,content,OA11-N-13,本会議は第4日にあたる3月24日（火曜日）でした。,https://ssp.kaigiroku.net/tenant/shinjuku/MinuteView.html?council_id=3163&schedule_id=5&minute_id=1,bd058d36962b45d8d965e4625bb95ecd661a102a026175213f37ba9eb575424a,審議状況（本会議 3月24日 議長）,令和８年第１回定例会会議録（第４日）第４号…令和８年３月２４日（火曜日）,supported,996682352e9cda18ddbaec3a6dbfcb0dc522bffe250cf4ebc04c57045b98aa9d
shinjuku-2026-r1-gian-11,normal,content,OA11-N-14,日程第3から日程第10までの議案とあわせて、一括して議題となりました。,https://ssp.kaigiroku.net/tenant/shinjuku/MinuteView.html?council_id=3163&schedule_id=5&minute_id=19,8a31f81d234a3fc5b7611fdb2c52bf9ed24b1c6d4debb8d75e66e76874004ad4,審議状況（本会議 3月24日 議長）,日程第３から日程第１０までを一括議題とします,supported,996682352e9cda18ddbaec3a6dbfcb0dc522bffe250cf4ebc04c57045b98aa9d
shinjuku-2026-r1-gian-11,normal,content,OA11-N-15,総務区民委員会の審査報告書は「可決」でした。,https://ssp.kaigiroku.net/tenant/shinjuku/MinuteView.html?council_id=3163&schedule_id=5&minute_id=28,fc1da089857f696094cec7d628ff438dd74002a8df2fa07026c0a0506f81e6d2,審議状況（本会議 3月24日 議長）,総務区民委員会審査報告書は、可決です…御異議ありませんか,supported,996682352e9cda18ddbaec3a6dbfcb0dc522bffe250cf4ebc04c57045b98aa9d
shinjuku-2026-r1-gian-11,normal,content,OA11-N-16,本会議は、異議なしと認めて、委員会審査報告のとおり可決しました。,https://ssp.kaigiroku.net/tenant/shinjuku/MinuteView.html?council_id=3163&schedule_id=5&minute_id=29,970914f9ce4a28e423e8480a3d4ce175afafafeebd92448698df42d97cb2ec1d,審議状況（本会議 3月24日 議長）,異議なしと認めます…本案は、いずれも委員会審査報告のとおり可決されました,supported,996682352e9cda18ddbaec3a6dbfcb0dc522bffe250cf4ebc04c57045b98aa9d
shinjuku-2026-r1-gian-11,normal,content,OA11-N-17,議決結果ページの記載は「原案可決」です。,https://www.city.shinjuku.lg.jp/kusei/soumu01_002090_00015.html,7c2b6f68db1b433b860b35d176b4dd9211e78582ec9de718fcfefe68b22d896a,審議状況（議決結果ページ）,第11号議案新宿区職員定数条例の一部を改正する条例原案可決,supported,996682352e9cda18ddbaec3a6dbfcb0dc522bffe250cf4ebc04c57045b98aa9d
shinjuku-2026-r1-gian-11,normal,content,OA11-N-18,「議案の概要と審議結果」の採決結果行では、8会派すべてが賛成（○）でした。,https://www.city.shinjuku.lg.jp/content/000452334.pdf,22ba4f49b18c96bd1fa26241606257c05477f38e25ac46d6f8e4f416a2cedbf2,審議状況（議案の概要と審議結果の採決結果行）,職員の定数を変更する。○○○○○○○○可決,supported,996682352e9cda18ddbaec3a6dbfcb0dc522bffe250cf4ebc04c57045b98aa9d
shinjuku-2026-r1-gian-11,hard,title,OA11-HT-01,見出し: 第11号議案 新宿区職員定数条例の一部を改正する条例,https://www.city.shinjuku.lg.jp/content/000448427.pdf,d60b06e949dad89dde7369f28775966b1f3118fa96fcde89e63173d05e0a1229,件名,新宿区職員定数条例の一部を改正する条例,supported,194c197652ec298d82206039823ba0839d7ca9fa7f5f4f150751bc86258678a5
shinjuku-2026-r1-gian-11,hard,summary,OA11-HS-01,"要約: 昭和50年新宿区条例第31号第2条第1項の表中、区長の事務部局の職員2,538人を2,549人、教育委員会の事務部局の職員141人を142人、教育委員会の所管に属する学校の職員93人を89人、合計2,806人を2,814人に改める。",https://www.city.shinjuku.lg.jp/content/000447774.pdf,1dc3eaffcafb1b1c9e139e823182dc80dc0755624813ca87d8b274d15f5b6624,第11号議案,"職員の定数を次のとおり変更する…⑴区長の事務部局の職員2,538人⇒2,549人…⑵教育委員会の事務部局の職員141人⇒142人…⑶教育委員会の所管に属する学校の職員93人⇒89人…⑷合計2,806人⇒2,814人",supported,194c197652ec298d82206039823ba0839d7ca9fa7f5f4f150751bc86258678a5
shinjuku-2026-r1-gian-11,hard,summary,OA11-HS-02,要約: 施行日は令和8年4月1日。,https://www.city.shinjuku.lg.jp/content/000448427.pdf,d60b06e949dad89dde7369f28775966b1f3118fa96fcde89e63173d05e0a1229,附則（施行期日）,この条例は、令和8年4月1日から施行する,supported,194c197652ec298d82206039823ba0839d7ca9fa7f5f4f150751bc86258678a5
shinjuku-2026-r1-gian-11,hard,content,OA11-H-01,提出日: 令和8年2月17日,https://www.city.shinjuku.lg.jp/content/000448427.pdf,d60b06e949dad89dde7369f28775966b1f3118fa96fcde89e63173d05e0a1229,提出日・提出者,令和８年２月１７日…新宿区長…吉住…健一,supported,194c197652ec298d82206039823ba0839d7ca9fa7f5f4f150751bc86258678a5
shinjuku-2026-r1-gian-11,hard,content,OA11-H-02,提出者: 新宿区長 吉住健一,https://www.city.shinjuku.lg.jp/content/000448427.pdf,d60b06e949dad89dde7369f28775966b1f3118fa96fcde89e63173d05e0a1229,提出日・提出者,令和８年２月１７日…新宿区長…吉住…健一,supported,194c197652ec298d82206039823ba0839d7ca9fa7f5f4f150751bc86258678a5
shinjuku-2026-r1-gian-11,hard,content,OA11-H-03,対象条例: 新宿区職員定数条例（昭和50年新宿区条例第31号）,https://www.city.shinjuku.lg.jp/content/000448427.pdf,d60b06e949dad89dde7369f28775966b1f3118fa96fcde89e63173d05e0a1229,改め文,新宿区職員定数条例（昭和50年新宿区条例第31号）の一部を次のように改正する,supported,194c197652ec298d82206039823ba0839d7ca9fa7f5f4f150751bc86258678a5
shinjuku-2026-r1-gian-11,hard,content,OA11-H-04,議決: 原案可決（議決結果ページの記載）,https://www.city.shinjuku.lg.jp/kusei/soumu01_002090_00015.html,7c2b6f68db1b433b860b35d176b4dd9211e78582ec9de718fcfefe68b22d896a,審議状況（議決結果ページ）,第11号議案新宿区職員定数条例の一部を改正する条例原案可決,supported,194c197652ec298d82206039823ba0839d7ca9fa7f5f4f150751bc86258678a5
shinjuku-2026-r1-gian-11,hard,content,OA11-H-05,本会議: 令和8年3月24日（火曜日）、会議録 第4日第4号,https://ssp.kaigiroku.net/tenant/shinjuku/MinuteView.html?council_id=3163&schedule_id=5&minute_id=1,bd058d36962b45d8d965e4625bb95ecd661a102a026175213f37ba9eb575424a,審議状況（本会議 3月24日 議長）,令和８年第１回定例会会議録（第４日）第４号…令和８年３月２４日（火曜日）,supported,194c197652ec298d82206039823ba0839d7ca9fa7f5f4f150751bc86258678a5
shinjuku-2026-r1-gian-11,hard,content,OA11-H-06,議題: 日程第3から日程第10までを一括して議題とした,https://ssp.kaigiroku.net/tenant/shinjuku/MinuteView.html?council_id=3163&schedule_id=5&minute_id=19,8a31f81d234a3fc5b7611fdb2c52bf9ed24b1c6d4debb8d75e66e76874004ad4,審議状況（本会議 3月24日 議長）,日程第３から日程第１０までを一括議題とします,supported,194c197652ec298d82206039823ba0839d7ca9fa7f5f4f150751bc86258678a5
shinjuku-2026-r1-gian-11,hard,content,OA11-H-07,会議録: 第11号議案の議題朗読が記載されている,https://ssp.kaigiroku.net/tenant/shinjuku/MinuteView.html?council_id=3163&schedule_id=5&minute_id=21,d82b5aaaf65ebc40cae7b36c413fb761e4ec27c1f077d8276b254c6e90fd06c2,審議状況（本会議 3月24日 議長）,第１１号議案新宿区職員定数条例の一部を改正する条例,supported,194c197652ec298d82206039823ba0839d7ca9fa7f5f4f150751bc86258678a5
shinjuku-2026-r1-gian-11,hard,content,OA11-H-08,委員会審査報告: 総務区民委員会の審査報告書は可決,https://ssp.kaigiroku.net/tenant/shinjuku/MinuteView.html?council_id=3163&schedule_id=5&minute_id=28,fc1da089857f696094cec7d628ff438dd74002a8df2fa07026c0a0506f81e6d2,審議状況（本会議 3月24日 議長）,総務区民委員会審査報告書は、可決です…御異議ありませんか,supported,194c197652ec298d82206039823ba0839d7ca9fa7f5f4f150751bc86258678a5
shinjuku-2026-r1-gian-11,hard,content,OA11-H-09,採決方法: 異議なし,https://ssp.kaigiroku.net/tenant/shinjuku/MinuteView.html?council_id=3163&schedule_id=5&minute_id=29,970914f9ce4a28e423e8480a3d4ce175afafafeebd92448698df42d97cb2ec1d,審議状況（本会議 3月24日 議長）,異議なしと認めます…本案は、いずれも委員会審査報告のとおり可決されました,supported,194c197652ec298d82206039823ba0839d7ca9fa7f5f4f150751bc86258678a5
shinjuku-2026-r1-gian-11,hard,content,OA11-H-10,会派別の賛否: 全8会派が賛成（採決結果行は ○○○○○○○○）,https://www.city.shinjuku.lg.jp/content/000452334.pdf,22ba4f49b18c96bd1fa26241606257c05477f38e25ac46d6f8e4f416a2cedbf2,審議状況（議案の概要と審議結果の採決結果行）,職員の定数を変更する。○○○○○○○○可決,supported,194c197652ec298d82206039823ba0839d7ca9fa7f5f4f150751bc86258678a5
shinjuku-2026-r1-gian-11,hard,content,OA11-H-11,会派: 自民・参政クラブ、新宿区議会公明党、日本共産党新宿区議会議員団、新宿未来の会、立憲民主党・無所属クラブ、日本維新の会・新宿区議団、現役世代に優しい新宿・減税の会、れいわ新選組 新宿,https://www.city.shinjuku.lg.jp/content/000452334.pdf,22ba4f49b18c96bd1fa26241606257c05477f38e25ac46d6f8e4f416a2cedbf2,会派略称・列の並び,共産＝日本共産党新宿区議会議員団…れいわ＝れいわ新選組 新宿…自参ク＝自民・参政クラブ…公明＝新宿区議会公明党…新宿会＝新宿未来の会…民無ク＝立憲民主党・無所属クラブ…維新＝日本維新の会・新宿区議団…現役＝現役世代に優しい新宿・減税の会,supported,194c197652ec298d82206039823ba0839d7ca9fa7f5f4f150751bc86258678a5
shinjuku-2026-r1-gian-11,hard,content,OA11-H-12,職員の定数を改める必要があるため,https://www.city.shinjuku.lg.jp/content/000448427.pdf,d60b06e949dad89dde7369f28775966b1f3118fa96fcde89e63173d05e0a1229,（提案理由）,職員の定数を改める必要があるため,supported,194c197652ec298d82206039823ba0839d7ca9fa7f5f4f150751bc86258678a5
shinjuku-2026-r1-gian-11,hard,content,OA11-H-13,"第2条第1項の表 / 「2,538人」を「2,549人」に、「141人」を「142人」に、「93人」を「89人」に、「2,806人」を「2,814人」に改める",https://www.city.shinjuku.lg.jp/content/000448427.pdf,d60b06e949dad89dde7369f28775966b1f3118fa96fcde89e63173d05e0a1229,第2条第1項,"第2条第1項の表中「2,538人」を「2,549人」に、「141人」を「142人」に、「93人」を「89人」に、「2,806人」を「2,814人」に改める",supported,194c197652ec298d82206039823ba0839d7ca9fa7f5f4f150751bc86258678a5
shinjuku-2026-r1-gian-11,hard,content,OA11-H-14,改め文は数字の置換のみであり、各数字が表のどの区分に当たるかは、提出案件概要の記載（次節）による。,https://www.city.shinjuku.lg.jp/content/000447774.pdf,1dc3eaffcafb1b1c9e139e823182dc80dc0755624813ca87d8b274d15f5b6624,第11号議案,"職員の定数を次のとおり変更する…⑴区長の事務部局の職員2,538人⇒2,549人…⑵教育委員会の事務部局の職員141人⇒142人…⑶教育委員会の所管に属する学校の職員93人⇒89人…⑷合計2,806人⇒2,814人",supported,194c197652ec298d82206039823ba0839d7ca9fa7f5f4f150751bc86258678a5
shinjuku-2026-r1-gian-11,hard,content,OA11-H-15,職員の定数を次のとおり変更する。,https://www.city.shinjuku.lg.jp/content/000447774.pdf,1dc3eaffcafb1b1c9e139e823182dc80dc0755624813ca87d8b274d15f5b6624,第11号議案,職員の定数を次のとおり変更する,supported,194c197652ec298d82206039823ba0839d7ca9fa7f5f4f150751bc86258678a5
shinjuku-2026-r1-gian-11,hard,content,OA11-H-16,"⑴ 区長の事務部局の職員 2,538人⇒2,549人",https://www.city.shinjuku.lg.jp/content/000447774.pdf,1dc3eaffcafb1b1c9e139e823182dc80dc0755624813ca87d8b274d15f5b6624,第11号議案 ⑴,"⑴区長の事務部局の職員2,538人⇒2,549人",supported,194c197652ec298d82206039823ba0839d7ca9fa7f5f4f150751bc86258678a5
shinjuku-2026-r1-gian-11,hard,content,OA11-H-17,⑵ 教育委員会の事務部局の職員 141人⇒142人,https://www.city.shinjuku.lg.jp/content/000447774.pdf,1dc3eaffcafb1b1c9e139e823182dc80dc0755624813ca87d8b274d15f5b6624,第11号議案 ⑵,⑵教育委員会の事務部局の職員141人⇒142人,supported,194c197652ec298d82206039823ba0839d7ca9fa7f5f4f150751bc86258678a5
shinjuku-2026-r1-gian-11,hard,content,OA11-H-18,⑶ 教育委員会の所管に属する学校の職員 93人⇒89人,https://www.city.shinjuku.lg.jp/content/000447774.pdf,1dc3eaffcafb1b1c9e139e823182dc80dc0755624813ca87d8b274d15f5b6624,第11号議案 ⑶,⑶教育委員会の所管に属する学校の職員93人⇒89人,supported,194c197652ec298d82206039823ba0839d7ca9fa7f5f4f150751bc86258678a5
shinjuku-2026-r1-gian-11,hard,content,OA11-H-19,"⑷ 合計 2,806人⇒2,814人",https://www.city.shinjuku.lg.jp/content/000447774.pdf,1dc3eaffcafb1b1c9e139e823182dc80dc0755624813ca87d8b274d15f5b6624,第11号議案 ⑷,"⑷合計2,806人⇒2,814人",supported,194c197652ec298d82206039823ba0839d7ca9fa7f5f4f150751bc86258678a5
shinjuku-2026-r1-gian-11,hard,content,OA11-H-20,「議案の概要と審議結果」は「職員の定数を変更する。」と記載している。,https://www.city.shinjuku.lg.jp/content/000452334.pdf,22ba4f49b18c96bd1fa26241606257c05477f38e25ac46d6f8e4f416a2cedbf2,第11号議案（議案の概要）,職員の定数を変更する。,supported,194c197652ec298d82206039823ba0839d7ca9fa7f5f4f150751bc86258678a5
shinjuku-2026-r1-gian-11,hard,content,OA11-H-21,この条例は、令和8年4月1日から施行する。,https://www.city.shinjuku.lg.jp/content/000448427.pdf,d60b06e949dad89dde7369f28775966b1f3118fa96fcde89e63173d05e0a1229,附則（施行期日）,この条例は、令和8年4月1日から施行する,supported,194c197652ec298d82206039823ba0839d7ca9fa7f5f4f150751bc86258678a5
shinjuku-2026-r1-gian-11,hard,content,OA11-H-22,第11号議案 全文 / https://www.city.shinjuku.lg.jp/content/000448427.pdf / d60b06e949dad89dde7369f28775966b1f3118fa96fcde89e63173d05e0a1229,https://www.city.shinjuku.lg.jp/content/000448427.pdf,d60b06e949dad89dde7369f28775966b1f3118fa96fcde89e63173d05e0a1229,件名,新宿区職員定数条例の一部を改正する条例,supported,194c197652ec298d82206039823ba0839d7ca9fa7f5f4f150751bc86258678a5
shinjuku-2026-r1-gian-11,hard,content,OA11-H-23,提出案件概要（条例関係） / https://www.city.shinjuku.lg.jp/content/000447774.pdf / 1dc3eaffcafb1b1c9e139e823182dc80dc0755624813ca87d8b274d15f5b6624,https://www.city.shinjuku.lg.jp/content/000447774.pdf,1dc3eaffcafb1b1c9e139e823182dc80dc0755624813ca87d8b274d15f5b6624,提出案件概要（条例関係）,第1回区議会定例会提出案件概要…（条例関係）,supported,194c197652ec298d82206039823ba0839d7ca9fa7f5f4f150751bc86258678a5
shinjuku-2026-r1-gian-11,hard,content,OA11-H-24,議案の概要と審議結果 / https://www.city.shinjuku.lg.jp/content/000452334.pdf / 22ba4f49b18c96bd1fa26241606257c05477f38e25ac46d6f8e4f416a2cedbf2,https://www.city.shinjuku.lg.jp/content/000452334.pdf,22ba4f49b18c96bd1fa26241606257c05477f38e25ac46d6f8e4f416a2cedbf2,議案の概要と審議結果,議案の概要と審議結果,supported,194c197652ec298d82206039823ba0839d7ca9fa7f5f4f150751bc86258678a5
shinjuku-2026-r1-gian-11,hard,content,OA11-H-25,議決結果ページ（2026-10-04 取得） / https://www.city.shinjuku.lg.jp/kusei/soumu01_002090_00015.html / 7c2b6f68db1b433b860b35d176b4dd9211e78582ec9de718fcfefe68b22d896a,https://www.city.shinjuku.lg.jp/kusei/soumu01_002090_00015.html,7c2b6f68db1b433b860b35d176b4dd9211e78582ec9de718fcfefe68b22d896a,審議状況（議決結果ページ）,第11号議案新宿区職員定数条例の一部を改正する条例原案可決,supported,194c197652ec298d82206039823ba0839d7ca9fa7f5f4f150751bc86258678a5
shinjuku-2026-r1-gian-11,hard,content,OA11-H-26,会議録 3月24日 議長（委員会審査報告） / https://ssp.kaigiroku.net/tenant/shinjuku/MinuteView.html?council_id=3163&schedule_id=5&minute_id=28 / fc1da089857f696094cec7d628ff438dd74002a8df2fa07026c0a0506f81e6d2,https://ssp.kaigiroku.net/tenant/shinjuku/MinuteView.html?council_id=3163&schedule_id=5&minute_id=28,fc1da089857f696094cec7d628ff438dd74002a8df2fa07026c0a0506f81e6d2,審議状況（本会議 3月24日 議長）,総務区民委員会審査報告書は、可決です…御異議ありませんか,supported,194c197652ec298d82206039823ba0839d7ca9fa7f5f4f150751bc86258678a5
shinjuku-2026-r1-gian-11,hard,content,OA11-H-27,会議録 3月24日 議長（採決） / https://ssp.kaigiroku.net/tenant/shinjuku/MinuteView.html?council_id=3163&schedule_id=5&minute_id=29 / 970914f9ce4a28e423e8480a3d4ce175afafafeebd92448698df42d97cb2ec1d,https://ssp.kaigiroku.net/tenant/shinjuku/MinuteView.html?council_id=3163&schedule_id=5&minute_id=29,970914f9ce4a28e423e8480a3d4ce175afafafeebd92448698df42d97cb2ec1d,審議状況（本会議 3月24日 議長）,異議なしと認めます…本案は、いずれも委員会審査報告のとおり可決されました,supported,194c197652ec298d82206039823ba0839d7ca9fa7f5f4f150751bc86258678a5
shinjuku-2026-r1-gian-12,easy,title,OA12-ET-01,見出し: 特別な 勤務の 手当の 決まりを 変えます,https://www.city.shinjuku.lg.jp/content/000448428.pdf,1b7d98e542f1e28cdbfc69410274553ee945f393f21c7e5c0c3ece82c4e0c1be,（提案理由）,昇降機等の検査業務等に従事した場合に支給する特定危険現場業務手当の支給に係る対象組織を追加するとともに、新宿区における児童相談所の設置に係る方針の変更に伴い児童相談所等現業手当の支給対象となる業務を見直す必要があるため,supported,8ab48a3c3d763169e5aba013955a1047635cede82a0245f3021d96262f7bd4b3
shinjuku-2026-r1-gian-12,easy,summary,OA12-ES-01,要約: 特定危険現場業務手当の 対象に 防災都市づくり課を 加えます。,https://www.city.shinjuku.lg.jp/content/000448428.pdf,1b7d98e542f1e28cdbfc69410274553ee945f393f21c7e5c0c3ece82c4e0c1be,第3条第1項第1号,第3条第1項第1号中「都市計画部建築指導課」を「都市計画部防災都市づくり課又は都市計画部建築指導課」に改め,supported,8ab48a3c3d763169e5aba013955a1047635cede82a0245f3021d96262f7bd4b3
shinjuku-2026-r1-gian-12,easy,summary,OA12-ES-02,要約: 児童相談所等現業手当の 対象の 仕事を 見直します。,https://www.city.shinjuku.lg.jp/content/000448428.pdf,1b7d98e542f1e28cdbfc69410274553ee945f393f21c7e5c0c3ece82c4e0c1be,（提案理由）,昇降機等の検査業務等に従事した場合に支給する特定危険現場業務手当の支給に係る対象組織を追加するとともに、新宿区における児童相談所の設置に係る方針の変更に伴い児童相談所等現業手当の支給対象となる業務を見直す必要があるため,supported,8ab48a3c3d763169e5aba013955a1047635cede82a0245f3021d96262f7bd4b3
shinjuku-2026-r1-gian-12,easy,summary,OA12-ES-03,要約: 2026年（令和8年）4月1日（水）から 始まります。,https://www.city.shinjuku.lg.jp/content/000448428.pdf,1b7d98e542f1e28cdbfc69410274553ee945f393f21c7e5c0c3ece82c4e0c1be,附則（施行期日）,この条例は、令和8年4月1日から施行する,supported,8ab48a3c3d763169e5aba013955a1047635cede82a0245f3021d96262f7bd4b3
shinjuku-2026-r1-gian-12,easy,content,OA12-E-01,【新宿区職員の特殊勤務手当に関する条例】［しんじゅくくしょくいんのとくしゅきんむてあてにかんするじょうれい］（＝特別な 仕事の 手当を 決めた 条例）を 変えます。,https://www.city.shinjuku.lg.jp/content/000448428.pdf,1b7d98e542f1e28cdbfc69410274553ee945f393f21c7e5c0c3ece82c4e0c1be,改め文,新宿区職員の特殊勤務手当に関する条例（平成10年新宿区条例第36号）の一部を次のように改正する,supported,8ab48a3c3d763169e5aba013955a1047635cede82a0245f3021d96262f7bd4b3
shinjuku-2026-r1-gian-12,easy,content,OA12-E-02,対象は 平成10年 新宿区条例 第36号です。,https://www.city.shinjuku.lg.jp/content/000448428.pdf,1b7d98e542f1e28cdbfc69410274553ee945f393f21c7e5c0c3ece82c4e0c1be,改め文,新宿区職員の特殊勤務手当に関する条例（平成10年新宿区条例第36号）の一部を次のように改正する,supported,8ab48a3c3d763169e5aba013955a1047635cede82a0245f3021d96262f7bd4b3
shinjuku-2026-r1-gian-12,easy,content,OA12-E-03,手当が 出る 部署と 仕事を 見直します。,https://www.city.shinjuku.lg.jp/content/000448428.pdf,1b7d98e542f1e28cdbfc69410274553ee945f393f21c7e5c0c3ece82c4e0c1be,（提案理由）,昇降機等の検査業務等に従事した場合に支給する特定危険現場業務手当の支給に係る対象組織を追加するとともに、新宿区における児童相談所の設置に係る方針の変更に伴い児童相談所等現業手当の支給対象となる業務を見直す必要があるため,supported,8ab48a3c3d763169e5aba013955a1047635cede82a0245f3021d96262f7bd4b3
shinjuku-2026-r1-gian-12,easy,content,OA12-E-04,1つめは【特定危険現場業務手当】［とくていきけんげんばぎょうむてあて］（＝危険な 現場の 仕事の 手当）です。,https://www.city.shinjuku.lg.jp/content/000447774.pdf,1dc3eaffcafb1b1c9e139e823182dc80dc0755624813ca87d8b274d15f5b6624,第12号議案 1,都市計画部建築指導課が行う建築物等耐震化支援事業を…同部防災都市づくり課へ一部移管すること等に伴い、次に掲…げる業務に従事したときに支給する特定危険現場業務手当…の支給に係る対象組織に、同課を加える,supported,8ab48a3c3d763169e5aba013955a1047635cede82a0245f3021d96262f7bd4b3
shinjuku-2026-r1-gian-12,easy,content,OA12-E-05,手当が 出る 部署に 防災都市づくり課を 足します。,https://www.city.shinjuku.lg.jp/content/000448428.pdf,1b7d98e542f1e28cdbfc69410274553ee945f393f21c7e5c0c3ece82c4e0c1be,第3条第1項第1号,第3条第1項第1号中「都市計画部建築指導課」を「都市計画部防災都市づくり課又は都市計画部建築指導課」に改め,supported,8ab48a3c3d763169e5aba013955a1047635cede82a0245f3021d96262f7bd4b3
shinjuku-2026-r1-gian-12,easy,content,OA12-E-06,手当が 出る 仕事は 次の 2つです。,https://www.city.shinjuku.lg.jp/content/000447774.pdf,1dc3eaffcafb1b1c9e139e823182dc80dc0755624813ca87d8b274d15f5b6624,第12号議案 1,⑴昇降機等の検査業務…建築物等の建築現場における足場の不安定な箇所での…工事監督又は検査の業務,supported,8ab48a3c3d763169e5aba013955a1047635cede82a0245f3021d96262f7bd4b3
shinjuku-2026-r1-gian-12,easy,content,OA12-E-07,昇降機などの 検査の 仕事,https://www.city.shinjuku.lg.jp/content/000447774.pdf,1dc3eaffcafb1b1c9e139e823182dc80dc0755624813ca87d8b274d15f5b6624,第12号議案 1,⑴昇降機等の検査業務…建築物等の建築現場における足場の不安定な箇所での…工事監督又は検査の業務,supported,8ab48a3c3d763169e5aba013955a1047635cede82a0245f3021d96262f7bd4b3
shinjuku-2026-r1-gian-12,easy,content,OA12-E-08,足場が 不安定な 建築現場の 工事の 監督や 検査,https://www.city.shinjuku.lg.jp/content/000447774.pdf,1dc3eaffcafb1b1c9e139e823182dc80dc0755624813ca87d8b274d15f5b6624,第12号議案 1,⑴昇降機等の検査業務…建築物等の建築現場における足場の不安定な箇所での…工事監督又は検査の業務,supported,8ab48a3c3d763169e5aba013955a1047635cede82a0245f3021d96262f7bd4b3
shinjuku-2026-r1-gian-12,easy,content,OA12-E-09,2つめは【児童相談所等現業手当】［じどうそうだんじょとうげんぎょうてあて］（＝児童相談所の 現場の 手当）です。,https://www.city.shinjuku.lg.jp/content/000447774.pdf,1dc3eaffcafb1b1c9e139e823182dc80dc0755624813ca87d8b274d15f5b6624,第12号議案 2,区児童相談所の設置方針の変更に伴い、他の地方公共団…等へ児童相談所に係る業務の研修として派遣されている子…ども総合センター子ども相談支援課の職員が従事する一時…保護業務等を児童相談所等現業手当の支給対象から削除す,supported,8ab48a3c3d763169e5aba013955a1047635cede82a0245f3021d96262f7bd4b3
shinjuku-2026-r1-gian-12,easy,content,OA12-E-10,区は 児童相談所の 設置の 方針を 変えました。,https://www.city.shinjuku.lg.jp/content/000447774.pdf,1dc3eaffcafb1b1c9e139e823182dc80dc0755624813ca87d8b274d15f5b6624,第12号議案 2,区児童相談所の設置方針の変更に伴い、他の地方公共団…等へ児童相談所に係る業務の研修として派遣されている子…ども総合センター子ども相談支援課の職員が従事する一時…保護業務等を児童相談所等現業手当の支給対象から削除す,supported,8ab48a3c3d763169e5aba013955a1047635cede82a0245f3021d96262f7bd4b3
shinjuku-2026-r1-gian-12,easy,content,OA12-E-11,そこで 手当が 出る 仕事を 見直します。,https://www.city.shinjuku.lg.jp/content/000448428.pdf,1b7d98e542f1e28cdbfc69410274553ee945f393f21c7e5c0c3ece82c4e0c1be,（提案理由）,昇降機等の検査業務等に従事した場合に支給する特定危険現場業務手当の支給に係る対象組織を追加するとともに、新宿区における児童相談所の設置に係る方針の変更に伴い児童相談所等現業手当の支給対象となる業務を見直す必要があるため,supported,8ab48a3c3d763169e5aba013955a1047635cede82a0245f3021d96262f7bd4b3
shinjuku-2026-r1-gian-12,easy,content,OA12-E-12,研修の ために 他の 自治体に 派遣された 職員が 対象です。,https://www.city.shinjuku.lg.jp/content/000448428.pdf,1b7d98e542f1e28cdbfc69410274553ee945f393f21c7e5c0c3ece82c4e0c1be,第5条第1項,第5条第1項中「次に掲げる場合」を「子ども総合センター子ども相談支援課に所属する職員で、児童相談所に係る業務の研修として他の地方公共団体に派遣されているものが、児童福祉法（昭和22年法律第164号）第12条第3項に規定する業務（同法第11条第1項第2号ホに掲げるものを除く。）を行うための家庭訪問、指導、相談等の業務に従事したとき」に改め、同項各号を削り,supported,8ab48a3c3d763169e5aba013955a1047635cede82a0245f3021d96262f7bd4b3
shinjuku-2026-r1-gian-12,easy,content,OA12-E-13,手当が 出る 場合は 次の とおりです。,https://www.city.shinjuku.lg.jp/content/000448428.pdf,1b7d98e542f1e28cdbfc69410274553ee945f393f21c7e5c0c3ece82c4e0c1be,第5条第1項,第5条第1項中「次に掲げる場合」を「子ども総合センター子ども相談支援課に所属する職員で、児童相談所に係る業務の研修として他の地方公共団体に派遣されているものが、児童福祉法（昭和22年法律第164号）第12条第3項に規定する業務（同法第11条第1項第2号ホに掲げるものを除く。）を行うための家庭訪問、指導、相談等の業務に従事したとき」に改め、同項各号を削り,supported,8ab48a3c3d763169e5aba013955a1047635cede82a0245f3021d96262f7bd4b3
shinjuku-2026-r1-gian-12,easy,content,OA12-E-14,子ども総合センター 子ども相談支援課の 職員,https://www.city.shinjuku.lg.jp/content/000448428.pdf,1b7d98e542f1e28cdbfc69410274553ee945f393f21c7e5c0c3ece82c4e0c1be,第5条第1項,第5条第1項中「次に掲げる場合」を「子ども総合センター子ども相談支援課に所属する職員で、児童相談所に係る業務の研修として他の地方公共団体に派遣されているものが、児童福祉法（昭和22年法律第164号）第12条第3項に規定する業務（同法第11条第1項第2号ホに掲げるものを除く。）を行うための家庭訪問、指導、相談等の業務に従事したとき」に改め、同項各号を削り,supported,8ab48a3c3d763169e5aba013955a1047635cede82a0245f3021d96262f7bd4b3
shinjuku-2026-r1-gian-12,easy,content,OA12-E-15,児童相談所の 研修の ために 派遣されて いる,https://www.city.shinjuku.lg.jp/content/000448428.pdf,1b7d98e542f1e28cdbfc69410274553ee945f393f21c7e5c0c3ece82c4e0c1be,第5条第1項,第5条第1項中「次に掲げる場合」を「子ども総合センター子ども相談支援課に所属する職員で、児童相談所に係る業務の研修として他の地方公共団体に派遣されているものが、児童福祉法（昭和22年法律第164号）第12条第3項に規定する業務（同法第11条第1項第2号ホに掲げるものを除く。）を行うための家庭訪問、指導、相談等の業務に従事したとき」に改め、同項各号を削り,supported,8ab48a3c3d763169e5aba013955a1047635cede82a0245f3021d96262f7bd4b3
shinjuku-2026-r1-gian-12,easy,content,OA12-E-16,家庭訪問や 指導や 相談などの 仕事を した とき,https://www.city.shinjuku.lg.jp/content/000448428.pdf,1b7d98e542f1e28cdbfc69410274553ee945f393f21c7e5c0c3ece82c4e0c1be,第5条第1項,第5条第1項中「次に掲げる場合」を「子ども総合センター子ども相談支援課に所属する職員で、児童相談所に係る業務の研修として他の地方公共団体に派遣されているものが、児童福祉法（昭和22年法律第164号）第12条第3項に規定する業務（同法第11条第1項第2号ホに掲げるものを除く。）を行うための家庭訪問、指導、相談等の業務に従事したとき」に改め、同項各号を削り,supported,8ab48a3c3d763169e5aba013955a1047635cede82a0245f3021d96262f7bd4b3
shinjuku-2026-r1-gian-12,easy,content,OA12-E-17,手当の 額は 950円に なります。,https://www.city.shinjuku.lg.jp/content/000448428.pdf,1b7d98e542f1e28cdbfc69410274553ee945f393f21c7e5c0c3ece82c4e0c1be,第5条第2項,同条第2項中「、次の各号に掲げる場合の区分に応じ、当該各号に定める額」を「950円」に改め、同項各号を削る,supported,8ab48a3c3d763169e5aba013955a1047635cede82a0245f3021d96262f7bd4b3
shinjuku-2026-r1-gian-12,easy,content,OA12-E-18,2026年（令和8年）4月1日（水）から 始まります。,https://www.city.shinjuku.lg.jp/content/000448428.pdf,1b7d98e542f1e28cdbfc69410274553ee945f393f21c7e5c0c3ece82c4e0c1be,附則（施行期日）,この条例は、令和8年4月1日から施行する,supported,8ab48a3c3d763169e5aba013955a1047635cede82a0245f3021d96262f7bd4b3
shinjuku-2026-r1-gian-12,easy,content,OA12-E-19,【原案可決】［げんあんかけつ］（＝出した 通りの 内容で 決まること）です。,https://www.city.shinjuku.lg.jp/kusei/soumu01_002090_00015.html,7c2b6f68db1b433b860b35d176b4dd9211e78582ec9de718fcfefe68b22d896a,審議状況（議決結果ページ）,第12号議案新宿区職員の特殊勤務手当に関する条例の一部を改正する条例原案可決,supported,8ab48a3c3d763169e5aba013955a1047635cede82a0245f3021d96262f7bd4b3
shinjuku-2026-r1-gian-12,easy,content,OA12-E-20,2026年（令和8年）の 第1回定例会で 決まりました。,https://www.city.shinjuku.lg.jp/content/000452334.pdf,22ba4f49b18c96bd1fa26241606257c05477f38e25ac46d6f8e4f416a2cedbf2,審議状況（会期）,令和８年第１回定例会…２月１７日～３月２４日,supported,8ab48a3c3d763169e5aba013955a1047635cede82a0245f3021d96262f7bd4b3
shinjuku-2026-r1-gian-12,easy,content,OA12-E-21,会期は 2026年2月17日（火）から 3月24日（火）まででした。,https://www.city.shinjuku.lg.jp/content/000452334.pdf,22ba4f49b18c96bd1fa26241606257c05477f38e25ac46d6f8e4f416a2cedbf2,審議状況（会期）,令和８年第１回定例会…２月１７日～３月２４日,supported,8ab48a3c3d763169e5aba013955a1047635cede82a0245f3021d96262f7bd4b3
shinjuku-2026-r1-gian-12,easy,content,OA12-E-22,本会議で 決まった 日は 3月24日（火）です。,https://ssp.kaigiroku.net/tenant/shinjuku/MinuteView.html?council_id=3163&schedule_id=5&minute_id=1,bd058d36962b45d8d965e4625bb95ecd661a102a026175213f37ba9eb575424a,審議状況（本会議 3月24日 議長）,令和８年第１回定例会会議録（第４日）第４号…令和８年３月２４日（火曜日）,supported,8ab48a3c3d763169e5aba013955a1047635cede82a0245f3021d96262f7bd4b3
shinjuku-2026-r1-gian-12,easy,content,OA12-E-23,ほかの 議案と まとめて 議題に なりました。,https://ssp.kaigiroku.net/tenant/shinjuku/MinuteView.html?council_id=3163&schedule_id=5&minute_id=19,8a31f81d234a3fc5b7611fdb2c52bf9ed24b1c6d4debb8d75e66e76874004ad4,審議状況（本会議 3月24日 議長）,日程第３から日程第１０までを一括議題とします,supported,8ab48a3c3d763169e5aba013955a1047635cede82a0245f3021d96262f7bd4b3
shinjuku-2026-r1-gian-12,easy,content,OA12-E-24,総務区民委員会の 審査報告書は 可決でした。,https://ssp.kaigiroku.net/tenant/shinjuku/MinuteView.html?council_id=3163&schedule_id=5&minute_id=28,fc1da089857f696094cec7d628ff438dd74002a8df2fa07026c0a0506f81e6d2,審議状況（本会議 3月24日 議長）,総務区民委員会審査報告書は、可決です…御異議ありませんか,supported,8ab48a3c3d763169e5aba013955a1047635cede82a0245f3021d96262f7bd4b3
shinjuku-2026-r1-gian-12,easy,content,OA12-E-25,議長が 異議が ないか たずねました。,https://ssp.kaigiroku.net/tenant/shinjuku/MinuteView.html?council_id=3163&schedule_id=5&minute_id=28,fc1da089857f696094cec7d628ff438dd74002a8df2fa07026c0a0506f81e6d2,審議状況（本会議 3月24日 議長）,総務区民委員会審査報告書は、可決です…御異議ありませんか,supported,8ab48a3c3d763169e5aba013955a1047635cede82a0245f3021d96262f7bd4b3
shinjuku-2026-r1-gian-12,easy,content,OA12-E-26,異議なしと 認められて 可決しました。,https://ssp.kaigiroku.net/tenant/shinjuku/MinuteView.html?council_id=3163&schedule_id=5&minute_id=29,970914f9ce4a28e423e8480a3d4ce175afafafeebd92448698df42d97cb2ec1d,審議状況（本会議 3月24日 議長）,異議なしと認めます…本案は、いずれも委員会審査報告のとおり可決されました,supported,8ab48a3c3d763169e5aba013955a1047635cede82a0245f3021d96262f7bd4b3
shinjuku-2026-r1-gian-12,easy,content,OA12-E-27,賛成したのは ８つの 会派 すべてです。,https://www.city.shinjuku.lg.jp/content/000452334.pdf,22ba4f49b18c96bd1fa26241606257c05477f38e25ac46d6f8e4f416a2cedbf2,審議状況（議案の概要と審議結果の採決結果行）,児童相談所に係る業務の研修として派遣されている子ども総合セ○○○○○○○○可決,supported,8ab48a3c3d763169e5aba013955a1047635cede82a0245f3021d96262f7bd4b3
shinjuku-2026-r1-gian-12,normal,title,OA12-NT-01,見出し: 特殊勤務手当の対象組織を追加し、児童相談所等現業手当の対象業務を見直す,https://www.city.shinjuku.lg.jp/content/000448428.pdf,1b7d98e542f1e28cdbfc69410274553ee945f393f21c7e5c0c3ece82c4e0c1be,（提案理由）,昇降機等の検査業務等に従事した場合に支給する特定危険現場業務手当の支給に係る対象組織を追加するとともに、新宿区における児童相談所の設置に係る方針の変更に伴い児童相談所等現業手当の支給対象となる業務を見直す必要があるため,supported,05aa3865c09362a4b6d74ca5c1b0c2d61dc4ce2f823aae59b69458bfb0c05f63
shinjuku-2026-r1-gian-12,normal,summary,OA12-NS-01,要約: 特定危険現場業務手当の支給に係る対象組織に都市計画部防災都市づくり課を加え、児童相談所の設置方針の変更に伴って児童相談所等現業手当の支給対象となる業務を見直す条例改正です。,https://www.city.shinjuku.lg.jp/content/000448428.pdf,1b7d98e542f1e28cdbfc69410274553ee945f393f21c7e5c0c3ece82c4e0c1be,（提案理由）,昇降機等の検査業務等に従事した場合に支給する特定危険現場業務手当の支給に係る対象組織を追加するとともに、新宿区における児童相談所の設置に係る方針の変更に伴い児童相談所等現業手当の支給対象となる業務を見直す必要があるため,supported,05aa3865c09362a4b6d74ca5c1b0c2d61dc4ce2f823aae59b69458bfb0c05f63
shinjuku-2026-r1-gian-12,normal,summary,OA12-NS-02,要約: 施行日は令和8年4月1日です。,https://www.city.shinjuku.lg.jp/content/000448428.pdf,1b7d98e542f1e28cdbfc69410274553ee945f393f21c7e5c0c3ece82c4e0c1be,附則（施行期日）,この条例は、令和8年4月1日から施行する,supported,05aa3865c09362a4b6d74ca5c1b0c2d61dc4ce2f823aae59b69458bfb0c05f63
shinjuku-2026-r1-gian-12,normal,content,OA12-N-01,新宿区職員の特殊勤務手当に関する条例（平成10年新宿区条例第36号）の改正です。,https://www.city.shinjuku.lg.jp/content/000448428.pdf,1b7d98e542f1e28cdbfc69410274553ee945f393f21c7e5c0c3ece82c4e0c1be,改め文,新宿区職員の特殊勤務手当に関する条例（平成10年新宿区条例第36号）の一部を次のように改正する,supported,05aa3865c09362a4b6d74ca5c1b0c2d61dc4ce2f823aae59b69458bfb0c05f63
shinjuku-2026-r1-gian-12,normal,content,OA12-N-02,都市計画部建築指導課が行う建築物等耐震化支援事業を同部防災都市づくり課へ一部移管すること等に伴い、次に掲げる業務に従事したときに支給する特定危険現場業務手当の支給に係る対象組織に、同課を加える。,https://www.city.shinjuku.lg.jp/content/000447774.pdf,1dc3eaffcafb1b1c9e139e823182dc80dc0755624813ca87d8b274d15f5b6624,第12号議案 1,都市計画部建築指導課が行う建築物等耐震化支援事業を…同部防災都市づくり課へ一部移管すること等に伴い、次に掲…げる業務に従事したときに支給する特定危険現場業務手当…の支給に係る対象組織に、同課を加える,supported,05aa3865c09362a4b6d74ca5c1b0c2d61dc4ce2f823aae59b69458bfb0c05f63
shinjuku-2026-r1-gian-12,normal,content,OA12-N-03,区児童相談所の設置方針の変更に伴い、他の地方公共団体等へ児童相談所に係る業務の研修として派遣されている子ども総合センター子ども相談支援課の職員が従事する一時保護業務等を児童相談所等現業手当の支給対象から削除する。,https://www.city.shinjuku.lg.jp/content/000447774.pdf,1dc3eaffcafb1b1c9e139e823182dc80dc0755624813ca87d8b274d15f5b6624,第12号議案 2,区児童相談所の設置方針の変更に伴い、他の地方公共団…等へ児童相談所に係る業務の研修として派遣されている子…ども総合センター子ども相談支援課の職員が従事する一時…保護業務等を児童相談所等現業手当の支給対象から削除す,supported,05aa3865c09362a4b6d74ca5c1b0c2d61dc4ce2f823aae59b69458bfb0c05f63
shinjuku-2026-r1-gian-12,normal,content,OA12-N-04,議案本文の提案理由も、この2点（対象組織の追加と、児童相談所の方針変更に伴う支給対象業務の見直し）を挙げています。,https://www.city.shinjuku.lg.jp/content/000448428.pdf,1b7d98e542f1e28cdbfc69410274553ee945f393f21c7e5c0c3ece82c4e0c1be,（提案理由）,昇降機等の検査業務等に従事した場合に支給する特定危険現場業務手当の支給に係る対象組織を追加するとともに、新宿区における児童相談所の設置に係る方針の変更に伴い児童相談所等現業手当の支給対象となる業務を見直す必要があるため,supported,05aa3865c09362a4b6d74ca5c1b0c2d61dc4ce2f823aae59b69458bfb0c05f63
shinjuku-2026-r1-gian-12,normal,content,OA12-N-05,第1号: 「都市計画部建築指導課」を「都市計画部防災都市づくり課又は都市計画部建築指導課」に改めます,https://www.city.shinjuku.lg.jp/content/000448428.pdf,1b7d98e542f1e28cdbfc69410274553ee945f393f21c7e5c0c3ece82c4e0c1be,第3条第1項第1号,第3条第1項第1号中「都市計画部建築指導課」を「都市計画部防災都市づくり課又は都市計画部建築指導課」に改め,supported,05aa3865c09362a4b6d74ca5c1b0c2d61dc4ce2f823aae59b69458bfb0c05f63
shinjuku-2026-r1-gian-12,normal,content,OA12-N-06,第2号: 「総務部施設課」の次に「、都市計画部防災都市づくり課」を加えます,https://www.city.shinjuku.lg.jp/content/000448428.pdf,1b7d98e542f1e28cdbfc69410274553ee945f393f21c7e5c0c3ece82c4e0c1be,第3条第1項第2号,同項第2号中「総務部施設課」の次に「、都市計画部防災都市づくり課」を加える,supported,05aa3865c09362a4b6d74ca5c1b0c2d61dc4ce2f823aae59b69458bfb0c05f63
shinjuku-2026-r1-gian-12,normal,content,OA12-N-07,概要資料が示す業務は、昇降機等の検査業務と、建築物等の建築現場における足場の不安定な箇所での工事監督又は検査の業務です,https://www.city.shinjuku.lg.jp/content/000447774.pdf,1dc3eaffcafb1b1c9e139e823182dc80dc0755624813ca87d8b274d15f5b6624,第12号議案 1,⑴昇降機等の検査業務…建築物等の建築現場における足場の不安定な箇所での…工事監督又は検査の業務,supported,05aa3865c09362a4b6d74ca5c1b0c2d61dc4ce2f823aae59b69458bfb0c05f63
shinjuku-2026-r1-gian-12,normal,content,OA12-N-08,第1項: 「次に掲げる場合」を、子ども総合センター子ども相談支援課の職員で、児童相談所に係る業務の研修として他の地方公共団体に派遣されているものが、児童福祉法第12条第3項に規定する業務（同法第11条第1項第2号ホに掲げるものを除く。）を行うための家庭訪問、指導、相談等の業務に従事したときに改め、同項各号を削ります,https://www.city.shinjuku.lg.jp/content/000448428.pdf,1b7d98e542f1e28cdbfc69410274553ee945f393f21c7e5c0c3ece82c4e0c1be,第5条第1項,第5条第1項中「次に掲げる場合」を「子ども総合センター子ども相談支援課に所属する職員で、児童相談所に係る業務の研修として他の地方公共団体に派遣されているものが、児童福祉法（昭和22年法律第164号）第12条第3項に規定する業務（同法第11条第1項第2号ホに掲げるものを除く。）を行うための家庭訪問、指導、相談等の業務に従事したとき」に改め、同項各号を削り,supported,05aa3865c09362a4b6d74ca5c1b0c2d61dc4ce2f823aae59b69458bfb0c05f63
shinjuku-2026-r1-gian-12,normal,content,OA12-N-09,第2項: 「、次の各号に掲げる場合の区分に応じ、当該各号に定める額」を「950円」に改め、同項各号を削ります,https://www.city.shinjuku.lg.jp/content/000448428.pdf,1b7d98e542f1e28cdbfc69410274553ee945f393f21c7e5c0c3ece82c4e0c1be,第5条第2項,同条第2項中「、次の各号に掲げる場合の区分に応じ、当該各号に定める額」を「950円」に改め、同項各号を削る,supported,05aa3865c09362a4b6d74ca5c1b0c2d61dc4ce2f823aae59b69458bfb0c05f63
shinjuku-2026-r1-gian-12,normal,content,OA12-N-10,令和8年4月1日（水曜日）から施行されます。,https://www.city.shinjuku.lg.jp/content/000448428.pdf,1b7d98e542f1e28cdbfc69410274553ee945f393f21c7e5c0c3ece82c4e0c1be,附則（施行期日）,この条例は、令和8年4月1日から施行する,supported,05aa3865c09362a4b6d74ca5c1b0c2d61dc4ce2f823aae59b69458bfb0c05f63
shinjuku-2026-r1-gian-12,normal,content,OA12-N-11,附則には施行期日だけが定められています。,https://www.city.shinjuku.lg.jp/content/000448428.pdf,1b7d98e542f1e28cdbfc69410274553ee945f393f21c7e5c0c3ece82c4e0c1be,附則（施行期日）,この条例は、令和8年4月1日から施行する,supported,05aa3865c09362a4b6d74ca5c1b0c2d61dc4ce2f823aae59b69458bfb0c05f63
shinjuku-2026-r1-gian-12,normal,content,OA12-N-12,令和8年第1回定例会（会期は2月17日から3月24日まで）で審議されました。,https://www.city.shinjuku.lg.jp/content/000452334.pdf,22ba4f49b18c96bd1fa26241606257c05477f38e25ac46d6f8e4f416a2cedbf2,審議状況（会期）,令和８年第１回定例会…２月１７日～３月２４日,supported,05aa3865c09362a4b6d74ca5c1b0c2d61dc4ce2f823aae59b69458bfb0c05f63
shinjuku-2026-r1-gian-12,normal,content,OA12-N-13,本会議は第4日にあたる3月24日（火曜日）でした。,https://ssp.kaigiroku.net/tenant/shinjuku/MinuteView.html?council_id=3163&schedule_id=5&minute_id=1,bd058d36962b45d8d965e4625bb95ecd661a102a026175213f37ba9eb575424a,審議状況（本会議 3月24日 議長）,令和８年第１回定例会会議録（第４日）第４号…令和８年３月２４日（火曜日）,supported,05aa3865c09362a4b6d74ca5c1b0c2d61dc4ce2f823aae59b69458bfb0c05f63
shinjuku-2026-r1-gian-12,normal,content,OA12-N-14,日程第3から日程第10までの議案とあわせて、一括して議題となりました。,https://ssp.kaigiroku.net/tenant/shinjuku/MinuteView.html?council_id=3163&schedule_id=5&minute_id=19,8a31f81d234a3fc5b7611fdb2c52bf9ed24b1c6d4debb8d75e66e76874004ad4,審議状況（本会議 3月24日 議長）,日程第３から日程第１０までを一括議題とします,supported,05aa3865c09362a4b6d74ca5c1b0c2d61dc4ce2f823aae59b69458bfb0c05f63
shinjuku-2026-r1-gian-12,normal,content,OA12-N-15,総務区民委員会の審査報告書は「可決」でした。,https://ssp.kaigiroku.net/tenant/shinjuku/MinuteView.html?council_id=3163&schedule_id=5&minute_id=28,fc1da089857f696094cec7d628ff438dd74002a8df2fa07026c0a0506f81e6d2,審議状況（本会議 3月24日 議長）,総務区民委員会審査報告書は、可決です…御異議ありませんか,supported,05aa3865c09362a4b6d74ca5c1b0c2d61dc4ce2f823aae59b69458bfb0c05f63
shinjuku-2026-r1-gian-12,normal,content,OA12-N-16,本会議は、異議なしと認めて、委員会審査報告のとおり可決しました。,https://ssp.kaigiroku.net/tenant/shinjuku/MinuteView.html?council_id=3163&schedule_id=5&minute_id=29,970914f9ce4a28e423e8480a3d4ce175afafafeebd92448698df42d97cb2ec1d,審議状況（本会議 3月24日 議長）,異議なしと認めます…本案は、いずれも委員会審査報告のとおり可決されました,supported,05aa3865c09362a4b6d74ca5c1b0c2d61dc4ce2f823aae59b69458bfb0c05f63
shinjuku-2026-r1-gian-12,normal,content,OA12-N-17,議決結果ページの記載は「原案可決」です。,https://www.city.shinjuku.lg.jp/kusei/soumu01_002090_00015.html,7c2b6f68db1b433b860b35d176b4dd9211e78582ec9de718fcfefe68b22d896a,審議状況（議決結果ページ）,第12号議案新宿区職員の特殊勤務手当に関する条例の一部を改正する条例原案可決,supported,05aa3865c09362a4b6d74ca5c1b0c2d61dc4ce2f823aae59b69458bfb0c05f63
shinjuku-2026-r1-gian-12,normal,content,OA12-N-18,「議案の概要と審議結果」の採決結果行では、8会派すべてが賛成（○）でした。,https://www.city.shinjuku.lg.jp/content/000452334.pdf,22ba4f49b18c96bd1fa26241606257c05477f38e25ac46d6f8e4f416a2cedbf2,審議状況（議案の概要と審議結果の採決結果行）,児童相談所に係る業務の研修として派遣されている子ども総合セ○○○○○○○○可決,supported,05aa3865c09362a4b6d74ca5c1b0c2d61dc4ce2f823aae59b69458bfb0c05f63
shinjuku-2026-r1-gian-12,hard,title,OA12-HT-01,見出し: 第12号議案 新宿区職員の特殊勤務手当に関する条例の一部を改正する条例,https://www.city.shinjuku.lg.jp/content/000448428.pdf,1b7d98e542f1e28cdbfc69410274553ee945f393f21c7e5c0c3ece82c4e0c1be,件名,新宿区職員の特殊勤務手当に関する条例の一部を改正する条例,supported,4a4f0470544c88165e760ef3ab3ce77da0eb4f413f671cc9c2432924ab85b20c
shinjuku-2026-r1-gian-12,hard,summary,OA12-HS-01,要約: 平成10年新宿区条例第36号について、第3条第1項第1号・第2号に都市計画部防災都市づくり課を加え、第5条第1項・第2項を改めて児童相談所等現業手当の支給対象を子ども相談支援課の研修派遣職員の特定の業務に改め額を950円とする改正。,https://www.city.shinjuku.lg.jp/content/000448428.pdf,1b7d98e542f1e28cdbfc69410274553ee945f393f21c7e5c0c3ece82c4e0c1be,第5条第2項,同条第2項中「、次の各号に掲げる場合の区分に応じ、当該各号に定める額」を「950円」に改め、同項各号を削る,supported,4a4f0470544c88165e760ef3ab3ce77da0eb4f413f671cc9c2432924ab85b20c
shinjuku-2026-r1-gian-12,hard,summary,OA12-HS-02,要約: 施行日は令和8年4月1日。,https://www.city.shinjuku.lg.jp/content/000448428.pdf,1b7d98e542f1e28cdbfc69410274553ee945f393f21c7e5c0c3ece82c4e0c1be,附則（施行期日）,この条例は、令和8年4月1日から施行する,supported,4a4f0470544c88165e760ef3ab3ce77da0eb4f413f671cc9c2432924ab85b20c
shinjuku-2026-r1-gian-12,hard,content,OA12-H-01,提出日: 令和8年2月17日,https://www.city.shinjuku.lg.jp/content/000448428.pdf,1b7d98e542f1e28cdbfc69410274553ee945f393f21c7e5c0c3ece82c4e0c1be,提出日・提出者,令和８年２月１７日…新宿区長…吉住…健一,supported,4a4f0470544c88165e760ef3ab3ce77da0eb4f413f671cc9c2432924ab85b20c
shinjuku-2026-r1-gian-12,hard,content,OA12-H-02,提出者: 新宿区長 吉住健一,https://www.city.shinjuku.lg.jp/content/000448428.pdf,1b7d98e542f1e28cdbfc69410274553ee945f393f21c7e5c0c3ece82c4e0c1be,提出日・提出者,令和８年２月１７日…新宿区長…吉住…健一,supported,4a4f0470544c88165e760ef3ab3ce77da0eb4f413f671cc9c2432924ab85b20c
shinjuku-2026-r1-gian-12,hard,content,OA12-H-03,対象条例: 新宿区職員の特殊勤務手当に関する条例（平成10年新宿区条例第36号）,https://www.city.shinjuku.lg.jp/content/000448428.pdf,1b7d98e542f1e28cdbfc69410274553ee945f393f21c7e5c0c3ece82c4e0c1be,改め文,新宿区職員の特殊勤務手当に関する条例（平成10年新宿区条例第36号）の一部を次のように改正する,supported,4a4f0470544c88165e760ef3ab3ce77da0eb4f413f671cc9c2432924ab85b20c
shinjuku-2026-r1-gian-12,hard,content,OA12-H-04,議決: 原案可決（議決結果ページの記載）,https://www.city.shinjuku.lg.jp/kusei/soumu01_002090_00015.html,7c2b6f68db1b433b860b35d176b4dd9211e78582ec9de718fcfefe68b22d896a,審議状況（議決結果ページ）,第12号議案新宿区職員の特殊勤務手当に関する条例の一部を改正する条例原案可決,supported,4a4f0470544c88165e760ef3ab3ce77da0eb4f413f671cc9c2432924ab85b20c
shinjuku-2026-r1-gian-12,hard,content,OA12-H-05,本会議: 令和8年3月24日（火曜日）、会議録 第4日第4号,https://ssp.kaigiroku.net/tenant/shinjuku/MinuteView.html?council_id=3163&schedule_id=5&minute_id=1,bd058d36962b45d8d965e4625bb95ecd661a102a026175213f37ba9eb575424a,審議状況（本会議 3月24日 議長）,令和８年第１回定例会会議録（第４日）第４号…令和８年３月２４日（火曜日）,supported,4a4f0470544c88165e760ef3ab3ce77da0eb4f413f671cc9c2432924ab85b20c
shinjuku-2026-r1-gian-12,hard,content,OA12-H-06,議題: 日程第3から日程第10までを一括して議題とした,https://ssp.kaigiroku.net/tenant/shinjuku/MinuteView.html?council_id=3163&schedule_id=5&minute_id=19,8a31f81d234a3fc5b7611fdb2c52bf9ed24b1c6d4debb8d75e66e76874004ad4,審議状況（本会議 3月24日 議長）,日程第３から日程第１０までを一括議題とします,supported,4a4f0470544c88165e760ef3ab3ce77da0eb4f413f671cc9c2432924ab85b20c
shinjuku-2026-r1-gian-12,hard,content,OA12-H-07,会議録: 第12号議案の議題朗読が記載されている,https://ssp.kaigiroku.net/tenant/shinjuku/MinuteView.html?council_id=3163&schedule_id=5&minute_id=22,d4df113ae40de0e237b913c916f7caa58001180139ab5e57cdd1fe87c794276a,審議状況（本会議 3月24日 議長）,第１２号議案新宿区職員の特殊勤務手当に関する条例の一部を改正する条例,supported,4a4f0470544c88165e760ef3ab3ce77da0eb4f413f671cc9c2432924ab85b20c
shinjuku-2026-r1-gian-12,hard,content,OA12-H-08,委員会審査報告: 総務区民委員会の審査報告書は可決,https://ssp.kaigiroku.net/tenant/shinjuku/MinuteView.html?council_id=3163&schedule_id=5&minute_id=28,fc1da089857f696094cec7d628ff438dd74002a8df2fa07026c0a0506f81e6d2,審議状況（本会議 3月24日 議長）,総務区民委員会審査報告書は、可決です…御異議ありませんか,supported,4a4f0470544c88165e760ef3ab3ce77da0eb4f413f671cc9c2432924ab85b20c
shinjuku-2026-r1-gian-12,hard,content,OA12-H-09,採決方法: 異議なし,https://ssp.kaigiroku.net/tenant/shinjuku/MinuteView.html?council_id=3163&schedule_id=5&minute_id=29,970914f9ce4a28e423e8480a3d4ce175afafafeebd92448698df42d97cb2ec1d,審議状況（本会議 3月24日 議長）,異議なしと認めます…本案は、いずれも委員会審査報告のとおり可決されました,supported,4a4f0470544c88165e760ef3ab3ce77da0eb4f413f671cc9c2432924ab85b20c
shinjuku-2026-r1-gian-12,hard,content,OA12-H-10,会派別の賛否: 全8会派が賛成（採決結果行は ○○○○○○○○）,https://www.city.shinjuku.lg.jp/content/000452334.pdf,22ba4f49b18c96bd1fa26241606257c05477f38e25ac46d6f8e4f416a2cedbf2,審議状況（議案の概要と審議結果の採決結果行）,児童相談所に係る業務の研修として派遣されている子ども総合セ○○○○○○○○可決,supported,4a4f0470544c88165e760ef3ab3ce77da0eb4f413f671cc9c2432924ab85b20c
shinjuku-2026-r1-gian-12,hard,content,OA12-H-11,会派: 自民・参政クラブ、新宿区議会公明党、日本共産党新宿区議会議員団、新宿未来の会、立憲民主党・無所属クラブ、日本維新の会・新宿区議団、現役世代に優しい新宿・減税の会、れいわ新選組 新宿,https://www.city.shinjuku.lg.jp/content/000452334.pdf,22ba4f49b18c96bd1fa26241606257c05477f38e25ac46d6f8e4f416a2cedbf2,会派略称・列の並び,共産＝日本共産党新宿区議会議員団…れいわ＝れいわ新選組 新宿…自参ク＝自民・参政クラブ…公明＝新宿区議会公明党…新宿会＝新宿未来の会…民無ク＝立憲民主党・無所属クラブ…維新＝日本維新の会・新宿区議団…現役＝現役世代に優しい新宿・減税の会,supported,4a4f0470544c88165e760ef3ab3ce77da0eb4f413f671cc9c2432924ab85b20c
shinjuku-2026-r1-gian-12,hard,content,OA12-H-12,昇降機等の検査業務等に従事した場合に支給する特定危険現場業務手当の支給に係る対象組織を追加するとともに、新宿区における児童相談所の設置に係る方針の変更に伴い児童相談所等現業手当の支給対象となる業務を見直す必要があるため,https://www.city.shinjuku.lg.jp/content/000448428.pdf,1b7d98e542f1e28cdbfc69410274553ee945f393f21c7e5c0c3ece82c4e0c1be,（提案理由）,昇降機等の検査業務等に従事した場合に支給する特定危険現場業務手当の支給に係る対象組織を追加するとともに、新宿区における児童相談所の設置に係る方針の変更に伴い児童相談所等現業手当の支給対象となる業務を見直す必要があるため,supported,4a4f0470544c88165e760ef3ab3ce77da0eb4f413f671cc9c2432924ab85b20c
shinjuku-2026-r1-gian-12,hard,content,OA12-H-13,第3条第1項第1号 / 「都市計画部建築指導課」を「都市計画部防災都市づくり課又は都市計画部建築指導課」に改める,https://www.city.shinjuku.lg.jp/content/000448428.pdf,1b7d98e542f1e28cdbfc69410274553ee945f393f21c7e5c0c3ece82c4e0c1be,第3条第1項第1号,第3条第1項第1号中「都市計画部建築指導課」を「都市計画部防災都市づくり課又は都市計画部建築指導課」に改め,supported,4a4f0470544c88165e760ef3ab3ce77da0eb4f413f671cc9c2432924ab85b20c
shinjuku-2026-r1-gian-12,hard,content,OA12-H-14,第3条第1項第2号 / 「総務部施設課」の次に「、都市計画部防災都市づくり課」を加える,https://www.city.shinjuku.lg.jp/content/000448428.pdf,1b7d98e542f1e28cdbfc69410274553ee945f393f21c7e5c0c3ece82c4e0c1be,第3条第1項第2号,同項第2号中「総務部施設課」の次に「、都市計画部防災都市づくり課」を加える,supported,4a4f0470544c88165e760ef3ab3ce77da0eb4f413f671cc9c2432924ab85b20c
shinjuku-2026-r1-gian-12,hard,content,OA12-H-15,第5条第1項 / 「次に掲げる場合」を、子ども総合センター子ども相談支援課に所属する職員で児童相談所に係る業務の研修として他の地方公共団体に派遣されているものが、児童福祉法（昭和22年法律第164号）第12条第3項に規定する業務（同法第11条第1項第2号ホに掲げるものを除く。）を行うための家庭訪問、指導、相談等の業務に従事したときに改め、同項各号を削る,https://www.city.shinjuku.lg.jp/content/000448428.pdf,1b7d98e542f1e28cdbfc69410274553ee945f393f21c7e5c0c3ece82c4e0c1be,第5条第1項,第5条第1項中「次に掲げる場合」を「子ども総合センター子ども相談支援課に所属する職員で、児童相談所に係る業務の研修として他の地方公共団体に派遣されているものが、児童福祉法（昭和22年法律第164号）第12条第3項に規定する業務（同法第11条第1項第2号ホに掲げるものを除く。）を行うための家庭訪問、指導、相談等の業務に従事したとき」に改め、同項各号を削り,supported,4a4f0470544c88165e760ef3ab3ce77da0eb4f413f671cc9c2432924ab85b20c
shinjuku-2026-r1-gian-12,hard,content,OA12-H-16,第5条第2項 / 「、次の各号に掲げる場合の区分に応じ、当該各号に定める額」を「950円」に改め、同項各号を削る,https://www.city.shinjuku.lg.jp/content/000448428.pdf,1b7d98e542f1e28cdbfc69410274553ee945f393f21c7e5c0c3ece82c4e0c1be,第5条第2項,同条第2項中「、次の各号に掲げる場合の区分に応じ、当該各号に定める額」を「950円」に改め、同項各号を削る,supported,4a4f0470544c88165e760ef3ab3ce77da0eb4f413f671cc9c2432924ab85b20c
shinjuku-2026-r1-gian-12,hard,content,OA12-H-17,都市計画部建築指導課が行う建築物等耐震化支援事業を同部防災都市づくり課へ一部移管すること等に伴い、次に掲げる業務に従事したときに支給する特定危険現場業務手当の支給に係る対象組織に、同課を加える。,https://www.city.shinjuku.lg.jp/content/000447774.pdf,1dc3eaffcafb1b1c9e139e823182dc80dc0755624813ca87d8b274d15f5b6624,第12号議案 1,都市計画部建築指導課が行う建築物等耐震化支援事業を…同部防災都市づくり課へ一部移管すること等に伴い、次に掲…げる業務に従事したときに支給する特定危険現場業務手当…の支給に係る対象組織に、同課を加える,supported,4a4f0470544c88165e760ef3ab3ce77da0eb4f413f671cc9c2432924ab85b20c
shinjuku-2026-r1-gian-12,hard,content,OA12-H-18,業務は、昇降機等の検査業務、および建築物等の建築現場における足場の不安定な箇所での工事監督又は検査の業務である,https://www.city.shinjuku.lg.jp/content/000447774.pdf,1dc3eaffcafb1b1c9e139e823182dc80dc0755624813ca87d8b274d15f5b6624,第12号議案 1,⑴昇降機等の検査業務…建築物等の建築現場における足場の不安定な箇所での…工事監督又は検査の業務,supported,4a4f0470544c88165e760ef3ab3ce77da0eb4f413f671cc9c2432924ab85b20c
shinjuku-2026-r1-gian-12,hard,content,OA12-H-19,区児童相談所の設置方針の変更に伴い、他の地方公共団体等へ児童相談所に係る業務の研修として派遣されている子ども総合センター子ども相談支援課の職員が従事する一時保護業務等を児童相談所等現業手当の支給対象から削除する。,https://www.city.shinjuku.lg.jp/content/000447774.pdf,1dc3eaffcafb1b1c9e139e823182dc80dc0755624813ca87d8b274d15f5b6624,第12号議案 2,区児童相談所の設置方針の変更に伴い、他の地方公共団…等へ児童相談所に係る業務の研修として派遣されている子…ども総合センター子ども相談支援課の職員が従事する一時…保護業務等を児童相談所等現業手当の支給対象から削除す,supported,4a4f0470544c88165e760ef3ab3ce77da0eb4f413f671cc9c2432924ab85b20c
shinjuku-2026-r1-gian-12,hard,content,OA12-H-20,「議案の概要と審議結果」も同旨の概要を記載している。,https://www.city.shinjuku.lg.jp/content/000452334.pdf,22ba4f49b18c96bd1fa26241606257c05477f38e25ac46d6f8e4f416a2cedbf2,第12号議案（議案の概要）,都市計画部建築指導課が行う建築物等耐震化支援事業を同部防災都市づくり課へ一部移管すること等に伴い…特定危険現場業務手当の支給に係る対象組織に、同課を加える,supported,4a4f0470544c88165e760ef3ab3ce77da0eb4f413f671cc9c2432924ab85b20c
shinjuku-2026-r1-gian-12,hard,content,OA12-H-21,この条例は、令和8年4月1日から施行する。,https://www.city.shinjuku.lg.jp/content/000448428.pdf,1b7d98e542f1e28cdbfc69410274553ee945f393f21c7e5c0c3ece82c4e0c1be,附則（施行期日）,この条例は、令和8年4月1日から施行する,supported,4a4f0470544c88165e760ef3ab3ce77da0eb4f413f671cc9c2432924ab85b20c
shinjuku-2026-r1-gian-12,hard,content,OA12-H-22,第12号議案 全文 / https://www.city.shinjuku.lg.jp/content/000448428.pdf / 1b7d98e542f1e28cdbfc69410274553ee945f393f21c7e5c0c3ece82c4e0c1be,https://www.city.shinjuku.lg.jp/content/000448428.pdf,1b7d98e542f1e28cdbfc69410274553ee945f393f21c7e5c0c3ece82c4e0c1be,件名,新宿区職員の特殊勤務手当に関する条例の一部を改正する条例,supported,4a4f0470544c88165e760ef3ab3ce77da0eb4f413f671cc9c2432924ab85b20c
shinjuku-2026-r1-gian-12,hard,content,OA12-H-23,提出案件概要（条例関係） / https://www.city.shinjuku.lg.jp/content/000447774.pdf / 1dc3eaffcafb1b1c9e139e823182dc80dc0755624813ca87d8b274d15f5b6624,https://www.city.shinjuku.lg.jp/content/000447774.pdf,1dc3eaffcafb1b1c9e139e823182dc80dc0755624813ca87d8b274d15f5b6624,提出案件概要（条例関係）,第1回区議会定例会提出案件概要…（条例関係）,supported,4a4f0470544c88165e760ef3ab3ce77da0eb4f413f671cc9c2432924ab85b20c
shinjuku-2026-r1-gian-12,hard,content,OA12-H-24,議案の概要と審議結果 / https://www.city.shinjuku.lg.jp/content/000452334.pdf / 22ba4f49b18c96bd1fa26241606257c05477f38e25ac46d6f8e4f416a2cedbf2,https://www.city.shinjuku.lg.jp/content/000452334.pdf,22ba4f49b18c96bd1fa26241606257c05477f38e25ac46d6f8e4f416a2cedbf2,議案の概要と審議結果,議案の概要と審議結果,supported,4a4f0470544c88165e760ef3ab3ce77da0eb4f413f671cc9c2432924ab85b20c
shinjuku-2026-r1-gian-12,hard,content,OA12-H-25,議決結果ページ（2026-10-04 取得） / https://www.city.shinjuku.lg.jp/kusei/soumu01_002090_00015.html / 7c2b6f68db1b433b860b35d176b4dd9211e78582ec9de718fcfefe68b22d896a,https://www.city.shinjuku.lg.jp/kusei/soumu01_002090_00015.html,7c2b6f68db1b433b860b35d176b4dd9211e78582ec9de718fcfefe68b22d896a,審議状況（議決結果ページ）,第12号議案新宿区職員の特殊勤務手当に関する条例の一部を改正する条例原案可決,supported,4a4f0470544c88165e760ef3ab3ce77da0eb4f413f671cc9c2432924ab85b20c
shinjuku-2026-r1-gian-12,hard,content,OA12-H-26,会議録 3月24日 議長（委員会審査報告） / https://ssp.kaigiroku.net/tenant/shinjuku/MinuteView.html?council_id=3163&schedule_id=5&minute_id=28 / fc1da089857f696094cec7d628ff438dd74002a8df2fa07026c0a0506f81e6d2,https://ssp.kaigiroku.net/tenant/shinjuku/MinuteView.html?council_id=3163&schedule_id=5&minute_id=28,fc1da089857f696094cec7d628ff438dd74002a8df2fa07026c0a0506f81e6d2,審議状況（本会議 3月24日 議長）,総務区民委員会審査報告書は、可決です…御異議ありませんか,supported,4a4f0470544c88165e760ef3ab3ce77da0eb4f413f671cc9c2432924ab85b20c
shinjuku-2026-r1-gian-12,hard,content,OA12-H-27,会議録 3月24日 議長（採決） / https://ssp.kaigiroku.net/tenant/shinjuku/MinuteView.html?council_id=3163&schedule_id=5&minute_id=29 / 970914f9ce4a28e423e8480a3d4ce175afafafeebd92448698df42d97cb2ec1d,https://ssp.kaigiroku.net/tenant/shinjuku/MinuteView.html?council_id=3163&schedule_id=5&minute_id=29,970914f9ce4a28e423e8480a3d4ce175afafafeebd92448698df42d97cb2ec1d,審議状況（本会議 3月24日 議長）,異議なしと認めます…本案は、いずれも委員会審査報告のとおり可決されました,supported,4a4f0470544c88165e760ef3ab3ce77da0eb4f413f671cc9c2432924ab85b20c
shinjuku-2026-r1-gian-13,easy,title,OA13-ET-01,見出し: 職員を 派遣できる 団体を 1つ 足します,https://www.city.shinjuku.lg.jp/content/000448429.pdf,ea7770fc2dd74ad2d990160007672b0cdf2ff7d1957209ce4e3575543f7418fe,第2条第1項,第2条第1項に次の1号を加える…⑻…一般財団法人道路管理センター,supported,695acdd5760a85b091e311c6a6b488f430eb89f1b1b1e6d16e966ee84c842750
shinjuku-2026-r1-gian-13,easy,summary,OA13-ES-01,要約: 職員を 派遣できる 団体に 一般財団法人道路管理センターを 足します。,https://www.city.shinjuku.lg.jp/content/000447774.pdf,1dc3eaffcafb1b1c9e139e823182dc80dc0755624813ca87d8b274d15f5b6624,第13号議案,職員の派遣先団体に「一般財団法人道路管理センター」を追…加する,supported,695acdd5760a85b091e311c6a6b488f430eb89f1b1b1e6d16e966ee84c842750
shinjuku-2026-r1-gian-13,easy,summary,OA13-ES-02,要約: 2026年（令和8年）4月1日（水）から 始まります。,https://www.city.shinjuku.lg.jp/content/000448429.pdf,ea7770fc2dd74ad2d990160007672b0cdf2ff7d1957209ce4e3575543f7418fe,附則（施行期日）,この条例は、令和8年4月1日から施行する,supported,695acdd5760a85b091e311c6a6b488f430eb89f1b1b1e6d16e966ee84c842750
shinjuku-2026-r1-gian-13,easy,content,OA13-E-01,【公益的法人等への新宿区職員の派遣等に関する条例】［こうえきてきほうじんとうへのしんじゅくくしょくいんのはけんとうにかんするじょうれい］（＝区の 職員を 団体に 派遣する 決まり）を 変えます。,https://www.city.shinjuku.lg.jp/content/000448429.pdf,ea7770fc2dd74ad2d990160007672b0cdf2ff7d1957209ce4e3575543f7418fe,改め文,公益的法人等への新宿区職員の派遣等に関する条例（平成15年新宿区条例第65号）の一部を次のように改正する,supported,695acdd5760a85b091e311c6a6b488f430eb89f1b1b1e6d16e966ee84c842750
shinjuku-2026-r1-gian-13,easy,content,OA13-E-02,対象は 平成15年 新宿区条例 第65号です。,https://www.city.shinjuku.lg.jp/content/000448429.pdf,ea7770fc2dd74ad2d990160007672b0cdf2ff7d1957209ce4e3575543f7418fe,改め文,公益的法人等への新宿区職員の派遣等に関する条例（平成15年新宿区条例第65号）の一部を次のように改正する,supported,695acdd5760a85b091e311c6a6b488f430eb89f1b1b1e6d16e966ee84c842750
shinjuku-2026-r1-gian-13,easy,content,OA13-E-03,職員を 派遣できる 団体を 決めて います。,https://www.city.shinjuku.lg.jp/content/000448429.pdf,ea7770fc2dd74ad2d990160007672b0cdf2ff7d1957209ce4e3575543f7418fe,第2条第1項,第2条第1項に次の1号を加える…⑻…一般財団法人道路管理センター,supported,695acdd5760a85b091e311c6a6b488f430eb89f1b1b1e6d16e966ee84c842750
shinjuku-2026-r1-gian-13,easy,content,OA13-E-04,派遣先の 団体の 一覧に 1つ 足します。,https://www.city.shinjuku.lg.jp/content/000448429.pdf,ea7770fc2dd74ad2d990160007672b0cdf2ff7d1957209ce4e3575543f7418fe,第2条第1項,第2条第1項に次の1号を加える…⑻…一般財団法人道路管理センター,supported,695acdd5760a85b091e311c6a6b488f430eb89f1b1b1e6d16e966ee84c842750
shinjuku-2026-r1-gian-13,easy,content,OA13-E-05,足す 団体は 一般財団法人道路管理センターです。,https://www.city.shinjuku.lg.jp/content/000447774.pdf,1dc3eaffcafb1b1c9e139e823182dc80dc0755624813ca87d8b274d15f5b6624,第13号議案,職員の派遣先団体に「一般財団法人道路管理センター」を追…加する,supported,695acdd5760a85b091e311c6a6b488f430eb89f1b1b1e6d16e966ee84c842750
shinjuku-2026-r1-gian-13,easy,content,OA13-E-06,条例の 第2条 第1項に 新しい 号を 足します。,https://www.city.shinjuku.lg.jp/content/000448429.pdf,ea7770fc2dd74ad2d990160007672b0cdf2ff7d1957209ce4e3575543f7418fe,第2条第1項,第2条第1項に次の1号を加える…⑻…一般財団法人道路管理センター,supported,695acdd5760a85b091e311c6a6b488f430eb89f1b1b1e6d16e966ee84c842750
shinjuku-2026-r1-gian-13,easy,content,OA13-E-07,足す 理由は 派遣先に 加える 必要が あるからです。,https://www.city.shinjuku.lg.jp/content/000448429.pdf,ea7770fc2dd74ad2d990160007672b0cdf2ff7d1957209ce4e3575543f7418fe,（提案理由）,職員の派遣先団体に一般財団法人道路管理センターを追加する必要があるため,supported,695acdd5760a85b091e311c6a6b488f430eb89f1b1b1e6d16e966ee84c842750
shinjuku-2026-r1-gian-13,easy,content,OA13-E-08,2026年（令和8年）4月1日（水）から 始まります。,https://www.city.shinjuku.lg.jp/content/000448429.pdf,ea7770fc2dd74ad2d990160007672b0cdf2ff7d1957209ce4e3575543f7418fe,附則（施行期日）,この条例は、令和8年4月1日から施行する,supported,695acdd5760a85b091e311c6a6b488f430eb89f1b1b1e6d16e966ee84c842750
shinjuku-2026-r1-gian-13,easy,content,OA13-E-09,【原案可決】［げんあんかけつ］（＝出した 通りの 内容で 決まること）です。,https://www.city.shinjuku.lg.jp/kusei/soumu01_002090_00015.html,7c2b6f68db1b433b860b35d176b4dd9211e78582ec9de718fcfefe68b22d896a,審議状況（議決結果ページ）,第13号議案公益的法人等への新宿区職員の派遣等に関する条例の一部を改正する条例原案可決,supported,695acdd5760a85b091e311c6a6b488f430eb89f1b1b1e6d16e966ee84c842750
shinjuku-2026-r1-gian-13,easy,content,OA13-E-10,2026年（令和8年）の 第1回定例会で 決まりました。,https://www.city.shinjuku.lg.jp/content/000452334.pdf,22ba4f49b18c96bd1fa26241606257c05477f38e25ac46d6f8e4f416a2cedbf2,審議状況（会期）,令和８年第１回定例会…２月１７日～３月２４日,supported,695acdd5760a85b091e311c6a6b488f430eb89f1b1b1e6d16e966ee84c842750
shinjuku-2026-r1-gian-13,easy,content,OA13-E-11,会期は 2026年2月17日（火）から 3月24日（火）まででした。,https://www.city.shinjuku.lg.jp/content/000452334.pdf,22ba4f49b18c96bd1fa26241606257c05477f38e25ac46d6f8e4f416a2cedbf2,審議状況（会期）,令和８年第１回定例会…２月１７日～３月２４日,supported,695acdd5760a85b091e311c6a6b488f430eb89f1b1b1e6d16e966ee84c842750
shinjuku-2026-r1-gian-13,easy,content,OA13-E-12,本会議で 決まった 日は 3月24日（火）です。,https://ssp.kaigiroku.net/tenant/shinjuku/MinuteView.html?council_id=3163&schedule_id=5&minute_id=1,bd058d36962b45d8d965e4625bb95ecd661a102a026175213f37ba9eb575424a,審議状況（本会議 3月24日 議長）,令和８年第１回定例会会議録（第４日）第４号…令和８年３月２４日（火曜日）,supported,695acdd5760a85b091e311c6a6b488f430eb89f1b1b1e6d16e966ee84c842750
shinjuku-2026-r1-gian-13,easy,content,OA13-E-13,ほかの 議案と まとめて 議題に なりました。,https://ssp.kaigiroku.net/tenant/shinjuku/MinuteView.html?council_id=3163&schedule_id=5&minute_id=19,8a31f81d234a3fc5b7611fdb2c52bf9ed24b1c6d4debb8d75e66e76874004ad4,審議状況（本会議 3月24日 議長）,日程第３から日程第１０までを一括議題とします,supported,695acdd5760a85b091e311c6a6b488f430eb89f1b1b1e6d16e966ee84c842750
shinjuku-2026-r1-gian-13,easy,content,OA13-E-14,総務区民委員会の 審査報告書は 可決でした。,https://ssp.kaigiroku.net/tenant/shinjuku/MinuteView.html?council_id=3163&schedule_id=5&minute_id=28,fc1da089857f696094cec7d628ff438dd74002a8df2fa07026c0a0506f81e6d2,審議状況（本会議 3月24日 議長）,総務区民委員会審査報告書は、可決です…御異議ありませんか,supported,695acdd5760a85b091e311c6a6b488f430eb89f1b1b1e6d16e966ee84c842750
shinjuku-2026-r1-gian-13,easy,content,OA13-E-15,議長が 異議が ないか たずねました。,https://ssp.kaigiroku.net/tenant/shinjuku/MinuteView.html?council_id=3163&schedule_id=5&minute_id=28,fc1da089857f696094cec7d628ff438dd74002a8df2fa07026c0a0506f81e6d2,審議状況（本会議 3月24日 議長）,総務区民委員会審査報告書は、可決です…御異議ありませんか,supported,695acdd5760a85b091e311c6a6b488f430eb89f1b1b1e6d16e966ee84c842750
shinjuku-2026-r1-gian-13,easy,content,OA13-E-16,異議なしと 認められて 可決しました。,https://ssp.kaigiroku.net/tenant/shinjuku/MinuteView.html?council_id=3163&schedule_id=5&minute_id=29,970914f9ce4a28e423e8480a3d4ce175afafafeebd92448698df42d97cb2ec1d,審議状況（本会議 3月24日 議長）,異議なしと認めます…本案は、いずれも委員会審査報告のとおり可決されました,supported,695acdd5760a85b091e311c6a6b488f430eb89f1b1b1e6d16e966ee84c842750
shinjuku-2026-r1-gian-13,easy,content,OA13-E-17,賛成したのは ８つの 会派 すべてです。,https://www.city.shinjuku.lg.jp/content/000452334.pdf,22ba4f49b18c96bd1fa26241606257c05477f38e25ac46d6f8e4f416a2cedbf2,審議状況（議案の概要と審議結果の採決結果行）,職員の派遣先団体に「一般財団法人道路管理センター」を追加する。○○○○○○○○可決,supported,695acdd5760a85b091e311c6a6b488f430eb89f1b1b1e6d16e966ee84c842750
shinjuku-2026-r1-gian-13,normal,title,OA13-NT-01,見出し: 職員の派遣先団体に一般財団法人道路管理センターを追加,https://www.city.shinjuku.lg.jp/content/000447774.pdf,1dc3eaffcafb1b1c9e139e823182dc80dc0755624813ca87d8b274d15f5b6624,第13号議案,職員の派遣先団体に「一般財団法人道路管理センター」を追…加する,supported,e03ffcde5a44e0d0bbf4031a7e2479b96eec7964ffa565503649ee47bc6c0d78
shinjuku-2026-r1-gian-13,normal,summary,OA13-NS-01,要約: 職員の派遣先団体に「一般財団法人道路管理センター」を追加する条例改正です。,https://www.city.shinjuku.lg.jp/content/000447774.pdf,1dc3eaffcafb1b1c9e139e823182dc80dc0755624813ca87d8b274d15f5b6624,第13号議案,職員の派遣先団体に「一般財団法人道路管理センター」を追…加する,supported,e03ffcde5a44e0d0bbf4031a7e2479b96eec7964ffa565503649ee47bc6c0d78
shinjuku-2026-r1-gian-13,normal,summary,OA13-NS-02,要約: 施行日は令和8年4月1日です。,https://www.city.shinjuku.lg.jp/content/000448429.pdf,ea7770fc2dd74ad2d990160007672b0cdf2ff7d1957209ce4e3575543f7418fe,附則（施行期日）,この条例は、令和8年4月1日から施行する,supported,e03ffcde5a44e0d0bbf4031a7e2479b96eec7964ffa565503649ee47bc6c0d78
shinjuku-2026-r1-gian-13,normal,content,OA13-N-01,公益的法人等への新宿区職員の派遣等に関する条例（平成15年新宿区条例第65号）の改正です。,https://www.city.shinjuku.lg.jp/content/000448429.pdf,ea7770fc2dd74ad2d990160007672b0cdf2ff7d1957209ce4e3575543f7418fe,改め文,公益的法人等への新宿区職員の派遣等に関する条例（平成15年新宿区条例第65号）の一部を次のように改正する,supported,e03ffcde5a44e0d0bbf4031a7e2479b96eec7964ffa565503649ee47bc6c0d78
shinjuku-2026-r1-gian-13,normal,content,OA13-N-02,同条例第2条第1項に、職員の派遣先となる団体が定められています。,https://www.city.shinjuku.lg.jp/content/000448429.pdf,ea7770fc2dd74ad2d990160007672b0cdf2ff7d1957209ce4e3575543f7418fe,第2条第1項,第2条第1項に次の1号を加える…⑻…一般財団法人道路管理センター,supported,e03ffcde5a44e0d0bbf4031a7e2479b96eec7964ffa565503649ee47bc6c0d78
shinjuku-2026-r1-gian-13,normal,content,OA13-N-03,職員の派遣先団体に「一般財団法人道路管理センター」を追加する。,https://www.city.shinjuku.lg.jp/content/000447774.pdf,1dc3eaffcafb1b1c9e139e823182dc80dc0755624813ca87d8b274d15f5b6624,第13号議案,職員の派遣先団体に「一般財団法人道路管理センター」を追…加する,supported,e03ffcde5a44e0d0bbf4031a7e2479b96eec7964ffa565503649ee47bc6c0d78
shinjuku-2026-r1-gian-13,normal,content,OA13-N-04,議案本文の提案理由も「職員の派遣先団体に一般財団法人道路管理センターを追加する必要があるため」とだけ記しています。,https://www.city.shinjuku.lg.jp/content/000448429.pdf,ea7770fc2dd74ad2d990160007672b0cdf2ff7d1957209ce4e3575543f7418fe,（提案理由）,職員の派遣先団体に一般財団法人道路管理センターを追加する必要があるため,supported,e03ffcde5a44e0d0bbf4031a7e2479b96eec7964ffa565503649ee47bc6c0d78
shinjuku-2026-r1-gian-13,normal,content,OA13-N-05,第2条第1項に、次の1号が加えられます。,https://www.city.shinjuku.lg.jp/content/000448429.pdf,ea7770fc2dd74ad2d990160007672b0cdf2ff7d1957209ce4e3575543f7418fe,第2条第1項,第2条第1項に次の1号を加える…⑻…一般財団法人道路管理センター,supported,e03ffcde5a44e0d0bbf4031a7e2479b96eec7964ffa565503649ee47bc6c0d78
shinjuku-2026-r1-gian-13,normal,content,OA13-N-06,一般財団法人道路管理センター,https://www.city.shinjuku.lg.jp/content/000448429.pdf,ea7770fc2dd74ad2d990160007672b0cdf2ff7d1957209ce4e3575543f7418fe,第2条第1項,第2条第1項に次の1号を加える…⑻…一般財団法人道路管理センター,supported,e03ffcde5a44e0d0bbf4031a7e2479b96eec7964ffa565503649ee47bc6c0d78
shinjuku-2026-r1-gian-13,normal,content,OA13-N-07,改め文の内容はこの1号の追加だけです。,https://www.city.shinjuku.lg.jp/content/000448429.pdf,ea7770fc2dd74ad2d990160007672b0cdf2ff7d1957209ce4e3575543f7418fe,第2条第1項,第2条第1項に次の1号を加える…⑻…一般財団法人道路管理センター,supported,e03ffcde5a44e0d0bbf4031a7e2479b96eec7964ffa565503649ee47bc6c0d78
shinjuku-2026-r1-gian-13,normal,content,OA13-N-08,令和8年4月1日（水曜日）から施行されます。,https://www.city.shinjuku.lg.jp/content/000448429.pdf,ea7770fc2dd74ad2d990160007672b0cdf2ff7d1957209ce4e3575543f7418fe,附則（施行期日）,この条例は、令和8年4月1日から施行する,supported,e03ffcde5a44e0d0bbf4031a7e2479b96eec7964ffa565503649ee47bc6c0d78
shinjuku-2026-r1-gian-13,normal,content,OA13-N-09,附則には施行期日だけが定められています。,https://www.city.shinjuku.lg.jp/content/000448429.pdf,ea7770fc2dd74ad2d990160007672b0cdf2ff7d1957209ce4e3575543f7418fe,附則（施行期日）,この条例は、令和8年4月1日から施行する,supported,e03ffcde5a44e0d0bbf4031a7e2479b96eec7964ffa565503649ee47bc6c0d78
shinjuku-2026-r1-gian-13,normal,content,OA13-N-10,令和8年第1回定例会（会期は2月17日から3月24日まで）で審議されました。,https://www.city.shinjuku.lg.jp/content/000452334.pdf,22ba4f49b18c96bd1fa26241606257c05477f38e25ac46d6f8e4f416a2cedbf2,審議状況（会期）,令和８年第１回定例会…２月１７日～３月２４日,supported,e03ffcde5a44e0d0bbf4031a7e2479b96eec7964ffa565503649ee47bc6c0d78
shinjuku-2026-r1-gian-13,normal,content,OA13-N-11,本会議は第4日にあたる3月24日（火曜日）でした。,https://ssp.kaigiroku.net/tenant/shinjuku/MinuteView.html?council_id=3163&schedule_id=5&minute_id=1,bd058d36962b45d8d965e4625bb95ecd661a102a026175213f37ba9eb575424a,審議状況（本会議 3月24日 議長）,令和８年第１回定例会会議録（第４日）第４号…令和８年３月２４日（火曜日）,supported,e03ffcde5a44e0d0bbf4031a7e2479b96eec7964ffa565503649ee47bc6c0d78
shinjuku-2026-r1-gian-13,normal,content,OA13-N-12,日程第3から日程第10までの議案とあわせて、一括して議題となりました。,https://ssp.kaigiroku.net/tenant/shinjuku/MinuteView.html?council_id=3163&schedule_id=5&minute_id=19,8a31f81d234a3fc5b7611fdb2c52bf9ed24b1c6d4debb8d75e66e76874004ad4,審議状況（本会議 3月24日 議長）,日程第３から日程第１０までを一括議題とします,supported,e03ffcde5a44e0d0bbf4031a7e2479b96eec7964ffa565503649ee47bc6c0d78
shinjuku-2026-r1-gian-13,normal,content,OA13-N-13,総務区民委員会の審査報告書は「可決」でした。,https://ssp.kaigiroku.net/tenant/shinjuku/MinuteView.html?council_id=3163&schedule_id=5&minute_id=28,fc1da089857f696094cec7d628ff438dd74002a8df2fa07026c0a0506f81e6d2,審議状況（本会議 3月24日 議長）,総務区民委員会審査報告書は、可決です…御異議ありませんか,supported,e03ffcde5a44e0d0bbf4031a7e2479b96eec7964ffa565503649ee47bc6c0d78
shinjuku-2026-r1-gian-13,normal,content,OA13-N-14,本会議は、異議なしと認めて、委員会審査報告のとおり可決しました。,https://ssp.kaigiroku.net/tenant/shinjuku/MinuteView.html?council_id=3163&schedule_id=5&minute_id=29,970914f9ce4a28e423e8480a3d4ce175afafafeebd92448698df42d97cb2ec1d,審議状況（本会議 3月24日 議長）,異議なしと認めます…本案は、いずれも委員会審査報告のとおり可決されました,supported,e03ffcde5a44e0d0bbf4031a7e2479b96eec7964ffa565503649ee47bc6c0d78
shinjuku-2026-r1-gian-13,normal,content,OA13-N-15,議決結果ページの記載は「原案可決」です。,https://www.city.shinjuku.lg.jp/kusei/soumu01_002090_00015.html,7c2b6f68db1b433b860b35d176b4dd9211e78582ec9de718fcfefe68b22d896a,審議状況（議決結果ページ）,第13号議案公益的法人等への新宿区職員の派遣等に関する条例の一部を改正する条例原案可決,supported,e03ffcde5a44e0d0bbf4031a7e2479b96eec7964ffa565503649ee47bc6c0d78
shinjuku-2026-r1-gian-13,normal,content,OA13-N-16,「議案の概要と審議結果」の採決結果行では、8会派すべてが賛成（○）でした。,https://www.city.shinjuku.lg.jp/content/000452334.pdf,22ba4f49b18c96bd1fa26241606257c05477f38e25ac46d6f8e4f416a2cedbf2,審議状況（議案の概要と審議結果の採決結果行）,職員の派遣先団体に「一般財団法人道路管理センター」を追加する。○○○○○○○○可決,supported,e03ffcde5a44e0d0bbf4031a7e2479b96eec7964ffa565503649ee47bc6c0d78
shinjuku-2026-r1-gian-13,hard,title,OA13-HT-01,見出し: 第13号議案 公益的法人等への新宿区職員の派遣等に関する条例の一部を改正する条例,https://www.city.shinjuku.lg.jp/content/000448429.pdf,ea7770fc2dd74ad2d990160007672b0cdf2ff7d1957209ce4e3575543f7418fe,件名,公益的法人等への新宿区職員の派遣等に関する条例の一部を改正する条例,supported,27dfb613c007bde7f15e9318075bd722b7527b3c8491bfe43bbab1667cd1306f
shinjuku-2026-r1-gian-13,hard,summary,OA13-HS-01,要約: 平成15年新宿区条例第65号第2条第1項に1号を加え、職員の派遣先団体に一般財団法人道路管理センターを追加する改正。,https://www.city.shinjuku.lg.jp/content/000448429.pdf,ea7770fc2dd74ad2d990160007672b0cdf2ff7d1957209ce4e3575543f7418fe,第2条第1項,第2条第1項に次の1号を加える…⑻…一般財団法人道路管理センター,supported,27dfb613c007bde7f15e9318075bd722b7527b3c8491bfe43bbab1667cd1306f
shinjuku-2026-r1-gian-13,hard,summary,OA13-HS-02,要約: 施行日は令和8年4月1日。,https://www.city.shinjuku.lg.jp/content/000448429.pdf,ea7770fc2dd74ad2d990160007672b0cdf2ff7d1957209ce4e3575543f7418fe,附則（施行期日）,この条例は、令和8年4月1日から施行する,supported,27dfb613c007bde7f15e9318075bd722b7527b3c8491bfe43bbab1667cd1306f
shinjuku-2026-r1-gian-13,hard,content,OA13-H-01,提出日: 令和8年2月17日,https://www.city.shinjuku.lg.jp/content/000448429.pdf,ea7770fc2dd74ad2d990160007672b0cdf2ff7d1957209ce4e3575543f7418fe,提出日・提出者,令和８年２月１７日…新宿区長…吉住…健一,supported,27dfb613c007bde7f15e9318075bd722b7527b3c8491bfe43bbab1667cd1306f
shinjuku-2026-r1-gian-13,hard,content,OA13-H-02,提出者: 新宿区長 吉住健一,https://www.city.shinjuku.lg.jp/content/000448429.pdf,ea7770fc2dd74ad2d990160007672b0cdf2ff7d1957209ce4e3575543f7418fe,提出日・提出者,令和８年２月１７日…新宿区長…吉住…健一,supported,27dfb613c007bde7f15e9318075bd722b7527b3c8491bfe43bbab1667cd1306f
shinjuku-2026-r1-gian-13,hard,content,OA13-H-03,対象条例: 公益的法人等への新宿区職員の派遣等に関する条例（平成15年新宿区条例第65号）,https://www.city.shinjuku.lg.jp/content/000448429.pdf,ea7770fc2dd74ad2d990160007672b0cdf2ff7d1957209ce4e3575543f7418fe,改め文,公益的法人等への新宿区職員の派遣等に関する条例（平成15年新宿区条例第65号）の一部を次のように改正する,supported,27dfb613c007bde7f15e9318075bd722b7527b3c8491bfe43bbab1667cd1306f
shinjuku-2026-r1-gian-13,hard,content,OA13-H-04,議決: 原案可決（議決結果ページの記載）,https://www.city.shinjuku.lg.jp/kusei/soumu01_002090_00015.html,7c2b6f68db1b433b860b35d176b4dd9211e78582ec9de718fcfefe68b22d896a,審議状況（議決結果ページ）,第13号議案公益的法人等への新宿区職員の派遣等に関する条例の一部を改正する条例原案可決,supported,27dfb613c007bde7f15e9318075bd722b7527b3c8491bfe43bbab1667cd1306f
shinjuku-2026-r1-gian-13,hard,content,OA13-H-05,本会議: 令和8年3月24日（火曜日）、会議録 第4日第4号,https://ssp.kaigiroku.net/tenant/shinjuku/MinuteView.html?council_id=3163&schedule_id=5&minute_id=1,bd058d36962b45d8d965e4625bb95ecd661a102a026175213f37ba9eb575424a,審議状況（本会議 3月24日 議長）,令和８年第１回定例会会議録（第４日）第４号…令和８年３月２４日（火曜日）,supported,27dfb613c007bde7f15e9318075bd722b7527b3c8491bfe43bbab1667cd1306f
shinjuku-2026-r1-gian-13,hard,content,OA13-H-06,議題: 日程第3から日程第10までを一括して議題とした,https://ssp.kaigiroku.net/tenant/shinjuku/MinuteView.html?council_id=3163&schedule_id=5&minute_id=19,8a31f81d234a3fc5b7611fdb2c52bf9ed24b1c6d4debb8d75e66e76874004ad4,審議状況（本会議 3月24日 議長）,日程第３から日程第１０までを一括議題とします,supported,27dfb613c007bde7f15e9318075bd722b7527b3c8491bfe43bbab1667cd1306f
shinjuku-2026-r1-gian-13,hard,content,OA13-H-07,会議録: 第13号議案の議題朗読が記載されている,https://ssp.kaigiroku.net/tenant/shinjuku/MinuteView.html?council_id=3163&schedule_id=5&minute_id=23,df6bcd0f671e20f9773cbbd9ce57dafcd7376952976ed62fb814cbc2721e2000,審議状況（本会議 3月24日 議長）,第１３号議案公益的法人等への新宿区職員の派遣等に関する条例の一部を改正する条例,supported,27dfb613c007bde7f15e9318075bd722b7527b3c8491bfe43bbab1667cd1306f
shinjuku-2026-r1-gian-13,hard,content,OA13-H-08,委員会審査報告: 総務区民委員会の審査報告書は可決,https://ssp.kaigiroku.net/tenant/shinjuku/MinuteView.html?council_id=3163&schedule_id=5&minute_id=28,fc1da089857f696094cec7d628ff438dd74002a8df2fa07026c0a0506f81e6d2,審議状況（本会議 3月24日 議長）,総務区民委員会審査報告書は、可決です…御異議ありませんか,supported,27dfb613c007bde7f15e9318075bd722b7527b3c8491bfe43bbab1667cd1306f
shinjuku-2026-r1-gian-13,hard,content,OA13-H-09,採決方法: 異議なし,https://ssp.kaigiroku.net/tenant/shinjuku/MinuteView.html?council_id=3163&schedule_id=5&minute_id=29,970914f9ce4a28e423e8480a3d4ce175afafafeebd92448698df42d97cb2ec1d,審議状況（本会議 3月24日 議長）,異議なしと認めます…本案は、いずれも委員会審査報告のとおり可決されました,supported,27dfb613c007bde7f15e9318075bd722b7527b3c8491bfe43bbab1667cd1306f
shinjuku-2026-r1-gian-13,hard,content,OA13-H-10,会派別の賛否: 全8会派が賛成（採決結果行は ○○○○○○○○）,https://www.city.shinjuku.lg.jp/content/000452334.pdf,22ba4f49b18c96bd1fa26241606257c05477f38e25ac46d6f8e4f416a2cedbf2,審議状況（議案の概要と審議結果の採決結果行）,職員の派遣先団体に「一般財団法人道路管理センター」を追加する。○○○○○○○○可決,supported,27dfb613c007bde7f15e9318075bd722b7527b3c8491bfe43bbab1667cd1306f
shinjuku-2026-r1-gian-13,hard,content,OA13-H-11,会派: 自民・参政クラブ、新宿区議会公明党、日本共産党新宿区議会議員団、新宿未来の会、立憲民主党・無所属クラブ、日本維新の会・新宿区議団、現役世代に優しい新宿・減税の会、れいわ新選組 新宿,https://www.city.shinjuku.lg.jp/content/000452334.pdf,22ba4f49b18c96bd1fa26241606257c05477f38e25ac46d6f8e4f416a2cedbf2,会派略称・列の並び,共産＝日本共産党新宿区議会議員団…れいわ＝れいわ新選組 新宿…自参ク＝自民・参政クラブ…公明＝新宿区議会公明党…新宿会＝新宿未来の会…民無ク＝立憲民主党・無所属クラブ…維新＝日本維新の会・新宿区議団…現役＝現役世代に優しい新宿・減税の会,supported,27dfb613c007bde7f15e9318075bd722b7527b3c8491bfe43bbab1667cd1306f
shinjuku-2026-r1-gian-13,hard,content,OA13-H-12,職員の派遣先団体に一般財団法人道路管理センターを追加する必要があるため,https://www.city.shinjuku.lg.jp/content/000448429.pdf,ea7770fc2dd74ad2d990160007672b0cdf2ff7d1957209ce4e3575543f7418fe,（提案理由）,職員の派遣先団体に一般財団法人道路管理センターを追加する必要があるため,supported,27dfb613c007bde7f15e9318075bd722b7527b3c8491bfe43bbab1667cd1306f
shinjuku-2026-r1-gian-13,hard,content,OA13-H-13,第2条第1項 / 次の1号を加える。一般財団法人道路管理センター,https://www.city.shinjuku.lg.jp/content/000448429.pdf,ea7770fc2dd74ad2d990160007672b0cdf2ff7d1957209ce4e3575543f7418fe,第2条第1項,第2条第1項に次の1号を加える…⑻…一般財団法人道路管理センター,supported,27dfb613c007bde7f15e9318075bd722b7527b3c8491bfe43bbab1667cd1306f
shinjuku-2026-r1-gian-13,hard,content,OA13-H-14,職員の派遣先団体に「一般財団法人道路管理センター」を追加する。,https://www.city.shinjuku.lg.jp/content/000447774.pdf,1dc3eaffcafb1b1c9e139e823182dc80dc0755624813ca87d8b274d15f5b6624,第13号議案,職員の派遣先団体に「一般財団法人道路管理センター」を追…加する,supported,27dfb613c007bde7f15e9318075bd722b7527b3c8491bfe43bbab1667cd1306f
shinjuku-2026-r1-gian-13,hard,content,OA13-H-15,「議案の概要と審議結果」も同旨の概要を記載している。,https://www.city.shinjuku.lg.jp/content/000452334.pdf,22ba4f49b18c96bd1fa26241606257c05477f38e25ac46d6f8e4f416a2cedbf2,第13号議案（議案の概要）,職員の派遣先団体に「一般財団法人道路管理センター」を追加する,supported,27dfb613c007bde7f15e9318075bd722b7527b3c8491bfe43bbab1667cd1306f
shinjuku-2026-r1-gian-13,hard,content,OA13-H-16,この条例は、令和8年4月1日から施行する。,https://www.city.shinjuku.lg.jp/content/000448429.pdf,ea7770fc2dd74ad2d990160007672b0cdf2ff7d1957209ce4e3575543f7418fe,附則（施行期日）,この条例は、令和8年4月1日から施行する,supported,27dfb613c007bde7f15e9318075bd722b7527b3c8491bfe43bbab1667cd1306f
shinjuku-2026-r1-gian-13,hard,content,OA13-H-17,第13号議案 全文 / https://www.city.shinjuku.lg.jp/content/000448429.pdf / ea7770fc2dd74ad2d990160007672b0cdf2ff7d1957209ce4e3575543f7418fe,https://www.city.shinjuku.lg.jp/content/000448429.pdf,ea7770fc2dd74ad2d990160007672b0cdf2ff7d1957209ce4e3575543f7418fe,件名,公益的法人等への新宿区職員の派遣等に関する条例の一部を改正する条例,supported,27dfb613c007bde7f15e9318075bd722b7527b3c8491bfe43bbab1667cd1306f
shinjuku-2026-r1-gian-13,hard,content,OA13-H-18,提出案件概要（条例関係） / https://www.city.shinjuku.lg.jp/content/000447774.pdf / 1dc3eaffcafb1b1c9e139e823182dc80dc0755624813ca87d8b274d15f5b6624,https://www.city.shinjuku.lg.jp/content/000447774.pdf,1dc3eaffcafb1b1c9e139e823182dc80dc0755624813ca87d8b274d15f5b6624,提出案件概要（条例関係）,第1回区議会定例会提出案件概要…（条例関係）,supported,27dfb613c007bde7f15e9318075bd722b7527b3c8491bfe43bbab1667cd1306f
shinjuku-2026-r1-gian-13,hard,content,OA13-H-19,議案の概要と審議結果 / https://www.city.shinjuku.lg.jp/content/000452334.pdf / 22ba4f49b18c96bd1fa26241606257c05477f38e25ac46d6f8e4f416a2cedbf2,https://www.city.shinjuku.lg.jp/content/000452334.pdf,22ba4f49b18c96bd1fa26241606257c05477f38e25ac46d6f8e4f416a2cedbf2,議案の概要と審議結果,議案の概要と審議結果,supported,27dfb613c007bde7f15e9318075bd722b7527b3c8491bfe43bbab1667cd1306f
shinjuku-2026-r1-gian-13,hard,content,OA13-H-20,議決結果ページ（2026-10-04 取得） / https://www.city.shinjuku.lg.jp/kusei/soumu01_002090_00015.html / 7c2b6f68db1b433b860b35d176b4dd9211e78582ec9de718fcfefe68b22d896a,https://www.city.shinjuku.lg.jp/kusei/soumu01_002090_00015.html,7c2b6f68db1b433b860b35d176b4dd9211e78582ec9de718fcfefe68b22d896a,審議状況（議決結果ページ）,第13号議案公益的法人等への新宿区職員の派遣等に関する条例の一部を改正する条例原案可決,supported,27dfb613c007bde7f15e9318075bd722b7527b3c8491bfe43bbab1667cd1306f
shinjuku-2026-r1-gian-13,hard,content,OA13-H-21,会議録 3月24日 議長（委員会審査報告） / https://ssp.kaigiroku.net/tenant/shinjuku/MinuteView.html?council_id=3163&schedule_id=5&minute_id=28 / fc1da089857f696094cec7d628ff438dd74002a8df2fa07026c0a0506f81e6d2,https://ssp.kaigiroku.net/tenant/shinjuku/MinuteView.html?council_id=3163&schedule_id=5&minute_id=28,fc1da089857f696094cec7d628ff438dd74002a8df2fa07026c0a0506f81e6d2,審議状況（本会議 3月24日 議長）,総務区民委員会審査報告書は、可決です…御異議ありませんか,supported,27dfb613c007bde7f15e9318075bd722b7527b3c8491bfe43bbab1667cd1306f
shinjuku-2026-r1-gian-13,hard,content,OA13-H-22,会議録 3月24日 議長（採決） / https://ssp.kaigiroku.net/tenant/shinjuku/MinuteView.html?council_id=3163&schedule_id=5&minute_id=29 / 970914f9ce4a28e423e8480a3d4ce175afafafeebd92448698df42d97cb2ec1d,https://ssp.kaigiroku.net/tenant/shinjuku/MinuteView.html?council_id=3163&schedule_id=5&minute_id=29,970914f9ce4a28e423e8480a3d4ce175afafafeebd92448698df42d97cb2ec1d,審議状況（本会議 3月24日 議長）,異議なしと認めます…本案は、いずれも委員会審査報告のとおり可決されました,supported,27dfb613c007bde7f15e9318075bd722b7527b3c8491bfe43bbab1667cd1306f
shinjuku-2026-r1-gian-14,easy,title,OA14-ET-01,見出し: 職員の 給料表と 手当を 変えます,https://www.city.shinjuku.lg.jp/content/000448430.pdf,d8c713d0a9df19109d7d58c4e01a35a8bf6531aa456b16bd969a5988fd349b05,（提案理由）,特別区人事委員会の勧告を受け管理職員の給与を改定するとともに、技能・業務系職員に係る人事・給与制度の見直しに伴い当該職員に係る給与を改定するほか、週休日等以外の日における管理職員特別勤務手当の支給対象となる時間を拡大する等所要の改正を行う必要があるため,supported,0bb7b9a735922d098cdf806e886417a674b30a960d8a79361319239020b1442a
shinjuku-2026-r1-gian-14,easy,summary,OA14-ES-01,要約: 職員の 給料表を 変えます。,https://www.city.shinjuku.lg.jp/content/000447774.pdf,1dc3eaffcafb1b1c9e139e823182dc80dc0755624813ca87d8b274d15f5b6624,第14号議案 1,令和7年特別区人事委員会の勧告を受け、管理職の職務・…職責をより重視した給与体系の実現及び早期昇格者の処遇…改善を図るため、行政職給料表（一）、医療職給料表（二）…及び医療職給料表（三）を改定する,supported,0bb7b9a735922d098cdf806e886417a674b30a960d8a79361319239020b1442a
shinjuku-2026-r1-gian-14,easy,summary,OA14-ES-02,要約: 管理職の 特別な 勤務の 手当が 出る 時間を ふやします。,https://www.city.shinjuku.lg.jp/content/000447774.pdf,1dc3eaffcafb1b1c9e139e823182dc80dc0755624813ca87d8b274d15f5b6624,第14号議案 2,国の取扱いとの均衡等を踏まえ、週休日等以外の日におけ…る管理職員特別勤務手当の支給対象時間を拡大する,supported,0bb7b9a735922d098cdf806e886417a674b30a960d8a79361319239020b1442a
shinjuku-2026-r1-gian-14,easy,summary,OA14-ES-03,要約: 2026年（令和8年）4月1日（水）から 始まります。,https://www.city.shinjuku.lg.jp/content/000448430.pdf,d8c713d0a9df19109d7d58c4e01a35a8bf6531aa456b16bd969a5988fd349b05,附則（施行期日）,この条例は、令和8年4月1日から施行する,supported,0bb7b9a735922d098cdf806e886417a674b30a960d8a79361319239020b1442a
shinjuku-2026-r1-gian-14,easy,content,OA14-E-01,【新宿区職員の給与に関する条例】［しんじゅくくしょくいんのきゅうよにかんするじょうれい］（＝区の 職員の 給料の 決まり）を 変えます。,https://www.city.shinjuku.lg.jp/content/000448430.pdf,d8c713d0a9df19109d7d58c4e01a35a8bf6531aa456b16bd969a5988fd349b05,改め文,新宿区職員の給与に関する条例（昭和27年新宿区条例第1号）の一部を次のように改正する,supported,0bb7b9a735922d098cdf806e886417a674b30a960d8a79361319239020b1442a
shinjuku-2026-r1-gian-14,easy,content,OA14-E-02,対象は 昭和27年 新宿区条例 第1号です。,https://www.city.shinjuku.lg.jp/content/000448430.pdf,d8c713d0a9df19109d7d58c4e01a35a8bf6531aa456b16bd969a5988fd349b05,改め文,新宿区職員の給与に関する条例（昭和27年新宿区条例第1号）の一部を次のように改正する,supported,0bb7b9a735922d098cdf806e886417a674b30a960d8a79361319239020b1442a
shinjuku-2026-r1-gian-14,easy,content,OA14-E-03,変える ことは 大きく 3つ あります。,https://www.city.shinjuku.lg.jp/content/000448430.pdf,d8c713d0a9df19109d7d58c4e01a35a8bf6531aa456b16bd969a5988fd349b05,（提案理由）,特別区人事委員会の勧告を受け管理職員の給与を改定するとともに、技能・業務系職員に係る人事・給与制度の見直しに伴い当該職員に係る給与を改定するほか、週休日等以外の日における管理職員特別勤務手当の支給対象となる時間を拡大する等所要の改正を行う必要があるため,supported,0bb7b9a735922d098cdf806e886417a674b30a960d8a79361319239020b1442a
shinjuku-2026-r1-gian-14,easy,content,OA14-E-04,1つめは【給料表】［きゅうりょうひょう］（＝給料の 額を 決めた 表）の 改定です。,https://www.city.shinjuku.lg.jp/content/000447774.pdf,1dc3eaffcafb1b1c9e139e823182dc80dc0755624813ca87d8b274d15f5b6624,第14号議案 1,令和7年特別区人事委員会の勧告を受け、管理職の職務・…職責をより重視した給与体系の実現及び早期昇格者の処遇…改善を図るため、行政職給料表（一）、医療職給料表（二）…及び医療職給料表（三）を改定する,supported,0bb7b9a735922d098cdf806e886417a674b30a960d8a79361319239020b1442a
shinjuku-2026-r1-gian-14,easy,content,OA14-E-05,特別区人事委員会の 勧告を 受けた 改定です。,https://www.city.shinjuku.lg.jp/content/000447774.pdf,1dc3eaffcafb1b1c9e139e823182dc80dc0755624813ca87d8b274d15f5b6624,第14号議案 1,令和7年特別区人事委員会の勧告を受け、管理職の職務・…職責をより重視した給与体系の実現及び早期昇格者の処遇…改善を図るため、行政職給料表（一）、医療職給料表（二）…及び医療職給料表（三）を改定する,supported,0bb7b9a735922d098cdf806e886417a674b30a960d8a79361319239020b1442a
shinjuku-2026-r1-gian-14,easy,content,OA14-E-06,管理職の 職務と 職責を より 重く 見る 給料に します。,https://www.city.shinjuku.lg.jp/content/000447774.pdf,1dc3eaffcafb1b1c9e139e823182dc80dc0755624813ca87d8b274d15f5b6624,第14号議案 1,令和7年特別区人事委員会の勧告を受け、管理職の職務・…職責をより重視した給与体系の実現及び早期昇格者の処遇…改善を図るため、行政職給料表（一）、医療職給料表（二）…及び医療職給料表（三）を改定する,supported,0bb7b9a735922d098cdf806e886417a674b30a960d8a79361319239020b1442a
shinjuku-2026-r1-gian-14,easy,content,OA14-E-07,早く 昇格した 人の 待遇も よく します。,https://www.city.shinjuku.lg.jp/content/000447774.pdf,1dc3eaffcafb1b1c9e139e823182dc80dc0755624813ca87d8b274d15f5b6624,第14号議案 1,令和7年特別区人事委員会の勧告を受け、管理職の職務・…職責をより重視した給与体系の実現及び早期昇格者の処遇…改善を図るため、行政職給料表（一）、医療職給料表（二）…及び医療職給料表（三）を改定する,supported,0bb7b9a735922d098cdf806e886417a674b30a960d8a79361319239020b1442a
shinjuku-2026-r1-gian-14,easy,content,OA14-E-08,改める 給料表は 次の 3つです。,https://www.city.shinjuku.lg.jp/content/000447774.pdf,1dc3eaffcafb1b1c9e139e823182dc80dc0755624813ca87d8b274d15f5b6624,第14号議案 1,令和7年特別区人事委員会の勧告を受け、管理職の職務・…職責をより重視した給与体系の実現及び早期昇格者の処遇…改善を図るため、行政職給料表（一）、医療職給料表（二）…及び医療職給料表（三）を改定する,supported,0bb7b9a735922d098cdf806e886417a674b30a960d8a79361319239020b1442a
shinjuku-2026-r1-gian-14,easy,content,OA14-E-09,行政職給料表（一）,https://www.city.shinjuku.lg.jp/content/000447774.pdf,1dc3eaffcafb1b1c9e139e823182dc80dc0755624813ca87d8b274d15f5b6624,第14号議案 1,令和7年特別区人事委員会の勧告を受け、管理職の職務・…職責をより重視した給与体系の実現及び早期昇格者の処遇…改善を図るため、行政職給料表（一）、医療職給料表（二）…及び医療職給料表（三）を改定する,supported,0bb7b9a735922d098cdf806e886417a674b30a960d8a79361319239020b1442a
shinjuku-2026-r1-gian-14,easy,content,OA14-E-10,医療職給料表（二）,https://www.city.shinjuku.lg.jp/content/000447774.pdf,1dc3eaffcafb1b1c9e139e823182dc80dc0755624813ca87d8b274d15f5b6624,第14号議案 1,令和7年特別区人事委員会の勧告を受け、管理職の職務・…職責をより重視した給与体系の実現及び早期昇格者の処遇…改善を図るため、行政職給料表（一）、医療職給料表（二）…及び医療職給料表（三）を改定する,supported,0bb7b9a735922d098cdf806e886417a674b30a960d8a79361319239020b1442a
shinjuku-2026-r1-gian-14,easy,content,OA14-E-11,医療職給料表（三）,https://www.city.shinjuku.lg.jp/content/000447774.pdf,1dc3eaffcafb1b1c9e139e823182dc80dc0755624813ca87d8b274d15f5b6624,第14号議案 1,令和7年特別区人事委員会の勧告を受け、管理職の職務・…職責をより重視した給与体系の実現及び早期昇格者の処遇…改善を図るため、行政職給料表（一）、医療職給料表（二）…及び医療職給料表（三）を改定する,supported,0bb7b9a735922d098cdf806e886417a674b30a960d8a79361319239020b1442a
shinjuku-2026-r1-gian-14,easy,content,OA14-E-12,2つめは 手当の 対象に なる 時間です。,https://www.city.shinjuku.lg.jp/content/000447774.pdf,1dc3eaffcafb1b1c9e139e823182dc80dc0755624813ca87d8b274d15f5b6624,第14号議案 2,国の取扱いとの均衡等を踏まえ、週休日等以外の日におけ…る管理職員特別勤務手当の支給対象時間を拡大する,supported,0bb7b9a735922d098cdf806e886417a674b30a960d8a79361319239020b1442a
shinjuku-2026-r1-gian-14,easy,content,OA14-E-13,【管理職員特別勤務手当】［かんりしょくいんとくべつきんむてあて］（＝管理職の 特別な 勤務の 手当）の 対象の 時間を ふやします。,https://www.city.shinjuku.lg.jp/content/000447774.pdf,1dc3eaffcafb1b1c9e139e823182dc80dc0755624813ca87d8b274d15f5b6624,第14号議案 2,国の取扱いとの均衡等を踏まえ、週休日等以外の日におけ…る管理職員特別勤務手当の支給対象時間を拡大する,supported,0bb7b9a735922d098cdf806e886417a674b30a960d8a79361319239020b1442a
shinjuku-2026-r1-gian-14,easy,content,OA14-E-14,今の 時間は 午前0時から 午前5時までです。,https://www.city.shinjuku.lg.jp/content/000447774.pdf,1dc3eaffcafb1b1c9e139e823182dc80dc0755624813ca87d8b274d15f5b6624,第14号議案 2,「午前0時から午前5時まで」⇒「午後10時から翌日の…午前5時まで」,supported,0bb7b9a735922d098cdf806e886417a674b30a960d8a79361319239020b1442a
shinjuku-2026-r1-gian-14,easy,content,OA14-E-15,これを 午後10時から 次の 日の 午前5時までに します。,https://www.city.shinjuku.lg.jp/content/000447774.pdf,1dc3eaffcafb1b1c9e139e823182dc80dc0755624813ca87d8b274d15f5b6624,第14号議案 2,「午前0時から午前5時まで」⇒「午後10時から翌日の…午前5時まで」,supported,0bb7b9a735922d098cdf806e886417a674b30a960d8a79361319239020b1442a
shinjuku-2026-r1-gian-14,easy,content,OA14-E-16,国の 取扱いと 合わせる ためです。,https://www.city.shinjuku.lg.jp/content/000447774.pdf,1dc3eaffcafb1b1c9e139e823182dc80dc0755624813ca87d8b274d15f5b6624,第14号議案 2,国の取扱いとの均衡等を踏まえ、週休日等以外の日におけ…る管理職員特別勤務手当の支給対象時間を拡大する,supported,0bb7b9a735922d098cdf806e886417a674b30a960d8a79361319239020b1442a
shinjuku-2026-r1-gian-14,easy,content,OA14-E-17,3つめは 技能・業務系職員の 給料表の 切りかえです。,https://www.city.shinjuku.lg.jp/content/000447774.pdf,1dc3eaffcafb1b1c9e139e823182dc80dc0755624813ca87d8b274d15f5b6624,第14号議案 3,技能・業務系職員に係る人事・給与制度の見直しに伴い、…人材の確保、世代間の給与配分の適正化等を図るため、行政…職給料表（二）の切替えを行う,supported,0bb7b9a735922d098cdf806e886417a674b30a960d8a79361319239020b1442a
shinjuku-2026-r1-gian-14,easy,content,OA14-E-18,行政職給料表（二）を 切りかえます。,https://www.city.shinjuku.lg.jp/content/000447774.pdf,1dc3eaffcafb1b1c9e139e823182dc80dc0755624813ca87d8b274d15f5b6624,第14号議案 3,技能・業務系職員に係る人事・給与制度の見直しに伴い、…人材の確保、世代間の給与配分の適正化等を図るため、行政…職給料表（二）の切替えを行う,supported,0bb7b9a735922d098cdf806e886417a674b30a960d8a79361319239020b1442a
shinjuku-2026-r1-gian-14,easy,content,OA14-E-19,人材の 確保や 世代間の 給与の 配分を 整える ためです。,https://www.city.shinjuku.lg.jp/content/000447774.pdf,1dc3eaffcafb1b1c9e139e823182dc80dc0755624813ca87d8b274d15f5b6624,第14号議案 3,技能・業務系職員に係る人事・給与制度の見直しに伴い、…人材の確保、世代間の給与配分の適正化等を図るため、行政…職給料表（二）の切替えを行う,supported,0bb7b9a735922d098cdf806e886417a674b30a960d8a79361319239020b1442a
shinjuku-2026-r1-gian-14,easy,content,OA14-E-20,第6条 第4項にも 6級の 職員の 決まりを 足します。,https://www.city.shinjuku.lg.jp/content/000448430.pdf,d8c713d0a9df19109d7d58c4e01a35a8bf6531aa456b16bd969a5988fd349b05,第6条第4項,第6条第4項中「4号給」の次に「（行政職給料表（一）の適用を受ける職員のうちその属する職務の級が6級であるものにあつては、0号給）」を加える,supported,0bb7b9a735922d098cdf806e886417a674b30a960d8a79361319239020b1442a
shinjuku-2026-r1-gian-14,easy,content,OA14-E-21,2026年（令和8年）4月1日（水）から 始まります。,https://www.city.shinjuku.lg.jp/content/000448430.pdf,d8c713d0a9df19109d7d58c4e01a35a8bf6531aa456b16bd969a5988fd349b05,附則（施行期日）,この条例は、令和8年4月1日から施行する,supported,0bb7b9a735922d098cdf806e886417a674b30a960d8a79361319239020b1442a
shinjuku-2026-r1-gian-14,easy,content,OA14-E-22,切りかえの 細かい 決まりは 人事委員会が 定めます。,https://www.city.shinjuku.lg.jp/content/000448430.pdf,d8c713d0a9df19109d7d58c4e01a35a8bf6531aa456b16bd969a5988fd349b05,附則第8項,附則第2項から前項までに定めるもののほか、この条例の施行に関し必要な事項は、人事委員会が定める,supported,0bb7b9a735922d098cdf806e886417a674b30a960d8a79361319239020b1442a
shinjuku-2026-r1-gian-14,easy,content,OA14-E-23,【原案可決】［げんあんかけつ］（＝出した 通りの 内容で 決まること）です。,https://www.city.shinjuku.lg.jp/kusei/soumu01_002090_00015.html,7c2b6f68db1b433b860b35d176b4dd9211e78582ec9de718fcfefe68b22d896a,審議状況（議決結果ページ）,第14号議案新宿区職員の給与に関する条例の一部を改正する条例原案可決,supported,0bb7b9a735922d098cdf806e886417a674b30a960d8a79361319239020b1442a
shinjuku-2026-r1-gian-14,easy,content,OA14-E-24,2026年（令和8年）の 第1回定例会で 決まりました。,https://www.city.shinjuku.lg.jp/content/000452334.pdf,22ba4f49b18c96bd1fa26241606257c05477f38e25ac46d6f8e4f416a2cedbf2,審議状況（会期）,令和８年第１回定例会…２月１７日～３月２４日,supported,0bb7b9a735922d098cdf806e886417a674b30a960d8a79361319239020b1442a
shinjuku-2026-r1-gian-14,easy,content,OA14-E-25,会期は 2026年2月17日（火）から 3月24日（火）まででした。,https://www.city.shinjuku.lg.jp/content/000452334.pdf,22ba4f49b18c96bd1fa26241606257c05477f38e25ac46d6f8e4f416a2cedbf2,審議状況（会期）,令和８年第１回定例会…２月１７日～３月２４日,supported,0bb7b9a735922d098cdf806e886417a674b30a960d8a79361319239020b1442a
shinjuku-2026-r1-gian-14,easy,content,OA14-E-26,本会議で 決まった 日は 3月24日（火）です。,https://ssp.kaigiroku.net/tenant/shinjuku/MinuteView.html?council_id=3163&schedule_id=5&minute_id=1,bd058d36962b45d8d965e4625bb95ecd661a102a026175213f37ba9eb575424a,審議状況（本会議 3月24日 議長）,令和８年第１回定例会会議録（第４日）第４号…令和８年３月２４日（火曜日）,supported,0bb7b9a735922d098cdf806e886417a674b30a960d8a79361319239020b1442a
shinjuku-2026-r1-gian-14,easy,content,OA14-E-27,ほかの 議案と まとめて 議題に なりました。,https://ssp.kaigiroku.net/tenant/shinjuku/MinuteView.html?council_id=3163&schedule_id=5&minute_id=19,8a31f81d234a3fc5b7611fdb2c52bf9ed24b1c6d4debb8d75e66e76874004ad4,審議状況（本会議 3月24日 議長）,日程第３から日程第１０までを一括議題とします,supported,0bb7b9a735922d098cdf806e886417a674b30a960d8a79361319239020b1442a
shinjuku-2026-r1-gian-14,easy,content,OA14-E-28,総務区民委員会の 審査報告書は 可決でした。,https://ssp.kaigiroku.net/tenant/shinjuku/MinuteView.html?council_id=3163&schedule_id=5&minute_id=28,fc1da089857f696094cec7d628ff438dd74002a8df2fa07026c0a0506f81e6d2,審議状況（本会議 3月24日 議長）,総務区民委員会審査報告書は、可決です…御異議ありませんか,supported,0bb7b9a735922d098cdf806e886417a674b30a960d8a79361319239020b1442a
shinjuku-2026-r1-gian-14,easy,content,OA14-E-29,議長が 異議が ないか たずねました。,https://ssp.kaigiroku.net/tenant/shinjuku/MinuteView.html?council_id=3163&schedule_id=5&minute_id=28,fc1da089857f696094cec7d628ff438dd74002a8df2fa07026c0a0506f81e6d2,審議状況（本会議 3月24日 議長）,総務区民委員会審査報告書は、可決です…御異議ありませんか,supported,0bb7b9a735922d098cdf806e886417a674b30a960d8a79361319239020b1442a
shinjuku-2026-r1-gian-14,easy,content,OA14-E-30,異議なしと 認められて 可決しました。,https://ssp.kaigiroku.net/tenant/shinjuku/MinuteView.html?council_id=3163&schedule_id=5&minute_id=29,970914f9ce4a28e423e8480a3d4ce175afafafeebd92448698df42d97cb2ec1d,審議状況（本会議 3月24日 議長）,異議なしと認めます…本案は、いずれも委員会審査報告のとおり可決されました,supported,0bb7b9a735922d098cdf806e886417a674b30a960d8a79361319239020b1442a
shinjuku-2026-r1-gian-14,easy,content,OA14-E-31,賛成したのは ８つの 会派 すべてです。,https://www.city.shinjuku.lg.jp/content/000452334.pdf,22ba4f49b18c96bd1fa26241606257c05477f38e25ac46d6f8e4f416a2cedbf2,審議状況（議案の概要と審議結果の採決結果行）,人材の確保、世代間の給与配分の適正化等を図るため、行政職給料表○○○○○○○○可決,supported,0bb7b9a735922d098cdf806e886417a674b30a960d8a79361319239020b1442a
shinjuku-2026-r1-gian-14,normal,title,OA14-NT-01,見出し: 職員給与の改定（給料表の改定、管理職員特別勤務手当の対象時間の拡大など）,https://www.city.shinjuku.lg.jp/content/000448430.pdf,d8c713d0a9df19109d7d58c4e01a35a8bf6531aa456b16bd969a5988fd349b05,（提案理由）,特別区人事委員会の勧告を受け管理職員の給与を改定するとともに、技能・業務系職員に係る人事・給与制度の見直しに伴い当該職員に係る給与を改定するほか、週休日等以外の日における管理職員特別勤務手当の支給対象となる時間を拡大する等所要の改正を行う必要があるため,supported,3f26a24ff6c0bc38c3908ffffe816a731ab80cf65b07f719a3eac5e7faf56c84
shinjuku-2026-r1-gian-14,normal,summary,OA14-NS-01,要約: 特別区人事委員会の勧告を受けた行政職給料表（一）・医療職給料表（二）・医療職給料表（三）の改定、管理職員特別勤務手当の支給対象時間の拡大、行政職給料表（二）の切替えを行う条例改正です。,https://www.city.shinjuku.lg.jp/content/000448430.pdf,d8c713d0a9df19109d7d58c4e01a35a8bf6531aa456b16bd969a5988fd349b05,（提案理由）,特別区人事委員会の勧告を受け管理職員の給与を改定するとともに、技能・業務系職員に係る人事・給与制度の見直しに伴い当該職員に係る給与を改定するほか、週休日等以外の日における管理職員特別勤務手当の支給対象となる時間を拡大する等所要の改正を行う必要があるため,supported,3f26a24ff6c0bc38c3908ffffe816a731ab80cf65b07f719a3eac5e7faf56c84
shinjuku-2026-r1-gian-14,normal,summary,OA14-NS-02,要約: 施行日は令和8年4月1日です。,https://www.city.shinjuku.lg.jp/content/000448430.pdf,d8c713d0a9df19109d7d58c4e01a35a8bf6531aa456b16bd969a5988fd349b05,附則（施行期日）,この条例は、令和8年4月1日から施行する,supported,3f26a24ff6c0bc38c3908ffffe816a731ab80cf65b07f719a3eac5e7faf56c84
shinjuku-2026-r1-gian-14,normal,content,OA14-N-01,新宿区職員の給与に関する条例（昭和27年新宿区条例第1号）の改正です。,https://www.city.shinjuku.lg.jp/content/000448430.pdf,d8c713d0a9df19109d7d58c4e01a35a8bf6531aa456b16bd969a5988fd349b05,改め文,新宿区職員の給与に関する条例（昭和27年新宿区条例第1号）の一部を次のように改正する,supported,3f26a24ff6c0bc38c3908ffffe816a731ab80cf65b07f719a3eac5e7faf56c84
shinjuku-2026-r1-gian-14,normal,content,OA14-N-02,令和7年特別区人事委員会の勧告を受け、管理職の職務・職責をより重視した給与体系の実現及び早期昇格者の処遇改善を図るため、行政職給料表（一）、医療職給料表（二）及び医療職給料表（三）を改定する。,https://www.city.shinjuku.lg.jp/content/000447774.pdf,1dc3eaffcafb1b1c9e139e823182dc80dc0755624813ca87d8b274d15f5b6624,第14号議案 1,令和7年特別区人事委員会の勧告を受け、管理職の職務・…職責をより重視した給与体系の実現及び早期昇格者の処遇…改善を図るため、行政職給料表（一）、医療職給料表（二）…及び医療職給料表（三）を改定する,supported,3f26a24ff6c0bc38c3908ffffe816a731ab80cf65b07f719a3eac5e7faf56c84
shinjuku-2026-r1-gian-14,normal,content,OA14-N-03,国の取扱いとの均衡等を踏まえ、週休日等以外の日における管理職員特別勤務手当の支給対象時間を拡大する。,https://www.city.shinjuku.lg.jp/content/000447774.pdf,1dc3eaffcafb1b1c9e139e823182dc80dc0755624813ca87d8b274d15f5b6624,第14号議案 2,国の取扱いとの均衡等を踏まえ、週休日等以外の日におけ…る管理職員特別勤務手当の支給対象時間を拡大する,supported,3f26a24ff6c0bc38c3908ffffe816a731ab80cf65b07f719a3eac5e7faf56c84
shinjuku-2026-r1-gian-14,normal,content,OA14-N-04,技能・業務系職員に係る人事・給与制度の見直しに伴い、人材の確保、世代間の給与配分の適正化等を図るため、行政職給料表（二）の切替えを行う。,https://www.city.shinjuku.lg.jp/content/000447774.pdf,1dc3eaffcafb1b1c9e139e823182dc80dc0755624813ca87d8b274d15f5b6624,第14号議案 3,技能・業務系職員に係る人事・給与制度の見直しに伴い、…人材の確保、世代間の給与配分の適正化等を図るため、行政…職給料表（二）の切替えを行う,supported,3f26a24ff6c0bc38c3908ffffe816a731ab80cf65b07f719a3eac5e7faf56c84
shinjuku-2026-r1-gian-14,normal,content,OA14-N-05,議案本文の提案理由も、この3点（管理職員の給与の改定、技能・業務系職員に係る給与の改定、管理職員特別勤務手当の支給対象時間の拡大）を挙げています。,https://www.city.shinjuku.lg.jp/content/000448430.pdf,d8c713d0a9df19109d7d58c4e01a35a8bf6531aa456b16bd969a5988fd349b05,（提案理由）,特別区人事委員会の勧告を受け管理職員の給与を改定するとともに、技能・業務系職員に係る人事・給与制度の見直しに伴い当該職員に係る給与を改定するほか、週休日等以外の日における管理職員特別勤務手当の支給対象となる時間を拡大する等所要の改正を行う必要があるため,supported,3f26a24ff6c0bc38c3908ffffe816a731ab80cf65b07f719a3eac5e7faf56c84
shinjuku-2026-r1-gian-14,normal,content,OA14-N-06,別表第1を改め、イの行政職給料表（一）とロの行政職給料表（二）を定めます,https://www.city.shinjuku.lg.jp/content/000448430.pdf,d8c713d0a9df19109d7d58c4e01a35a8bf6531aa456b16bd969a5988fd349b05,別表第1,別表第1を次のように改める…イ行政職給料表（一）…ロ行政職給料表（二）,supported,3f26a24ff6c0bc38c3908ffffe816a731ab80cf65b07f719a3eac5e7faf56c84
shinjuku-2026-r1-gian-14,normal,content,OA14-N-07,別表第2のロ・ハを改め、医療職給料表（二）と医療職給料表（三）を定めます,https://www.city.shinjuku.lg.jp/content/000448430.pdf,d8c713d0a9df19109d7d58c4e01a35a8bf6531aa456b16bd969a5988fd349b05,別表第2,別表第2ロ及びハを次のように改める…ロ医療職給料表（二）…ハ医療職給料表（三）,supported,3f26a24ff6c0bc38c3908ffffe816a731ab80cf65b07f719a3eac5e7faf56c84
shinjuku-2026-r1-gian-14,normal,content,OA14-N-08,第6条第4項に、行政職給料表（一）の6級の職員について「0号給」とする括弧書きが加わります,https://www.city.shinjuku.lg.jp/content/000448430.pdf,d8c713d0a9df19109d7d58c4e01a35a8bf6531aa456b16bd969a5988fd349b05,第6条第4項,第6条第4項中「4号給」の次に「（行政職給料表（一）の適用を受ける職員のうちその属する職務の級が6級であるものにあつては、0号給）」を加える,supported,3f26a24ff6c0bc38c3908ffffe816a731ab80cf65b07f719a3eac5e7faf56c84
shinjuku-2026-r1-gian-14,normal,content,OA14-N-09,第2項で、手当の対象となる時間の始まりを「週休日等以外の日の午前0時から」から「午後10時から翌日の」に改めます,https://www.city.shinjuku.lg.jp/content/000448430.pdf,d8c713d0a9df19109d7d58c4e01a35a8bf6531aa456b16bd969a5988fd349b05,第18条の3第2項,同条第2項中「週休日等以外の日の午前0時から」を「午後10時から翌日の」に改め、「の間」の次に「（週休日等に含まれる時間を除く。）」を加え、「勤務した」を「勤務をした」に改め,supported,3f26a24ff6c0bc38c3908ffffe816a731ab80cf65b07f719a3eac5e7faf56c84
shinjuku-2026-r1-gian-14,normal,content,OA14-N-10,概要資料は、これを「午前0時から午前5時まで」から「午後10時から翌日の午前5時まで」への拡大と説明しています,https://www.city.shinjuku.lg.jp/content/000447774.pdf,1dc3eaffcafb1b1c9e139e823182dc80dc0755624813ca87d8b274d15f5b6624,第14号議案 2,「午前0時から午前5時まで」⇒「午後10時から翌日の…午前5時まで」,supported,3f26a24ff6c0bc38c3908ffffe816a731ab80cf65b07f719a3eac5e7faf56c84
shinjuku-2026-r1-gian-14,normal,content,OA14-N-11,第3項で、「100分の150を乗じて得た額」とする特例の括弧書きを加え、第1号の同様の括弧書きを削ります,https://www.city.shinjuku.lg.jp/content/000448430.pdf,d8c713d0a9df19109d7d58c4e01a35a8bf6531aa456b16bd969a5988fd349b05,第18条の3第3項,同条第3項中「に定める額」の次に「（前2項に規定する勤務に従事する時間を考慮して人事委員会の承認を得て区規則で定める勤務にあつては、その額に100分の150を乗じて得た額）」を加え、同項第1号中「（当該勤務に従事する時間等を考慮して人事委員会の承認を得て区規則で定める勤務にあつては、その額に100分の150を乗じて得た額）」を削る,supported,3f26a24ff6c0bc38c3908ffffe816a731ab80cf65b07f719a3eac5e7faf56c84
shinjuku-2026-r1-gian-14,normal,content,OA14-N-12,第1項・第2項では、「勤務した」を「勤務をした」に文言を改めます,https://www.city.shinjuku.lg.jp/content/000448430.pdf,d8c713d0a9df19109d7d58c4e01a35a8bf6531aa456b16bd969a5988fd349b05,第18条の3第1項,第18条の3第1項中「勤務した」を「勤務をした」に改め、同項ただし書中「勤務しなかつた」を「勤務をしなかつた」に改め,supported,3f26a24ff6c0bc38c3908ffffe816a731ab80cf65b07f719a3eac5e7faf56c84
shinjuku-2026-r1-gian-14,normal,content,OA14-N-13,行政職給料表（二）の職務の級は、附則別表第1により旧級と新級が対応づけられます（1級から4級まで、旧級と同じ級の新級になります）,https://www.city.shinjuku.lg.jp/content/000448430.pdf,d8c713d0a9df19109d7d58c4e01a35a8bf6531aa456b16bd969a5988fd349b05,附則別表第1,旧級新級1級1級2級2級3級3級4級4級,supported,3f26a24ff6c0bc38c3908ffffe816a731ab80cf65b07f719a3eac5e7faf56c84
shinjuku-2026-r1-gian-14,normal,content,OA14-N-14,号給は、附則別表第2の切替表に従って旧号給から新号給に切り替えられます,https://www.city.shinjuku.lg.jp/content/000448430.pdf,d8c713d0a9df19109d7d58c4e01a35a8bf6531aa456b16bd969a5988fd349b05,附則第3項,施行日の前日においてこの条例による改正前の別表第1イに掲げる行政職給料表（一）、同表ロに掲げる行政職給料表（二）、別表第2ロに掲げる医療職給料表（二）及び同表ハに掲げる医療職給料表（三）の適用を受けていた職員であって…施行日における号給（次項及び同表において「新号給」という。）は、施行日の前日においてその者が属していた職務の級及び同日においてその者が受けていた号給（同表において「旧号給」という。）に応じて同表に定める号給とする,supported,3f26a24ff6c0bc38c3908ffffe816a731ab80cf65b07f719a3eac5e7faf56c84
shinjuku-2026-r1-gian-14,normal,content,OA14-N-15,令和8年4月1日（水曜日）から施行されます。,https://www.city.shinjuku.lg.jp/content/000448430.pdf,d8c713d0a9df19109d7d58c4e01a35a8bf6531aa456b16bd969a5988fd349b05,附則（施行期日）,この条例は、令和8年4月1日から施行する,supported,3f26a24ff6c0bc38c3908ffffe816a731ab80cf65b07f719a3eac5e7faf56c84
shinjuku-2026-r1-gian-14,normal,content,OA14-N-16,附則第2項から第7項に、職務の級・号給の切替えに関する経過措置が置かれています。,https://www.city.shinjuku.lg.jp/content/000448430.pdf,d8c713d0a9df19109d7d58c4e01a35a8bf6531aa456b16bd969a5988fd349b05,附則第3項,施行日の前日においてこの条例による改正前の別表第1イに掲げる行政職給料表（一）、同表ロに掲げる行政職給料表（二）、別表第2ロに掲げる医療職給料表（二）及び同表ハに掲げる医療職給料表（三）の適用を受けていた職員であって…施行日における号給（次項及び同表において「新号給」という。）は、施行日の前日においてその者が属していた職務の級及び同日においてその者が受けていた号給（同表において「旧号給」という。）に応じて同表に定める号給とする,supported,3f26a24ff6c0bc38c3908ffffe816a731ab80cf65b07f719a3eac5e7faf56c84
shinjuku-2026-r1-gian-14,normal,content,OA14-N-17,施行日前に職務の級を異にする異動をした職員などは、人事委員会の定めるところにより、新号給の調整ができます,https://www.city.shinjuku.lg.jp/content/000448430.pdf,d8c713d0a9df19109d7d58c4e01a35a8bf6531aa456b16bd969a5988fd349b05,附則第4項,施行日前に職務の級を異にする異動をした職員及び特別区人事委員会（以下「人事委員会」という。）の定めるこれに準ずるものをした職員の新号給については、その者が施行日において当該異動又は当該準ずるものをした場合との権衡上必要と認められる限度において、人事委員会の定めるところにより、必要な調整を行うことができる,supported,3f26a24ff6c0bc38c3908ffffe816a731ab80cf65b07f719a3eac5e7faf56c84
shinjuku-2026-r1-gian-14,normal,content,OA14-N-18,休職中等から施行日後に復職した職員の号給は、施行日に復職していたならば決定されていた号給に調整されます,https://www.city.shinjuku.lg.jp/content/000448430.pdf,d8c713d0a9df19109d7d58c4e01a35a8bf6531aa456b16bd969a5988fd349b05,附則第5項,施行日の前日から引き続き休職中等…の者のうち、次に掲げる職員の施行日後の復職した日、職務に復帰した日又は再び勤務するに至った日（以下「復職等の日」という。）における号給は、施行日に復職等をしていたならば決定されていた号給に調整する,supported,3f26a24ff6c0bc38c3908ffffe816a731ab80cf65b07f719a3eac5e7faf56c84
shinjuku-2026-r1-gian-14,normal,content,OA14-N-19,施行日に昇格・降格・昇給などをする場合は、切替え後の号給を基礎にします,https://www.city.shinjuku.lg.jp/content/000448430.pdf,d8c713d0a9df19109d7d58c4e01a35a8bf6531aa456b16bd969a5988fd349b05,附則第6項,施行日に昇格、降格、昇給、降給又は転職等をする場合の号給の決定は、附則別表第2による切替えを行った後の号給を基礎として行うものとする,supported,3f26a24ff6c0bc38c3908ffffe816a731ab80cf65b07f719a3eac5e7faf56c84
shinjuku-2026-r1-gian-14,normal,content,OA14-N-20,施行日の前日に他の特別区などを退職して採用される職員にも、同じ切替えの規定が準用されます,https://www.city.shinjuku.lg.jp/content/000448430.pdf,d8c713d0a9df19109d7d58c4e01a35a8bf6531aa456b16bd969a5988fd349b05,附則第7項,施行日の前日に人事交流により他の特別区又は特別区の一部事務組合を退職し、施行日から採用される職員の初任給の決定については、附則第2項から前項まで並びに附則別表第1及び附則別表第2の規定を準用する,supported,3f26a24ff6c0bc38c3908ffffe816a731ab80cf65b07f719a3eac5e7faf56c84
shinjuku-2026-r1-gian-14,normal,content,OA14-N-21,このほか必要な事項は、人事委員会が定めます,https://www.city.shinjuku.lg.jp/content/000448430.pdf,d8c713d0a9df19109d7d58c4e01a35a8bf6531aa456b16bd969a5988fd349b05,附則第8項,附則第2項から前項までに定めるもののほか、この条例の施行に関し必要な事項は、人事委員会が定める,supported,3f26a24ff6c0bc38c3908ffffe816a731ab80cf65b07f719a3eac5e7faf56c84
shinjuku-2026-r1-gian-14,normal,content,OA14-N-22,令和8年第1回定例会（会期は2月17日から3月24日まで）で審議されました。,https://www.city.shinjuku.lg.jp/content/000452334.pdf,22ba4f49b18c96bd1fa26241606257c05477f38e25ac46d6f8e4f416a2cedbf2,審議状況（会期）,令和８年第１回定例会…２月１７日～３月２４日,supported,3f26a24ff6c0bc38c3908ffffe816a731ab80cf65b07f719a3eac5e7faf56c84
shinjuku-2026-r1-gian-14,normal,content,OA14-N-23,本会議は第4日にあたる3月24日（火曜日）でした。,https://ssp.kaigiroku.net/tenant/shinjuku/MinuteView.html?council_id=3163&schedule_id=5&minute_id=1,bd058d36962b45d8d965e4625bb95ecd661a102a026175213f37ba9eb575424a,審議状況（本会議 3月24日 議長）,令和８年第１回定例会会議録（第４日）第４号…令和８年３月２４日（火曜日）,supported,3f26a24ff6c0bc38c3908ffffe816a731ab80cf65b07f719a3eac5e7faf56c84
shinjuku-2026-r1-gian-14,normal,content,OA14-N-24,日程第3から日程第10までの議案とあわせて、一括して議題となりました。,https://ssp.kaigiroku.net/tenant/shinjuku/MinuteView.html?council_id=3163&schedule_id=5&minute_id=19,8a31f81d234a3fc5b7611fdb2c52bf9ed24b1c6d4debb8d75e66e76874004ad4,審議状況（本会議 3月24日 議長）,日程第３から日程第１０までを一括議題とします,supported,3f26a24ff6c0bc38c3908ffffe816a731ab80cf65b07f719a3eac5e7faf56c84
shinjuku-2026-r1-gian-14,normal,content,OA14-N-25,総務区民委員会の審査報告書は「可決」でした。,https://ssp.kaigiroku.net/tenant/shinjuku/MinuteView.html?council_id=3163&schedule_id=5&minute_id=28,fc1da089857f696094cec7d628ff438dd74002a8df2fa07026c0a0506f81e6d2,審議状況（本会議 3月24日 議長）,総務区民委員会審査報告書は、可決です…御異議ありませんか,supported,3f26a24ff6c0bc38c3908ffffe816a731ab80cf65b07f719a3eac5e7faf56c84
shinjuku-2026-r1-gian-14,normal,content,OA14-N-26,本会議は、異議なしと認めて、委員会審査報告のとおり可決しました。,https://ssp.kaigiroku.net/tenant/shinjuku/MinuteView.html?council_id=3163&schedule_id=5&minute_id=29,970914f9ce4a28e423e8480a3d4ce175afafafeebd92448698df42d97cb2ec1d,審議状況（本会議 3月24日 議長）,異議なしと認めます…本案は、いずれも委員会審査報告のとおり可決されました,supported,3f26a24ff6c0bc38c3908ffffe816a731ab80cf65b07f719a3eac5e7faf56c84
shinjuku-2026-r1-gian-14,normal,content,OA14-N-27,議決結果ページの記載は「原案可決」です。,https://www.city.shinjuku.lg.jp/kusei/soumu01_002090_00015.html,7c2b6f68db1b433b860b35d176b4dd9211e78582ec9de718fcfefe68b22d896a,審議状況（議決結果ページ）,第14号議案新宿区職員の給与に関する条例の一部を改正する条例原案可決,supported,3f26a24ff6c0bc38c3908ffffe816a731ab80cf65b07f719a3eac5e7faf56c84
shinjuku-2026-r1-gian-14,normal,content,OA14-N-28,「議案の概要と審議結果」の採決結果行では、8会派すべてが賛成（○）でした。,https://www.city.shinjuku.lg.jp/content/000452334.pdf,22ba4f49b18c96bd1fa26241606257c05477f38e25ac46d6f8e4f416a2cedbf2,審議状況（議案の概要と審議結果の採決結果行）,人材の確保、世代間の給与配分の適正化等を図るため、行政職給料表○○○○○○○○可決,supported,3f26a24ff6c0bc38c3908ffffe816a731ab80cf65b07f719a3eac5e7faf56c84
shinjuku-2026-r1-gian-14,hard,title,OA14-HT-01,見出し: 第14号議案 新宿区職員の給与に関する条例の一部を改正する条例,https://www.city.shinjuku.lg.jp/content/000448430.pdf,d8c713d0a9df19109d7d58c4e01a35a8bf6531aa456b16bd969a5988fd349b05,件名,新宿区職員の給与に関する条例の一部を改正する条例,supported,233682a4fe6361519e126af622ed7e15114c00281ab5fdb6351af98177d13531
shinjuku-2026-r1-gian-14,hard,summary,OA14-HS-01,要約: 昭和27年新宿区条例第1号について、別表第1（行政職給料表（一）・（二））と別表第2ロ・ハ（医療職給料表（二）・（三））を改め、第6条第4項、第18条の3を改正し、附則で給料表の切替えを定める改正。,https://www.city.shinjuku.lg.jp/content/000448430.pdf,d8c713d0a9df19109d7d58c4e01a35a8bf6531aa456b16bd969a5988fd349b05,別表第1,別表第1を次のように改める…イ行政職給料表（一）…ロ行政職給料表（二）,supported,233682a4fe6361519e126af622ed7e15114c00281ab5fdb6351af98177d13531
shinjuku-2026-r1-gian-14,hard,summary,OA14-HS-02,要約: 施行日は令和8年4月1日。,https://www.city.shinjuku.lg.jp/content/000448430.pdf,d8c713d0a9df19109d7d58c4e01a35a8bf6531aa456b16bd969a5988fd349b05,附則（施行期日）,この条例は、令和8年4月1日から施行する,supported,233682a4fe6361519e126af622ed7e15114c00281ab5fdb6351af98177d13531
shinjuku-2026-r1-gian-14,hard,content,OA14-H-01,提出日: 令和8年2月17日,https://www.city.shinjuku.lg.jp/content/000448430.pdf,d8c713d0a9df19109d7d58c4e01a35a8bf6531aa456b16bd969a5988fd349b05,提出日・提出者,令和８年２月１７日…新宿区長…吉住…健一,supported,233682a4fe6361519e126af622ed7e15114c00281ab5fdb6351af98177d13531
shinjuku-2026-r1-gian-14,hard,content,OA14-H-02,提出者: 新宿区長 吉住健一,https://www.city.shinjuku.lg.jp/content/000448430.pdf,d8c713d0a9df19109d7d58c4e01a35a8bf6531aa456b16bd969a5988fd349b05,提出日・提出者,令和８年２月１７日…新宿区長…吉住…健一,supported,233682a4fe6361519e126af622ed7e15114c00281ab5fdb6351af98177d13531
shinjuku-2026-r1-gian-14,hard,content,OA14-H-03,対象条例: 新宿区職員の給与に関する条例（昭和27年新宿区条例第1号）,https://www.city.shinjuku.lg.jp/content/000448430.pdf,d8c713d0a9df19109d7d58c4e01a35a8bf6531aa456b16bd969a5988fd349b05,改め文,新宿区職員の給与に関する条例（昭和27年新宿区条例第1号）の一部を次のように改正する,supported,233682a4fe6361519e126af622ed7e15114c00281ab5fdb6351af98177d13531
shinjuku-2026-r1-gian-14,hard,content,OA14-H-04,議決: 原案可決（議決結果ページの記載）,https://www.city.shinjuku.lg.jp/kusei/soumu01_002090_00015.html,7c2b6f68db1b433b860b35d176b4dd9211e78582ec9de718fcfefe68b22d896a,審議状況（議決結果ページ）,第14号議案新宿区職員の給与に関する条例の一部を改正する条例原案可決,supported,233682a4fe6361519e126af622ed7e15114c00281ab5fdb6351af98177d13531
shinjuku-2026-r1-gian-14,hard,content,OA14-H-05,本会議: 令和8年3月24日（火曜日）、会議録 第4日第4号,https://ssp.kaigiroku.net/tenant/shinjuku/MinuteView.html?council_id=3163&schedule_id=5&minute_id=1,bd058d36962b45d8d965e4625bb95ecd661a102a026175213f37ba9eb575424a,審議状況（本会議 3月24日 議長）,令和８年第１回定例会会議録（第４日）第４号…令和８年３月２４日（火曜日）,supported,233682a4fe6361519e126af622ed7e15114c00281ab5fdb6351af98177d13531
shinjuku-2026-r1-gian-14,hard,content,OA14-H-06,議題: 日程第3から日程第10までを一括して議題とした,https://ssp.kaigiroku.net/tenant/shinjuku/MinuteView.html?council_id=3163&schedule_id=5&minute_id=19,8a31f81d234a3fc5b7611fdb2c52bf9ed24b1c6d4debb8d75e66e76874004ad4,審議状況（本会議 3月24日 議長）,日程第３から日程第１０までを一括議題とします,supported,233682a4fe6361519e126af622ed7e15114c00281ab5fdb6351af98177d13531
shinjuku-2026-r1-gian-14,hard,content,OA14-H-07,会議録: 第14号議案の議題朗読が記載されている,https://ssp.kaigiroku.net/tenant/shinjuku/MinuteView.html?council_id=3163&schedule_id=5&minute_id=24,dbe0cbfe6bda0c0a53f7cd976994287b6b89253422292e32dbe6f05c0b81bf93,審議状況（本会議 3月24日 議長）,第１４号議案新宿区職員の給与に関する条例の一部を改正する条例,supported,233682a4fe6361519e126af622ed7e15114c00281ab5fdb6351af98177d13531
shinjuku-2026-r1-gian-14,hard,content,OA14-H-08,委員会審査報告: 総務区民委員会の審査報告書は可決,https://ssp.kaigiroku.net/tenant/shinjuku/MinuteView.html?council_id=3163&schedule_id=5&minute_id=28,fc1da089857f696094cec7d628ff438dd74002a8df2fa07026c0a0506f81e6d2,審議状況（本会議 3月24日 議長）,総務区民委員会審査報告書は、可決です…御異議ありませんか,supported,233682a4fe6361519e126af622ed7e15114c00281ab5fdb6351af98177d13531
shinjuku-2026-r1-gian-14,hard,content,OA14-H-09,採決方法: 異議なし,https://ssp.kaigiroku.net/tenant/shinjuku/MinuteView.html?council_id=3163&schedule_id=5&minute_id=29,970914f9ce4a28e423e8480a3d4ce175afafafeebd92448698df42d97cb2ec1d,審議状況（本会議 3月24日 議長）,異議なしと認めます…本案は、いずれも委員会審査報告のとおり可決されました,supported,233682a4fe6361519e126af622ed7e15114c00281ab5fdb6351af98177d13531
shinjuku-2026-r1-gian-14,hard,content,OA14-H-10,会派別の賛否: 全8会派が賛成（採決結果行は ○○○○○○○○）,https://www.city.shinjuku.lg.jp/content/000452334.pdf,22ba4f49b18c96bd1fa26241606257c05477f38e25ac46d6f8e4f416a2cedbf2,審議状況（議案の概要と審議結果の採決結果行）,人材の確保、世代間の給与配分の適正化等を図るため、行政職給料表○○○○○○○○可決,supported,233682a4fe6361519e126af622ed7e15114c00281ab5fdb6351af98177d13531
shinjuku-2026-r1-gian-14,hard,content,OA14-H-11,会派: 自民・参政クラブ、新宿区議会公明党、日本共産党新宿区議会議員団、新宿未来の会、立憲民主党・無所属クラブ、日本維新の会・新宿区議団、現役世代に優しい新宿・減税の会、れいわ新選組 新宿,https://www.city.shinjuku.lg.jp/content/000452334.pdf,22ba4f49b18c96bd1fa26241606257c05477f38e25ac46d6f8e4f416a2cedbf2,会派略称・列の並び,共産＝日本共産党新宿区議会議員団…れいわ＝れいわ新選組 新宿…自参ク＝自民・参政クラブ…公明＝新宿区議会公明党…新宿会＝新宿未来の会…民無ク＝立憲民主党・無所属クラブ…維新＝日本維新の会・新宿区議団…現役＝現役世代に優しい新宿・減税の会,supported,233682a4fe6361519e126af622ed7e15114c00281ab5fdb6351af98177d13531
shinjuku-2026-r1-gian-14,hard,content,OA14-H-12,特別区人事委員会の勧告を受け管理職員の給与を改定するとともに、技能・業務系職員に係る人事・給与制度の見直しに伴い当該職員に係る給与を改定するほか、週休日等以外の日における管理職員特別勤務手当の支給対象となる時間を拡大する等所要の改正を行う必要があるため,https://www.city.shinjuku.lg.jp/content/000448430.pdf,d8c713d0a9df19109d7d58c4e01a35a8bf6531aa456b16bd969a5988fd349b05,（提案理由）,特別区人事委員会の勧告を受け管理職員の給与を改定するとともに、技能・業務系職員に係る人事・給与制度の見直しに伴い当該職員に係る給与を改定するほか、週休日等以外の日における管理職員特別勤務手当の支給対象となる時間を拡大する等所要の改正を行う必要があるため,supported,233682a4fe6361519e126af622ed7e15114c00281ab5fdb6351af98177d13531
shinjuku-2026-r1-gian-14,hard,content,OA14-H-13,第6条第4項 / 「4号給」の次に「（行政職給料表（一）の適用を受ける職員のうちその属する職務の級が6級であるものにあつては、0号給）」を加える,https://www.city.shinjuku.lg.jp/content/000448430.pdf,d8c713d0a9df19109d7d58c4e01a35a8bf6531aa456b16bd969a5988fd349b05,第6条第4項,第6条第4項中「4号給」の次に「（行政職給料表（一）の適用を受ける職員のうちその属する職務の級が6級であるものにあつては、0号給）」を加える,supported,233682a4fe6361519e126af622ed7e15114c00281ab5fdb6351af98177d13531
shinjuku-2026-r1-gian-14,hard,content,OA14-H-14,第18条の3第1項 / 「勤務した」を「勤務をした」に改め、ただし書中「勤務しなかつた」を「勤務をしなかつた」に改める,https://www.city.shinjuku.lg.jp/content/000448430.pdf,d8c713d0a9df19109d7d58c4e01a35a8bf6531aa456b16bd969a5988fd349b05,第18条の3第1項,第18条の3第1項中「勤務した」を「勤務をした」に改め、同項ただし書中「勤務しなかつた」を「勤務をしなかつた」に改め,supported,233682a4fe6361519e126af622ed7e15114c00281ab5fdb6351af98177d13531
shinjuku-2026-r1-gian-14,hard,content,OA14-H-15,第18条の3第2項 / 「週休日等以外の日の午前0時から」を「午後10時から翌日の」に改め、「の間」の次に「（週休日等に含まれる時間を除く。）」を加え、「勤務した」を「勤務をした」に改める,https://www.city.shinjuku.lg.jp/content/000448430.pdf,d8c713d0a9df19109d7d58c4e01a35a8bf6531aa456b16bd969a5988fd349b05,第18条の3第2項,同条第2項中「週休日等以外の日の午前0時から」を「午後10時から翌日の」に改め、「の間」の次に「（週休日等に含まれる時間を除く。）」を加え、「勤務した」を「勤務をした」に改め,supported,233682a4fe6361519e126af622ed7e15114c00281ab5fdb6351af98177d13531
shinjuku-2026-r1-gian-14,hard,content,OA14-H-16,第18条の3第3項 / 「に定める額」の次に「（前2項に規定する勤務に従事する時間を考慮して人事委員会の承認を得て区規則で定める勤務にあつては、その額に100分の150を乗じて得た額）」を加え、同項第1号中の括弧書（当該勤務に従事する時間等を考慮して人事委員会の承認を得て区規則で定める勤務にあつては、その額に100分の150を乗じて得た額）を削る,https://www.city.shinjuku.lg.jp/content/000448430.pdf,d8c713d0a9df19109d7d58c4e01a35a8bf6531aa456b16bd969a5988fd349b05,第18条の3第3項,同条第3項中「に定める額」の次に「（前2項に規定する勤務に従事する時間を考慮して人事委員会の承認を得て区規則で定める勤務にあつては、その額に100分の150を乗じて得た額）」を加え、同項第1号中「（当該勤務に従事する時間等を考慮して人事委員会の承認を得て区規則で定める勤務にあつては、その額に100分の150を乗じて得た額）」を削る,supported,233682a4fe6361519e126af622ed7e15114c00281ab5fdb6351af98177d13531
shinjuku-2026-r1-gian-14,hard,content,OA14-H-17,別表第1 / イ行政職給料表（一）、ロ行政職給料表（二）を次のように改める,https://www.city.shinjuku.lg.jp/content/000448430.pdf,d8c713d0a9df19109d7d58c4e01a35a8bf6531aa456b16bd969a5988fd349b05,別表第1,別表第1を次のように改める…イ行政職給料表（一）…ロ行政職給料表（二）,supported,233682a4fe6361519e126af622ed7e15114c00281ab5fdb6351af98177d13531
shinjuku-2026-r1-gian-14,hard,content,OA14-H-18,別表第2 / ロ医療職給料表（二）、ハ医療職給料表（三）を次のように改める,https://www.city.shinjuku.lg.jp/content/000448430.pdf,d8c713d0a9df19109d7d58c4e01a35a8bf6531aa456b16bd969a5988fd349b05,別表第2,別表第2ロ及びハを次のように改める…ロ医療職給料表（二）…ハ医療職給料表（三）,supported,233682a4fe6361519e126af622ed7e15114c00281ab5fdb6351af98177d13531
shinjuku-2026-r1-gian-14,hard,content,OA14-H-19,行政職給料表（一）: 他の給料表の適用を受ける職員以外の全ての職員（第19条に規定する職員を除く）,https://www.city.shinjuku.lg.jp/content/000448430.pdf,d8c713d0a9df19109d7d58c4e01a35a8bf6531aa456b16bd969a5988fd349b05,別表第1イ 備考,この表は、他の給料表の適用を受けない全ての職員に適用する。ただし、第19条に規定する職員を除く,supported,233682a4fe6361519e126af622ed7e15114c00281ab5fdb6351af98177d13531
shinjuku-2026-r1-gian-14,hard,content,OA14-H-20,行政職給料表（二）: 機器の運転操作、庁舎の監視その他の庁務及びこれらに準ずる業務に従事する職員で人事委員会が定めるもの,https://www.city.shinjuku.lg.jp/content/000448430.pdf,d8c713d0a9df19109d7d58c4e01a35a8bf6531aa456b16bd969a5988fd349b05,別表第1ロ 備考,この表は、機器の運転操作、庁舎の監視その他の庁務及びこれらに準ずる業務に従事する職員で人事委員会が定めるものに適用する,supported,233682a4fe6361519e126af622ed7e15114c00281ab5fdb6351af98177d13531
shinjuku-2026-r1-gian-14,hard,content,OA14-H-21,医療職給料表（二）: 栄養士その他の職員で人事委員会が定めるもの,https://www.city.shinjuku.lg.jp/content/000448430.pdf,d8c713d0a9df19109d7d58c4e01a35a8bf6531aa456b16bd969a5988fd349b05,別表第2ロ 備考,この表は、栄養士その他の職員で人事委員会が定めるものに適用する,supported,233682a4fe6361519e126af622ed7e15114c00281ab5fdb6351af98177d13531
shinjuku-2026-r1-gian-14,hard,content,OA14-H-22,医療職給料表（三）: 保健師、看護師その他の職員で人事委員会が定めるもの,https://www.city.shinjuku.lg.jp/content/000448430.pdf,d8c713d0a9df19109d7d58c4e01a35a8bf6531aa456b16bd969a5988fd349b05,別表第2ハ 備考,この表は、保健師、看護師その他の職員で人事委員会が定めるものに適用する,supported,233682a4fe6361519e126af622ed7e15114c00281ab5fdb6351af98177d13531
shinjuku-2026-r1-gian-14,hard,content,OA14-H-23,"改め後の別表第1イ（行政職給料表（一））の1号給（定年前再任用短時間勤務職員以外の職員）の給料月額は、1級196,600円、2級245,300円、3級268,800円、4級292,300円、5級396,800円、6級497,700円である。",https://www.city.shinjuku.lg.jp/content/000448430.pdf,d8c713d0a9df19109d7d58c4e01a35a8bf6531aa456b16bd969a5988fd349b05,別表第1イ 行政職給料表（一）,"196,600…245,300…268,800…292,300…396,800…497,700",supported,233682a4fe6361519e126af622ed7e15114c00281ab5fdb6351af98177d13531
shinjuku-2026-r1-gian-14,hard,content,OA14-H-24,令和7年特別区人事委員会の勧告を受け、管理職の職務・職責をより重視した給与体系の実現及び早期昇格者の処遇改善を図るため、行政職給料表（一）、医療職給料表（二）及び医療職給料表（三）を改定する。,https://www.city.shinjuku.lg.jp/content/000447774.pdf,1dc3eaffcafb1b1c9e139e823182dc80dc0755624813ca87d8b274d15f5b6624,第14号議案 1,令和7年特別区人事委員会の勧告を受け、管理職の職務・…職責をより重視した給与体系の実現及び早期昇格者の処遇…改善を図るため、行政職給料表（一）、医療職給料表（二）…及び医療職給料表（三）を改定する,supported,233682a4fe6361519e126af622ed7e15114c00281ab5fdb6351af98177d13531
shinjuku-2026-r1-gian-14,hard,content,OA14-H-25,国の取扱いとの均衡等を踏まえ、週休日等以外の日における管理職員特別勤務手当の支給対象時間を拡大する。,https://www.city.shinjuku.lg.jp/content/000447774.pdf,1dc3eaffcafb1b1c9e139e823182dc80dc0755624813ca87d8b274d15f5b6624,第14号議案 2,国の取扱いとの均衡等を踏まえ、週休日等以外の日におけ…る管理職員特別勤務手当の支給対象時間を拡大する,supported,233682a4fe6361519e126af622ed7e15114c00281ab5fdb6351af98177d13531
shinjuku-2026-r1-gian-14,hard,content,OA14-H-26,概要資料は、対象時間を「午前0時から午前5時まで」から「午後10時から翌日の午前5時まで」に改めると示している,https://www.city.shinjuku.lg.jp/content/000447774.pdf,1dc3eaffcafb1b1c9e139e823182dc80dc0755624813ca87d8b274d15f5b6624,第14号議案 2,「午前0時から午前5時まで」⇒「午後10時から翌日の…午前5時まで」,supported,233682a4fe6361519e126af622ed7e15114c00281ab5fdb6351af98177d13531
shinjuku-2026-r1-gian-14,hard,content,OA14-H-27,技能・業務系職員に係る人事・給与制度の見直しに伴い、人材の確保、世代間の給与配分の適正化等を図るため、行政職給料表（二）の切替えを行う。,https://www.city.shinjuku.lg.jp/content/000447774.pdf,1dc3eaffcafb1b1c9e139e823182dc80dc0755624813ca87d8b274d15f5b6624,第14号議案 3,技能・業務系職員に係る人事・給与制度の見直しに伴い、…人材の確保、世代間の給与配分の適正化等を図るため、行政…職給料表（二）の切替えを行う,supported,233682a4fe6361519e126af622ed7e15114c00281ab5fdb6351af98177d13531
shinjuku-2026-r1-gian-14,hard,content,OA14-H-28,「議案の概要と審議結果」も、管理職員特別勤務手当の支給対象時間の拡大について同旨の記載をしている。,https://www.city.shinjuku.lg.jp/content/000452334.pdf,22ba4f49b18c96bd1fa26241606257c05477f38e25ac46d6f8e4f416a2cedbf2,第14号議案（議案の概要）,国の取扱いとの均衡等を踏まえ、週休日等以外の日における管理職員特別勤務手当の支給対象時間を拡大する,supported,233682a4fe6361519e126af622ed7e15114c00281ab5fdb6351af98177d13531
shinjuku-2026-r1-gian-14,hard,content,OA14-H-29,この条例は、令和8年4月1日から施行する。,https://www.city.shinjuku.lg.jp/content/000448430.pdf,d8c713d0a9df19109d7d58c4e01a35a8bf6531aa456b16bd969a5988fd349b05,附則（施行期日）,この条例は、令和8年4月1日から施行する,supported,233682a4fe6361519e126af622ed7e15114c00281ab5fdb6351af98177d13531
shinjuku-2026-r1-gian-14,hard,content,OA14-H-30,第2項（特定の職務の級の切替え）: 改正後の別表第1ロの行政職給料表（二）の適用について、施行日の前日の旧級が附則別表第1の旧級欄に掲げる職務の級であった職員の新級は、旧級に対応する新級欄の級とする,https://www.city.shinjuku.lg.jp/content/000448430.pdf,d8c713d0a9df19109d7d58c4e01a35a8bf6531aa456b16bd969a5988fd349b05,附則第2項,行政職給料表（二）の適用について…の前日においてその者の属していた職務の級（以下「旧級」という。）が附則別表第1の旧級欄に掲げる職務の級であった職員の施行日における職務の級（以下「新級」という。）は、旧級に対応する同表の新級欄に定める職務の級とする,supported,233682a4fe6361519e126af622ed7e15114c00281ab5fdb6351af98177d13531
shinjuku-2026-r1-gian-14,hard,content,OA14-H-31,附則別表第1（職務の級の切替表）: 旧級1級・2級・3級・4級は、それぞれ新級1級・2級・3級・4級に対応する,https://www.city.shinjuku.lg.jp/content/000448430.pdf,d8c713d0a9df19109d7d58c4e01a35a8bf6531aa456b16bd969a5988fd349b05,附則別表第1,旧級新級1級1級2級2級3級3級4級4級,supported,233682a4fe6361519e126af622ed7e15114c00281ab5fdb6351af98177d13531
shinjuku-2026-r1-gian-14,hard,content,OA14-H-32,第3項（号給の切替え）: 改正前の行政職給料表（一）・（二）、医療職給料表（二）・（三）の適用を受けていた職員のうち附則別表第2に掲げる職務の級の職員の新号給は、旧級と旧号給に応じて同表に定める号給とする,https://www.city.shinjuku.lg.jp/content/000448430.pdf,d8c713d0a9df19109d7d58c4e01a35a8bf6531aa456b16bd969a5988fd349b05,附則第3項,施行日の前日においてこの条例による改正前の別表第1イに掲げる行政職給料表（一）、同表ロに掲げる行政職給料表（二）、別表第2ロに掲げる医療職給料表（二）及び同表ハに掲げる医療職給料表（三）の適用を受けていた職員であって…施行日における号給（次項及び同表において「新号給」という。）は、施行日の前日においてその者が属していた職務の級及び同日においてその者が受けていた号給（同表において「旧号給」という。）に応じて同表に定める号給とする,supported,233682a4fe6361519e126af622ed7e15114c00281ab5fdb6351af98177d13531
shinjuku-2026-r1-gian-14,hard,content,OA14-H-33,附則別表第2（号給の切替表）: イ行政職給料表（一）、ロ行政職給料表（二）、ハ医療職給料表（二）、ニ医療職給料表（三）の各新号給を定める,https://www.city.shinjuku.lg.jp/content/000448430.pdf,d8c713d0a9df19109d7d58c4e01a35a8bf6531aa456b16bd969a5988fd349b05,附則別表第2,号給の切替表…イ行政職給料表（一）の適用を受ける職員の新号給…ロ行政職給料表（二）の適用を受ける職員の新号給…ハ医療職給料表（二）の適用を受ける職員の新号給…ニ医療職給料表（三）の適用を受ける職員の新号給,supported,233682a4fe6361519e126af622ed7e15114c00281ab5fdb6351af98177d13531
shinjuku-2026-r1-gian-14,hard,content,OA14-H-34,第4項（施行日前の異動者の号給の調整）: 人事委員会の定めるところにより、権衡上必要と認められる限度で必要な調整を行うことができる,https://www.city.shinjuku.lg.jp/content/000448430.pdf,d8c713d0a9df19109d7d58c4e01a35a8bf6531aa456b16bd969a5988fd349b05,附則第4項,施行日前に職務の級を異にする異動をした職員及び特別区人事委員会（以下「人事委員会」という。）の定めるこれに準ずるものをした職員の新号給については、その者が施行日において当該異動又は当該準ずるものをした場合との権衡上必要と認められる限度において、人事委員会の定めるところにより、必要な調整を行うことができる,supported,233682a4fe6361519e126af622ed7e15114c00281ab5fdb6351af98177d13531
shinjuku-2026-r1-gian-14,hard,content,OA14-H-35,第5項（復職等の日における号給の調整の特例）: 休職中等の職員の復職等の日の号給は、施行日に復職等をしていたならば決定されていた号給に調整する,https://www.city.shinjuku.lg.jp/content/000448430.pdf,d8c713d0a9df19109d7d58c4e01a35a8bf6531aa456b16bd969a5988fd349b05,附則第5項,施行日の前日から引き続き休職中等…の者のうち、次に掲げる職員の施行日後の復職した日、職務に復帰した日又は再び勤務するに至った日（以下「復職等の日」という。）における号給は、施行日に復職等をしていたならば決定されていた号給に調整する,supported,233682a4fe6361519e126af622ed7e15114c00281ab5fdb6351af98177d13531
shinjuku-2026-r1-gian-14,hard,content,OA14-H-36,第6項: 施行日に昇格等をする場合の号給の決定は、切替え後の号給を基礎とする,https://www.city.shinjuku.lg.jp/content/000448430.pdf,d8c713d0a9df19109d7d58c4e01a35a8bf6531aa456b16bd969a5988fd349b05,附則第6項,施行日に昇格、降格、昇給、降給又は転職等をする場合の号給の決定は、附則別表第2による切替えを行った後の号給を基礎として行うものとする,supported,233682a4fe6361519e126af622ed7e15114c00281ab5fdb6351af98177d13531
shinjuku-2026-r1-gian-14,hard,content,OA14-H-37,第7項: 施行日の前日に人事交流により退職し施行日から採用される職員の初任給の決定に、附則第2項から前項まで及び附則別表の規定を準用する,https://www.city.shinjuku.lg.jp/content/000448430.pdf,d8c713d0a9df19109d7d58c4e01a35a8bf6531aa456b16bd969a5988fd349b05,附則第7項,施行日の前日に人事交流により他の特別区又は特別区の一部事務組合を退職し、施行日から採用される職員の初任給の決定については、附則第2項から前項まで並びに附則別表第1及び附則別表第2の規定を準用する,supported,233682a4fe6361519e126af622ed7e15114c00281ab5fdb6351af98177d13531
shinjuku-2026-r1-gian-14,hard,content,OA14-H-38,第8項（委任）: 施行に関し必要な事項は、人事委員会が定める,https://www.city.shinjuku.lg.jp/content/000448430.pdf,d8c713d0a9df19109d7d58c4e01a35a8bf6531aa456b16bd969a5988fd349b05,附則第8項,附則第2項から前項までに定めるもののほか、この条例の施行に関し必要な事項は、人事委員会が定める,supported,233682a4fe6361519e126af622ed7e15114c00281ab5fdb6351af98177d13531
shinjuku-2026-r1-gian-14,hard,content,OA14-H-39,第9項: 平成30年新宿区条例第3号の附則第5項から第7項までを「削除」に改める,https://www.city.shinjuku.lg.jp/content/000448430.pdf,d8c713d0a9df19109d7d58c4e01a35a8bf6531aa456b16bd969a5988fd349b05,附則第9項,新宿区職員の給与に関する条例の一部を改正する条例（平成30年新宿区条例第3号）の一部を次のように改正する…附則第5項の前の見出しを削り、同項から附則第7項までを次のように改める…削除,supported,233682a4fe6361519e126af622ed7e15114c00281ab5fdb6351af98177d13531
shinjuku-2026-r1-gian-14,hard,content,OA14-H-40,第14号議案 全文 / https://www.city.shinjuku.lg.jp/content/000448430.pdf / d8c713d0a9df19109d7d58c4e01a35a8bf6531aa456b16bd969a5988fd349b05,https://www.city.shinjuku.lg.jp/content/000448430.pdf,d8c713d0a9df19109d7d58c4e01a35a8bf6531aa456b16bd969a5988fd349b05,件名,新宿区職員の給与に関する条例の一部を改正する条例,supported,233682a4fe6361519e126af622ed7e15114c00281ab5fdb6351af98177d13531
shinjuku-2026-r1-gian-14,hard,content,OA14-H-41,提出案件概要（条例関係） / https://www.city.shinjuku.lg.jp/content/000447774.pdf / 1dc3eaffcafb1b1c9e139e823182dc80dc0755624813ca87d8b274d15f5b6624,https://www.city.shinjuku.lg.jp/content/000447774.pdf,1dc3eaffcafb1b1c9e139e823182dc80dc0755624813ca87d8b274d15f5b6624,提出案件概要（条例関係）,第1回区議会定例会提出案件概要…（条例関係）,supported,233682a4fe6361519e126af622ed7e15114c00281ab5fdb6351af98177d13531
shinjuku-2026-r1-gian-14,hard,content,OA14-H-42,議案の概要と審議結果 / https://www.city.shinjuku.lg.jp/content/000452334.pdf / 22ba4f49b18c96bd1fa26241606257c05477f38e25ac46d6f8e4f416a2cedbf2,https://www.city.shinjuku.lg.jp/content/000452334.pdf,22ba4f49b18c96bd1fa26241606257c05477f38e25ac46d6f8e4f416a2cedbf2,議案の概要と審議結果,議案の概要と審議結果,supported,233682a4fe6361519e126af622ed7e15114c00281ab5fdb6351af98177d13531
shinjuku-2026-r1-gian-14,hard,content,OA14-H-43,議決結果ページ（2026-10-04 取得） / https://www.city.shinjuku.lg.jp/kusei/soumu01_002090_00015.html / 7c2b6f68db1b433b860b35d176b4dd9211e78582ec9de718fcfefe68b22d896a,https://www.city.shinjuku.lg.jp/kusei/soumu01_002090_00015.html,7c2b6f68db1b433b860b35d176b4dd9211e78582ec9de718fcfefe68b22d896a,審議状況（議決結果ページ）,第14号議案新宿区職員の給与に関する条例の一部を改正する条例原案可決,supported,233682a4fe6361519e126af622ed7e15114c00281ab5fdb6351af98177d13531
shinjuku-2026-r1-gian-14,hard,content,OA14-H-44,会議録 3月24日 議長（委員会審査報告） / https://ssp.kaigiroku.net/tenant/shinjuku/MinuteView.html?council_id=3163&schedule_id=5&minute_id=28 / fc1da089857f696094cec7d628ff438dd74002a8df2fa07026c0a0506f81e6d2,https://ssp.kaigiroku.net/tenant/shinjuku/MinuteView.html?council_id=3163&schedule_id=5&minute_id=28,fc1da089857f696094cec7d628ff438dd74002a8df2fa07026c0a0506f81e6d2,審議状況（本会議 3月24日 議長）,総務区民委員会審査報告書は、可決です…御異議ありませんか,supported,233682a4fe6361519e126af622ed7e15114c00281ab5fdb6351af98177d13531
shinjuku-2026-r1-gian-14,hard,content,OA14-H-45,会議録 3月24日 議長（採決） / https://ssp.kaigiroku.net/tenant/shinjuku/MinuteView.html?council_id=3163&schedule_id=5&minute_id=29 / 970914f9ce4a28e423e8480a3d4ce175afafafeebd92448698df42d97cb2ec1d,https://ssp.kaigiroku.net/tenant/shinjuku/MinuteView.html?council_id=3163&schedule_id=5&minute_id=29,970914f9ce4a28e423e8480a3d4ce175afafafeebd92448698df42d97cb2ec1d,審議状況（本会議 3月24日 議長）,異議なしと認めます…本案は、いずれも委員会審査報告のとおり可決されました,supported,233682a4fe6361519e126af622ed7e15114c00281ab5fdb6351af98177d13531
shinjuku-2026-r1-gian-15,easy,title,OA15-ET-01,見出し: 住民基本台帳の 条例の 引用を 直します,https://www.city.shinjuku.lg.jp/content/000448431.pdf,bd762ef61228a64d4cdeca831a11f10316b03b4cf70a4ceb0e17b36f153ba989,第15条第1項第2号,第15条第1項第2号中「第6条」を「第6条第1項」に改める,supported,be3bfbba130079f72f5956e8df0b610f0393ce270d8938bac763154f70d0585a
shinjuku-2026-r1-gian-15,easy,summary,OA15-ES-01,要約: 条例の 第15条で 引用して いる 条文の 書きかたを 直します。,https://www.city.shinjuku.lg.jp/content/000448431.pdf,bd762ef61228a64d4cdeca831a11f10316b03b4cf70a4ceb0e17b36f153ba989,第15条第1項第2号,第15条第1項第2号中「第6条」を「第6条第1項」に改める,supported,be3bfbba130079f72f5956e8df0b610f0393ce270d8938bac763154f70d0585a
shinjuku-2026-r1-gian-15,easy,summary,OA15-ES-02,要約: ストーカー行為等の 規制等に 関する 法律の 改正に 合わせた 直しです。,https://www.city.shinjuku.lg.jp/content/000448431.pdf,bd762ef61228a64d4cdeca831a11f10316b03b4cf70a4ceb0e17b36f153ba989,（提案理由）,ストーカー行為等の規制等に関する法律の一部を改正する法律（令和7年法律第83号）の一部の施行に伴い、規定を整備する必要があるため,supported,be3bfbba130079f72f5956e8df0b610f0393ce270d8938bac763154f70d0585a
shinjuku-2026-r1-gian-15,easy,summary,OA15-ES-03,要約: 公布の日から 始まります。,https://www.city.shinjuku.lg.jp/content/000448431.pdf,bd762ef61228a64d4cdeca831a11f10316b03b4cf70a4ceb0e17b36f153ba989,附則（施行期日）,この条例は、公布の日から施行する,supported,be3bfbba130079f72f5956e8df0b610f0393ce270d8938bac763154f70d0585a
shinjuku-2026-r1-gian-15,easy,content,OA15-E-01,【新宿区住民基本台帳制度の適正な運用に関する条例】［しんじゅくくじゅうみんきほんだいちょうせいどのてきせいなうんようにかんするじょうれい］（＝住民の 記録の 運用の 決まり）を 変えます。,https://www.city.shinjuku.lg.jp/content/000448431.pdf,bd762ef61228a64d4cdeca831a11f10316b03b4cf70a4ceb0e17b36f153ba989,改め文,新宿区住民基本台帳制度の適正な運用に関する条例（平成14年新宿区条例第48号）の一部を次のように改正する,supported,be3bfbba130079f72f5956e8df0b610f0393ce270d8938bac763154f70d0585a
shinjuku-2026-r1-gian-15,easy,content,OA15-E-02,対象は 平成14年 新宿区条例 第48号です。,https://www.city.shinjuku.lg.jp/content/000448431.pdf,bd762ef61228a64d4cdeca831a11f10316b03b4cf70a4ceb0e17b36f153ba989,改め文,新宿区住民基本台帳制度の適正な運用に関する条例（平成14年新宿区条例第48号）の一部を次のように改正する,supported,be3bfbba130079f72f5956e8df0b610f0393ce270d8938bac763154f70d0585a
shinjuku-2026-r1-gian-15,easy,content,OA15-E-03,国の 法律の 改正に 合わせて 引用を 直します。,https://www.city.shinjuku.lg.jp/content/000448431.pdf,bd762ef61228a64d4cdeca831a11f10316b03b4cf70a4ceb0e17b36f153ba989,（提案理由）,ストーカー行為等の規制等に関する法律の一部を改正する法律（令和7年法律第83号）の一部の施行に伴い、規定を整備する必要があるため,supported,be3bfbba130079f72f5956e8df0b610f0393ce270d8938bac763154f70d0585a
shinjuku-2026-r1-gian-15,easy,content,OA15-E-04,第15条 第1項 第2号の「第6条」を「第6条 第1項」に 直します。,https://www.city.shinjuku.lg.jp/content/000448431.pdf,bd762ef61228a64d4cdeca831a11f10316b03b4cf70a4ceb0e17b36f153ba989,第15条第1項第2号,第15条第1項第2号中「第6条」を「第6条第1項」に改める,supported,be3bfbba130079f72f5956e8df0b610f0393ce270d8938bac763154f70d0585a
shinjuku-2026-r1-gian-15,easy,content,OA15-E-05,引用の 書きかたを 直す だけです。,https://www.city.shinjuku.lg.jp/content/000447774.pdf,1dc3eaffcafb1b1c9e139e823182dc80dc0755624813ca87d8b274d15f5b6624,第15号議案,ストーカー行為等の規制等に関する法律の改正により、スト…ーカー行為等の相手方に係る情報の提供を防止するための警…察本部長等の権限の強化に係る規定が追加されたことに伴い、…引用条項を改める,supported,be3bfbba130079f72f5956e8df0b610f0393ce270d8938bac763154f70d0585a
shinjuku-2026-r1-gian-15,easy,content,OA15-E-06,ストーカー行為等の 規制等に 関する 法律が 改正されました。,https://www.city.shinjuku.lg.jp/content/000448431.pdf,bd762ef61228a64d4cdeca831a11f10316b03b4cf70a4ceb0e17b36f153ba989,（提案理由）,ストーカー行為等の規制等に関する法律の一部を改正する法律（令和7年法律第83号）の一部の施行に伴い、規定を整備する必要があるため,supported,be3bfbba130079f72f5956e8df0b610f0393ce270d8938bac763154f70d0585a
shinjuku-2026-r1-gian-15,easy,content,OA15-E-07,この 法律では 警察本部長等の 権限を 強める 決まりが 足されました。,https://www.city.shinjuku.lg.jp/content/000447774.pdf,1dc3eaffcafb1b1c9e139e823182dc80dc0755624813ca87d8b274d15f5b6624,第15号議案,ストーカー行為等の規制等に関する法律の改正により、スト…ーカー行為等の相手方に係る情報の提供を防止するための警…察本部長等の権限の強化に係る規定が追加されたことに伴い、…引用条項を改める,supported,be3bfbba130079f72f5956e8df0b610f0393ce270d8938bac763154f70d0585a
shinjuku-2026-r1-gian-15,easy,content,OA15-E-08,ストーカー行為等の 相手方に 情報が 渡る のを 防ぐ ための 決まりです。,https://www.city.shinjuku.lg.jp/content/000447774.pdf,1dc3eaffcafb1b1c9e139e823182dc80dc0755624813ca87d8b274d15f5b6624,第15号議案,ストーカー行為等の規制等に関する法律の改正により、スト…ーカー行為等の相手方に係る情報の提供を防止するための警…察本部長等の権限の強化に係る規定が追加されたことに伴い、…引用条項を改める,supported,be3bfbba130079f72f5956e8df0b610f0393ce270d8938bac763154f70d0585a
shinjuku-2026-r1-gian-15,easy,content,OA15-E-09,【公布の日】［こうふのひ］（＝決まりを 区民に 知らせる 日）から 始まります。,https://www.city.shinjuku.lg.jp/content/000448431.pdf,bd762ef61228a64d4cdeca831a11f10316b03b4cf70a4ceb0e17b36f153ba989,附則（施行期日）,この条例は、公布の日から施行する,supported,be3bfbba130079f72f5956e8df0b610f0393ce270d8938bac763154f70d0585a
shinjuku-2026-r1-gian-15,easy,content,OA15-E-10,【原案可決】［げんあんかけつ］（＝出した 通りの 内容で 決まること）です。,https://www.city.shinjuku.lg.jp/kusei/soumu01_002090_00015.html,7c2b6f68db1b433b860b35d176b4dd9211e78582ec9de718fcfefe68b22d896a,審議状況（議決結果ページ）,第15号議案新宿区住民基本台帳制度の適正な運用に関する条例の一部を改正する条例原案可決,supported,be3bfbba130079f72f5956e8df0b610f0393ce270d8938bac763154f70d0585a
shinjuku-2026-r1-gian-15,easy,content,OA15-E-11,2026年（令和8年）の 第1回定例会で 決まりました。,https://www.city.shinjuku.lg.jp/content/000452334.pdf,22ba4f49b18c96bd1fa26241606257c05477f38e25ac46d6f8e4f416a2cedbf2,審議状況（会期）,令和８年第１回定例会…２月１７日～３月２４日,supported,be3bfbba130079f72f5956e8df0b610f0393ce270d8938bac763154f70d0585a
shinjuku-2026-r1-gian-15,easy,content,OA15-E-12,会期は 2026年2月17日（火）から 3月24日（火）まででした。,https://www.city.shinjuku.lg.jp/content/000452334.pdf,22ba4f49b18c96bd1fa26241606257c05477f38e25ac46d6f8e4f416a2cedbf2,審議状況（会期）,令和８年第１回定例会…２月１７日～３月２４日,supported,be3bfbba130079f72f5956e8df0b610f0393ce270d8938bac763154f70d0585a
shinjuku-2026-r1-gian-15,easy,content,OA15-E-13,本会議で 決まった 日は 3月24日（火）です。,https://ssp.kaigiroku.net/tenant/shinjuku/MinuteView.html?council_id=3163&schedule_id=5&minute_id=1,bd058d36962b45d8d965e4625bb95ecd661a102a026175213f37ba9eb575424a,審議状況（本会議 3月24日 議長）,令和８年第１回定例会会議録（第４日）第４号…令和８年３月２４日（火曜日）,supported,be3bfbba130079f72f5956e8df0b610f0393ce270d8938bac763154f70d0585a
shinjuku-2026-r1-gian-15,easy,content,OA15-E-14,ほかの 議案と まとめて 議題に なりました。,https://ssp.kaigiroku.net/tenant/shinjuku/MinuteView.html?council_id=3163&schedule_id=5&minute_id=19,8a31f81d234a3fc5b7611fdb2c52bf9ed24b1c6d4debb8d75e66e76874004ad4,審議状況（本会議 3月24日 議長）,日程第３から日程第１０までを一括議題とします,supported,be3bfbba130079f72f5956e8df0b610f0393ce270d8938bac763154f70d0585a
shinjuku-2026-r1-gian-15,easy,content,OA15-E-15,総務区民委員会の 審査報告書は 可決でした。,https://ssp.kaigiroku.net/tenant/shinjuku/MinuteView.html?council_id=3163&schedule_id=5&minute_id=28,fc1da089857f696094cec7d628ff438dd74002a8df2fa07026c0a0506f81e6d2,審議状況（本会議 3月24日 議長）,総務区民委員会審査報告書は、可決です…御異議ありませんか,supported,be3bfbba130079f72f5956e8df0b610f0393ce270d8938bac763154f70d0585a
shinjuku-2026-r1-gian-15,easy,content,OA15-E-16,議長が 異議が ないか たずねました。,https://ssp.kaigiroku.net/tenant/shinjuku/MinuteView.html?council_id=3163&schedule_id=5&minute_id=28,fc1da089857f696094cec7d628ff438dd74002a8df2fa07026c0a0506f81e6d2,審議状況（本会議 3月24日 議長）,総務区民委員会審査報告書は、可決です…御異議ありませんか,supported,be3bfbba130079f72f5956e8df0b610f0393ce270d8938bac763154f70d0585a
shinjuku-2026-r1-gian-15,easy,content,OA15-E-17,異議なしと 認められて 可決しました。,https://ssp.kaigiroku.net/tenant/shinjuku/MinuteView.html?council_id=3163&schedule_id=5&minute_id=29,970914f9ce4a28e423e8480a3d4ce175afafafeebd92448698df42d97cb2ec1d,審議状況（本会議 3月24日 議長）,異議なしと認めます…本案は、いずれも委員会審査報告のとおり可決されました,supported,be3bfbba130079f72f5956e8df0b610f0393ce270d8938bac763154f70d0585a
shinjuku-2026-r1-gian-15,easy,content,OA15-E-18,賛成したのは ８つの 会派 すべてです。,https://www.city.shinjuku.lg.jp/content/000452334.pdf,22ba4f49b18c96bd1fa26241606257c05477f38e25ac46d6f8e4f416a2cedbf2,審議状況（議案の概要と審議結果の採決結果行）,等の権限の強化に係る規定が追加されたことに伴い、引用条項を改める。○○○○○○○○可決,supported,be3bfbba130079f72f5956e8df0b610f0393ce270d8938bac763154f70d0585a
shinjuku-2026-r1-gian-15,normal,title,OA15-NT-01,見出し: 住民基本台帳条例の引用条項を、ストーカー規制法の改正に合わせて改める,https://www.city.shinjuku.lg.jp/content/000447774.pdf,1dc3eaffcafb1b1c9e139e823182dc80dc0755624813ca87d8b274d15f5b6624,第15号議案,ストーカー行為等の規制等に関する法律の改正により、スト…ーカー行為等の相手方に係る情報の提供を防止するための警…察本部長等の権限の強化に係る規定が追加されたことに伴い、…引用条項を改める,supported,32d444d09b1821f8fb5a1afda07bfeb518b96ec0bf7b94531786232104260804
shinjuku-2026-r1-gian-15,normal,summary,OA15-NS-01,要約: 第15条第1項第2号の引用条項「第6条」を「第6条第1項」に改める条例改正です。ストーカー行為等の規制等に関する法律の改正に伴う整備です。,https://www.city.shinjuku.lg.jp/content/000447774.pdf,1dc3eaffcafb1b1c9e139e823182dc80dc0755624813ca87d8b274d15f5b6624,第15号議案,ストーカー行為等の規制等に関する法律の改正により、スト…ーカー行為等の相手方に係る情報の提供を防止するための警…察本部長等の権限の強化に係る規定が追加されたことに伴い、…引用条項を改める,supported,32d444d09b1821f8fb5a1afda07bfeb518b96ec0bf7b94531786232104260804
shinjuku-2026-r1-gian-15,normal,summary,OA15-NS-02,要約: 施行日は公布の日です。,https://www.city.shinjuku.lg.jp/content/000448431.pdf,bd762ef61228a64d4cdeca831a11f10316b03b4cf70a4ceb0e17b36f153ba989,附則（施行期日）,この条例は、公布の日から施行する,supported,32d444d09b1821f8fb5a1afda07bfeb518b96ec0bf7b94531786232104260804
shinjuku-2026-r1-gian-15,normal,content,OA15-N-01,新宿区住民基本台帳制度の適正な運用に関する条例（平成14年新宿区条例第48号）の改正です。,https://www.city.shinjuku.lg.jp/content/000448431.pdf,bd762ef61228a64d4cdeca831a11f10316b03b4cf70a4ceb0e17b36f153ba989,改め文,新宿区住民基本台帳制度の適正な運用に関する条例（平成14年新宿区条例第48号）の一部を次のように改正する,supported,32d444d09b1821f8fb5a1afda07bfeb518b96ec0bf7b94531786232104260804
shinjuku-2026-r1-gian-15,normal,content,OA15-N-02,ストーカー行為等の規制等に関する法律の改正により、ストーカー行為等の相手方に係る情報の提供を防止するための警察本部長等の権限の強化に係る規定が追加されたことに伴い、引用条項を改める。,https://www.city.shinjuku.lg.jp/content/000447774.pdf,1dc3eaffcafb1b1c9e139e823182dc80dc0755624813ca87d8b274d15f5b6624,第15号議案,ストーカー行為等の規制等に関する法律の改正により、スト…ーカー行為等の相手方に係る情報の提供を防止するための警…察本部長等の権限の強化に係る規定が追加されたことに伴い、…引用条項を改める,supported,32d444d09b1821f8fb5a1afda07bfeb518b96ec0bf7b94531786232104260804
shinjuku-2026-r1-gian-15,normal,content,OA15-N-03,議案本文の提案理由は、ストーカー行為等の規制等に関する法律の一部を改正する法律（令和7年法律第83号）の一部の施行に伴い、規定を整備する必要がある、としています。,https://www.city.shinjuku.lg.jp/content/000448431.pdf,bd762ef61228a64d4cdeca831a11f10316b03b4cf70a4ceb0e17b36f153ba989,（提案理由）,ストーカー行為等の規制等に関する法律の一部を改正する法律（令和7年法律第83号）の一部の施行に伴い、規定を整備する必要があるため,supported,32d444d09b1821f8fb5a1afda07bfeb518b96ec0bf7b94531786232104260804
shinjuku-2026-r1-gian-15,normal,content,OA15-N-04,改め文は1か所だけです。,https://www.city.shinjuku.lg.jp/content/000448431.pdf,bd762ef61228a64d4cdeca831a11f10316b03b4cf70a4ceb0e17b36f153ba989,第15条第1項第2号,第15条第1項第2号中「第6条」を「第6条第1項」に改める,supported,32d444d09b1821f8fb5a1afda07bfeb518b96ec0bf7b94531786232104260804
shinjuku-2026-r1-gian-15,normal,content,OA15-N-05,第15条第1項第2号中の「第6条」を「第6条第1項」に改めます,https://www.city.shinjuku.lg.jp/content/000448431.pdf,bd762ef61228a64d4cdeca831a11f10316b03b4cf70a4ceb0e17b36f153ba989,第15条第1項第2号,第15条第1項第2号中「第6条」を「第6条第1項」に改める,supported,32d444d09b1821f8fb5a1afda07bfeb518b96ec0bf7b94531786232104260804
shinjuku-2026-r1-gian-15,normal,content,OA15-N-06,概要資料は、この改正を「引用条項を改める」ものと説明しています。,https://www.city.shinjuku.lg.jp/content/000447774.pdf,1dc3eaffcafb1b1c9e139e823182dc80dc0755624813ca87d8b274d15f5b6624,第15号議案,ストーカー行為等の規制等に関する法律の改正により、スト…ーカー行為等の相手方に係る情報の提供を防止するための警…察本部長等の権限の強化に係る規定が追加されたことに伴い、…引用条項を改める,supported,32d444d09b1821f8fb5a1afda07bfeb518b96ec0bf7b94531786232104260804
shinjuku-2026-r1-gian-15,normal,content,OA15-N-07,公布の日から施行されます。,https://www.city.shinjuku.lg.jp/content/000448431.pdf,bd762ef61228a64d4cdeca831a11f10316b03b4cf70a4ceb0e17b36f153ba989,附則（施行期日）,この条例は、公布の日から施行する,supported,32d444d09b1821f8fb5a1afda07bfeb518b96ec0bf7b94531786232104260804
shinjuku-2026-r1-gian-15,normal,content,OA15-N-08,附則には施行期日だけが定められています。,https://www.city.shinjuku.lg.jp/content/000448431.pdf,bd762ef61228a64d4cdeca831a11f10316b03b4cf70a4ceb0e17b36f153ba989,附則（施行期日）,この条例は、公布の日から施行する,supported,32d444d09b1821f8fb5a1afda07bfeb518b96ec0bf7b94531786232104260804
shinjuku-2026-r1-gian-15,normal,content,OA15-N-09,令和8年第1回定例会（会期は2月17日から3月24日まで）で審議されました。,https://www.city.shinjuku.lg.jp/content/000452334.pdf,22ba4f49b18c96bd1fa26241606257c05477f38e25ac46d6f8e4f416a2cedbf2,審議状況（会期）,令和８年第１回定例会…２月１７日～３月２４日,supported,32d444d09b1821f8fb5a1afda07bfeb518b96ec0bf7b94531786232104260804
shinjuku-2026-r1-gian-15,normal,content,OA15-N-10,本会議は第4日にあたる3月24日（火曜日）でした。,https://ssp.kaigiroku.net/tenant/shinjuku/MinuteView.html?council_id=3163&schedule_id=5&minute_id=1,bd058d36962b45d8d965e4625bb95ecd661a102a026175213f37ba9eb575424a,審議状況（本会議 3月24日 議長）,令和８年第１回定例会会議録（第４日）第４号…令和８年３月２４日（火曜日）,supported,32d444d09b1821f8fb5a1afda07bfeb518b96ec0bf7b94531786232104260804
shinjuku-2026-r1-gian-15,normal,content,OA15-N-11,日程第3から日程第10までの議案とあわせて、一括して議題となりました。,https://ssp.kaigiroku.net/tenant/shinjuku/MinuteView.html?council_id=3163&schedule_id=5&minute_id=19,8a31f81d234a3fc5b7611fdb2c52bf9ed24b1c6d4debb8d75e66e76874004ad4,審議状況（本会議 3月24日 議長）,日程第３から日程第１０までを一括議題とします,supported,32d444d09b1821f8fb5a1afda07bfeb518b96ec0bf7b94531786232104260804
shinjuku-2026-r1-gian-15,normal,content,OA15-N-12,総務区民委員会の審査報告書は「可決」でした。,https://ssp.kaigiroku.net/tenant/shinjuku/MinuteView.html?council_id=3163&schedule_id=5&minute_id=28,fc1da089857f696094cec7d628ff438dd74002a8df2fa07026c0a0506f81e6d2,審議状況（本会議 3月24日 議長）,総務区民委員会審査報告書は、可決です…御異議ありませんか,supported,32d444d09b1821f8fb5a1afda07bfeb518b96ec0bf7b94531786232104260804
shinjuku-2026-r1-gian-15,normal,content,OA15-N-13,本会議は、異議なしと認めて、委員会審査報告のとおり可決しました。,https://ssp.kaigiroku.net/tenant/shinjuku/MinuteView.html?council_id=3163&schedule_id=5&minute_id=29,970914f9ce4a28e423e8480a3d4ce175afafafeebd92448698df42d97cb2ec1d,審議状況（本会議 3月24日 議長）,異議なしと認めます…本案は、いずれも委員会審査報告のとおり可決されました,supported,32d444d09b1821f8fb5a1afda07bfeb518b96ec0bf7b94531786232104260804
shinjuku-2026-r1-gian-15,normal,content,OA15-N-14,議決結果ページの記載は「原案可決」です。,https://www.city.shinjuku.lg.jp/kusei/soumu01_002090_00015.html,7c2b6f68db1b433b860b35d176b4dd9211e78582ec9de718fcfefe68b22d896a,審議状況（議決結果ページ）,第15号議案新宿区住民基本台帳制度の適正な運用に関する条例の一部を改正する条例原案可決,supported,32d444d09b1821f8fb5a1afda07bfeb518b96ec0bf7b94531786232104260804
shinjuku-2026-r1-gian-15,normal,content,OA15-N-15,「議案の概要と審議結果」の採決結果行では、8会派すべてが賛成（○）でした。,https://www.city.shinjuku.lg.jp/content/000452334.pdf,22ba4f49b18c96bd1fa26241606257c05477f38e25ac46d6f8e4f416a2cedbf2,審議状況（議案の概要と審議結果の採決結果行）,等の権限の強化に係る規定が追加されたことに伴い、引用条項を改める。○○○○○○○○可決,supported,32d444d09b1821f8fb5a1afda07bfeb518b96ec0bf7b94531786232104260804
shinjuku-2026-r1-gian-15,hard,title,OA15-HT-01,見出し: 第15号議案 新宿区住民基本台帳制度の適正な運用に関する条例の一部を改正する条例,https://www.city.shinjuku.lg.jp/content/000448431.pdf,bd762ef61228a64d4cdeca831a11f10316b03b4cf70a4ceb0e17b36f153ba989,件名,新宿区住民基本台帳制度の適正な運用に関する条例の一部を改正する条例,supported,841b0facc4d961f15e1733be256800e46b35de5b73a1647b622aea8cfe87c945
shinjuku-2026-r1-gian-15,hard,summary,OA15-HS-01,要約: 平成14年新宿区条例第48号第15条第1項第2号中の「第6条」を「第6条第1項」に改める改正。ストーカー行為等の規制等に関する法律の一部を改正する法律の一部の施行に伴う規定整備を理由とする。,https://www.city.shinjuku.lg.jp/content/000448431.pdf,bd762ef61228a64d4cdeca831a11f10316b03b4cf70a4ceb0e17b36f153ba989,（提案理由）,ストーカー行為等の規制等に関する法律の一部を改正する法律（令和7年法律第83号）の一部の施行に伴い、規定を整備する必要があるため,supported,841b0facc4d961f15e1733be256800e46b35de5b73a1647b622aea8cfe87c945
shinjuku-2026-r1-gian-15,hard,summary,OA15-HS-02,要約: 施行日は公布の日。,https://www.city.shinjuku.lg.jp/content/000448431.pdf,bd762ef61228a64d4cdeca831a11f10316b03b4cf70a4ceb0e17b36f153ba989,附則（施行期日）,この条例は、公布の日から施行する,supported,841b0facc4d961f15e1733be256800e46b35de5b73a1647b622aea8cfe87c945
shinjuku-2026-r1-gian-15,hard,content,OA15-H-01,提出日: 令和8年2月17日,https://www.city.shinjuku.lg.jp/content/000448431.pdf,bd762ef61228a64d4cdeca831a11f10316b03b4cf70a4ceb0e17b36f153ba989,提出日・提出者,令和８年２月１７日…新宿区長…吉住…健一,supported,841b0facc4d961f15e1733be256800e46b35de5b73a1647b622aea8cfe87c945
shinjuku-2026-r1-gian-15,hard,content,OA15-H-02,提出者: 新宿区長 吉住健一,https://www.city.shinjuku.lg.jp/content/000448431.pdf,bd762ef61228a64d4cdeca831a11f10316b03b4cf70a4ceb0e17b36f153ba989,提出日・提出者,令和８年２月１７日…新宿区長…吉住…健一,supported,841b0facc4d961f15e1733be256800e46b35de5b73a1647b622aea8cfe87c945
shinjuku-2026-r1-gian-15,hard,content,OA15-H-03,対象条例: 新宿区住民基本台帳制度の適正な運用に関する条例（平成14年新宿区条例第48号）,https://www.city.shinjuku.lg.jp/content/000448431.pdf,bd762ef61228a64d4cdeca831a11f10316b03b4cf70a4ceb0e17b36f153ba989,改め文,新宿区住民基本台帳制度の適正な運用に関する条例（平成14年新宿区条例第48号）の一部を次のように改正する,supported,841b0facc4d961f15e1733be256800e46b35de5b73a1647b622aea8cfe87c945
shinjuku-2026-r1-gian-15,hard,content,OA15-H-04,議決: 原案可決（議決結果ページの記載）,https://www.city.shinjuku.lg.jp/kusei/soumu01_002090_00015.html,7c2b6f68db1b433b860b35d176b4dd9211e78582ec9de718fcfefe68b22d896a,審議状況（議決結果ページ）,第15号議案新宿区住民基本台帳制度の適正な運用に関する条例の一部を改正する条例原案可決,supported,841b0facc4d961f15e1733be256800e46b35de5b73a1647b622aea8cfe87c945
shinjuku-2026-r1-gian-15,hard,content,OA15-H-05,本会議: 令和8年3月24日（火曜日）、会議録 第4日第4号,https://ssp.kaigiroku.net/tenant/shinjuku/MinuteView.html?council_id=3163&schedule_id=5&minute_id=1,bd058d36962b45d8d965e4625bb95ecd661a102a026175213f37ba9eb575424a,審議状況（本会議 3月24日 議長）,令和８年第１回定例会会議録（第４日）第４号…令和８年３月２４日（火曜日）,supported,841b0facc4d961f15e1733be256800e46b35de5b73a1647b622aea8cfe87c945
shinjuku-2026-r1-gian-15,hard,content,OA15-H-06,議題: 日程第3から日程第10までを一括して議題とした,https://ssp.kaigiroku.net/tenant/shinjuku/MinuteView.html?council_id=3163&schedule_id=5&minute_id=19,8a31f81d234a3fc5b7611fdb2c52bf9ed24b1c6d4debb8d75e66e76874004ad4,審議状況（本会議 3月24日 議長）,日程第３から日程第１０までを一括議題とします,supported,841b0facc4d961f15e1733be256800e46b35de5b73a1647b622aea8cfe87c945
shinjuku-2026-r1-gian-15,hard,content,OA15-H-07,会議録: 第15号議案の議題朗読が記載されている,https://ssp.kaigiroku.net/tenant/shinjuku/MinuteView.html?council_id=3163&schedule_id=5&minute_id=25,64482622e1459710c732421c5ad61069783084c8c4f54a4002878cf95a66112b,審議状況（本会議 3月24日 議長）,第１５号議案新宿区住民基本台帳制度の適正な運用に関する条例の一部を改正する条例,supported,841b0facc4d961f15e1733be256800e46b35de5b73a1647b622aea8cfe87c945
shinjuku-2026-r1-gian-15,hard,content,OA15-H-08,委員会審査報告: 総務区民委員会の審査報告書は可決,https://ssp.kaigiroku.net/tenant/shinjuku/MinuteView.html?council_id=3163&schedule_id=5&minute_id=28,fc1da089857f696094cec7d628ff438dd74002a8df2fa07026c0a0506f81e6d2,審議状況（本会議 3月24日 議長）,総務区民委員会審査報告書は、可決です…御異議ありませんか,supported,841b0facc4d961f15e1733be256800e46b35de5b73a1647b622aea8cfe87c945
shinjuku-2026-r1-gian-15,hard,content,OA15-H-09,採決方法: 異議なし,https://ssp.kaigiroku.net/tenant/shinjuku/MinuteView.html?council_id=3163&schedule_id=5&minute_id=29,970914f9ce4a28e423e8480a3d4ce175afafafeebd92448698df42d97cb2ec1d,審議状況（本会議 3月24日 議長）,異議なしと認めます…本案は、いずれも委員会審査報告のとおり可決されました,supported,841b0facc4d961f15e1733be256800e46b35de5b73a1647b622aea8cfe87c945
shinjuku-2026-r1-gian-15,hard,content,OA15-H-10,会派別の賛否: 全8会派が賛成（採決結果行は ○○○○○○○○）,https://www.city.shinjuku.lg.jp/content/000452334.pdf,22ba4f49b18c96bd1fa26241606257c05477f38e25ac46d6f8e4f416a2cedbf2,審議状況（議案の概要と審議結果の採決結果行）,等の権限の強化に係る規定が追加されたことに伴い、引用条項を改める。○○○○○○○○可決,supported,841b0facc4d961f15e1733be256800e46b35de5b73a1647b622aea8cfe87c945
shinjuku-2026-r1-gian-15,hard,content,OA15-H-11,会派: 自民・参政クラブ、新宿区議会公明党、日本共産党新宿区議会議員団、新宿未来の会、立憲民主党・無所属クラブ、日本維新の会・新宿区議団、現役世代に優しい新宿・減税の会、れいわ新選組 新宿,https://www.city.shinjuku.lg.jp/content/000452334.pdf,22ba4f49b18c96bd1fa26241606257c05477f38e25ac46d6f8e4f416a2cedbf2,会派略称・列の並び,共産＝日本共産党新宿区議会議員団…れいわ＝れいわ新選組 新宿…自参ク＝自民・参政クラブ…公明＝新宿区議会公明党…新宿会＝新宿未来の会…民無ク＝立憲民主党・無所属クラブ…維新＝日本維新の会・新宿区議団…現役＝現役世代に優しい新宿・減税の会,supported,841b0facc4d961f15e1733be256800e46b35de5b73a1647b622aea8cfe87c945
shinjuku-2026-r1-gian-15,hard,content,OA15-H-12,ストーカー行為等の規制等に関する法律の一部を改正する法律（令和7年法律第83号）の一部の施行に伴い、規定を整備する必要があるため,https://www.city.shinjuku.lg.jp/content/000448431.pdf,bd762ef61228a64d4cdeca831a11f10316b03b4cf70a4ceb0e17b36f153ba989,（提案理由）,ストーカー行為等の規制等に関する法律の一部を改正する法律（令和7年法律第83号）の一部の施行に伴い、規定を整備する必要があるため,supported,841b0facc4d961f15e1733be256800e46b35de5b73a1647b622aea8cfe87c945
shinjuku-2026-r1-gian-15,hard,content,OA15-H-13,第15条第1項第2号 / 「第6条」を「第6条第1項」に改める,https://www.city.shinjuku.lg.jp/content/000448431.pdf,bd762ef61228a64d4cdeca831a11f10316b03b4cf70a4ceb0e17b36f153ba989,第15条第1項第2号,第15条第1項第2号中「第6条」を「第6条第1項」に改める,supported,841b0facc4d961f15e1733be256800e46b35de5b73a1647b622aea8cfe87c945
shinjuku-2026-r1-gian-15,hard,content,OA15-H-14,ストーカー行為等の規制等に関する法律の改正により、ストーカー行為等の相手方に係る情報の提供を防止するための警察本部長等の権限の強化に係る規定が追加されたことに伴い、引用条項を改める。,https://www.city.shinjuku.lg.jp/content/000447774.pdf,1dc3eaffcafb1b1c9e139e823182dc80dc0755624813ca87d8b274d15f5b6624,第15号議案,ストーカー行為等の規制等に関する法律の改正により、スト…ーカー行為等の相手方に係る情報の提供を防止するための警…察本部長等の権限の強化に係る規定が追加されたことに伴い、…引用条項を改める,supported,841b0facc4d961f15e1733be256800e46b35de5b73a1647b622aea8cfe87c945
shinjuku-2026-r1-gian-15,hard,content,OA15-H-15,施行日は公布の日と記載されている。,https://www.city.shinjuku.lg.jp/content/000447774.pdf,1dc3eaffcafb1b1c9e139e823182dc80dc0755624813ca87d8b274d15f5b6624,第15号議案［施行日］,［施行日］公布の日,supported,841b0facc4d961f15e1733be256800e46b35de5b73a1647b622aea8cfe87c945
shinjuku-2026-r1-gian-15,hard,content,OA15-H-16,「議案の概要と審議結果」も同旨の概要を記載している。,https://www.city.shinjuku.lg.jp/content/000452334.pdf,22ba4f49b18c96bd1fa26241606257c05477f38e25ac46d6f8e4f416a2cedbf2,第15号議案（議案の概要）,ストーカー行為等の規制等に関する法律』の改正により、ストーカー行為等の相手方に係る情報の提供を防止するための警察本部長…等の権限の強化に係る規定が追加されたことに伴い、引用条項を改める,supported,841b0facc4d961f15e1733be256800e46b35de5b73a1647b622aea8cfe87c945
shinjuku-2026-r1-gian-15,hard,content,OA15-H-17,この条例は、公布の日から施行する。,https://www.city.shinjuku.lg.jp/content/000448431.pdf,bd762ef61228a64d4cdeca831a11f10316b03b4cf70a4ceb0e17b36f153ba989,附則（施行期日）,この条例は、公布の日から施行する,supported,841b0facc4d961f15e1733be256800e46b35de5b73a1647b622aea8cfe87c945
shinjuku-2026-r1-gian-15,hard,content,OA15-H-18,第15号議案 全文 / https://www.city.shinjuku.lg.jp/content/000448431.pdf / bd762ef61228a64d4cdeca831a11f10316b03b4cf70a4ceb0e17b36f153ba989,https://www.city.shinjuku.lg.jp/content/000448431.pdf,bd762ef61228a64d4cdeca831a11f10316b03b4cf70a4ceb0e17b36f153ba989,件名,新宿区住民基本台帳制度の適正な運用に関する条例の一部を改正する条例,supported,841b0facc4d961f15e1733be256800e46b35de5b73a1647b622aea8cfe87c945
shinjuku-2026-r1-gian-15,hard,content,OA15-H-19,提出案件概要（条例関係） / https://www.city.shinjuku.lg.jp/content/000447774.pdf / 1dc3eaffcafb1b1c9e139e823182dc80dc0755624813ca87d8b274d15f5b6624,https://www.city.shinjuku.lg.jp/content/000447774.pdf,1dc3eaffcafb1b1c9e139e823182dc80dc0755624813ca87d8b274d15f5b6624,提出案件概要（条例関係）,第1回区議会定例会提出案件概要…（条例関係）,supported,841b0facc4d961f15e1733be256800e46b35de5b73a1647b622aea8cfe87c945
shinjuku-2026-r1-gian-15,hard,content,OA15-H-20,議案の概要と審議結果 / https://www.city.shinjuku.lg.jp/content/000452334.pdf / 22ba4f49b18c96bd1fa26241606257c05477f38e25ac46d6f8e4f416a2cedbf2,https://www.city.shinjuku.lg.jp/content/000452334.pdf,22ba4f49b18c96bd1fa26241606257c05477f38e25ac46d6f8e4f416a2cedbf2,議案の概要と審議結果,議案の概要と審議結果,supported,841b0facc4d961f15e1733be256800e46b35de5b73a1647b622aea8cfe87c945
shinjuku-2026-r1-gian-15,hard,content,OA15-H-21,議決結果ページ（2026-10-04 取得） / https://www.city.shinjuku.lg.jp/kusei/soumu01_002090_00015.html / 7c2b6f68db1b433b860b35d176b4dd9211e78582ec9de718fcfefe68b22d896a,https://www.city.shinjuku.lg.jp/kusei/soumu01_002090_00015.html,7c2b6f68db1b433b860b35d176b4dd9211e78582ec9de718fcfefe68b22d896a,審議状況（議決結果ページ）,第15号議案新宿区住民基本台帳制度の適正な運用に関する条例の一部を改正する条例原案可決,supported,841b0facc4d961f15e1733be256800e46b35de5b73a1647b622aea8cfe87c945
shinjuku-2026-r1-gian-15,hard,content,OA15-H-22,会議録 3月24日 議長（委員会審査報告） / https://ssp.kaigiroku.net/tenant/shinjuku/MinuteView.html?council_id=3163&schedule_id=5&minute_id=28 / fc1da089857f696094cec7d628ff438dd74002a8df2fa07026c0a0506f81e6d2,https://ssp.kaigiroku.net/tenant/shinjuku/MinuteView.html?council_id=3163&schedule_id=5&minute_id=28,fc1da089857f696094cec7d628ff438dd74002a8df2fa07026c0a0506f81e6d2,審議状況（本会議 3月24日 議長）,総務区民委員会審査報告書は、可決です…御異議ありませんか,supported,841b0facc4d961f15e1733be256800e46b35de5b73a1647b622aea8cfe87c945
shinjuku-2026-r1-gian-15,hard,content,OA15-H-23,会議録 3月24日 議長（採決） / https://ssp.kaigiroku.net/tenant/shinjuku/MinuteView.html?council_id=3163&schedule_id=5&minute_id=29 / 970914f9ce4a28e423e8480a3d4ce175afafafeebd92448698df42d97cb2ec1d,https://ssp.kaigiroku.net/tenant/shinjuku/MinuteView.html?council_id=3163&schedule_id=5&minute_id=29,970914f9ce4a28e423e8480a3d4ce175afafafeebd92448698df42d97cb2ec1d,審議状況（本会議 3月24日 議長）,異議なしと認めます…本案は、いずれも委員会審査報告のとおり可決されました,supported,841b0facc4d961f15e1733be256800e46b35de5b73a1647b622aea8cfe87c945
shinjuku-2026-r1-gian-16,easy,title,OA16-ET-01,見出し: 産業会館の 和室と 研修室Dを なくします,https://www.city.shinjuku.lg.jp/content/000448432.pdf,0fac12a2deb1f09a18176e4628726c26f34088aea7d542838233c7cec8892b05,（提案理由）,新宿区立産業会館の和室及び研修室Dを廃止する必要があるため,supported,036d5b89f9f50972b637a95fb24cd6df996dae0b02efe5a289955094c9aabd6b
shinjuku-2026-r1-gian-16,easy,summary,OA16-ES-01,要約: 新宿区立産業会館の 和室と 研修室Dを 廃止します。,https://www.city.shinjuku.lg.jp/content/000448432.pdf,0fac12a2deb1f09a18176e4628726c26f34088aea7d542838233c7cec8892b05,（提案理由）,新宿区立産業会館の和室及び研修室Dを廃止する必要があるため,supported,036d5b89f9f50972b637a95fb24cd6df996dae0b02efe5a289955094c9aabd6b
shinjuku-2026-r1-gian-16,easy,summary,OA16-ES-02,要約: 経営相談などの スペースを 広げる ためです。,https://www.city.shinjuku.lg.jp/content/000447774.pdf,1dc3eaffcafb1b1c9e139e823182dc80dc0755624813ca87d8b274d15f5b6624,第16号議案,経営相談等に係るスペースを拡張し、相談機能の充実を図る…ため、新宿区立産業会館の和室及び研修室D を廃止する,supported,036d5b89f9f50972b637a95fb24cd6df996dae0b02efe5a289955094c9aabd6b
shinjuku-2026-r1-gian-16,easy,summary,OA16-ES-03,要約: 始まる 日は 区の 規則で 決めます。,https://www.city.shinjuku.lg.jp/content/000448432.pdf,0fac12a2deb1f09a18176e4628726c26f34088aea7d542838233c7cec8892b05,附則（施行期日）,この条例は、公布の日から起算して1年6月を超えない範囲内において新宿区規則で定める日から施行する,supported,036d5b89f9f50972b637a95fb24cd6df996dae0b02efe5a289955094c9aabd6b
shinjuku-2026-r1-gian-16,easy,content,OA16-E-01,【新宿区立産業振興施設条例】［しんじゅくくりつさんぎょうしんこうしせつじょうれい］（＝区の 産業を 進める 施設の 決まり）を 変えます。,https://www.city.shinjuku.lg.jp/content/000448432.pdf,0fac12a2deb1f09a18176e4628726c26f34088aea7d542838233c7cec8892b05,改め文,新宿区立産業振興施設条例（平成14年新宿区条例第11号）の一部を次のように改正する,supported,036d5b89f9f50972b637a95fb24cd6df996dae0b02efe5a289955094c9aabd6b
shinjuku-2026-r1-gian-16,easy,content,OA16-E-02,対象は 平成14年 新宿区条例 第11号です。,https://www.city.shinjuku.lg.jp/content/000448432.pdf,0fac12a2deb1f09a18176e4628726c26f34088aea7d542838233c7cec8892b05,改め文,新宿区立産業振興施設条例（平成14年新宿区条例第11号）の一部を次のように改正する,supported,036d5b89f9f50972b637a95fb24cd6df996dae0b02efe5a289955094c9aabd6b
shinjuku-2026-r1-gian-16,easy,content,OA16-E-03,新宿区立産業会館の 和室と 研修室Dを 廃止します。,https://www.city.shinjuku.lg.jp/content/000448432.pdf,0fac12a2deb1f09a18176e4628726c26f34088aea7d542838233c7cec8892b05,（提案理由）,新宿区立産業会館の和室及び研修室Dを廃止する必要があるため,supported,036d5b89f9f50972b637a95fb24cd6df996dae0b02efe5a289955094c9aabd6b
shinjuku-2026-r1-gian-16,easy,content,OA16-E-04,区は 理由を こう 説明して います。,https://www.city.shinjuku.lg.jp/content/000447774.pdf,1dc3eaffcafb1b1c9e139e823182dc80dc0755624813ca87d8b274d15f5b6624,第16号議案,経営相談等に係るスペースを拡張し、相談機能の充実を図る…ため、新宿区立産業会館の和室及び研修室D を廃止する,supported,036d5b89f9f50972b637a95fb24cd6df996dae0b02efe5a289955094c9aabd6b
shinjuku-2026-r1-gian-16,easy,content,OA16-E-05,経営相談などの スペースを 広げて 相談の 機能を よくする ためです。,https://www.city.shinjuku.lg.jp/content/000447774.pdf,1dc3eaffcafb1b1c9e139e823182dc80dc0755624813ca87d8b274d15f5b6624,第16号議案,経営相談等に係るスペースを拡張し、相談機能の充実を図る…ため、新宿区立産業会館の和室及び研修室D を廃止する,supported,036d5b89f9f50972b637a95fb24cd6df996dae0b02efe5a289955094c9aabd6b
shinjuku-2026-r1-gian-16,easy,content,OA16-E-06,条例では 次の 2か所を 変えます。,https://www.city.shinjuku.lg.jp/content/000448432.pdf,0fac12a2deb1f09a18176e4628726c26f34088aea7d542838233c7cec8892b05,第4条,第4条中第5号を削り、第6号を第5号とし、第7号を第6号とする,supported,036d5b89f9f50972b637a95fb24cd6df996dae0b02efe5a289955094c9aabd6b
shinjuku-2026-r1-gian-16,easy,content,OA16-E-07,第4条の 第5号を けずり 番号を くり上げます,https://www.city.shinjuku.lg.jp/content/000448432.pdf,0fac12a2deb1f09a18176e4628726c26f34088aea7d542838233c7cec8892b05,第4条,第4条中第5号を削り、第6号を第5号とし、第7号を第6号とする,supported,036d5b89f9f50972b637a95fb24cd6df996dae0b02efe5a289955094c9aabd6b
shinjuku-2026-r1-gian-16,easy,content,OA16-E-08,別表第1の 和室と 研修室の 部の Dの 項を けずります,https://www.city.shinjuku.lg.jp/content/000448432.pdf,0fac12a2deb1f09a18176e4628726c26f34088aea7d542838233c7cec8892b05,別表第1,別表第1和室の部及び研修室の部Dの項を削る,supported,036d5b89f9f50972b637a95fb24cd6df996dae0b02efe5a289955094c9aabd6b
shinjuku-2026-r1-gian-16,easy,content,OA16-E-09,【公布の日】［こうふのひ］（＝決まりを 区民に 知らせる 日）から 1年6か月を こえない 範囲で 始まります。,https://www.city.shinjuku.lg.jp/content/000448432.pdf,0fac12a2deb1f09a18176e4628726c26f34088aea7d542838233c7cec8892b05,附則（施行期日）,この条例は、公布の日から起算して1年6月を超えない範囲内において新宿区規則で定める日から施行する,supported,036d5b89f9f50972b637a95fb24cd6df996dae0b02efe5a289955094c9aabd6b
shinjuku-2026-r1-gian-16,easy,content,OA16-E-10,始まる 日は 区の 規則で 決めます。,https://www.city.shinjuku.lg.jp/content/000448432.pdf,0fac12a2deb1f09a18176e4628726c26f34088aea7d542838233c7cec8892b05,附則（施行期日）,この条例は、公布の日から起算して1年6月を超えない範囲内において新宿区規則で定める日から施行する,supported,036d5b89f9f50972b637a95fb24cd6df996dae0b02efe5a289955094c9aabd6b
shinjuku-2026-r1-gian-16,easy,content,OA16-E-11,【原案可決】［げんあんかけつ］（＝出した 通りの 内容で 決まること）です。,https://www.city.shinjuku.lg.jp/kusei/soumu01_002090_00015.html,7c2b6f68db1b433b860b35d176b4dd9211e78582ec9de718fcfefe68b22d896a,審議状況（議決結果ページ）,第16号議案新宿区立産業振興施設条例の一部を改正する条例原案可決,supported,036d5b89f9f50972b637a95fb24cd6df996dae0b02efe5a289955094c9aabd6b
shinjuku-2026-r1-gian-16,easy,content,OA16-E-12,2026年（令和8年）の 第1回定例会で 決まりました。,https://www.city.shinjuku.lg.jp/content/000452334.pdf,22ba4f49b18c96bd1fa26241606257c05477f38e25ac46d6f8e4f416a2cedbf2,審議状況（会期）,令和８年第１回定例会…２月１７日～３月２４日,supported,036d5b89f9f50972b637a95fb24cd6df996dae0b02efe5a289955094c9aabd6b
shinjuku-2026-r1-gian-16,easy,content,OA16-E-13,会期は 2026年2月17日（火）から 3月24日（火）まででした。,https://www.city.shinjuku.lg.jp/content/000452334.pdf,22ba4f49b18c96bd1fa26241606257c05477f38e25ac46d6f8e4f416a2cedbf2,審議状況（会期）,令和８年第１回定例会…２月１７日～３月２４日,supported,036d5b89f9f50972b637a95fb24cd6df996dae0b02efe5a289955094c9aabd6b
shinjuku-2026-r1-gian-16,easy,content,OA16-E-14,本会議で 決まった 日は 3月24日（火）です。,https://ssp.kaigiroku.net/tenant/shinjuku/MinuteView.html?council_id=3163&schedule_id=5&minute_id=1,bd058d36962b45d8d965e4625bb95ecd661a102a026175213f37ba9eb575424a,審議状況（本会議 3月24日 議長）,令和８年第１回定例会会議録（第４日）第４号…令和８年３月２４日（火曜日）,supported,036d5b89f9f50972b637a95fb24cd6df996dae0b02efe5a289955094c9aabd6b
shinjuku-2026-r1-gian-16,easy,content,OA16-E-15,文化観光産業等特別委員会の 審査報告書は 可決でした。,https://ssp.kaigiroku.net/tenant/shinjuku/MinuteView.html?council_id=3163&schedule_id=5&minute_id=62,17892dd4a3b2f63bcd7dbceb05e93a97ff6cb6af04d6d59c880b6ff1af4993c3,審議状況（本会議 3月24日 議長）,文化観光産業等特別委員会審査報告書は、可決です…御異議ありませんか,supported,036d5b89f9f50972b637a95fb24cd6df996dae0b02efe5a289955094c9aabd6b
shinjuku-2026-r1-gian-16,easy,content,OA16-E-16,議長が 異議が ないか たずねました。,https://ssp.kaigiroku.net/tenant/shinjuku/MinuteView.html?council_id=3163&schedule_id=5&minute_id=62,17892dd4a3b2f63bcd7dbceb05e93a97ff6cb6af04d6d59c880b6ff1af4993c3,審議状況（本会議 3月24日 議長）,文化観光産業等特別委員会審査報告書は、可決です…御異議ありませんか,supported,036d5b89f9f50972b637a95fb24cd6df996dae0b02efe5a289955094c9aabd6b
shinjuku-2026-r1-gian-16,easy,content,OA16-E-17,異議なしと 認められて 可決しました。,https://ssp.kaigiroku.net/tenant/shinjuku/MinuteView.html?council_id=3163&schedule_id=5&minute_id=63,469517cb54ed833bfde88001efb60a72952500b0f78ebbde21767ee8e0561b75,審議状況（本会議 3月24日 議長）,異議なしと認めます…本案は、委員会審査報告のとおり可決されました,supported,036d5b89f9f50972b637a95fb24cd6df996dae0b02efe5a289955094c9aabd6b
shinjuku-2026-r1-gian-16,easy,content,OA16-E-18,賛成したのは ８つの 会派 すべてです。,https://www.city.shinjuku.lg.jp/content/000452334.pdf,22ba4f49b18c96bd1fa26241606257c05477f38e25ac46d6f8e4f416a2cedbf2,審議状況（議案の概要と審議結果の採決結果行）,経営相談等に係るスペースを拡張し、相談機能の充実を図るため、産業会館の和室及び研修室Dを廃止する。○○○○○○○○可決,supported,036d5b89f9f50972b637a95fb24cd6df996dae0b02efe5a289955094c9aabd6b
shinjuku-2026-r1-gian-16,normal,title,OA16-NT-01,見出し: 産業会館の和室と研修室Dを廃止,https://www.city.shinjuku.lg.jp/content/000448432.pdf,0fac12a2deb1f09a18176e4628726c26f34088aea7d542838233c7cec8892b05,（提案理由）,新宿区立産業会館の和室及び研修室Dを廃止する必要があるため,supported,26b3e408c77f21e3d26cf3abfb0f7b7f1e5047509418e6eb91eeeda8e8a688c8
shinjuku-2026-r1-gian-16,normal,summary,OA16-NS-01,要約: 経営相談等に係るスペースを拡張し相談機能の充実を図るため、新宿区立産業会館の和室及び研修室Dを廃止する条例改正です。,https://www.city.shinjuku.lg.jp/content/000447774.pdf,1dc3eaffcafb1b1c9e139e823182dc80dc0755624813ca87d8b274d15f5b6624,第16号議案,経営相談等に係るスペースを拡張し、相談機能の充実を図る…ため、新宿区立産業会館の和室及び研修室D を廃止する,supported,26b3e408c77f21e3d26cf3abfb0f7b7f1e5047509418e6eb91eeeda8e8a688c8
shinjuku-2026-r1-gian-16,normal,summary,OA16-NS-02,要約: 施行日は、公布の日から1年6月を超えない範囲内で規則が定める日です。,https://www.city.shinjuku.lg.jp/content/000448432.pdf,0fac12a2deb1f09a18176e4628726c26f34088aea7d542838233c7cec8892b05,附則（施行期日）,この条例は、公布の日から起算して1年6月を超えない範囲内において新宿区規則で定める日から施行する,supported,26b3e408c77f21e3d26cf3abfb0f7b7f1e5047509418e6eb91eeeda8e8a688c8
shinjuku-2026-r1-gian-16,normal,content,OA16-N-01,新宿区立産業振興施設条例（平成14年新宿区条例第11号）の改正です。,https://www.city.shinjuku.lg.jp/content/000448432.pdf,0fac12a2deb1f09a18176e4628726c26f34088aea7d542838233c7cec8892b05,改め文,新宿区立産業振興施設条例（平成14年新宿区条例第11号）の一部を次のように改正する,supported,26b3e408c77f21e3d26cf3abfb0f7b7f1e5047509418e6eb91eeeda8e8a688c8
shinjuku-2026-r1-gian-16,normal,content,OA16-N-02,経営相談等に係るスペースを拡張し、相談機能の充実を図るため、新宿区立産業会館の和室及び研修室Dを廃止する。,https://www.city.shinjuku.lg.jp/content/000447774.pdf,1dc3eaffcafb1b1c9e139e823182dc80dc0755624813ca87d8b274d15f5b6624,第16号議案,経営相談等に係るスペースを拡張し、相談機能の充実を図る…ため、新宿区立産業会館の和室及び研修室D を廃止する,supported,26b3e408c77f21e3d26cf3abfb0f7b7f1e5047509418e6eb91eeeda8e8a688c8
shinjuku-2026-r1-gian-16,normal,content,OA16-N-03,議案本文の提案理由は「新宿区立産業会館の和室及び研修室Dを廃止する必要があるため」の一文です。,https://www.city.shinjuku.lg.jp/content/000448432.pdf,0fac12a2deb1f09a18176e4628726c26f34088aea7d542838233c7cec8892b05,（提案理由）,新宿区立産業会館の和室及び研修室Dを廃止する必要があるため,supported,26b3e408c77f21e3d26cf3abfb0f7b7f1e5047509418e6eb91eeeda8e8a688c8
shinjuku-2026-r1-gian-16,normal,content,OA16-N-04,第4条: 第5号を削り、第6号を第5号とし、第7号を第6号とします,https://www.city.shinjuku.lg.jp/content/000448432.pdf,0fac12a2deb1f09a18176e4628726c26f34088aea7d542838233c7cec8892b05,第4条,第4条中第5号を削り、第6号を第5号とし、第7号を第6号とする,supported,26b3e408c77f21e3d26cf3abfb0f7b7f1e5047509418e6eb91eeeda8e8a688c8
shinjuku-2026-r1-gian-16,normal,content,OA16-N-05,別表第1: 和室の部及び研修室の部のDの項を削ります,https://www.city.shinjuku.lg.jp/content/000448432.pdf,0fac12a2deb1f09a18176e4628726c26f34088aea7d542838233c7cec8892b05,別表第1,別表第1和室の部及び研修室の部Dの項を削る,supported,26b3e408c77f21e3d26cf3abfb0f7b7f1e5047509418e6eb91eeeda8e8a688c8
shinjuku-2026-r1-gian-16,normal,content,OA16-N-06,公布の日から起算して1年6月を超えない範囲内において、新宿区規則で定める日から施行されます。,https://www.city.shinjuku.lg.jp/content/000448432.pdf,0fac12a2deb1f09a18176e4628726c26f34088aea7d542838233c7cec8892b05,附則（施行期日）,この条例は、公布の日から起算して1年6月を超えない範囲内において新宿区規則で定める日から施行する,supported,26b3e408c77f21e3d26cf3abfb0f7b7f1e5047509418e6eb91eeeda8e8a688c8
shinjuku-2026-r1-gian-16,normal,content,OA16-N-07,施行日は条例そのものには書かれておらず、規則で別に定められます。,https://www.city.shinjuku.lg.jp/content/000448432.pdf,0fac12a2deb1f09a18176e4628726c26f34088aea7d542838233c7cec8892b05,附則（施行期日）,この条例は、公布の日から起算して1年6月を超えない範囲内において新宿区規則で定める日から施行する,supported,26b3e408c77f21e3d26cf3abfb0f7b7f1e5047509418e6eb91eeeda8e8a688c8
shinjuku-2026-r1-gian-16,normal,content,OA16-N-08,令和8年第1回定例会（会期は2月17日から3月24日まで）で審議されました。,https://www.city.shinjuku.lg.jp/content/000452334.pdf,22ba4f49b18c96bd1fa26241606257c05477f38e25ac46d6f8e4f416a2cedbf2,審議状況（会期）,令和８年第１回定例会…２月１７日～３月２４日,supported,26b3e408c77f21e3d26cf3abfb0f7b7f1e5047509418e6eb91eeeda8e8a688c8
shinjuku-2026-r1-gian-16,normal,content,OA16-N-09,本会議は第4日にあたる3月24日（火曜日）でした。,https://ssp.kaigiroku.net/tenant/shinjuku/MinuteView.html?council_id=3163&schedule_id=5&minute_id=1,bd058d36962b45d8d965e4625bb95ecd661a102a026175213f37ba9eb575424a,審議状況（本会議 3月24日 議長）,令和８年第１回定例会会議録（第４日）第４号…令和８年３月２４日（火曜日）,supported,26b3e408c77f21e3d26cf3abfb0f7b7f1e5047509418e6eb91eeeda8e8a688c8
shinjuku-2026-r1-gian-16,normal,content,OA16-N-10,文化観光産業等特別委員会の審査報告書は「可決」でした。,https://ssp.kaigiroku.net/tenant/shinjuku/MinuteView.html?council_id=3163&schedule_id=5&minute_id=62,17892dd4a3b2f63bcd7dbceb05e93a97ff6cb6af04d6d59c880b6ff1af4993c3,審議状況（本会議 3月24日 議長）,文化観光産業等特別委員会審査報告書は、可決です…御異議ありませんか,supported,26b3e408c77f21e3d26cf3abfb0f7b7f1e5047509418e6eb91eeeda8e8a688c8
shinjuku-2026-r1-gian-16,normal,content,OA16-N-11,本会議は、異議なしと認めて、委員会審査報告のとおり可決しました。,https://ssp.kaigiroku.net/tenant/shinjuku/MinuteView.html?council_id=3163&schedule_id=5&minute_id=63,469517cb54ed833bfde88001efb60a72952500b0f78ebbde21767ee8e0561b75,審議状況（本会議 3月24日 議長）,異議なしと認めます…本案は、委員会審査報告のとおり可決されました,supported,26b3e408c77f21e3d26cf3abfb0f7b7f1e5047509418e6eb91eeeda8e8a688c8
shinjuku-2026-r1-gian-16,normal,content,OA16-N-12,議決結果ページの記載は「原案可決」です。,https://www.city.shinjuku.lg.jp/kusei/soumu01_002090_00015.html,7c2b6f68db1b433b860b35d176b4dd9211e78582ec9de718fcfefe68b22d896a,審議状況（議決結果ページ）,第16号議案新宿区立産業振興施設条例の一部を改正する条例原案可決,supported,26b3e408c77f21e3d26cf3abfb0f7b7f1e5047509418e6eb91eeeda8e8a688c8
shinjuku-2026-r1-gian-16,normal,content,OA16-N-13,「議案の概要と審議結果」の採決結果行では、8会派すべてが賛成（○）でした。,https://www.city.shinjuku.lg.jp/content/000452334.pdf,22ba4f49b18c96bd1fa26241606257c05477f38e25ac46d6f8e4f416a2cedbf2,審議状況（議案の概要と審議結果の採決結果行）,経営相談等に係るスペースを拡張し、相談機能の充実を図るため、産業会館の和室及び研修室Dを廃止する。○○○○○○○○可決,supported,26b3e408c77f21e3d26cf3abfb0f7b7f1e5047509418e6eb91eeeda8e8a688c8
shinjuku-2026-r1-gian-16,hard,title,OA16-HT-01,見出し: 第16号議案 新宿区立産業振興施設条例の一部を改正する条例,https://www.city.shinjuku.lg.jp/content/000448432.pdf,0fac12a2deb1f09a18176e4628726c26f34088aea7d542838233c7cec8892b05,件名,新宿区立産業振興施設条例の一部を改正する条例,supported,8f74c6f0f6cd1556501bd96d0579f554d090eb1fcc06b73d313b5ca9369f896a
shinjuku-2026-r1-gian-16,hard,summary,OA16-HS-01,要約: 平成14年新宿区条例第11号の第4条第5号を削って号を繰り上げ、別表第1の和室の部及び研修室の部Dの項を削る改正。新宿区立産業会館の和室及び研修室Dの廃止を理由とする。,https://www.city.shinjuku.lg.jp/content/000448432.pdf,0fac12a2deb1f09a18176e4628726c26f34088aea7d542838233c7cec8892b05,（提案理由）,新宿区立産業会館の和室及び研修室Dを廃止する必要があるため,supported,8f74c6f0f6cd1556501bd96d0579f554d090eb1fcc06b73d313b5ca9369f896a
shinjuku-2026-r1-gian-16,hard,summary,OA16-HS-02,要約: 施行日は、公布の日から起算して1年6月を超えない範囲内において新宿区規則で定める日。,https://www.city.shinjuku.lg.jp/content/000448432.pdf,0fac12a2deb1f09a18176e4628726c26f34088aea7d542838233c7cec8892b05,附則（施行期日）,この条例は、公布の日から起算して1年6月を超えない範囲内において新宿区規則で定める日から施行する,supported,8f74c6f0f6cd1556501bd96d0579f554d090eb1fcc06b73d313b5ca9369f896a
shinjuku-2026-r1-gian-16,hard,content,OA16-H-01,提出日: 令和8年2月17日,https://www.city.shinjuku.lg.jp/content/000448432.pdf,0fac12a2deb1f09a18176e4628726c26f34088aea7d542838233c7cec8892b05,提出日・提出者,令和８年２月１７日…新宿区長…吉住…健一,supported,8f74c6f0f6cd1556501bd96d0579f554d090eb1fcc06b73d313b5ca9369f896a
shinjuku-2026-r1-gian-16,hard,content,OA16-H-02,提出者: 新宿区長 吉住健一,https://www.city.shinjuku.lg.jp/content/000448432.pdf,0fac12a2deb1f09a18176e4628726c26f34088aea7d542838233c7cec8892b05,提出日・提出者,令和８年２月１７日…新宿区長…吉住…健一,supported,8f74c6f0f6cd1556501bd96d0579f554d090eb1fcc06b73d313b5ca9369f896a
shinjuku-2026-r1-gian-16,hard,content,OA16-H-03,対象条例: 新宿区立産業振興施設条例（平成14年新宿区条例第11号）,https://www.city.shinjuku.lg.jp/content/000448432.pdf,0fac12a2deb1f09a18176e4628726c26f34088aea7d542838233c7cec8892b05,改め文,新宿区立産業振興施設条例（平成14年新宿区条例第11号）の一部を次のように改正する,supported,8f74c6f0f6cd1556501bd96d0579f554d090eb1fcc06b73d313b5ca9369f896a
shinjuku-2026-r1-gian-16,hard,content,OA16-H-04,議決: 原案可決（議決結果ページの記載）,https://www.city.shinjuku.lg.jp/kusei/soumu01_002090_00015.html,7c2b6f68db1b433b860b35d176b4dd9211e78582ec9de718fcfefe68b22d896a,審議状況（議決結果ページ）,第16号議案新宿区立産業振興施設条例の一部を改正する条例原案可決,supported,8f74c6f0f6cd1556501bd96d0579f554d090eb1fcc06b73d313b5ca9369f896a
shinjuku-2026-r1-gian-16,hard,content,OA16-H-05,本会議: 令和8年3月24日（火曜日）、会議録 第4日第4号,https://ssp.kaigiroku.net/tenant/shinjuku/MinuteView.html?council_id=3163&schedule_id=5&minute_id=1,bd058d36962b45d8d965e4625bb95ecd661a102a026175213f37ba9eb575424a,審議状況（本会議 3月24日 議長）,令和８年第１回定例会会議録（第４日）第４号…令和８年３月２４日（火曜日）,supported,8f74c6f0f6cd1556501bd96d0579f554d090eb1fcc06b73d313b5ca9369f896a
shinjuku-2026-r1-gian-16,hard,content,OA16-H-06,議題: 日程第27として単独で議題とした,https://ssp.kaigiroku.net/tenant/shinjuku/MinuteView.html?council_id=3163&schedule_id=5&minute_id=60,c3f21f19ba24ee2e5c90bb84fd78c339d515ecd5898c5f80b1b82e3fe1c2f408,審議状況（本会議 3月24日 議長）,日程第２７を議題とします,supported,8f74c6f0f6cd1556501bd96d0579f554d090eb1fcc06b73d313b5ca9369f896a
shinjuku-2026-r1-gian-16,hard,content,OA16-H-07,会議録: 第16号議案の議題朗読が記載されている,https://ssp.kaigiroku.net/tenant/shinjuku/MinuteView.html?council_id=3163&schedule_id=5&minute_id=61,765dd7a363bf92aa5676b41d7b43f51181797e05a07e025b2091b75c35f5a9c4,審議状況（本会議 3月24日 議長）,第１６号議案新宿区立産業振興施設条例の一部を改正する条例,supported,8f74c6f0f6cd1556501bd96d0579f554d090eb1fcc06b73d313b5ca9369f896a
shinjuku-2026-r1-gian-16,hard,content,OA16-H-08,委員会審査報告: 文化観光産業等特別委員会の審査報告書は可決,https://ssp.kaigiroku.net/tenant/shinjuku/MinuteView.html?council_id=3163&schedule_id=5&minute_id=62,17892dd4a3b2f63bcd7dbceb05e93a97ff6cb6af04d6d59c880b6ff1af4993c3,審議状況（本会議 3月24日 議長）,文化観光産業等特別委員会審査報告書は、可決です…御異議ありませんか,supported,8f74c6f0f6cd1556501bd96d0579f554d090eb1fcc06b73d313b5ca9369f896a
shinjuku-2026-r1-gian-16,hard,content,OA16-H-09,採決方法: 異議なし,https://ssp.kaigiroku.net/tenant/shinjuku/MinuteView.html?council_id=3163&schedule_id=5&minute_id=63,469517cb54ed833bfde88001efb60a72952500b0f78ebbde21767ee8e0561b75,審議状況（本会議 3月24日 議長）,異議なしと認めます…本案は、委員会審査報告のとおり可決されました,supported,8f74c6f0f6cd1556501bd96d0579f554d090eb1fcc06b73d313b5ca9369f896a
shinjuku-2026-r1-gian-16,hard,content,OA16-H-10,会派別の賛否: 全8会派が賛成（採決結果行は ○○○○○○○○）,https://www.city.shinjuku.lg.jp/content/000452334.pdf,22ba4f49b18c96bd1fa26241606257c05477f38e25ac46d6f8e4f416a2cedbf2,審議状況（議案の概要と審議結果の採決結果行）,経営相談等に係るスペースを拡張し、相談機能の充実を図るため、産業会館の和室及び研修室Dを廃止する。○○○○○○○○可決,supported,8f74c6f0f6cd1556501bd96d0579f554d090eb1fcc06b73d313b5ca9369f896a
shinjuku-2026-r1-gian-16,hard,content,OA16-H-11,会派: 自民・参政クラブ、新宿区議会公明党、日本共産党新宿区議会議員団、新宿未来の会、立憲民主党・無所属クラブ、日本維新の会・新宿区議団、現役世代に優しい新宿・減税の会、れいわ新選組 新宿,https://www.city.shinjuku.lg.jp/content/000452334.pdf,22ba4f49b18c96bd1fa26241606257c05477f38e25ac46d6f8e4f416a2cedbf2,会派略称・列の並び,共産＝日本共産党新宿区議会議員団…れいわ＝れいわ新選組 新宿…自参ク＝自民・参政クラブ…公明＝新宿区議会公明党…新宿会＝新宿未来の会…民無ク＝立憲民主党・無所属クラブ…維新＝日本維新の会・新宿区議団…現役＝現役世代に優しい新宿・減税の会,supported,8f74c6f0f6cd1556501bd96d0579f554d090eb1fcc06b73d313b5ca9369f896a
shinjuku-2026-r1-gian-16,hard,content,OA16-H-12,新宿区立産業会館の和室及び研修室Dを廃止する必要があるため,https://www.city.shinjuku.lg.jp/content/000448432.pdf,0fac12a2deb1f09a18176e4628726c26f34088aea7d542838233c7cec8892b05,（提案理由）,新宿区立産業会館の和室及び研修室Dを廃止する必要があるため,supported,8f74c6f0f6cd1556501bd96d0579f554d090eb1fcc06b73d313b5ca9369f896a
shinjuku-2026-r1-gian-16,hard,content,OA16-H-13,第4条 / 第5号を削り、第6号を第5号とし、第7号を第6号とする,https://www.city.shinjuku.lg.jp/content/000448432.pdf,0fac12a2deb1f09a18176e4628726c26f34088aea7d542838233c7cec8892b05,第4条,第4条中第5号を削り、第6号を第5号とし、第7号を第6号とする,supported,8f74c6f0f6cd1556501bd96d0579f554d090eb1fcc06b73d313b5ca9369f896a
shinjuku-2026-r1-gian-16,hard,content,OA16-H-14,別表第1 / 和室の部及び研修室の部のDの項を削る,https://www.city.shinjuku.lg.jp/content/000448432.pdf,0fac12a2deb1f09a18176e4628726c26f34088aea7d542838233c7cec8892b05,別表第1,別表第1和室の部及び研修室の部Dの項を削る,supported,8f74c6f0f6cd1556501bd96d0579f554d090eb1fcc06b73d313b5ca9369f896a
shinjuku-2026-r1-gian-16,hard,content,OA16-H-15,経営相談等に係るスペースを拡張し、相談機能の充実を図るため、新宿区立産業会館の和室及び研修室Dを廃止する。,https://www.city.shinjuku.lg.jp/content/000447774.pdf,1dc3eaffcafb1b1c9e139e823182dc80dc0755624813ca87d8b274d15f5b6624,第16号議案,経営相談等に係るスペースを拡張し、相談機能の充実を図る…ため、新宿区立産業会館の和室及び研修室D を廃止する,supported,8f74c6f0f6cd1556501bd96d0579f554d090eb1fcc06b73d313b5ca9369f896a
shinjuku-2026-r1-gian-16,hard,content,OA16-H-16,「議案の概要と審議結果」も同旨の概要を記載している。,https://www.city.shinjuku.lg.jp/content/000452334.pdf,22ba4f49b18c96bd1fa26241606257c05477f38e25ac46d6f8e4f416a2cedbf2,第16号議案（議案の概要）,経営相談等に係るスペースを拡張し、相談機能の充実を図るため、産業会館の和室及び研修室Dを廃止する,supported,8f74c6f0f6cd1556501bd96d0579f554d090eb1fcc06b73d313b5ca9369f896a
shinjuku-2026-r1-gian-16,hard,content,OA16-H-17,この条例は、公布の日から起算して1年6月を超えない範囲内において新宿区規則で定める日から施行する。,https://www.city.shinjuku.lg.jp/content/000448432.pdf,0fac12a2deb1f09a18176e4628726c26f34088aea7d542838233c7cec8892b05,附則（施行期日）,この条例は、公布の日から起算して1年6月を超えない範囲内において新宿区規則で定める日から施行する,supported,8f74c6f0f6cd1556501bd96d0579f554d090eb1fcc06b73d313b5ca9369f896a
shinjuku-2026-r1-gian-16,hard,content,OA16-H-18,概要資料の施行日欄も同旨である。,https://www.city.shinjuku.lg.jp/content/000447774.pdf,1dc3eaffcafb1b1c9e139e823182dc80dc0755624813ca87d8b274d15f5b6624,第16号議案［施行日］,公布の日から起算して1年6月を超えない範囲内において規…則で定める日,supported,8f74c6f0f6cd1556501bd96d0579f554d090eb1fcc06b73d313b5ca9369f896a
shinjuku-2026-r1-gian-16,hard,content,OA16-H-19,第16号議案 全文 / https://www.city.shinjuku.lg.jp/content/000448432.pdf / 0fac12a2deb1f09a18176e4628726c26f34088aea7d542838233c7cec8892b05,https://www.city.shinjuku.lg.jp/content/000448432.pdf,0fac12a2deb1f09a18176e4628726c26f34088aea7d542838233c7cec8892b05,件名,新宿区立産業振興施設条例の一部を改正する条例,supported,8f74c6f0f6cd1556501bd96d0579f554d090eb1fcc06b73d313b5ca9369f896a
shinjuku-2026-r1-gian-16,hard,content,OA16-H-20,提出案件概要（条例関係） / https://www.city.shinjuku.lg.jp/content/000447774.pdf / 1dc3eaffcafb1b1c9e139e823182dc80dc0755624813ca87d8b274d15f5b6624,https://www.city.shinjuku.lg.jp/content/000447774.pdf,1dc3eaffcafb1b1c9e139e823182dc80dc0755624813ca87d8b274d15f5b6624,提出案件概要（条例関係）,第1回区議会定例会提出案件概要…（条例関係）,supported,8f74c6f0f6cd1556501bd96d0579f554d090eb1fcc06b73d313b5ca9369f896a
shinjuku-2026-r1-gian-16,hard,content,OA16-H-21,議案の概要と審議結果 / https://www.city.shinjuku.lg.jp/content/000452334.pdf / 22ba4f49b18c96bd1fa26241606257c05477f38e25ac46d6f8e4f416a2cedbf2,https://www.city.shinjuku.lg.jp/content/000452334.pdf,22ba4f49b18c96bd1fa26241606257c05477f38e25ac46d6f8e4f416a2cedbf2,議案の概要と審議結果,議案の概要と審議結果,supported,8f74c6f0f6cd1556501bd96d0579f554d090eb1fcc06b73d313b5ca9369f896a
shinjuku-2026-r1-gian-16,hard,content,OA16-H-22,議決結果ページ（2026-10-04 取得） / https://www.city.shinjuku.lg.jp/kusei/soumu01_002090_00015.html / 7c2b6f68db1b433b860b35d176b4dd9211e78582ec9de718fcfefe68b22d896a,https://www.city.shinjuku.lg.jp/kusei/soumu01_002090_00015.html,7c2b6f68db1b433b860b35d176b4dd9211e78582ec9de718fcfefe68b22d896a,審議状況（議決結果ページ）,第16号議案新宿区立産業振興施設条例の一部を改正する条例原案可決,supported,8f74c6f0f6cd1556501bd96d0579f554d090eb1fcc06b73d313b5ca9369f896a
shinjuku-2026-r1-gian-16,hard,content,OA16-H-23,会議録 3月24日 議長（委員会審査報告） / https://ssp.kaigiroku.net/tenant/shinjuku/MinuteView.html?council_id=3163&schedule_id=5&minute_id=62 / 17892dd4a3b2f63bcd7dbceb05e93a97ff6cb6af04d6d59c880b6ff1af4993c3,https://ssp.kaigiroku.net/tenant/shinjuku/MinuteView.html?council_id=3163&schedule_id=5&minute_id=62,17892dd4a3b2f63bcd7dbceb05e93a97ff6cb6af04d6d59c880b6ff1af4993c3,審議状況（本会議 3月24日 議長）,文化観光産業等特別委員会審査報告書は、可決です…御異議ありませんか,supported,8f74c6f0f6cd1556501bd96d0579f554d090eb1fcc06b73d313b5ca9369f896a
shinjuku-2026-r1-gian-16,hard,content,OA16-H-24,会議録 3月24日 議長（採決） / https://ssp.kaigiroku.net/tenant/shinjuku/MinuteView.html?council_id=3163&schedule_id=5&minute_id=63 / 469517cb54ed833bfde88001efb60a72952500b0f78ebbde21767ee8e0561b75,https://ssp.kaigiroku.net/tenant/shinjuku/MinuteView.html?council_id=3163&schedule_id=5&minute_id=63,469517cb54ed833bfde88001efb60a72952500b0f78ebbde21767ee8e0561b75,審議状況（本会議 3月24日 議長）,異議なしと認めます…本案は、委員会審査報告のとおり可決されました,supported,8f74c6f0f6cd1556501bd96d0579f554d090eb1fcc06b73d313b5ca9369f896a
shinjuku-2026-r1-gian-17,easy,title,OA17-ET-01,見出し: 介護保険料の 段階の 決め かたの 特例,https://www.city.shinjuku.lg.jp/content/000447774.pdf,1dc3eaffcafb1b1c9e139e823182dc80dc0755624813ca87d8b274d15f5b6624,第17号議案,令和7年度税制改正を踏まえた介護保険法施行令の改正に伴…い、当該税制改正の影響により介護保険料の段階が変わり得る…者について、当該税制改正前と同様の介護保険料の段階の判定…となるよう令和8年度の介護保険料の段階の判定に関する合計…所得金額の計算方法の特例措置等を設ける,supported,09eaf6ed7137d8f1fad1dfbed96f9a1d07dc465d9fc8f897fef7423f3ddfaae8
shinjuku-2026-r1-gian-17,easy,summary,OA17-ES-01,要約: 2026年度（令和8年度）の 介護保険料の 特例です。,https://www.city.shinjuku.lg.jp/content/000448433.pdf,6046c4988056b12f1ad5f7bd1ad01c3a52c4a79518ccd5414d72e1ca03b8ccdf,附則第10条（見出し）,（令和8年度の保険料率の算定に関する所得の額の算定方法の特例）,supported,09eaf6ed7137d8f1fad1dfbed96f9a1d07dc465d9fc8f897fef7423f3ddfaae8
shinjuku-2026-r1-gian-17,easy,summary,OA17-ES-02,要約: 税の 改正の えいきょうで 段階が 変わる ことが あります。,https://www.city.shinjuku.lg.jp/content/000447774.pdf,1dc3eaffcafb1b1c9e139e823182dc80dc0755624813ca87d8b274d15f5b6624,第17号議案,令和7年度税制改正を踏まえた介護保険法施行令の改正に伴…い、当該税制改正の影響により介護保険料の段階が変わり得る…者について、当該税制改正前と同様の介護保険料の段階の判定…となるよう令和8年度の介護保険料の段階の判定に関する合計…所得金額の計算方法の特例措置等を設ける,supported,09eaf6ed7137d8f1fad1dfbed96f9a1d07dc465d9fc8f897fef7423f3ddfaae8
shinjuku-2026-r1-gian-17,easy,summary,OA17-ES-03,要約: 改正の 前と 同じ 段階に なる ように します。,https://www.city.shinjuku.lg.jp/content/000447774.pdf,1dc3eaffcafb1b1c9e139e823182dc80dc0755624813ca87d8b274d15f5b6624,第17号議案,令和7年度税制改正を踏まえた介護保険法施行令の改正に伴…い、当該税制改正の影響により介護保険料の段階が変わり得る…者について、当該税制改正前と同様の介護保険料の段階の判定…となるよう令和8年度の介護保険料の段階の判定に関する合計…所得金額の計算方法の特例措置等を設ける,supported,09eaf6ed7137d8f1fad1dfbed96f9a1d07dc465d9fc8f897fef7423f3ddfaae8
shinjuku-2026-r1-gian-17,easy,summary,OA17-ES-04,要約: 2026年（令和8年）4月1日（水）から 始まります。,https://www.city.shinjuku.lg.jp/content/000448433.pdf,6046c4988056b12f1ad5f7bd1ad01c3a52c4a79518ccd5414d72e1ca03b8ccdf,附則（施行期日）,この条例は、令和8年4月1日から施行する,supported,09eaf6ed7137d8f1fad1dfbed96f9a1d07dc465d9fc8f897fef7423f3ddfaae8
shinjuku-2026-r1-gian-17,easy,content,OA17-E-01,【新宿区介護保険条例】［しんじゅくくかいごほけんじょうれい］（＝区の 介護保険の 決まり）を 変えます。,https://www.city.shinjuku.lg.jp/content/000448433.pdf,6046c4988056b12f1ad5f7bd1ad01c3a52c4a79518ccd5414d72e1ca03b8ccdf,改め文,新宿区介護保険条例（平成12年新宿区条例第35号）の一部を次のように改正する,supported,09eaf6ed7137d8f1fad1dfbed96f9a1d07dc465d9fc8f897fef7423f3ddfaae8
shinjuku-2026-r1-gian-17,easy,content,OA17-E-02,対象は 平成12年 新宿区条例 第35号です。,https://www.city.shinjuku.lg.jp/content/000448433.pdf,6046c4988056b12f1ad5f7bd1ad01c3a52c4a79518ccd5414d72e1ca03b8ccdf,改め文,新宿区介護保険条例（平成12年新宿区条例第35号）の一部を次のように改正する,supported,09eaf6ed7137d8f1fad1dfbed96f9a1d07dc465d9fc8f897fef7423f3ddfaae8
shinjuku-2026-r1-gian-17,easy,content,OA17-E-03,2025年度（令和7年度）に 税の 決まりが 変わりました。,https://www.city.shinjuku.lg.jp/content/000447774.pdf,1dc3eaffcafb1b1c9e139e823182dc80dc0755624813ca87d8b274d15f5b6624,第17号議案,令和7年度税制改正を踏まえた介護保険法施行令の改正に伴…い、当該税制改正の影響により介護保険料の段階が変わり得る…者について、当該税制改正前と同様の介護保険料の段階の判定…となるよう令和8年度の介護保険料の段階の判定に関する合計…所得金額の計算方法の特例措置等を設ける,supported,09eaf6ed7137d8f1fad1dfbed96f9a1d07dc465d9fc8f897fef7423f3ddfaae8
shinjuku-2026-r1-gian-17,easy,content,OA17-E-04,その えいきょうで 介護保険料の 段階が 変わる ことが あります。,https://www.city.shinjuku.lg.jp/content/000447774.pdf,1dc3eaffcafb1b1c9e139e823182dc80dc0755624813ca87d8b274d15f5b6624,第17号議案,令和7年度税制改正を踏まえた介護保険法施行令の改正に伴…い、当該税制改正の影響により介護保険料の段階が変わり得る…者について、当該税制改正前と同様の介護保険料の段階の判定…となるよう令和8年度の介護保険料の段階の判定に関する合計…所得金額の計算方法の特例措置等を設ける,supported,09eaf6ed7137d8f1fad1dfbed96f9a1d07dc465d9fc8f897fef7423f3ddfaae8
shinjuku-2026-r1-gian-17,easy,content,OA17-E-05,今回は 2026年度（令和8年度）だけの 特例を 作ります。,https://www.city.shinjuku.lg.jp/content/000448433.pdf,6046c4988056b12f1ad5f7bd1ad01c3a52c4a79518ccd5414d72e1ca03b8ccdf,附則第10条（見出し）,（令和8年度の保険料率の算定に関する所得の額の算定方法の特例）,supported,09eaf6ed7137d8f1fad1dfbed96f9a1d07dc465d9fc8f897fef7423f3ddfaae8
shinjuku-2026-r1-gian-17,easy,content,OA17-E-06,条例の【附則】［ふそく］（＝本文の あとに 付ける 決まり）に 2つの 条を 足します。,https://www.city.shinjuku.lg.jp/content/000448433.pdf,6046c4988056b12f1ad5f7bd1ad01c3a52c4a79518ccd5414d72e1ca03b8ccdf,附則,附則に次の2条を加える,supported,09eaf6ed7137d8f1fad1dfbed96f9a1d07dc465d9fc8f897fef7423f3ddfaae8
shinjuku-2026-r1-gian-17,easy,content,OA17-E-07,第10条: 所得の 額の 計算方法の 特例,https://www.city.shinjuku.lg.jp/content/000448433.pdf,6046c4988056b12f1ad5f7bd1ad01c3a52c4a79518ccd5414d72e1ca03b8ccdf,附則第10条（見出し）,（令和8年度の保険料率の算定に関する所得の額の算定方法の特例）,supported,09eaf6ed7137d8f1fad1dfbed96f9a1d07dc465d9fc8f897fef7423f3ddfaae8
shinjuku-2026-r1-gian-17,easy,content,OA17-E-08,第11条: 保険料率を 決める 基準の 特例,https://www.city.shinjuku.lg.jp/content/000448433.pdf,6046c4988056b12f1ad5f7bd1ad01c3a52c4a79518ccd5414d72e1ca03b8ccdf,附則第11条（見出し）,（令和8年度の保険料率の算定に関する基準の特例）,supported,09eaf6ed7137d8f1fad1dfbed96f9a1d07dc465d9fc8f897fef7423f3ddfaae8
shinjuku-2026-r1-gian-17,easy,content,OA17-E-09,ねらいは 税の 改正の 前と 同じ 段階の 判定に する ことです。,https://www.city.shinjuku.lg.jp/content/000447774.pdf,1dc3eaffcafb1b1c9e139e823182dc80dc0755624813ca87d8b274d15f5b6624,第17号議案,令和7年度税制改正を踏まえた介護保険法施行令の改正に伴…い、当該税制改正の影響により介護保険料の段階が変わり得る…者について、当該税制改正前と同様の介護保険料の段階の判定…となるよう令和8年度の介護保険料の段階の判定に関する合計…所得金額の計算方法の特例措置等を設ける,supported,09eaf6ed7137d8f1fad1dfbed96f9a1d07dc465d9fc8f897fef7423f3ddfaae8
shinjuku-2026-r1-gian-17,easy,content,OA17-E-10,第10条の 対象は 給与所得が ある 人です。,https://www.city.shinjuku.lg.jp/content/000448433.pdf,6046c4988056b12f1ad5f7bd1ad01c3a52c4a79518ccd5414d72e1ca03b8ccdf,附則第10条第1項,"令和7年の合計所得金額に給与所得が含まれている者（同年中の給与等…の収入金額が55万1,000円以上65万1,000円未満である者に限る。）…同条第2項の規定によって計算した金額に令和7年中の同条第1項に規定する給与等の収入金額から55万円を控除して得た額を加えた額によるものとし",supported,09eaf6ed7137d8f1fad1dfbed96f9a1d07dc465d9fc8f897fef7423f3ddfaae8
shinjuku-2026-r1-gian-17,easy,content,OA17-E-11,2025年（令和7年）の【合計所得金額】［ごうけいしょとくきんがく］（＝1年の 所得の 合計）に 含まれる 場合です。,https://www.city.shinjuku.lg.jp/content/000448433.pdf,6046c4988056b12f1ad5f7bd1ad01c3a52c4a79518ccd5414d72e1ca03b8ccdf,附則第10条第1項,"令和7年の合計所得金額に給与所得が含まれている者（同年中の給与等…の収入金額が55万1,000円以上65万1,000円未満である者に限る。）…同条第2項の規定によって計算した金額に令和7年中の同条第1項に規定する給与等の収入金額から55万円を控除して得た額を加えた額によるものとし",supported,09eaf6ed7137d8f1fad1dfbed96f9a1d07dc465d9fc8f897fef7423f3ddfaae8
shinjuku-2026-r1-gian-17,easy,content,OA17-E-12,給与等の 収入金額が 次の 3つの 区分の 人です。,https://www.city.shinjuku.lg.jp/content/000448433.pdf,6046c4988056b12f1ad5f7bd1ad01c3a52c4a79518ccd5414d72e1ca03b8ccdf,附則第10条第1項,"令和7年の合計所得金額に給与所得が含まれている者（同年中の給与等…の収入金額が55万1,000円以上65万1,000円未満である者に限る。）…同条第2項の規定によって計算した金額に令和7年中の同条第1項に規定する給与等の収入金額から55万円を控除して得た額を加えた額によるものとし",supported,09eaf6ed7137d8f1fad1dfbed96f9a1d07dc465d9fc8f897fef7423f3ddfaae8
shinjuku-2026-r1-gian-17,easy,content,OA17-E-13,"55万1,000円 以上 65万1,000円 未満",https://www.city.shinjuku.lg.jp/content/000448433.pdf,6046c4988056b12f1ad5f7bd1ad01c3a52c4a79518ccd5414d72e1ca03b8ccdf,附則第10条第1項,"令和7年の合計所得金額に給与所得が含まれている者（同年中の給与等…の収入金額が55万1,000円以上65万1,000円未満である者に限る。）…同条第2項の規定によって計算した金額に令和7年中の同条第1項に規定する給与等の収入金額から55万円を控除して得た額を加えた額によるものとし",supported,09eaf6ed7137d8f1fad1dfbed96f9a1d07dc465d9fc8f897fef7423f3ddfaae8
shinjuku-2026-r1-gian-17,easy,content,OA17-E-14,"65万1,000円 以上 161万9,000円 未満",https://www.city.shinjuku.lg.jp/content/000448433.pdf,6046c4988056b12f1ad5f7bd1ad01c3a52c4a79518ccd5414d72e1ca03b8ccdf,附則第10条第2項,"令和7年の合計所得金額に給与所得が含まれている者（同年中の給与等の収入金額が65万1,000円以上161万9,000円未満である者に限る。）…同条第2項の規定によって計算した金額に10万円を加えた額によるものとし",supported,09eaf6ed7137d8f1fad1dfbed96f9a1d07dc465d9fc8f897fef7423f3ddfaae8
shinjuku-2026-r1-gian-17,easy,content,OA17-E-15,"161万9,000円 以上 190万円 未満",https://www.city.shinjuku.lg.jp/content/000448433.pdf,6046c4988056b12f1ad5f7bd1ad01c3a52c4a79518ccd5414d72e1ca03b8ccdf,附則第10条第3項,"令和7年の合計所得金額に給与所得が含まれている者（同年中の給与等の収入金額が161万9,000円以上190万円未満である者に限る。）…同条第2項の規定によって計算した金額に65万円から、令和7年中の同条第1項に規定する給与等の収入金額から当該給与等の収入金額を所得税法等の一部を改正する法律（令和7年法律第13号）第1条の規定による改正前の所得税法別表第5の給与等の金額として、同表により当該金額に応じて求めた同表の給与所得控除後の給与等の金額を控除して得た額を控除して得た額を加えた額によるものとし",supported,09eaf6ed7137d8f1fad1dfbed96f9a1d07dc465d9fc8f897fef7423f3ddfaae8
shinjuku-2026-r1-gian-17,easy,content,OA17-E-16,区分ごとに 給与所得の 金額の 計算方法を 定めます。,https://www.city.shinjuku.lg.jp/content/000448433.pdf,6046c4988056b12f1ad5f7bd1ad01c3a52c4a79518ccd5414d72e1ca03b8ccdf,附則第10条第1項,第11条第1項（第6号ア、第7号ア、第8号ア、第9号ア、第10号ア、第11号ア、第12号ア、第13号ア、第14号ア、第15号ア、第16号ア及び第17号アに係る部分に限る。）の規定の適用については、同項第6号ア中「合計所得金額をいい」とあるのは,supported,09eaf6ed7137d8f1fad1dfbed96f9a1d07dc465d9fc8f897fef7423f3ddfaae8
shinjuku-2026-r1-gian-17,easy,content,OA17-E-17,第11条は 区民税の 判定に ついての 特例です。,https://www.city.shinjuku.lg.jp/content/000448433.pdf,6046c4988056b12f1ad5f7bd1ad01c3a52c4a79518ccd5414d72e1ca03b8ccdf,附則第11条（見出し）,（令和8年度の保険料率の算定に関する基準の特例）,supported,09eaf6ed7137d8f1fad1dfbed96f9a1d07dc465d9fc8f897fef7423f3ddfaae8
shinjuku-2026-r1-gian-17,easy,content,OA17-E-18,一定の 条件に あう 人は 区民税が 課されている 人と みなします。,https://www.city.shinjuku.lg.jp/content/000448433.pdf,6046c4988056b12f1ad5f7bd1ad01c3a52c4a79518ccd5414d72e1ca03b8ccdf,附則第11条第1項,当該第1号被保険者の属する世帯の世帯主及び全ての世帯員のうちに、第1号に掲げる者に該当し、かつ、第2号又は第3号に掲げる者のいずれかに該当する者があるときは、当該該当する者は、同年度分の地方税法の規定による特別区民税が課されている者とみなす,supported,09eaf6ed7137d8f1fad1dfbed96f9a1d07dc465d9fc8f897fef7423f3ddfaae8
shinjuku-2026-r1-gian-17,easy,content,OA17-E-19,2026年（令和8年）4月1日（水）から 始まります。,https://www.city.shinjuku.lg.jp/content/000448433.pdf,6046c4988056b12f1ad5f7bd1ad01c3a52c4a79518ccd5414d72e1ca03b8ccdf,附則（施行期日）,この条例は、令和8年4月1日から施行する,supported,09eaf6ed7137d8f1fad1dfbed96f9a1d07dc465d9fc8f897fef7423f3ddfaae8
shinjuku-2026-r1-gian-17,easy,content,OA17-E-20,【原案可決】［げんあんかけつ］（＝出した 通りの 内容で 決まること）です。,https://www.city.shinjuku.lg.jp/kusei/soumu01_002090_00015.html,7c2b6f68db1b433b860b35d176b4dd9211e78582ec9de718fcfefe68b22d896a,審議状況（議決結果ページ）,第17号議案新宿区介護保険条例の一部を改正する条例原案可決,supported,09eaf6ed7137d8f1fad1dfbed96f9a1d07dc465d9fc8f897fef7423f3ddfaae8
shinjuku-2026-r1-gian-17,easy,content,OA17-E-21,2026年（令和8年）の 第1回定例会で 決まりました。,https://www.city.shinjuku.lg.jp/content/000452334.pdf,22ba4f49b18c96bd1fa26241606257c05477f38e25ac46d6f8e4f416a2cedbf2,審議状況（会期）,令和８年第１回定例会…２月１７日～３月２４日,supported,09eaf6ed7137d8f1fad1dfbed96f9a1d07dc465d9fc8f897fef7423f3ddfaae8
shinjuku-2026-r1-gian-17,easy,content,OA17-E-22,会期は 2026年2月17日（火）から 3月24日（火）まででした。,https://www.city.shinjuku.lg.jp/content/000452334.pdf,22ba4f49b18c96bd1fa26241606257c05477f38e25ac46d6f8e4f416a2cedbf2,審議状況（会期）,令和８年第１回定例会…２月１７日～３月２４日,supported,09eaf6ed7137d8f1fad1dfbed96f9a1d07dc465d9fc8f897fef7423f3ddfaae8
shinjuku-2026-r1-gian-17,easy,content,OA17-E-23,本会議で 決まった 日は 3月24日（火）です。,https://ssp.kaigiroku.net/tenant/shinjuku/MinuteView.html?council_id=3163&schedule_id=5&minute_id=1,bd058d36962b45d8d965e4625bb95ecd661a102a026175213f37ba9eb575424a,審議状況（本会議 3月24日 議長）,令和８年第１回定例会会議録（第４日）第４号…令和８年３月２４日（火曜日）,supported,09eaf6ed7137d8f1fad1dfbed96f9a1d07dc465d9fc8f897fef7423f3ddfaae8
shinjuku-2026-r1-gian-17,easy,content,OA17-E-24,福祉健康委員会の 審査報告書は 可決でした。,https://ssp.kaigiroku.net/tenant/shinjuku/MinuteView.html?council_id=3163&schedule_id=5&minute_id=32,552b32fe46d9258940407f8537d64d9f9ee29293515e17e4dff8c9aed2a52352,審議状況（本会議 3月24日 議長）,福祉健康委員会審査報告書は、可決です…少数意見を口頭で報告するとの申出があります…20番佐藤佳一議員,supported,09eaf6ed7137d8f1fad1dfbed96f9a1d07dc465d9fc8f897fef7423f3ddfaae8
shinjuku-2026-r1-gian-17,easy,content,OA17-E-25,少数意見を 報告する 申し出が ありました。,https://ssp.kaigiroku.net/tenant/shinjuku/MinuteView.html?council_id=3163&schedule_id=5&minute_id=32,552b32fe46d9258940407f8537d64d9f9ee29293515e17e4dff8c9aed2a52352,審議状況（本会議 3月24日 議長）,福祉健康委員会審査報告書は、可決です…少数意見を口頭で報告するとの申出があります…20番佐藤佳一議員,supported,09eaf6ed7137d8f1fad1dfbed96f9a1d07dc465d9fc8f897fef7423f3ddfaae8
shinjuku-2026-r1-gian-17,easy,content,OA17-E-26,議長は 起立で 採決しました。,https://ssp.kaigiroku.net/tenant/shinjuku/MinuteView.html?council_id=3163&schedule_id=5&minute_id=34,55f4562f1a0e3dc939c80cc61b57cc1c7b9d620719d08de29928d081ed2fae96,審議状況（本会議 3月24日 議長）,起立により採決します…賛成の方は御起立願います,supported,09eaf6ed7137d8f1fad1dfbed96f9a1d07dc465d9fc8f897fef7423f3ddfaae8
shinjuku-2026-r1-gian-17,easy,content,OA17-E-27,起立した 人が 多く 可決しました。,https://ssp.kaigiroku.net/tenant/shinjuku/MinuteView.html?council_id=3163&schedule_id=5&minute_id=35,0405f4221f73a11b0034c2a81abc651c7799688051fdfb5441349221a4be563a,審議状況（本会議 3月24日 議長）,起立多数と認めます。本案は、委員会審査報告のとおり可決されました,supported,09eaf6ed7137d8f1fad1dfbed96f9a1d07dc465d9fc8f897fef7423f3ddfaae8
shinjuku-2026-r1-gian-17,easy,content,OA17-E-28,賛成したのは ７つの 会派です。,https://www.city.shinjuku.lg.jp/content/000452334.pdf,22ba4f49b18c96bd1fa26241606257c05477f38e25ac46d6f8e4f416a2cedbf2,審議状況（議案の概要と審議結果の採決結果行）,共産＝日本共産党新宿区議会議員団…自参ク 公明 共産 新宿会 民無ク 維新 現役 れいわ…令和8年度の介護保険料の段階の判定に関する合計所得金額の計○○×○○○○○可決,supported,09eaf6ed7137d8f1fad1dfbed96f9a1d07dc465d9fc8f897fef7423f3ddfaae8
shinjuku-2026-r1-gian-17,easy,content,OA17-E-29,反対したのは 日本共産党新宿区議会議員団です。,https://www.city.shinjuku.lg.jp/content/000452334.pdf,22ba4f49b18c96bd1fa26241606257c05477f38e25ac46d6f8e4f416a2cedbf2,審議状況（議案の概要と審議結果の採決結果行）,共産＝日本共産党新宿区議会議員団…自参ク 公明 共産 新宿会 民無ク 維新 現役 れいわ…令和8年度の介護保険料の段階の判定に関する合計所得金額の計○○×○○○○○可決,supported,09eaf6ed7137d8f1fad1dfbed96f9a1d07dc465d9fc8f897fef7423f3ddfaae8
shinjuku-2026-r1-gian-17,easy,content,OA17-E-30,反対した 議員は 次の ように 述べました。,https://ssp.kaigiroku.net/tenant/shinjuku/MinuteView.html?council_id=3163&schedule_id=5&minute_id=33,834ef263280695fa890d4b6c2c79b796ff102bc12609ab1d82d53984382aa68c,審議状況（本会議 3月24日 少数意見の報告）,第17号議案介護保険条例の一部を改正する条例について、杉山直子委員と私、佐藤佳一は、本議案に反対し、福祉健康委員会の決定に対し、少数意見を留保しましたので、報告します,supported,09eaf6ed7137d8f1fad1dfbed96f9a1d07dc465d9fc8f897fef7423f3ddfaae8
shinjuku-2026-r1-gian-17,easy,content,OA17-E-31,税の 改正で 給与所得控除の 最低額が 上がったと 述べました。,https://ssp.kaigiroku.net/tenant/shinjuku/MinuteView.html?council_id=3163&schedule_id=5&minute_id=33,834ef263280695fa890d4b6c2c79b796ff102bc12609ab1d82d53984382aa68c,審議状況（本会議 3月24日 少数意見の報告）,この条例は、2025年度税制改正により、給与所得控除の最低保障額が55万円から65万円に引き上げられたことにより、控除額が10万円上がり、65万円に拡大されました,supported,09eaf6ed7137d8f1fad1dfbed96f9a1d07dc465d9fc8f897fef7423f3ddfaae8
shinjuku-2026-r1-gian-17,easy,content,OA17-E-32,国が 施行令を 改めて 現行の ままの 保険料に したと 述べました。,https://ssp.kaigiroku.net/tenant/shinjuku/MinuteView.html?council_id=3163&schedule_id=5&minute_id=33,834ef263280695fa890d4b6c2c79b796ff102bc12609ab1d82d53984382aa68c,審議状況（本会議 3月24日 少数意見の報告）,国は保険料収入が減るため、施行令を改定して、現行のままの保険料になるようにしてしまう,supported,09eaf6ed7137d8f1fad1dfbed96f9a1d07dc465d9fc8f897fef7423f3ddfaae8
shinjuku-2026-r1-gian-17,easy,content,OA17-E-33,区や 23区の 努力は 評価できると 述べました。,https://ssp.kaigiroku.net/tenant/shinjuku/MinuteView.html?council_id=3163&schedule_id=5&minute_id=33,834ef263280695fa890d4b6c2c79b796ff102bc12609ab1d82d53984382aa68c,審議状況（本会議 3月24日 少数意見の報告）,今回の新宿区や23区の姿勢と努力は、区民の立場に立って要望したことであり、その努力は評価できます,supported,09eaf6ed7137d8f1fad1dfbed96f9a1d07dc465d9fc8f897fef7423f3ddfaae8
shinjuku-2026-r1-gian-17,easy,content,OA17-E-34,国の やりかたに 抗議する 意味で 反対すると 述べました。,https://ssp.kaigiroku.net/tenant/shinjuku/MinuteView.html?council_id=3163&schedule_id=5&minute_id=33,834ef263280695fa890d4b6c2c79b796ff102bc12609ab1d82d53984382aa68c,審議状況（本会議 3月24日 少数意見の報告）,国のなりふり構わない、このようなやり方に抗議する意味で、反対します,supported,09eaf6ed7137d8f1fad1dfbed96f9a1d07dc465d9fc8f897fef7423f3ddfaae8
shinjuku-2026-r1-gian-17,normal,title,OA17-NT-01,見出し: 令和8年度の介護保険料の段階判定に関する特例（合計所得金額の計算方法等）,https://www.city.shinjuku.lg.jp/content/000447774.pdf,1dc3eaffcafb1b1c9e139e823182dc80dc0755624813ca87d8b274d15f5b6624,第17号議案,令和7年度税制改正を踏まえた介護保険法施行令の改正に伴…い、当該税制改正の影響により介護保険料の段階が変わり得る…者について、当該税制改正前と同様の介護保険料の段階の判定…となるよう令和8年度の介護保険料の段階の判定に関する合計…所得金額の計算方法の特例措置等を設ける,supported,3ae07844ce36535912be534111a438db056942dd5b91be961b9ea9db3e1cbeb4
shinjuku-2026-r1-gian-17,normal,summary,OA17-NS-01,要約: 令和7年度税制改正の影響で介護保険料の段階が変わり得る人について、改正前と同様の段階判定となるよう、令和8年度の合計所得金額の計算方法の特例などを附則に設ける条例改正です。,https://www.city.shinjuku.lg.jp/content/000447774.pdf,1dc3eaffcafb1b1c9e139e823182dc80dc0755624813ca87d8b274d15f5b6624,第17号議案,令和7年度税制改正を踏まえた介護保険法施行令の改正に伴…い、当該税制改正の影響により介護保険料の段階が変わり得る…者について、当該税制改正前と同様の介護保険料の段階の判定…となるよう令和8年度の介護保険料の段階の判定に関する合計…所得金額の計算方法の特例措置等を設ける,supported,3ae07844ce36535912be534111a438db056942dd5b91be961b9ea9db3e1cbeb4
shinjuku-2026-r1-gian-17,normal,summary,OA17-NS-02,要約: 日本共産党新宿区議会議員団が反対し、ほかの7会派の賛成で原案可決されました。,https://www.city.shinjuku.lg.jp/content/000452334.pdf,22ba4f49b18c96bd1fa26241606257c05477f38e25ac46d6f8e4f416a2cedbf2,審議状況（議案の概要と審議結果の採決結果行）,共産＝日本共産党新宿区議会議員団…自参ク 公明 共産 新宿会 民無ク 維新 現役 れいわ…令和8年度の介護保険料の段階の判定に関する合計所得金額の計○○×○○○○○可決,supported,3ae07844ce36535912be534111a438db056942dd5b91be961b9ea9db3e1cbeb4
shinjuku-2026-r1-gian-17,normal,content,OA17-N-01,新宿区介護保険条例（平成12年新宿区条例第35号）の改正です。,https://www.city.shinjuku.lg.jp/content/000448433.pdf,6046c4988056b12f1ad5f7bd1ad01c3a52c4a79518ccd5414d72e1ca03b8ccdf,改め文,新宿区介護保険条例（平成12年新宿区条例第35号）の一部を次のように改正する,supported,3ae07844ce36535912be534111a438db056942dd5b91be961b9ea9db3e1cbeb4
shinjuku-2026-r1-gian-17,normal,content,OA17-N-02,令和7年度税制改正を踏まえた介護保険法施行令の改正に伴い、当該税制改正の影響により介護保険料の段階が変わり得る者について、当該税制改正前と同様の介護保険料の段階の判定となるよう令和8年度の介護保険料の段階の判定に関する合計所得金額の計算方法の特例措置等を設ける。,https://www.city.shinjuku.lg.jp/content/000447774.pdf,1dc3eaffcafb1b1c9e139e823182dc80dc0755624813ca87d8b274d15f5b6624,第17号議案,令和7年度税制改正を踏まえた介護保険法施行令の改正に伴…い、当該税制改正の影響により介護保険料の段階が変わり得る…者について、当該税制改正前と同様の介護保険料の段階の判定…となるよう令和8年度の介護保険料の段階の判定に関する合計…所得金額の計算方法の特例措置等を設ける,supported,3ae07844ce36535912be534111a438db056942dd5b91be961b9ea9db3e1cbeb4
shinjuku-2026-r1-gian-17,normal,content,OA17-N-03,議案本文の提案理由は、介護保険法施行令の一部を改正する政令（令和7年政令第420号）の施行に伴い、令和8年度の介護保険料の段階の判定に関する合計所得金額の計算方法の特例措置等を設ける必要がある、としています。,https://www.city.shinjuku.lg.jp/content/000448433.pdf,6046c4988056b12f1ad5f7bd1ad01c3a52c4a79518ccd5414d72e1ca03b8ccdf,（提案理由）,介護保険法施行令の一部を改正する政令（令和7年政令第420号）の施行に伴い、令和8年度の介護保険料の段階の判定に関する合計所得金額の計算方法の特例措置等を設ける必要があるため,supported,3ae07844ce36535912be534111a438db056942dd5b91be961b9ea9db3e1cbeb4
shinjuku-2026-r1-gian-17,normal,content,OA17-N-04,条例の附則に、次の2条が加えられます。,https://www.city.shinjuku.lg.jp/content/000448433.pdf,6046c4988056b12f1ad5f7bd1ad01c3a52c4a79518ccd5414d72e1ca03b8ccdf,附則,附則に次の2条を加える,supported,3ae07844ce36535912be534111a438db056942dd5b91be961b9ea9db3e1cbeb4
shinjuku-2026-r1-gian-17,normal,content,OA17-N-05,第10条（令和8年度の保険料率の算定に関する所得の額の算定方法の特例）,https://www.city.shinjuku.lg.jp/content/000448433.pdf,6046c4988056b12f1ad5f7bd1ad01c3a52c4a79518ccd5414d72e1ca03b8ccdf,附則第10条（見出し）,（令和8年度の保険料率の算定に関する所得の額の算定方法の特例）,supported,3ae07844ce36535912be534111a438db056942dd5b91be961b9ea9db3e1cbeb4
shinjuku-2026-r1-gian-17,normal,content,OA17-N-06,第11条（令和8年度の保険料率の算定に関する基準の特例）,https://www.city.shinjuku.lg.jp/content/000448433.pdf,6046c4988056b12f1ad5f7bd1ad01c3a52c4a79518ccd5414d72e1ca03b8ccdf,附則第11条（見出し）,（令和8年度の保険料率の算定に関する基準の特例）,supported,3ae07844ce36535912be534111a438db056942dd5b91be961b9ea9db3e1cbeb4
shinjuku-2026-r1-gian-17,normal,content,OA17-N-07,対象は、区内に住所がある第1号被保険者のうち、令和7年の合計所得金額に給与所得が含まれる人です。,https://www.city.shinjuku.lg.jp/content/000448433.pdf,6046c4988056b12f1ad5f7bd1ad01c3a52c4a79518ccd5414d72e1ca03b8ccdf,附則第10条第1項,第1号被保険者（令和8年度分の保険料の賦課期日において区の区域内（以下「区内」という。）に住所を有しない者を除き、同年度分の地方税法の規定による特別区民税の賦課期日において区内に住所を有する者,supported,3ae07844ce36535912be534111a438db056942dd5b91be961b9ea9db3e1cbeb4
shinjuku-2026-r1-gian-17,normal,content,OA17-N-08,本則第11条第1項（第6号ア〜第17号アに係る部分）の適用について、令和7年中の給与等の収入金額の区分ごとに、給与所得の金額の計算方法を特例とします。,https://www.city.shinjuku.lg.jp/content/000448433.pdf,6046c4988056b12f1ad5f7bd1ad01c3a52c4a79518ccd5414d72e1ca03b8ccdf,附則第10条第1項,第11条第1項（第6号ア、第7号ア、第8号ア、第9号ア、第10号ア、第11号ア、第12号ア、第13号ア、第14号ア、第15号ア、第16号ア及び第17号アに係る部分に限る。）の規定の適用については、同項第6号ア中「合計所得金額をいい」とあるのは,supported,3ae07844ce36535912be534111a438db056942dd5b91be961b9ea9db3e1cbeb4
shinjuku-2026-r1-gian-17,normal,content,OA17-N-09,"55万1,000円以上65万1,000円未満 / 所得税法第28条第2項で計算した金額に、収入金額から55万円を控除した額を加えた額",https://www.city.shinjuku.lg.jp/content/000448433.pdf,6046c4988056b12f1ad5f7bd1ad01c3a52c4a79518ccd5414d72e1ca03b8ccdf,附則第10条第1項,"令和7年の合計所得金額に給与所得が含まれている者（同年中の給与等…の収入金額が55万1,000円以上65万1,000円未満である者に限る。）…同条第2項の規定によって計算した金額に令和7年中の同条第1項に規定する給与等の収入金額から55万円を控除して得た額を加えた額によるものとし",supported,3ae07844ce36535912be534111a438db056942dd5b91be961b9ea9db3e1cbeb4
shinjuku-2026-r1-gian-17,normal,content,OA17-N-10,"65万1,000円以上161万9,000円未満 / 同項で計算した金額に10万円を加えた額",https://www.city.shinjuku.lg.jp/content/000448433.pdf,6046c4988056b12f1ad5f7bd1ad01c3a52c4a79518ccd5414d72e1ca03b8ccdf,附則第10条第2項,"令和7年の合計所得金額に給与所得が含まれている者（同年中の給与等の収入金額が65万1,000円以上161万9,000円未満である者に限る。）…同条第2項の規定によって計算した金額に10万円を加えた額によるものとし",supported,3ae07844ce36535912be534111a438db056942dd5b91be961b9ea9db3e1cbeb4
shinjuku-2026-r1-gian-17,normal,content,OA17-N-11,"161万9,000円以上190万円未満 / 同項で計算した金額に、65万円から（収入金額から、改正前の所得税法別表第5で求めた給与所得控除後の給与等の金額を控除した額）を控除した額を加えた額",https://www.city.shinjuku.lg.jp/content/000448433.pdf,6046c4988056b12f1ad5f7bd1ad01c3a52c4a79518ccd5414d72e1ca03b8ccdf,附則第10条第3項,"令和7年の合計所得金額に給与所得が含まれている者（同年中の給与等の収入金額が161万9,000円以上190万円未満である者に限る。）…同条第2項の規定によって計算した金額に65万円から、令和7年中の同条第1項に規定する給与等の収入金額から当該給与等の収入金額を所得税法等の一部を改正する法律（令和7年法律第13号）第1条の規定による改正前の所得税法別表第5の給与等の金額として、同表により当該金額に応じて求めた同表の給与所得控除後の給与等の金額を控除して得た額を控除して得た額を加えた額によるものとし",supported,3ae07844ce36535912be534111a438db056942dd5b91be961b9ea9db3e1cbeb4
shinjuku-2026-r1-gian-17,normal,content,OA17-N-12,第1項: 世帯主と全ての世帯員のうちに、第1号に該当し、かつ第2号または第3号に該当する人がいるときは、その人は令和8年度分の特別区民税が課されている者とみなします,https://www.city.shinjuku.lg.jp/content/000448433.pdf,6046c4988056b12f1ad5f7bd1ad01c3a52c4a79518ccd5414d72e1ca03b8ccdf,附則第11条第1項,当該第1号被保険者の属する世帯の世帯主及び全ての世帯員のうちに、第1号に掲げる者に該当し、かつ、第2号又は第3号に掲げる者のいずれかに該当する者があるときは、当該該当する者は、同年度分の地方税法の規定による特別区民税が課されている者とみなす,supported,3ae07844ce36535912be534111a438db056942dd5b91be961b9ea9db3e1cbeb4
shinjuku-2026-r1-gian-17,normal,content,OA17-N-13,第2項: 第1号被保険者本人が、第1項第1号に該当し、かつ第2号または第3号に該当するときも、同様にみなします,https://www.city.shinjuku.lg.jp/content/000448433.pdf,6046c4988056b12f1ad5f7bd1ad01c3a52c4a79518ccd5414d72e1ca03b8ccdf,附則第11条第2項,当該第1号被保険者が前項第1号に掲げる者に該当し、かつ、同項第2号又は第3号に掲げる者のいずれかに該当するときは、当該第1号被保険者は、同年度分の地方税法の規定による特別区民税が課されている者とみなす,supported,3ae07844ce36535912be534111a438db056942dd5b91be961b9ea9db3e1cbeb4
shinjuku-2026-r1-gian-17,normal,content,OA17-N-14,第1号: 令和7年の合計所得金額に給与所得が含まれ、令和8年度分の特別区民税の賦課期日に区内に住所を有する人です,https://www.city.shinjuku.lg.jp/content/000448433.pdf,6046c4988056b12f1ad5f7bd1ad01c3a52c4a79518ccd5414d72e1ca03b8ccdf,附則第11条第1項第1号,令和7年の合計所得金額に給与所得が含まれている者（令和8年度分の保険料の賦課期日において区内に住所を有しない者を除く。）であって、同年度分の地方税法の規定による特別区民税の賦課期日において区内に住所を有するもの,supported,3ae07844ce36535912be534111a438db056942dd5b91be961b9ea9db3e1cbeb4
shinjuku-2026-r1-gian-17,normal,content,OA17-N-15,第2号: 地方税法第295条第1項第2号に掲げる者で、令和8年度分の特別区民税が課されていない人のうち、収入金額と所得の条件（アからウ）に当たる人です,https://www.city.shinjuku.lg.jp/content/000448433.pdf,6046c4988056b12f1ad5f7bd1ad01c3a52c4a79518ccd5414d72e1ca03b8ccdf,附則第11条第1項第2号,地方税法第295条第1項第2号に掲げる者に該当し、かつ、令和8年度分の同法の規定による特別区民税が課されていない者であって、次のアからウまでに掲げる場合のいずれかに該当するもの,supported,3ae07844ce36535912be534111a438db056942dd5b91be961b9ea9db3e1cbeb4
shinjuku-2026-r1-gian-17,normal,content,OA17-N-16,第3号: 同条第1項各号に掲げる者に該当せず、令和8年度分の特別区民税が課されていない人のうち、同様の条件に当たる人です,https://www.city.shinjuku.lg.jp/content/000448433.pdf,6046c4988056b12f1ad5f7bd1ad01c3a52c4a79518ccd5414d72e1ca03b8ccdf,附則第11条第1項第3号,地方税法第295条第1項各号に掲げる者に該当せず、かつ、令和8年度分の同法の規定による特別区民税が課されていない者であって、次のアからウまでに掲げる場合のいずれかに該当するもの,supported,3ae07844ce36535912be534111a438db056942dd5b91be961b9ea9db3e1cbeb4
shinjuku-2026-r1-gian-17,normal,content,OA17-N-17,令和8年4月1日（水曜日）から施行されます。,https://www.city.shinjuku.lg.jp/content/000448433.pdf,6046c4988056b12f1ad5f7bd1ad01c3a52c4a79518ccd5414d72e1ca03b8ccdf,附則（施行期日）,この条例は、令和8年4月1日から施行する,supported,3ae07844ce36535912be534111a438db056942dd5b91be961b9ea9db3e1cbeb4
shinjuku-2026-r1-gian-17,normal,content,OA17-N-18,特例は、令和8年度の保険料率の算定について定めたものです。,https://www.city.shinjuku.lg.jp/content/000448433.pdf,6046c4988056b12f1ad5f7bd1ad01c3a52c4a79518ccd5414d72e1ca03b8ccdf,附則第10条（見出し）,（令和8年度の保険料率の算定に関する所得の額の算定方法の特例）,supported,3ae07844ce36535912be534111a438db056942dd5b91be961b9ea9db3e1cbeb4
shinjuku-2026-r1-gian-17,normal,content,OA17-N-19,附則には施行期日だけが定められています。,https://www.city.shinjuku.lg.jp/content/000448433.pdf,6046c4988056b12f1ad5f7bd1ad01c3a52c4a79518ccd5414d72e1ca03b8ccdf,附則（施行期日）,この条例は、令和8年4月1日から施行する,supported,3ae07844ce36535912be534111a438db056942dd5b91be961b9ea9db3e1cbeb4
shinjuku-2026-r1-gian-17,normal,content,OA17-N-20,令和8年第1回定例会（会期は2月17日から3月24日まで）で審議されました。,https://www.city.shinjuku.lg.jp/content/000452334.pdf,22ba4f49b18c96bd1fa26241606257c05477f38e25ac46d6f8e4f416a2cedbf2,審議状況（会期）,令和８年第１回定例会…２月１７日～３月２４日,supported,3ae07844ce36535912be534111a438db056942dd5b91be961b9ea9db3e1cbeb4
shinjuku-2026-r1-gian-17,normal,content,OA17-N-21,本会議は第4日にあたる3月24日（火曜日）でした。,https://ssp.kaigiroku.net/tenant/shinjuku/MinuteView.html?council_id=3163&schedule_id=5&minute_id=1,bd058d36962b45d8d965e4625bb95ecd661a102a026175213f37ba9eb575424a,審議状況（本会議 3月24日 議長）,令和８年第１回定例会会議録（第４日）第４号…令和８年３月２４日（火曜日）,supported,3ae07844ce36535912be534111a438db056942dd5b91be961b9ea9db3e1cbeb4
shinjuku-2026-r1-gian-17,normal,content,OA17-N-22,福祉健康委員会の審査報告書は「可決」でした。,https://ssp.kaigiroku.net/tenant/shinjuku/MinuteView.html?council_id=3163&schedule_id=5&minute_id=32,552b32fe46d9258940407f8537d64d9f9ee29293515e17e4dff8c9aed2a52352,審議状況（本会議 3月24日 議長）,福祉健康委員会審査報告書は、可決です…少数意見を口頭で報告するとの申出があります…20番佐藤佳一議員,supported,3ae07844ce36535912be534111a438db056942dd5b91be961b9ea9db3e1cbeb4
shinjuku-2026-r1-gian-17,normal,content,OA17-N-23,少数意見を口頭で報告するとの申出があり、20番の佐藤佳一議員が報告しました。,https://ssp.kaigiroku.net/tenant/shinjuku/MinuteView.html?council_id=3163&schedule_id=5&minute_id=32,552b32fe46d9258940407f8537d64d9f9ee29293515e17e4dff8c9aed2a52352,審議状況（本会議 3月24日 議長）,福祉健康委員会審査報告書は、可決です…少数意見を口頭で報告するとの申出があります…20番佐藤佳一議員,supported,3ae07844ce36535912be534111a438db056942dd5b91be961b9ea9db3e1cbeb4
shinjuku-2026-r1-gian-17,normal,content,OA17-N-24,本会議は起立により採決しました。,https://ssp.kaigiroku.net/tenant/shinjuku/MinuteView.html?council_id=3163&schedule_id=5&minute_id=34,55f4562f1a0e3dc939c80cc61b57cc1c7b9d620719d08de29928d081ed2fae96,審議状況（本会議 3月24日 議長）,起立により採決します…賛成の方は御起立願います,supported,3ae07844ce36535912be534111a438db056942dd5b91be961b9ea9db3e1cbeb4
shinjuku-2026-r1-gian-17,normal,content,OA17-N-25,起立多数と認め、委員会審査報告のとおり可決しました。,https://ssp.kaigiroku.net/tenant/shinjuku/MinuteView.html?council_id=3163&schedule_id=5&minute_id=35,0405f4221f73a11b0034c2a81abc651c7799688051fdfb5441349221a4be563a,審議状況（本会議 3月24日 議長）,起立多数と認めます。本案は、委員会審査報告のとおり可決されました,supported,3ae07844ce36535912be534111a438db056942dd5b91be961b9ea9db3e1cbeb4
shinjuku-2026-r1-gian-17,normal,content,OA17-N-26,議決結果ページの記載は「原案可決」です。,https://www.city.shinjuku.lg.jp/kusei/soumu01_002090_00015.html,7c2b6f68db1b433b860b35d176b4dd9211e78582ec9de718fcfefe68b22d896a,審議状況（議決結果ページ）,第17号議案新宿区介護保険条例の一部を改正する条例原案可決,supported,3ae07844ce36535912be534111a438db056942dd5b91be961b9ea9db3e1cbeb4
shinjuku-2026-r1-gian-17,normal,content,OA17-N-27,「議案の概要と審議結果」の採決結果行では、日本共産党新宿区議会議員団が反対（×）、ほかの7会派が賛成（○）でした。,https://www.city.shinjuku.lg.jp/content/000452334.pdf,22ba4f49b18c96bd1fa26241606257c05477f38e25ac46d6f8e4f416a2cedbf2,審議状況（議案の概要と審議結果の採決結果行）,共産＝日本共産党新宿区議会議員団…自参ク 公明 共産 新宿会 民無ク 維新 現役 れいわ…令和8年度の介護保険料の段階の判定に関する合計所得金額の計○○×○○○○○可決,supported,3ae07844ce36535912be534111a438db056942dd5b91be961b9ea9db3e1cbeb4
shinjuku-2026-r1-gian-17,normal,content,OA17-N-28,本議案に反対し、福祉健康委員会の決定に対し少数意見を留保した旨を述べました,https://ssp.kaigiroku.net/tenant/shinjuku/MinuteView.html?council_id=3163&schedule_id=5&minute_id=33,834ef263280695fa890d4b6c2c79b796ff102bc12609ab1d82d53984382aa68c,審議状況（本会議 3月24日 少数意見の報告）,第17号議案介護保険条例の一部を改正する条例について、杉山直子委員と私、佐藤佳一は、本議案に反対し、福祉健康委員会の決定に対し、少数意見を留保しましたので、報告します,supported,3ae07844ce36535912be534111a438db056942dd5b91be961b9ea9db3e1cbeb4
shinjuku-2026-r1-gian-17,normal,content,OA17-N-29,2025年度税制改正で給与所得控除の最低保障額が55万円から65万円に引き上げられたことに触れました,https://ssp.kaigiroku.net/tenant/shinjuku/MinuteView.html?council_id=3163&schedule_id=5&minute_id=33,834ef263280695fa890d4b6c2c79b796ff102bc12609ab1d82d53984382aa68c,審議状況（本会議 3月24日 少数意見の報告）,この条例は、2025年度税制改正により、給与所得控除の最低保障額が55万円から65万円に引き上げられたことにより、控除額が10万円上がり、65万円に拡大されました,supported,3ae07844ce36535912be534111a438db056942dd5b91be961b9ea9db3e1cbeb4
shinjuku-2026-r1-gian-17,normal,content,OA17-N-30,国が施行令を改定して現行のままの保険料になるようにしたことを取り上げました,https://ssp.kaigiroku.net/tenant/shinjuku/MinuteView.html?council_id=3163&schedule_id=5&minute_id=33,834ef263280695fa890d4b6c2c79b796ff102bc12609ab1d82d53984382aa68c,審議状況（本会議 3月24日 少数意見の報告）,国は保険料収入が減るため、施行令を改定して、現行のままの保険料になるようにしてしまう,supported,3ae07844ce36535912be534111a438db056942dd5b91be961b9ea9db3e1cbeb4
shinjuku-2026-r1-gian-17,normal,content,OA17-N-31,質疑の中で、23区の区長会がこの国の対応に異論を出し、要望書を国に提出したことが明らかになった、と述べました,https://ssp.kaigiroku.net/tenant/shinjuku/MinuteView.html?council_id=3163&schedule_id=5&minute_id=33,834ef263280695fa890d4b6c2c79b796ff102bc12609ab1d82d53984382aa68c,審議状況（本会議 3月24日 少数意見の報告）,質疑の中で、23区の区長会では、このような国の対応に異論が出て、被保険者の理解は得られないとする要望書を国に提出したことが明らかになりました,supported,3ae07844ce36535912be534111a438db056942dd5b91be961b9ea9db3e1cbeb4
shinjuku-2026-r1-gian-17,normal,content,OA17-N-32,新宿区や23区の姿勢と努力は評価できる、とも述べました,https://ssp.kaigiroku.net/tenant/shinjuku/MinuteView.html?council_id=3163&schedule_id=5&minute_id=33,834ef263280695fa890d4b6c2c79b796ff102bc12609ab1d82d53984382aa68c,審議状況（本会議 3月24日 少数意見の報告）,今回の新宿区や23区の姿勢と努力は、区民の立場に立って要望したことであり、その努力は評価できます,supported,3ae07844ce36535912be534111a438db056942dd5b91be961b9ea9db3e1cbeb4
shinjuku-2026-r1-gian-17,normal,content,OA17-N-33,国のやり方に抗議する意味で反対する、と述べました,https://ssp.kaigiroku.net/tenant/shinjuku/MinuteView.html?council_id=3163&schedule_id=5&minute_id=33,834ef263280695fa890d4b6c2c79b796ff102bc12609ab1d82d53984382aa68c,審議状況（本会議 3月24日 少数意見の報告）,国のなりふり構わない、このようなやり方に抗議する意味で、反対します,supported,3ae07844ce36535912be534111a438db056942dd5b91be961b9ea9db3e1cbeb4
shinjuku-2026-r1-gian-17,hard,title,OA17-HT-01,見出し: 第17号議案 新宿区介護保険条例の一部を改正する条例,https://www.city.shinjuku.lg.jp/content/000448433.pdf,6046c4988056b12f1ad5f7bd1ad01c3a52c4a79518ccd5414d72e1ca03b8ccdf,件名,新宿区介護保険条例の一部を改正する条例,supported,75e8f25ccc0c45c8c9cbbfeaccc66f2cb3abffdab6daed105003e54080753421
shinjuku-2026-r1-gian-17,hard,summary,OA17-HS-01,要約: 平成12年新宿区条例第35号の附則に第10条（令和8年度の保険料率の算定に関する所得の額の算定方法の特例）と第11条（同基準の特例）を加える改正。介護保険法施行令の一部を改正する政令（令和7年政令第420号）の施行に伴う。,https://www.city.shinjuku.lg.jp/content/000448433.pdf,6046c4988056b12f1ad5f7bd1ad01c3a52c4a79518ccd5414d72e1ca03b8ccdf,（提案理由）,介護保険法施行令の一部を改正する政令（令和7年政令第420号）の施行に伴い、令和8年度の介護保険料の段階の判定に関する合計所得金額の計算方法の特例措置等を設ける必要があるため,supported,75e8f25ccc0c45c8c9cbbfeaccc66f2cb3abffdab6daed105003e54080753421
shinjuku-2026-r1-gian-17,hard,summary,OA17-HS-02,要約: 施行日は令和8年4月1日。,https://www.city.shinjuku.lg.jp/content/000448433.pdf,6046c4988056b12f1ad5f7bd1ad01c3a52c4a79518ccd5414d72e1ca03b8ccdf,附則（施行期日）,この条例は、令和8年4月1日から施行する,supported,75e8f25ccc0c45c8c9cbbfeaccc66f2cb3abffdab6daed105003e54080753421
shinjuku-2026-r1-gian-17,hard,content,OA17-H-01,提出日: 令和8年2月17日,https://www.city.shinjuku.lg.jp/content/000448433.pdf,6046c4988056b12f1ad5f7bd1ad01c3a52c4a79518ccd5414d72e1ca03b8ccdf,提出日・提出者,令和８年２月１７日…新宿区長…吉住…健一,supported,75e8f25ccc0c45c8c9cbbfeaccc66f2cb3abffdab6daed105003e54080753421
shinjuku-2026-r1-gian-17,hard,content,OA17-H-02,提出者: 新宿区長 吉住健一,https://www.city.shinjuku.lg.jp/content/000448433.pdf,6046c4988056b12f1ad5f7bd1ad01c3a52c4a79518ccd5414d72e1ca03b8ccdf,提出日・提出者,令和８年２月１７日…新宿区長…吉住…健一,supported,75e8f25ccc0c45c8c9cbbfeaccc66f2cb3abffdab6daed105003e54080753421
shinjuku-2026-r1-gian-17,hard,content,OA17-H-03,対象条例: 新宿区介護保険条例（平成12年新宿区条例第35号）,https://www.city.shinjuku.lg.jp/content/000448433.pdf,6046c4988056b12f1ad5f7bd1ad01c3a52c4a79518ccd5414d72e1ca03b8ccdf,改め文,新宿区介護保険条例（平成12年新宿区条例第35号）の一部を次のように改正する,supported,75e8f25ccc0c45c8c9cbbfeaccc66f2cb3abffdab6daed105003e54080753421
shinjuku-2026-r1-gian-17,hard,content,OA17-H-04,議決: 原案可決（議決結果ページの記載）,https://www.city.shinjuku.lg.jp/kusei/soumu01_002090_00015.html,7c2b6f68db1b433b860b35d176b4dd9211e78582ec9de718fcfefe68b22d896a,審議状況（議決結果ページ）,第17号議案新宿区介護保険条例の一部を改正する条例原案可決,supported,75e8f25ccc0c45c8c9cbbfeaccc66f2cb3abffdab6daed105003e54080753421
shinjuku-2026-r1-gian-17,hard,content,OA17-H-05,本会議: 令和8年3月24日（火曜日）、会議録 第4日第4号,https://ssp.kaigiroku.net/tenant/shinjuku/MinuteView.html?council_id=3163&schedule_id=5&minute_id=1,bd058d36962b45d8d965e4625bb95ecd661a102a026175213f37ba9eb575424a,審議状況（本会議 3月24日 議長）,令和８年第１回定例会会議録（第４日）第４号…令和８年３月２４日（火曜日）,supported,75e8f25ccc0c45c8c9cbbfeaccc66f2cb3abffdab6daed105003e54080753421
shinjuku-2026-r1-gian-17,hard,content,OA17-H-06,議題: 日程第11として単独で議題とした,https://ssp.kaigiroku.net/tenant/shinjuku/MinuteView.html?council_id=3163&schedule_id=5&minute_id=30,a87f178a0a74f95926c9f5a2f7ff852e680291e5bd8b139106c0eec1bec52412,審議状況（本会議 3月24日 議長）,日程第１１を議題とします,supported,75e8f25ccc0c45c8c9cbbfeaccc66f2cb3abffdab6daed105003e54080753421
shinjuku-2026-r1-gian-17,hard,content,OA17-H-07,会議録: 第17号議案の議題朗読が記載されている,https://ssp.kaigiroku.net/tenant/shinjuku/MinuteView.html?council_id=3163&schedule_id=5&minute_id=31,9ec0b5549d23ebc6dd61fe8e61d52a90f4d1006f350d4f7b82951553d8e52ee1,審議状況（本会議 3月24日 議長）,第１７号議案新宿区介護保険条例の一部を改正する条例,supported,75e8f25ccc0c45c8c9cbbfeaccc66f2cb3abffdab6daed105003e54080753421
shinjuku-2026-r1-gian-17,hard,content,OA17-H-08,委員会審査報告: 福祉健康委員会の審査報告書は可決,https://ssp.kaigiroku.net/tenant/shinjuku/MinuteView.html?council_id=3163&schedule_id=5&minute_id=32,552b32fe46d9258940407f8537d64d9f9ee29293515e17e4dff8c9aed2a52352,審議状況（本会議 3月24日 議長）,福祉健康委員会審査報告書は、可決です…少数意見を口頭で報告するとの申出があります…20番佐藤佳一議員,supported,75e8f25ccc0c45c8c9cbbfeaccc66f2cb3abffdab6daed105003e54080753421
shinjuku-2026-r1-gian-17,hard,content,OA17-H-09,採決方法: 起立（賛成の方は御起立願います）,https://ssp.kaigiroku.net/tenant/shinjuku/MinuteView.html?council_id=3163&schedule_id=5&minute_id=34,55f4562f1a0e3dc939c80cc61b57cc1c7b9d620719d08de29928d081ed2fae96,審議状況（本会議 3月24日 議長）,起立により採決します…賛成の方は御起立願います,supported,75e8f25ccc0c45c8c9cbbfeaccc66f2cb3abffdab6daed105003e54080753421
shinjuku-2026-r1-gian-17,hard,content,OA17-H-10,採決結果: 起立多数、委員会審査報告のとおり可決,https://ssp.kaigiroku.net/tenant/shinjuku/MinuteView.html?council_id=3163&schedule_id=5&minute_id=35,0405f4221f73a11b0034c2a81abc651c7799688051fdfb5441349221a4be563a,審議状況（本会議 3月24日 議長）,起立多数と認めます。本案は、委員会審査報告のとおり可決されました,supported,75e8f25ccc0c45c8c9cbbfeaccc66f2cb3abffdab6daed105003e54080753421
shinjuku-2026-r1-gian-17,hard,content,OA17-H-11,少数意見: 福祉健康委員会の決定に対する少数意見を、20番 佐藤佳一議員が口頭で報告,https://ssp.kaigiroku.net/tenant/shinjuku/MinuteView.html?council_id=3163&schedule_id=5&minute_id=32,552b32fe46d9258940407f8537d64d9f9ee29293515e17e4dff8c9aed2a52352,審議状況（本会議 3月24日 議長）,福祉健康委員会審査報告書は、可決です…少数意見を口頭で報告するとの申出があります…20番佐藤佳一議員,supported,75e8f25ccc0c45c8c9cbbfeaccc66f2cb3abffdab6daed105003e54080753421
shinjuku-2026-r1-gian-17,hard,content,OA17-H-12,会派別の賛否: 7会派が賛成（○）、日本共産党新宿区議会議員団が反対（×）（採決結果行は ○○×○○○○○）,https://www.city.shinjuku.lg.jp/content/000452334.pdf,22ba4f49b18c96bd1fa26241606257c05477f38e25ac46d6f8e4f416a2cedbf2,審議状況（議案の概要と審議結果の採決結果行）,共産＝日本共産党新宿区議会議員団…自参ク 公明 共産 新宿会 民無ク 維新 現役 れいわ…令和8年度の介護保険料の段階の判定に関する合計所得金額の計○○×○○○○○可決,supported,75e8f25ccc0c45c8c9cbbfeaccc66f2cb3abffdab6daed105003e54080753421
shinjuku-2026-r1-gian-17,hard,content,OA17-H-13,会派: 自民・参政クラブ、新宿区議会公明党、日本共産党新宿区議会議員団、新宿未来の会、立憲民主党・無所属クラブ、日本維新の会・新宿区議団、現役世代に優しい新宿・減税の会、れいわ新選組 新宿,https://www.city.shinjuku.lg.jp/content/000452334.pdf,22ba4f49b18c96bd1fa26241606257c05477f38e25ac46d6f8e4f416a2cedbf2,会派略称・列の並び,共産＝日本共産党新宿区議会議員団…れいわ＝れいわ新選組 新宿…自参ク＝自民・参政クラブ…公明＝新宿区議会公明党…新宿会＝新宿未来の会…民無ク＝立憲民主党・無所属クラブ…維新＝日本維新の会・新宿区議団…現役＝現役世代に優しい新宿・減税の会,supported,75e8f25ccc0c45c8c9cbbfeaccc66f2cb3abffdab6daed105003e54080753421
shinjuku-2026-r1-gian-17,hard,content,OA17-H-14,介護保険法施行令の一部を改正する政令（令和7年政令第420号）の施行に伴い、令和8年度の介護保険料の段階の判定に関する合計所得金額の計算方法の特例措置等を設ける必要があるため,https://www.city.shinjuku.lg.jp/content/000448433.pdf,6046c4988056b12f1ad5f7bd1ad01c3a52c4a79518ccd5414d72e1ca03b8ccdf,（提案理由）,介護保険法施行令の一部を改正する政令（令和7年政令第420号）の施行に伴い、令和8年度の介護保険料の段階の判定に関する合計所得金額の計算方法の特例措置等を設ける必要があるため,supported,75e8f25ccc0c45c8c9cbbfeaccc66f2cb3abffdab6daed105003e54080753421
shinjuku-2026-r1-gian-17,hard,content,OA17-H-15,杉山直子委員と自身が本議案に反対し、福祉健康委員会の決定に対し少数意見を留保したと述べた,https://ssp.kaigiroku.net/tenant/shinjuku/MinuteView.html?council_id=3163&schedule_id=5&minute_id=33,834ef263280695fa890d4b6c2c79b796ff102bc12609ab1d82d53984382aa68c,審議状況（本会議 3月24日 少数意見の報告）,第17号議案介護保険条例の一部を改正する条例について、杉山直子委員と私、佐藤佳一は、本議案に反対し、福祉健康委員会の決定に対し、少数意見を留保しましたので、報告します,supported,75e8f25ccc0c45c8c9cbbfeaccc66f2cb3abffdab6daed105003e54080753421
shinjuku-2026-r1-gian-17,hard,content,OA17-H-16,条例改正の背景として、2025年度税制改正により給与所得控除の最低保障額が55万円から65万円に引き上げられ、控除額が10万円上がって65万円に拡大されたと述べた,https://ssp.kaigiroku.net/tenant/shinjuku/MinuteView.html?council_id=3163&schedule_id=5&minute_id=33,834ef263280695fa890d4b6c2c79b796ff102bc12609ab1d82d53984382aa68c,審議状況（本会議 3月24日 少数意見の報告）,この条例は、2025年度税制改正により、給与所得控除の最低保障額が55万円から65万円に引き上げられたことにより、控除額が10万円上がり、65万円に拡大されました,supported,75e8f25ccc0c45c8c9cbbfeaccc66f2cb3abffdab6daed105003e54080753421
shinjuku-2026-r1-gian-17,hard,content,OA17-H-17,該当する人は介護保険料が低い段階に下がるとして、その人数を「620数人いるとのことです」と述べた,https://ssp.kaigiroku.net/tenant/shinjuku/MinuteView.html?council_id=3163&schedule_id=5&minute_id=33,834ef263280695fa890d4b6c2c79b796ff102bc12609ab1d82d53984382aa68c,審議状況（本会議 3月24日 少数意見の報告）,この改正に伴い、介護保険料が低い段階に下がる人が620数人いるとのことです,supported,75e8f25ccc0c45c8c9cbbfeaccc66f2cb3abffdab6daed105003e54080753421
shinjuku-2026-r1-gian-17,hard,content,OA17-H-18,国が保険料収入が減るため施行令を改定し、現行のままの保険料になるようにしたことを取り上げた,https://ssp.kaigiroku.net/tenant/shinjuku/MinuteView.html?council_id=3163&schedule_id=5&minute_id=33,834ef263280695fa890d4b6c2c79b796ff102bc12609ab1d82d53984382aa68c,審議状況（本会議 3月24日 少数意見の報告）,国は保険料収入が減るため、施行令を改定して、現行のままの保険料になるようにしてしまう,supported,75e8f25ccc0c45c8c9cbbfeaccc66f2cb3abffdab6daed105003e54080753421
shinjuku-2026-r1-gian-17,hard,content,OA17-H-19,質疑の中で、23区の区長会がこの国の対応に異論を出し、被保険者の理解は得られないとする要望書を国に提出したことが明らかになったと述べた,https://ssp.kaigiroku.net/tenant/shinjuku/MinuteView.html?council_id=3163&schedule_id=5&minute_id=33,834ef263280695fa890d4b6c2c79b796ff102bc12609ab1d82d53984382aa68c,審議状況（本会議 3月24日 少数意見の報告）,質疑の中で、23区の区長会では、このような国の対応に異論が出て、被保険者の理解は得られないとする要望書を国に提出したことが明らかになりました,supported,75e8f25ccc0c45c8c9cbbfeaccc66f2cb3abffdab6daed105003e54080753421
shinjuku-2026-r1-gian-17,hard,content,OA17-H-20,新宿区や23区の姿勢と努力は、区民の立場に立って要望したものであり評価できると述べた,https://ssp.kaigiroku.net/tenant/shinjuku/MinuteView.html?council_id=3163&schedule_id=5&minute_id=33,834ef263280695fa890d4b6c2c79b796ff102bc12609ab1d82d53984382aa68c,審議状況（本会議 3月24日 少数意見の報告）,今回の新宿区や23区の姿勢と努力は、区民の立場に立って要望したことであり、その努力は評価できます,supported,75e8f25ccc0c45c8c9cbbfeaccc66f2cb3abffdab6daed105003e54080753421
shinjuku-2026-r1-gian-17,hard,content,OA17-H-21,国のやり方に抗議する意味で反対すると述べた,https://ssp.kaigiroku.net/tenant/shinjuku/MinuteView.html?council_id=3163&schedule_id=5&minute_id=33,834ef263280695fa890d4b6c2c79b796ff102bc12609ab1d82d53984382aa68c,審議状況（本会議 3月24日 少数意見の報告）,国のなりふり構わない、このようなやり方に抗議する意味で、反対します,supported,75e8f25ccc0c45c8c9cbbfeaccc66f2cb3abffdab6daed105003e54080753421
shinjuku-2026-r1-gian-17,hard,content,OA17-H-22,附則に次の2条を加える。,https://www.city.shinjuku.lg.jp/content/000448433.pdf,6046c4988056b12f1ad5f7bd1ad01c3a52c4a79518ccd5414d72e1ca03b8ccdf,附則,附則に次の2条を加える,supported,75e8f25ccc0c45c8c9cbbfeaccc66f2cb3abffdab6daed105003e54080753421
shinjuku-2026-r1-gian-17,hard,content,OA17-H-23,附則第10条（見出し） / 令和8年度の保険料率の算定に関する所得の額の算定方法の特例,https://www.city.shinjuku.lg.jp/content/000448433.pdf,6046c4988056b12f1ad5f7bd1ad01c3a52c4a79518ccd5414d72e1ca03b8ccdf,附則第10条（見出し）,（令和8年度の保険料率の算定に関する所得の額の算定方法の特例）,supported,75e8f25ccc0c45c8c9cbbfeaccc66f2cb3abffdab6daed105003e54080753421
shinjuku-2026-r1-gian-17,hard,content,OA17-H-24,附則第10条 対象者 / 区内に住所を有する第1号被保険者のうち、令和7年の合計所得金額に給与所得が含まれている者,https://www.city.shinjuku.lg.jp/content/000448433.pdf,6046c4988056b12f1ad5f7bd1ad01c3a52c4a79518ccd5414d72e1ca03b8ccdf,附則第10条第1項,第1号被保険者（令和8年度分の保険料の賦課期日において区の区域内（以下「区内」という。）に住所を有しない者を除き、同年度分の地方税法の規定による特別区民税の賦課期日において区内に住所を有する者,supported,75e8f25ccc0c45c8c9cbbfeaccc66f2cb3abffdab6daed105003e54080753421
shinjuku-2026-r1-gian-17,hard,content,OA17-H-25,附則第10条 適用先 / 本則第11条第1項（第6号ア〜第17号アに係る部分に限る。）の「合計所得金額をいい」の読替え,https://www.city.shinjuku.lg.jp/content/000448433.pdf,6046c4988056b12f1ad5f7bd1ad01c3a52c4a79518ccd5414d72e1ca03b8ccdf,附則第10条第1項,第11条第1項（第6号ア、第7号ア、第8号ア、第9号ア、第10号ア、第11号ア、第12号ア、第13号ア、第14号ア、第15号ア、第16号ア及び第17号アに係る部分に限る。）の規定の適用については、同項第6号ア中「合計所得金額をいい」とあるのは,supported,75e8f25ccc0c45c8c9cbbfeaccc66f2cb3abffdab6daed105003e54080753421
shinjuku-2026-r1-gian-17,hard,content,OA17-H-26,"第1項（収入金額55万1,000円以上65万1,000円未満） / 所得税法第28条第2項の規定によって計算した金額に、令和7年中の給与等の収入金額から55万円を控除して得た額を加えた額",https://www.city.shinjuku.lg.jp/content/000448433.pdf,6046c4988056b12f1ad5f7bd1ad01c3a52c4a79518ccd5414d72e1ca03b8ccdf,附則第10条第1項,"令和7年の合計所得金額に給与所得が含まれている者（同年中の給与等…の収入金額が55万1,000円以上65万1,000円未満である者に限る。）…同条第2項の規定によって計算した金額に令和7年中の同条第1項に規定する給与等の収入金額から55万円を控除して得た額を加えた額によるものとし",supported,75e8f25ccc0c45c8c9cbbfeaccc66f2cb3abffdab6daed105003e54080753421
shinjuku-2026-r1-gian-17,hard,content,OA17-H-27,"第2項（収入金額65万1,000円以上161万9,000円未満） / 同項の規定によって計算した金額に10万円を加えた額",https://www.city.shinjuku.lg.jp/content/000448433.pdf,6046c4988056b12f1ad5f7bd1ad01c3a52c4a79518ccd5414d72e1ca03b8ccdf,附則第10条第2項,"令和7年の合計所得金額に給与所得が含まれている者（同年中の給与等の収入金額が65万1,000円以上161万9,000円未満である者に限る。）…同条第2項の規定によって計算した金額に10万円を加えた額によるものとし",supported,75e8f25ccc0c45c8c9cbbfeaccc66f2cb3abffdab6daed105003e54080753421
shinjuku-2026-r1-gian-17,hard,content,OA17-H-28,"第3項（収入金額161万9,000円以上190万円未満） / 同項の規定によって計算した金額に、65万円から、収入金額から改正前の所得税法別表第5で求めた給与所得控除後の給与等の金額を控除して得た額を控除して得た額を加えた額",https://www.city.shinjuku.lg.jp/content/000448433.pdf,6046c4988056b12f1ad5f7bd1ad01c3a52c4a79518ccd5414d72e1ca03b8ccdf,附則第10条第3項,"令和7年の合計所得金額に給与所得が含まれている者（同年中の給与等の収入金額が161万9,000円以上190万円未満である者に限る。）…同条第2項の規定によって計算した金額に65万円から、令和7年中の同条第1項に規定する給与等の収入金額から当該給与等の収入金額を所得税法等の一部を改正する法律（令和7年法律第13号）第1条の規定による改正前の所得税法別表第5の給与等の金額として、同表により当該金額に応じて求めた同表の給与所得控除後の給与等の金額を控除して得た額を控除して得た額を加えた額によるものとし",supported,75e8f25ccc0c45c8c9cbbfeaccc66f2cb3abffdab6daed105003e54080753421
shinjuku-2026-r1-gian-17,hard,content,OA17-H-29,附則第11条（見出し） / 令和8年度の保険料率の算定に関する基準の特例,https://www.city.shinjuku.lg.jp/content/000448433.pdf,6046c4988056b12f1ad5f7bd1ad01c3a52c4a79518ccd5414d72e1ca03b8ccdf,附則第11条（見出し）,（令和8年度の保険料率の算定に関する基準の特例）,supported,75e8f25ccc0c45c8c9cbbfeaccc66f2cb3abffdab6daed105003e54080753421
shinjuku-2026-r1-gian-17,hard,content,OA17-H-30,第11条第1項 / 世帯主及び全ての世帯員のうちに、第1号に該当し、かつ第2号又は第3号に該当する者があるときは、その者は令和8年度分の特別区民税が課されている者とみなす,https://www.city.shinjuku.lg.jp/content/000448433.pdf,6046c4988056b12f1ad5f7bd1ad01c3a52c4a79518ccd5414d72e1ca03b8ccdf,附則第11条第1項,当該第1号被保険者の属する世帯の世帯主及び全ての世帯員のうちに、第1号に掲げる者に該当し、かつ、第2号又は第3号に掲げる者のいずれかに該当する者があるときは、当該該当する者は、同年度分の地方税法の規定による特別区民税が課されている者とみなす,supported,75e8f25ccc0c45c8c9cbbfeaccc66f2cb3abffdab6daed105003e54080753421
shinjuku-2026-r1-gian-17,hard,content,OA17-H-31,第11条第2項 / 第1号被保険者が、第1項第1号に該当し、かつ同項第2号又は第3号に該当するときは、令和8年度分の特別区民税が課されている者とみなす,https://www.city.shinjuku.lg.jp/content/000448433.pdf,6046c4988056b12f1ad5f7bd1ad01c3a52c4a79518ccd5414d72e1ca03b8ccdf,附則第11条第2項,当該第1号被保険者が前項第1号に掲げる者に該当し、かつ、同項第2号又は第3号に掲げる者のいずれかに該当するときは、当該第1号被保険者は、同年度分の地方税法の規定による特別区民税が課されている者とみなす,supported,75e8f25ccc0c45c8c9cbbfeaccc66f2cb3abffdab6daed105003e54080753421
shinjuku-2026-r1-gian-17,hard,content,OA17-H-32,第1号: 令和7年の合計所得金額に給与所得が含まれ、令和8年度分の特別区民税の賦課期日に区内に住所を有する者,https://www.city.shinjuku.lg.jp/content/000448433.pdf,6046c4988056b12f1ad5f7bd1ad01c3a52c4a79518ccd5414d72e1ca03b8ccdf,附則第11条第1項第1号,令和7年の合計所得金額に給与所得が含まれている者（令和8年度分の保険料の賦課期日において区内に住所を有しない者を除く。）であって、同年度分の地方税法の規定による特別区民税の賦課期日において区内に住所を有するもの,supported,75e8f25ccc0c45c8c9cbbfeaccc66f2cb3abffdab6daed105003e54080753421
shinjuku-2026-r1-gian-17,hard,content,OA17-H-33,第2号: 地方税法第295条第1項第2号に掲げる者で、令和8年度分の特別区民税が課されていない者のうち、次のア〜ウのいずれかに該当するもの,https://www.city.shinjuku.lg.jp/content/000448433.pdf,6046c4988056b12f1ad5f7bd1ad01c3a52c4a79518ccd5414d72e1ca03b8ccdf,附則第11条第1項第2号,地方税法第295条第1項第2号に掲げる者に該当し、かつ、令和8年度分の同法の規定による特別区民税が課されていない者であって、次のアからウまでに掲げる場合のいずれかに該当するもの,supported,75e8f25ccc0c45c8c9cbbfeaccc66f2cb3abffdab6daed105003e54080753421
shinjuku-2026-r1-gian-17,hard,content,OA17-H-34,"第2号ア: 収入金額が55万1,000円以上65万1,000円未満で、135万円から令和7年の合計所得金額を控除した額が、収入金額から55万円を控除した額以下である場合",https://www.city.shinjuku.lg.jp/content/000448433.pdf,6046c4988056b12f1ad5f7bd1ad01c3a52c4a79518ccd5414d72e1ca03b8ccdf,附則第11条第1項第2号ア,"令和7年中の給与等の収入金額が55万1,000円以上65万1,000円未満であり、かつ、135万円から同年の合計所得金額を控除して得た額が、同年中の給与等の収入金額から55万円を控除して得た額以下である場合",supported,75e8f25ccc0c45c8c9cbbfeaccc66f2cb3abffdab6daed105003e54080753421
shinjuku-2026-r1-gian-17,hard,content,OA17-H-35,"第2号イ: 収入金額が65万1,000円以上161万9,000円未満で、135万円から合計所得金額を控除した額が10万円以下である場合",https://www.city.shinjuku.lg.jp/content/000448433.pdf,6046c4988056b12f1ad5f7bd1ad01c3a52c4a79518ccd5414d72e1ca03b8ccdf,附則第11条第1項第2号イ,"令和7年中の給与等の収入金額が65万1,000円以上161万9,000円未満であり、かつ、135万円から同年の合計所得金額を控除して得た額が10万円以下である場合",supported,75e8f25ccc0c45c8c9cbbfeaccc66f2cb3abffdab6daed105003e54080753421
shinjuku-2026-r1-gian-17,hard,content,OA17-H-36,第3号: 地方税法第295条第1項各号に掲げる者に該当せず、令和8年度分の特別区民税が課されていない者のうち、次のア〜ウのいずれかに該当するもの,https://www.city.shinjuku.lg.jp/content/000448433.pdf,6046c4988056b12f1ad5f7bd1ad01c3a52c4a79518ccd5414d72e1ca03b8ccdf,附則第11条第1項第3号,地方税法第295条第1項各号に掲げる者に該当せず、かつ、令和8年度分の同法の規定による特別区民税が課されていない者であって、次のアからウまでに掲げる場合のいずれかに該当するもの,supported,75e8f25ccc0c45c8c9cbbfeaccc66f2cb3abffdab6daed105003e54080753421
shinjuku-2026-r1-gian-17,hard,content,OA17-H-37,第3号ア: 非課税限度額（新宿区特別区税条例第10条第2項に規定する金額）から令和7年の合計所得金額を控除した額が、収入金額から55万円を控除した額以下である場合,https://www.city.shinjuku.lg.jp/content/000448433.pdf,6046c4988056b12f1ad5f7bd1ad01c3a52c4a79518ccd5414d72e1ca03b8ccdf,附則第11条第1項第3号ア,新宿区特別区税条例（昭和39年新宿区条例第57号）第10条第2項に規定する金額（以下「非課税限度額」という。）から令和7年の合計所得金額を控除して得た額が、同年中の給与等の収入金額から55万円を控除して得た額以下である場合,supported,75e8f25ccc0c45c8c9cbbfeaccc66f2cb3abffdab6daed105003e54080753421
shinjuku-2026-r1-gian-17,hard,content,OA17-H-38,令和7年度税制改正を踏まえた介護保険法施行令の改正に伴い、当該税制改正の影響により介護保険料の段階が変わり得る者について、当該税制改正前と同様の介護保険料の段階の判定となるよう令和8年度の介護保険料の段階の判定に関する合計所得金額の計算方法の特例措置等を設ける。,https://www.city.shinjuku.lg.jp/content/000447774.pdf,1dc3eaffcafb1b1c9e139e823182dc80dc0755624813ca87d8b274d15f5b6624,第17号議案,令和7年度税制改正を踏まえた介護保険法施行令の改正に伴…い、当該税制改正の影響により介護保険料の段階が変わり得る…者について、当該税制改正前と同様の介護保険料の段階の判定…となるよう令和8年度の介護保険料の段階の判定に関する合計…所得金額の計算方法の特例措置等を設ける,supported,75e8f25ccc0c45c8c9cbbfeaccc66f2cb3abffdab6daed105003e54080753421
shinjuku-2026-r1-gian-17,hard,content,OA17-H-39,「議案の概要と審議結果」も同旨の概要を記載している。,https://www.city.shinjuku.lg.jp/content/000452334.pdf,22ba4f49b18c96bd1fa26241606257c05477f38e25ac46d6f8e4f416a2cedbf2,第17号議案（議案の概要）,令和7年度税制改正を踏まえた『介護保険法施行令』の改正に伴い、当該税制改正の影響により介護保険料の段階が変わり得る者について、当該税制改正前と同様の介護保険料の段階の判定となるよう令和8年度の介護保険料の段階の判定に関する合計所得金額の計,supported,75e8f25ccc0c45c8c9cbbfeaccc66f2cb3abffdab6daed105003e54080753421
shinjuku-2026-r1-gian-17,hard,content,OA17-H-40,この条例は、令和8年4月1日から施行する。,https://www.city.shinjuku.lg.jp/content/000448433.pdf,6046c4988056b12f1ad5f7bd1ad01c3a52c4a79518ccd5414d72e1ca03b8ccdf,附則（施行期日）,この条例は、令和8年4月1日から施行する,supported,75e8f25ccc0c45c8c9cbbfeaccc66f2cb3abffdab6daed105003e54080753421
shinjuku-2026-r1-gian-17,hard,content,OA17-H-41,特例は令和8年度の保険料率の算定に関するもので、附則に別の経過措置の規定は置かれていない。,https://www.city.shinjuku.lg.jp/content/000448433.pdf,6046c4988056b12f1ad5f7bd1ad01c3a52c4a79518ccd5414d72e1ca03b8ccdf,附則第10条（見出し）,（令和8年度の保険料率の算定に関する所得の額の算定方法の特例）,supported,75e8f25ccc0c45c8c9cbbfeaccc66f2cb3abffdab6daed105003e54080753421
shinjuku-2026-r1-gian-17,hard,content,OA17-H-42,第17号議案 全文 / https://www.city.shinjuku.lg.jp/content/000448433.pdf / 6046c4988056b12f1ad5f7bd1ad01c3a52c4a79518ccd5414d72e1ca03b8ccdf,https://www.city.shinjuku.lg.jp/content/000448433.pdf,6046c4988056b12f1ad5f7bd1ad01c3a52c4a79518ccd5414d72e1ca03b8ccdf,件名,新宿区介護保険条例の一部を改正する条例,supported,75e8f25ccc0c45c8c9cbbfeaccc66f2cb3abffdab6daed105003e54080753421
shinjuku-2026-r1-gian-17,hard,content,OA17-H-43,提出案件概要（条例関係） / https://www.city.shinjuku.lg.jp/content/000447774.pdf / 1dc3eaffcafb1b1c9e139e823182dc80dc0755624813ca87d8b274d15f5b6624,https://www.city.shinjuku.lg.jp/content/000447774.pdf,1dc3eaffcafb1b1c9e139e823182dc80dc0755624813ca87d8b274d15f5b6624,提出案件概要（条例関係）,第1回区議会定例会提出案件概要…（条例関係）,supported,75e8f25ccc0c45c8c9cbbfeaccc66f2cb3abffdab6daed105003e54080753421
shinjuku-2026-r1-gian-17,hard,content,OA17-H-44,議案の概要と審議結果 / https://www.city.shinjuku.lg.jp/content/000452334.pdf / 22ba4f49b18c96bd1fa26241606257c05477f38e25ac46d6f8e4f416a2cedbf2,https://www.city.shinjuku.lg.jp/content/000452334.pdf,22ba4f49b18c96bd1fa26241606257c05477f38e25ac46d6f8e4f416a2cedbf2,議案の概要と審議結果,議案の概要と審議結果,supported,75e8f25ccc0c45c8c9cbbfeaccc66f2cb3abffdab6daed105003e54080753421
shinjuku-2026-r1-gian-17,hard,content,OA17-H-45,議決結果ページ（2026-10-04 取得） / https://www.city.shinjuku.lg.jp/kusei/soumu01_002090_00015.html / 7c2b6f68db1b433b860b35d176b4dd9211e78582ec9de718fcfefe68b22d896a,https://www.city.shinjuku.lg.jp/kusei/soumu01_002090_00015.html,7c2b6f68db1b433b860b35d176b4dd9211e78582ec9de718fcfefe68b22d896a,審議状況（議決結果ページ）,第17号議案新宿区介護保険条例の一部を改正する条例原案可決,supported,75e8f25ccc0c45c8c9cbbfeaccc66f2cb3abffdab6daed105003e54080753421
shinjuku-2026-r1-gian-17,hard,content,OA17-H-46,会議録 3月24日 議長（委員会審査報告・少数意見の許可） / https://ssp.kaigiroku.net/tenant/shinjuku/MinuteView.html?council_id=3163&schedule_id=5&minute_id=32 / 552b32fe46d9258940407f8537d64d9f9ee29293515e17e4dff8c9aed2a52352,https://ssp.kaigiroku.net/tenant/shinjuku/MinuteView.html?council_id=3163&schedule_id=5&minute_id=32,552b32fe46d9258940407f8537d64d9f9ee29293515e17e4dff8c9aed2a52352,審議状況（本会議 3月24日 議長）,福祉健康委員会審査報告書は、可決です…少数意見を口頭で報告するとの申出があります…20番佐藤佳一議員,supported,75e8f25ccc0c45c8c9cbbfeaccc66f2cb3abffdab6daed105003e54080753421
shinjuku-2026-r1-gian-17,hard,content,OA17-H-47,会議録 3月24日 少数意見の報告 / https://ssp.kaigiroku.net/tenant/shinjuku/MinuteView.html?council_id=3163&schedule_id=5&minute_id=33 / 834ef263280695fa890d4b6c2c79b796ff102bc12609ab1d82d53984382aa68c,https://ssp.kaigiroku.net/tenant/shinjuku/MinuteView.html?council_id=3163&schedule_id=5&minute_id=33,834ef263280695fa890d4b6c2c79b796ff102bc12609ab1d82d53984382aa68c,審議状況（本会議 3月24日 少数意見の報告）,第17号議案介護保険条例の一部を改正する条例について、杉山直子委員と私、佐藤佳一は、本議案に反対し、福祉健康委員会の決定に対し、少数意見を留保しましたので、報告します,supported,75e8f25ccc0c45c8c9cbbfeaccc66f2cb3abffdab6daed105003e54080753421
shinjuku-2026-r1-gian-17,hard,content,OA17-H-48,会議録 3月24日 議長（採決方法） / https://ssp.kaigiroku.net/tenant/shinjuku/MinuteView.html?council_id=3163&schedule_id=5&minute_id=34 / 55f4562f1a0e3dc939c80cc61b57cc1c7b9d620719d08de29928d081ed2fae96,https://ssp.kaigiroku.net/tenant/shinjuku/MinuteView.html?council_id=3163&schedule_id=5&minute_id=34,55f4562f1a0e3dc939c80cc61b57cc1c7b9d620719d08de29928d081ed2fae96,審議状況（本会議 3月24日 議長）,起立により採決します…賛成の方は御起立願います,supported,75e8f25ccc0c45c8c9cbbfeaccc66f2cb3abffdab6daed105003e54080753421
shinjuku-2026-r1-gian-17,hard,content,OA17-H-49,会議録 3月24日 議長（採決結果） / https://ssp.kaigiroku.net/tenant/shinjuku/MinuteView.html?council_id=3163&schedule_id=5&minute_id=35 / 0405f4221f73a11b0034c2a81abc651c7799688051fdfb5441349221a4be563a,https://ssp.kaigiroku.net/tenant/shinjuku/MinuteView.html?council_id=3163&schedule_id=5&minute_id=35,0405f4221f73a11b0034c2a81abc651c7799688051fdfb5441349221a4be563a,審議状況（本会議 3月24日 議長）,起立多数と認めます。本案は、委員会審査報告のとおり可決されました,supported,75e8f25ccc0c45c8c9cbbfeaccc66f2cb3abffdab6daed105003e54080753421
shinjuku-2026-r1-gian-18,easy,title,OA18-ET-01,見出し: 過料の 決まりに 乳児等の 支援給付を 足します,https://www.city.shinjuku.lg.jp/content/000448434.pdf,fd7898eb8ef9cc9ecf7c59845dbb222410f7dce8bb5e325a3130a8cf48e69845,（提案理由）,子ども・子育て支援法等の一部を改正する法律（令和6年法律第47号）の一部の施行による子ども・子育て支援法（平成24年法律第65号）の改正に伴い、乳児等のための支援給付に関し正当な理由なしに報告等に係る違反行為を行った者を過料に処する必要があるため,supported,356ddfb434915dfe6ea36b4408633ff4acb1ff77b787765c279634a004e58641
shinjuku-2026-r1-gian-18,easy,summary,OA18-ES-01,要約: 子ども・子育て支援法の 改正に 合わせて 条例を 変えます。,https://www.city.shinjuku.lg.jp/content/000448434.pdf,fd7898eb8ef9cc9ecf7c59845dbb222410f7dce8bb5e325a3130a8cf48e69845,（提案理由）,子ども・子育て支援法等の一部を改正する法律（令和6年法律第47号）の一部の施行による子ども・子育て支援法（平成24年法律第65号）の改正に伴い、乳児等のための支援給付に関し正当な理由なしに報告等に係る違反行為を行った者を過料に処する必要があるため,supported,356ddfb434915dfe6ea36b4408633ff4acb1ff77b787765c279634a004e58641
shinjuku-2026-r1-gian-18,easy,summary,OA18-ES-02,要約: 乳児等の ための 支援給付に ついても 過料の 対象に します。,https://www.city.shinjuku.lg.jp/content/000448434.pdf,fd7898eb8ef9cc9ecf7c59845dbb222410f7dce8bb5e325a3130a8cf48e69845,（提案理由）,子ども・子育て支援法等の一部を改正する法律（令和6年法律第47号）の一部の施行による子ども・子育て支援法（平成24年法律第65号）の改正に伴い、乳児等のための支援給付に関し正当な理由なしに報告等に係る違反行為を行った者を過料に処する必要があるため,supported,356ddfb434915dfe6ea36b4408633ff4acb1ff77b787765c279634a004e58641
shinjuku-2026-r1-gian-18,easy,summary,OA18-ES-03,要約: 2026年（令和8年）4月1日（水）から 始まります。,https://www.city.shinjuku.lg.jp/content/000448434.pdf,fd7898eb8ef9cc9ecf7c59845dbb222410f7dce8bb5e325a3130a8cf48e69845,附則（施行期日）,この条例は、令和8年4月1日から施行する,supported,356ddfb434915dfe6ea36b4408633ff4acb1ff77b787765c279634a004e58641
shinjuku-2026-r1-gian-18,easy,content,OA18-E-01,【新宿区子ども・子育て支援法に基づく過料に関する条例】［しんじゅくくこどもこそだてしえんほうにもとづくかりょうにかんするじょうれい］（＝子ども・子育て支援法に 関する 決まり）を 変えます。,https://www.city.shinjuku.lg.jp/content/000448434.pdf,fd7898eb8ef9cc9ecf7c59845dbb222410f7dce8bb5e325a3130a8cf48e69845,改め文,新宿区子ども・子育て支援法に基づく過料に関する条例（平成27年新宿区条例第23号）の一部を次のように改正する,supported,356ddfb434915dfe6ea36b4408633ff4acb1ff77b787765c279634a004e58641
shinjuku-2026-r1-gian-18,easy,content,OA18-E-02,対象は 平成27年 新宿区条例 第23号です。,https://www.city.shinjuku.lg.jp/content/000448434.pdf,fd7898eb8ef9cc9ecf7c59845dbb222410f7dce8bb5e325a3130a8cf48e69845,改め文,新宿区子ども・子育て支援法に基づく過料に関する条例（平成27年新宿区条例第23号）の一部を次のように改正する,supported,356ddfb434915dfe6ea36b4408633ff4acb1ff77b787765c279634a004e58641
shinjuku-2026-r1-gian-18,easy,content,OA18-E-03,子ども・子育て支援法が 改正されました。,https://www.city.shinjuku.lg.jp/content/000448434.pdf,fd7898eb8ef9cc9ecf7c59845dbb222410f7dce8bb5e325a3130a8cf48e69845,（提案理由）,子ども・子育て支援法等の一部を改正する法律（令和6年法律第47号）の一部の施行による子ども・子育て支援法（平成24年法律第65号）の改正に伴い、乳児等のための支援給付に関し正当な理由なしに報告等に係る違反行為を行った者を過料に処する必要があるため,supported,356ddfb434915dfe6ea36b4408633ff4acb1ff77b787765c279634a004e58641
shinjuku-2026-r1-gian-18,easy,content,OA18-E-04,そのため 区の 条例も 変えます。,https://www.city.shinjuku.lg.jp/content/000448434.pdf,fd7898eb8ef9cc9ecf7c59845dbb222410f7dce8bb5e325a3130a8cf48e69845,（提案理由）,子ども・子育て支援法等の一部を改正する法律（令和6年法律第47号）の一部の施行による子ども・子育て支援法（平成24年法律第65号）の改正に伴い、乳児等のための支援給付に関し正当な理由なしに報告等に係る違反行為を行った者を過料に処する必要があるため,supported,356ddfb434915dfe6ea36b4408633ff4acb1ff77b787765c279634a004e58641
shinjuku-2026-r1-gian-18,easy,content,OA18-E-05,乳児等の ための 支援給付に ついて 決まりを 足します。,https://www.city.shinjuku.lg.jp/content/000448434.pdf,fd7898eb8ef9cc9ecf7c59845dbb222410f7dce8bb5e325a3130a8cf48e69845,（提案理由）,子ども・子育て支援法等の一部を改正する法律（令和6年法律第47号）の一部の施行による子ども・子育て支援法（平成24年法律第65号）の改正に伴い、乳児等のための支援給付に関し正当な理由なしに報告等に係る違反行為を行った者を過料に処する必要があるため,supported,356ddfb434915dfe6ea36b4408633ff4acb1ff77b787765c279634a004e58641
shinjuku-2026-r1-gian-18,easy,content,OA18-E-06,正当な 理由なく 報告などの 違反を した 人は【過料】［かりょう］（＝決まりを 守らない 人に 科す お金）の 対象です。,https://www.city.shinjuku.lg.jp/content/000448434.pdf,fd7898eb8ef9cc9ecf7c59845dbb222410f7dce8bb5e325a3130a8cf48e69845,（提案理由）,子ども・子育て支援法等の一部を改正する法律（令和6年法律第47号）の一部の施行による子ども・子育て支援法（平成24年法律第65号）の改正に伴い、乳児等のための支援給付に関し正当な理由なしに報告等に係る違反行為を行った者を過料に処する必要があるため,supported,356ddfb434915dfe6ea36b4408633ff4acb1ff77b787765c279634a004e58641
shinjuku-2026-r1-gian-18,easy,content,OA18-E-07,区の 資料に よると 新しい 事業が 始まります。,https://www.city.shinjuku.lg.jp/content/000447774.pdf,1dc3eaffcafb1b1c9e139e823182dc80dc0755624813ca87d8b274d15f5b6624,第18号議案,子ども・子育て支援法の改正により、新たに特定乳児等通園…支援事業が開始されることに伴い、当該事業に係る命令等に関…し違反した者を過料に処する対象に加える,supported,356ddfb434915dfe6ea36b4408633ff4acb1ff77b787765c279634a004e58641
shinjuku-2026-r1-gian-18,easy,content,OA18-E-08,それは 特定乳児等通園支援事業です。,https://www.city.shinjuku.lg.jp/content/000447774.pdf,1dc3eaffcafb1b1c9e139e823182dc80dc0755624813ca87d8b274d15f5b6624,第18号議案,子ども・子育て支援法の改正により、新たに特定乳児等通園…支援事業が開始されることに伴い、当該事業に係る命令等に関…し違反した者を過料に処する対象に加える,supported,356ddfb434915dfe6ea36b4408633ff4acb1ff77b787765c279634a004e58641
shinjuku-2026-r1-gian-18,easy,content,OA18-E-09,この 事業に 係る 命令などに 違反した 人も 過料の 対象に 加えます。,https://www.city.shinjuku.lg.jp/content/000447774.pdf,1dc3eaffcafb1b1c9e139e823182dc80dc0755624813ca87d8b274d15f5b6624,第18号議案,子ども・子育て支援法の改正により、新たに特定乳児等通園…支援事業が開始されることに伴い、当該事業に係る命令等に関…し違反した者を過料に処する対象に加える,supported,356ddfb434915dfe6ea36b4408633ff4acb1ff77b787765c279634a004e58641
shinjuku-2026-r1-gian-18,easy,content,OA18-E-10,条例の 第2条を 変えます。,https://www.city.shinjuku.lg.jp/content/000448434.pdf,fd7898eb8ef9cc9ecf7c59845dbb222410f7dce8bb5e325a3130a8cf48e69845,第2条第1項・第2項,第2条第1項及び第2項中「第30条の3」の次に「及び第30条の13」を加え,supported,356ddfb434915dfe6ea36b4408633ff4acb1ff77b787765c279634a004e58641
shinjuku-2026-r1-gian-18,easy,content,OA18-E-11,第1項と 第2項に「及び第30条の13」を 足します,https://www.city.shinjuku.lg.jp/content/000448434.pdf,fd7898eb8ef9cc9ecf7c59845dbb222410f7dce8bb5e325a3130a8cf48e69845,第2条第1項・第2項,第2条第1項及び第2項中「第30条の3」の次に「及び第30条の13」を加え,supported,356ddfb434915dfe6ea36b4408633ff4acb1ff77b787765c279634a004e58641
shinjuku-2026-r1-gian-18,easy,content,OA18-E-12,第3項に「第30条の18 第2項」を 足します,https://www.city.shinjuku.lg.jp/content/000448434.pdf,fd7898eb8ef9cc9ecf7c59845dbb222410f7dce8bb5e325a3130a8cf48e69845,第2条第3項,同条第3項中「又は第24条第2項」を「、第24条第2項又は第30条の18第2項」に改め,supported,356ddfb434915dfe6ea36b4408633ff4acb1ff77b787765c279634a004e58641
shinjuku-2026-r1-gian-18,easy,content,OA18-E-13,第3項に「乳児等支援支給認定証」を 足します,https://www.city.shinjuku.lg.jp/content/000448434.pdf,fd7898eb8ef9cc9ecf7c59845dbb222410f7dce8bb5e325a3130a8cf48e69845,第2条第3項,「いう。）」の次に「又は乳児等支援支給認定証（法第30条の15第3項に規定する乳児等支援支給認定証をいう。）」を加える,supported,356ddfb434915dfe6ea36b4408633ff4acb1ff77b787765c279634a004e58641
shinjuku-2026-r1-gian-18,easy,content,OA18-E-14,2026年（令和8年）4月1日（水）から 始まります。,https://www.city.shinjuku.lg.jp/content/000448434.pdf,fd7898eb8ef9cc9ecf7c59845dbb222410f7dce8bb5e325a3130a8cf48e69845,附則（施行期日）,この条例は、令和8年4月1日から施行する,supported,356ddfb434915dfe6ea36b4408633ff4acb1ff77b787765c279634a004e58641
shinjuku-2026-r1-gian-18,easy,content,OA18-E-15,【原案可決】［げんあんかけつ］（＝出した 通りの 内容で 決まること）です。,https://www.city.shinjuku.lg.jp/kusei/soumu01_002090_00015.html,7c2b6f68db1b433b860b35d176b4dd9211e78582ec9de718fcfefe68b22d896a,審議状況（議決結果ページ）,第18号議案新宿区子ども・子育て支援法に基づく過料に関する条例の一部を改正する条例原案可決,supported,356ddfb434915dfe6ea36b4408633ff4acb1ff77b787765c279634a004e58641
shinjuku-2026-r1-gian-18,easy,content,OA18-E-16,2026年（令和8年）の 第1回定例会で 決まりました。,https://www.city.shinjuku.lg.jp/content/000452334.pdf,22ba4f49b18c96bd1fa26241606257c05477f38e25ac46d6f8e4f416a2cedbf2,審議状況（会期）,令和８年第１回定例会…２月１７日～３月２４日,supported,356ddfb434915dfe6ea36b4408633ff4acb1ff77b787765c279634a004e58641
shinjuku-2026-r1-gian-18,easy,content,OA18-E-17,会期は 2026年2月17日（火）から 3月24日（火）まででした。,https://www.city.shinjuku.lg.jp/content/000452334.pdf,22ba4f49b18c96bd1fa26241606257c05477f38e25ac46d6f8e4f416a2cedbf2,審議状況（会期）,令和８年第１回定例会…２月１７日～３月２４日,supported,356ddfb434915dfe6ea36b4408633ff4acb1ff77b787765c279634a004e58641
shinjuku-2026-r1-gian-18,easy,content,OA18-E-18,本会議で 決まった 日は 3月24日（火）です。,https://ssp.kaigiroku.net/tenant/shinjuku/MinuteView.html?council_id=3163&schedule_id=5&minute_id=1,bd058d36962b45d8d965e4625bb95ecd661a102a026175213f37ba9eb575424a,審議状況（本会議 3月24日 議長）,令和８年第１回定例会会議録（第４日）第４号…令和８年３月２４日（火曜日）,supported,356ddfb434915dfe6ea36b4408633ff4acb1ff77b787765c279634a004e58641
shinjuku-2026-r1-gian-18,easy,content,OA18-E-19,ほかの 議案と まとめて 議題に なりました。,https://ssp.kaigiroku.net/tenant/shinjuku/MinuteView.html?council_id=3163&schedule_id=5&minute_id=52,ab4537cc101707d2f265c906951c6e03fc7c344e5b7f317a87e433a4d9dc4b65,審議状況（本会議 3月24日 議長）,日程第２２から日程第２６までを一括議題とします,supported,356ddfb434915dfe6ea36b4408633ff4acb1ff77b787765c279634a004e58641
shinjuku-2026-r1-gian-18,easy,content,OA18-E-20,文教子ども家庭委員会の 審査報告書は 可決でした。,https://ssp.kaigiroku.net/tenant/shinjuku/MinuteView.html?council_id=3163&schedule_id=5&minute_id=58,69368f14e256835f225802d7539f39260bf2106b46b6e0ee675d011db724582f,審議状況（本会議 3月24日 議長）,文教子ども家庭委員会審査報告書は、可決です…御異議ありませんか,supported,356ddfb434915dfe6ea36b4408633ff4acb1ff77b787765c279634a004e58641
shinjuku-2026-r1-gian-18,easy,content,OA18-E-21,議長が 異議が ないか たずねました。,https://ssp.kaigiroku.net/tenant/shinjuku/MinuteView.html?council_id=3163&schedule_id=5&minute_id=58,69368f14e256835f225802d7539f39260bf2106b46b6e0ee675d011db724582f,審議状況（本会議 3月24日 議長）,文教子ども家庭委員会審査報告書は、可決です…御異議ありませんか,supported,356ddfb434915dfe6ea36b4408633ff4acb1ff77b787765c279634a004e58641
shinjuku-2026-r1-gian-18,easy,content,OA18-E-22,異議なしと 認められて 可決しました。,https://ssp.kaigiroku.net/tenant/shinjuku/MinuteView.html?council_id=3163&schedule_id=5&minute_id=59,970914f9ce4a28e423e8480a3d4ce175afafafeebd92448698df42d97cb2ec1d,審議状況（本会議 3月24日 議長）,異議なしと認めます…本案は、いずれも委員会審査報告のとおり可決されました,supported,356ddfb434915dfe6ea36b4408633ff4acb1ff77b787765c279634a004e58641
shinjuku-2026-r1-gian-18,easy,content,OA18-E-23,賛成したのは ８つの 会派 すべてです。,https://www.city.shinjuku.lg.jp/content/000452334.pdf,22ba4f49b18c96bd1fa26241606257c05477f38e25ac46d6f8e4f416a2cedbf2,審議状況（議案の概要と審議結果の採決結果行）,た者を過料に処する対象に加える。○○○○○○○○可決,supported,356ddfb434915dfe6ea36b4408633ff4acb1ff77b787765c279634a004e58641
shinjuku-2026-r1-gian-18,normal,title,OA18-NT-01,見出し: 乳児等のための支援給付に関する違反を、過料の対象に加える,https://www.city.shinjuku.lg.jp/content/000448434.pdf,fd7898eb8ef9cc9ecf7c59845dbb222410f7dce8bb5e325a3130a8cf48e69845,（提案理由）,子ども・子育て支援法等の一部を改正する法律（令和6年法律第47号）の一部の施行による子ども・子育て支援法（平成24年法律第65号）の改正に伴い、乳児等のための支援給付に関し正当な理由なしに報告等に係る違反行為を行った者を過料に処する必要があるため,supported,977aed81764eb22ee2f32c78c2a45ac8a4b9c982ba565dc94d19c4c0d4f22050
shinjuku-2026-r1-gian-18,normal,summary,OA18-NS-01,要約: 子ども・子育て支援法の改正に伴い、乳児等のための支援給付に関し正当な理由なしに報告等に係る違反行為を行った者を過料に処する対象を加える条例改正です。,https://www.city.shinjuku.lg.jp/content/000448434.pdf,fd7898eb8ef9cc9ecf7c59845dbb222410f7dce8bb5e325a3130a8cf48e69845,（提案理由）,子ども・子育て支援法等の一部を改正する法律（令和6年法律第47号）の一部の施行による子ども・子育て支援法（平成24年法律第65号）の改正に伴い、乳児等のための支援給付に関し正当な理由なしに報告等に係る違反行為を行った者を過料に処する必要があるため,supported,977aed81764eb22ee2f32c78c2a45ac8a4b9c982ba565dc94d19c4c0d4f22050
shinjuku-2026-r1-gian-18,normal,summary,OA18-NS-02,要約: 施行日は令和8年4月1日です。,https://www.city.shinjuku.lg.jp/content/000448434.pdf,fd7898eb8ef9cc9ecf7c59845dbb222410f7dce8bb5e325a3130a8cf48e69845,附則（施行期日）,この条例は、令和8年4月1日から施行する,supported,977aed81764eb22ee2f32c78c2a45ac8a4b9c982ba565dc94d19c4c0d4f22050
shinjuku-2026-r1-gian-18,normal,content,OA18-N-01,新宿区子ども・子育て支援法に基づく過料に関する条例（平成27年新宿区条例第23号）の改正です。,https://www.city.shinjuku.lg.jp/content/000448434.pdf,fd7898eb8ef9cc9ecf7c59845dbb222410f7dce8bb5e325a3130a8cf48e69845,改め文,新宿区子ども・子育て支援法に基づく過料に関する条例（平成27年新宿区条例第23号）の一部を次のように改正する,supported,977aed81764eb22ee2f32c78c2a45ac8a4b9c982ba565dc94d19c4c0d4f22050
shinjuku-2026-r1-gian-18,normal,content,OA18-N-02,議案本文の提案理由は、子ども・子育て支援法等の一部を改正する法律（令和6年法律第47号）の一部の施行による子ども・子育て支援法（平成24年法律第65号）の改正に伴い、乳児等のための支援給付に関し正当な理由なしに報告等に係る違反行為を行った者を過料に処する必要がある、としています。,https://www.city.shinjuku.lg.jp/content/000448434.pdf,fd7898eb8ef9cc9ecf7c59845dbb222410f7dce8bb5e325a3130a8cf48e69845,（提案理由）,子ども・子育て支援法等の一部を改正する法律（令和6年法律第47号）の一部の施行による子ども・子育て支援法（平成24年法律第65号）の改正に伴い、乳児等のための支援給付に関し正当な理由なしに報告等に係る違反行為を行った者を過料に処する必要があるため,supported,977aed81764eb22ee2f32c78c2a45ac8a4b9c982ba565dc94d19c4c0d4f22050
shinjuku-2026-r1-gian-18,normal,content,OA18-N-03,子ども・子育て支援法の改正により、新たに特定乳児等通園支援事業が開始されることに伴い、当該事業に係る命令等に関し違反した者を過料に処する対象に加える。,https://www.city.shinjuku.lg.jp/content/000447774.pdf,1dc3eaffcafb1b1c9e139e823182dc80dc0755624813ca87d8b274d15f5b6624,第18号議案,子ども・子育て支援法の改正により、新たに特定乳児等通園…支援事業が開始されることに伴い、当該事業に係る命令等に関…し違反した者を過料に処する対象に加える,supported,977aed81764eb22ee2f32c78c2a45ac8a4b9c982ba565dc94d19c4c0d4f22050
shinjuku-2026-r1-gian-18,normal,content,OA18-N-04,改め文は条例の第2条です。,https://www.city.shinjuku.lg.jp/content/000448434.pdf,fd7898eb8ef9cc9ecf7c59845dbb222410f7dce8bb5e325a3130a8cf48e69845,第2条第1項・第2項,第2条第1項及び第2項中「第30条の3」の次に「及び第30条の13」を加え,supported,977aed81764eb22ee2f32c78c2a45ac8a4b9c982ba565dc94d19c4c0d4f22050
shinjuku-2026-r1-gian-18,normal,content,OA18-N-05,第1項・第2項: 「第30条の3」の次に「及び第30条の13」を加えます,https://www.city.shinjuku.lg.jp/content/000448434.pdf,fd7898eb8ef9cc9ecf7c59845dbb222410f7dce8bb5e325a3130a8cf48e69845,第2条第1項・第2項,第2条第1項及び第2項中「第30条の3」の次に「及び第30条の13」を加え,supported,977aed81764eb22ee2f32c78c2a45ac8a4b9c982ba565dc94d19c4c0d4f22050
shinjuku-2026-r1-gian-18,normal,content,OA18-N-06,第3項: 「又は第24条第2項」を「、第24条第2項又は第30条の18第2項」に改めます,https://www.city.shinjuku.lg.jp/content/000448434.pdf,fd7898eb8ef9cc9ecf7c59845dbb222410f7dce8bb5e325a3130a8cf48e69845,第2条第3項,同条第3項中「又は第24条第2項」を「、第24条第2項又は第30条の18第2項」に改め,supported,977aed81764eb22ee2f32c78c2a45ac8a4b9c982ba565dc94d19c4c0d4f22050
shinjuku-2026-r1-gian-18,normal,content,OA18-N-07,第3項: 「いう。）」の次に「又は乳児等支援支給認定証（法第30条の15第3項に規定する乳児等支援支給認定証をいう。）」を加えます,https://www.city.shinjuku.lg.jp/content/000448434.pdf,fd7898eb8ef9cc9ecf7c59845dbb222410f7dce8bb5e325a3130a8cf48e69845,第2条第3項,「いう。）」の次に「又は乳児等支援支給認定証（法第30条の15第3項に規定する乳児等支援支給認定証をいう。）」を加える,supported,977aed81764eb22ee2f32c78c2a45ac8a4b9c982ba565dc94d19c4c0d4f22050
shinjuku-2026-r1-gian-18,normal,content,OA18-N-08,令和8年4月1日（水曜日）から施行されます。,https://www.city.shinjuku.lg.jp/content/000448434.pdf,fd7898eb8ef9cc9ecf7c59845dbb222410f7dce8bb5e325a3130a8cf48e69845,附則（施行期日）,この条例は、令和8年4月1日から施行する,supported,977aed81764eb22ee2f32c78c2a45ac8a4b9c982ba565dc94d19c4c0d4f22050
shinjuku-2026-r1-gian-18,normal,content,OA18-N-09,附則には施行期日だけが定められています。,https://www.city.shinjuku.lg.jp/content/000448434.pdf,fd7898eb8ef9cc9ecf7c59845dbb222410f7dce8bb5e325a3130a8cf48e69845,附則（施行期日）,この条例は、令和8年4月1日から施行する,supported,977aed81764eb22ee2f32c78c2a45ac8a4b9c982ba565dc94d19c4c0d4f22050
shinjuku-2026-r1-gian-18,normal,content,OA18-N-10,令和8年第1回定例会（会期は2月17日から3月24日まで）で審議されました。,https://www.city.shinjuku.lg.jp/content/000452334.pdf,22ba4f49b18c96bd1fa26241606257c05477f38e25ac46d6f8e4f416a2cedbf2,審議状況（会期）,令和８年第１回定例会…２月１７日～３月２４日,supported,977aed81764eb22ee2f32c78c2a45ac8a4b9c982ba565dc94d19c4c0d4f22050
shinjuku-2026-r1-gian-18,normal,content,OA18-N-11,本会議は第4日にあたる3月24日（火曜日）でした。,https://ssp.kaigiroku.net/tenant/shinjuku/MinuteView.html?council_id=3163&schedule_id=5&minute_id=1,bd058d36962b45d8d965e4625bb95ecd661a102a026175213f37ba9eb575424a,審議状況（本会議 3月24日 議長）,令和８年第１回定例会会議録（第４日）第４号…令和８年３月２４日（火曜日）,supported,977aed81764eb22ee2f32c78c2a45ac8a4b9c982ba565dc94d19c4c0d4f22050
shinjuku-2026-r1-gian-18,normal,content,OA18-N-12,日程第22から日程第26までの議案とあわせて、一括して議題となりました。,https://ssp.kaigiroku.net/tenant/shinjuku/MinuteView.html?council_id=3163&schedule_id=5&minute_id=52,ab4537cc101707d2f265c906951c6e03fc7c344e5b7f317a87e433a4d9dc4b65,審議状況（本会議 3月24日 議長）,日程第２２から日程第２６までを一括議題とします,supported,977aed81764eb22ee2f32c78c2a45ac8a4b9c982ba565dc94d19c4c0d4f22050
shinjuku-2026-r1-gian-18,normal,content,OA18-N-13,文教子ども家庭委員会の審査報告書は「可決」でした。,https://ssp.kaigiroku.net/tenant/shinjuku/MinuteView.html?council_id=3163&schedule_id=5&minute_id=58,69368f14e256835f225802d7539f39260bf2106b46b6e0ee675d011db724582f,審議状況（本会議 3月24日 議長）,文教子ども家庭委員会審査報告書は、可決です…御異議ありませんか,supported,977aed81764eb22ee2f32c78c2a45ac8a4b9c982ba565dc94d19c4c0d4f22050
shinjuku-2026-r1-gian-18,normal,content,OA18-N-14,本会議は、異議なしと認めて、委員会審査報告のとおり可決しました。,https://ssp.kaigiroku.net/tenant/shinjuku/MinuteView.html?council_id=3163&schedule_id=5&minute_id=59,970914f9ce4a28e423e8480a3d4ce175afafafeebd92448698df42d97cb2ec1d,審議状況（本会議 3月24日 議長）,異議なしと認めます…本案は、いずれも委員会審査報告のとおり可決されました,supported,977aed81764eb22ee2f32c78c2a45ac8a4b9c982ba565dc94d19c4c0d4f22050
shinjuku-2026-r1-gian-18,normal,content,OA18-N-15,議決結果ページの記載は「原案可決」です。,https://www.city.shinjuku.lg.jp/kusei/soumu01_002090_00015.html,7c2b6f68db1b433b860b35d176b4dd9211e78582ec9de718fcfefe68b22d896a,審議状況（議決結果ページ）,第18号議案新宿区子ども・子育て支援法に基づく過料に関する条例の一部を改正する条例原案可決,supported,977aed81764eb22ee2f32c78c2a45ac8a4b9c982ba565dc94d19c4c0d4f22050
shinjuku-2026-r1-gian-18,normal,content,OA18-N-16,「議案の概要と審議結果」の採決結果行では、8会派すべてが賛成（○）でした。,https://www.city.shinjuku.lg.jp/content/000452334.pdf,22ba4f49b18c96bd1fa26241606257c05477f38e25ac46d6f8e4f416a2cedbf2,審議状況（議案の概要と審議結果の採決結果行）,た者を過料に処する対象に加える。○○○○○○○○可決,supported,977aed81764eb22ee2f32c78c2a45ac8a4b9c982ba565dc94d19c4c0d4f22050
shinjuku-2026-r1-gian-18,hard,title,OA18-HT-01,見出し: 第18号議案 新宿区子ども・子育て支援法に基づく過料に関する条例の一部を改正する条例,https://www.city.shinjuku.lg.jp/content/000448434.pdf,fd7898eb8ef9cc9ecf7c59845dbb222410f7dce8bb5e325a3130a8cf48e69845,件名,新宿区子ども・子育て支援法に基づく過料に関する条例の一部を改正する条例,supported,cba197084f1b75ed2d0e3b805fe08be2adbe3a6784f163efe906e967cef12dec
shinjuku-2026-r1-gian-18,hard,summary,OA18-HS-01,要約: 平成27年新宿区条例第23号の第2条第1項・第2項に「及び第30条の13」を加え、第3項に「第30条の18第2項」と「乳児等支援支給認定証」を加える改正。子ども・子育て支援法の改正に伴う。,https://www.city.shinjuku.lg.jp/content/000448434.pdf,fd7898eb8ef9cc9ecf7c59845dbb222410f7dce8bb5e325a3130a8cf48e69845,（提案理由）,子ども・子育て支援法等の一部を改正する法律（令和6年法律第47号）の一部の施行による子ども・子育て支援法（平成24年法律第65号）の改正に伴い、乳児等のための支援給付に関し正当な理由なしに報告等に係る違反行為を行った者を過料に処する必要があるため,supported,cba197084f1b75ed2d0e3b805fe08be2adbe3a6784f163efe906e967cef12dec
shinjuku-2026-r1-gian-18,hard,summary,OA18-HS-02,要約: 施行日は令和8年4月1日。,https://www.city.shinjuku.lg.jp/content/000448434.pdf,fd7898eb8ef9cc9ecf7c59845dbb222410f7dce8bb5e325a3130a8cf48e69845,附則（施行期日）,この条例は、令和8年4月1日から施行する,supported,cba197084f1b75ed2d0e3b805fe08be2adbe3a6784f163efe906e967cef12dec
shinjuku-2026-r1-gian-18,hard,content,OA18-H-01,提出日: 令和8年2月17日,https://www.city.shinjuku.lg.jp/content/000448434.pdf,fd7898eb8ef9cc9ecf7c59845dbb222410f7dce8bb5e325a3130a8cf48e69845,提出日・提出者,令和８年２月１７日…新宿区長…吉住…健一,supported,cba197084f1b75ed2d0e3b805fe08be2adbe3a6784f163efe906e967cef12dec
shinjuku-2026-r1-gian-18,hard,content,OA18-H-02,提出者: 新宿区長 吉住健一,https://www.city.shinjuku.lg.jp/content/000448434.pdf,fd7898eb8ef9cc9ecf7c59845dbb222410f7dce8bb5e325a3130a8cf48e69845,提出日・提出者,令和８年２月１７日…新宿区長…吉住…健一,supported,cba197084f1b75ed2d0e3b805fe08be2adbe3a6784f163efe906e967cef12dec
shinjuku-2026-r1-gian-18,hard,content,OA18-H-03,対象条例: 新宿区子ども・子育て支援法に基づく過料に関する条例（平成27年新宿区条例第23号）,https://www.city.shinjuku.lg.jp/content/000448434.pdf,fd7898eb8ef9cc9ecf7c59845dbb222410f7dce8bb5e325a3130a8cf48e69845,改め文,新宿区子ども・子育て支援法に基づく過料に関する条例（平成27年新宿区条例第23号）の一部を次のように改正する,supported,cba197084f1b75ed2d0e3b805fe08be2adbe3a6784f163efe906e967cef12dec
shinjuku-2026-r1-gian-18,hard,content,OA18-H-04,議決: 原案可決（議決結果ページの記載）,https://www.city.shinjuku.lg.jp/kusei/soumu01_002090_00015.html,7c2b6f68db1b433b860b35d176b4dd9211e78582ec9de718fcfefe68b22d896a,審議状況（議決結果ページ）,第18号議案新宿区子ども・子育て支援法に基づく過料に関する条例の一部を改正する条例原案可決,supported,cba197084f1b75ed2d0e3b805fe08be2adbe3a6784f163efe906e967cef12dec
shinjuku-2026-r1-gian-18,hard,content,OA18-H-05,本会議: 令和8年3月24日（火曜日）、会議録 第4日第4号,https://ssp.kaigiroku.net/tenant/shinjuku/MinuteView.html?council_id=3163&schedule_id=5&minute_id=1,bd058d36962b45d8d965e4625bb95ecd661a102a026175213f37ba9eb575424a,審議状況（本会議 3月24日 議長）,令和８年第１回定例会会議録（第４日）第４号…令和８年３月２４日（火曜日）,supported,cba197084f1b75ed2d0e3b805fe08be2adbe3a6784f163efe906e967cef12dec
shinjuku-2026-r1-gian-18,hard,content,OA18-H-06,議題: 日程第22から日程第26までを一括して議題とした,https://ssp.kaigiroku.net/tenant/shinjuku/MinuteView.html?council_id=3163&schedule_id=5&minute_id=52,ab4537cc101707d2f265c906951c6e03fc7c344e5b7f317a87e433a4d9dc4b65,審議状況（本会議 3月24日 議長）,日程第２２から日程第２６までを一括議題とします,supported,cba197084f1b75ed2d0e3b805fe08be2adbe3a6784f163efe906e967cef12dec
shinjuku-2026-r1-gian-18,hard,content,OA18-H-07,会議録: 第18号議案の議題朗読が記載されている,https://ssp.kaigiroku.net/tenant/shinjuku/MinuteView.html?council_id=3163&schedule_id=5&minute_id=53,21ae880717ea0d33d64ef50e2c56e64d2bddfb7bdb9a473da21ae2620151ba12,審議状況（本会議 3月24日 議長）,第１８号議案新宿区子ども・子育て支援法に基づく過料に関する条例の一部を改正する条例,supported,cba197084f1b75ed2d0e3b805fe08be2adbe3a6784f163efe906e967cef12dec
shinjuku-2026-r1-gian-18,hard,content,OA18-H-08,委員会審査報告: 文教子ども家庭委員会の審査報告書は可決,https://ssp.kaigiroku.net/tenant/shinjuku/MinuteView.html?council_id=3163&schedule_id=5&minute_id=58,69368f14e256835f225802d7539f39260bf2106b46b6e0ee675d011db724582f,審議状況（本会議 3月24日 議長）,文教子ども家庭委員会審査報告書は、可決です…御異議ありませんか,supported,cba197084f1b75ed2d0e3b805fe08be2adbe3a6784f163efe906e967cef12dec
shinjuku-2026-r1-gian-18,hard,content,OA18-H-09,採決方法: 異議なし,https://ssp.kaigiroku.net/tenant/shinjuku/MinuteView.html?council_id=3163&schedule_id=5&minute_id=59,970914f9ce4a28e423e8480a3d4ce175afafafeebd92448698df42d97cb2ec1d,審議状況（本会議 3月24日 議長）,異議なしと認めます…本案は、いずれも委員会審査報告のとおり可決されました,supported,cba197084f1b75ed2d0e3b805fe08be2adbe3a6784f163efe906e967cef12dec
shinjuku-2026-r1-gian-18,hard,content,OA18-H-10,会派別の賛否: 全8会派が賛成（採決結果行は ○○○○○○○○）,https://www.city.shinjuku.lg.jp/content/000452334.pdf,22ba4f49b18c96bd1fa26241606257c05477f38e25ac46d6f8e4f416a2cedbf2,審議状況（議案の概要と審議結果の採決結果行）,た者を過料に処する対象に加える。○○○○○○○○可決,supported,cba197084f1b75ed2d0e3b805fe08be2adbe3a6784f163efe906e967cef12dec
shinjuku-2026-r1-gian-18,hard,content,OA18-H-11,会派: 自民・参政クラブ、新宿区議会公明党、日本共産党新宿区議会議員団、新宿未来の会、立憲民主党・無所属クラブ、日本維新の会・新宿区議団、現役世代に優しい新宿・減税の会、れいわ新選組 新宿,https://www.city.shinjuku.lg.jp/content/000452334.pdf,22ba4f49b18c96bd1fa26241606257c05477f38e25ac46d6f8e4f416a2cedbf2,会派略称・列の並び,共産＝日本共産党新宿区議会議員団…れいわ＝れいわ新選組 新宿…自参ク＝自民・参政クラブ…公明＝新宿区議会公明党…新宿会＝新宿未来の会…民無ク＝立憲民主党・無所属クラブ…維新＝日本維新の会・新宿区議団…現役＝現役世代に優しい新宿・減税の会,supported,cba197084f1b75ed2d0e3b805fe08be2adbe3a6784f163efe906e967cef12dec
shinjuku-2026-r1-gian-18,hard,content,OA18-H-12,子ども・子育て支援法等の一部を改正する法律（令和6年法律第47号）の一部の施行による子ども・子育て支援法（平成24年法律第65号）の改正に伴い、乳児等のための支援給付に関し正当な理由なしに報告等に係る違反行為を行った者を過料に処する必要があるため,https://www.city.shinjuku.lg.jp/content/000448434.pdf,fd7898eb8ef9cc9ecf7c59845dbb222410f7dce8bb5e325a3130a8cf48e69845,（提案理由）,子ども・子育て支援法等の一部を改正する法律（令和6年法律第47号）の一部の施行による子ども・子育て支援法（平成24年法律第65号）の改正に伴い、乳児等のための支援給付に関し正当な理由なしに報告等に係る違反行為を行った者を過料に処する必要があるため,supported,cba197084f1b75ed2d0e3b805fe08be2adbe3a6784f163efe906e967cef12dec
shinjuku-2026-r1-gian-18,hard,content,OA18-H-13,第2条第1項・第2項 / 「第30条の3」の次に「及び第30条の13」を加える,https://www.city.shinjuku.lg.jp/content/000448434.pdf,fd7898eb8ef9cc9ecf7c59845dbb222410f7dce8bb5e325a3130a8cf48e69845,第2条第1項・第2項,第2条第1項及び第2項中「第30条の3」の次に「及び第30条の13」を加え,supported,cba197084f1b75ed2d0e3b805fe08be2adbe3a6784f163efe906e967cef12dec
shinjuku-2026-r1-gian-18,hard,content,OA18-H-14,第2条第3項 / 「又は第24条第2項」を「、第24条第2項又は第30条の18第2項」に改める,https://www.city.shinjuku.lg.jp/content/000448434.pdf,fd7898eb8ef9cc9ecf7c59845dbb222410f7dce8bb5e325a3130a8cf48e69845,第2条第3項,同条第3項中「又は第24条第2項」を「、第24条第2項又は第30条の18第2項」に改め,supported,cba197084f1b75ed2d0e3b805fe08be2adbe3a6784f163efe906e967cef12dec
shinjuku-2026-r1-gian-18,hard,content,OA18-H-15,第2条第3項 / 「いう。）」の次に「又は乳児等支援支給認定証（法第30条の15第3項に規定する乳児等支援支給認定証をいう。）」を加える,https://www.city.shinjuku.lg.jp/content/000448434.pdf,fd7898eb8ef9cc9ecf7c59845dbb222410f7dce8bb5e325a3130a8cf48e69845,第2条第3項,「いう。）」の次に「又は乳児等支援支給認定証（法第30条の15第3項に規定する乳児等支援支給認定証をいう。）」を加える,supported,cba197084f1b75ed2d0e3b805fe08be2adbe3a6784f163efe906e967cef12dec
shinjuku-2026-r1-gian-18,hard,content,OA18-H-16,子ども・子育て支援法の改正により、新たに特定乳児等通園支援事業が開始されることに伴い、当該事業に係る命令等に関し違反した者を過料に処する対象に加える。,https://www.city.shinjuku.lg.jp/content/000447774.pdf,1dc3eaffcafb1b1c9e139e823182dc80dc0755624813ca87d8b274d15f5b6624,第18号議案,子ども・子育て支援法の改正により、新たに特定乳児等通園…支援事業が開始されることに伴い、当該事業に係る命令等に関…し違反した者を過料に処する対象に加える,supported,cba197084f1b75ed2d0e3b805fe08be2adbe3a6784f163efe906e967cef12dec
shinjuku-2026-r1-gian-18,hard,content,OA18-H-17,議案本文の提案理由は乳児等のための支援給付に関する違反を挙げ、概要資料は特定乳児等通園支援事業に係る命令等への違反を挙げている。,https://www.city.shinjuku.lg.jp/content/000447774.pdf,1dc3eaffcafb1b1c9e139e823182dc80dc0755624813ca87d8b274d15f5b6624,第18号議案,子ども・子育て支援法の改正により、新たに特定乳児等通園…支援事業が開始されることに伴い、当該事業に係る命令等に関…し違反した者を過料に処する対象に加える,supported,cba197084f1b75ed2d0e3b805fe08be2adbe3a6784f163efe906e967cef12dec
shinjuku-2026-r1-gian-18,hard,content,OA18-H-18,「議案の概要と審議結果」も同旨の概要を記載している。,https://www.city.shinjuku.lg.jp/content/000452334.pdf,22ba4f49b18c96bd1fa26241606257c05477f38e25ac46d6f8e4f416a2cedbf2,第18号議案（議案の概要）,『子ども・子育て支援法』の改正により、新たに特定乳児等通園支援事業が開始されることに伴い、当該事業に係る命令等に関し違反した者を過料に処する対象に加える,supported,cba197084f1b75ed2d0e3b805fe08be2adbe3a6784f163efe906e967cef12dec
shinjuku-2026-r1-gian-18,hard,content,OA18-H-19,この条例は、令和8年4月1日から施行する。,https://www.city.shinjuku.lg.jp/content/000448434.pdf,fd7898eb8ef9cc9ecf7c59845dbb222410f7dce8bb5e325a3130a8cf48e69845,附則（施行期日）,この条例は、令和8年4月1日から施行する,supported,cba197084f1b75ed2d0e3b805fe08be2adbe3a6784f163efe906e967cef12dec
shinjuku-2026-r1-gian-18,hard,content,OA18-H-20,第18号議案 全文 / https://www.city.shinjuku.lg.jp/content/000448434.pdf / fd7898eb8ef9cc9ecf7c59845dbb222410f7dce8bb5e325a3130a8cf48e69845,https://www.city.shinjuku.lg.jp/content/000448434.pdf,fd7898eb8ef9cc9ecf7c59845dbb222410f7dce8bb5e325a3130a8cf48e69845,件名,新宿区子ども・子育て支援法に基づく過料に関する条例の一部を改正する条例,supported,cba197084f1b75ed2d0e3b805fe08be2adbe3a6784f163efe906e967cef12dec
shinjuku-2026-r1-gian-18,hard,content,OA18-H-21,提出案件概要（条例関係） / https://www.city.shinjuku.lg.jp/content/000447774.pdf / 1dc3eaffcafb1b1c9e139e823182dc80dc0755624813ca87d8b274d15f5b6624,https://www.city.shinjuku.lg.jp/content/000447774.pdf,1dc3eaffcafb1b1c9e139e823182dc80dc0755624813ca87d8b274d15f5b6624,提出案件概要（条例関係）,第1回区議会定例会提出案件概要…（条例関係）,supported,cba197084f1b75ed2d0e3b805fe08be2adbe3a6784f163efe906e967cef12dec
shinjuku-2026-r1-gian-18,hard,content,OA18-H-22,議案の概要と審議結果 / https://www.city.shinjuku.lg.jp/content/000452334.pdf / 22ba4f49b18c96bd1fa26241606257c05477f38e25ac46d6f8e4f416a2cedbf2,https://www.city.shinjuku.lg.jp/content/000452334.pdf,22ba4f49b18c96bd1fa26241606257c05477f38e25ac46d6f8e4f416a2cedbf2,議案の概要と審議結果,議案の概要と審議結果,supported,cba197084f1b75ed2d0e3b805fe08be2adbe3a6784f163efe906e967cef12dec
shinjuku-2026-r1-gian-18,hard,content,OA18-H-23,議決結果ページ（2026-10-04 取得） / https://www.city.shinjuku.lg.jp/kusei/soumu01_002090_00015.html / 7c2b6f68db1b433b860b35d176b4dd9211e78582ec9de718fcfefe68b22d896a,https://www.city.shinjuku.lg.jp/kusei/soumu01_002090_00015.html,7c2b6f68db1b433b860b35d176b4dd9211e78582ec9de718fcfefe68b22d896a,審議状況（議決結果ページ）,第18号議案新宿区子ども・子育て支援法に基づく過料に関する条例の一部を改正する条例原案可決,supported,cba197084f1b75ed2d0e3b805fe08be2adbe3a6784f163efe906e967cef12dec
shinjuku-2026-r1-gian-18,hard,content,OA18-H-24,会議録 3月24日 議長（委員会審査報告） / https://ssp.kaigiroku.net/tenant/shinjuku/MinuteView.html?council_id=3163&schedule_id=5&minute_id=58 / 69368f14e256835f225802d7539f39260bf2106b46b6e0ee675d011db724582f,https://ssp.kaigiroku.net/tenant/shinjuku/MinuteView.html?council_id=3163&schedule_id=5&minute_id=58,69368f14e256835f225802d7539f39260bf2106b46b6e0ee675d011db724582f,審議状況（本会議 3月24日 議長）,文教子ども家庭委員会審査報告書は、可決です…御異議ありませんか,supported,cba197084f1b75ed2d0e3b805fe08be2adbe3a6784f163efe906e967cef12dec
shinjuku-2026-r1-gian-18,hard,content,OA18-H-25,会議録 3月24日 議長（採決） / https://ssp.kaigiroku.net/tenant/shinjuku/MinuteView.html?council_id=3163&schedule_id=5&minute_id=59 / 970914f9ce4a28e423e8480a3d4ce175afafafeebd92448698df42d97cb2ec1d,https://ssp.kaigiroku.net/tenant/shinjuku/MinuteView.html?council_id=3163&schedule_id=5&minute_id=59,970914f9ce4a28e423e8480a3d4ce175afafafeebd92448698df42d97cb2ec1d,審議状況（本会議 3月24日 議長）,異議なしと認めます…本案は、いずれも委員会審査報告のとおり可決されました,supported,cba197084f1b75ed2d0e3b805fe08be2adbe3a6784f163efe906e967cef12dec
shinjuku-2026-r1-gian-19,easy,title,OA19-ET-01,見出し: 保育の 運営基準の 条例の 引用を 直します,https://www.city.shinjuku.lg.jp/content/000448435.pdf,0201b3be9cc0f8b8d9abf6623fabdd2b20a22d470c28c1aa925ee3c4b0fdf4c8,第2条第2項第15号,第2条第2項第15号中「第43条第2項」を「第43条第4項」に改める,supported,f25486f1fcaf8a3b33b519b04630d5cd11b8de18595d72cb0a22fa5f8de83889
shinjuku-2026-r1-gian-19,easy,summary,OA19-ES-01,要約: 第2条の 引用の 書きかたを 直します。,https://www.city.shinjuku.lg.jp/content/000448435.pdf,0201b3be9cc0f8b8d9abf6623fabdd2b20a22d470c28c1aa925ee3c4b0fdf4c8,第2条第2項第15号,第2条第2項第15号中「第43条第2項」を「第43条第4項」に改める,supported,f25486f1fcaf8a3b33b519b04630d5cd11b8de18595d72cb0a22fa5f8de83889
shinjuku-2026-r1-gian-19,easy,summary,OA19-ES-02,要約: 子ども・子育て支援法の 改正に 合わせた 直しです。,https://www.city.shinjuku.lg.jp/content/000448435.pdf,0201b3be9cc0f8b8d9abf6623fabdd2b20a22d470c28c1aa925ee3c4b0fdf4c8,（提案理由）,児童福祉法等の一部を改正する法律（令和7年法律第29号）の一部の施行による子ども・子育て支援法（平成24年法律第65号）の改正に伴い、規定を整備する必要があるため,supported,f25486f1fcaf8a3b33b519b04630d5cd11b8de18595d72cb0a22fa5f8de83889
shinjuku-2026-r1-gian-19,easy,summary,OA19-ES-03,要約: 2026年（令和8年）4月1日（水）から 始まります。,https://www.city.shinjuku.lg.jp/content/000448435.pdf,0201b3be9cc0f8b8d9abf6623fabdd2b20a22d470c28c1aa925ee3c4b0fdf4c8,附則（施行期日）,この条例は、令和8年4月1日から施行する,supported,f25486f1fcaf8a3b33b519b04630d5cd11b8de18595d72cb0a22fa5f8de83889
shinjuku-2026-r1-gian-19,easy,content,OA19-E-01,対象は 平成26年 新宿区条例 第29号です。,https://www.city.shinjuku.lg.jp/content/000448435.pdf,0201b3be9cc0f8b8d9abf6623fabdd2b20a22d470c28c1aa925ee3c4b0fdf4c8,改め文,新宿区特定教育・保育施設及び特定地域型保育事業の運営に関する基準を定める条例（平成26年新宿区条例第29号）の一部を次のように改正する,supported,f25486f1fcaf8a3b33b519b04630d5cd11b8de18595d72cb0a22fa5f8de83889
shinjuku-2026-r1-gian-19,easy,content,OA19-E-02,子ども・子育て支援法が 改正されました。,https://www.city.shinjuku.lg.jp/content/000448435.pdf,0201b3be9cc0f8b8d9abf6623fabdd2b20a22d470c28c1aa925ee3c4b0fdf4c8,（提案理由）,児童福祉法等の一部を改正する法律（令和7年法律第29号）の一部の施行による子ども・子育て支援法（平成24年法律第65号）の改正に伴い、規定を整備する必要があるため,supported,f25486f1fcaf8a3b33b519b04630d5cd11b8de18595d72cb0a22fa5f8de83889
shinjuku-2026-r1-gian-19,easy,content,OA19-E-03,そのため 引用の 書きかたを 直します。,https://www.city.shinjuku.lg.jp/content/000447774.pdf,1dc3eaffcafb1b1c9e139e823182dc80dc0755624813ca87d8b274d15f5b6624,第19号議案,子ども・子育て支援法の改正により、地域型保育事業の利用…定員に係る規定等が追加されたことに伴い、引用条項を改め…る,supported,f25486f1fcaf8a3b33b519b04630d5cd11b8de18595d72cb0a22fa5f8de83889
shinjuku-2026-r1-gian-19,easy,content,OA19-E-04,第2条 第2項 第15号の「第43条 第2項」を「第43条 第4項」に 直します。,https://www.city.shinjuku.lg.jp/content/000448435.pdf,0201b3be9cc0f8b8d9abf6623fabdd2b20a22d470c28c1aa925ee3c4b0fdf4c8,第2条第2項第15号,第2条第2項第15号中「第43条第2項」を「第43条第4項」に改める,supported,f25486f1fcaf8a3b33b519b04630d5cd11b8de18595d72cb0a22fa5f8de83889
shinjuku-2026-r1-gian-19,easy,content,OA19-E-05,引用の 書きかたを 直す だけです。,https://www.city.shinjuku.lg.jp/content/000447774.pdf,1dc3eaffcafb1b1c9e139e823182dc80dc0755624813ca87d8b274d15f5b6624,第19号議案,子ども・子育て支援法の改正により、地域型保育事業の利用…定員に係る規定等が追加されたことに伴い、引用条項を改め…る,supported,f25486f1fcaf8a3b33b519b04630d5cd11b8de18595d72cb0a22fa5f8de83889
shinjuku-2026-r1-gian-19,easy,content,OA19-E-06,法律の 改正で 地域型保育事業の 利用定員に 係る 決まりなどが 足されました。,https://www.city.shinjuku.lg.jp/content/000447774.pdf,1dc3eaffcafb1b1c9e139e823182dc80dc0755624813ca87d8b274d15f5b6624,第19号議案,子ども・子育て支援法の改正により、地域型保育事業の利用…定員に係る規定等が追加されたことに伴い、引用条項を改め…る,supported,f25486f1fcaf8a3b33b519b04630d5cd11b8de18595d72cb0a22fa5f8de83889
shinjuku-2026-r1-gian-19,easy,content,OA19-E-07,2026年（令和8年）4月1日（水）から 始まります。,https://www.city.shinjuku.lg.jp/content/000448435.pdf,0201b3be9cc0f8b8d9abf6623fabdd2b20a22d470c28c1aa925ee3c4b0fdf4c8,附則（施行期日）,この条例は、令和8年4月1日から施行する,supported,f25486f1fcaf8a3b33b519b04630d5cd11b8de18595d72cb0a22fa5f8de83889
shinjuku-2026-r1-gian-19,easy,content,OA19-E-08,【原案可決】［げんあんかけつ］（＝出した 通りの 内容で 決まること）です。,https://www.city.shinjuku.lg.jp/kusei/soumu01_002090_00015.html,7c2b6f68db1b433b860b35d176b4dd9211e78582ec9de718fcfefe68b22d896a,審議状況（議決結果ページ）,第19号議案新宿区特定教育・保育施設及び特定地域型保育事業の運営に関する基準を定める条例の一部を改正する条例原案可決,supported,f25486f1fcaf8a3b33b519b04630d5cd11b8de18595d72cb0a22fa5f8de83889
shinjuku-2026-r1-gian-19,easy,content,OA19-E-09,2026年（令和8年）の 第1回定例会で 決まりました。,https://www.city.shinjuku.lg.jp/content/000452334.pdf,22ba4f49b18c96bd1fa26241606257c05477f38e25ac46d6f8e4f416a2cedbf2,審議状況（会期）,令和８年第１回定例会…２月１７日～３月２４日,supported,f25486f1fcaf8a3b33b519b04630d5cd11b8de18595d72cb0a22fa5f8de83889
shinjuku-2026-r1-gian-19,easy,content,OA19-E-10,会期は 2026年2月17日（火）から 3月24日（火）まででした。,https://www.city.shinjuku.lg.jp/content/000452334.pdf,22ba4f49b18c96bd1fa26241606257c05477f38e25ac46d6f8e4f416a2cedbf2,審議状況（会期）,令和８年第１回定例会…２月１７日～３月２４日,supported,f25486f1fcaf8a3b33b519b04630d5cd11b8de18595d72cb0a22fa5f8de83889
shinjuku-2026-r1-gian-19,easy,content,OA19-E-11,本会議で 決まった 日は 3月24日（火）です。,https://ssp.kaigiroku.net/tenant/shinjuku/MinuteView.html?council_id=3163&schedule_id=5&minute_id=1,bd058d36962b45d8d965e4625bb95ecd661a102a026175213f37ba9eb575424a,審議状況（本会議 3月24日 議長）,令和８年第１回定例会会議録（第４日）第４号…令和８年３月２４日（火曜日）,supported,f25486f1fcaf8a3b33b519b04630d5cd11b8de18595d72cb0a22fa5f8de83889
shinjuku-2026-r1-gian-19,easy,content,OA19-E-12,ほかの 議案と まとめて 議題に なりました。,https://ssp.kaigiroku.net/tenant/shinjuku/MinuteView.html?council_id=3163&schedule_id=5&minute_id=52,ab4537cc101707d2f265c906951c6e03fc7c344e5b7f317a87e433a4d9dc4b65,審議状況（本会議 3月24日 議長）,日程第２２から日程第２６までを一括議題とします,supported,f25486f1fcaf8a3b33b519b04630d5cd11b8de18595d72cb0a22fa5f8de83889
shinjuku-2026-r1-gian-19,easy,content,OA19-E-13,文教子ども家庭委員会の 審査報告書は 可決でした。,https://ssp.kaigiroku.net/tenant/shinjuku/MinuteView.html?council_id=3163&schedule_id=5&minute_id=58,69368f14e256835f225802d7539f39260bf2106b46b6e0ee675d011db724582f,審議状況（本会議 3月24日 議長）,文教子ども家庭委員会審査報告書は、可決です…御異議ありませんか,supported,f25486f1fcaf8a3b33b519b04630d5cd11b8de18595d72cb0a22fa5f8de83889
shinjuku-2026-r1-gian-19,easy,content,OA19-E-14,議長が 異議が ないか たずねました。,https://ssp.kaigiroku.net/tenant/shinjuku/MinuteView.html?council_id=3163&schedule_id=5&minute_id=58,69368f14e256835f225802d7539f39260bf2106b46b6e0ee675d011db724582f,審議状況（本会議 3月24日 議長）,文教子ども家庭委員会審査報告書は、可決です…御異議ありませんか,supported,f25486f1fcaf8a3b33b519b04630d5cd11b8de18595d72cb0a22fa5f8de83889
shinjuku-2026-r1-gian-19,easy,content,OA19-E-15,異議なしと 認められて 可決しました。,https://ssp.kaigiroku.net/tenant/shinjuku/MinuteView.html?council_id=3163&schedule_id=5&minute_id=59,970914f9ce4a28e423e8480a3d4ce175afafafeebd92448698df42d97cb2ec1d,審議状況（本会議 3月24日 議長）,異議なしと認めます…本案は、いずれも委員会審査報告のとおり可決されました,supported,f25486f1fcaf8a3b33b519b04630d5cd11b8de18595d72cb0a22fa5f8de83889
shinjuku-2026-r1-gian-19,easy,content,OA19-E-16,賛成したのは ８つの 会派 すべてです。,https://www.city.shinjuku.lg.jp/content/000452334.pdf,22ba4f49b18c96bd1fa26241606257c05477f38e25ac46d6f8e4f416a2cedbf2,審議状況（議案の概要と審議結果の採決結果行）,『子ども・子育て支援法』の改正により、地域型保育事業の利用定員に係る規定等が追加されたことに伴い、引用条項を改める。○○○○○○○○可決,supported,f25486f1fcaf8a3b33b519b04630d5cd11b8de18595d72cb0a22fa5f8de83889
shinjuku-2026-r1-gian-19,normal,title,OA19-NT-01,見出し: 保育施設等の運営基準条例の引用条項を改める,https://www.city.shinjuku.lg.jp/content/000447774.pdf,1dc3eaffcafb1b1c9e139e823182dc80dc0755624813ca87d8b274d15f5b6624,第19号議案,子ども・子育て支援法の改正により、地域型保育事業の利用…定員に係る規定等が追加されたことに伴い、引用条項を改め…る,supported,93b167ca47c3657c0eb98bee6966912d69c227748d0702eed2e87188b6abb051
shinjuku-2026-r1-gian-19,normal,summary,OA19-NS-01,要約: 第2条第2項第15号の引用条項「第43条第2項」を「第43条第4項」に改める条例改正です。子ども・子育て支援法の改正に伴う整備です。,https://www.city.shinjuku.lg.jp/content/000447774.pdf,1dc3eaffcafb1b1c9e139e823182dc80dc0755624813ca87d8b274d15f5b6624,第19号議案,子ども・子育て支援法の改正により、地域型保育事業の利用…定員に係る規定等が追加されたことに伴い、引用条項を改め…る,supported,93b167ca47c3657c0eb98bee6966912d69c227748d0702eed2e87188b6abb051
shinjuku-2026-r1-gian-19,normal,summary,OA19-NS-02,要約: 施行日は令和8年4月1日です。,https://www.city.shinjuku.lg.jp/content/000448435.pdf,0201b3be9cc0f8b8d9abf6623fabdd2b20a22d470c28c1aa925ee3c4b0fdf4c8,附則（施行期日）,この条例は、令和8年4月1日から施行する,supported,93b167ca47c3657c0eb98bee6966912d69c227748d0702eed2e87188b6abb051
shinjuku-2026-r1-gian-19,normal,content,OA19-N-01,新宿区特定教育・保育施設及び特定地域型保育事業の運営に関する基準を定める条例（平成26年新宿区条例第29号）の改正です。,https://www.city.shinjuku.lg.jp/content/000448435.pdf,0201b3be9cc0f8b8d9abf6623fabdd2b20a22d470c28c1aa925ee3c4b0fdf4c8,改め文,新宿区特定教育・保育施設及び特定地域型保育事業の運営に関する基準を定める条例（平成26年新宿区条例第29号）の一部を次のように改正する,supported,93b167ca47c3657c0eb98bee6966912d69c227748d0702eed2e87188b6abb051
shinjuku-2026-r1-gian-19,normal,content,OA19-N-02,子ども・子育て支援法の改正により、地域型保育事業の利用定員に係る規定等が追加されたことに伴い、引用条項を改める。,https://www.city.shinjuku.lg.jp/content/000447774.pdf,1dc3eaffcafb1b1c9e139e823182dc80dc0755624813ca87d8b274d15f5b6624,第19号議案,子ども・子育て支援法の改正により、地域型保育事業の利用…定員に係る規定等が追加されたことに伴い、引用条項を改め…る,supported,93b167ca47c3657c0eb98bee6966912d69c227748d0702eed2e87188b6abb051
shinjuku-2026-r1-gian-19,normal,content,OA19-N-03,議案本文の提案理由は、児童福祉法等の一部を改正する法律（令和7年法律第29号）の一部の施行による子ども・子育て支援法（平成24年法律第65号）の改正に伴い、規定を整備する必要がある、としています。,https://www.city.shinjuku.lg.jp/content/000448435.pdf,0201b3be9cc0f8b8d9abf6623fabdd2b20a22d470c28c1aa925ee3c4b0fdf4c8,（提案理由）,児童福祉法等の一部を改正する法律（令和7年法律第29号）の一部の施行による子ども・子育て支援法（平成24年法律第65号）の改正に伴い、規定を整備する必要があるため,supported,93b167ca47c3657c0eb98bee6966912d69c227748d0702eed2e87188b6abb051
shinjuku-2026-r1-gian-19,normal,content,OA19-N-04,改め文は1か所だけです。,https://www.city.shinjuku.lg.jp/content/000448435.pdf,0201b3be9cc0f8b8d9abf6623fabdd2b20a22d470c28c1aa925ee3c4b0fdf4c8,第2条第2項第15号,第2条第2項第15号中「第43条第2項」を「第43条第4項」に改める,supported,93b167ca47c3657c0eb98bee6966912d69c227748d0702eed2e87188b6abb051
shinjuku-2026-r1-gian-19,normal,content,OA19-N-05,第2条第2項第15号中の「第43条第2項」を「第43条第4項」に改めます,https://www.city.shinjuku.lg.jp/content/000448435.pdf,0201b3be9cc0f8b8d9abf6623fabdd2b20a22d470c28c1aa925ee3c4b0fdf4c8,第2条第2項第15号,第2条第2項第15号中「第43条第2項」を「第43条第4項」に改める,supported,93b167ca47c3657c0eb98bee6966912d69c227748d0702eed2e87188b6abb051
shinjuku-2026-r1-gian-19,normal,content,OA19-N-06,概要資料は、この改正を「引用条項を改める」ものと説明しています。,https://www.city.shinjuku.lg.jp/content/000447774.pdf,1dc3eaffcafb1b1c9e139e823182dc80dc0755624813ca87d8b274d15f5b6624,第19号議案,子ども・子育て支援法の改正により、地域型保育事業の利用…定員に係る規定等が追加されたことに伴い、引用条項を改め…る,supported,93b167ca47c3657c0eb98bee6966912d69c227748d0702eed2e87188b6abb051
shinjuku-2026-r1-gian-19,normal,content,OA19-N-07,令和8年4月1日（水曜日）から施行されます。,https://www.city.shinjuku.lg.jp/content/000448435.pdf,0201b3be9cc0f8b8d9abf6623fabdd2b20a22d470c28c1aa925ee3c4b0fdf4c8,附則（施行期日）,この条例は、令和8年4月1日から施行する,supported,93b167ca47c3657c0eb98bee6966912d69c227748d0702eed2e87188b6abb051
shinjuku-2026-r1-gian-19,normal,content,OA19-N-08,附則には施行期日だけが定められています。,https://www.city.shinjuku.lg.jp/content/000448435.pdf,0201b3be9cc0f8b8d9abf6623fabdd2b20a22d470c28c1aa925ee3c4b0fdf4c8,附則（施行期日）,この条例は、令和8年4月1日から施行する,supported,93b167ca47c3657c0eb98bee6966912d69c227748d0702eed2e87188b6abb051
shinjuku-2026-r1-gian-19,normal,content,OA19-N-09,令和8年第1回定例会（会期は2月17日から3月24日まで）で審議されました。,https://www.city.shinjuku.lg.jp/content/000452334.pdf,22ba4f49b18c96bd1fa26241606257c05477f38e25ac46d6f8e4f416a2cedbf2,審議状況（会期）,令和８年第１回定例会…２月１７日～３月２４日,supported,93b167ca47c3657c0eb98bee6966912d69c227748d0702eed2e87188b6abb051
shinjuku-2026-r1-gian-19,normal,content,OA19-N-10,本会議は第4日にあたる3月24日（火曜日）でした。,https://ssp.kaigiroku.net/tenant/shinjuku/MinuteView.html?council_id=3163&schedule_id=5&minute_id=1,bd058d36962b45d8d965e4625bb95ecd661a102a026175213f37ba9eb575424a,審議状況（本会議 3月24日 議長）,令和８年第１回定例会会議録（第４日）第４号…令和８年３月２４日（火曜日）,supported,93b167ca47c3657c0eb98bee6966912d69c227748d0702eed2e87188b6abb051
shinjuku-2026-r1-gian-19,normal,content,OA19-N-11,日程第22から日程第26までの議案とあわせて、一括して議題となりました。,https://ssp.kaigiroku.net/tenant/shinjuku/MinuteView.html?council_id=3163&schedule_id=5&minute_id=52,ab4537cc101707d2f265c906951c6e03fc7c344e5b7f317a87e433a4d9dc4b65,審議状況（本会議 3月24日 議長）,日程第２２から日程第２６までを一括議題とします,supported,93b167ca47c3657c0eb98bee6966912d69c227748d0702eed2e87188b6abb051
shinjuku-2026-r1-gian-19,normal,content,OA19-N-12,文教子ども家庭委員会の審査報告書は「可決」でした。,https://ssp.kaigiroku.net/tenant/shinjuku/MinuteView.html?council_id=3163&schedule_id=5&minute_id=58,69368f14e256835f225802d7539f39260bf2106b46b6e0ee675d011db724582f,審議状況（本会議 3月24日 議長）,文教子ども家庭委員会審査報告書は、可決です…御異議ありませんか,supported,93b167ca47c3657c0eb98bee6966912d69c227748d0702eed2e87188b6abb051
shinjuku-2026-r1-gian-19,normal,content,OA19-N-13,本会議は、異議なしと認めて、委員会審査報告のとおり可決しました。,https://ssp.kaigiroku.net/tenant/shinjuku/MinuteView.html?council_id=3163&schedule_id=5&minute_id=59,970914f9ce4a28e423e8480a3d4ce175afafafeebd92448698df42d97cb2ec1d,審議状況（本会議 3月24日 議長）,異議なしと認めます…本案は、いずれも委員会審査報告のとおり可決されました,supported,93b167ca47c3657c0eb98bee6966912d69c227748d0702eed2e87188b6abb051
shinjuku-2026-r1-gian-19,normal,content,OA19-N-14,議決結果ページの記載は「原案可決」です。,https://www.city.shinjuku.lg.jp/kusei/soumu01_002090_00015.html,7c2b6f68db1b433b860b35d176b4dd9211e78582ec9de718fcfefe68b22d896a,審議状況（議決結果ページ）,第19号議案新宿区特定教育・保育施設及び特定地域型保育事業の運営に関する基準を定める条例の一部を改正する条例原案可決,supported,93b167ca47c3657c0eb98bee6966912d69c227748d0702eed2e87188b6abb051
shinjuku-2026-r1-gian-19,normal,content,OA19-N-15,「議案の概要と審議結果」の採決結果行では、8会派すべてが賛成（○）でした。,https://www.city.shinjuku.lg.jp/content/000452334.pdf,22ba4f49b18c96bd1fa26241606257c05477f38e25ac46d6f8e4f416a2cedbf2,審議状況（議案の概要と審議結果の採決結果行）,『子ども・子育て支援法』の改正により、地域型保育事業の利用定員に係る規定等が追加されたことに伴い、引用条項を改める。○○○○○○○○可決,supported,93b167ca47c3657c0eb98bee6966912d69c227748d0702eed2e87188b6abb051
shinjuku-2026-r1-gian-19,hard,title,OA19-HT-01,見出し: 第19号議案 新宿区特定教育・保育施設及び特定地域型保育事業の運営に関する基準を定める条例の一部を改正する条例,https://www.city.shinjuku.lg.jp/content/000448435.pdf,0201b3be9cc0f8b8d9abf6623fabdd2b20a22d470c28c1aa925ee3c4b0fdf4c8,件名,新宿区特定教育・保育施設及び特定地域型保育事業の運営に関する基準を定める条例の一部を改正する条例,supported,0a32b620a1e8ea7d20ce31476c5eb4d3bd75544552e7dcb9b1df958ec9fd8beb
shinjuku-2026-r1-gian-19,hard,summary,OA19-HS-01,要約: 平成26年新宿区条例第29号第2条第2項第15号中の「第43条第2項」を「第43条第4項」に改める改正。子ども・子育て支援法の改正に伴う規定整備を理由とする。,https://www.city.shinjuku.lg.jp/content/000448435.pdf,0201b3be9cc0f8b8d9abf6623fabdd2b20a22d470c28c1aa925ee3c4b0fdf4c8,（提案理由）,児童福祉法等の一部を改正する法律（令和7年法律第29号）の一部の施行による子ども・子育て支援法（平成24年法律第65号）の改正に伴い、規定を整備する必要があるため,supported,0a32b620a1e8ea7d20ce31476c5eb4d3bd75544552e7dcb9b1df958ec9fd8beb
shinjuku-2026-r1-gian-19,hard,summary,OA19-HS-02,要約: 施行日は令和8年4月1日。,https://www.city.shinjuku.lg.jp/content/000448435.pdf,0201b3be9cc0f8b8d9abf6623fabdd2b20a22d470c28c1aa925ee3c4b0fdf4c8,附則（施行期日）,この条例は、令和8年4月1日から施行する,supported,0a32b620a1e8ea7d20ce31476c5eb4d3bd75544552e7dcb9b1df958ec9fd8beb
shinjuku-2026-r1-gian-19,hard,content,OA19-H-01,提出日: 令和8年2月17日,https://www.city.shinjuku.lg.jp/content/000448435.pdf,0201b3be9cc0f8b8d9abf6623fabdd2b20a22d470c28c1aa925ee3c4b0fdf4c8,提出日・提出者,令和８年２月１７日…新宿区長…吉住…健一,supported,0a32b620a1e8ea7d20ce31476c5eb4d3bd75544552e7dcb9b1df958ec9fd8beb
shinjuku-2026-r1-gian-19,hard,content,OA19-H-02,提出者: 新宿区長 吉住健一,https://www.city.shinjuku.lg.jp/content/000448435.pdf,0201b3be9cc0f8b8d9abf6623fabdd2b20a22d470c28c1aa925ee3c4b0fdf4c8,提出日・提出者,令和８年２月１７日…新宿区長…吉住…健一,supported,0a32b620a1e8ea7d20ce31476c5eb4d3bd75544552e7dcb9b1df958ec9fd8beb
shinjuku-2026-r1-gian-19,hard,content,OA19-H-03,対象条例: 新宿区特定教育・保育施設及び特定地域型保育事業の運営に関する基準を定める条例（平成26年新宿区条例第29号）,https://www.city.shinjuku.lg.jp/content/000448435.pdf,0201b3be9cc0f8b8d9abf6623fabdd2b20a22d470c28c1aa925ee3c4b0fdf4c8,改め文,新宿区特定教育・保育施設及び特定地域型保育事業の運営に関する基準を定める条例（平成26年新宿区条例第29号）の一部を次のように改正する,supported,0a32b620a1e8ea7d20ce31476c5eb4d3bd75544552e7dcb9b1df958ec9fd8beb
shinjuku-2026-r1-gian-19,hard,content,OA19-H-04,議決: 原案可決（議決結果ページの記載）,https://www.city.shinjuku.lg.jp/kusei/soumu01_002090_00015.html,7c2b6f68db1b433b860b35d176b4dd9211e78582ec9de718fcfefe68b22d896a,審議状況（議決結果ページ）,第19号議案新宿区特定教育・保育施設及び特定地域型保育事業の運営に関する基準を定める条例の一部を改正する条例原案可決,supported,0a32b620a1e8ea7d20ce31476c5eb4d3bd75544552e7dcb9b1df958ec9fd8beb
shinjuku-2026-r1-gian-19,hard,content,OA19-H-05,本会議: 令和8年3月24日（火曜日）、会議録 第4日第4号,https://ssp.kaigiroku.net/tenant/shinjuku/MinuteView.html?council_id=3163&schedule_id=5&minute_id=1,bd058d36962b45d8d965e4625bb95ecd661a102a026175213f37ba9eb575424a,審議状況（本会議 3月24日 議長）,令和８年第１回定例会会議録（第４日）第４号…令和８年３月２４日（火曜日）,supported,0a32b620a1e8ea7d20ce31476c5eb4d3bd75544552e7dcb9b1df958ec9fd8beb
shinjuku-2026-r1-gian-19,hard,content,OA19-H-06,議題: 日程第22から日程第26までを一括して議題とした,https://ssp.kaigiroku.net/tenant/shinjuku/MinuteView.html?council_id=3163&schedule_id=5&minute_id=52,ab4537cc101707d2f265c906951c6e03fc7c344e5b7f317a87e433a4d9dc4b65,審議状況（本会議 3月24日 議長）,日程第２２から日程第２６までを一括議題とします,supported,0a32b620a1e8ea7d20ce31476c5eb4d3bd75544552e7dcb9b1df958ec9fd8beb
shinjuku-2026-r1-gian-19,hard,content,OA19-H-07,会議録: 第19号議案の議題朗読が記載されている,https://ssp.kaigiroku.net/tenant/shinjuku/MinuteView.html?council_id=3163&schedule_id=5&minute_id=54,d18d451375be8438fb9e22c0a6887d8bbce40542cde74bceddb2d20e7d2e2d27,審議状況（本会議 3月24日 議長）,第１９号議案新宿区特定教育・保育施設及び特定地域型保育事業の運営に関する基準を定める条例の一部を改正する条例,supported,0a32b620a1e8ea7d20ce31476c5eb4d3bd75544552e7dcb9b1df958ec9fd8beb
shinjuku-2026-r1-gian-19,hard,content,OA19-H-08,委員会審査報告: 文教子ども家庭委員会の審査報告書は可決,https://ssp.kaigiroku.net/tenant/shinjuku/MinuteView.html?council_id=3163&schedule_id=5&minute_id=58,69368f14e256835f225802d7539f39260bf2106b46b6e0ee675d011db724582f,審議状況（本会議 3月24日 議長）,文教子ども家庭委員会審査報告書は、可決です…御異議ありませんか,supported,0a32b620a1e8ea7d20ce31476c5eb4d3bd75544552e7dcb9b1df958ec9fd8beb
shinjuku-2026-r1-gian-19,hard,content,OA19-H-09,採決方法: 異議なし,https://ssp.kaigiroku.net/tenant/shinjuku/MinuteView.html?council_id=3163&schedule_id=5&minute_id=59,970914f9ce4a28e423e8480a3d4ce175afafafeebd92448698df42d97cb2ec1d,審議状況（本会議 3月24日 議長）,異議なしと認めます…本案は、いずれも委員会審査報告のとおり可決されました,supported,0a32b620a1e8ea7d20ce31476c5eb4d3bd75544552e7dcb9b1df958ec9fd8beb
shinjuku-2026-r1-gian-19,hard,content,OA19-H-10,会派別の賛否: 全8会派が賛成（採決結果行は ○○○○○○○○）,https://www.city.shinjuku.lg.jp/content/000452334.pdf,22ba4f49b18c96bd1fa26241606257c05477f38e25ac46d6f8e4f416a2cedbf2,審議状況（議案の概要と審議結果の採決結果行）,『子ども・子育て支援法』の改正により、地域型保育事業の利用定員に係る規定等が追加されたことに伴い、引用条項を改める。○○○○○○○○可決,supported,0a32b620a1e8ea7d20ce31476c5eb4d3bd75544552e7dcb9b1df958ec9fd8beb
shinjuku-2026-r1-gian-19,hard,content,OA19-H-11,会派: 自民・参政クラブ、新宿区議会公明党、日本共産党新宿区議会議員団、新宿未来の会、立憲民主党・無所属クラブ、日本維新の会・新宿区議団、現役世代に優しい新宿・減税の会、れいわ新選組 新宿,https://www.city.shinjuku.lg.jp/content/000452334.pdf,22ba4f49b18c96bd1fa26241606257c05477f38e25ac46d6f8e4f416a2cedbf2,会派略称・列の並び,共産＝日本共産党新宿区議会議員団…れいわ＝れいわ新選組 新宿…自参ク＝自民・参政クラブ…公明＝新宿区議会公明党…新宿会＝新宿未来の会…民無ク＝立憲民主党・無所属クラブ…維新＝日本維新の会・新宿区議団…現役＝現役世代に優しい新宿・減税の会,supported,0a32b620a1e8ea7d20ce31476c5eb4d3bd75544552e7dcb9b1df958ec9fd8beb
shinjuku-2026-r1-gian-19,hard,content,OA19-H-12,児童福祉法等の一部を改正する法律（令和7年法律第29号）の一部の施行による子ども・子育て支援法（平成24年法律第65号）の改正に伴い、規定を整備する必要があるため,https://www.city.shinjuku.lg.jp/content/000448435.pdf,0201b3be9cc0f8b8d9abf6623fabdd2b20a22d470c28c1aa925ee3c4b0fdf4c8,（提案理由）,児童福祉法等の一部を改正する法律（令和7年法律第29号）の一部の施行による子ども・子育て支援法（平成24年法律第65号）の改正に伴い、規定を整備する必要があるため,supported,0a32b620a1e8ea7d20ce31476c5eb4d3bd75544552e7dcb9b1df958ec9fd8beb
shinjuku-2026-r1-gian-19,hard,content,OA19-H-13,第2条第2項第15号 / 「第43条第2項」を「第43条第4項」に改める,https://www.city.shinjuku.lg.jp/content/000448435.pdf,0201b3be9cc0f8b8d9abf6623fabdd2b20a22d470c28c1aa925ee3c4b0fdf4c8,第2条第2項第15号,第2条第2項第15号中「第43条第2項」を「第43条第4項」に改める,supported,0a32b620a1e8ea7d20ce31476c5eb4d3bd75544552e7dcb9b1df958ec9fd8beb
shinjuku-2026-r1-gian-19,hard,content,OA19-H-14,子ども・子育て支援法の改正により、地域型保育事業の利用定員に係る規定等が追加されたことに伴い、引用条項を改める。,https://www.city.shinjuku.lg.jp/content/000447774.pdf,1dc3eaffcafb1b1c9e139e823182dc80dc0755624813ca87d8b274d15f5b6624,第19号議案,子ども・子育て支援法の改正により、地域型保育事業の利用…定員に係る規定等が追加されたことに伴い、引用条項を改め…る,supported,0a32b620a1e8ea7d20ce31476c5eb4d3bd75544552e7dcb9b1df958ec9fd8beb
shinjuku-2026-r1-gian-19,hard,content,OA19-H-15,「議案の概要と審議結果」も同旨の概要を記載している。,https://www.city.shinjuku.lg.jp/content/000452334.pdf,22ba4f49b18c96bd1fa26241606257c05477f38e25ac46d6f8e4f416a2cedbf2,第19号議案（議案の概要）,『子ども・子育て支援法』の改正により、地域型保育事業の利用定員に係る規定等が追加されたことに伴い、引用条項を改める,supported,0a32b620a1e8ea7d20ce31476c5eb4d3bd75544552e7dcb9b1df958ec9fd8beb
shinjuku-2026-r1-gian-19,hard,content,OA19-H-16,この条例は、令和8年4月1日から施行する。,https://www.city.shinjuku.lg.jp/content/000448435.pdf,0201b3be9cc0f8b8d9abf6623fabdd2b20a22d470c28c1aa925ee3c4b0fdf4c8,附則（施行期日）,この条例は、令和8年4月1日から施行する,supported,0a32b620a1e8ea7d20ce31476c5eb4d3bd75544552e7dcb9b1df958ec9fd8beb
shinjuku-2026-r1-gian-19,hard,content,OA19-H-17,第19号議案 全文 / https://www.city.shinjuku.lg.jp/content/000448435.pdf / 0201b3be9cc0f8b8d9abf6623fabdd2b20a22d470c28c1aa925ee3c4b0fdf4c8,https://www.city.shinjuku.lg.jp/content/000448435.pdf,0201b3be9cc0f8b8d9abf6623fabdd2b20a22d470c28c1aa925ee3c4b0fdf4c8,件名,新宿区特定教育・保育施設及び特定地域型保育事業の運営に関する基準を定める条例の一部を改正する条例,supported,0a32b620a1e8ea7d20ce31476c5eb4d3bd75544552e7dcb9b1df958ec9fd8beb
shinjuku-2026-r1-gian-19,hard,content,OA19-H-18,提出案件概要（条例関係） / https://www.city.shinjuku.lg.jp/content/000447774.pdf / 1dc3eaffcafb1b1c9e139e823182dc80dc0755624813ca87d8b274d15f5b6624,https://www.city.shinjuku.lg.jp/content/000447774.pdf,1dc3eaffcafb1b1c9e139e823182dc80dc0755624813ca87d8b274d15f5b6624,提出案件概要（条例関係）,第1回区議会定例会提出案件概要…（条例関係）,supported,0a32b620a1e8ea7d20ce31476c5eb4d3bd75544552e7dcb9b1df958ec9fd8beb
shinjuku-2026-r1-gian-19,hard,content,OA19-H-19,議案の概要と審議結果 / https://www.city.shinjuku.lg.jp/content/000452334.pdf / 22ba4f49b18c96bd1fa26241606257c05477f38e25ac46d6f8e4f416a2cedbf2,https://www.city.shinjuku.lg.jp/content/000452334.pdf,22ba4f49b18c96bd1fa26241606257c05477f38e25ac46d6f8e4f416a2cedbf2,議案の概要と審議結果,議案の概要と審議結果,supported,0a32b620a1e8ea7d20ce31476c5eb4d3bd75544552e7dcb9b1df958ec9fd8beb
shinjuku-2026-r1-gian-19,hard,content,OA19-H-20,議決結果ページ（2026-10-04 取得） / https://www.city.shinjuku.lg.jp/kusei/soumu01_002090_00015.html / 7c2b6f68db1b433b860b35d176b4dd9211e78582ec9de718fcfefe68b22d896a,https://www.city.shinjuku.lg.jp/kusei/soumu01_002090_00015.html,7c2b6f68db1b433b860b35d176b4dd9211e78582ec9de718fcfefe68b22d896a,審議状況（議決結果ページ）,第19号議案新宿区特定教育・保育施設及び特定地域型保育事業の運営に関する基準を定める条例の一部を改正する条例原案可決,supported,0a32b620a1e8ea7d20ce31476c5eb4d3bd75544552e7dcb9b1df958ec9fd8beb
shinjuku-2026-r1-gian-19,hard,content,OA19-H-21,会議録 3月24日 議長（委員会審査報告） / https://ssp.kaigiroku.net/tenant/shinjuku/MinuteView.html?council_id=3163&schedule_id=5&minute_id=58 / 69368f14e256835f225802d7539f39260bf2106b46b6e0ee675d011db724582f,https://ssp.kaigiroku.net/tenant/shinjuku/MinuteView.html?council_id=3163&schedule_id=5&minute_id=58,69368f14e256835f225802d7539f39260bf2106b46b6e0ee675d011db724582f,審議状況（本会議 3月24日 議長）,文教子ども家庭委員会審査報告書は、可決です…御異議ありませんか,supported,0a32b620a1e8ea7d20ce31476c5eb4d3bd75544552e7dcb9b1df958ec9fd8beb
shinjuku-2026-r1-gian-19,hard,content,OA19-H-22,会議録 3月24日 議長（採決） / https://ssp.kaigiroku.net/tenant/shinjuku/MinuteView.html?council_id=3163&schedule_id=5&minute_id=59 / 970914f9ce4a28e423e8480a3d4ce175afafafeebd92448698df42d97cb2ec1d,https://ssp.kaigiroku.net/tenant/shinjuku/MinuteView.html?council_id=3163&schedule_id=5&minute_id=59,970914f9ce4a28e423e8480a3d4ce175afafafeebd92448698df42d97cb2ec1d,審議状況（本会議 3月24日 議長）,異議なしと認めます…本案は、いずれも委員会審査報告のとおり可決されました,supported,0a32b620a1e8ea7d20ce31476c5eb4d3bd75544552e7dcb9b1df958ec9fd8beb
