item_key,difficulty,content_field,claim_id,final_claim,source_url,source_sha256,page_or_section,evidence_excerpt,verdict,reviewed_content_sha256
shinjuku-2026-r1-gian-2,easy,title,R81B2-ET-01,件名は令和8年度新宿区国民健康保険特別会計予算,https://www.city.shinjuku.lg.jp/content/000448412.pdf,ed5f5fcc4ff84f64868da0d16a95bba5a9b0cdc60a7fd1122aa78d88bc6e873f,件名,令和８年度新宿区国民健康保険特別会計予算,supported,cfacbed54b56786cb1dc66e17571ebffd9d7894852d5297a8fd8b11386dab613
shinjuku-2026-r1-gian-2,normal,title,R81B2-NT-01,件名は令和8年度新宿区国民健康保険特別会計予算,https://www.city.shinjuku.lg.jp/content/000448412.pdf,ed5f5fcc4ff84f64868da0d16a95bba5a9b0cdc60a7fd1122aa78d88bc6e873f,件名,令和８年度新宿区国民健康保険特別会計予算,supported,61820f38cbde1afe83f8b99b3d7c26bbeab19fe029d6e7fc8d253118439f757d
shinjuku-2026-r1-gian-2,hard,title,R81B2-HT-01,件名は令和8年度新宿区国民健康保険特別会計予算,https://www.city.shinjuku.lg.jp/content/000448412.pdf,ed5f5fcc4ff84f64868da0d16a95bba5a9b0cdc60a7fd1122aa78d88bc6e873f,件名,令和８年度新宿区国民健康保険特別会計予算,supported,f495ce4f7742fcb412d19482683f89333b095d7c428b5cbf7e69afecc736c092
shinjuku-2026-r1-gian-2,easy,summary,R81B2-ES-01,"予算額は382億9,154万9千円（議案の概要と審議結果）",https://www.city.shinjuku.lg.jp/content/000452334.pdf,22ba4f49b18c96bd1fa26241606257c05477f38e25ac46d6f8e4f416a2cedbf2,議案の概要と審議結果（予算額）,"令和8年度新宿区国民健康保険特別会計予算予算額：382億9,154万9千円",supported,cfacbed54b56786cb1dc66e17571ebffd9d7894852d5297a8fd8b11386dab613
shinjuku-2026-r1-gian-2,normal,summary,R81B2-NS-01,"予算額は382億9,154万9千円（議案の概要と審議結果）",https://www.city.shinjuku.lg.jp/content/000452334.pdf,22ba4f49b18c96bd1fa26241606257c05477f38e25ac46d6f8e4f416a2cedbf2,議案の概要と審議結果（予算額）,"令和8年度新宿区国民健康保険特別会計予算予算額：382億9,154万9千円",supported,61820f38cbde1afe83f8b99b3d7c26bbeab19fe029d6e7fc8d253118439f757d
shinjuku-2026-r1-gian-2,hard,summary,R81B2-HS-01,"予算額は382億9,154万9千円（議案の概要と審議結果）",https://www.city.shinjuku.lg.jp/content/000452334.pdf,22ba4f49b18c96bd1fa26241606257c05477f38e25ac46d6f8e4f416a2cedbf2,議案の概要と審議結果（予算額）,"令和8年度新宿区国民健康保険特別会計予算予算額：382億9,154万9千円",supported,f495ce4f7742fcb412d19482683f89333b095d7c428b5cbf7e69afecc736c092
shinjuku-2026-r1-gian-2,easy,summary,R81B2-ES-02,歳出の主な款の金額,https://www.city.shinjuku.lg.jp/content/000448412.pdf,ed5f5fcc4ff84f64868da0d16a95bba5a9b0cdc60a7fd1122aa78d88bc6e873f,第1表 歳出,"保険給付費21,921,216…国民健康保険事業費納付金14,875,484",supported,cfacbed54b56786cb1dc66e17571ebffd9d7894852d5297a8fd8b11386dab613
shinjuku-2026-r1-gian-2,normal,summary,R81B2-NS-02,歳出の主な款の金額,https://www.city.shinjuku.lg.jp/content/000448412.pdf,ed5f5fcc4ff84f64868da0d16a95bba5a9b0cdc60a7fd1122aa78d88bc6e873f,第1表 歳出,"保険給付費21,921,216…国民健康保険事業費納付金14,875,484",supported,61820f38cbde1afe83f8b99b3d7c26bbeab19fe029d6e7fc8d253118439f757d
shinjuku-2026-r1-gian-2,hard,summary,R81B2-HS-02,歳出の主な款の金額,https://www.city.shinjuku.lg.jp/content/000448412.pdf,ed5f5fcc4ff84f64868da0d16a95bba5a9b0cdc60a7fd1122aa78d88bc6e873f,第1表 歳出,"保険給付費21,921,216…国民健康保険事業費納付金14,875,484",supported,f495ce4f7742fcb412d19482683f89333b095d7c428b5cbf7e69afecc736c092
shinjuku-2026-r1-gian-2,easy,content,R81B2-E-01,件名は令和8年度新宿区国民健康保険特別会計予算,https://www.city.shinjuku.lg.jp/content/000448412.pdf,ed5f5fcc4ff84f64868da0d16a95bba5a9b0cdc60a7fd1122aa78d88bc6e873f,件名,令和８年度新宿区国民健康保険特別会計予算,supported,cfacbed54b56786cb1dc66e17571ebffd9d7894852d5297a8fd8b11386dab613
shinjuku-2026-r1-gian-2,normal,content,R81B2-N-01,件名は令和8年度新宿区国民健康保険特別会計予算,https://www.city.shinjuku.lg.jp/content/000448412.pdf,ed5f5fcc4ff84f64868da0d16a95bba5a9b0cdc60a7fd1122aa78d88bc6e873f,件名,令和８年度新宿区国民健康保険特別会計予算,supported,61820f38cbde1afe83f8b99b3d7c26bbeab19fe029d6e7fc8d253118439f757d
shinjuku-2026-r1-gian-2,hard,content,R81B2-H-01,件名は令和8年度新宿区国民健康保険特別会計予算,https://www.city.shinjuku.lg.jp/content/000448412.pdf,ed5f5fcc4ff84f64868da0d16a95bba5a9b0cdc60a7fd1122aa78d88bc6e873f,件名,令和８年度新宿区国民健康保険特別会計予算,supported,f495ce4f7742fcb412d19482683f89333b095d7c428b5cbf7e69afecc736c092
shinjuku-2026-r1-gian-2,easy,content,R81B2-E-02,提出日は令和8年2月17日、提出者は新宿区長 吉住健一,https://www.city.shinjuku.lg.jp/content/000448412.pdf,ed5f5fcc4ff84f64868da0d16a95bba5a9b0cdc60a7fd1122aa78d88bc6e873f,提出日・提出者,令和８年２月１７日 提出…新宿区長 吉 住 健 一,supported,cfacbed54b56786cb1dc66e17571ebffd9d7894852d5297a8fd8b11386dab613
shinjuku-2026-r1-gian-2,normal,content,R81B2-N-02,提出日は令和8年2月17日、提出者は新宿区長 吉住健一,https://www.city.shinjuku.lg.jp/content/000448412.pdf,ed5f5fcc4ff84f64868da0d16a95bba5a9b0cdc60a7fd1122aa78d88bc6e873f,提出日・提出者,令和８年２月１７日 提出…新宿区長 吉 住 健 一,supported,61820f38cbde1afe83f8b99b3d7c26bbeab19fe029d6e7fc8d253118439f757d
shinjuku-2026-r1-gian-2,hard,content,R81B2-H-02,提出日は令和8年2月17日、提出者は新宿区長 吉住健一,https://www.city.shinjuku.lg.jp/content/000448412.pdf,ed5f5fcc4ff84f64868da0d16a95bba5a9b0cdc60a7fd1122aa78d88bc6e873f,提出日・提出者,令和８年２月１７日 提出…新宿区長 吉 住 健 一,supported,f495ce4f7742fcb412d19482683f89333b095d7c428b5cbf7e69afecc736c092
shinjuku-2026-r1-gian-2,easy,content,R81B2-E-03,"第1条: 歳入歳出予算の総額は38,291,549千円（382億9,154万9千円）",https://www.city.shinjuku.lg.jp/content/000448412.pdf,ed5f5fcc4ff84f64868da0d16a95bba5a9b0cdc60a7fd1122aa78d88bc6e873f,第1条,"歳入歳出予算の総額は、歳入歳出それぞれ 38,291,549 千円と定める",supported,cfacbed54b56786cb1dc66e17571ebffd9d7894852d5297a8fd8b11386dab613
shinjuku-2026-r1-gian-2,normal,content,R81B2-N-03,"第1条: 歳入歳出予算の総額は38,291,549千円（382億9,154万9千円）",https://www.city.shinjuku.lg.jp/content/000448412.pdf,ed5f5fcc4ff84f64868da0d16a95bba5a9b0cdc60a7fd1122aa78d88bc6e873f,第1条,"歳入歳出予算の総額は、歳入歳出それぞれ 38,291,549 千円と定める",supported,61820f38cbde1afe83f8b99b3d7c26bbeab19fe029d6e7fc8d253118439f757d
shinjuku-2026-r1-gian-2,hard,content,R81B2-H-03,"第1条: 歳入歳出予算の総額は38,291,549千円（382億9,154万9千円）",https://www.city.shinjuku.lg.jp/content/000448412.pdf,ed5f5fcc4ff84f64868da0d16a95bba5a9b0cdc60a7fd1122aa78d88bc6e873f,第1条,"歳入歳出予算の総額は、歳入歳出それぞれ 38,291,549 千円と定める",supported,f495ce4f7742fcb412d19482683f89333b095d7c428b5cbf7e69afecc736c092
shinjuku-2026-r1-gian-2,easy,content,R81B2-E-04,第1表 歳入: 款ごとの金額と歳入合計,https://www.city.shinjuku.lg.jp/content/000448412.pdf,ed5f5fcc4ff84f64868da0d16a95bba5a9b0cdc60a7fd1122aa78d88bc6e873f,第1表 歳入,"国民健康保険料11,541,783…一部負担金1…使用料及び手数料192…都支出金21,829,163…財産収入8…繰入金4,762,586…繰越金81,106…諸収入76,710",supported,cfacbed54b56786cb1dc66e17571ebffd9d7894852d5297a8fd8b11386dab613
shinjuku-2026-r1-gian-2,normal,content,R81B2-N-04,第1表 歳入: 款ごとの金額と歳入合計,https://www.city.shinjuku.lg.jp/content/000448412.pdf,ed5f5fcc4ff84f64868da0d16a95bba5a9b0cdc60a7fd1122aa78d88bc6e873f,第1表 歳入,"国民健康保険料11,541,783…一部負担金1…使用料及び手数料192…都支出金21,829,163…財産収入8…繰入金4,762,586…繰越金81,106…諸収入76,710",supported,61820f38cbde1afe83f8b99b3d7c26bbeab19fe029d6e7fc8d253118439f757d
shinjuku-2026-r1-gian-2,hard,content,R81B2-H-04,第1表 歳入: 款ごとの金額と歳入合計,https://www.city.shinjuku.lg.jp/content/000448412.pdf,ed5f5fcc4ff84f64868da0d16a95bba5a9b0cdc60a7fd1122aa78d88bc6e873f,第1表 歳入,"国民健康保険料11,541,783…一部負担金1…使用料及び手数料192…都支出金21,829,163…財産収入8…繰入金4,762,586…繰越金81,106…諸収入76,710",supported,f495ce4f7742fcb412d19482683f89333b095d7c428b5cbf7e69afecc736c092
shinjuku-2026-r1-gian-2,easy,content,R81B2-E-05,第1表 歳出: 款ごとの金額と歳出合計,https://www.city.shinjuku.lg.jp/content/000448412.pdf,ed5f5fcc4ff84f64868da0d16a95bba5a9b0cdc60a7fd1122aa78d88bc6e873f,第1表 歳出,"総務費1,044,426…保険給付費21,921,216…国民健康保険事業費納付金14,875,484…保健事業費218,857…諸支出金81,566…予備費150,000",supported,cfacbed54b56786cb1dc66e17571ebffd9d7894852d5297a8fd8b11386dab613
shinjuku-2026-r1-gian-2,normal,content,R81B2-N-05,第1表 歳出: 款ごとの金額と歳出合計,https://www.city.shinjuku.lg.jp/content/000448412.pdf,ed5f5fcc4ff84f64868da0d16a95bba5a9b0cdc60a7fd1122aa78d88bc6e873f,第1表 歳出,"総務費1,044,426…保険給付費21,921,216…国民健康保険事業費納付金14,875,484…保健事業費218,857…諸支出金81,566…予備費150,000",supported,61820f38cbde1afe83f8b99b3d7c26bbeab19fe029d6e7fc8d253118439f757d
shinjuku-2026-r1-gian-2,hard,content,R81B2-H-05,第1表 歳出: 款ごとの金額と歳出合計,https://www.city.shinjuku.lg.jp/content/000448412.pdf,ed5f5fcc4ff84f64868da0d16a95bba5a9b0cdc60a7fd1122aa78d88bc6e873f,第1表 歳出,"総務費1,044,426…保険給付費21,921,216…国民健康保険事業費納付金14,875,484…保健事業費218,857…諸支出金81,566…予備費150,000",supported,f495ce4f7742fcb412d19482683f89333b095d7c428b5cbf7e69afecc736c092
shinjuku-2026-r1-gian-2,easy,content,R81B2-E-06,第1表 歳出 款 保険給付費の項の項ごとの金額,https://www.city.shinjuku.lg.jp/content/000448412.pdf,ed5f5fcc4ff84f64868da0d16a95bba5a9b0cdc60a7fd1122aa78d88bc6e873f,第1表 歳出 款 保険給付費の項,"療養諸費19,010,046…高額療養費2,709,621…移送費534…出産育児諸費151,000…葬祭費19,670…結核・精神医療給付金30,344…傷病手当金1",supported,cfacbed54b56786cb1dc66e17571ebffd9d7894852d5297a8fd8b11386dab613
shinjuku-2026-r1-gian-2,normal,content,R81B2-N-06,第1表 歳出 款 保険給付費の項の項ごとの金額,https://www.city.shinjuku.lg.jp/content/000448412.pdf,ed5f5fcc4ff84f64868da0d16a95bba5a9b0cdc60a7fd1122aa78d88bc6e873f,第1表 歳出 款 保険給付費の項,"療養諸費19,010,046…高額療養費2,709,621…移送費534…出産育児諸費151,000…葬祭費19,670…結核・精神医療給付金30,344…傷病手当金1",supported,61820f38cbde1afe83f8b99b3d7c26bbeab19fe029d6e7fc8d253118439f757d
shinjuku-2026-r1-gian-2,easy,content,R81B2-E-07,第1表 歳出 款 国民健康保険事業費納付金の項の項ごとの金額,https://www.city.shinjuku.lg.jp/content/000448412.pdf,ed5f5fcc4ff84f64868da0d16a95bba5a9b0cdc60a7fd1122aa78d88bc6e873f,第1表 歳出 款 国民健康保険事業費納付金の項,"医療給付費分10,042,196…後期高齢者支援金等分3,649,090…介護納付金分1,184,198",supported,cfacbed54b56786cb1dc66e17571ebffd9d7894852d5297a8fd8b11386dab613
shinjuku-2026-r1-gian-2,normal,content,R81B2-N-07,第1表 歳出 款 国民健康保険事業費納付金の項の項ごとの金額,https://www.city.shinjuku.lg.jp/content/000448412.pdf,ed5f5fcc4ff84f64868da0d16a95bba5a9b0cdc60a7fd1122aa78d88bc6e873f,第1表 歳出 款 国民健康保険事業費納付金の項,"医療給付費分10,042,196…後期高齢者支援金等分3,649,090…介護納付金分1,184,198",supported,61820f38cbde1afe83f8b99b3d7c26bbeab19fe029d6e7fc8d253118439f757d
shinjuku-2026-r1-gian-2,easy,content,R81B2-E-08,第2号議案の議決結果は原案可決,https://www.city.shinjuku.lg.jp/kusei/soumu01_002090_00015.html,7c2b6f68db1b433b860b35d176b4dd9211e78582ec9de718fcfefe68b22d896a,審議状況（議決結果ページ）,第2号議案令和8年度新宿区国民健康保険特別会計予算原案可決,supported,cfacbed54b56786cb1dc66e17571ebffd9d7894852d5297a8fd8b11386dab613
shinjuku-2026-r1-gian-2,normal,content,R81B2-N-08,第2号議案の議決結果は原案可決,https://www.city.shinjuku.lg.jp/kusei/soumu01_002090_00015.html,7c2b6f68db1b433b860b35d176b4dd9211e78582ec9de718fcfefe68b22d896a,審議状況（議決結果ページ）,第2号議案令和8年度新宿区国民健康保険特別会計予算原案可決,supported,61820f38cbde1afe83f8b99b3d7c26bbeab19fe029d6e7fc8d253118439f757d
shinjuku-2026-r1-gian-2,hard,content,R81B2-H-06,第2号議案の議決結果は原案可決,https://www.city.shinjuku.lg.jp/kusei/soumu01_002090_00015.html,7c2b6f68db1b433b860b35d176b4dd9211e78582ec9de718fcfefe68b22d896a,審議状況（議決結果ページ）,第2号議案令和8年度新宿区国民健康保険特別会計予算原案可決,supported,f495ce4f7742fcb412d19482683f89333b095d7c428b5cbf7e69afecc736c092
shinjuku-2026-r1-gian-2,easy,content,R81B2-E-09,採決は2026年3月24日の本会議（第4日）,https://ssp.kaigiroku.net/tenant/shinjuku/MinuteView.html?council_id=3163&schedule_id=5&minute_id=1,bd058d36962b45d8d965e4625bb95ecd661a102a026175213f37ba9eb575424a,審議状況（本会議 3月24日 会議録の冒頭）,令和８年第１回定例会会議録（第４日）第４号…令和８年３月２４日（火曜日）,supported,cfacbed54b56786cb1dc66e17571ebffd9d7894852d5297a8fd8b11386dab613
shinjuku-2026-r1-gian-2,normal,content,R81B2-N-09,採決は2026年3月24日の本会議（第4日）,https://ssp.kaigiroku.net/tenant/shinjuku/MinuteView.html?council_id=3163&schedule_id=5&minute_id=1,bd058d36962b45d8d965e4625bb95ecd661a102a026175213f37ba9eb575424a,審議状況（本会議 3月24日 会議録の冒頭）,令和８年第１回定例会会議録（第４日）第４号…令和８年３月２４日（火曜日）,supported,61820f38cbde1afe83f8b99b3d7c26bbeab19fe029d6e7fc8d253118439f757d
shinjuku-2026-r1-gian-2,hard,content,R81B2-H-07,採決は2026年3月24日の本会議（第4日）,https://ssp.kaigiroku.net/tenant/shinjuku/MinuteView.html?council_id=3163&schedule_id=5&minute_id=1,bd058d36962b45d8d965e4625bb95ecd661a102a026175213f37ba9eb575424a,審議状況（本会議 3月24日 会議録の冒頭）,令和８年第１回定例会会議録（第４日）第４号…令和８年３月２４日（火曜日）,supported,f495ce4f7742fcb412d19482683f89333b095d7c428b5cbf7e69afecc736c092
shinjuku-2026-r1-gian-2,easy,content,R81B2-E-10,予算特別委員会の審査報告書は可決,https://ssp.kaigiroku.net/tenant/shinjuku/MinuteView.html?council_id=3163&schedule_id=5&minute_id=86,62a82ef34e4edb3db1f82b1fac49415825b69ba764a9605e1b2427a225ec6011,審議状況（本会議 3月24日 議長）,予算特別委員会審査報告書は、可決です,supported,cfacbed54b56786cb1dc66e17571ebffd9d7894852d5297a8fd8b11386dab613
shinjuku-2026-r1-gian-2,normal,content,R81B2-N-10,予算特別委員会の審査報告書は可決,https://ssp.kaigiroku.net/tenant/shinjuku/MinuteView.html?council_id=3163&schedule_id=5&minute_id=86,62a82ef34e4edb3db1f82b1fac49415825b69ba764a9605e1b2427a225ec6011,審議状況（本会議 3月24日 議長）,予算特別委員会審査報告書は、可決です,supported,61820f38cbde1afe83f8b99b3d7c26bbeab19fe029d6e7fc8d253118439f757d
shinjuku-2026-r1-gian-2,hard,content,R81B2-H-08,予算特別委員会の審査報告書は可決,https://ssp.kaigiroku.net/tenant/shinjuku/MinuteView.html?council_id=3163&schedule_id=5&minute_id=86,62a82ef34e4edb3db1f82b1fac49415825b69ba764a9605e1b2427a225ec6011,審議状況（本会議 3月24日 議長）,予算特別委員会審査報告書は、可決です,supported,f495ce4f7742fcb412d19482683f89333b095d7c428b5cbf7e69afecc736c092
shinjuku-2026-r1-gian-2,easy,content,R81B2-E-11,第2号議案は起立により採決,https://ssp.kaigiroku.net/tenant/shinjuku/MinuteView.html?council_id=3163&schedule_id=5&minute_id=93,6b9a442fe1b8e9b3e365ca3bdcd03f968a410bb5ce7e2dce917f806ea80be5d2,審議状況（本会議 3月24日 議長）,次に、第２号議案について採決します…本案を委員会審査報告のとおり決定することに賛成の方は御起立願います,supported,cfacbed54b56786cb1dc66e17571ebffd9d7894852d5297a8fd8b11386dab613
shinjuku-2026-r1-gian-2,normal,content,R81B2-N-11,第2号議案は起立により採決,https://ssp.kaigiroku.net/tenant/shinjuku/MinuteView.html?council_id=3163&schedule_id=5&minute_id=93,6b9a442fe1b8e9b3e365ca3bdcd03f968a410bb5ce7e2dce917f806ea80be5d2,審議状況（本会議 3月24日 議長）,次に、第２号議案について採決します…本案を委員会審査報告のとおり決定することに賛成の方は御起立願います,supported,61820f38cbde1afe83f8b99b3d7c26bbeab19fe029d6e7fc8d253118439f757d
shinjuku-2026-r1-gian-2,hard,content,R81B2-H-09,第2号議案は起立により採決,https://ssp.kaigiroku.net/tenant/shinjuku/MinuteView.html?council_id=3163&schedule_id=5&minute_id=93,6b9a442fe1b8e9b3e365ca3bdcd03f968a410bb5ce7e2dce917f806ea80be5d2,審議状況（本会議 3月24日 議長）,次に、第２号議案について採決します…本案を委員会審査報告のとおり決定することに賛成の方は御起立願います,supported,f495ce4f7742fcb412d19482683f89333b095d7c428b5cbf7e69afecc736c092
shinjuku-2026-r1-gian-2,easy,content,R81B2-E-12,起立多数と認め、委員会審査報告のとおり可決,https://ssp.kaigiroku.net/tenant/shinjuku/MinuteView.html?council_id=3163&schedule_id=5&minute_id=94,db7bad887ef0f42049302d8208d9a3c54511a019d88d29d1d72c30cb499cb70f,審議状況（本会議 3月24日 議長）,起立多数と認めます…本案は、委員会審査報告のとおり可決されました,supported,cfacbed54b56786cb1dc66e17571ebffd9d7894852d5297a8fd8b11386dab613
shinjuku-2026-r1-gian-2,normal,content,R81B2-N-12,起立多数と認め、委員会審査報告のとおり可決,https://ssp.kaigiroku.net/tenant/shinjuku/MinuteView.html?council_id=3163&schedule_id=5&minute_id=94,db7bad887ef0f42049302d8208d9a3c54511a019d88d29d1d72c30cb499cb70f,審議状況（本会議 3月24日 議長）,起立多数と認めます…本案は、委員会審査報告のとおり可決されました,supported,61820f38cbde1afe83f8b99b3d7c26bbeab19fe029d6e7fc8d253118439f757d
shinjuku-2026-r1-gian-2,hard,content,R81B2-H-10,起立多数と認め、委員会審査報告のとおり可決,https://ssp.kaigiroku.net/tenant/shinjuku/MinuteView.html?council_id=3163&schedule_id=5&minute_id=94,db7bad887ef0f42049302d8208d9a3c54511a019d88d29d1d72c30cb499cb70f,審議状況（本会議 3月24日 議長）,起立多数と認めます…本案は、委員会審査報告のとおり可決されました,supported,f495ce4f7742fcb412d19482683f89333b095d7c428b5cbf7e69afecc736c092
shinjuku-2026-r1-gian-2,easy,content,R81B2-E-13,会期は2026年2月17日から3月24日まで,https://www.city.shinjuku.lg.jp/kusei/file08_05_0003820210204_00013.html,869549fe3ba94ac28c6e8fd003d4ad71484501a78203fc7a885109aae4ab487c,審議状況（会期と日程）,令和8年2月17日（火曜日）から3月24日（火曜日）まで,supported,cfacbed54b56786cb1dc66e17571ebffd9d7894852d5297a8fd8b11386dab613
shinjuku-2026-r1-gian-2,normal,content,R81B2-N-13,会期は2026年2月17日から3月24日まで,https://www.city.shinjuku.lg.jp/kusei/file08_05_0003820210204_00013.html,869549fe3ba94ac28c6e8fd003d4ad71484501a78203fc7a885109aae4ab487c,審議状況（会期と日程）,令和8年2月17日（火曜日）から3月24日（火曜日）まで,supported,61820f38cbde1afe83f8b99b3d7c26bbeab19fe029d6e7fc8d253118439f757d
shinjuku-2026-r1-gian-2,hard,content,R81B2-H-11,会期は2026年2月17日から3月24日まで,https://www.city.shinjuku.lg.jp/kusei/file08_05_0003820210204_00013.html,869549fe3ba94ac28c6e8fd003d4ad71484501a78203fc7a885109aae4ab487c,審議状況（会期と日程）,令和8年2月17日（火曜日）から3月24日（火曜日）まで,supported,f495ce4f7742fcb412d19482683f89333b095d7c428b5cbf7e69afecc736c092
shinjuku-2026-r1-gian-2,easy,content,R81B2-E-14,会派別の賛否: 共産・れいわが反対、ほか6会派が賛成,https://www.city.shinjuku.lg.jp/content/000452334.pdf,22ba4f49b18c96bd1fa26241606257c05477f38e25ac46d6f8e4f416a2cedbf2,審議状況（議案の概要と審議結果の採決結果行）,"令和8年度新宿区国民健康保険特別会計予算予算額：382億9,154万9千円○○×○○○○×可決",supported,cfacbed54b56786cb1dc66e17571ebffd9d7894852d5297a8fd8b11386dab613
shinjuku-2026-r1-gian-2,normal,content,R81B2-N-14,会派別の賛否: 共産・れいわが反対、ほか6会派が賛成,https://www.city.shinjuku.lg.jp/content/000452334.pdf,22ba4f49b18c96bd1fa26241606257c05477f38e25ac46d6f8e4f416a2cedbf2,審議状況（議案の概要と審議結果の採決結果行）,"令和8年度新宿区国民健康保険特別会計予算予算額：382億9,154万9千円○○×○○○○×可決",supported,61820f38cbde1afe83f8b99b3d7c26bbeab19fe029d6e7fc8d253118439f757d
shinjuku-2026-r1-gian-2,hard,content,R81B2-H-12,会派別の賛否: 共産・れいわが反対、ほか6会派が賛成,https://www.city.shinjuku.lg.jp/content/000452334.pdf,22ba4f49b18c96bd1fa26241606257c05477f38e25ac46d6f8e4f416a2cedbf2,審議状況（議案の概要と審議結果の採決結果行）,"令和8年度新宿区国民健康保険特別会計予算予算額：382億9,154万9千円○○×○○○○×可決",supported,f495ce4f7742fcb412d19482683f89333b095d7c428b5cbf7e69afecc736c092
shinjuku-2026-r1-gian-2,hard,content,R81B2-H-13,会派略称と賛否の列の並び,https://www.city.shinjuku.lg.jp/content/000452334.pdf,22ba4f49b18c96bd1fa26241606257c05477f38e25ac46d6f8e4f416a2cedbf2,審議状況（会派略称・列の並び）,共産＝日本共産党新宿区議会議員団…れいわ＝れいわ新選組 新宿…自参ク＝自民・参政クラブ…公明＝新宿区議会公明党…新宿会＝新宿未来の会…民無ク＝立憲民主党・無所属クラブ…維新＝日本維新の会・新宿区議団…現役＝現役世代に優しい新宿・減税の会…自参ク 公明 共産 新宿会 民無ク 維新 現役 れいわ,supported,f495ce4f7742fcb412d19482683f89333b095d7c428b5cbf7e69afecc736c092
shinjuku-2026-r1-gian-2,easy,content,R81B2-E-15,予算特別委員会で留保された少数意見の口頭報告を許した,https://ssp.kaigiroku.net/tenant/shinjuku/MinuteView.html?council_id=3163&schedule_id=5&minute_id=88,c43077356d68a4b1f05b1738e1e80628f540e4760d8788f30c4a249c550bb815,審議状況（本会議 3月24日 議長）,予算特別委員会で留保された少数意見を口頭で報告するとの申出がありますので、順にこれを許します,supported,cfacbed54b56786cb1dc66e17571ebffd9d7894852d5297a8fd8b11386dab613
shinjuku-2026-r1-gian-2,normal,content,R81B2-N-15,予算特別委員会で留保された少数意見の口頭報告を許した,https://ssp.kaigiroku.net/tenant/shinjuku/MinuteView.html?council_id=3163&schedule_id=5&minute_id=88,c43077356d68a4b1f05b1738e1e80628f540e4760d8788f30c4a249c550bb815,審議状況（本会議 3月24日 議長）,予算特別委員会で留保された少数意見を口頭で報告するとの申出がありますので、順にこれを許します,supported,61820f38cbde1afe83f8b99b3d7c26bbeab19fe029d6e7fc8d253118439f757d
shinjuku-2026-r1-gian-2,hard,content,R81B2-H-14,予算特別委員会で留保された少数意見の口頭報告を許した,https://ssp.kaigiroku.net/tenant/shinjuku/MinuteView.html?council_id=3163&schedule_id=5&minute_id=88,c43077356d68a4b1f05b1738e1e80628f540e4760d8788f30c4a249c550bb815,審議状況（本会議 3月24日 議長）,予算特別委員会で留保された少数意見を口頭で報告するとの申出がありますので、順にこれを許します,supported,f495ce4f7742fcb412d19482683f89333b095d7c428b5cbf7e69afecc736c092
shinjuku-2026-r1-gian-2,easy,content,R81B2-E-16,日本共産党新宿区議会議員団の沢田あゆみ議員は、第2号議案について、前納制の導入への反対、保険料の負担、一般財源による引下げ提案を理由に反対と報告,https://ssp.kaigiroku.net/tenant/shinjuku/MinuteView.html?council_id=3163&schedule_id=5&minute_id=89,f184782f4dcc69e4a54ea7ba9d0d40290682f13ab1b0e7530bc80dc61ffc79e9,審議状況（本会議 3月24日 共産の少数意見報告）,次に、第２号議案についてです…国民健康保険料における前納制を2026年度の保険料から導入するとしていますが、その目的や経緯から見て、外国人差別と言わざるを得ず、認めることはできません…国保料は、2025年度の値上げは回避されましたが、それまでは24年連続値上げが続き、負担は限界です…一般財源を投じて保険料の引下げをと提案しましたが、受け入れられず、第２号議案には反対です,supported,cfacbed54b56786cb1dc66e17571ebffd9d7894852d5297a8fd8b11386dab613
shinjuku-2026-r1-gian-2,normal,content,R81B2-N-16,日本共産党新宿区議会議員団の沢田あゆみ議員は、第2号議案について、前納制の導入への反対、保険料の負担、一般財源による引下げ提案を理由に反対と報告,https://ssp.kaigiroku.net/tenant/shinjuku/MinuteView.html?council_id=3163&schedule_id=5&minute_id=89,f184782f4dcc69e4a54ea7ba9d0d40290682f13ab1b0e7530bc80dc61ffc79e9,審議状況（本会議 3月24日 共産の少数意見報告）,次に、第２号議案についてです…国民健康保険料における前納制を2026年度の保険料から導入するとしていますが、その目的や経緯から見て、外国人差別と言わざるを得ず、認めることはできません…国保料は、2025年度の値上げは回避されましたが、それまでは24年連続値上げが続き、負担は限界です…一般財源を投じて保険料の引下げをと提案しましたが、受け入れられず、第２号議案には反対です,supported,61820f38cbde1afe83f8b99b3d7c26bbeab19fe029d6e7fc8d253118439f757d
shinjuku-2026-r1-gian-2,hard,content,R81B2-H-15,日本共産党新宿区議会議員団の沢田あゆみ議員は、第2号議案について、前納制の導入への反対、保険料の負担、一般財源による引下げ提案を理由に反対と報告,https://ssp.kaigiroku.net/tenant/shinjuku/MinuteView.html?council_id=3163&schedule_id=5&minute_id=89,f184782f4dcc69e4a54ea7ba9d0d40290682f13ab1b0e7530bc80dc61ffc79e9,審議状況（本会議 3月24日 共産の少数意見報告）,次に、第２号議案についてです…国民健康保険料における前納制を2026年度の保険料から導入するとしていますが、その目的や経緯から見て、外国人差別と言わざるを得ず、認めることはできません…国保料は、2025年度の値上げは回避されましたが、それまでは24年連続値上げが続き、負担は限界です…一般財源を投じて保険料の引下げをと提案しましたが、受け入れられず、第２号議案には反対です,supported,f495ce4f7742fcb412d19482683f89333b095d7c428b5cbf7e69afecc736c092
shinjuku-2026-r1-gian-2,easy,content,R81B2-E-17,れいわ新選組 新宿のさわいめぐみ議員は第1〜4号議案と修正案に反対して少数意見を留保したと報告,https://ssp.kaigiroku.net/tenant/shinjuku/MinuteView.html?council_id=3163&schedule_id=5&minute_id=91,4824954825d7914c5b03fa608b7581ed2ec4ae4785e427585fb533c6749e8446,審議状況（本会議 3月24日 れいわの少数意見報告）,れいわ新選組　新宿のさわいめぐみです…第１号議案から第４号議案及び修正案にいずれも反対し、少数意見の留保をいたしました,supported,cfacbed54b56786cb1dc66e17571ebffd9d7894852d5297a8fd8b11386dab613
shinjuku-2026-r1-gian-2,normal,content,R81B2-N-17,れいわ新選組 新宿のさわいめぐみ議員は第1〜4号議案と修正案に反対して少数意見を留保したと報告,https://ssp.kaigiroku.net/tenant/shinjuku/MinuteView.html?council_id=3163&schedule_id=5&minute_id=91,4824954825d7914c5b03fa608b7581ed2ec4ae4785e427585fb533c6749e8446,審議状況（本会議 3月24日 れいわの少数意見報告）,れいわ新選組　新宿のさわいめぐみです…第１号議案から第４号議案及び修正案にいずれも反対し、少数意見の留保をいたしました,supported,61820f38cbde1afe83f8b99b3d7c26bbeab19fe029d6e7fc8d253118439f757d
shinjuku-2026-r1-gian-2,hard,content,R81B2-H-16,れいわ新選組 新宿のさわいめぐみ議員は第1〜4号議案と修正案に反対して少数意見を留保したと報告,https://ssp.kaigiroku.net/tenant/shinjuku/MinuteView.html?council_id=3163&schedule_id=5&minute_id=91,4824954825d7914c5b03fa608b7581ed2ec4ae4785e427585fb533c6749e8446,審議状況（本会議 3月24日 れいわの少数意見報告）,れいわ新選組　新宿のさわいめぐみです…第１号議案から第４号議案及び修正案にいずれも反対し、少数意見の留保をいたしました,supported,f495ce4f7742fcb412d19482683f89333b095d7c428b5cbf7e69afecc736c092
shinjuku-2026-r1-gian-3,easy,title,R81B3-ET-01,件名は令和8年度新宿区介護保険特別会計予算,https://www.city.shinjuku.lg.jp/content/000448413.pdf,02a73417a063870b1a61c2cd6b0e5ffbe11cc318a301f68da79c32b5c749d616,件名,令和８年度新宿区介護保険特別会計予算,supported,c9b46046f6dbe518e60e4ee6ee69762c05b395fce5ae240c6f08442e7df489c0
shinjuku-2026-r1-gian-3,normal,title,R81B3-NT-01,件名は令和8年度新宿区介護保険特別会計予算,https://www.city.shinjuku.lg.jp/content/000448413.pdf,02a73417a063870b1a61c2cd6b0e5ffbe11cc318a301f68da79c32b5c749d616,件名,令和８年度新宿区介護保険特別会計予算,supported,6c4b303a219e5bb78ef8cda6be41c37e7a4fe5cb56d6b033cead477a1c023d81
shinjuku-2026-r1-gian-3,hard,title,R81B3-HT-01,件名は令和8年度新宿区介護保険特別会計予算,https://www.city.shinjuku.lg.jp/content/000448413.pdf,02a73417a063870b1a61c2cd6b0e5ffbe11cc318a301f68da79c32b5c749d616,件名,令和８年度新宿区介護保険特別会計予算,supported,39749d2d0f05f1b75adef1dcbe3db333a28f7a9fb56171561f4091f8110910f8
shinjuku-2026-r1-gian-3,easy,summary,R81B3-ES-01,"予算額は278億5,897万6千円（議案の概要と審議結果）",https://www.city.shinjuku.lg.jp/content/000452334.pdf,22ba4f49b18c96bd1fa26241606257c05477f38e25ac46d6f8e4f416a2cedbf2,議案の概要と審議結果（予算額）,"令和8年度新宿区介護保険特別会計予算予算額：278億5,897万6千円",supported,c9b46046f6dbe518e60e4ee6ee69762c05b395fce5ae240c6f08442e7df489c0
shinjuku-2026-r1-gian-3,normal,summary,R81B3-NS-01,"予算額は278億5,897万6千円（議案の概要と審議結果）",https://www.city.shinjuku.lg.jp/content/000452334.pdf,22ba4f49b18c96bd1fa26241606257c05477f38e25ac46d6f8e4f416a2cedbf2,議案の概要と審議結果（予算額）,"令和8年度新宿区介護保険特別会計予算予算額：278億5,897万6千円",supported,6c4b303a219e5bb78ef8cda6be41c37e7a4fe5cb56d6b033cead477a1c023d81
shinjuku-2026-r1-gian-3,hard,summary,R81B3-HS-01,"予算額は278億5,897万6千円（議案の概要と審議結果）",https://www.city.shinjuku.lg.jp/content/000452334.pdf,22ba4f49b18c96bd1fa26241606257c05477f38e25ac46d6f8e4f416a2cedbf2,議案の概要と審議結果（予算額）,"令和8年度新宿区介護保険特別会計予算予算額：278億5,897万6千円",supported,39749d2d0f05f1b75adef1dcbe3db333a28f7a9fb56171561f4091f8110910f8
shinjuku-2026-r1-gian-3,easy,summary,R81B3-ES-02,歳出の主な款の金額,https://www.city.shinjuku.lg.jp/content/000448413.pdf,02a73417a063870b1a61c2cd6b0e5ffbe11cc318a301f68da79c32b5c749d616,第1表 歳出,"保険給付費24,561,406…地域支援事業費1,625,157",supported,c9b46046f6dbe518e60e4ee6ee69762c05b395fce5ae240c6f08442e7df489c0
shinjuku-2026-r1-gian-3,normal,summary,R81B3-NS-02,歳出の主な款の金額,https://www.city.shinjuku.lg.jp/content/000448413.pdf,02a73417a063870b1a61c2cd6b0e5ffbe11cc318a301f68da79c32b5c749d616,第1表 歳出,"保険給付費24,561,406…地域支援事業費1,625,157",supported,6c4b303a219e5bb78ef8cda6be41c37e7a4fe5cb56d6b033cead477a1c023d81
shinjuku-2026-r1-gian-3,hard,summary,R81B3-HS-02,歳出の主な款の金額,https://www.city.shinjuku.lg.jp/content/000448413.pdf,02a73417a063870b1a61c2cd6b0e5ffbe11cc318a301f68da79c32b5c749d616,第1表 歳出,"保険給付費24,561,406…地域支援事業費1,625,157",supported,39749d2d0f05f1b75adef1dcbe3db333a28f7a9fb56171561f4091f8110910f8
shinjuku-2026-r1-gian-3,easy,content,R81B3-E-01,件名は令和8年度新宿区介護保険特別会計予算,https://www.city.shinjuku.lg.jp/content/000448413.pdf,02a73417a063870b1a61c2cd6b0e5ffbe11cc318a301f68da79c32b5c749d616,件名,令和８年度新宿区介護保険特別会計予算,supported,c9b46046f6dbe518e60e4ee6ee69762c05b395fce5ae240c6f08442e7df489c0
shinjuku-2026-r1-gian-3,normal,content,R81B3-N-01,件名は令和8年度新宿区介護保険特別会計予算,https://www.city.shinjuku.lg.jp/content/000448413.pdf,02a73417a063870b1a61c2cd6b0e5ffbe11cc318a301f68da79c32b5c749d616,件名,令和８年度新宿区介護保険特別会計予算,supported,6c4b303a219e5bb78ef8cda6be41c37e7a4fe5cb56d6b033cead477a1c023d81
shinjuku-2026-r1-gian-3,hard,content,R81B3-H-01,件名は令和8年度新宿区介護保険特別会計予算,https://www.city.shinjuku.lg.jp/content/000448413.pdf,02a73417a063870b1a61c2cd6b0e5ffbe11cc318a301f68da79c32b5c749d616,件名,令和８年度新宿区介護保険特別会計予算,supported,39749d2d0f05f1b75adef1dcbe3db333a28f7a9fb56171561f4091f8110910f8
shinjuku-2026-r1-gian-3,easy,content,R81B3-E-02,提出日は令和8年2月17日、提出者は新宿区長 吉住健一,https://www.city.shinjuku.lg.jp/content/000448413.pdf,02a73417a063870b1a61c2cd6b0e5ffbe11cc318a301f68da79c32b5c749d616,提出日・提出者,令和８年２月１７日 提出…新宿区長 吉 住 健 一,supported,c9b46046f6dbe518e60e4ee6ee69762c05b395fce5ae240c6f08442e7df489c0
shinjuku-2026-r1-gian-3,normal,content,R81B3-N-02,提出日は令和8年2月17日、提出者は新宿区長 吉住健一,https://www.city.shinjuku.lg.jp/content/000448413.pdf,02a73417a063870b1a61c2cd6b0e5ffbe11cc318a301f68da79c32b5c749d616,提出日・提出者,令和８年２月１７日 提出…新宿区長 吉 住 健 一,supported,6c4b303a219e5bb78ef8cda6be41c37e7a4fe5cb56d6b033cead477a1c023d81
shinjuku-2026-r1-gian-3,hard,content,R81B3-H-02,提出日は令和8年2月17日、提出者は新宿区長 吉住健一,https://www.city.shinjuku.lg.jp/content/000448413.pdf,02a73417a063870b1a61c2cd6b0e5ffbe11cc318a301f68da79c32b5c749d616,提出日・提出者,令和８年２月１７日 提出…新宿区長 吉 住 健 一,supported,39749d2d0f05f1b75adef1dcbe3db333a28f7a9fb56171561f4091f8110910f8
shinjuku-2026-r1-gian-3,easy,content,R81B3-E-03,"第1条: 歳入歳出予算の総額は27,858,976千円（278億5,897万6千円）",https://www.city.shinjuku.lg.jp/content/000448413.pdf,02a73417a063870b1a61c2cd6b0e5ffbe11cc318a301f68da79c32b5c749d616,第1条,"歳入歳出予算の総額は、歳入歳出それぞれ 27,858,976 千円と定める",supported,c9b46046f6dbe518e60e4ee6ee69762c05b395fce5ae240c6f08442e7df489c0
shinjuku-2026-r1-gian-3,normal,content,R81B3-N-03,"第1条: 歳入歳出予算の総額は27,858,976千円（278億5,897万6千円）",https://www.city.shinjuku.lg.jp/content/000448413.pdf,02a73417a063870b1a61c2cd6b0e5ffbe11cc318a301f68da79c32b5c749d616,第1条,"歳入歳出予算の総額は、歳入歳出それぞれ 27,858,976 千円と定める",supported,6c4b303a219e5bb78ef8cda6be41c37e7a4fe5cb56d6b033cead477a1c023d81
shinjuku-2026-r1-gian-3,hard,content,R81B3-H-03,"第1条: 歳入歳出予算の総額は27,858,976千円（278億5,897万6千円）",https://www.city.shinjuku.lg.jp/content/000448413.pdf,02a73417a063870b1a61c2cd6b0e5ffbe11cc318a301f68da79c32b5c749d616,第1条,"歳入歳出予算の総額は、歳入歳出それぞれ 27,858,976 千円と定める",supported,39749d2d0f05f1b75adef1dcbe3db333a28f7a9fb56171561f4091f8110910f8
shinjuku-2026-r1-gian-3,easy,content,R81B3-E-04,第1表 歳入: 款ごとの金額と歳入合計,https://www.city.shinjuku.lg.jp/content/000448413.pdf,02a73417a063870b1a61c2cd6b0e5ffbe11cc318a301f68da79c32b5c749d616,第1表 歳入,"介護保険料5,341,032…使用料及び手数料3…国庫支出金5,666,503…支払基金交付金6,886,881…都支出金3,807,888…財産収入8,756…繰入金5,817,055…繰越金19,450…諸収入311,408",supported,c9b46046f6dbe518e60e4ee6ee69762c05b395fce5ae240c6f08442e7df489c0
shinjuku-2026-r1-gian-3,normal,content,R81B3-N-04,第1表 歳入: 款ごとの金額と歳入合計,https://www.city.shinjuku.lg.jp/content/000448413.pdf,02a73417a063870b1a61c2cd6b0e5ffbe11cc318a301f68da79c32b5c749d616,第1表 歳入,"介護保険料5,341,032…使用料及び手数料3…国庫支出金5,666,503…支払基金交付金6,886,881…都支出金3,807,888…財産収入8,756…繰入金5,817,055…繰越金19,450…諸収入311,408",supported,6c4b303a219e5bb78ef8cda6be41c37e7a4fe5cb56d6b033cead477a1c023d81
shinjuku-2026-r1-gian-3,hard,content,R81B3-H-04,第1表 歳入: 款ごとの金額と歳入合計,https://www.city.shinjuku.lg.jp/content/000448413.pdf,02a73417a063870b1a61c2cd6b0e5ffbe11cc318a301f68da79c32b5c749d616,第1表 歳入,"介護保険料5,341,032…使用料及び手数料3…国庫支出金5,666,503…支払基金交付金6,886,881…都支出金3,807,888…財産収入8,756…繰入金5,817,055…繰越金19,450…諸収入311,408",supported,39749d2d0f05f1b75adef1dcbe3db333a28f7a9fb56171561f4091f8110910f8
shinjuku-2026-r1-gian-3,easy,content,R81B3-E-05,第1表 歳出: 款ごとの金額と歳出合計,https://www.city.shinjuku.lg.jp/content/000448413.pdf,02a73417a063870b1a61c2cd6b0e5ffbe11cc318a301f68da79c32b5c749d616,第1表 歳出,"総務費1,553,848…保険給付費24,561,406…基金積立金49,083…地域支援事業費1,625,157…諸支出金19,482…予備費50,000",supported,c9b46046f6dbe518e60e4ee6ee69762c05b395fce5ae240c6f08442e7df489c0
shinjuku-2026-r1-gian-3,normal,content,R81B3-N-05,第1表 歳出: 款ごとの金額と歳出合計,https://www.city.shinjuku.lg.jp/content/000448413.pdf,02a73417a063870b1a61c2cd6b0e5ffbe11cc318a301f68da79c32b5c749d616,第1表 歳出,"総務費1,553,848…保険給付費24,561,406…基金積立金49,083…地域支援事業費1,625,157…諸支出金19,482…予備費50,000",supported,6c4b303a219e5bb78ef8cda6be41c37e7a4fe5cb56d6b033cead477a1c023d81
shinjuku-2026-r1-gian-3,hard,content,R81B3-H-05,第1表 歳出: 款ごとの金額と歳出合計,https://www.city.shinjuku.lg.jp/content/000448413.pdf,02a73417a063870b1a61c2cd6b0e5ffbe11cc318a301f68da79c32b5c749d616,第1表 歳出,"総務費1,553,848…保険給付費24,561,406…基金積立金49,083…地域支援事業費1,625,157…諸支出金19,482…予備費50,000",supported,39749d2d0f05f1b75adef1dcbe3db333a28f7a9fb56171561f4091f8110910f8
shinjuku-2026-r1-gian-3,easy,content,R81B3-E-06,第1表 歳出 款 保険給付費の項の項ごとの金額,https://www.city.shinjuku.lg.jp/content/000448413.pdf,02a73417a063870b1a61c2cd6b0e5ffbe11cc318a301f68da79c32b5c749d616,第1表 歳出 款 保険給付費の項,"サービス等諸費23,629,765…高額サービス費等931,641",supported,c9b46046f6dbe518e60e4ee6ee69762c05b395fce5ae240c6f08442e7df489c0
shinjuku-2026-r1-gian-3,normal,content,R81B3-N-06,第1表 歳出 款 保険給付費の項の項ごとの金額,https://www.city.shinjuku.lg.jp/content/000448413.pdf,02a73417a063870b1a61c2cd6b0e5ffbe11cc318a301f68da79c32b5c749d616,第1表 歳出 款 保険給付費の項,"サービス等諸費23,629,765…高額サービス費等931,641",supported,6c4b303a219e5bb78ef8cda6be41c37e7a4fe5cb56d6b033cead477a1c023d81
shinjuku-2026-r1-gian-3,easy,content,R81B3-E-07,第1表 歳出 款 地域支援事業費の項の項ごとの金額,https://www.city.shinjuku.lg.jp/content/000448413.pdf,02a73417a063870b1a61c2cd6b0e5ffbe11cc318a301f68da79c32b5c749d616,第1表 歳出 款 地域支援事業費の項,"地域支援事業費1,601,771…介護支援等事業費23,386",supported,c9b46046f6dbe518e60e4ee6ee69762c05b395fce5ae240c6f08442e7df489c0
shinjuku-2026-r1-gian-3,normal,content,R81B3-N-07,第1表 歳出 款 地域支援事業費の項の項ごとの金額,https://www.city.shinjuku.lg.jp/content/000448413.pdf,02a73417a063870b1a61c2cd6b0e5ffbe11cc318a301f68da79c32b5c749d616,第1表 歳出 款 地域支援事業費の項,"地域支援事業費1,601,771…介護支援等事業費23,386",supported,6c4b303a219e5bb78ef8cda6be41c37e7a4fe5cb56d6b033cead477a1c023d81
shinjuku-2026-r1-gian-3,easy,content,R81B3-E-08,第3号議案の議決結果は原案可決,https://www.city.shinjuku.lg.jp/kusei/soumu01_002090_00015.html,7c2b6f68db1b433b860b35d176b4dd9211e78582ec9de718fcfefe68b22d896a,審議状況（議決結果ページ）,第3号議案令和8年度新宿区介護保険特別会計予算原案可決,supported,c9b46046f6dbe518e60e4ee6ee69762c05b395fce5ae240c6f08442e7df489c0
shinjuku-2026-r1-gian-3,normal,content,R81B3-N-08,第3号議案の議決結果は原案可決,https://www.city.shinjuku.lg.jp/kusei/soumu01_002090_00015.html,7c2b6f68db1b433b860b35d176b4dd9211e78582ec9de718fcfefe68b22d896a,審議状況（議決結果ページ）,第3号議案令和8年度新宿区介護保険特別会計予算原案可決,supported,6c4b303a219e5bb78ef8cda6be41c37e7a4fe5cb56d6b033cead477a1c023d81
shinjuku-2026-r1-gian-3,hard,content,R81B3-H-06,第3号議案の議決結果は原案可決,https://www.city.shinjuku.lg.jp/kusei/soumu01_002090_00015.html,7c2b6f68db1b433b860b35d176b4dd9211e78582ec9de718fcfefe68b22d896a,審議状況（議決結果ページ）,第3号議案令和8年度新宿区介護保険特別会計予算原案可決,supported,39749d2d0f05f1b75adef1dcbe3db333a28f7a9fb56171561f4091f8110910f8
shinjuku-2026-r1-gian-3,easy,content,R81B3-E-09,採決は2026年3月24日の本会議（第4日）,https://ssp.kaigiroku.net/tenant/shinjuku/MinuteView.html?council_id=3163&schedule_id=5&minute_id=1,bd058d36962b45d8d965e4625bb95ecd661a102a026175213f37ba9eb575424a,審議状況（本会議 3月24日 会議録の冒頭）,令和８年第１回定例会会議録（第４日）第４号…令和８年３月２４日（火曜日）,supported,c9b46046f6dbe518e60e4ee6ee69762c05b395fce5ae240c6f08442e7df489c0
shinjuku-2026-r1-gian-3,normal,content,R81B3-N-09,採決は2026年3月24日の本会議（第4日）,https://ssp.kaigiroku.net/tenant/shinjuku/MinuteView.html?council_id=3163&schedule_id=5&minute_id=1,bd058d36962b45d8d965e4625bb95ecd661a102a026175213f37ba9eb575424a,審議状況（本会議 3月24日 会議録の冒頭）,令和８年第１回定例会会議録（第４日）第４号…令和８年３月２４日（火曜日）,supported,6c4b303a219e5bb78ef8cda6be41c37e7a4fe5cb56d6b033cead477a1c023d81
shinjuku-2026-r1-gian-3,hard,content,R81B3-H-07,採決は2026年3月24日の本会議（第4日）,https://ssp.kaigiroku.net/tenant/shinjuku/MinuteView.html?council_id=3163&schedule_id=5&minute_id=1,bd058d36962b45d8d965e4625bb95ecd661a102a026175213f37ba9eb575424a,審議状況（本会議 3月24日 会議録の冒頭）,令和８年第１回定例会会議録（第４日）第４号…令和８年３月２４日（火曜日）,supported,39749d2d0f05f1b75adef1dcbe3db333a28f7a9fb56171561f4091f8110910f8
shinjuku-2026-r1-gian-3,easy,content,R81B3-E-10,予算特別委員会の審査報告書は可決,https://ssp.kaigiroku.net/tenant/shinjuku/MinuteView.html?council_id=3163&schedule_id=5&minute_id=86,62a82ef34e4edb3db1f82b1fac49415825b69ba764a9605e1b2427a225ec6011,審議状況（本会議 3月24日 議長）,予算特別委員会審査報告書は、可決です,supported,c9b46046f6dbe518e60e4ee6ee69762c05b395fce5ae240c6f08442e7df489c0
shinjuku-2026-r1-gian-3,normal,content,R81B3-N-10,予算特別委員会の審査報告書は可決,https://ssp.kaigiroku.net/tenant/shinjuku/MinuteView.html?council_id=3163&schedule_id=5&minute_id=86,62a82ef34e4edb3db1f82b1fac49415825b69ba764a9605e1b2427a225ec6011,審議状況（本会議 3月24日 議長）,予算特別委員会審査報告書は、可決です,supported,6c4b303a219e5bb78ef8cda6be41c37e7a4fe5cb56d6b033cead477a1c023d81
shinjuku-2026-r1-gian-3,hard,content,R81B3-H-08,予算特別委員会の審査報告書は可決,https://ssp.kaigiroku.net/tenant/shinjuku/MinuteView.html?council_id=3163&schedule_id=5&minute_id=86,62a82ef34e4edb3db1f82b1fac49415825b69ba764a9605e1b2427a225ec6011,審議状況（本会議 3月24日 議長）,予算特別委員会審査報告書は、可決です,supported,39749d2d0f05f1b75adef1dcbe3db333a28f7a9fb56171561f4091f8110910f8
shinjuku-2026-r1-gian-3,easy,content,R81B3-E-11,第3号議案は起立により採決,https://ssp.kaigiroku.net/tenant/shinjuku/MinuteView.html?council_id=3163&schedule_id=5&minute_id=94,db7bad887ef0f42049302d8208d9a3c54511a019d88d29d1d72c30cb499cb70f,審議状況（本会議 3月24日 議長）,次に、第３号議案について採決します…本案を委員会審査報告のとおり決定することに賛成の方は御起立願います,supported,c9b46046f6dbe518e60e4ee6ee69762c05b395fce5ae240c6f08442e7df489c0
shinjuku-2026-r1-gian-3,normal,content,R81B3-N-11,第3号議案は起立により採決,https://ssp.kaigiroku.net/tenant/shinjuku/MinuteView.html?council_id=3163&schedule_id=5&minute_id=94,db7bad887ef0f42049302d8208d9a3c54511a019d88d29d1d72c30cb499cb70f,審議状況（本会議 3月24日 議長）,次に、第３号議案について採決します…本案を委員会審査報告のとおり決定することに賛成の方は御起立願います,supported,6c4b303a219e5bb78ef8cda6be41c37e7a4fe5cb56d6b033cead477a1c023d81
shinjuku-2026-r1-gian-3,hard,content,R81B3-H-09,第3号議案は起立により採決,https://ssp.kaigiroku.net/tenant/shinjuku/MinuteView.html?council_id=3163&schedule_id=5&minute_id=94,db7bad887ef0f42049302d8208d9a3c54511a019d88d29d1d72c30cb499cb70f,審議状況（本会議 3月24日 議長）,次に、第３号議案について採決します…本案を委員会審査報告のとおり決定することに賛成の方は御起立願います,supported,39749d2d0f05f1b75adef1dcbe3db333a28f7a9fb56171561f4091f8110910f8
shinjuku-2026-r1-gian-3,easy,content,R81B3-E-12,起立多数と認め、委員会審査報告のとおり可決,https://ssp.kaigiroku.net/tenant/shinjuku/MinuteView.html?council_id=3163&schedule_id=5&minute_id=95,a16203f69e0b3cd1fc44354717d62e5df25af1a638f54ac1cdb74c96ddc95582,審議状況（本会議 3月24日 議長）,起立多数と認めます…本案は、委員会審査報告のとおり可決されました,supported,c9b46046f6dbe518e60e4ee6ee69762c05b395fce5ae240c6f08442e7df489c0
shinjuku-2026-r1-gian-3,normal,content,R81B3-N-12,起立多数と認め、委員会審査報告のとおり可決,https://ssp.kaigiroku.net/tenant/shinjuku/MinuteView.html?council_id=3163&schedule_id=5&minute_id=95,a16203f69e0b3cd1fc44354717d62e5df25af1a638f54ac1cdb74c96ddc95582,審議状況（本会議 3月24日 議長）,起立多数と認めます…本案は、委員会審査報告のとおり可決されました,supported,6c4b303a219e5bb78ef8cda6be41c37e7a4fe5cb56d6b033cead477a1c023d81
shinjuku-2026-r1-gian-3,hard,content,R81B3-H-10,起立多数と認め、委員会審査報告のとおり可決,https://ssp.kaigiroku.net/tenant/shinjuku/MinuteView.html?council_id=3163&schedule_id=5&minute_id=95,a16203f69e0b3cd1fc44354717d62e5df25af1a638f54ac1cdb74c96ddc95582,審議状況（本会議 3月24日 議長）,起立多数と認めます…本案は、委員会審査報告のとおり可決されました,supported,39749d2d0f05f1b75adef1dcbe3db333a28f7a9fb56171561f4091f8110910f8
shinjuku-2026-r1-gian-3,easy,content,R81B3-E-13,会期は2026年2月17日から3月24日まで,https://www.city.shinjuku.lg.jp/kusei/file08_05_0003820210204_00013.html,869549fe3ba94ac28c6e8fd003d4ad71484501a78203fc7a885109aae4ab487c,審議状況（会期と日程）,令和8年2月17日（火曜日）から3月24日（火曜日）まで,supported,c9b46046f6dbe518e60e4ee6ee69762c05b395fce5ae240c6f08442e7df489c0
shinjuku-2026-r1-gian-3,normal,content,R81B3-N-13,会期は2026年2月17日から3月24日まで,https://www.city.shinjuku.lg.jp/kusei/file08_05_0003820210204_00013.html,869549fe3ba94ac28c6e8fd003d4ad71484501a78203fc7a885109aae4ab487c,審議状況（会期と日程）,令和8年2月17日（火曜日）から3月24日（火曜日）まで,supported,6c4b303a219e5bb78ef8cda6be41c37e7a4fe5cb56d6b033cead477a1c023d81
shinjuku-2026-r1-gian-3,hard,content,R81B3-H-11,会期は2026年2月17日から3月24日まで,https://www.city.shinjuku.lg.jp/kusei/file08_05_0003820210204_00013.html,869549fe3ba94ac28c6e8fd003d4ad71484501a78203fc7a885109aae4ab487c,審議状況（会期と日程）,令和8年2月17日（火曜日）から3月24日（火曜日）まで,supported,39749d2d0f05f1b75adef1dcbe3db333a28f7a9fb56171561f4091f8110910f8
shinjuku-2026-r1-gian-3,easy,content,R81B3-E-14,会派別の賛否: 共産・れいわが反対、ほか6会派が賛成,https://www.city.shinjuku.lg.jp/content/000452334.pdf,22ba4f49b18c96bd1fa26241606257c05477f38e25ac46d6f8e4f416a2cedbf2,審議状況（議案の概要と審議結果の採決結果行）,"令和8年度新宿区介護保険特別会計予算予算額：278億5,897万6千円○○×○○○○×可決",supported,c9b46046f6dbe518e60e4ee6ee69762c05b395fce5ae240c6f08442e7df489c0
shinjuku-2026-r1-gian-3,normal,content,R81B3-N-14,会派別の賛否: 共産・れいわが反対、ほか6会派が賛成,https://www.city.shinjuku.lg.jp/content/000452334.pdf,22ba4f49b18c96bd1fa26241606257c05477f38e25ac46d6f8e4f416a2cedbf2,審議状況（議案の概要と審議結果の採決結果行）,"令和8年度新宿区介護保険特別会計予算予算額：278億5,897万6千円○○×○○○○×可決",supported,6c4b303a219e5bb78ef8cda6be41c37e7a4fe5cb56d6b033cead477a1c023d81
shinjuku-2026-r1-gian-3,hard,content,R81B3-H-12,会派別の賛否: 共産・れいわが反対、ほか6会派が賛成,https://www.city.shinjuku.lg.jp/content/000452334.pdf,22ba4f49b18c96bd1fa26241606257c05477f38e25ac46d6f8e4f416a2cedbf2,審議状況（議案の概要と審議結果の採決結果行）,"令和8年度新宿区介護保険特別会計予算予算額：278億5,897万6千円○○×○○○○×可決",supported,39749d2d0f05f1b75adef1dcbe3db333a28f7a9fb56171561f4091f8110910f8
shinjuku-2026-r1-gian-3,hard,content,R81B3-H-13,会派略称と賛否の列の並び,https://www.city.shinjuku.lg.jp/content/000452334.pdf,22ba4f49b18c96bd1fa26241606257c05477f38e25ac46d6f8e4f416a2cedbf2,審議状況（会派略称・列の並び）,共産＝日本共産党新宿区議会議員団…れいわ＝れいわ新選組 新宿…自参ク＝自民・参政クラブ…公明＝新宿区議会公明党…新宿会＝新宿未来の会…民無ク＝立憲民主党・無所属クラブ…維新＝日本維新の会・新宿区議団…現役＝現役世代に優しい新宿・減税の会…自参ク 公明 共産 新宿会 民無ク 維新 現役 れいわ,supported,39749d2d0f05f1b75adef1dcbe3db333a28f7a9fb56171561f4091f8110910f8
shinjuku-2026-r1-gian-3,easy,content,R81B3-E-15,予算特別委員会で留保された少数意見の口頭報告を許した,https://ssp.kaigiroku.net/tenant/shinjuku/MinuteView.html?council_id=3163&schedule_id=5&minute_id=88,c43077356d68a4b1f05b1738e1e80628f540e4760d8788f30c4a249c550bb815,審議状況（本会議 3月24日 議長）,予算特別委員会で留保された少数意見を口頭で報告するとの申出がありますので、順にこれを許します,supported,c9b46046f6dbe518e60e4ee6ee69762c05b395fce5ae240c6f08442e7df489c0
shinjuku-2026-r1-gian-3,normal,content,R81B3-N-15,予算特別委員会で留保された少数意見の口頭報告を許した,https://ssp.kaigiroku.net/tenant/shinjuku/MinuteView.html?council_id=3163&schedule_id=5&minute_id=88,c43077356d68a4b1f05b1738e1e80628f540e4760d8788f30c4a249c550bb815,審議状況（本会議 3月24日 議長）,予算特別委員会で留保された少数意見を口頭で報告するとの申出がありますので、順にこれを許します,supported,6c4b303a219e5bb78ef8cda6be41c37e7a4fe5cb56d6b033cead477a1c023d81
shinjuku-2026-r1-gian-3,hard,content,R81B3-H-14,予算特別委員会で留保された少数意見の口頭報告を許した,https://ssp.kaigiroku.net/tenant/shinjuku/MinuteView.html?council_id=3163&schedule_id=5&minute_id=88,c43077356d68a4b1f05b1738e1e80628f540e4760d8788f30c4a249c550bb815,審議状況（本会議 3月24日 議長）,予算特別委員会で留保された少数意見を口頭で報告するとの申出がありますので、順にこれを許します,supported,39749d2d0f05f1b75adef1dcbe3db333a28f7a9fb56171561f4091f8110910f8
shinjuku-2026-r1-gian-3,easy,content,R81B3-E-16,日本共産党新宿区議会議員団の沢田あゆみ議員は、第3号議案について、基準保険料が制度開始当初の約2倍で値上げが止められないことを理由に反対と報告,https://ssp.kaigiroku.net/tenant/shinjuku/MinuteView.html?council_id=3163&schedule_id=5&minute_id=89,f184782f4dcc69e4a54ea7ba9d0d40290682f13ab1b0e7530bc80dc61ffc79e9,審議状況（本会議 3月24日 共産の少数意見報告）,次に、第３号議案についてです…介護保険の基準保険料は、制度開始当初の約２倍となっており…区が多段階化の工夫をしても値上げは止められません…物価高で区民の暮らしが厳しさを増していても、保険料が値上げになることを容認する姿勢は認められません。よって、第３号議案には反対です,supported,c9b46046f6dbe518e60e4ee6ee69762c05b395fce5ae240c6f08442e7df489c0
shinjuku-2026-r1-gian-3,normal,content,R81B3-N-16,日本共産党新宿区議会議員団の沢田あゆみ議員は、第3号議案について、基準保険料が制度開始当初の約2倍で値上げが止められないことを理由に反対と報告,https://ssp.kaigiroku.net/tenant/shinjuku/MinuteView.html?council_id=3163&schedule_id=5&minute_id=89,f184782f4dcc69e4a54ea7ba9d0d40290682f13ab1b0e7530bc80dc61ffc79e9,審議状況（本会議 3月24日 共産の少数意見報告）,次に、第３号議案についてです…介護保険の基準保険料は、制度開始当初の約２倍となっており…区が多段階化の工夫をしても値上げは止められません…物価高で区民の暮らしが厳しさを増していても、保険料が値上げになることを容認する姿勢は認められません。よって、第３号議案には反対です,supported,6c4b303a219e5bb78ef8cda6be41c37e7a4fe5cb56d6b033cead477a1c023d81
shinjuku-2026-r1-gian-3,hard,content,R81B3-H-15,日本共産党新宿区議会議員団の沢田あゆみ議員は、第3号議案について、基準保険料が制度開始当初の約2倍で値上げが止められないことを理由に反対と報告,https://ssp.kaigiroku.net/tenant/shinjuku/MinuteView.html?council_id=3163&schedule_id=5&minute_id=89,f184782f4dcc69e4a54ea7ba9d0d40290682f13ab1b0e7530bc80dc61ffc79e9,審議状況（本会議 3月24日 共産の少数意見報告）,次に、第３号議案についてです…介護保険の基準保険料は、制度開始当初の約２倍となっており…区が多段階化の工夫をしても値上げは止められません…物価高で区民の暮らしが厳しさを増していても、保険料が値上げになることを容認する姿勢は認められません。よって、第３号議案には反対です,supported,39749d2d0f05f1b75adef1dcbe3db333a28f7a9fb56171561f4091f8110910f8
shinjuku-2026-r1-gian-3,easy,content,R81B3-E-17,れいわ新選組 新宿のさわいめぐみ議員は第1〜4号議案と修正案に反対して少数意見を留保したと報告,https://ssp.kaigiroku.net/tenant/shinjuku/MinuteView.html?council_id=3163&schedule_id=5&minute_id=91,4824954825d7914c5b03fa608b7581ed2ec4ae4785e427585fb533c6749e8446,審議状況（本会議 3月24日 れいわの少数意見報告）,れいわ新選組　新宿のさわいめぐみです…第１号議案から第４号議案及び修正案にいずれも反対し、少数意見の留保をいたしました,supported,c9b46046f6dbe518e60e4ee6ee69762c05b395fce5ae240c6f08442e7df489c0
shinjuku-2026-r1-gian-3,normal,content,R81B3-N-17,れいわ新選組 新宿のさわいめぐみ議員は第1〜4号議案と修正案に反対して少数意見を留保したと報告,https://ssp.kaigiroku.net/tenant/shinjuku/MinuteView.html?council_id=3163&schedule_id=5&minute_id=91,4824954825d7914c5b03fa608b7581ed2ec4ae4785e427585fb533c6749e8446,審議状況（本会議 3月24日 れいわの少数意見報告）,れいわ新選組　新宿のさわいめぐみです…第１号議案から第４号議案及び修正案にいずれも反対し、少数意見の留保をいたしました,supported,6c4b303a219e5bb78ef8cda6be41c37e7a4fe5cb56d6b033cead477a1c023d81
shinjuku-2026-r1-gian-3,hard,content,R81B3-H-16,れいわ新選組 新宿のさわいめぐみ議員は第1〜4号議案と修正案に反対して少数意見を留保したと報告,https://ssp.kaigiroku.net/tenant/shinjuku/MinuteView.html?council_id=3163&schedule_id=5&minute_id=91,4824954825d7914c5b03fa608b7581ed2ec4ae4785e427585fb533c6749e8446,審議状況（本会議 3月24日 れいわの少数意見報告）,れいわ新選組　新宿のさわいめぐみです…第１号議案から第４号議案及び修正案にいずれも反対し、少数意見の留保をいたしました,supported,39749d2d0f05f1b75adef1dcbe3db333a28f7a9fb56171561f4091f8110910f8
shinjuku-2026-r1-gian-4,easy,title,R81B4-ET-01,件名は令和8年度新宿区後期高齢者医療特別会計予算,https://www.city.shinjuku.lg.jp/content/000448488.pdf,47e837a8ce5c4fcd9d34bff3c2419b966b50822cad413c20cbaa0c4b24e24f89,件名,令和８年度新宿区後期高齢者医療特別会計予算,supported,478af1d06cd2352c7bca7a71eb9b255cec2af3be00e579510dee5190e1bf2017
shinjuku-2026-r1-gian-4,normal,title,R81B4-NT-01,件名は令和8年度新宿区後期高齢者医療特別会計予算,https://www.city.shinjuku.lg.jp/content/000448488.pdf,47e837a8ce5c4fcd9d34bff3c2419b966b50822cad413c20cbaa0c4b24e24f89,件名,令和８年度新宿区後期高齢者医療特別会計予算,supported,1474772b39bac474299fabcb2ecf095e490bb2251f5f673e5e0838b1bcdce4f8
shinjuku-2026-r1-gian-4,hard,title,R81B4-HT-01,件名は令和8年度新宿区後期高齢者医療特別会計予算,https://www.city.shinjuku.lg.jp/content/000448488.pdf,47e837a8ce5c4fcd9d34bff3c2419b966b50822cad413c20cbaa0c4b24e24f89,件名,令和８年度新宿区後期高齢者医療特別会計予算,supported,20b9f0504c57535d357b4c73a9a564562d8eacf8f017e900109cc820ddb55ef5
shinjuku-2026-r1-gian-4,easy,summary,R81B4-ES-01,"予算額は99億5,540万4千円（議案の概要と審議結果）",https://www.city.shinjuku.lg.jp/content/000452334.pdf,22ba4f49b18c96bd1fa26241606257c05477f38e25ac46d6f8e4f416a2cedbf2,議案の概要と審議結果（予算額）,"令和8年度新宿区後期高齢者医療特別会計予算予算額：99億5,540万4千円",supported,478af1d06cd2352c7bca7a71eb9b255cec2af3be00e579510dee5190e1bf2017
shinjuku-2026-r1-gian-4,normal,summary,R81B4-NS-01,"予算額は99億5,540万4千円（議案の概要と審議結果）",https://www.city.shinjuku.lg.jp/content/000452334.pdf,22ba4f49b18c96bd1fa26241606257c05477f38e25ac46d6f8e4f416a2cedbf2,議案の概要と審議結果（予算額）,"令和8年度新宿区後期高齢者医療特別会計予算予算額：99億5,540万4千円",supported,1474772b39bac474299fabcb2ecf095e490bb2251f5f673e5e0838b1bcdce4f8
shinjuku-2026-r1-gian-4,hard,summary,R81B4-HS-01,"予算額は99億5,540万4千円（議案の概要と審議結果）",https://www.city.shinjuku.lg.jp/content/000452334.pdf,22ba4f49b18c96bd1fa26241606257c05477f38e25ac46d6f8e4f416a2cedbf2,議案の概要と審議結果（予算額）,"令和8年度新宿区後期高齢者医療特別会計予算予算額：99億5,540万4千円",supported,20b9f0504c57535d357b4c73a9a564562d8eacf8f017e900109cc820ddb55ef5
shinjuku-2026-r1-gian-4,easy,summary,R81B4-ES-02,歳出の主な款の金額,https://www.city.shinjuku.lg.jp/content/000448488.pdf,47e837a8ce5c4fcd9d34bff3c2419b966b50822cad413c20cbaa0c4b24e24f89,第1表 歳出,"総務費298,559…広域連合納付金9,442,777",supported,478af1d06cd2352c7bca7a71eb9b255cec2af3be00e579510dee5190e1bf2017
shinjuku-2026-r1-gian-4,normal,summary,R81B4-NS-02,歳出の主な款の金額,https://www.city.shinjuku.lg.jp/content/000448488.pdf,47e837a8ce5c4fcd9d34bff3c2419b966b50822cad413c20cbaa0c4b24e24f89,第1表 歳出,"総務費298,559…広域連合納付金9,442,777",supported,1474772b39bac474299fabcb2ecf095e490bb2251f5f673e5e0838b1bcdce4f8
shinjuku-2026-r1-gian-4,hard,summary,R81B4-HS-02,歳出の主な款の金額,https://www.city.shinjuku.lg.jp/content/000448488.pdf,47e837a8ce5c4fcd9d34bff3c2419b966b50822cad413c20cbaa0c4b24e24f89,第1表 歳出,"総務費298,559…広域連合納付金9,442,777",supported,20b9f0504c57535d357b4c73a9a564562d8eacf8f017e900109cc820ddb55ef5
shinjuku-2026-r1-gian-4,easy,content,R81B4-E-01,件名は令和8年度新宿区後期高齢者医療特別会計予算,https://www.city.shinjuku.lg.jp/content/000448488.pdf,47e837a8ce5c4fcd9d34bff3c2419b966b50822cad413c20cbaa0c4b24e24f89,件名,令和８年度新宿区後期高齢者医療特別会計予算,supported,478af1d06cd2352c7bca7a71eb9b255cec2af3be00e579510dee5190e1bf2017
shinjuku-2026-r1-gian-4,normal,content,R81B4-N-01,件名は令和8年度新宿区後期高齢者医療特別会計予算,https://www.city.shinjuku.lg.jp/content/000448488.pdf,47e837a8ce5c4fcd9d34bff3c2419b966b50822cad413c20cbaa0c4b24e24f89,件名,令和８年度新宿区後期高齢者医療特別会計予算,supported,1474772b39bac474299fabcb2ecf095e490bb2251f5f673e5e0838b1bcdce4f8
shinjuku-2026-r1-gian-4,hard,content,R81B4-H-01,件名は令和8年度新宿区後期高齢者医療特別会計予算,https://www.city.shinjuku.lg.jp/content/000448488.pdf,47e837a8ce5c4fcd9d34bff3c2419b966b50822cad413c20cbaa0c4b24e24f89,件名,令和８年度新宿区後期高齢者医療特別会計予算,supported,20b9f0504c57535d357b4c73a9a564562d8eacf8f017e900109cc820ddb55ef5
shinjuku-2026-r1-gian-4,easy,content,R81B4-E-02,提出日は令和8年2月17日、提出者は新宿区長 吉住健一,https://www.city.shinjuku.lg.jp/content/000448488.pdf,47e837a8ce5c4fcd9d34bff3c2419b966b50822cad413c20cbaa0c4b24e24f89,提出日・提出者,令和８年２月１７日 提出…新宿区長 吉 住 健 一,supported,478af1d06cd2352c7bca7a71eb9b255cec2af3be00e579510dee5190e1bf2017
shinjuku-2026-r1-gian-4,normal,content,R81B4-N-02,提出日は令和8年2月17日、提出者は新宿区長 吉住健一,https://www.city.shinjuku.lg.jp/content/000448488.pdf,47e837a8ce5c4fcd9d34bff3c2419b966b50822cad413c20cbaa0c4b24e24f89,提出日・提出者,令和８年２月１７日 提出…新宿区長 吉 住 健 一,supported,1474772b39bac474299fabcb2ecf095e490bb2251f5f673e5e0838b1bcdce4f8
shinjuku-2026-r1-gian-4,hard,content,R81B4-H-02,提出日は令和8年2月17日、提出者は新宿区長 吉住健一,https://www.city.shinjuku.lg.jp/content/000448488.pdf,47e837a8ce5c4fcd9d34bff3c2419b966b50822cad413c20cbaa0c4b24e24f89,提出日・提出者,令和８年２月１７日 提出…新宿区長 吉 住 健 一,supported,20b9f0504c57535d357b4c73a9a564562d8eacf8f017e900109cc820ddb55ef5
shinjuku-2026-r1-gian-4,easy,content,R81B4-E-03,"第1条: 歳入歳出予算の総額は9,955,404千円（99億5,540万4千円）",https://www.city.shinjuku.lg.jp/content/000448488.pdf,47e837a8ce5c4fcd9d34bff3c2419b966b50822cad413c20cbaa0c4b24e24f89,第1条,"歳入歳出予算の総額は、歳入歳出それぞれ 9,955,404 千円と定める",supported,478af1d06cd2352c7bca7a71eb9b255cec2af3be00e579510dee5190e1bf2017
shinjuku-2026-r1-gian-4,normal,content,R81B4-N-03,"第1条: 歳入歳出予算の総額は9,955,404千円（99億5,540万4千円）",https://www.city.shinjuku.lg.jp/content/000448488.pdf,47e837a8ce5c4fcd9d34bff3c2419b966b50822cad413c20cbaa0c4b24e24f89,第1条,"歳入歳出予算の総額は、歳入歳出それぞれ 9,955,404 千円と定める",supported,1474772b39bac474299fabcb2ecf095e490bb2251f5f673e5e0838b1bcdce4f8
shinjuku-2026-r1-gian-4,hard,content,R81B4-H-03,"第1条: 歳入歳出予算の総額は9,955,404千円（99億5,540万4千円）",https://www.city.shinjuku.lg.jp/content/000448488.pdf,47e837a8ce5c4fcd9d34bff3c2419b966b50822cad413c20cbaa0c4b24e24f89,第1条,"歳入歳出予算の総額は、歳入歳出それぞれ 9,955,404 千円と定める",supported,20b9f0504c57535d357b4c73a9a564562d8eacf8f017e900109cc820ddb55ef5
shinjuku-2026-r1-gian-4,easy,content,R81B4-E-04,第1表 歳入: 款ごとの金額と歳入合計,https://www.city.shinjuku.lg.jp/content/000448488.pdf,47e837a8ce5c4fcd9d34bff3c2419b966b50822cad413c20cbaa0c4b24e24f89,第1表 歳入,"後期高齢者医療保険料5,915,077…使用料及び手数料6…繰入金3,928,778…繰越金12,312…諸収入99,231",supported,478af1d06cd2352c7bca7a71eb9b255cec2af3be00e579510dee5190e1bf2017
shinjuku-2026-r1-gian-4,normal,content,R81B4-N-04,第1表 歳入: 款ごとの金額と歳入合計,https://www.city.shinjuku.lg.jp/content/000448488.pdf,47e837a8ce5c4fcd9d34bff3c2419b966b50822cad413c20cbaa0c4b24e24f89,第1表 歳入,"後期高齢者医療保険料5,915,077…使用料及び手数料6…繰入金3,928,778…繰越金12,312…諸収入99,231",supported,1474772b39bac474299fabcb2ecf095e490bb2251f5f673e5e0838b1bcdce4f8
shinjuku-2026-r1-gian-4,hard,content,R81B4-H-04,第1表 歳入: 款ごとの金額と歳入合計,https://www.city.shinjuku.lg.jp/content/000448488.pdf,47e837a8ce5c4fcd9d34bff3c2419b966b50822cad413c20cbaa0c4b24e24f89,第1表 歳入,"後期高齢者医療保険料5,915,077…使用料及び手数料6…繰入金3,928,778…繰越金12,312…諸収入99,231",supported,20b9f0504c57535d357b4c73a9a564562d8eacf8f017e900109cc820ddb55ef5
shinjuku-2026-r1-gian-4,easy,content,R81B4-E-05,第1表 歳出: 款ごとの金額と歳出合計,https://www.city.shinjuku.lg.jp/content/000448488.pdf,47e837a8ce5c4fcd9d34bff3c2419b966b50822cad413c20cbaa0c4b24e24f89,第1表 歳出,"総務費298,559…広域連合納付金9,442,777…後期高齢者支援事業費191,679…諸支出金12,389…予備費10,000",supported,478af1d06cd2352c7bca7a71eb9b255cec2af3be00e579510dee5190e1bf2017
shinjuku-2026-r1-gian-4,normal,content,R81B4-N-05,第1表 歳出: 款ごとの金額と歳出合計,https://www.city.shinjuku.lg.jp/content/000448488.pdf,47e837a8ce5c4fcd9d34bff3c2419b966b50822cad413c20cbaa0c4b24e24f89,第1表 歳出,"総務費298,559…広域連合納付金9,442,777…後期高齢者支援事業費191,679…諸支出金12,389…予備費10,000",supported,1474772b39bac474299fabcb2ecf095e490bb2251f5f673e5e0838b1bcdce4f8
shinjuku-2026-r1-gian-4,hard,content,R81B4-H-05,第1表 歳出: 款ごとの金額と歳出合計,https://www.city.shinjuku.lg.jp/content/000448488.pdf,47e837a8ce5c4fcd9d34bff3c2419b966b50822cad413c20cbaa0c4b24e24f89,第1表 歳出,"総務費298,559…広域連合納付金9,442,777…後期高齢者支援事業費191,679…諸支出金12,389…予備費10,000",supported,20b9f0504c57535d357b4c73a9a564562d8eacf8f017e900109cc820ddb55ef5
shinjuku-2026-r1-gian-4,easy,content,R81B4-E-06,第4号議案の議決結果は原案可決,https://www.city.shinjuku.lg.jp/kusei/soumu01_002090_00015.html,7c2b6f68db1b433b860b35d176b4dd9211e78582ec9de718fcfefe68b22d896a,審議状況（議決結果ページ）,第4号議案令和8年度新宿区後期高齢者医療特別会計予算原案可決,supported,478af1d06cd2352c7bca7a71eb9b255cec2af3be00e579510dee5190e1bf2017
shinjuku-2026-r1-gian-4,normal,content,R81B4-N-06,第4号議案の議決結果は原案可決,https://www.city.shinjuku.lg.jp/kusei/soumu01_002090_00015.html,7c2b6f68db1b433b860b35d176b4dd9211e78582ec9de718fcfefe68b22d896a,審議状況（議決結果ページ）,第4号議案令和8年度新宿区後期高齢者医療特別会計予算原案可決,supported,1474772b39bac474299fabcb2ecf095e490bb2251f5f673e5e0838b1bcdce4f8
shinjuku-2026-r1-gian-4,hard,content,R81B4-H-06,第4号議案の議決結果は原案可決,https://www.city.shinjuku.lg.jp/kusei/soumu01_002090_00015.html,7c2b6f68db1b433b860b35d176b4dd9211e78582ec9de718fcfefe68b22d896a,審議状況（議決結果ページ）,第4号議案令和8年度新宿区後期高齢者医療特別会計予算原案可決,supported,20b9f0504c57535d357b4c73a9a564562d8eacf8f017e900109cc820ddb55ef5
shinjuku-2026-r1-gian-4,easy,content,R81B4-E-07,採決は2026年3月24日の本会議（第4日）,https://ssp.kaigiroku.net/tenant/shinjuku/MinuteView.html?council_id=3163&schedule_id=5&minute_id=1,bd058d36962b45d8d965e4625bb95ecd661a102a026175213f37ba9eb575424a,審議状況（本会議 3月24日 会議録の冒頭）,令和８年第１回定例会会議録（第４日）第４号…令和８年３月２４日（火曜日）,supported,478af1d06cd2352c7bca7a71eb9b255cec2af3be00e579510dee5190e1bf2017
shinjuku-2026-r1-gian-4,normal,content,R81B4-N-07,採決は2026年3月24日の本会議（第4日）,https://ssp.kaigiroku.net/tenant/shinjuku/MinuteView.html?council_id=3163&schedule_id=5&minute_id=1,bd058d36962b45d8d965e4625bb95ecd661a102a026175213f37ba9eb575424a,審議状況（本会議 3月24日 会議録の冒頭）,令和８年第１回定例会会議録（第４日）第４号…令和８年３月２４日（火曜日）,supported,1474772b39bac474299fabcb2ecf095e490bb2251f5f673e5e0838b1bcdce4f8
shinjuku-2026-r1-gian-4,hard,content,R81B4-H-07,採決は2026年3月24日の本会議（第4日）,https://ssp.kaigiroku.net/tenant/shinjuku/MinuteView.html?council_id=3163&schedule_id=5&minute_id=1,bd058d36962b45d8d965e4625bb95ecd661a102a026175213f37ba9eb575424a,審議状況（本会議 3月24日 会議録の冒頭）,令和８年第１回定例会会議録（第４日）第４号…令和８年３月２４日（火曜日）,supported,20b9f0504c57535d357b4c73a9a564562d8eacf8f017e900109cc820ddb55ef5
shinjuku-2026-r1-gian-4,easy,content,R81B4-E-08,予算特別委員会の審査報告書は可決,https://ssp.kaigiroku.net/tenant/shinjuku/MinuteView.html?council_id=3163&schedule_id=5&minute_id=86,62a82ef34e4edb3db1f82b1fac49415825b69ba764a9605e1b2427a225ec6011,審議状況（本会議 3月24日 議長）,予算特別委員会審査報告書は、可決です,supported,478af1d06cd2352c7bca7a71eb9b255cec2af3be00e579510dee5190e1bf2017
shinjuku-2026-r1-gian-4,normal,content,R81B4-N-08,予算特別委員会の審査報告書は可決,https://ssp.kaigiroku.net/tenant/shinjuku/MinuteView.html?council_id=3163&schedule_id=5&minute_id=86,62a82ef34e4edb3db1f82b1fac49415825b69ba764a9605e1b2427a225ec6011,審議状況（本会議 3月24日 議長）,予算特別委員会審査報告書は、可決です,supported,1474772b39bac474299fabcb2ecf095e490bb2251f5f673e5e0838b1bcdce4f8
shinjuku-2026-r1-gian-4,hard,content,R81B4-H-08,予算特別委員会の審査報告書は可決,https://ssp.kaigiroku.net/tenant/shinjuku/MinuteView.html?council_id=3163&schedule_id=5&minute_id=86,62a82ef34e4edb3db1f82b1fac49415825b69ba764a9605e1b2427a225ec6011,審議状況（本会議 3月24日 議長）,予算特別委員会審査報告書は、可決です,supported,20b9f0504c57535d357b4c73a9a564562d8eacf8f017e900109cc820ddb55ef5
shinjuku-2026-r1-gian-4,easy,content,R81B4-E-09,第4号議案は起立により採決,https://ssp.kaigiroku.net/tenant/shinjuku/MinuteView.html?council_id=3163&schedule_id=5&minute_id=95,a16203f69e0b3cd1fc44354717d62e5df25af1a638f54ac1cdb74c96ddc95582,審議状況（本会議 3月24日 議長）,次に、第４号議案について採決します…本案を委員会審査報告のとおり決定することに賛成の方は御起立願います,supported,478af1d06cd2352c7bca7a71eb9b255cec2af3be00e579510dee5190e1bf2017
shinjuku-2026-r1-gian-4,normal,content,R81B4-N-09,第4号議案は起立により採決,https://ssp.kaigiroku.net/tenant/shinjuku/MinuteView.html?council_id=3163&schedule_id=5&minute_id=95,a16203f69e0b3cd1fc44354717d62e5df25af1a638f54ac1cdb74c96ddc95582,審議状況（本会議 3月24日 議長）,次に、第４号議案について採決します…本案を委員会審査報告のとおり決定することに賛成の方は御起立願います,supported,1474772b39bac474299fabcb2ecf095e490bb2251f5f673e5e0838b1bcdce4f8
shinjuku-2026-r1-gian-4,hard,content,R81B4-H-09,第4号議案は起立により採決,https://ssp.kaigiroku.net/tenant/shinjuku/MinuteView.html?council_id=3163&schedule_id=5&minute_id=95,a16203f69e0b3cd1fc44354717d62e5df25af1a638f54ac1cdb74c96ddc95582,審議状況（本会議 3月24日 議長）,次に、第４号議案について採決します…本案を委員会審査報告のとおり決定することに賛成の方は御起立願います,supported,20b9f0504c57535d357b4c73a9a564562d8eacf8f017e900109cc820ddb55ef5
shinjuku-2026-r1-gian-4,easy,content,R81B4-E-10,起立多数と認め、委員会審査報告のとおり可決,https://ssp.kaigiroku.net/tenant/shinjuku/MinuteView.html?council_id=3163&schedule_id=5&minute_id=96,0405f4221f73a11b0034c2a81abc651c7799688051fdfb5441349221a4be563a,審議状況（本会議 3月24日 議長）,起立多数と認めます…本案は、委員会審査報告のとおり可決されました,supported,478af1d06cd2352c7bca7a71eb9b255cec2af3be00e579510dee5190e1bf2017
shinjuku-2026-r1-gian-4,normal,content,R81B4-N-10,起立多数と認め、委員会審査報告のとおり可決,https://ssp.kaigiroku.net/tenant/shinjuku/MinuteView.html?council_id=3163&schedule_id=5&minute_id=96,0405f4221f73a11b0034c2a81abc651c7799688051fdfb5441349221a4be563a,審議状況（本会議 3月24日 議長）,起立多数と認めます…本案は、委員会審査報告のとおり可決されました,supported,1474772b39bac474299fabcb2ecf095e490bb2251f5f673e5e0838b1bcdce4f8
shinjuku-2026-r1-gian-4,hard,content,R81B4-H-10,起立多数と認め、委員会審査報告のとおり可決,https://ssp.kaigiroku.net/tenant/shinjuku/MinuteView.html?council_id=3163&schedule_id=5&minute_id=96,0405f4221f73a11b0034c2a81abc651c7799688051fdfb5441349221a4be563a,審議状況（本会議 3月24日 議長）,起立多数と認めます…本案は、委員会審査報告のとおり可決されました,supported,20b9f0504c57535d357b4c73a9a564562d8eacf8f017e900109cc820ddb55ef5
shinjuku-2026-r1-gian-4,easy,content,R81B4-E-11,会期は2026年2月17日から3月24日まで,https://www.city.shinjuku.lg.jp/kusei/file08_05_0003820210204_00013.html,869549fe3ba94ac28c6e8fd003d4ad71484501a78203fc7a885109aae4ab487c,審議状況（会期と日程）,令和8年2月17日（火曜日）から3月24日（火曜日）まで,supported,478af1d06cd2352c7bca7a71eb9b255cec2af3be00e579510dee5190e1bf2017
shinjuku-2026-r1-gian-4,normal,content,R81B4-N-11,会期は2026年2月17日から3月24日まで,https://www.city.shinjuku.lg.jp/kusei/file08_05_0003820210204_00013.html,869549fe3ba94ac28c6e8fd003d4ad71484501a78203fc7a885109aae4ab487c,審議状況（会期と日程）,令和8年2月17日（火曜日）から3月24日（火曜日）まで,supported,1474772b39bac474299fabcb2ecf095e490bb2251f5f673e5e0838b1bcdce4f8
shinjuku-2026-r1-gian-4,hard,content,R81B4-H-11,会期は2026年2月17日から3月24日まで,https://www.city.shinjuku.lg.jp/kusei/file08_05_0003820210204_00013.html,869549fe3ba94ac28c6e8fd003d4ad71484501a78203fc7a885109aae4ab487c,審議状況（会期と日程）,令和8年2月17日（火曜日）から3月24日（火曜日）まで,supported,20b9f0504c57535d357b4c73a9a564562d8eacf8f017e900109cc820ddb55ef5
shinjuku-2026-r1-gian-4,easy,content,R81B4-E-12,会派別の賛否: 共産・れいわが反対、ほか6会派が賛成,https://www.city.shinjuku.lg.jp/content/000452334.pdf,22ba4f49b18c96bd1fa26241606257c05477f38e25ac46d6f8e4f416a2cedbf2,審議状況（議案の概要と審議結果の採決結果行）,"令和8年度新宿区後期高齢者医療特別会計予算予算額：99億5,540万4千円○○×○○○○×可決",supported,478af1d06cd2352c7bca7a71eb9b255cec2af3be00e579510dee5190e1bf2017
shinjuku-2026-r1-gian-4,normal,content,R81B4-N-12,会派別の賛否: 共産・れいわが反対、ほか6会派が賛成,https://www.city.shinjuku.lg.jp/content/000452334.pdf,22ba4f49b18c96bd1fa26241606257c05477f38e25ac46d6f8e4f416a2cedbf2,審議状況（議案の概要と審議結果の採決結果行）,"令和8年度新宿区後期高齢者医療特別会計予算予算額：99億5,540万4千円○○×○○○○×可決",supported,1474772b39bac474299fabcb2ecf095e490bb2251f5f673e5e0838b1bcdce4f8
shinjuku-2026-r1-gian-4,hard,content,R81B4-H-12,会派別の賛否: 共産・れいわが反対、ほか6会派が賛成,https://www.city.shinjuku.lg.jp/content/000452334.pdf,22ba4f49b18c96bd1fa26241606257c05477f38e25ac46d6f8e4f416a2cedbf2,審議状況（議案の概要と審議結果の採決結果行）,"令和8年度新宿区後期高齢者医療特別会計予算予算額：99億5,540万4千円○○×○○○○×可決",supported,20b9f0504c57535d357b4c73a9a564562d8eacf8f017e900109cc820ddb55ef5
shinjuku-2026-r1-gian-4,hard,content,R81B4-H-13,会派略称と賛否の列の並び,https://www.city.shinjuku.lg.jp/content/000452334.pdf,22ba4f49b18c96bd1fa26241606257c05477f38e25ac46d6f8e4f416a2cedbf2,審議状況（会派略称・列の並び）,共産＝日本共産党新宿区議会議員団…れいわ＝れいわ新選組 新宿…自参ク＝自民・参政クラブ…公明＝新宿区議会公明党…新宿会＝新宿未来の会…民無ク＝立憲民主党・無所属クラブ…維新＝日本維新の会・新宿区議団…現役＝現役世代に優しい新宿・減税の会…自参ク 公明 共産 新宿会 民無ク 維新 現役 れいわ,supported,20b9f0504c57535d357b4c73a9a564562d8eacf8f017e900109cc820ddb55ef5
shinjuku-2026-r1-gian-4,easy,content,R81B4-E-13,予算特別委員会で留保された少数意見の口頭報告を許した,https://ssp.kaigiroku.net/tenant/shinjuku/MinuteView.html?council_id=3163&schedule_id=5&minute_id=88,c43077356d68a4b1f05b1738e1e80628f540e4760d8788f30c4a249c550bb815,審議状況（本会議 3月24日 議長）,予算特別委員会で留保された少数意見を口頭で報告するとの申出がありますので、順にこれを許します,supported,478af1d06cd2352c7bca7a71eb9b255cec2af3be00e579510dee5190e1bf2017
shinjuku-2026-r1-gian-4,normal,content,R81B4-N-13,予算特別委員会で留保された少数意見の口頭報告を許した,https://ssp.kaigiroku.net/tenant/shinjuku/MinuteView.html?council_id=3163&schedule_id=5&minute_id=88,c43077356d68a4b1f05b1738e1e80628f540e4760d8788f30c4a249c550bb815,審議状況（本会議 3月24日 議長）,予算特別委員会で留保された少数意見を口頭で報告するとの申出がありますので、順にこれを許します,supported,1474772b39bac474299fabcb2ecf095e490bb2251f5f673e5e0838b1bcdce4f8
shinjuku-2026-r1-gian-4,hard,content,R81B4-H-14,予算特別委員会で留保された少数意見の口頭報告を許した,https://ssp.kaigiroku.net/tenant/shinjuku/MinuteView.html?council_id=3163&schedule_id=5&minute_id=88,c43077356d68a4b1f05b1738e1e80628f540e4760d8788f30c4a249c550bb815,審議状況（本会議 3月24日 議長）,予算特別委員会で留保された少数意見を口頭で報告するとの申出がありますので、順にこれを許します,supported,20b9f0504c57535d357b4c73a9a564562d8eacf8f017e900109cc820ddb55ef5
shinjuku-2026-r1-gian-4,easy,content,R81B4-E-14,日本共産党新宿区議会議員団の沢田あゆみ議員は、第4号議案について、窓口2割負担と配慮措置の終了、年齢による制度の区分を理由に反対と報告,https://ssp.kaigiroku.net/tenant/shinjuku/MinuteView.html?council_id=3163&schedule_id=5&minute_id=89,f184782f4dcc69e4a54ea7ba9d0d40290682f13ab1b0e7530bc80dc61ffc79e9,審議状況（本会議 3月24日 共産の少数意見報告）,次に、第４号議案についてです…後期高齢者医療保険制度は、一定の所得のある方の窓口負担が2022年10月から２割負担となり、配慮措置も2025年９月で終了しました…２割負担の人のほうが受診率が若干低いことは認めながらも、適正だとする見解は容認できません…年齢によって加入する制度を区分すること自体が世代間の対立を生むなどの問題をはらんだ制度であり、反対です,supported,478af1d06cd2352c7bca7a71eb9b255cec2af3be00e579510dee5190e1bf2017
shinjuku-2026-r1-gian-4,normal,content,R81B4-N-14,日本共産党新宿区議会議員団の沢田あゆみ議員は、第4号議案について、窓口2割負担と配慮措置の終了、年齢による制度の区分を理由に反対と報告,https://ssp.kaigiroku.net/tenant/shinjuku/MinuteView.html?council_id=3163&schedule_id=5&minute_id=89,f184782f4dcc69e4a54ea7ba9d0d40290682f13ab1b0e7530bc80dc61ffc79e9,審議状況（本会議 3月24日 共産の少数意見報告）,次に、第４号議案についてです…後期高齢者医療保険制度は、一定の所得のある方の窓口負担が2022年10月から２割負担となり、配慮措置も2025年９月で終了しました…２割負担の人のほうが受診率が若干低いことは認めながらも、適正だとする見解は容認できません…年齢によって加入する制度を区分すること自体が世代間の対立を生むなどの問題をはらんだ制度であり、反対です,supported,1474772b39bac474299fabcb2ecf095e490bb2251f5f673e5e0838b1bcdce4f8
shinjuku-2026-r1-gian-4,hard,content,R81B4-H-15,日本共産党新宿区議会議員団の沢田あゆみ議員は、第4号議案について、窓口2割負担と配慮措置の終了、年齢による制度の区分を理由に反対と報告,https://ssp.kaigiroku.net/tenant/shinjuku/MinuteView.html?council_id=3163&schedule_id=5&minute_id=89,f184782f4dcc69e4a54ea7ba9d0d40290682f13ab1b0e7530bc80dc61ffc79e9,審議状況（本会議 3月24日 共産の少数意見報告）,次に、第４号議案についてです…後期高齢者医療保険制度は、一定の所得のある方の窓口負担が2022年10月から２割負担となり、配慮措置も2025年９月で終了しました…２割負担の人のほうが受診率が若干低いことは認めながらも、適正だとする見解は容認できません…年齢によって加入する制度を区分すること自体が世代間の対立を生むなどの問題をはらんだ制度であり、反対です,supported,20b9f0504c57535d357b4c73a9a564562d8eacf8f017e900109cc820ddb55ef5
shinjuku-2026-r1-gian-4,easy,content,R81B4-E-15,れいわ新選組 新宿のさわいめぐみ議員は第1〜4号議案と修正案に反対して少数意見を留保したと報告,https://ssp.kaigiroku.net/tenant/shinjuku/MinuteView.html?council_id=3163&schedule_id=5&minute_id=91,4824954825d7914c5b03fa608b7581ed2ec4ae4785e427585fb533c6749e8446,審議状況（本会議 3月24日 れいわの少数意見報告）,れいわ新選組　新宿のさわいめぐみです…第１号議案から第４号議案及び修正案にいずれも反対し、少数意見の留保をいたしました,supported,478af1d06cd2352c7bca7a71eb9b255cec2af3be00e579510dee5190e1bf2017
shinjuku-2026-r1-gian-4,normal,content,R81B4-N-15,れいわ新選組 新宿のさわいめぐみ議員は第1〜4号議案と修正案に反対して少数意見を留保したと報告,https://ssp.kaigiroku.net/tenant/shinjuku/MinuteView.html?council_id=3163&schedule_id=5&minute_id=91,4824954825d7914c5b03fa608b7581ed2ec4ae4785e427585fb533c6749e8446,審議状況（本会議 3月24日 れいわの少数意見報告）,れいわ新選組　新宿のさわいめぐみです…第１号議案から第４号議案及び修正案にいずれも反対し、少数意見の留保をいたしました,supported,1474772b39bac474299fabcb2ecf095e490bb2251f5f673e5e0838b1bcdce4f8
shinjuku-2026-r1-gian-4,hard,content,R81B4-H-16,れいわ新選組 新宿のさわいめぐみ議員は第1〜4号議案と修正案に反対して少数意見を留保したと報告,https://ssp.kaigiroku.net/tenant/shinjuku/MinuteView.html?council_id=3163&schedule_id=5&minute_id=91,4824954825d7914c5b03fa608b7581ed2ec4ae4785e427585fb533c6749e8446,審議状況（本会議 3月24日 れいわの少数意見報告）,れいわ新選組　新宿のさわいめぐみです…第１号議案から第４号議案及び修正案にいずれも反対し、少数意見の留保をいたしました,supported,20b9f0504c57535d357b4c73a9a564562d8eacf8f017e900109cc820ddb55ef5
shinjuku-2026-r1-gian-6,easy,title,R81B6-ET-01,件名は令和7年度新宿区一般会計補正予算（第13号）,https://www.city.shinjuku.lg.jp/content/000448416.pdf,0925b384cfe3b4e76dadfca0f0ecf49c6d7f17a75e2b119ebd8fbcaafdaaeec3,件名,令和７年度新宿区一般会計補正予算（第１３号）,supported,a737608fe6a70ff946348c45f248869bf4d9a3fc9700b9f0f2f74eff0bad4c22
shinjuku-2026-r1-gian-6,normal,title,R81B6-NT-01,件名は令和7年度新宿区一般会計補正予算（第13号）,https://www.city.shinjuku.lg.jp/content/000448416.pdf,0925b384cfe3b4e76dadfca0f0ecf49c6d7f17a75e2b119ebd8fbcaafdaaeec3,件名,令和７年度新宿区一般会計補正予算（第１３号）,supported,5c8fca99f3e1c60652b5fb8bdf37c18f569cab434749626273399f7d5230712d
shinjuku-2026-r1-gian-6,hard,title,R81B6-HT-01,件名は令和7年度新宿区一般会計補正予算（第13号）,https://www.city.shinjuku.lg.jp/content/000448416.pdf,0925b384cfe3b4e76dadfca0f0ecf49c6d7f17a75e2b119ebd8fbcaafdaaeec3,件名,令和７年度新宿区一般会計補正予算（第１３号）,supported,0ebb88de2bc37eb9f4788a93d43ac02045d8119abe5a71aedc91f1dc9b40347a
shinjuku-2026-r1-gian-6,easy,summary,R81B6-ES-01,"補正予算額は△25億8,490万9千円、補正後予算額は1,960億4,662万7千円（議案の概要と審議結果）",https://www.city.shinjuku.lg.jp/content/000452334.pdf,22ba4f49b18c96bd1fa26241606257c05477f38e25ac46d6f8e4f416a2cedbf2,議案の概要と審議結果（補正予算額）,"補正予算額：△25億8,490万9千円、補正後予算額：1,960億4,662万7千円",supported,a737608fe6a70ff946348c45f248869bf4d9a3fc9700b9f0f2f74eff0bad4c22
shinjuku-2026-r1-gian-6,normal,summary,R81B6-NS-01,"補正予算額は△25億8,490万9千円、補正後予算額は1,960億4,662万7千円（議案の概要と審議結果）",https://www.city.shinjuku.lg.jp/content/000452334.pdf,22ba4f49b18c96bd1fa26241606257c05477f38e25ac46d6f8e4f416a2cedbf2,議案の概要と審議結果（補正予算額）,"補正予算額：△25億8,490万9千円、補正後予算額：1,960億4,662万7千円",supported,5c8fca99f3e1c60652b5fb8bdf37c18f569cab434749626273399f7d5230712d
shinjuku-2026-r1-gian-6,hard,summary,R81B6-HS-01,"補正予算額は△25億8,490万9千円、補正後予算額は1,960億4,662万7千円（議案の概要と審議結果）",https://www.city.shinjuku.lg.jp/content/000452334.pdf,22ba4f49b18c96bd1fa26241606257c05477f38e25ac46d6f8e4f416a2cedbf2,議案の概要と審議結果（補正予算額）,"補正予算額：△25億8,490万9千円、補正後予算額：1,960億4,662万7千円",supported,0ebb88de2bc37eb9f4788a93d43ac02045d8119abe5a71aedc91f1dc9b40347a
shinjuku-2026-r1-gian-6,easy,summary,R81B6-ES-02,補正の理由: 事業実績による減額、基金利子・寄附金・庁舎建設に要する経費の積立金 等を計上,https://www.city.shinjuku.lg.jp/content/000452334.pdf,22ba4f49b18c96bd1fa26241606257c05477f38e25ac46d6f8e4f416a2cedbf2,議案の概要と審議結果（補正の理由）,補正の理由：事業実績による減額、基金利子・寄附金・庁舎建設に要する経費の積立金等を計上,supported,a737608fe6a70ff946348c45f248869bf4d9a3fc9700b9f0f2f74eff0bad4c22
shinjuku-2026-r1-gian-6,normal,summary,R81B6-NS-02,補正の理由: 事業実績による減額、基金利子・寄附金・庁舎建設に要する経費の積立金 等を計上,https://www.city.shinjuku.lg.jp/content/000452334.pdf,22ba4f49b18c96bd1fa26241606257c05477f38e25ac46d6f8e4f416a2cedbf2,議案の概要と審議結果（補正の理由）,補正の理由：事業実績による減額、基金利子・寄附金・庁舎建設に要する経費の積立金等を計上,supported,5c8fca99f3e1c60652b5fb8bdf37c18f569cab434749626273399f7d5230712d
shinjuku-2026-r1-gian-6,hard,summary,R81B6-HS-02,補正の理由: 事業実績による減額、基金利子・寄附金・庁舎建設に要する経費の積立金 等を計上,https://www.city.shinjuku.lg.jp/content/000452334.pdf,22ba4f49b18c96bd1fa26241606257c05477f38e25ac46d6f8e4f416a2cedbf2,議案の概要と審議結果（補正の理由）,補正の理由：事業実績による減額、基金利子・寄附金・庁舎建設に要する経費の積立金等を計上,supported,0ebb88de2bc37eb9f4788a93d43ac02045d8119abe5a71aedc91f1dc9b40347a
shinjuku-2026-r1-gian-6,easy,content,R81B6-E-01,件名は令和7年度新宿区一般会計補正予算（第13号）,https://www.city.shinjuku.lg.jp/content/000448416.pdf,0925b384cfe3b4e76dadfca0f0ecf49c6d7f17a75e2b119ebd8fbcaafdaaeec3,件名,令和７年度新宿区一般会計補正予算（第１３号）,supported,a737608fe6a70ff946348c45f248869bf4d9a3fc9700b9f0f2f74eff0bad4c22
shinjuku-2026-r1-gian-6,normal,content,R81B6-N-01,件名は令和7年度新宿区一般会計補正予算（第13号）,https://www.city.shinjuku.lg.jp/content/000448416.pdf,0925b384cfe3b4e76dadfca0f0ecf49c6d7f17a75e2b119ebd8fbcaafdaaeec3,件名,令和７年度新宿区一般会計補正予算（第１３号）,supported,5c8fca99f3e1c60652b5fb8bdf37c18f569cab434749626273399f7d5230712d
shinjuku-2026-r1-gian-6,hard,content,R81B6-H-01,件名は令和7年度新宿区一般会計補正予算（第13号）,https://www.city.shinjuku.lg.jp/content/000448416.pdf,0925b384cfe3b4e76dadfca0f0ecf49c6d7f17a75e2b119ebd8fbcaafdaaeec3,件名,令和７年度新宿区一般会計補正予算（第１３号）,supported,0ebb88de2bc37eb9f4788a93d43ac02045d8119abe5a71aedc91f1dc9b40347a
shinjuku-2026-r1-gian-6,easy,content,R81B6-E-02,提出日は令和8年2月17日、提出者は新宿区長 吉住健一,https://www.city.shinjuku.lg.jp/content/000448416.pdf,0925b384cfe3b4e76dadfca0f0ecf49c6d7f17a75e2b119ebd8fbcaafdaaeec3,提出日・提出者,令和８年２月１７日 提出…新宿区長 吉 住 健 一,supported,a737608fe6a70ff946348c45f248869bf4d9a3fc9700b9f0f2f74eff0bad4c22
shinjuku-2026-r1-gian-6,normal,content,R81B6-N-02,提出日は令和8年2月17日、提出者は新宿区長 吉住健一,https://www.city.shinjuku.lg.jp/content/000448416.pdf,0925b384cfe3b4e76dadfca0f0ecf49c6d7f17a75e2b119ebd8fbcaafdaaeec3,提出日・提出者,令和８年２月１７日 提出…新宿区長 吉 住 健 一,supported,5c8fca99f3e1c60652b5fb8bdf37c18f569cab434749626273399f7d5230712d
shinjuku-2026-r1-gian-6,hard,content,R81B6-H-02,提出日は令和8年2月17日、提出者は新宿区長 吉住健一,https://www.city.shinjuku.lg.jp/content/000448416.pdf,0925b384cfe3b4e76dadfca0f0ecf49c6d7f17a75e2b119ebd8fbcaafdaaeec3,提出日・提出者,令和８年２月１７日 提出…新宿区長 吉 住 健 一,supported,0ebb88de2bc37eb9f4788a93d43ac02045d8119abe5a71aedc91f1dc9b40347a
shinjuku-2026-r1-gian-6,easy,content,R81B6-E-03,"第1条: 歳入歳出予算の総額を2,584,909千円減額し、196,046,627千円とする",https://www.city.shinjuku.lg.jp/content/000448416.pdf,0925b384cfe3b4e76dadfca0f0ecf49c6d7f17a75e2b119ebd8fbcaafdaaeec3,第1条,"歳入歳出それぞれ 2,584,909 千円を減額し…歳入歳出それぞれ 196,046,627 千円とする",supported,a737608fe6a70ff946348c45f248869bf4d9a3fc9700b9f0f2f74eff0bad4c22
shinjuku-2026-r1-gian-6,normal,content,R81B6-N-03,"第1条: 歳入歳出予算の総額を2,584,909千円減額し、196,046,627千円とする",https://www.city.shinjuku.lg.jp/content/000448416.pdf,0925b384cfe3b4e76dadfca0f0ecf49c6d7f17a75e2b119ebd8fbcaafdaaeec3,第1条,"歳入歳出それぞれ 2,584,909 千円を減額し…歳入歳出それぞれ 196,046,627 千円とする",supported,5c8fca99f3e1c60652b5fb8bdf37c18f569cab434749626273399f7d5230712d
shinjuku-2026-r1-gian-6,hard,content,R81B6-H-03,"第1条: 歳入歳出予算の総額を2,584,909千円減額し、196,046,627千円とする",https://www.city.shinjuku.lg.jp/content/000448416.pdf,0925b384cfe3b4e76dadfca0f0ecf49c6d7f17a75e2b119ebd8fbcaafdaaeec3,第1条,"歳入歳出それぞれ 2,584,909 千円を減額し…歳入歳出それぞれ 196,046,627 千円とする",supported,0ebb88de2bc37eb9f4788a93d43ac02045d8119abe5a71aedc91f1dc9b40347a
shinjuku-2026-r1-gian-6,easy,content,R81B6-E-04,補正の理由: 事業実績による減額、基金利子・寄附金・庁舎建設に要する経費の積立金 等を計上,https://www.city.shinjuku.lg.jp/content/000452334.pdf,22ba4f49b18c96bd1fa26241606257c05477f38e25ac46d6f8e4f416a2cedbf2,議案の概要と審議結果（補正の理由）,補正の理由：事業実績による減額、基金利子・寄附金・庁舎建設に要する経費の積立金等を計上,supported,a737608fe6a70ff946348c45f248869bf4d9a3fc9700b9f0f2f74eff0bad4c22
shinjuku-2026-r1-gian-6,normal,content,R81B6-N-04,補正の理由: 事業実績による減額、基金利子・寄附金・庁舎建設に要する経費の積立金 等を計上,https://www.city.shinjuku.lg.jp/content/000452334.pdf,22ba4f49b18c96bd1fa26241606257c05477f38e25ac46d6f8e4f416a2cedbf2,議案の概要と審議結果（補正の理由）,補正の理由：事業実績による減額、基金利子・寄附金・庁舎建設に要する経費の積立金等を計上,supported,5c8fca99f3e1c60652b5fb8bdf37c18f569cab434749626273399f7d5230712d
shinjuku-2026-r1-gian-6,easy,content,R81B6-E-05,第1表 歳出: 款項ごとの補正前・補正額・補正後の金額,https://www.city.shinjuku.lg.jp/content/000448416.pdf,0925b384cfe3b4e76dadfca0f0ecf49c6d7f17a75e2b119ebd8fbcaafdaaeec3,第1表 歳入歳出予算補正（歳出）,"総務費17,904,808374,52118,279,329…総務管理費13,757,310652,60314,409,913…徴税費1,967,859△7,7601,960,099…防災費1,353,046△223,2411,129,805…選挙費712,005△47,081664,924…地域振興費10,058,031△129,7219,928,310…地域振興費3,232,927△20,1503,212,777…戸籍住民基本台帳費1,391,29517,9581,409,253…地域振興施設費5,035,035△127,5294,907,506…文化観光産業費6,213,523△174,9446,038,579…文化観光費3,352,891△7,4123,345,479…産業経済費2,860,632△167,5322,693,100…福祉費49,492,462△220,72849,271,734…社会福祉費1,887,051△10,9281,876,123…障害者福祉費15,158,307△100,95615,057,351…高齢者福祉費8,405,063△108,8448,296,219…子ども家庭費41,194,527△342,58940,851,938…子ども家庭費41,194,527△342,58940,851,938…健康費20,422,695△402,89720,019,798…健康推進費20,284,580△390,77019,893,810…国民年金費138,115△12,127125,988…環境清掃費10,368,482△63,17610,305,306…環境清掃費10,368,482△63,17610,305,306…土木費13,233,226△1,323,60011,909,626…土木管理費1,220,726△691,220,657…道路橋りょう費4,278,651△248,2094,030,442…公園費2,222,485△34,7862,187,699…都市計画費1,113,283△235,275878,008…住宅費2,481,280△225,3672,255,913…建築費1,873,260△579,8941,293,366…教育費20,987,139△639,43820,347,701…教育総務費7,119,775△359,5496,760,226…小学校費7,859,613△192,7627,666,851…中学校費1,999,916△55,9221,943,994…幼稚園費1,605,466△16,4741,588,992…図書館費1,794,541△14,7311,779,810…公債費2,335,458△43,9942,291,464…公債費2,335,458△43,9942,291,464…諸支出金5,327,237381,6575,708,894…財政積立金5,327,235381,6575,708,892…合計198,631,536△2,584,909196,046,627",supported,a737608fe6a70ff946348c45f248869bf4d9a3fc9700b9f0f2f74eff0bad4c22
shinjuku-2026-r1-gian-6,normal,content,R81B6-N-05,第1表 歳出: 款項ごとの補正前・補正額・補正後の金額,https://www.city.shinjuku.lg.jp/content/000448416.pdf,0925b384cfe3b4e76dadfca0f0ecf49c6d7f17a75e2b119ebd8fbcaafdaaeec3,第1表 歳入歳出予算補正（歳出）,"総務費17,904,808374,52118,279,329…総務管理費13,757,310652,60314,409,913…徴税費1,967,859△7,7601,960,099…防災費1,353,046△223,2411,129,805…選挙費712,005△47,081664,924…地域振興費10,058,031△129,7219,928,310…地域振興費3,232,927△20,1503,212,777…戸籍住民基本台帳費1,391,29517,9581,409,253…地域振興施設費5,035,035△127,5294,907,506…文化観光産業費6,213,523△174,9446,038,579…文化観光費3,352,891△7,4123,345,479…産業経済費2,860,632△167,5322,693,100…福祉費49,492,462△220,72849,271,734…社会福祉費1,887,051△10,9281,876,123…障害者福祉費15,158,307△100,95615,057,351…高齢者福祉費8,405,063△108,8448,296,219…子ども家庭費41,194,527△342,58940,851,938…子ども家庭費41,194,527△342,58940,851,938…健康費20,422,695△402,89720,019,798…健康推進費20,284,580△390,77019,893,810…国民年金費138,115△12,127125,988…環境清掃費10,368,482△63,17610,305,306…環境清掃費10,368,482△63,17610,305,306…土木費13,233,226△1,323,60011,909,626…土木管理費1,220,726△691,220,657…道路橋りょう費4,278,651△248,2094,030,442…公園費2,222,485△34,7862,187,699…都市計画費1,113,283△235,275878,008…住宅費2,481,280△225,3672,255,913…建築費1,873,260△579,8941,293,366…教育費20,987,139△639,43820,347,701…教育総務費7,119,775△359,5496,760,226…小学校費7,859,613△192,7627,666,851…中学校費1,999,916△55,9221,943,994…幼稚園費1,605,466△16,4741,588,992…図書館費1,794,541△14,7311,779,810…公債費2,335,458△43,9942,291,464…公債費2,335,458△43,9942,291,464…諸支出金5,327,237381,6575,708,894…財政積立金5,327,235381,6575,708,892…合計198,631,536△2,584,909196,046,627",supported,5c8fca99f3e1c60652b5fb8bdf37c18f569cab434749626273399f7d5230712d
shinjuku-2026-r1-gian-6,easy,content,R81B6-E-06,第1表 歳入: 款項ごとの補正前・補正額・補正後の金額,https://www.city.shinjuku.lg.jp/content/000448416.pdf,0925b384cfe3b4e76dadfca0f0ecf49c6d7f17a75e2b119ebd8fbcaafdaaeec3,第1表 歳入歳出予算補正（歳入）,"特別区税57,997,0832,642,91860,640,001…特別区民税51,853,8822,977,75154,831,633…特別区たばこ税5,964,915△334,8335,630,082…地方特例交付金94,0168,044102,060…地方特例交付金94,0168,044102,060…特別区交付金32,733,000△612,50832,120,492…特別区交付金32,733,000△612,50832,120,492…分担金及び負担金1,368,377△45,1321,323,245…負担金1,368,377△45,1321,323,245…国庫支出金34,349,051△704,97733,644,074…国庫負担金29,884,313△111,20829,773,105…国庫補助金4,339,442△593,7693,745,673…都支出金19,742,497△597,37019,145,127…都負担金7,387,829△30,3417,357,488…都補助金10,481,388△519,9489,961,440…都委託金1,873,280△47,0811,826,199…財産収入1,963,05457,5912,020,645…財産運用収入1,948,60957,5912,006,200…寄附金1,293,91795,3761,389,293…寄附金1,293,91795,3761,389,293…繰入金8,957,050△3,208,0445,749,006…基金繰入金8,957,050△3,208,0445,749,006…諸収入3,106,15470,1933,176,347…受託事業収入926,856△7,150919,706…雑入1,478,18177,3431,555,524…特別区債7,370,000△291,0007,079,000…特別区債7,370,000△291,0007,079,000…合計198,631,536△2,584,909196,046,627",supported,a737608fe6a70ff946348c45f248869bf4d9a3fc9700b9f0f2f74eff0bad4c22
shinjuku-2026-r1-gian-6,normal,content,R81B6-N-06,第1表 歳入: 款項ごとの補正前・補正額・補正後の金額,https://www.city.shinjuku.lg.jp/content/000448416.pdf,0925b384cfe3b4e76dadfca0f0ecf49c6d7f17a75e2b119ebd8fbcaafdaaeec3,第1表 歳入歳出予算補正（歳入）,"特別区税57,997,0832,642,91860,640,001…特別区民税51,853,8822,977,75154,831,633…特別区たばこ税5,964,915△334,8335,630,082…地方特例交付金94,0168,044102,060…地方特例交付金94,0168,044102,060…特別区交付金32,733,000△612,50832,120,492…特別区交付金32,733,000△612,50832,120,492…分担金及び負担金1,368,377△45,1321,323,245…負担金1,368,377△45,1321,323,245…国庫支出金34,349,051△704,97733,644,074…国庫負担金29,884,313△111,20829,773,105…国庫補助金4,339,442△593,7693,745,673…都支出金19,742,497△597,37019,145,127…都負担金7,387,829△30,3417,357,488…都補助金10,481,388△519,9489,961,440…都委託金1,873,280△47,0811,826,199…財産収入1,963,05457,5912,020,645…財産運用収入1,948,60957,5912,006,200…寄附金1,293,91795,3761,389,293…寄附金1,293,91795,3761,389,293…繰入金8,957,050△3,208,0445,749,006…基金繰入金8,957,050△3,208,0445,749,006…諸収入3,106,15470,1933,176,347…受託事業収入926,856△7,150919,706…雑入1,478,18177,3431,555,524…特別区債7,370,000△291,0007,079,000…特別区債7,370,000△291,0007,079,000…合計198,631,536△2,584,909196,046,627",supported,5c8fca99f3e1c60652b5fb8bdf37c18f569cab434749626273399f7d5230712d
shinjuku-2026-r1-gian-6,easy,content,R81B6-E-07,歳出の補正額と理由（概要PDFの事業別内訳）,https://www.city.shinjuku.lg.jp/content/000447773.pdf,ae9c609468cf9087cd0ab31135321304662e24b0eb45121def2ff27bb4a89164,歳出の事業別内訳（概要PDF）,"総務費374,521千円…文化観光産業費△174,944千円…土木費△1,323,600千円…教育費△639,438千円…諸支出金381,657千円…庁舎整備基金積立金1,000,012千円基金利子及び庁舎建設に要する経費の積立…安全で安心して暮らせるまちづくりの△191,676千円実績減…にぎわいにあふれ環境にもやさしい△121,693千円実績減…道路の無電柱化整備推進△150,347千円実績減…区営住宅△196,168千円実績減…建築物等耐震化支援事業△198,054千円実績減…建築物等耐震化支援事業△292,019千円実績減…学校情報ネットワークシステムの運用△290,400千円実績減…小学校計画修繕（内部改修等整備）△104,484千円実績減…社会資本等整備基金積立金325,608千円基金利子、土地信託配当金及び補償金収入相当分の積立",supported,a737608fe6a70ff946348c45f248869bf4d9a3fc9700b9f0f2f74eff0bad4c22
shinjuku-2026-r1-gian-6,normal,content,R81B6-N-07,歳出の補正額と理由（概要PDFの事業別内訳）,https://www.city.shinjuku.lg.jp/content/000447773.pdf,ae9c609468cf9087cd0ab31135321304662e24b0eb45121def2ff27bb4a89164,歳出の事業別内訳（概要PDF）,"総務費374,521千円…文化観光産業費△174,944千円…土木費△1,323,600千円…教育費△639,438千円…諸支出金381,657千円…庁舎整備基金積立金1,000,012千円基金利子及び庁舎建設に要する経費の積立…安全で安心して暮らせるまちづくりの△191,676千円実績減…にぎわいにあふれ環境にもやさしい△121,693千円実績減…道路の無電柱化整備推進△150,347千円実績減…区営住宅△196,168千円実績減…建築物等耐震化支援事業△198,054千円実績減…建築物等耐震化支援事業△292,019千円実績減…学校情報ネットワークシステムの運用△290,400千円実績減…小学校計画修繕（内部改修等整備）△104,484千円実績減…社会資本等整備基金積立金325,608千円基金利子、土地信託配当金及び補償金収入相当分の積立",supported,5c8fca99f3e1c60652b5fb8bdf37c18f569cab434749626273399f7d5230712d
shinjuku-2026-r1-gian-6,easy,content,R81B6-E-08,歳入の補正額（概要PDFの事業別内訳）,https://www.city.shinjuku.lg.jp/content/000447773.pdf,ae9c609468cf9087cd0ab31135321304662e24b0eb45121def2ff27bb4a89164,歳入の事業別内訳（概要PDF）,"繰入金△3,208,044千円…諸収入70,193千円…特別区債△291,000千円…財政調整基金繰入金△2,815,857千円…減債基金繰入金△300,000千円…義務教育施設整備等次世代△36,923千円…社会資本等整備基金繰入金△46,930千円…スポーツ施設整備基金繰入金△8,334千円…神宮外苑地区第一種市街地再開発事業補償費323,135千円…新型コロナ定期接種ワクチン確保事業助成金△172,259千円…地域振興債△51,000千円…福祉債△46,000千円…子ども家庭債△50,000千円…健康債△72,000千円…教育債△72,000千円",supported,a737608fe6a70ff946348c45f248869bf4d9a3fc9700b9f0f2f74eff0bad4c22
shinjuku-2026-r1-gian-6,normal,content,R81B6-N-08,歳入の補正額（概要PDFの事業別内訳）,https://www.city.shinjuku.lg.jp/content/000447773.pdf,ae9c609468cf9087cd0ab31135321304662e24b0eb45121def2ff27bb4a89164,歳入の事業別内訳（概要PDF）,"繰入金△3,208,044千円…諸収入70,193千円…特別区債△291,000千円…財政調整基金繰入金△2,815,857千円…減債基金繰入金△300,000千円…義務教育施設整備等次世代△36,923千円…社会資本等整備基金繰入金△46,930千円…スポーツ施設整備基金繰入金△8,334千円…神宮外苑地区第一種市街地再開発事業補償費323,135千円…新型コロナ定期接種ワクチン確保事業助成金△172,259千円…地域振興債△51,000千円…福祉債△46,000千円…子ども家庭債△50,000千円…健康債△72,000千円…教育債△72,000千円",supported,5c8fca99f3e1c60652b5fb8bdf37c18f569cab434749626273399f7d5230712d
shinjuku-2026-r1-gian-6,hard,content,R81B6-H-04,第1表 歳入: 款項ごとの補正前・補正額・補正後の金額,https://www.city.shinjuku.lg.jp/content/000448416.pdf,0925b384cfe3b4e76dadfca0f0ecf49c6d7f17a75e2b119ebd8fbcaafdaaeec3,第1表 歳入歳出予算補正（歳入）,"特別区税57,997,0832,642,91860,640,001…特別区民税51,853,8822,977,75154,831,633…特別区たばこ税5,964,915△334,8335,630,082…地方特例交付金94,0168,044102,060…地方特例交付金94,0168,044102,060…特別区交付金32,733,000△612,50832,120,492…特別区交付金32,733,000△612,50832,120,492…分担金及び負担金1,368,377△45,1321,323,245…負担金1,368,377△45,1321,323,245…国庫支出金34,349,051△704,97733,644,074…国庫負担金29,884,313△111,20829,773,105…国庫補助金4,339,442△593,7693,745,673…都支出金19,742,497△597,37019,145,127…都負担金7,387,829△30,3417,357,488…都補助金10,481,388△519,9489,961,440…都委託金1,873,280△47,0811,826,199…財産収入1,963,05457,5912,020,645…財産運用収入1,948,60957,5912,006,200…寄附金1,293,91795,3761,389,293…寄附金1,293,91795,3761,389,293…繰入金8,957,050△3,208,0445,749,006…基金繰入金8,957,050△3,208,0445,749,006…諸収入3,106,15470,1933,176,347…受託事業収入926,856△7,150919,706…雑入1,478,18177,3431,555,524…特別区債7,370,000△291,0007,079,000…特別区債7,370,000△291,0007,079,000…合計198,631,536△2,584,909196,046,627",supported,0ebb88de2bc37eb9f4788a93d43ac02045d8119abe5a71aedc91f1dc9b40347a
shinjuku-2026-r1-gian-6,hard,content,R81B6-H-05,第1表 歳出: 款項ごとの補正前・補正額・補正後の金額,https://www.city.shinjuku.lg.jp/content/000448416.pdf,0925b384cfe3b4e76dadfca0f0ecf49c6d7f17a75e2b119ebd8fbcaafdaaeec3,第1表 歳入歳出予算補正（歳出）,"総務費17,904,808374,52118,279,329…総務管理費13,757,310652,60314,409,913…徴税費1,967,859△7,7601,960,099…防災費1,353,046△223,2411,129,805…選挙費712,005△47,081664,924…地域振興費10,058,031△129,7219,928,310…地域振興費3,232,927△20,1503,212,777…戸籍住民基本台帳費1,391,29517,9581,409,253…地域振興施設費5,035,035△127,5294,907,506…文化観光産業費6,213,523△174,9446,038,579…文化観光費3,352,891△7,4123,345,479…産業経済費2,860,632△167,5322,693,100…福祉費49,492,462△220,72849,271,734…社会福祉費1,887,051△10,9281,876,123…障害者福祉費15,158,307△100,95615,057,351…高齢者福祉費8,405,063△108,8448,296,219…子ども家庭費41,194,527△342,58940,851,938…子ども家庭費41,194,527△342,58940,851,938…健康費20,422,695△402,89720,019,798…健康推進費20,284,580△390,77019,893,810…国民年金費138,115△12,127125,988…環境清掃費10,368,482△63,17610,305,306…環境清掃費10,368,482△63,17610,305,306…土木費13,233,226△1,323,60011,909,626…土木管理費1,220,726△691,220,657…道路橋りょう費4,278,651△248,2094,030,442…公園費2,222,485△34,7862,187,699…都市計画費1,113,283△235,275878,008…住宅費2,481,280△225,3672,255,913…建築費1,873,260△579,8941,293,366…教育費20,987,139△639,43820,347,701…教育総務費7,119,775△359,5496,760,226…小学校費7,859,613△192,7627,666,851…中学校費1,999,916△55,9221,943,994…幼稚園費1,605,466△16,4741,588,992…図書館費1,794,541△14,7311,779,810…公債費2,335,458△43,9942,291,464…公債費2,335,458△43,9942,291,464…諸支出金5,327,237381,6575,708,894…財政積立金5,327,235381,6575,708,892…合計198,631,536△2,584,909196,046,627",supported,0ebb88de2bc37eb9f4788a93d43ac02045d8119abe5a71aedc91f1dc9b40347a
shinjuku-2026-r1-gian-6,hard,content,R81B6-H-06,歳出の補正額と理由（概要PDFの事業別内訳）,https://www.city.shinjuku.lg.jp/content/000447773.pdf,ae9c609468cf9087cd0ab31135321304662e24b0eb45121def2ff27bb4a89164,歳出の事業別内訳（概要PDF）,"総務費374,521千円…文化観光産業費△174,944千円…土木費△1,323,600千円…教育費△639,438千円…諸支出金381,657千円…庁舎整備基金積立金1,000,012千円基金利子及び庁舎建設に要する経費の積立…安全で安心して暮らせるまちづくりの△191,676千円実績減…にぎわいにあふれ環境にもやさしい△121,693千円実績減…道路の無電柱化整備推進△150,347千円実績減…区営住宅△196,168千円実績減…建築物等耐震化支援事業△198,054千円実績減…建築物等耐震化支援事業△292,019千円実績減…学校情報ネットワークシステムの運用△290,400千円実績減…小学校計画修繕（内部改修等整備）△104,484千円実績減…社会資本等整備基金積立金325,608千円基金利子、土地信託配当金及び補償金収入相当分の積立",supported,0ebb88de2bc37eb9f4788a93d43ac02045d8119abe5a71aedc91f1dc9b40347a
shinjuku-2026-r1-gian-6,easy,content,R81B6-E-09,"財政調整基金繰入金は6,337,868千円から3,522,011千円へ2,815,857千円の減、令和7年度末現在高見込みは26,677,176千円",https://www.city.shinjuku.lg.jp/content/000447773.pdf,ae9c609468cf9087cd0ab31135321304662e24b0eb45121def2ff27bb4a89164,財政調整基金（概要PDF）,"財政調整基金繰入金△2,815,857千円…補正前予算額6,337,868千円…補正後予算額3,522,011千円…令和6年度末現在高27,095,782千円…既計上積立額3,055,828千円…既計上取崩額6,337,868千円…今回積立額47,577千円…今回取崩減額△2,815,857千円…令和7年度末現在高見込26,677,176千円",supported,a737608fe6a70ff946348c45f248869bf4d9a3fc9700b9f0f2f74eff0bad4c22
shinjuku-2026-r1-gian-6,normal,content,R81B6-N-09,"財政調整基金繰入金は6,337,868千円から3,522,011千円へ2,815,857千円の減、令和7年度末現在高見込みは26,677,176千円",https://www.city.shinjuku.lg.jp/content/000447773.pdf,ae9c609468cf9087cd0ab31135321304662e24b0eb45121def2ff27bb4a89164,財政調整基金（概要PDF）,"財政調整基金繰入金△2,815,857千円…補正前予算額6,337,868千円…補正後予算額3,522,011千円…令和6年度末現在高27,095,782千円…既計上積立額3,055,828千円…既計上取崩額6,337,868千円…今回積立額47,577千円…今回取崩減額△2,815,857千円…令和7年度末現在高見込26,677,176千円",supported,5c8fca99f3e1c60652b5fb8bdf37c18f569cab434749626273399f7d5230712d
shinjuku-2026-r1-gian-6,hard,content,R81B6-H-07,"財政調整基金繰入金は6,337,868千円から3,522,011千円へ2,815,857千円の減、令和7年度末現在高見込みは26,677,176千円",https://www.city.shinjuku.lg.jp/content/000447773.pdf,ae9c609468cf9087cd0ab31135321304662e24b0eb45121def2ff27bb4a89164,財政調整基金（概要PDF）,"財政調整基金繰入金△2,815,857千円…補正前予算額6,337,868千円…補正後予算額3,522,011千円…令和6年度末現在高27,095,782千円…既計上積立額3,055,828千円…既計上取崩額6,337,868千円…今回積立額47,577千円…今回取崩減額△2,815,857千円…令和7年度末現在高見込26,677,176千円",supported,0ebb88de2bc37eb9f4788a93d43ac02045d8119abe5a71aedc91f1dc9b40347a
shinjuku-2026-r1-gian-6,easy,content,R81B6-E-10,"繰越明許費の追加は、戸籍事務16,500千円、住民記録・印鑑登録システムの運用11,458千円、教育センター設備整備9,140千円で、いずれも年度内完了が困難であるため",https://www.city.shinjuku.lg.jp/content/000447773.pdf,ae9c609468cf9087cd0ab31135321304662e24b0eb45121def2ff27bb4a89164,繰越明許費（概要PDF）,"戸籍事務16,500千円法改正による戸籍の附票への旧氏及び旧氏の振り仮名追加に伴うシステム改修の年度内完了が困難なため…住民記録・印鑑登録システムの運用11,458千円法改正による住民票への氏名の振り仮名等追加に伴うシステム改修の年度内完了が困難なため…教育センター(設備整備)9,140千円照明設備等改修工事の年度内完了が困難であるため",supported,a737608fe6a70ff946348c45f248869bf4d9a3fc9700b9f0f2f74eff0bad4c22
shinjuku-2026-r1-gian-6,normal,content,R81B6-N-10,"繰越明許費の追加は、戸籍事務16,500千円、住民記録・印鑑登録システムの運用11,458千円、教育センター設備整備9,140千円で、いずれも年度内完了が困難であるため",https://www.city.shinjuku.lg.jp/content/000447773.pdf,ae9c609468cf9087cd0ab31135321304662e24b0eb45121def2ff27bb4a89164,繰越明許費（概要PDF）,"戸籍事務16,500千円法改正による戸籍の附票への旧氏及び旧氏の振り仮名追加に伴うシステム改修の年度内完了が困難なため…住民記録・印鑑登録システムの運用11,458千円法改正による住民票への氏名の振り仮名等追加に伴うシステム改修の年度内完了が困難なため…教育センター(設備整備)9,140千円照明設備等改修工事の年度内完了が困難であるため",supported,5c8fca99f3e1c60652b5fb8bdf37c18f569cab434749626273399f7d5230712d
shinjuku-2026-r1-gian-6,hard,content,R81B6-H-08,"第2表 繰越明許費補正: 款・項・事業ごとの補正前と補正後の金額、合計は2,778,172千円から2,815,270千円",https://www.city.shinjuku.lg.jp/content/000448416.pdf,0925b384cfe3b4e76dadfca0f0ecf49c6d7f17a75e2b119ebd8fbcaafdaaeec3,第2表 繰越明許費補正,"地域振興費70,59398,551…戸籍住民基本027,958…戸籍事務016,500…住民記録・印鑑登録システ011,458…教育費09,140…教育総務費09,140…教育センターの設備整備09,140…合計2,778,1722,815,270",supported,0ebb88de2bc37eb9f4788a93d43ac02045d8119abe5a71aedc91f1dc9b40347a
shinjuku-2026-r1-gian-6,easy,content,R81B6-E-11,"債務負担行為（工事請負契約等）: あゆみの家昇降機改修工事（令和8年度、限度額15,214千円）を工事計画の変更により廃止",https://www.city.shinjuku.lg.jp/content/000447773.pdf,ae9c609468cf9087cd0ab31135321304662e24b0eb45121def2ff27bb4a89164,債務負担行為の廃止（概要PDF）,"あゆみの家昇降機改修工事…補正前期間:令和8年度限度額:15,214千円…工事計画の変更による廃止",supported,a737608fe6a70ff946348c45f248869bf4d9a3fc9700b9f0f2f74eff0bad4c22
shinjuku-2026-r1-gian-6,normal,content,R81B6-N-11,"債務負担行為（工事請負契約等）: あゆみの家昇降機改修工事（令和8年度、限度額15,214千円）を工事計画の変更により廃止",https://www.city.shinjuku.lg.jp/content/000447773.pdf,ae9c609468cf9087cd0ab31135321304662e24b0eb45121def2ff27bb4a89164,債務負担行為の廃止（概要PDF）,"あゆみの家昇降機改修工事…補正前期間:令和8年度限度額:15,214千円…工事計画の変更による廃止",supported,5c8fca99f3e1c60652b5fb8bdf37c18f569cab434749626273399f7d5230712d
shinjuku-2026-r1-gian-6,hard,content,R81B6-H-09,"第4表 特別区債補正: 起債の目的別の限度額、合計は7,370,000千円から7,079,000千円、利率年5.0%以内、償還は据置期間を含め25年以内",https://www.city.shinjuku.lg.jp/content/000448416.pdf,0925b384cfe3b4e76dadfca0f0ecf49c6d7f17a75e2b119ebd8fbcaafdaaeec3,第4表 特別区債補正,"地域振興施設整備563,000512,000…福祉施設建設699,000653,000…子ども家庭施設建設752,000702,000…健康施設建設1,163,0001,091,000…学校施設整備123,00051,000…合計7,370,0007,079,000…年5.0%以内…据置期間を含め25年以内",supported,0ebb88de2bc37eb9f4788a93d43ac02045d8119abe5a71aedc91f1dc9b40347a
shinjuku-2026-r1-gian-6,easy,content,R81B6-E-12,第6号議案の議決結果は原案可決,https://www.city.shinjuku.lg.jp/kusei/soumu01_002090_00015.html,7c2b6f68db1b433b860b35d176b4dd9211e78582ec9de718fcfefe68b22d896a,審議状況（議決結果ページ）,第6号議案令和7年度新宿区一般会計補正予算（第13号）原案可決,supported,a737608fe6a70ff946348c45f248869bf4d9a3fc9700b9f0f2f74eff0bad4c22
shinjuku-2026-r1-gian-6,normal,content,R81B6-N-12,第6号議案の議決結果は原案可決,https://www.city.shinjuku.lg.jp/kusei/soumu01_002090_00015.html,7c2b6f68db1b433b860b35d176b4dd9211e78582ec9de718fcfefe68b22d896a,審議状況（議決結果ページ）,第6号議案令和7年度新宿区一般会計補正予算（第13号）原案可決,supported,5c8fca99f3e1c60652b5fb8bdf37c18f569cab434749626273399f7d5230712d
shinjuku-2026-r1-gian-6,hard,content,R81B6-H-10,第6号議案の議決結果は原案可決,https://www.city.shinjuku.lg.jp/kusei/soumu01_002090_00015.html,7c2b6f68db1b433b860b35d176b4dd9211e78582ec9de718fcfefe68b22d896a,審議状況（議決結果ページ）,第6号議案令和7年度新宿区一般会計補正予算（第13号）原案可決,supported,0ebb88de2bc37eb9f4788a93d43ac02045d8119abe5a71aedc91f1dc9b40347a
shinjuku-2026-r1-gian-6,easy,content,R81B6-E-13,採決は2026年3月24日の本会議（第4日）,https://ssp.kaigiroku.net/tenant/shinjuku/MinuteView.html?council_id=3163&schedule_id=5&minute_id=1,bd058d36962b45d8d965e4625bb95ecd661a102a026175213f37ba9eb575424a,審議状況（本会議 3月24日 会議録の冒頭）,令和８年第１回定例会会議録（第４日）第４号…令和８年３月２４日（火曜日）,supported,a737608fe6a70ff946348c45f248869bf4d9a3fc9700b9f0f2f74eff0bad4c22
shinjuku-2026-r1-gian-6,normal,content,R81B6-N-13,採決は2026年3月24日の本会議（第4日）,https://ssp.kaigiroku.net/tenant/shinjuku/MinuteView.html?council_id=3163&schedule_id=5&minute_id=1,bd058d36962b45d8d965e4625bb95ecd661a102a026175213f37ba9eb575424a,審議状況（本会議 3月24日 会議録の冒頭）,令和８年第１回定例会会議録（第４日）第４号…令和８年３月２４日（火曜日）,supported,5c8fca99f3e1c60652b5fb8bdf37c18f569cab434749626273399f7d5230712d
shinjuku-2026-r1-gian-6,hard,content,R81B6-H-11,採決は2026年3月24日の本会議（第4日）,https://ssp.kaigiroku.net/tenant/shinjuku/MinuteView.html?council_id=3163&schedule_id=5&minute_id=1,bd058d36962b45d8d965e4625bb95ecd661a102a026175213f37ba9eb575424a,審議状況（本会議 3月24日 会議録の冒頭）,令和８年第１回定例会会議録（第４日）第４号…令和８年３月２４日（火曜日）,supported,0ebb88de2bc37eb9f4788a93d43ac02045d8119abe5a71aedc91f1dc9b40347a
shinjuku-2026-r1-gian-6,easy,content,R81B6-E-14,7つの委員会の審査報告書は可決,https://ssp.kaigiroku.net/tenant/shinjuku/MinuteView.html?council_id=3163&schedule_id=5&minute_id=70,48ce37d06520d9e11a4f1f57cc94caeb218b45a2145ae4da6202583e685eca2a,審議状況（本会議 3月24日 議長）,総務区民、福祉健康、環境建設、文教子ども家庭、防災等安全対策特別、文化観光産業等特別、本庁舎対策等特別の各委員会審査報告書は、いずれも可決です,supported,a737608fe6a70ff946348c45f248869bf4d9a3fc9700b9f0f2f74eff0bad4c22
shinjuku-2026-r1-gian-6,normal,content,R81B6-N-14,7つの委員会の審査報告書は可決,https://ssp.kaigiroku.net/tenant/shinjuku/MinuteView.html?council_id=3163&schedule_id=5&minute_id=70,48ce37d06520d9e11a4f1f57cc94caeb218b45a2145ae4da6202583e685eca2a,審議状況（本会議 3月24日 議長）,総務区民、福祉健康、環境建設、文教子ども家庭、防災等安全対策特別、文化観光産業等特別、本庁舎対策等特別の各委員会審査報告書は、いずれも可決です,supported,5c8fca99f3e1c60652b5fb8bdf37c18f569cab434749626273399f7d5230712d
shinjuku-2026-r1-gian-6,hard,content,R81B6-H-12,7つの委員会の審査報告書は可決,https://ssp.kaigiroku.net/tenant/shinjuku/MinuteView.html?council_id=3163&schedule_id=5&minute_id=70,48ce37d06520d9e11a4f1f57cc94caeb218b45a2145ae4da6202583e685eca2a,審議状況（本会議 3月24日 議長）,総務区民、福祉健康、環境建設、文教子ども家庭、防災等安全対策特別、文化観光産業等特別、本庁舎対策等特別の各委員会審査報告書は、いずれも可決です,supported,0ebb88de2bc37eb9f4788a93d43ac02045d8119abe5a71aedc91f1dc9b40347a
shinjuku-2026-r1-gian-6,easy,content,R81B6-E-15,第6号議案は起立により採決,https://ssp.kaigiroku.net/tenant/shinjuku/MinuteView.html?council_id=3163&schedule_id=5&minute_id=70,48ce37d06520d9e11a4f1f57cc94caeb218b45a2145ae4da6202583e685eca2a,審議状況（本会議 3月24日 議長）,これから起立により採決します…本案を委員会審査報告のとおり決定することに賛成の方は御起立願います,supported,a737608fe6a70ff946348c45f248869bf4d9a3fc9700b9f0f2f74eff0bad4c22
shinjuku-2026-r1-gian-6,normal,content,R81B6-N-15,第6号議案は起立により採決,https://ssp.kaigiroku.net/tenant/shinjuku/MinuteView.html?council_id=3163&schedule_id=5&minute_id=70,48ce37d06520d9e11a4f1f57cc94caeb218b45a2145ae4da6202583e685eca2a,審議状況（本会議 3月24日 議長）,これから起立により採決します…本案を委員会審査報告のとおり決定することに賛成の方は御起立願います,supported,5c8fca99f3e1c60652b5fb8bdf37c18f569cab434749626273399f7d5230712d
shinjuku-2026-r1-gian-6,hard,content,R81B6-H-13,第6号議案は起立により採決,https://ssp.kaigiroku.net/tenant/shinjuku/MinuteView.html?council_id=3163&schedule_id=5&minute_id=70,48ce37d06520d9e11a4f1f57cc94caeb218b45a2145ae4da6202583e685eca2a,審議状況（本会議 3月24日 議長）,これから起立により採決します…本案を委員会審査報告のとおり決定することに賛成の方は御起立願います,supported,0ebb88de2bc37eb9f4788a93d43ac02045d8119abe5a71aedc91f1dc9b40347a
shinjuku-2026-r1-gian-6,easy,content,R81B6-E-16,起立多数と認め、委員会審査報告のとおり可決,https://ssp.kaigiroku.net/tenant/shinjuku/MinuteView.html?council_id=3163&schedule_id=5&minute_id=71,0405f4221f73a11b0034c2a81abc651c7799688051fdfb5441349221a4be563a,審議状況（本会議 3月24日 議長）,起立多数と認めます…本案は、委員会審査報告のとおり可決されました,supported,a737608fe6a70ff946348c45f248869bf4d9a3fc9700b9f0f2f74eff0bad4c22
shinjuku-2026-r1-gian-6,normal,content,R81B6-N-16,起立多数と認め、委員会審査報告のとおり可決,https://ssp.kaigiroku.net/tenant/shinjuku/MinuteView.html?council_id=3163&schedule_id=5&minute_id=71,0405f4221f73a11b0034c2a81abc651c7799688051fdfb5441349221a4be563a,審議状況（本会議 3月24日 議長）,起立多数と認めます…本案は、委員会審査報告のとおり可決されました,supported,5c8fca99f3e1c60652b5fb8bdf37c18f569cab434749626273399f7d5230712d
shinjuku-2026-r1-gian-6,hard,content,R81B6-H-14,起立多数と認め、委員会審査報告のとおり可決,https://ssp.kaigiroku.net/tenant/shinjuku/MinuteView.html?council_id=3163&schedule_id=5&minute_id=71,0405f4221f73a11b0034c2a81abc651c7799688051fdfb5441349221a4be563a,審議状況（本会議 3月24日 議長）,起立多数と認めます…本案は、委員会審査報告のとおり可決されました,supported,0ebb88de2bc37eb9f4788a93d43ac02045d8119abe5a71aedc91f1dc9b40347a
shinjuku-2026-r1-gian-6,easy,content,R81B6-E-17,この議案に対する少数意見報告書が文書により提出された,https://ssp.kaigiroku.net/tenant/shinjuku/MinuteView.html?council_id=3163&schedule_id=5&minute_id=70,48ce37d06520d9e11a4f1f57cc94caeb218b45a2145ae4da6202583e685eca2a,審議状況（本会議 3月24日 議長）,これに対する少数意見報告書が文書により提出されております,supported,a737608fe6a70ff946348c45f248869bf4d9a3fc9700b9f0f2f74eff0bad4c22
shinjuku-2026-r1-gian-6,normal,content,R81B6-N-17,この議案に対する少数意見報告書が文書により提出された,https://ssp.kaigiroku.net/tenant/shinjuku/MinuteView.html?council_id=3163&schedule_id=5&minute_id=70,48ce37d06520d9e11a4f1f57cc94caeb218b45a2145ae4da6202583e685eca2a,審議状況（本会議 3月24日 議長）,これに対する少数意見報告書が文書により提出されております,supported,5c8fca99f3e1c60652b5fb8bdf37c18f569cab434749626273399f7d5230712d
shinjuku-2026-r1-gian-6,hard,content,R81B6-H-15,この議案に対する少数意見報告書が文書により提出された,https://ssp.kaigiroku.net/tenant/shinjuku/MinuteView.html?council_id=3163&schedule_id=5&minute_id=70,48ce37d06520d9e11a4f1f57cc94caeb218b45a2145ae4da6202583e685eca2a,審議状況（本会議 3月24日 議長）,これに対する少数意見報告書が文書により提出されております,supported,0ebb88de2bc37eb9f4788a93d43ac02045d8119abe5a71aedc91f1dc9b40347a
shinjuku-2026-r1-gian-6,easy,content,R81B6-E-18,会期は2026年2月17日から3月24日まで,https://www.city.shinjuku.lg.jp/kusei/file08_05_0003820210204_00013.html,869549fe3ba94ac28c6e8fd003d4ad71484501a78203fc7a885109aae4ab487c,審議状況（会期と日程）,令和8年2月17日（火曜日）から3月24日（火曜日）まで,supported,a737608fe6a70ff946348c45f248869bf4d9a3fc9700b9f0f2f74eff0bad4c22
shinjuku-2026-r1-gian-6,normal,content,R81B6-N-18,会期は2026年2月17日から3月24日まで,https://www.city.shinjuku.lg.jp/kusei/file08_05_0003820210204_00013.html,869549fe3ba94ac28c6e8fd003d4ad71484501a78203fc7a885109aae4ab487c,審議状況（会期と日程）,令和8年2月17日（火曜日）から3月24日（火曜日）まで,supported,5c8fca99f3e1c60652b5fb8bdf37c18f569cab434749626273399f7d5230712d
shinjuku-2026-r1-gian-6,hard,content,R81B6-H-16,会期は2026年2月17日から3月24日まで,https://www.city.shinjuku.lg.jp/kusei/file08_05_0003820210204_00013.html,869549fe3ba94ac28c6e8fd003d4ad71484501a78203fc7a885109aae4ab487c,審議状況（会期と日程）,令和8年2月17日（火曜日）から3月24日（火曜日）まで,supported,0ebb88de2bc37eb9f4788a93d43ac02045d8119abe5a71aedc91f1dc9b40347a
shinjuku-2026-r1-gian-6,easy,content,R81B6-E-19,会派別の賛否: 共産が反対、ほか7会派が賛成,https://www.city.shinjuku.lg.jp/content/000452334.pdf,22ba4f49b18c96bd1fa26241606257c05477f38e25ac46d6f8e4f416a2cedbf2,審議状況（議案の概要と審議結果の採決結果行）,補正の理由：事業実績による減額、基金利子・寄附金・庁舎建設に要する経費の積立金等を計上○○×○○○○○可決,supported,a737608fe6a70ff946348c45f248869bf4d9a3fc9700b9f0f2f74eff0bad4c22
shinjuku-2026-r1-gian-6,normal,content,R81B6-N-19,会派別の賛否: 共産が反対、ほか7会派が賛成,https://www.city.shinjuku.lg.jp/content/000452334.pdf,22ba4f49b18c96bd1fa26241606257c05477f38e25ac46d6f8e4f416a2cedbf2,審議状況（議案の概要と審議結果の採決結果行）,補正の理由：事業実績による減額、基金利子・寄附金・庁舎建設に要する経費の積立金等を計上○○×○○○○○可決,supported,5c8fca99f3e1c60652b5fb8bdf37c18f569cab434749626273399f7d5230712d
shinjuku-2026-r1-gian-6,hard,content,R81B6-H-17,会派別の賛否: 共産が反対、ほか7会派が賛成,https://www.city.shinjuku.lg.jp/content/000452334.pdf,22ba4f49b18c96bd1fa26241606257c05477f38e25ac46d6f8e4f416a2cedbf2,審議状況（議案の概要と審議結果の採決結果行）,補正の理由：事業実績による減額、基金利子・寄附金・庁舎建設に要する経費の積立金等を計上○○×○○○○○可決,supported,0ebb88de2bc37eb9f4788a93d43ac02045d8119abe5a71aedc91f1dc9b40347a
shinjuku-2026-r1-gian-6,hard,content,R81B6-H-18,会派略称と賛否の列の並び,https://www.city.shinjuku.lg.jp/content/000452334.pdf,22ba4f49b18c96bd1fa26241606257c05477f38e25ac46d6f8e4f416a2cedbf2,審議状況（会派略称・列の並び）,共産＝日本共産党新宿区議会議員団…れいわ＝れいわ新選組 新宿…自参ク＝自民・参政クラブ…公明＝新宿区議会公明党…新宿会＝新宿未来の会…民無ク＝立憲民主党・無所属クラブ…維新＝日本維新の会・新宿区議団…現役＝現役世代に優しい新宿・減税の会…自参ク 公明 共産 新宿会 民無ク 維新 現役 れいわ,supported,0ebb88de2bc37eb9f4788a93d43ac02045d8119abe5a71aedc91f1dc9b40347a
shinjuku-2026-r1-gian-7,easy,title,R81B7-ET-01,件名は令和7年度新宿区国民健康保険特別会計補正予算（第3号）,https://www.city.shinjuku.lg.jp/content/000448417.pdf,c5c9f0f096c373e7894e441508ed0d800d9af0962757f8bc2fce3306080ba5ce,件名,令和７年度新宿区国民健康保険特別会計補正予算（第３号）,supported,c38d3a329684974cca090b1966618c6226ccf0008e9f77d82cfbf9e04685f1db
shinjuku-2026-r1-gian-7,normal,title,R81B7-NT-01,件名は令和7年度新宿区国民健康保険特別会計補正予算（第3号）,https://www.city.shinjuku.lg.jp/content/000448417.pdf,c5c9f0f096c373e7894e441508ed0d800d9af0962757f8bc2fce3306080ba5ce,件名,令和７年度新宿区国民健康保険特別会計補正予算（第３号）,supported,a1c53d547b1f2e0c795dd4715fa92ceec4240497535e898234e5aa08eabf929f
shinjuku-2026-r1-gian-7,hard,title,R81B7-HT-01,件名は令和7年度新宿区国民健康保険特別会計補正予算（第3号）,https://www.city.shinjuku.lg.jp/content/000448417.pdf,c5c9f0f096c373e7894e441508ed0d800d9af0962757f8bc2fce3306080ba5ce,件名,令和７年度新宿区国民健康保険特別会計補正予算（第３号）,supported,c04cd881c0a7fe223c0e026fb00e2d728759533c598082ebbfa6087b8fc7c6a5
shinjuku-2026-r1-gian-7,easy,summary,R81B7-ES-01,"補正予算額は△4億909万4千円、補正後予算額は383億2,973万3千円（議案の概要と審議結果）",https://www.city.shinjuku.lg.jp/content/000452334.pdf,22ba4f49b18c96bd1fa26241606257c05477f38e25ac46d6f8e4f416a2cedbf2,議案の概要と審議結果（補正予算額）,"補正予算額：△4億909万4千円、補正後予算額：383億2,973万3千円",supported,c38d3a329684974cca090b1966618c6226ccf0008e9f77d82cfbf9e04685f1db
shinjuku-2026-r1-gian-7,normal,summary,R81B7-NS-01,"補正予算額は△4億909万4千円、補正後予算額は383億2,973万3千円（議案の概要と審議結果）",https://www.city.shinjuku.lg.jp/content/000452334.pdf,22ba4f49b18c96bd1fa26241606257c05477f38e25ac46d6f8e4f416a2cedbf2,議案の概要と審議結果（補正予算額）,"補正予算額：△4億909万4千円、補正後予算額：383億2,973万3千円",supported,a1c53d547b1f2e0c795dd4715fa92ceec4240497535e898234e5aa08eabf929f
shinjuku-2026-r1-gian-7,hard,summary,R81B7-HS-01,"補正予算額は△4億909万4千円、補正後予算額は383億2,973万3千円（議案の概要と審議結果）",https://www.city.shinjuku.lg.jp/content/000452334.pdf,22ba4f49b18c96bd1fa26241606257c05477f38e25ac46d6f8e4f416a2cedbf2,議案の概要と審議結果（補正予算額）,"補正予算額：△4億909万4千円、補正後予算額：383億2,973万3千円",supported,c04cd881c0a7fe223c0e026fb00e2d728759533c598082ebbfa6087b8fc7c6a5
shinjuku-2026-r1-gian-7,easy,summary,R81B7-ES-02,補正の理由: 事業実績による減額、国、都支出金の収入超過に伴う返納金 等を計上,https://www.city.shinjuku.lg.jp/content/000452334.pdf,22ba4f49b18c96bd1fa26241606257c05477f38e25ac46d6f8e4f416a2cedbf2,議案の概要と審議結果（補正の理由）,補正の理由：事業実績による減額、国、都支出金の収入超過に伴う返納金等を計上,supported,c38d3a329684974cca090b1966618c6226ccf0008e9f77d82cfbf9e04685f1db
shinjuku-2026-r1-gian-7,normal,summary,R81B7-NS-02,補正の理由: 事業実績による減額、国、都支出金の収入超過に伴う返納金 等を計上,https://www.city.shinjuku.lg.jp/content/000452334.pdf,22ba4f49b18c96bd1fa26241606257c05477f38e25ac46d6f8e4f416a2cedbf2,議案の概要と審議結果（補正の理由）,補正の理由：事業実績による減額、国、都支出金の収入超過に伴う返納金等を計上,supported,a1c53d547b1f2e0c795dd4715fa92ceec4240497535e898234e5aa08eabf929f
shinjuku-2026-r1-gian-7,hard,summary,R81B7-HS-02,補正の理由: 事業実績による減額、国、都支出金の収入超過に伴う返納金 等を計上,https://www.city.shinjuku.lg.jp/content/000452334.pdf,22ba4f49b18c96bd1fa26241606257c05477f38e25ac46d6f8e4f416a2cedbf2,議案の概要と審議結果（補正の理由）,補正の理由：事業実績による減額、国、都支出金の収入超過に伴う返納金等を計上,supported,c04cd881c0a7fe223c0e026fb00e2d728759533c598082ebbfa6087b8fc7c6a5
shinjuku-2026-r1-gian-7,easy,content,R81B7-E-01,件名は令和7年度新宿区国民健康保険特別会計補正予算（第3号）,https://www.city.shinjuku.lg.jp/content/000448417.pdf,c5c9f0f096c373e7894e441508ed0d800d9af0962757f8bc2fce3306080ba5ce,件名,令和７年度新宿区国民健康保険特別会計補正予算（第３号）,supported,c38d3a329684974cca090b1966618c6226ccf0008e9f77d82cfbf9e04685f1db
shinjuku-2026-r1-gian-7,normal,content,R81B7-N-01,件名は令和7年度新宿区国民健康保険特別会計補正予算（第3号）,https://www.city.shinjuku.lg.jp/content/000448417.pdf,c5c9f0f096c373e7894e441508ed0d800d9af0962757f8bc2fce3306080ba5ce,件名,令和７年度新宿区国民健康保険特別会計補正予算（第３号）,supported,a1c53d547b1f2e0c795dd4715fa92ceec4240497535e898234e5aa08eabf929f
shinjuku-2026-r1-gian-7,hard,content,R81B7-H-01,件名は令和7年度新宿区国民健康保険特別会計補正予算（第3号）,https://www.city.shinjuku.lg.jp/content/000448417.pdf,c5c9f0f096c373e7894e441508ed0d800d9af0962757f8bc2fce3306080ba5ce,件名,令和７年度新宿区国民健康保険特別会計補正予算（第３号）,supported,c04cd881c0a7fe223c0e026fb00e2d728759533c598082ebbfa6087b8fc7c6a5
shinjuku-2026-r1-gian-7,easy,content,R81B7-E-02,提出日は令和8年2月17日、提出者は新宿区長 吉住健一,https://www.city.shinjuku.lg.jp/content/000448417.pdf,c5c9f0f096c373e7894e441508ed0d800d9af0962757f8bc2fce3306080ba5ce,提出日・提出者,令和８年２月１７日 提出…新宿区長 吉 住 健 一,supported,c38d3a329684974cca090b1966618c6226ccf0008e9f77d82cfbf9e04685f1db
shinjuku-2026-r1-gian-7,normal,content,R81B7-N-02,提出日は令和8年2月17日、提出者は新宿区長 吉住健一,https://www.city.shinjuku.lg.jp/content/000448417.pdf,c5c9f0f096c373e7894e441508ed0d800d9af0962757f8bc2fce3306080ba5ce,提出日・提出者,令和８年２月１７日 提出…新宿区長 吉 住 健 一,supported,a1c53d547b1f2e0c795dd4715fa92ceec4240497535e898234e5aa08eabf929f
shinjuku-2026-r1-gian-7,hard,content,R81B7-H-02,提出日は令和8年2月17日、提出者は新宿区長 吉住健一,https://www.city.shinjuku.lg.jp/content/000448417.pdf,c5c9f0f096c373e7894e441508ed0d800d9af0962757f8bc2fce3306080ba5ce,提出日・提出者,令和８年２月１７日 提出…新宿区長 吉 住 健 一,supported,c04cd881c0a7fe223c0e026fb00e2d728759533c598082ebbfa6087b8fc7c6a5
shinjuku-2026-r1-gian-7,easy,content,R81B7-E-03,"第1条: 歳入歳出予算の総額を409,094千円減額し、38,329,733千円とする",https://www.city.shinjuku.lg.jp/content/000448417.pdf,c5c9f0f096c373e7894e441508ed0d800d9af0962757f8bc2fce3306080ba5ce,第1条,"歳入歳出それぞれ 409,094 千円を減額し…歳入歳出それぞれ 38,329,733 千円とする",supported,c38d3a329684974cca090b1966618c6226ccf0008e9f77d82cfbf9e04685f1db
shinjuku-2026-r1-gian-7,normal,content,R81B7-N-03,"第1条: 歳入歳出予算の総額を409,094千円減額し、38,329,733千円とする",https://www.city.shinjuku.lg.jp/content/000448417.pdf,c5c9f0f096c373e7894e441508ed0d800d9af0962757f8bc2fce3306080ba5ce,第1条,"歳入歳出それぞれ 409,094 千円を減額し…歳入歳出それぞれ 38,329,733 千円とする",supported,a1c53d547b1f2e0c795dd4715fa92ceec4240497535e898234e5aa08eabf929f
shinjuku-2026-r1-gian-7,hard,content,R81B7-H-03,"第1条: 歳入歳出予算の総額を409,094千円減額し、38,329,733千円とする",https://www.city.shinjuku.lg.jp/content/000448417.pdf,c5c9f0f096c373e7894e441508ed0d800d9af0962757f8bc2fce3306080ba5ce,第1条,"歳入歳出それぞれ 409,094 千円を減額し…歳入歳出それぞれ 38,329,733 千円とする",supported,c04cd881c0a7fe223c0e026fb00e2d728759533c598082ebbfa6087b8fc7c6a5
shinjuku-2026-r1-gian-7,easy,content,R81B7-E-04,補正の理由: 事業実績による減額、国、都支出金の収入超過に伴う返納金 等を計上,https://www.city.shinjuku.lg.jp/content/000452334.pdf,22ba4f49b18c96bd1fa26241606257c05477f38e25ac46d6f8e4f416a2cedbf2,議案の概要と審議結果（補正の理由）,補正の理由：事業実績による減額、国、都支出金の収入超過に伴う返納金等を計上,supported,c38d3a329684974cca090b1966618c6226ccf0008e9f77d82cfbf9e04685f1db
shinjuku-2026-r1-gian-7,normal,content,R81B7-N-04,補正の理由: 事業実績による減額、国、都支出金の収入超過に伴う返納金 等を計上,https://www.city.shinjuku.lg.jp/content/000452334.pdf,22ba4f49b18c96bd1fa26241606257c05477f38e25ac46d6f8e4f416a2cedbf2,議案の概要と審議結果（補正の理由）,補正の理由：事業実績による減額、国、都支出金の収入超過に伴う返納金等を計上,supported,a1c53d547b1f2e0c795dd4715fa92ceec4240497535e898234e5aa08eabf929f
shinjuku-2026-r1-gian-7,easy,content,R81B7-E-05,歳入の補正額（概要PDFの事業別内訳）,https://www.city.shinjuku.lg.jp/content/000447773.pdf,ae9c609468cf9087cd0ab31135321304662e24b0eb45121def2ff27bb4a89164,歳入の事業別内訳（概要PDF）,"国民健康保険料△305,012千円…都支出金△607,458千円…繰入金2,544千円…繰越金500,634千円…国庫支出金198千円…医療給付費分現年分△157,160千円収入歩合の減(0.90→0.83)…後期高齢者支援金分現年分△54,958千円収入歩合の減(0.90→0.83)…介護納付金分現年分△34,623千円収入歩合の減(0.90→0.83)…医療給付費分滞納繰越分△42,274千円収入歩合の減(0.31→0.27)…後期高齢者支援金分滞納繰越分△14,660千円収入歩合の減(0.31→0.27)…介護納付金分滞納繰越分△1,337千円収入歩合の減(0.31→0.27)…保険給付費等交付金△607,458千円療養給付費等の実績減…一般会計繰入金（保険基盤安定繰入金）△31,959千円保険料軽減分及び保険者支援分の減…一般会計繰入金△6,052千円保険料軽減分の減…一般会計繰入金（職員給与費等繰入金）△48,214千円事務費等実績減による減…一般会計繰入金（産前産後保険料繰入金）7,685千円対象者平均所得増による実績増…一般会計繰入金（出産育児一時金繰入金）△28千円出産育児一時金の実績減…一般会計繰入金（その他繰入金）81,112千円保険料収入の減等による増…前年度繰越金500,634千円…災害等臨時特例補助金198千円",supported,c38d3a329684974cca090b1966618c6226ccf0008e9f77d82cfbf9e04685f1db
shinjuku-2026-r1-gian-7,normal,content,R81B7-N-05,歳入の補正額（概要PDFの事業別内訳）,https://www.city.shinjuku.lg.jp/content/000447773.pdf,ae9c609468cf9087cd0ab31135321304662e24b0eb45121def2ff27bb4a89164,歳入の事業別内訳（概要PDF）,"国民健康保険料△305,012千円…都支出金△607,458千円…繰入金2,544千円…繰越金500,634千円…国庫支出金198千円…医療給付費分現年分△157,160千円収入歩合の減(0.90→0.83)…後期高齢者支援金分現年分△54,958千円収入歩合の減(0.90→0.83)…介護納付金分現年分△34,623千円収入歩合の減(0.90→0.83)…医療給付費分滞納繰越分△42,274千円収入歩合の減(0.31→0.27)…後期高齢者支援金分滞納繰越分△14,660千円収入歩合の減(0.31→0.27)…介護納付金分滞納繰越分△1,337千円収入歩合の減(0.31→0.27)…保険給付費等交付金△607,458千円療養給付費等の実績減…一般会計繰入金（保険基盤安定繰入金）△31,959千円保険料軽減分及び保険者支援分の減…一般会計繰入金△6,052千円保険料軽減分の減…一般会計繰入金（職員給与費等繰入金）△48,214千円事務費等実績減による減…一般会計繰入金（産前産後保険料繰入金）7,685千円対象者平均所得増による実績増…一般会計繰入金（出産育児一時金繰入金）△28千円出産育児一時金の実績減…一般会計繰入金（その他繰入金）81,112千円保険料収入の減等による増…前年度繰越金500,634千円…災害等臨時特例補助金198千円",supported,a1c53d547b1f2e0c795dd4715fa92ceec4240497535e898234e5aa08eabf929f
shinjuku-2026-r1-gian-7,easy,content,R81B7-E-06,歳出の補正額と理由（概要PDFの事業別内訳）,https://www.city.shinjuku.lg.jp/content/000447773.pdf,ae9c609468cf9087cd0ab31135321304662e24b0eb45121def2ff27bb4a89164,歳出の事業別内訳（概要PDF）,"総務費△48,214千円…保険給付費△675,966千円…保健事業費△11,150千円…諸支出金326,236千円…資格確認書等の交付△5,197千円実績減…医療費適正化の促進△4,189千円組替による減…一般事務費（電子計算機賃借料等）△20,768千円実績減…一般事務費（事務費）△14,326千円実績減…くらしと国保の発行△3,734千円実績減…療養給付費△646,537千円実績減…療養費△18,147千円実績減…審査及び支払手数料等△2,688千円実績減…出産育児一時金△5,248千円実績減…葬祭費△3,346千円実績減…特定健康診査△12,017千円実績減…生活習慣病治療中断者への△2,238千円実績減…受診行動適正化指導3,105千円組替による増…国、都支出金の収入超過に伴う返納326,236千円6年度保険給付費等交付金",supported,c38d3a329684974cca090b1966618c6226ccf0008e9f77d82cfbf9e04685f1db
shinjuku-2026-r1-gian-7,normal,content,R81B7-N-06,歳出の補正額と理由（概要PDFの事業別内訳）,https://www.city.shinjuku.lg.jp/content/000447773.pdf,ae9c609468cf9087cd0ab31135321304662e24b0eb45121def2ff27bb4a89164,歳出の事業別内訳（概要PDF）,"総務費△48,214千円…保険給付費△675,966千円…保健事業費△11,150千円…諸支出金326,236千円…資格確認書等の交付△5,197千円実績減…医療費適正化の促進△4,189千円組替による減…一般事務費（電子計算機賃借料等）△20,768千円実績減…一般事務費（事務費）△14,326千円実績減…くらしと国保の発行△3,734千円実績減…療養給付費△646,537千円実績減…療養費△18,147千円実績減…審査及び支払手数料等△2,688千円実績減…出産育児一時金△5,248千円実績減…葬祭費△3,346千円実績減…特定健康診査△12,017千円実績減…生活習慣病治療中断者への△2,238千円実績減…受診行動適正化指導3,105千円組替による増…国、都支出金の収入超過に伴う返納326,236千円6年度保険給付費等交付金",supported,a1c53d547b1f2e0c795dd4715fa92ceec4240497535e898234e5aa08eabf929f
shinjuku-2026-r1-gian-7,easy,content,R81B7-E-07,歳入の補正額（概要PDFの事業別内訳）,https://www.city.shinjuku.lg.jp/content/000447773.pdf,ae9c609468cf9087cd0ab31135321304662e24b0eb45121def2ff27bb4a89164,歳入の事業別内訳（概要PDF）,"国民健康保険料△305,012千円…都支出金△607,458千円…繰入金2,544千円…繰越金500,634千円…国庫支出金198千円…医療給付費分現年分△157,160千円収入歩合の減(0.90→0.83)…後期高齢者支援金分現年分△54,958千円収入歩合の減(0.90→0.83)…介護納付金分現年分△34,623千円収入歩合の減(0.90→0.83)…医療給付費分滞納繰越分△42,274千円収入歩合の減(0.31→0.27)…後期高齢者支援金分滞納繰越分△14,660千円収入歩合の減(0.31→0.27)…介護納付金分滞納繰越分△1,337千円収入歩合の減(0.31→0.27)…保険給付費等交付金△607,458千円療養給付費等の実績減…一般会計繰入金（保険基盤安定繰入金）△31,959千円保険料軽減分及び保険者支援分の減…一般会計繰入金△6,052千円保険料軽減分の減…一般会計繰入金（職員給与費等繰入金）△48,214千円事務費等実績減による減…一般会計繰入金（産前産後保険料繰入金）7,685千円対象者平均所得増による実績増…一般会計繰入金（出産育児一時金繰入金）△28千円出産育児一時金の実績減…一般会計繰入金（その他繰入金）81,112千円保険料収入の減等による増…前年度繰越金500,634千円…災害等臨時特例補助金198千円",supported,c38d3a329684974cca090b1966618c6226ccf0008e9f77d82cfbf9e04685f1db
shinjuku-2026-r1-gian-7,normal,content,R81B7-N-07,歳入の補正額（概要PDFの事業別内訳）,https://www.city.shinjuku.lg.jp/content/000447773.pdf,ae9c609468cf9087cd0ab31135321304662e24b0eb45121def2ff27bb4a89164,歳入の事業別内訳（概要PDF）,"国民健康保険料△305,012千円…都支出金△607,458千円…繰入金2,544千円…繰越金500,634千円…国庫支出金198千円…医療給付費分現年分△157,160千円収入歩合の減(0.90→0.83)…後期高齢者支援金分現年分△54,958千円収入歩合の減(0.90→0.83)…介護納付金分現年分△34,623千円収入歩合の減(0.90→0.83)…医療給付費分滞納繰越分△42,274千円収入歩合の減(0.31→0.27)…後期高齢者支援金分滞納繰越分△14,660千円収入歩合の減(0.31→0.27)…介護納付金分滞納繰越分△1,337千円収入歩合の減(0.31→0.27)…保険給付費等交付金△607,458千円療養給付費等の実績減…一般会計繰入金（保険基盤安定繰入金）△31,959千円保険料軽減分及び保険者支援分の減…一般会計繰入金△6,052千円保険料軽減分の減…一般会計繰入金（職員給与費等繰入金）△48,214千円事務費等実績減による減…一般会計繰入金（産前産後保険料繰入金）7,685千円対象者平均所得増による実績増…一般会計繰入金（出産育児一時金繰入金）△28千円出産育児一時金の実績減…一般会計繰入金（その他繰入金）81,112千円保険料収入の減等による増…前年度繰越金500,634千円…災害等臨時特例補助金198千円",supported,a1c53d547b1f2e0c795dd4715fa92ceec4240497535e898234e5aa08eabf929f
shinjuku-2026-r1-gian-7,hard,content,R81B7-H-04,第1表 歳入: 款項ごとの補正前・補正額・補正後の金額,https://www.city.shinjuku.lg.jp/content/000448417.pdf,c5c9f0f096c373e7894e441508ed0d800d9af0962757f8bc2fce3306080ba5ce,第1表 歳入歳出予算補正（歳入）,"国民健康保険料10,903,618△305,01210,598,606…国民健康保険料10,903,618△305,01210,598,606…都支出金22,222,879△607,45821,615,421…都補助金22,222,879△607,45821,615,421…繰入金5,439,2262,5445,441,770…繰入金5,439,2262,5445,441,770…繰越金80,427500,634581,061…繰越金80,427500,634581,061…国庫支出金0198198…国庫補助金0198198…合計38,738,827△409,09438,329,733",supported,c04cd881c0a7fe223c0e026fb00e2d728759533c598082ebbfa6087b8fc7c6a5
shinjuku-2026-r1-gian-7,hard,content,R81B7-H-05,第1表 歳出: 款項ごとの補正前・補正額・補正後の金額,https://www.city.shinjuku.lg.jp/content/000448417.pdf,c5c9f0f096c373e7894e441508ed0d800d9af0962757f8bc2fce3306080ba5ce,第1表 歳入歳出予算補正（歳出）,"総務費1,030,574△48,214982,360…総務管理費1,030,574△48,214982,360…保険給付費22,374,981△675,96621,699,015…療養諸費19,450,885△667,37218,783,513…出産育児諸費161,500△5,248156,252…葬祭費23,100△3,34619,754…国民健康保険事業費納14,880,383014,880,383…医療給付費分10,144,150010,144,150…後期高齢者支援金等分3,613,40103,613,401…介護納付金分1,122,83201,122,832…保健事業費221,932△11,150210,782…特定健康診査等事業費207,449△12,017195,432…保健事業費14,48386715,350…諸支出金80,957326,236407,193…償還金及び還付金80,956326,236407,192…合計38,738,827△409,09438,329,733",supported,c04cd881c0a7fe223c0e026fb00e2d728759533c598082ebbfa6087b8fc7c6a5
shinjuku-2026-r1-gian-7,hard,content,R81B7-H-06,歳出の補正額と理由（概要PDFの事業別内訳）,https://www.city.shinjuku.lg.jp/content/000447773.pdf,ae9c609468cf9087cd0ab31135321304662e24b0eb45121def2ff27bb4a89164,歳出の事業別内訳（概要PDF）,"総務費△48,214千円…保険給付費△675,966千円…保健事業費△11,150千円…諸支出金326,236千円…資格確認書等の交付△5,197千円実績減…医療費適正化の促進△4,189千円組替による減…一般事務費（電子計算機賃借料等）△20,768千円実績減…一般事務費（事務費）△14,326千円実績減…くらしと国保の発行△3,734千円実績減…療養給付費△646,537千円実績減…療養費△18,147千円実績減…審査及び支払手数料等△2,688千円実績減…出産育児一時金△5,248千円実績減…葬祭費△3,346千円実績減…特定健康診査△12,017千円実績減…生活習慣病治療中断者への△2,238千円実績減…受診行動適正化指導3,105千円組替による増…国、都支出金の収入超過に伴う返納326,236千円6年度保険給付費等交付金",supported,c04cd881c0a7fe223c0e026fb00e2d728759533c598082ebbfa6087b8fc7c6a5
shinjuku-2026-r1-gian-7,easy,content,R81B7-E-08,第7号議案の議決結果は原案可決,https://www.city.shinjuku.lg.jp/kusei/soumu01_002090_00015.html,7c2b6f68db1b433b860b35d176b4dd9211e78582ec9de718fcfefe68b22d896a,審議状況（議決結果ページ）,第7号議案令和7年度新宿区国民健康保険特別会計補正予算（第3号）原案可決,supported,c38d3a329684974cca090b1966618c6226ccf0008e9f77d82cfbf9e04685f1db
shinjuku-2026-r1-gian-7,normal,content,R81B7-N-08,第7号議案の議決結果は原案可決,https://www.city.shinjuku.lg.jp/kusei/soumu01_002090_00015.html,7c2b6f68db1b433b860b35d176b4dd9211e78582ec9de718fcfefe68b22d896a,審議状況（議決結果ページ）,第7号議案令和7年度新宿区国民健康保険特別会計補正予算（第3号）原案可決,supported,a1c53d547b1f2e0c795dd4715fa92ceec4240497535e898234e5aa08eabf929f
shinjuku-2026-r1-gian-7,hard,content,R81B7-H-07,第7号議案の議決結果は原案可決,https://www.city.shinjuku.lg.jp/kusei/soumu01_002090_00015.html,7c2b6f68db1b433b860b35d176b4dd9211e78582ec9de718fcfefe68b22d896a,審議状況（議決結果ページ）,第7号議案令和7年度新宿区国民健康保険特別会計補正予算（第3号）原案可決,supported,c04cd881c0a7fe223c0e026fb00e2d728759533c598082ebbfa6087b8fc7c6a5
shinjuku-2026-r1-gian-7,easy,content,R81B7-E-09,採決は2026年3月24日の本会議（第4日）,https://ssp.kaigiroku.net/tenant/shinjuku/MinuteView.html?council_id=3163&schedule_id=5&minute_id=1,bd058d36962b45d8d965e4625bb95ecd661a102a026175213f37ba9eb575424a,審議状況（本会議 3月24日 会議録の冒頭）,令和８年第１回定例会会議録（第４日）第４号…令和８年３月２４日（火曜日）,supported,c38d3a329684974cca090b1966618c6226ccf0008e9f77d82cfbf9e04685f1db
shinjuku-2026-r1-gian-7,normal,content,R81B7-N-09,採決は2026年3月24日の本会議（第4日）,https://ssp.kaigiroku.net/tenant/shinjuku/MinuteView.html?council_id=3163&schedule_id=5&minute_id=1,bd058d36962b45d8d965e4625bb95ecd661a102a026175213f37ba9eb575424a,審議状況（本会議 3月24日 会議録の冒頭）,令和８年第１回定例会会議録（第４日）第４号…令和８年３月２４日（火曜日）,supported,a1c53d547b1f2e0c795dd4715fa92ceec4240497535e898234e5aa08eabf929f
shinjuku-2026-r1-gian-7,hard,content,R81B7-H-08,採決は2026年3月24日の本会議（第4日）,https://ssp.kaigiroku.net/tenant/shinjuku/MinuteView.html?council_id=3163&schedule_id=5&minute_id=1,bd058d36962b45d8d965e4625bb95ecd661a102a026175213f37ba9eb575424a,審議状況（本会議 3月24日 会議録の冒頭）,令和８年第１回定例会会議録（第４日）第４号…令和８年３月２４日（火曜日）,supported,c04cd881c0a7fe223c0e026fb00e2d728759533c598082ebbfa6087b8fc7c6a5
shinjuku-2026-r1-gian-7,easy,content,R81B7-E-10,総務区民・福祉健康の各委員会審査報告書は可決,https://ssp.kaigiroku.net/tenant/shinjuku/MinuteView.html?council_id=3163&schedule_id=5&minute_id=75,9f7d4c7ebee9ef06f2e1d9b7ff4754e327b6f817a6c2e8abd3b3b16d73317d45,審議状況（本会議 3月24日 議長）,総務区民、福祉健康の各委員会審査報告書は、いずれも可決です,supported,c38d3a329684974cca090b1966618c6226ccf0008e9f77d82cfbf9e04685f1db
shinjuku-2026-r1-gian-7,normal,content,R81B7-N-10,総務区民・福祉健康の各委員会審査報告書は可決,https://ssp.kaigiroku.net/tenant/shinjuku/MinuteView.html?council_id=3163&schedule_id=5&minute_id=75,9f7d4c7ebee9ef06f2e1d9b7ff4754e327b6f817a6c2e8abd3b3b16d73317d45,審議状況（本会議 3月24日 議長）,総務区民、福祉健康の各委員会審査報告書は、いずれも可決です,supported,a1c53d547b1f2e0c795dd4715fa92ceec4240497535e898234e5aa08eabf929f
shinjuku-2026-r1-gian-7,hard,content,R81B7-H-09,総務区民・福祉健康の各委員会審査報告書は可決,https://ssp.kaigiroku.net/tenant/shinjuku/MinuteView.html?council_id=3163&schedule_id=5&minute_id=75,9f7d4c7ebee9ef06f2e1d9b7ff4754e327b6f817a6c2e8abd3b3b16d73317d45,審議状況（本会議 3月24日 議長）,総務区民、福祉健康の各委員会審査報告書は、いずれも可決です,supported,c04cd881c0a7fe223c0e026fb00e2d728759533c598082ebbfa6087b8fc7c6a5
shinjuku-2026-r1-gian-7,easy,content,R81B7-E-11,議長が異議の有無を諮った,https://ssp.kaigiroku.net/tenant/shinjuku/MinuteView.html?council_id=3163&schedule_id=5&minute_id=75,9f7d4c7ebee9ef06f2e1d9b7ff4754e327b6f817a6c2e8abd3b3b16d73317d45,審議状況（本会議 3月24日 議長）,本案をいずれも委員会審査報告のとおり決定することに御異議ありませんか,supported,c38d3a329684974cca090b1966618c6226ccf0008e9f77d82cfbf9e04685f1db
shinjuku-2026-r1-gian-7,normal,content,R81B7-N-11,議長が異議の有無を諮った,https://ssp.kaigiroku.net/tenant/shinjuku/MinuteView.html?council_id=3163&schedule_id=5&minute_id=75,9f7d4c7ebee9ef06f2e1d9b7ff4754e327b6f817a6c2e8abd3b3b16d73317d45,審議状況（本会議 3月24日 議長）,本案をいずれも委員会審査報告のとおり決定することに御異議ありませんか,supported,a1c53d547b1f2e0c795dd4715fa92ceec4240497535e898234e5aa08eabf929f
shinjuku-2026-r1-gian-7,hard,content,R81B7-H-10,議長が異議の有無を諮った,https://ssp.kaigiroku.net/tenant/shinjuku/MinuteView.html?council_id=3163&schedule_id=5&minute_id=75,9f7d4c7ebee9ef06f2e1d9b7ff4754e327b6f817a6c2e8abd3b3b16d73317d45,審議状況（本会議 3月24日 議長）,本案をいずれも委員会審査報告のとおり決定することに御異議ありませんか,supported,c04cd881c0a7fe223c0e026fb00e2d728759533c598082ebbfa6087b8fc7c6a5
shinjuku-2026-r1-gian-7,easy,content,R81B7-E-12,異議なしと認め、委員会審査報告のとおり可決,https://ssp.kaigiroku.net/tenant/shinjuku/MinuteView.html?council_id=3163&schedule_id=5&minute_id=76,970914f9ce4a28e423e8480a3d4ce175afafafeebd92448698df42d97cb2ec1d,審議状況（本会議 3月24日 議長）,異議なしと認めます…本案は、いずれも委員会審査報告のとおり可決されました,supported,c38d3a329684974cca090b1966618c6226ccf0008e9f77d82cfbf9e04685f1db
shinjuku-2026-r1-gian-7,normal,content,R81B7-N-12,異議なしと認め、委員会審査報告のとおり可決,https://ssp.kaigiroku.net/tenant/shinjuku/MinuteView.html?council_id=3163&schedule_id=5&minute_id=76,970914f9ce4a28e423e8480a3d4ce175afafafeebd92448698df42d97cb2ec1d,審議状況（本会議 3月24日 議長）,異議なしと認めます…本案は、いずれも委員会審査報告のとおり可決されました,supported,a1c53d547b1f2e0c795dd4715fa92ceec4240497535e898234e5aa08eabf929f
shinjuku-2026-r1-gian-7,hard,content,R81B7-H-11,異議なしと認め、委員会審査報告のとおり可決,https://ssp.kaigiroku.net/tenant/shinjuku/MinuteView.html?council_id=3163&schedule_id=5&minute_id=76,970914f9ce4a28e423e8480a3d4ce175afafafeebd92448698df42d97cb2ec1d,審議状況（本会議 3月24日 議長）,異議なしと認めます…本案は、いずれも委員会審査報告のとおり可決されました,supported,c04cd881c0a7fe223c0e026fb00e2d728759533c598082ebbfa6087b8fc7c6a5
shinjuku-2026-r1-gian-7,easy,content,R81B7-E-13,会期は2026年2月17日から3月24日まで,https://www.city.shinjuku.lg.jp/kusei/file08_05_0003820210204_00013.html,869549fe3ba94ac28c6e8fd003d4ad71484501a78203fc7a885109aae4ab487c,審議状況（会期と日程）,令和8年2月17日（火曜日）から3月24日（火曜日）まで,supported,c38d3a329684974cca090b1966618c6226ccf0008e9f77d82cfbf9e04685f1db
shinjuku-2026-r1-gian-7,normal,content,R81B7-N-13,会期は2026年2月17日から3月24日まで,https://www.city.shinjuku.lg.jp/kusei/file08_05_0003820210204_00013.html,869549fe3ba94ac28c6e8fd003d4ad71484501a78203fc7a885109aae4ab487c,審議状況（会期と日程）,令和8年2月17日（火曜日）から3月24日（火曜日）まで,supported,a1c53d547b1f2e0c795dd4715fa92ceec4240497535e898234e5aa08eabf929f
shinjuku-2026-r1-gian-7,hard,content,R81B7-H-12,会期は2026年2月17日から3月24日まで,https://www.city.shinjuku.lg.jp/kusei/file08_05_0003820210204_00013.html,869549fe3ba94ac28c6e8fd003d4ad71484501a78203fc7a885109aae4ab487c,審議状況（会期と日程）,令和8年2月17日（火曜日）から3月24日（火曜日）まで,supported,c04cd881c0a7fe223c0e026fb00e2d728759533c598082ebbfa6087b8fc7c6a5
shinjuku-2026-r1-gian-7,easy,content,R81B7-E-14,会派別の賛否: 8会派すべて賛成,https://www.city.shinjuku.lg.jp/content/000452334.pdf,22ba4f49b18c96bd1fa26241606257c05477f38e25ac46d6f8e4f416a2cedbf2,審議状況（議案の概要と審議結果の採決結果行）,補正の理由：事業実績による減額、国、都支出金の収入超過に伴う返納金等を計上○○○○○○○○可決,supported,c38d3a329684974cca090b1966618c6226ccf0008e9f77d82cfbf9e04685f1db
shinjuku-2026-r1-gian-7,normal,content,R81B7-N-14,会派別の賛否: 8会派すべて賛成,https://www.city.shinjuku.lg.jp/content/000452334.pdf,22ba4f49b18c96bd1fa26241606257c05477f38e25ac46d6f8e4f416a2cedbf2,審議状況（議案の概要と審議結果の採決結果行）,補正の理由：事業実績による減額、国、都支出金の収入超過に伴う返納金等を計上○○○○○○○○可決,supported,a1c53d547b1f2e0c795dd4715fa92ceec4240497535e898234e5aa08eabf929f
shinjuku-2026-r1-gian-7,hard,content,R81B7-H-13,会派別の賛否: 8会派すべて賛成,https://www.city.shinjuku.lg.jp/content/000452334.pdf,22ba4f49b18c96bd1fa26241606257c05477f38e25ac46d6f8e4f416a2cedbf2,審議状況（議案の概要と審議結果の採決結果行）,補正の理由：事業実績による減額、国、都支出金の収入超過に伴う返納金等を計上○○○○○○○○可決,supported,c04cd881c0a7fe223c0e026fb00e2d728759533c598082ebbfa6087b8fc7c6a5
shinjuku-2026-r1-gian-7,hard,content,R81B7-H-14,会派略称と賛否の列の並び,https://www.city.shinjuku.lg.jp/content/000452334.pdf,22ba4f49b18c96bd1fa26241606257c05477f38e25ac46d6f8e4f416a2cedbf2,審議状況（会派略称・列の並び）,共産＝日本共産党新宿区議会議員団…れいわ＝れいわ新選組 新宿…自参ク＝自民・参政クラブ…公明＝新宿区議会公明党…新宿会＝新宿未来の会…民無ク＝立憲民主党・無所属クラブ…維新＝日本維新の会・新宿区議団…現役＝現役世代に優しい新宿・減税の会…自参ク 公明 共産 新宿会 民無ク 維新 現役 れいわ,supported,c04cd881c0a7fe223c0e026fb00e2d728759533c598082ebbfa6087b8fc7c6a5
shinjuku-2026-r1-gian-8,easy,title,R81B8-ET-01,件名は令和7年度新宿区介護保険特別会計補正予算（第3号）,https://www.city.shinjuku.lg.jp/content/000448418.pdf,f33d80167dc1baa073c68dac44d8d2395b5d52382d889eaf211f64daa70088be,件名,令和７年度新宿区介護保険特別会計補正予算（第３号）,supported,aa7ec33921cf36057c860fd96afab166adeb8ac930c8ff8c590e641c2fe7f7d8
shinjuku-2026-r1-gian-8,normal,title,R81B8-NT-01,件名は令和7年度新宿区介護保険特別会計補正予算（第3号）,https://www.city.shinjuku.lg.jp/content/000448418.pdf,f33d80167dc1baa073c68dac44d8d2395b5d52382d889eaf211f64daa70088be,件名,令和７年度新宿区介護保険特別会計補正予算（第３号）,supported,7a97422d9a8e11177380a2880bb9d4900c5833ea71f06989a5a686427d7a0cdd
shinjuku-2026-r1-gian-8,hard,title,R81B8-HT-01,件名は令和7年度新宿区介護保険特別会計補正予算（第3号）,https://www.city.shinjuku.lg.jp/content/000448418.pdf,f33d80167dc1baa073c68dac44d8d2395b5d52382d889eaf211f64daa70088be,件名,令和７年度新宿区介護保険特別会計補正予算（第３号）,supported,1f53689fbdd7a9a768e1141a0d08fa64d71ddb656d4609e914e790841aad79e0
shinjuku-2026-r1-gian-8,easy,summary,R81B8-ES-01,"補正予算額は7,444万9千円、補正後予算額は278億4,148万円（議案の概要と審議結果）",https://www.city.shinjuku.lg.jp/content/000452334.pdf,22ba4f49b18c96bd1fa26241606257c05477f38e25ac46d6f8e4f416a2cedbf2,議案の概要と審議結果（補正予算額）,"補正予算額：7,444万9千円、補正後予算額：278億4,148万円",supported,aa7ec33921cf36057c860fd96afab166adeb8ac930c8ff8c590e641c2fe7f7d8
shinjuku-2026-r1-gian-8,normal,summary,R81B8-NS-01,"補正予算額は7,444万9千円、補正後予算額は278億4,148万円（議案の概要と審議結果）",https://www.city.shinjuku.lg.jp/content/000452334.pdf,22ba4f49b18c96bd1fa26241606257c05477f38e25ac46d6f8e4f416a2cedbf2,議案の概要と審議結果（補正予算額）,"補正予算額：7,444万9千円、補正後予算額：278億4,148万円",supported,7a97422d9a8e11177380a2880bb9d4900c5833ea71f06989a5a686427d7a0cdd
shinjuku-2026-r1-gian-8,hard,summary,R81B8-HS-01,"補正予算額は7,444万9千円、補正後予算額は278億4,148万円（議案の概要と審議結果）",https://www.city.shinjuku.lg.jp/content/000452334.pdf,22ba4f49b18c96bd1fa26241606257c05477f38e25ac46d6f8e4f416a2cedbf2,議案の概要と審議結果（補正予算額）,"補正予算額：7,444万9千円、補正後予算額：278億4,148万円",supported,1f53689fbdd7a9a768e1141a0d08fa64d71ddb656d4609e914e790841aad79e0
shinjuku-2026-r1-gian-8,easy,summary,R81B8-ES-02,補正の理由: 事業実績による増額、基金利子の減 等を計上,https://www.city.shinjuku.lg.jp/content/000452334.pdf,22ba4f49b18c96bd1fa26241606257c05477f38e25ac46d6f8e4f416a2cedbf2,議案の概要と審議結果（補正の理由）,補正の理由：事業実績による増額、基金利子の減等を計上,supported,aa7ec33921cf36057c860fd96afab166adeb8ac930c8ff8c590e641c2fe7f7d8
shinjuku-2026-r1-gian-8,normal,summary,R81B8-NS-02,補正の理由: 事業実績による増額、基金利子の減 等を計上,https://www.city.shinjuku.lg.jp/content/000452334.pdf,22ba4f49b18c96bd1fa26241606257c05477f38e25ac46d6f8e4f416a2cedbf2,議案の概要と審議結果（補正の理由）,補正の理由：事業実績による増額、基金利子の減等を計上,supported,7a97422d9a8e11177380a2880bb9d4900c5833ea71f06989a5a686427d7a0cdd
shinjuku-2026-r1-gian-8,hard,summary,R81B8-HS-02,補正の理由: 事業実績による増額、基金利子の減 等を計上,https://www.city.shinjuku.lg.jp/content/000452334.pdf,22ba4f49b18c96bd1fa26241606257c05477f38e25ac46d6f8e4f416a2cedbf2,議案の概要と審議結果（補正の理由）,補正の理由：事業実績による増額、基金利子の減等を計上,supported,1f53689fbdd7a9a768e1141a0d08fa64d71ddb656d4609e914e790841aad79e0
shinjuku-2026-r1-gian-8,easy,content,R81B8-E-01,件名は令和7年度新宿区介護保険特別会計補正予算（第3号）,https://www.city.shinjuku.lg.jp/content/000448418.pdf,f33d80167dc1baa073c68dac44d8d2395b5d52382d889eaf211f64daa70088be,件名,令和７年度新宿区介護保険特別会計補正予算（第３号）,supported,aa7ec33921cf36057c860fd96afab166adeb8ac930c8ff8c590e641c2fe7f7d8
shinjuku-2026-r1-gian-8,normal,content,R81B8-N-01,件名は令和7年度新宿区介護保険特別会計補正予算（第3号）,https://www.city.shinjuku.lg.jp/content/000448418.pdf,f33d80167dc1baa073c68dac44d8d2395b5d52382d889eaf211f64daa70088be,件名,令和７年度新宿区介護保険特別会計補正予算（第３号）,supported,7a97422d9a8e11177380a2880bb9d4900c5833ea71f06989a5a686427d7a0cdd
shinjuku-2026-r1-gian-8,hard,content,R81B8-H-01,件名は令和7年度新宿区介護保険特別会計補正予算（第3号）,https://www.city.shinjuku.lg.jp/content/000448418.pdf,f33d80167dc1baa073c68dac44d8d2395b5d52382d889eaf211f64daa70088be,件名,令和７年度新宿区介護保険特別会計補正予算（第３号）,supported,1f53689fbdd7a9a768e1141a0d08fa64d71ddb656d4609e914e790841aad79e0
shinjuku-2026-r1-gian-8,easy,content,R81B8-E-02,提出日は令和8年2月17日、提出者は新宿区長 吉住健一,https://www.city.shinjuku.lg.jp/content/000448418.pdf,f33d80167dc1baa073c68dac44d8d2395b5d52382d889eaf211f64daa70088be,提出日・提出者,令和８年２月１７日 提出…新宿区長 吉 住 健 一,supported,aa7ec33921cf36057c860fd96afab166adeb8ac930c8ff8c590e641c2fe7f7d8
shinjuku-2026-r1-gian-8,normal,content,R81B8-N-02,提出日は令和8年2月17日、提出者は新宿区長 吉住健一,https://www.city.shinjuku.lg.jp/content/000448418.pdf,f33d80167dc1baa073c68dac44d8d2395b5d52382d889eaf211f64daa70088be,提出日・提出者,令和８年２月１７日 提出…新宿区長 吉 住 健 一,supported,7a97422d9a8e11177380a2880bb9d4900c5833ea71f06989a5a686427d7a0cdd
shinjuku-2026-r1-gian-8,hard,content,R81B8-H-02,提出日は令和8年2月17日、提出者は新宿区長 吉住健一,https://www.city.shinjuku.lg.jp/content/000448418.pdf,f33d80167dc1baa073c68dac44d8d2395b5d52382d889eaf211f64daa70088be,提出日・提出者,令和８年２月１７日 提出…新宿区長 吉 住 健 一,supported,1f53689fbdd7a9a768e1141a0d08fa64d71ddb656d4609e914e790841aad79e0
shinjuku-2026-r1-gian-8,easy,content,R81B8-E-03,"第1条: 歳入歳出予算の総額を74,449千円追加し、27,841,480千円とする",https://www.city.shinjuku.lg.jp/content/000448418.pdf,f33d80167dc1baa073c68dac44d8d2395b5d52382d889eaf211f64daa70088be,第1条,"歳入歳出それぞれ 74,449 千円を追加し…歳入歳出それぞれ 27,841,480 千円とする",supported,aa7ec33921cf36057c860fd96afab166adeb8ac930c8ff8c590e641c2fe7f7d8
shinjuku-2026-r1-gian-8,normal,content,R81B8-N-03,"第1条: 歳入歳出予算の総額を74,449千円追加し、27,841,480千円とする",https://www.city.shinjuku.lg.jp/content/000448418.pdf,f33d80167dc1baa073c68dac44d8d2395b5d52382d889eaf211f64daa70088be,第1条,"歳入歳出それぞれ 74,449 千円を追加し…歳入歳出それぞれ 27,841,480 千円とする",supported,7a97422d9a8e11177380a2880bb9d4900c5833ea71f06989a5a686427d7a0cdd
shinjuku-2026-r1-gian-8,hard,content,R81B8-H-03,"第1条: 歳入歳出予算の総額を74,449千円追加し、27,841,480千円とする",https://www.city.shinjuku.lg.jp/content/000448418.pdf,f33d80167dc1baa073c68dac44d8d2395b5d52382d889eaf211f64daa70088be,第1条,"歳入歳出それぞれ 74,449 千円を追加し…歳入歳出それぞれ 27,841,480 千円とする",supported,1f53689fbdd7a9a768e1141a0d08fa64d71ddb656d4609e914e790841aad79e0
shinjuku-2026-r1-gian-8,easy,content,R81B8-E-04,補正の理由: 事業実績による増額、基金利子の減 等を計上,https://www.city.shinjuku.lg.jp/content/000452334.pdf,22ba4f49b18c96bd1fa26241606257c05477f38e25ac46d6f8e4f416a2cedbf2,議案の概要と審議結果（補正の理由）,補正の理由：事業実績による増額、基金利子の減等を計上,supported,aa7ec33921cf36057c860fd96afab166adeb8ac930c8ff8c590e641c2fe7f7d8
shinjuku-2026-r1-gian-8,normal,content,R81B8-N-04,補正の理由: 事業実績による増額、基金利子の減 等を計上,https://www.city.shinjuku.lg.jp/content/000452334.pdf,22ba4f49b18c96bd1fa26241606257c05477f38e25ac46d6f8e4f416a2cedbf2,議案の概要と審議結果（補正の理由）,補正の理由：事業実績による増額、基金利子の減等を計上,supported,7a97422d9a8e11177380a2880bb9d4900c5833ea71f06989a5a686427d7a0cdd
shinjuku-2026-r1-gian-8,easy,content,R81B8-E-05,歳出の補正額と理由（概要PDFの事業別内訳）,https://www.city.shinjuku.lg.jp/content/000447773.pdf,ae9c609468cf9087cd0ab31135321304662e24b0eb45121def2ff27bb4a89164,歳出の事業別内訳（概要PDF）,"総務費△56,117千円…保険給付費131,112千円…基金積立金△546千円…電子計算機賃借料等△11,163千円実績減…一般事務費△6,769千円実績減…介護認定審査会△3,430千円実績減…介護認定調査の実施△23,229千円実績減…主治医意見書の確保△11,526千円実績減…居宅サービス給付費393,229千円実績増…地域密着型サービス給付費△262,117千円実績減…介護給付準備基金積立金△546千円基金利子の減",supported,aa7ec33921cf36057c860fd96afab166adeb8ac930c8ff8c590e641c2fe7f7d8
shinjuku-2026-r1-gian-8,normal,content,R81B8-N-05,歳出の補正額と理由（概要PDFの事業別内訳）,https://www.city.shinjuku.lg.jp/content/000447773.pdf,ae9c609468cf9087cd0ab31135321304662e24b0eb45121def2ff27bb4a89164,歳出の事業別内訳（概要PDF）,"総務費△56,117千円…保険給付費131,112千円…基金積立金△546千円…電子計算機賃借料等△11,163千円実績減…一般事務費△6,769千円実績減…介護認定審査会△3,430千円実績減…介護認定調査の実施△23,229千円実績減…主治医意見書の確保△11,526千円実績減…居宅サービス給付費393,229千円実績増…地域密着型サービス給付費△262,117千円実績減…介護給付準備基金積立金△546千円基金利子の減",supported,7a97422d9a8e11177380a2880bb9d4900c5833ea71f06989a5a686427d7a0cdd
shinjuku-2026-r1-gian-8,easy,content,R81B8-E-06,歳入の補正額（概要PDFの事業別内訳）,https://www.city.shinjuku.lg.jp/content/000447773.pdf,ae9c609468cf9087cd0ab31135321304662e24b0eb45121def2ff27bb4a89164,歳入の事業別内訳（概要PDF）,"国庫支出金24,688千円…支払基金交付金35,400千円…都支出金22,355千円…財産収入△546千円…繰入金△7,448千円…介護給付費負担金20,257千円…調整交付金4,431千円…介護給付費交付金35,400千円…介護給付費負担金22,355千円…介護給付準備基金利子△546千円…一般会計繰入金16,389千円…一般会計繰入金△56,117千円…介護給付準備基金繰入金32,280千円",supported,aa7ec33921cf36057c860fd96afab166adeb8ac930c8ff8c590e641c2fe7f7d8
shinjuku-2026-r1-gian-8,normal,content,R81B8-N-06,歳入の補正額（概要PDFの事業別内訳）,https://www.city.shinjuku.lg.jp/content/000447773.pdf,ae9c609468cf9087cd0ab31135321304662e24b0eb45121def2ff27bb4a89164,歳入の事業別内訳（概要PDF）,"国庫支出金24,688千円…支払基金交付金35,400千円…都支出金22,355千円…財産収入△546千円…繰入金△7,448千円…介護給付費負担金20,257千円…調整交付金4,431千円…介護給付費交付金35,400千円…介護給付費負担金22,355千円…介護給付準備基金利子△546千円…一般会計繰入金16,389千円…一般会計繰入金△56,117千円…介護給付準備基金繰入金32,280千円",supported,7a97422d9a8e11177380a2880bb9d4900c5833ea71f06989a5a686427d7a0cdd
shinjuku-2026-r1-gian-8,hard,content,R81B8-H-04,第1表 歳入: 款項ごとの補正前・補正額・補正後の金額,https://www.city.shinjuku.lg.jp/content/000448418.pdf,f33d80167dc1baa073c68dac44d8d2395b5d52382d889eaf211f64daa70088be,第1表 歳入歳出予算補正（歳入）,"国庫支出金5,671,52224,6885,696,210…国庫負担金4,368,57420,2574,388,831…国庫補助金1,302,9484,4311,307,379…支払基金交付金6,826,30435,4006,861,704…支払基金交付金6,826,30435,4006,861,704…都支出金3,779,06622,3553,801,421…都負担金3,548,53722,3553,570,892…財産収入7,985△5467,439…財産運用収入7,984△5467,438…繰入金5,479,372△7,4485,471,924…一般会計繰入金4,749,267△39,7284,709,539…基金繰入金730,10532,280762,385…合計27,767,03174,44927,841,480",supported,1f53689fbdd7a9a768e1141a0d08fa64d71ddb656d4609e914e790841aad79e0
shinjuku-2026-r1-gian-8,hard,content,R81B8-H-05,第1表 歳出: 款項ごとの補正前・補正額・補正後の金額,https://www.city.shinjuku.lg.jp/content/000448418.pdf,f33d80167dc1baa073c68dac44d8d2395b5d52382d889eaf211f64daa70088be,第1表 歳入歳出予算補正（歳出）,"総務費1,070,364△56,1171,014,247…総務管理費1,070,364△56,1171,014,247…保険給付費24,357,343131,11224,488,455…サービス等諸費23,414,150131,11223,545,262…基金積立金517,261△546516,715…基金積立金517,261△546516,715…合計27,767,03174,44927,841,480",supported,1f53689fbdd7a9a768e1141a0d08fa64d71ddb656d4609e914e790841aad79e0
shinjuku-2026-r1-gian-8,hard,content,R81B8-H-06,歳出の補正額と理由（概要PDFの事業別内訳）,https://www.city.shinjuku.lg.jp/content/000447773.pdf,ae9c609468cf9087cd0ab31135321304662e24b0eb45121def2ff27bb4a89164,歳出の事業別内訳（概要PDF）,"総務費△56,117千円…保険給付費131,112千円…基金積立金△546千円…電子計算機賃借料等△11,163千円実績減…一般事務費△6,769千円実績減…介護認定審査会△3,430千円実績減…介護認定調査の実施△23,229千円実績減…主治医意見書の確保△11,526千円実績減…居宅サービス給付費393,229千円実績増…地域密着型サービス給付費△262,117千円実績減…介護給付準備基金積立金△546千円基金利子の減",supported,1f53689fbdd7a9a768e1141a0d08fa64d71ddb656d4609e914e790841aad79e0
shinjuku-2026-r1-gian-8,easy,content,R81B8-E-07,第8号議案の議決結果は原案可決,https://www.city.shinjuku.lg.jp/kusei/soumu01_002090_00015.html,7c2b6f68db1b433b860b35d176b4dd9211e78582ec9de718fcfefe68b22d896a,審議状況（議決結果ページ）,第8号議案令和7年度新宿区介護保険特別会計補正予算（第3号）原案可決,supported,aa7ec33921cf36057c860fd96afab166adeb8ac930c8ff8c590e641c2fe7f7d8
shinjuku-2026-r1-gian-8,normal,content,R81B8-N-07,第8号議案の議決結果は原案可決,https://www.city.shinjuku.lg.jp/kusei/soumu01_002090_00015.html,7c2b6f68db1b433b860b35d176b4dd9211e78582ec9de718fcfefe68b22d896a,審議状況（議決結果ページ）,第8号議案令和7年度新宿区介護保険特別会計補正予算（第3号）原案可決,supported,7a97422d9a8e11177380a2880bb9d4900c5833ea71f06989a5a686427d7a0cdd
shinjuku-2026-r1-gian-8,hard,content,R81B8-H-07,第8号議案の議決結果は原案可決,https://www.city.shinjuku.lg.jp/kusei/soumu01_002090_00015.html,7c2b6f68db1b433b860b35d176b4dd9211e78582ec9de718fcfefe68b22d896a,審議状況（議決結果ページ）,第8号議案令和7年度新宿区介護保険特別会計補正予算（第3号）原案可決,supported,1f53689fbdd7a9a768e1141a0d08fa64d71ddb656d4609e914e790841aad79e0
shinjuku-2026-r1-gian-8,easy,content,R81B8-E-08,採決は2026年3月24日の本会議（第4日）,https://ssp.kaigiroku.net/tenant/shinjuku/MinuteView.html?council_id=3163&schedule_id=5&minute_id=1,bd058d36962b45d8d965e4625bb95ecd661a102a026175213f37ba9eb575424a,審議状況（本会議 3月24日 会議録の冒頭）,令和８年第１回定例会会議録（第４日）第４号…令和８年３月２４日（火曜日）,supported,aa7ec33921cf36057c860fd96afab166adeb8ac930c8ff8c590e641c2fe7f7d8
shinjuku-2026-r1-gian-8,normal,content,R81B8-N-08,採決は2026年3月24日の本会議（第4日）,https://ssp.kaigiroku.net/tenant/shinjuku/MinuteView.html?council_id=3163&schedule_id=5&minute_id=1,bd058d36962b45d8d965e4625bb95ecd661a102a026175213f37ba9eb575424a,審議状況（本会議 3月24日 会議録の冒頭）,令和８年第１回定例会会議録（第４日）第４号…令和８年３月２４日（火曜日）,supported,7a97422d9a8e11177380a2880bb9d4900c5833ea71f06989a5a686427d7a0cdd
shinjuku-2026-r1-gian-8,hard,content,R81B8-H-08,採決は2026年3月24日の本会議（第4日）,https://ssp.kaigiroku.net/tenant/shinjuku/MinuteView.html?council_id=3163&schedule_id=5&minute_id=1,bd058d36962b45d8d965e4625bb95ecd661a102a026175213f37ba9eb575424a,審議状況（本会議 3月24日 会議録の冒頭）,令和８年第１回定例会会議録（第４日）第４号…令和８年３月２４日（火曜日）,supported,1f53689fbdd7a9a768e1141a0d08fa64d71ddb656d4609e914e790841aad79e0
shinjuku-2026-r1-gian-8,easy,content,R81B8-E-09,総務区民・福祉健康の各委員会審査報告書は可決,https://ssp.kaigiroku.net/tenant/shinjuku/MinuteView.html?council_id=3163&schedule_id=5&minute_id=75,9f7d4c7ebee9ef06f2e1d9b7ff4754e327b6f817a6c2e8abd3b3b16d73317d45,審議状況（本会議 3月24日 議長）,総務区民、福祉健康の各委員会審査報告書は、いずれも可決です,supported,aa7ec33921cf36057c860fd96afab166adeb8ac930c8ff8c590e641c2fe7f7d8
shinjuku-2026-r1-gian-8,normal,content,R81B8-N-09,総務区民・福祉健康の各委員会審査報告書は可決,https://ssp.kaigiroku.net/tenant/shinjuku/MinuteView.html?council_id=3163&schedule_id=5&minute_id=75,9f7d4c7ebee9ef06f2e1d9b7ff4754e327b6f817a6c2e8abd3b3b16d73317d45,審議状況（本会議 3月24日 議長）,総務区民、福祉健康の各委員会審査報告書は、いずれも可決です,supported,7a97422d9a8e11177380a2880bb9d4900c5833ea71f06989a5a686427d7a0cdd
shinjuku-2026-r1-gian-8,hard,content,R81B8-H-09,総務区民・福祉健康の各委員会審査報告書は可決,https://ssp.kaigiroku.net/tenant/shinjuku/MinuteView.html?council_id=3163&schedule_id=5&minute_id=75,9f7d4c7ebee9ef06f2e1d9b7ff4754e327b6f817a6c2e8abd3b3b16d73317d45,審議状況（本会議 3月24日 議長）,総務区民、福祉健康の各委員会審査報告書は、いずれも可決です,supported,1f53689fbdd7a9a768e1141a0d08fa64d71ddb656d4609e914e790841aad79e0
shinjuku-2026-r1-gian-8,easy,content,R81B8-E-10,議長が異議の有無を諮った,https://ssp.kaigiroku.net/tenant/shinjuku/MinuteView.html?council_id=3163&schedule_id=5&minute_id=75,9f7d4c7ebee9ef06f2e1d9b7ff4754e327b6f817a6c2e8abd3b3b16d73317d45,審議状況（本会議 3月24日 議長）,本案をいずれも委員会審査報告のとおり決定することに御異議ありませんか,supported,aa7ec33921cf36057c860fd96afab166adeb8ac930c8ff8c590e641c2fe7f7d8
shinjuku-2026-r1-gian-8,normal,content,R81B8-N-10,議長が異議の有無を諮った,https://ssp.kaigiroku.net/tenant/shinjuku/MinuteView.html?council_id=3163&schedule_id=5&minute_id=75,9f7d4c7ebee9ef06f2e1d9b7ff4754e327b6f817a6c2e8abd3b3b16d73317d45,審議状況（本会議 3月24日 議長）,本案をいずれも委員会審査報告のとおり決定することに御異議ありませんか,supported,7a97422d9a8e11177380a2880bb9d4900c5833ea71f06989a5a686427d7a0cdd
shinjuku-2026-r1-gian-8,hard,content,R81B8-H-10,議長が異議の有無を諮った,https://ssp.kaigiroku.net/tenant/shinjuku/MinuteView.html?council_id=3163&schedule_id=5&minute_id=75,9f7d4c7ebee9ef06f2e1d9b7ff4754e327b6f817a6c2e8abd3b3b16d73317d45,審議状況（本会議 3月24日 議長）,本案をいずれも委員会審査報告のとおり決定することに御異議ありませんか,supported,1f53689fbdd7a9a768e1141a0d08fa64d71ddb656d4609e914e790841aad79e0
shinjuku-2026-r1-gian-8,easy,content,R81B8-E-11,異議なしと認め、委員会審査報告のとおり可決,https://ssp.kaigiroku.net/tenant/shinjuku/MinuteView.html?council_id=3163&schedule_id=5&minute_id=76,970914f9ce4a28e423e8480a3d4ce175afafafeebd92448698df42d97cb2ec1d,審議状況（本会議 3月24日 議長）,異議なしと認めます…本案は、いずれも委員会審査報告のとおり可決されました,supported,aa7ec33921cf36057c860fd96afab166adeb8ac930c8ff8c590e641c2fe7f7d8
shinjuku-2026-r1-gian-8,normal,content,R81B8-N-11,異議なしと認め、委員会審査報告のとおり可決,https://ssp.kaigiroku.net/tenant/shinjuku/MinuteView.html?council_id=3163&schedule_id=5&minute_id=76,970914f9ce4a28e423e8480a3d4ce175afafafeebd92448698df42d97cb2ec1d,審議状況（本会議 3月24日 議長）,異議なしと認めます…本案は、いずれも委員会審査報告のとおり可決されました,supported,7a97422d9a8e11177380a2880bb9d4900c5833ea71f06989a5a686427d7a0cdd
shinjuku-2026-r1-gian-8,hard,content,R81B8-H-11,異議なしと認め、委員会審査報告のとおり可決,https://ssp.kaigiroku.net/tenant/shinjuku/MinuteView.html?council_id=3163&schedule_id=5&minute_id=76,970914f9ce4a28e423e8480a3d4ce175afafafeebd92448698df42d97cb2ec1d,審議状況（本会議 3月24日 議長）,異議なしと認めます…本案は、いずれも委員会審査報告のとおり可決されました,supported,1f53689fbdd7a9a768e1141a0d08fa64d71ddb656d4609e914e790841aad79e0
shinjuku-2026-r1-gian-8,easy,content,R81B8-E-12,会期は2026年2月17日から3月24日まで,https://www.city.shinjuku.lg.jp/kusei/file08_05_0003820210204_00013.html,869549fe3ba94ac28c6e8fd003d4ad71484501a78203fc7a885109aae4ab487c,審議状況（会期と日程）,令和8年2月17日（火曜日）から3月24日（火曜日）まで,supported,aa7ec33921cf36057c860fd96afab166adeb8ac930c8ff8c590e641c2fe7f7d8
shinjuku-2026-r1-gian-8,normal,content,R81B8-N-12,会期は2026年2月17日から3月24日まで,https://www.city.shinjuku.lg.jp/kusei/file08_05_0003820210204_00013.html,869549fe3ba94ac28c6e8fd003d4ad71484501a78203fc7a885109aae4ab487c,審議状況（会期と日程）,令和8年2月17日（火曜日）から3月24日（火曜日）まで,supported,7a97422d9a8e11177380a2880bb9d4900c5833ea71f06989a5a686427d7a0cdd
shinjuku-2026-r1-gian-8,hard,content,R81B8-H-12,会期は2026年2月17日から3月24日まで,https://www.city.shinjuku.lg.jp/kusei/file08_05_0003820210204_00013.html,869549fe3ba94ac28c6e8fd003d4ad71484501a78203fc7a885109aae4ab487c,審議状況（会期と日程）,令和8年2月17日（火曜日）から3月24日（火曜日）まで,supported,1f53689fbdd7a9a768e1141a0d08fa64d71ddb656d4609e914e790841aad79e0
shinjuku-2026-r1-gian-8,easy,content,R81B8-E-13,会派別の賛否: 8会派すべて賛成,https://www.city.shinjuku.lg.jp/content/000452334.pdf,22ba4f49b18c96bd1fa26241606257c05477f38e25ac46d6f8e4f416a2cedbf2,審議状況（議案の概要と審議結果の採決結果行）,補正の理由：事業実績による増額、基金利子の減等を計上○○○○○○○○可決,supported,aa7ec33921cf36057c860fd96afab166adeb8ac930c8ff8c590e641c2fe7f7d8
shinjuku-2026-r1-gian-8,normal,content,R81B8-N-13,会派別の賛否: 8会派すべて賛成,https://www.city.shinjuku.lg.jp/content/000452334.pdf,22ba4f49b18c96bd1fa26241606257c05477f38e25ac46d6f8e4f416a2cedbf2,審議状況（議案の概要と審議結果の採決結果行）,補正の理由：事業実績による増額、基金利子の減等を計上○○○○○○○○可決,supported,7a97422d9a8e11177380a2880bb9d4900c5833ea71f06989a5a686427d7a0cdd
shinjuku-2026-r1-gian-8,hard,content,R81B8-H-13,会派別の賛否: 8会派すべて賛成,https://www.city.shinjuku.lg.jp/content/000452334.pdf,22ba4f49b18c96bd1fa26241606257c05477f38e25ac46d6f8e4f416a2cedbf2,審議状況（議案の概要と審議結果の採決結果行）,補正の理由：事業実績による増額、基金利子の減等を計上○○○○○○○○可決,supported,1f53689fbdd7a9a768e1141a0d08fa64d71ddb656d4609e914e790841aad79e0
shinjuku-2026-r1-gian-8,hard,content,R81B8-H-14,会派略称と賛否の列の並び,https://www.city.shinjuku.lg.jp/content/000452334.pdf,22ba4f49b18c96bd1fa26241606257c05477f38e25ac46d6f8e4f416a2cedbf2,審議状況（会派略称・列の並び）,共産＝日本共産党新宿区議会議員団…れいわ＝れいわ新選組 新宿…自参ク＝自民・参政クラブ…公明＝新宿区議会公明党…新宿会＝新宿未来の会…民無ク＝立憲民主党・無所属クラブ…維新＝日本維新の会・新宿区議団…現役＝現役世代に優しい新宿・減税の会…自参ク 公明 共産 新宿会 民無ク 維新 現役 れいわ,supported,1f53689fbdd7a9a768e1141a0d08fa64d71ddb656d4609e914e790841aad79e0
shinjuku-2026-r1-gian-9,easy,title,R81B9-ET-01,件名は令和7年度新宿区後期高齢者医療特別会計補正予算（第3号）,https://www.city.shinjuku.lg.jp/content/000448419.pdf,167fb43e64a7e3af56a2a4e37a34a2d888c32c6bf39fc111c2bbf03b2780dc29,件名,令和７年度新宿区後期高齢者医療特別会計補正予算（第３号）,supported,9c002e4c7a61b9acc96ff6d3149b0c08ebf0575553fab0bb9531ae96b5182cc2
shinjuku-2026-r1-gian-9,normal,title,R81B9-NT-01,件名は令和7年度新宿区後期高齢者医療特別会計補正予算（第3号）,https://www.city.shinjuku.lg.jp/content/000448419.pdf,167fb43e64a7e3af56a2a4e37a34a2d888c32c6bf39fc111c2bbf03b2780dc29,件名,令和７年度新宿区後期高齢者医療特別会計補正予算（第３号）,supported,917e5572044376bc3177b715865c6b087fd08510e388cc42718e007b7934f03b
shinjuku-2026-r1-gian-9,hard,title,R81B9-HT-01,件名は令和7年度新宿区後期高齢者医療特別会計補正予算（第3号）,https://www.city.shinjuku.lg.jp/content/000448419.pdf,167fb43e64a7e3af56a2a4e37a34a2d888c32c6bf39fc111c2bbf03b2780dc29,件名,令和７年度新宿区後期高齢者医療特別会計補正予算（第３号）,supported,bd374506832b0479ab319485a9d7e8b5c81daa45792578e2a2c25cd35cd852ef
shinjuku-2026-r1-gian-9,easy,summary,R81B9-ES-01,"補正予算額は3億2,476万円、補正後予算額は93億9,587万5千円（議案の概要と審議結果）",https://www.city.shinjuku.lg.jp/content/000452334.pdf,22ba4f49b18c96bd1fa26241606257c05477f38e25ac46d6f8e4f416a2cedbf2,議案の概要と審議結果（補正予算額）,"補正予算額：3億2,476万円、補正後予算額：93億9,587万5千円",supported,9c002e4c7a61b9acc96ff6d3149b0c08ebf0575553fab0bb9531ae96b5182cc2
shinjuku-2026-r1-gian-9,normal,summary,R81B9-NS-01,"補正予算額は3億2,476万円、補正後予算額は93億9,587万5千円（議案の概要と審議結果）",https://www.city.shinjuku.lg.jp/content/000452334.pdf,22ba4f49b18c96bd1fa26241606257c05477f38e25ac46d6f8e4f416a2cedbf2,議案の概要と審議結果（補正予算額）,"補正予算額：3億2,476万円、補正後予算額：93億9,587万5千円",supported,917e5572044376bc3177b715865c6b087fd08510e388cc42718e007b7934f03b
shinjuku-2026-r1-gian-9,hard,summary,R81B9-HS-01,"補正予算額は3億2,476万円、補正後予算額は93億9,587万5千円（議案の概要と審議結果）",https://www.city.shinjuku.lg.jp/content/000452334.pdf,22ba4f49b18c96bd1fa26241606257c05477f38e25ac46d6f8e4f416a2cedbf2,議案の概要と審議結果（補正予算額）,"補正予算額：3億2,476万円、補正後予算額：93億9,587万5千円",supported,bd374506832b0479ab319485a9d7e8b5c81daa45792578e2a2c25cd35cd852ef
shinjuku-2026-r1-gian-9,easy,summary,R81B9-ES-02,補正の理由: 事業実績による減額、納付金額の確定に伴う増額 等を計上,https://www.city.shinjuku.lg.jp/content/000452334.pdf,22ba4f49b18c96bd1fa26241606257c05477f38e25ac46d6f8e4f416a2cedbf2,議案の概要と審議結果（補正の理由）,補正の理由：事業実績による減額、納付金額の確定に伴う増額等を計上,supported,9c002e4c7a61b9acc96ff6d3149b0c08ebf0575553fab0bb9531ae96b5182cc2
shinjuku-2026-r1-gian-9,normal,summary,R81B9-NS-02,補正の理由: 事業実績による減額、納付金額の確定に伴う増額 等を計上,https://www.city.shinjuku.lg.jp/content/000452334.pdf,22ba4f49b18c96bd1fa26241606257c05477f38e25ac46d6f8e4f416a2cedbf2,議案の概要と審議結果（補正の理由）,補正の理由：事業実績による減額、納付金額の確定に伴う増額等を計上,supported,917e5572044376bc3177b715865c6b087fd08510e388cc42718e007b7934f03b
shinjuku-2026-r1-gian-9,hard,summary,R81B9-HS-02,補正の理由: 事業実績による減額、納付金額の確定に伴う増額 等を計上,https://www.city.shinjuku.lg.jp/content/000452334.pdf,22ba4f49b18c96bd1fa26241606257c05477f38e25ac46d6f8e4f416a2cedbf2,議案の概要と審議結果（補正の理由）,補正の理由：事業実績による減額、納付金額の確定に伴う増額等を計上,supported,bd374506832b0479ab319485a9d7e8b5c81daa45792578e2a2c25cd35cd852ef
shinjuku-2026-r1-gian-9,easy,content,R81B9-E-01,件名は令和7年度新宿区後期高齢者医療特別会計補正予算（第3号）,https://www.city.shinjuku.lg.jp/content/000448419.pdf,167fb43e64a7e3af56a2a4e37a34a2d888c32c6bf39fc111c2bbf03b2780dc29,件名,令和７年度新宿区後期高齢者医療特別会計補正予算（第３号）,supported,9c002e4c7a61b9acc96ff6d3149b0c08ebf0575553fab0bb9531ae96b5182cc2
shinjuku-2026-r1-gian-9,normal,content,R81B9-N-01,件名は令和7年度新宿区後期高齢者医療特別会計補正予算（第3号）,https://www.city.shinjuku.lg.jp/content/000448419.pdf,167fb43e64a7e3af56a2a4e37a34a2d888c32c6bf39fc111c2bbf03b2780dc29,件名,令和７年度新宿区後期高齢者医療特別会計補正予算（第３号）,supported,917e5572044376bc3177b715865c6b087fd08510e388cc42718e007b7934f03b
shinjuku-2026-r1-gian-9,hard,content,R81B9-H-01,件名は令和7年度新宿区後期高齢者医療特別会計補正予算（第3号）,https://www.city.shinjuku.lg.jp/content/000448419.pdf,167fb43e64a7e3af56a2a4e37a34a2d888c32c6bf39fc111c2bbf03b2780dc29,件名,令和７年度新宿区後期高齢者医療特別会計補正予算（第３号）,supported,bd374506832b0479ab319485a9d7e8b5c81daa45792578e2a2c25cd35cd852ef
shinjuku-2026-r1-gian-9,easy,content,R81B9-E-02,提出日は令和8年2月17日、提出者は新宿区長 吉住健一,https://www.city.shinjuku.lg.jp/content/000448419.pdf,167fb43e64a7e3af56a2a4e37a34a2d888c32c6bf39fc111c2bbf03b2780dc29,提出日・提出者,令和８年２月１７日 提出…新宿区長 吉 住 健 一,supported,9c002e4c7a61b9acc96ff6d3149b0c08ebf0575553fab0bb9531ae96b5182cc2
shinjuku-2026-r1-gian-9,normal,content,R81B9-N-02,提出日は令和8年2月17日、提出者は新宿区長 吉住健一,https://www.city.shinjuku.lg.jp/content/000448419.pdf,167fb43e64a7e3af56a2a4e37a34a2d888c32c6bf39fc111c2bbf03b2780dc29,提出日・提出者,令和８年２月１７日 提出…新宿区長 吉 住 健 一,supported,917e5572044376bc3177b715865c6b087fd08510e388cc42718e007b7934f03b
shinjuku-2026-r1-gian-9,hard,content,R81B9-H-02,提出日は令和8年2月17日、提出者は新宿区長 吉住健一,https://www.city.shinjuku.lg.jp/content/000448419.pdf,167fb43e64a7e3af56a2a4e37a34a2d888c32c6bf39fc111c2bbf03b2780dc29,提出日・提出者,令和８年２月１７日 提出…新宿区長 吉 住 健 一,supported,bd374506832b0479ab319485a9d7e8b5c81daa45792578e2a2c25cd35cd852ef
shinjuku-2026-r1-gian-9,easy,content,R81B9-E-03,"第1条: 歳入歳出予算の総額を324,760千円追加し、9,395,875千円とする",https://www.city.shinjuku.lg.jp/content/000448419.pdf,167fb43e64a7e3af56a2a4e37a34a2d888c32c6bf39fc111c2bbf03b2780dc29,第1条,"歳入歳出それぞれ 324,760 千円を追加し…歳入歳出それぞれ 9,395,875 千円とする",supported,9c002e4c7a61b9acc96ff6d3149b0c08ebf0575553fab0bb9531ae96b5182cc2
shinjuku-2026-r1-gian-9,normal,content,R81B9-N-03,"第1条: 歳入歳出予算の総額を324,760千円追加し、9,395,875千円とする",https://www.city.shinjuku.lg.jp/content/000448419.pdf,167fb43e64a7e3af56a2a4e37a34a2d888c32c6bf39fc111c2bbf03b2780dc29,第1条,"歳入歳出それぞれ 324,760 千円を追加し…歳入歳出それぞれ 9,395,875 千円とする",supported,917e5572044376bc3177b715865c6b087fd08510e388cc42718e007b7934f03b
shinjuku-2026-r1-gian-9,hard,content,R81B9-H-03,"第1条: 歳入歳出予算の総額を324,760千円追加し、9,395,875千円とする",https://www.city.shinjuku.lg.jp/content/000448419.pdf,167fb43e64a7e3af56a2a4e37a34a2d888c32c6bf39fc111c2bbf03b2780dc29,第1条,"歳入歳出それぞれ 324,760 千円を追加し…歳入歳出それぞれ 9,395,875 千円とする",supported,bd374506832b0479ab319485a9d7e8b5c81daa45792578e2a2c25cd35cd852ef
shinjuku-2026-r1-gian-9,easy,content,R81B9-E-04,補正の理由: 事業実績による減額、納付金額の確定に伴う増額 等を計上,https://www.city.shinjuku.lg.jp/content/000452334.pdf,22ba4f49b18c96bd1fa26241606257c05477f38e25ac46d6f8e4f416a2cedbf2,議案の概要と審議結果（補正の理由）,補正の理由：事業実績による減額、納付金額の確定に伴う増額等を計上,supported,9c002e4c7a61b9acc96ff6d3149b0c08ebf0575553fab0bb9531ae96b5182cc2
shinjuku-2026-r1-gian-9,normal,content,R81B9-N-04,補正の理由: 事業実績による減額、納付金額の確定に伴う増額 等を計上,https://www.city.shinjuku.lg.jp/content/000452334.pdf,22ba4f49b18c96bd1fa26241606257c05477f38e25ac46d6f8e4f416a2cedbf2,議案の概要と審議結果（補正の理由）,補正の理由：事業実績による減額、納付金額の確定に伴う増額等を計上,supported,917e5572044376bc3177b715865c6b087fd08510e388cc42718e007b7934f03b
shinjuku-2026-r1-gian-9,easy,content,R81B9-E-05,歳出の補正額と理由（概要PDFの事業別内訳）,https://www.city.shinjuku.lg.jp/content/000447773.pdf,ae9c609468cf9087cd0ab31135321304662e24b0eb45121def2ff27bb4a89164,歳出の事業別内訳（概要PDF）,"広域連合納付金327,989千円…後期高齢者支援事業費△3,730千円…諸支出金501千円…療養給付費納付金19,531千円納付金額の確定に伴う増…保険料等納付金333,255千円納付金額の確定に伴う増…保険基盤安定納付金△23,871千円納付金額の確定に伴う減…事務費納付金△926千円納付金額の確定に伴う減…入院時負担軽減支援金△3,730千円実績減…保険料還付金501千円実績増",supported,9c002e4c7a61b9acc96ff6d3149b0c08ebf0575553fab0bb9531ae96b5182cc2
shinjuku-2026-r1-gian-9,normal,content,R81B9-N-05,歳出の補正額と理由（概要PDFの事業別内訳）,https://www.city.shinjuku.lg.jp/content/000447773.pdf,ae9c609468cf9087cd0ab31135321304662e24b0eb45121def2ff27bb4a89164,歳出の事業別内訳（概要PDF）,"広域連合納付金327,989千円…後期高齢者支援事業費△3,730千円…諸支出金501千円…療養給付費納付金19,531千円納付金額の確定に伴う増…保険料等納付金333,255千円納付金額の確定に伴う増…保険基盤安定納付金△23,871千円納付金額の確定に伴う減…事務費納付金△926千円納付金額の確定に伴う減…入院時負担軽減支援金△3,730千円実績減…保険料還付金501千円実績増",supported,917e5572044376bc3177b715865c6b087fd08510e388cc42718e007b7934f03b
shinjuku-2026-r1-gian-9,easy,content,R81B9-E-06,歳入の補正額（概要PDFの事業別内訳）,https://www.city.shinjuku.lg.jp/content/000447773.pdf,ae9c609468cf9087cd0ab31135321304662e24b0eb45121def2ff27bb4a89164,歳入の事業別内訳（概要PDF）,"後期高齢者医療保険料333,255千円…繰入金△9,353千円…国庫支出金858千円…後期高齢者医療保険料247,546千円実績増…後期高齢者医療保険料82,515千円実績増…後期高齢者医療保険料3,194千円実績増…一般会計繰入金（療養給付費繰入金）19,531千円…一般会計繰入金（保険基盤安定繰入金）△23,871千円…一般会計繰入金（事務費繰入金）△1,283千円…一般会計繰入金（後期高齢者支援事業繰入金）△3,730千円…子ども・子育て支援事業費858千円",supported,9c002e4c7a61b9acc96ff6d3149b0c08ebf0575553fab0bb9531ae96b5182cc2
shinjuku-2026-r1-gian-9,normal,content,R81B9-N-06,歳入の補正額（概要PDFの事業別内訳）,https://www.city.shinjuku.lg.jp/content/000447773.pdf,ae9c609468cf9087cd0ab31135321304662e24b0eb45121def2ff27bb4a89164,歳入の事業別内訳（概要PDF）,"後期高齢者医療保険料333,255千円…繰入金△9,353千円…国庫支出金858千円…後期高齢者医療保険料247,546千円実績増…後期高齢者医療保険料82,515千円実績増…後期高齢者医療保険料3,194千円実績増…一般会計繰入金（療養給付費繰入金）19,531千円…一般会計繰入金（保険基盤安定繰入金）△23,871千円…一般会計繰入金（事務費繰入金）△1,283千円…一般会計繰入金（後期高齢者支援事業繰入金）△3,730千円…子ども・子育て支援事業費858千円",supported,917e5572044376bc3177b715865c6b087fd08510e388cc42718e007b7934f03b
shinjuku-2026-r1-gian-9,hard,content,R81B9-H-04,第1表 歳入: 款項ごとの補正前・補正額・補正後の金額,https://www.city.shinjuku.lg.jp/content/000448419.pdf,167fb43e64a7e3af56a2a4e37a34a2d888c32c6bf39fc111c2bbf03b2780dc29,第1表 歳入歳出予算補正（歳入）,"後期高齢者医療保険料5,212,679333,2555,545,934…後期高齢者医療保険料5,212,679333,2555,545,934…繰入金3,654,778△9,3533,645,425…繰入金3,654,778△9,3533,645,425…国庫支出金0858858…国庫補助金0858858…合計9,071,115324,7609,395,875",supported,bd374506832b0479ab319485a9d7e8b5c81daa45792578e2a2c25cd35cd852ef
shinjuku-2026-r1-gian-9,hard,content,R81B9-H-05,第1表 歳出: 款項ごとの補正前・補正額・補正後の金額,https://www.city.shinjuku.lg.jp/content/000448419.pdf,167fb43e64a7e3af56a2a4e37a34a2d888c32c6bf39fc111c2bbf03b2780dc29,第1表 歳入歳出予算補正（歳出）,"総務費322,2970322,297…一般管理費322,2970322,297…広域連合納付金8,531,405327,9898,859,394…広域連合納付金8,531,405327,9898,859,394…後期高齢者支援事業費194,580△3,730190,850…後期高齢者支援事業費194,580△3,730190,850…諸支出金12,83350113,334…償還金及び還付金12,83350113,334…合計9,071,115324,7609,395,875",supported,bd374506832b0479ab319485a9d7e8b5c81daa45792578e2a2c25cd35cd852ef
shinjuku-2026-r1-gian-9,hard,content,R81B9-H-06,歳出の補正額と理由（概要PDFの事業別内訳）,https://www.city.shinjuku.lg.jp/content/000447773.pdf,ae9c609468cf9087cd0ab31135321304662e24b0eb45121def2ff27bb4a89164,歳出の事業別内訳（概要PDF）,"広域連合納付金327,989千円…後期高齢者支援事業費△3,730千円…諸支出金501千円…療養給付費納付金19,531千円納付金額の確定に伴う増…保険料等納付金333,255千円納付金額の確定に伴う増…保険基盤安定納付金△23,871千円納付金額の確定に伴う減…事務費納付金△926千円納付金額の確定に伴う減…入院時負担軽減支援金△3,730千円実績減…保険料還付金501千円実績増",supported,bd374506832b0479ab319485a9d7e8b5c81daa45792578e2a2c25cd35cd852ef
shinjuku-2026-r1-gian-9,easy,content,R81B9-E-07,第9号議案の議決結果は原案可決,https://www.city.shinjuku.lg.jp/kusei/soumu01_002090_00015.html,7c2b6f68db1b433b860b35d176b4dd9211e78582ec9de718fcfefe68b22d896a,審議状況（議決結果ページ）,第9号議案令和7年度新宿区後期高齢者医療特別会計補正予算（第3号）原案可決,supported,9c002e4c7a61b9acc96ff6d3149b0c08ebf0575553fab0bb9531ae96b5182cc2
shinjuku-2026-r1-gian-9,normal,content,R81B9-N-07,第9号議案の議決結果は原案可決,https://www.city.shinjuku.lg.jp/kusei/soumu01_002090_00015.html,7c2b6f68db1b433b860b35d176b4dd9211e78582ec9de718fcfefe68b22d896a,審議状況（議決結果ページ）,第9号議案令和7年度新宿区後期高齢者医療特別会計補正予算（第3号）原案可決,supported,917e5572044376bc3177b715865c6b087fd08510e388cc42718e007b7934f03b
shinjuku-2026-r1-gian-9,hard,content,R81B9-H-07,第9号議案の議決結果は原案可決,https://www.city.shinjuku.lg.jp/kusei/soumu01_002090_00015.html,7c2b6f68db1b433b860b35d176b4dd9211e78582ec9de718fcfefe68b22d896a,審議状況（議決結果ページ）,第9号議案令和7年度新宿区後期高齢者医療特別会計補正予算（第3号）原案可決,supported,bd374506832b0479ab319485a9d7e8b5c81daa45792578e2a2c25cd35cd852ef
shinjuku-2026-r1-gian-9,easy,content,R81B9-E-08,採決は2026年3月24日の本会議（第4日）,https://ssp.kaigiroku.net/tenant/shinjuku/MinuteView.html?council_id=3163&schedule_id=5&minute_id=1,bd058d36962b45d8d965e4625bb95ecd661a102a026175213f37ba9eb575424a,審議状況（本会議 3月24日 会議録の冒頭）,令和８年第１回定例会会議録（第４日）第４号…令和８年３月２４日（火曜日）,supported,9c002e4c7a61b9acc96ff6d3149b0c08ebf0575553fab0bb9531ae96b5182cc2
shinjuku-2026-r1-gian-9,normal,content,R81B9-N-08,採決は2026年3月24日の本会議（第4日）,https://ssp.kaigiroku.net/tenant/shinjuku/MinuteView.html?council_id=3163&schedule_id=5&minute_id=1,bd058d36962b45d8d965e4625bb95ecd661a102a026175213f37ba9eb575424a,審議状況（本会議 3月24日 会議録の冒頭）,令和８年第１回定例会会議録（第４日）第４号…令和８年３月２４日（火曜日）,supported,917e5572044376bc3177b715865c6b087fd08510e388cc42718e007b7934f03b
shinjuku-2026-r1-gian-9,hard,content,R81B9-H-08,採決は2026年3月24日の本会議（第4日）,https://ssp.kaigiroku.net/tenant/shinjuku/MinuteView.html?council_id=3163&schedule_id=5&minute_id=1,bd058d36962b45d8d965e4625bb95ecd661a102a026175213f37ba9eb575424a,審議状況（本会議 3月24日 会議録の冒頭）,令和８年第１回定例会会議録（第４日）第４号…令和８年３月２４日（火曜日）,supported,bd374506832b0479ab319485a9d7e8b5c81daa45792578e2a2c25cd35cd852ef
shinjuku-2026-r1-gian-9,easy,content,R81B9-E-09,総務区民・福祉健康の各委員会審査報告書は可決,https://ssp.kaigiroku.net/tenant/shinjuku/MinuteView.html?council_id=3163&schedule_id=5&minute_id=79,60e0b4d585ea743feb81a0d1ad4baab5d3fbaf1a6f3552c8e80574de5259b545,審議状況（本会議 3月24日 議長）,総務区民、福祉健康の各委員会審査報告書は、いずれも可決です,supported,9c002e4c7a61b9acc96ff6d3149b0c08ebf0575553fab0bb9531ae96b5182cc2
shinjuku-2026-r1-gian-9,normal,content,R81B9-N-09,総務区民・福祉健康の各委員会審査報告書は可決,https://ssp.kaigiroku.net/tenant/shinjuku/MinuteView.html?council_id=3163&schedule_id=5&minute_id=79,60e0b4d585ea743feb81a0d1ad4baab5d3fbaf1a6f3552c8e80574de5259b545,審議状況（本会議 3月24日 議長）,総務区民、福祉健康の各委員会審査報告書は、いずれも可決です,supported,917e5572044376bc3177b715865c6b087fd08510e388cc42718e007b7934f03b
shinjuku-2026-r1-gian-9,hard,content,R81B9-H-09,総務区民・福祉健康の各委員会審査報告書は可決,https://ssp.kaigiroku.net/tenant/shinjuku/MinuteView.html?council_id=3163&schedule_id=5&minute_id=79,60e0b4d585ea743feb81a0d1ad4baab5d3fbaf1a6f3552c8e80574de5259b545,審議状況（本会議 3月24日 議長）,総務区民、福祉健康の各委員会審査報告書は、いずれも可決です,supported,bd374506832b0479ab319485a9d7e8b5c81daa45792578e2a2c25cd35cd852ef
shinjuku-2026-r1-gian-9,easy,content,R81B9-E-10,第9号議案は起立により採決,https://ssp.kaigiroku.net/tenant/shinjuku/MinuteView.html?council_id=3163&schedule_id=5&minute_id=79,60e0b4d585ea743feb81a0d1ad4baab5d3fbaf1a6f3552c8e80574de5259b545,審議状況（本会議 3月24日 議長）,これから起立により採決します…本案を委員会審査報告のとおり決定することに賛成の方は御起立願います,supported,9c002e4c7a61b9acc96ff6d3149b0c08ebf0575553fab0bb9531ae96b5182cc2
shinjuku-2026-r1-gian-9,normal,content,R81B9-N-10,第9号議案は起立により採決,https://ssp.kaigiroku.net/tenant/shinjuku/MinuteView.html?council_id=3163&schedule_id=5&minute_id=79,60e0b4d585ea743feb81a0d1ad4baab5d3fbaf1a6f3552c8e80574de5259b545,審議状況（本会議 3月24日 議長）,これから起立により採決します…本案を委員会審査報告のとおり決定することに賛成の方は御起立願います,supported,917e5572044376bc3177b715865c6b087fd08510e388cc42718e007b7934f03b
shinjuku-2026-r1-gian-9,hard,content,R81B9-H-10,第9号議案は起立により採決,https://ssp.kaigiroku.net/tenant/shinjuku/MinuteView.html?council_id=3163&schedule_id=5&minute_id=79,60e0b4d585ea743feb81a0d1ad4baab5d3fbaf1a6f3552c8e80574de5259b545,審議状況（本会議 3月24日 議長）,これから起立により採決します…本案を委員会審査報告のとおり決定することに賛成の方は御起立願います,supported,bd374506832b0479ab319485a9d7e8b5c81daa45792578e2a2c25cd35cd852ef
shinjuku-2026-r1-gian-9,easy,content,R81B9-E-11,起立多数と認め、委員会審査報告のとおり可決,https://ssp.kaigiroku.net/tenant/shinjuku/MinuteView.html?council_id=3163&schedule_id=5&minute_id=80,0405f4221f73a11b0034c2a81abc651c7799688051fdfb5441349221a4be563a,審議状況（本会議 3月24日 議長）,起立多数と認めます…本案は、委員会審査報告のとおり可決されました,supported,9c002e4c7a61b9acc96ff6d3149b0c08ebf0575553fab0bb9531ae96b5182cc2
shinjuku-2026-r1-gian-9,normal,content,R81B9-N-11,起立多数と認め、委員会審査報告のとおり可決,https://ssp.kaigiroku.net/tenant/shinjuku/MinuteView.html?council_id=3163&schedule_id=5&minute_id=80,0405f4221f73a11b0034c2a81abc651c7799688051fdfb5441349221a4be563a,審議状況（本会議 3月24日 議長）,起立多数と認めます…本案は、委員会審査報告のとおり可決されました,supported,917e5572044376bc3177b715865c6b087fd08510e388cc42718e007b7934f03b
shinjuku-2026-r1-gian-9,hard,content,R81B9-H-11,起立多数と認め、委員会審査報告のとおり可決,https://ssp.kaigiroku.net/tenant/shinjuku/MinuteView.html?council_id=3163&schedule_id=5&minute_id=80,0405f4221f73a11b0034c2a81abc651c7799688051fdfb5441349221a4be563a,審議状況（本会議 3月24日 議長）,起立多数と認めます…本案は、委員会審査報告のとおり可決されました,supported,bd374506832b0479ab319485a9d7e8b5c81daa45792578e2a2c25cd35cd852ef
shinjuku-2026-r1-gian-9,easy,content,R81B9-E-12,この議案に対する少数意見報告書が文書により提出された,https://ssp.kaigiroku.net/tenant/shinjuku/MinuteView.html?council_id=3163&schedule_id=5&minute_id=79,60e0b4d585ea743feb81a0d1ad4baab5d3fbaf1a6f3552c8e80574de5259b545,審議状況（本会議 3月24日 議長）,これに対する少数意見報告書が文書により提出されております,supported,9c002e4c7a61b9acc96ff6d3149b0c08ebf0575553fab0bb9531ae96b5182cc2
shinjuku-2026-r1-gian-9,normal,content,R81B9-N-12,この議案に対する少数意見報告書が文書により提出された,https://ssp.kaigiroku.net/tenant/shinjuku/MinuteView.html?council_id=3163&schedule_id=5&minute_id=79,60e0b4d585ea743feb81a0d1ad4baab5d3fbaf1a6f3552c8e80574de5259b545,審議状況（本会議 3月24日 議長）,これに対する少数意見報告書が文書により提出されております,supported,917e5572044376bc3177b715865c6b087fd08510e388cc42718e007b7934f03b
shinjuku-2026-r1-gian-9,hard,content,R81B9-H-12,この議案に対する少数意見報告書が文書により提出された,https://ssp.kaigiroku.net/tenant/shinjuku/MinuteView.html?council_id=3163&schedule_id=5&minute_id=79,60e0b4d585ea743feb81a0d1ad4baab5d3fbaf1a6f3552c8e80574de5259b545,審議状況（本会議 3月24日 議長）,これに対する少数意見報告書が文書により提出されております,supported,bd374506832b0479ab319485a9d7e8b5c81daa45792578e2a2c25cd35cd852ef
shinjuku-2026-r1-gian-9,easy,content,R81B9-E-13,会期は2026年2月17日から3月24日まで,https://www.city.shinjuku.lg.jp/kusei/file08_05_0003820210204_00013.html,869549fe3ba94ac28c6e8fd003d4ad71484501a78203fc7a885109aae4ab487c,審議状況（会期と日程）,令和8年2月17日（火曜日）から3月24日（火曜日）まで,supported,9c002e4c7a61b9acc96ff6d3149b0c08ebf0575553fab0bb9531ae96b5182cc2
shinjuku-2026-r1-gian-9,normal,content,R81B9-N-13,会期は2026年2月17日から3月24日まで,https://www.city.shinjuku.lg.jp/kusei/file08_05_0003820210204_00013.html,869549fe3ba94ac28c6e8fd003d4ad71484501a78203fc7a885109aae4ab487c,審議状況（会期と日程）,令和8年2月17日（火曜日）から3月24日（火曜日）まで,supported,917e5572044376bc3177b715865c6b087fd08510e388cc42718e007b7934f03b
shinjuku-2026-r1-gian-9,hard,content,R81B9-H-13,会期は2026年2月17日から3月24日まで,https://www.city.shinjuku.lg.jp/kusei/file08_05_0003820210204_00013.html,869549fe3ba94ac28c6e8fd003d4ad71484501a78203fc7a885109aae4ab487c,審議状況（会期と日程）,令和8年2月17日（火曜日）から3月24日（火曜日）まで,supported,bd374506832b0479ab319485a9d7e8b5c81daa45792578e2a2c25cd35cd852ef
shinjuku-2026-r1-gian-9,easy,content,R81B9-E-14,会派別の賛否: 共産が反対、ほか7会派が賛成,https://www.city.shinjuku.lg.jp/content/000452334.pdf,22ba4f49b18c96bd1fa26241606257c05477f38e25ac46d6f8e4f416a2cedbf2,審議状況（議案の概要と審議結果の採決結果行）,補正の理由：事業実績による減額、納付金額の確定に伴う増額等を計上○○×○○○○○可決,supported,9c002e4c7a61b9acc96ff6d3149b0c08ebf0575553fab0bb9531ae96b5182cc2
shinjuku-2026-r1-gian-9,normal,content,R81B9-N-14,会派別の賛否: 共産が反対、ほか7会派が賛成,https://www.city.shinjuku.lg.jp/content/000452334.pdf,22ba4f49b18c96bd1fa26241606257c05477f38e25ac46d6f8e4f416a2cedbf2,審議状況（議案の概要と審議結果の採決結果行）,補正の理由：事業実績による減額、納付金額の確定に伴う増額等を計上○○×○○○○○可決,supported,917e5572044376bc3177b715865c6b087fd08510e388cc42718e007b7934f03b
shinjuku-2026-r1-gian-9,hard,content,R81B9-H-14,会派別の賛否: 共産が反対、ほか7会派が賛成,https://www.city.shinjuku.lg.jp/content/000452334.pdf,22ba4f49b18c96bd1fa26241606257c05477f38e25ac46d6f8e4f416a2cedbf2,審議状況（議案の概要と審議結果の採決結果行）,補正の理由：事業実績による減額、納付金額の確定に伴う増額等を計上○○×○○○○○可決,supported,bd374506832b0479ab319485a9d7e8b5c81daa45792578e2a2c25cd35cd852ef
shinjuku-2026-r1-gian-9,hard,content,R81B9-H-15,会派略称と賛否の列の並び,https://www.city.shinjuku.lg.jp/content/000452334.pdf,22ba4f49b18c96bd1fa26241606257c05477f38e25ac46d6f8e4f416a2cedbf2,審議状況（会派略称・列の並び）,共産＝日本共産党新宿区議会議員団…れいわ＝れいわ新選組 新宿…自参ク＝自民・参政クラブ…公明＝新宿区議会公明党…新宿会＝新宿未来の会…民無ク＝立憲民主党・無所属クラブ…維新＝日本維新の会・新宿区議団…現役＝現役世代に優しい新宿・減税の会…自参ク 公明 共産 新宿会 民無ク 維新 現役 れいわ,supported,bd374506832b0479ab319485a9d7e8b5c81daa45792578e2a2c25cd35cd852ef
shinjuku-2026-r1-gian-37,easy,title,R81B37-ET-01,件名は令和8年度新宿区一般会計補正予算（第1号）,https://www.city.shinjuku.lg.jp/content/000451609.pdf,1c3d2b237f858f77d4e6b98d5dde46aa057b3b9dccae30e47a317d988d9eaccd,件名,令和８年度新宿区一般会計補正予算（第１号）,supported,9d4ff46c8a8015d9790dd8aa709c60fcde36258ad0fe61171adb145e04416b35
shinjuku-2026-r1-gian-37,normal,title,R81B37-NT-01,件名は令和8年度新宿区一般会計補正予算（第1号）,https://www.city.shinjuku.lg.jp/content/000451609.pdf,1c3d2b237f858f77d4e6b98d5dde46aa057b3b9dccae30e47a317d988d9eaccd,件名,令和８年度新宿区一般会計補正予算（第１号）,supported,f2508fe6fcf72ebeee79dae9029f9b690953c9b8234a1e6e5f406571b3f27660
shinjuku-2026-r1-gian-37,hard,title,R81B37-HT-01,件名は令和8年度新宿区一般会計補正予算（第1号）,https://www.city.shinjuku.lg.jp/content/000451609.pdf,1c3d2b237f858f77d4e6b98d5dde46aa057b3b9dccae30e47a317d988d9eaccd,件名,令和８年度新宿区一般会計補正予算（第１号）,supported,a0eb916d110a700a12ac33e532c9609b1c6f5bf3070741ca58a9f4dd86217984
shinjuku-2026-r1-gian-37,easy,summary,R81B37-ES-01,"補正予算額は11億6,521万7千円、補正後予算額は1,890億77万7千円（議案の概要と審議結果）",https://www.city.shinjuku.lg.jp/content/000452334.pdf,22ba4f49b18c96bd1fa26241606257c05477f38e25ac46d6f8e4f416a2cedbf2,議案の概要と審議結果（補正予算額）,"補正予算額：11億6,521万7千円、補正後予算額：1,890億77万7千円",supported,9d4ff46c8a8015d9790dd8aa709c60fcde36258ad0fe61171adb145e04416b35
shinjuku-2026-r1-gian-37,normal,summary,R81B37-NS-01,"補正予算額は11億6,521万7千円、補正後予算額は1,890億77万7千円（議案の概要と審議結果）",https://www.city.shinjuku.lg.jp/content/000452334.pdf,22ba4f49b18c96bd1fa26241606257c05477f38e25ac46d6f8e4f416a2cedbf2,議案の概要と審議結果（補正予算額）,"補正予算額：11億6,521万7千円、補正後予算額：1,890億77万7千円",supported,f2508fe6fcf72ebeee79dae9029f9b690953c9b8234a1e6e5f406571b3f27660
shinjuku-2026-r1-gian-37,hard,summary,R81B37-HS-01,"補正予算額は11億6,521万7千円、補正後予算額は1,890億77万7千円（議案の概要と審議結果）",https://www.city.shinjuku.lg.jp/content/000452334.pdf,22ba4f49b18c96bd1fa26241606257c05477f38e25ac46d6f8e4f416a2cedbf2,議案の概要と審議結果（補正予算額）,"補正予算額：11億6,521万7千円、補正後予算額：1,890億77万7千円",supported,a0eb916d110a700a12ac33e532c9609b1c6f5bf3070741ca58a9f4dd86217984
shinjuku-2026-r1-gian-37,easy,summary,R81B37-ES-02,補正の理由: 熱中症対策としてエアコン設置にかかる費用を助成するための経費、障害福祉サービス等報酬改定に伴う増額、学童クラブ運営事業者が、従事職員の宿舎借り上げに要した経費を助成するための経費、ＲＳウイルスワクチンの定期接種化に要する経費、民生委員・児童委員活動に要する経費の増額、消火器購入経費補助に要する経費、高齢者のスマートフォン購入費用を助成するための経費、ヒトパピローマウイルスの男性への任意接種における接種ワクチンの変更による増額 等を計上,https://www.city.shinjuku.lg.jp/content/000452334.pdf,22ba4f49b18c96bd1fa26241606257c05477f38e25ac46d6f8e4f416a2cedbf2,議案の概要と審議結果（補正の理由）,補正の理由：熱中症対策としてエアコン設置にかかる費用を助成するための経費、障害福祉サービス等報酬改定に伴う増額、学童クラブ運営事業者が、従事職員の宿舎借り上げに要した経費を助成するための経費、ＲＳウイルスワクチンの定期接種化に要する経費、民生委員・児童委員活動に要する経費の増額、消火器購入経費補助に要する経費、高齢者のスマートフォン購入費用を助成するための経費、ヒトパピローマウイルスの男性への任意接種における接種ワクチンの変更による増額等を計上,supported,9d4ff46c8a8015d9790dd8aa709c60fcde36258ad0fe61171adb145e04416b35
shinjuku-2026-r1-gian-37,normal,summary,R81B37-NS-02,補正の理由: 熱中症対策としてエアコン設置にかかる費用を助成するための経費、障害福祉サービス等報酬改定に伴う増額、学童クラブ運営事業者が、従事職員の宿舎借り上げに要した経費を助成するための経費、ＲＳウイルスワクチンの定期接種化に要する経費、民生委員・児童委員活動に要する経費の増額、消火器購入経費補助に要する経費、高齢者のスマートフォン購入費用を助成するための経費、ヒトパピローマウイルスの男性への任意接種における接種ワクチンの変更による増額 等を計上,https://www.city.shinjuku.lg.jp/content/000452334.pdf,22ba4f49b18c96bd1fa26241606257c05477f38e25ac46d6f8e4f416a2cedbf2,議案の概要と審議結果（補正の理由）,補正の理由：熱中症対策としてエアコン設置にかかる費用を助成するための経費、障害福祉サービス等報酬改定に伴う増額、学童クラブ運営事業者が、従事職員の宿舎借り上げに要した経費を助成するための経費、ＲＳウイルスワクチンの定期接種化に要する経費、民生委員・児童委員活動に要する経費の増額、消火器購入経費補助に要する経費、高齢者のスマートフォン購入費用を助成するための経費、ヒトパピローマウイルスの男性への任意接種における接種ワクチンの変更による増額等を計上,supported,f2508fe6fcf72ebeee79dae9029f9b690953c9b8234a1e6e5f406571b3f27660
shinjuku-2026-r1-gian-37,hard,summary,R81B37-HS-02,補正の理由: 熱中症対策としてエアコン設置にかかる費用を助成するための経費、障害福祉サービス等報酬改定に伴う増額、学童クラブ運営事業者が、従事職員の宿舎借り上げに要した経費を助成するための経費、ＲＳウイルスワクチンの定期接種化に要する経費、民生委員・児童委員活動に要する経費の増額、消火器購入経費補助に要する経費、高齢者のスマートフォン購入費用を助成するための経費、ヒトパピローマウイルスの男性への任意接種における接種ワクチンの変更による増額 等を計上,https://www.city.shinjuku.lg.jp/content/000452334.pdf,22ba4f49b18c96bd1fa26241606257c05477f38e25ac46d6f8e4f416a2cedbf2,議案の概要と審議結果（補正の理由）,補正の理由：熱中症対策としてエアコン設置にかかる費用を助成するための経費、障害福祉サービス等報酬改定に伴う増額、学童クラブ運営事業者が、従事職員の宿舎借り上げに要した経費を助成するための経費、ＲＳウイルスワクチンの定期接種化に要する経費、民生委員・児童委員活動に要する経費の増額、消火器購入経費補助に要する経費、高齢者のスマートフォン購入費用を助成するための経費、ヒトパピローマウイルスの男性への任意接種における接種ワクチンの変更による増額等を計上,supported,a0eb916d110a700a12ac33e532c9609b1c6f5bf3070741ca58a9f4dd86217984
shinjuku-2026-r1-gian-37,hard,summary,R81B37-HS-03,第1表 歳出: 款項ごとの補正前・補正額・補正後の金額,https://www.city.shinjuku.lg.jp/content/000451609.pdf,1c3d2b237f858f77d4e6b98d5dde46aa057b3b9dccae30e47a317d988d9eaccd,第1表 歳入歳出予算補正（歳出）,"総務費17,338,36528,06717,366,432…防災費1,194,96528,0671,223,032…地域振興費10,256,6665,36010,262,026…地域振興施設費5,420,3065,3605,425,666…福祉費49,684,657411,94550,096,602…社会福祉費1,565,769224,4561,790,225…障害者福祉費14,390,878128,05114,518,929…高齢者福祉費8,597,30459,4388,656,742…子ども家庭費39,422,789109,30439,532,093…子ども家庭費39,422,789109,30439,532,093…健康費17,372,674326,06917,698,743…健康推進費17,243,748326,06917,569,817…土木費12,816,293012,816,293…道路橋りょう費4,520,63904,520,639…教育費19,004,59342,12119,046,714…小学校費5,564,31141,0295,605,340…幼稚園費1,693,2331,0921,694,325…諸支出金2,191,905242,3512,434,256…財政積立金2,191,903242,3512,434,254…合計187,835,5601,165,217189,000,777",supported,a0eb916d110a700a12ac33e532c9609b1c6f5bf3070741ca58a9f4dd86217984
shinjuku-2026-r1-gian-37,easy,content,R81B37-E-01,件名は令和8年度新宿区一般会計補正予算（第1号）,https://www.city.shinjuku.lg.jp/content/000451609.pdf,1c3d2b237f858f77d4e6b98d5dde46aa057b3b9dccae30e47a317d988d9eaccd,件名,令和８年度新宿区一般会計補正予算（第１号）,supported,9d4ff46c8a8015d9790dd8aa709c60fcde36258ad0fe61171adb145e04416b35
shinjuku-2026-r1-gian-37,normal,content,R81B37-N-01,件名は令和8年度新宿区一般会計補正予算（第1号）,https://www.city.shinjuku.lg.jp/content/000451609.pdf,1c3d2b237f858f77d4e6b98d5dde46aa057b3b9dccae30e47a317d988d9eaccd,件名,令和８年度新宿区一般会計補正予算（第１号）,supported,f2508fe6fcf72ebeee79dae9029f9b690953c9b8234a1e6e5f406571b3f27660
shinjuku-2026-r1-gian-37,hard,content,R81B37-H-01,件名は令和8年度新宿区一般会計補正予算（第1号）,https://www.city.shinjuku.lg.jp/content/000451609.pdf,1c3d2b237f858f77d4e6b98d5dde46aa057b3b9dccae30e47a317d988d9eaccd,件名,令和８年度新宿区一般会計補正予算（第１号）,supported,a0eb916d110a700a12ac33e532c9609b1c6f5bf3070741ca58a9f4dd86217984
shinjuku-2026-r1-gian-37,easy,content,R81B37-E-02,提出日は令和8年3月24日、提出者は新宿区長 吉住健一,https://www.city.shinjuku.lg.jp/content/000451609.pdf,1c3d2b237f858f77d4e6b98d5dde46aa057b3b9dccae30e47a317d988d9eaccd,提出日・提出者,令和８年３月２４日 提出…新宿区長 吉 住 健 一,supported,9d4ff46c8a8015d9790dd8aa709c60fcde36258ad0fe61171adb145e04416b35
shinjuku-2026-r1-gian-37,normal,content,R81B37-N-02,提出日は令和8年3月24日、提出者は新宿区長 吉住健一,https://www.city.shinjuku.lg.jp/content/000451609.pdf,1c3d2b237f858f77d4e6b98d5dde46aa057b3b9dccae30e47a317d988d9eaccd,提出日・提出者,令和８年３月２４日 提出…新宿区長 吉 住 健 一,supported,f2508fe6fcf72ebeee79dae9029f9b690953c9b8234a1e6e5f406571b3f27660
shinjuku-2026-r1-gian-37,hard,content,R81B37-H-02,提出日は令和8年3月24日、提出者は新宿区長 吉住健一,https://www.city.shinjuku.lg.jp/content/000451609.pdf,1c3d2b237f858f77d4e6b98d5dde46aa057b3b9dccae30e47a317d988d9eaccd,提出日・提出者,令和８年３月２４日 提出…新宿区長 吉 住 健 一,supported,a0eb916d110a700a12ac33e532c9609b1c6f5bf3070741ca58a9f4dd86217984
shinjuku-2026-r1-gian-37,easy,content,R81B37-E-03,"第1条: 歳入歳出予算の総額を1,165,217千円追加し、189,000,777千円とする",https://www.city.shinjuku.lg.jp/content/000451609.pdf,1c3d2b237f858f77d4e6b98d5dde46aa057b3b9dccae30e47a317d988d9eaccd,第1条,"歳入歳出それぞれ 1,165,217 千円を追加し…歳入歳出それぞれ 189,000,777 千円とする",supported,9d4ff46c8a8015d9790dd8aa709c60fcde36258ad0fe61171adb145e04416b35
shinjuku-2026-r1-gian-37,normal,content,R81B37-N-03,"第1条: 歳入歳出予算の総額を1,165,217千円追加し、189,000,777千円とする",https://www.city.shinjuku.lg.jp/content/000451609.pdf,1c3d2b237f858f77d4e6b98d5dde46aa057b3b9dccae30e47a317d988d9eaccd,第1条,"歳入歳出それぞれ 1,165,217 千円を追加し…歳入歳出それぞれ 189,000,777 千円とする",supported,f2508fe6fcf72ebeee79dae9029f9b690953c9b8234a1e6e5f406571b3f27660
shinjuku-2026-r1-gian-37,hard,content,R81B37-H-03,"第1条: 歳入歳出予算の総額を1,165,217千円追加し、189,000,777千円とする",https://www.city.shinjuku.lg.jp/content/000451609.pdf,1c3d2b237f858f77d4e6b98d5dde46aa057b3b9dccae30e47a317d988d9eaccd,第1条,"歳入歳出それぞれ 1,165,217 千円を追加し…歳入歳出それぞれ 189,000,777 千円とする",supported,a0eb916d110a700a12ac33e532c9609b1c6f5bf3070741ca58a9f4dd86217984
shinjuku-2026-r1-gian-37,easy,content,R81B37-E-04,補正の理由: 熱中症対策としてエアコン設置にかかる費用を助成するための経費、障害福祉サービス等報酬改定に伴う増額、学童クラブ運営事業者が、従事職員の宿舎借り上げに要した経費を助成するための経費、ＲＳウイルスワクチンの定期接種化に要する経費、民生委員・児童委員活動に要する経費の増額、消火器購入経費補助に要する経費、高齢者のスマートフォン購入費用を助成するための経費、ヒトパピローマウイルスの男性への任意接種における接種ワクチンの変更による増額 等を計上,https://www.city.shinjuku.lg.jp/content/000452334.pdf,22ba4f49b18c96bd1fa26241606257c05477f38e25ac46d6f8e4f416a2cedbf2,議案の概要と審議結果（補正の理由）,補正の理由：熱中症対策としてエアコン設置にかかる費用を助成するための経費、障害福祉サービス等報酬改定に伴う増額、学童クラブ運営事業者が、従事職員の宿舎借り上げに要した経費を助成するための経費、ＲＳウイルスワクチンの定期接種化に要する経費、民生委員・児童委員活動に要する経費の増額、消火器購入経費補助に要する経費、高齢者のスマートフォン購入費用を助成するための経費、ヒトパピローマウイルスの男性への任意接種における接種ワクチンの変更による増額等を計上,supported,9d4ff46c8a8015d9790dd8aa709c60fcde36258ad0fe61171adb145e04416b35
shinjuku-2026-r1-gian-37,normal,content,R81B37-N-04,補正の理由: 熱中症対策としてエアコン設置にかかる費用を助成するための経費、障害福祉サービス等報酬改定に伴う増額、学童クラブ運営事業者が、従事職員の宿舎借り上げに要した経費を助成するための経費、ＲＳウイルスワクチンの定期接種化に要する経費、民生委員・児童委員活動に要する経費の増額、消火器購入経費補助に要する経費、高齢者のスマートフォン購入費用を助成するための経費、ヒトパピローマウイルスの男性への任意接種における接種ワクチンの変更による増額 等を計上,https://www.city.shinjuku.lg.jp/content/000452334.pdf,22ba4f49b18c96bd1fa26241606257c05477f38e25ac46d6f8e4f416a2cedbf2,議案の概要と審議結果（補正の理由）,補正の理由：熱中症対策としてエアコン設置にかかる費用を助成するための経費、障害福祉サービス等報酬改定に伴う増額、学童クラブ運営事業者が、従事職員の宿舎借り上げに要した経費を助成するための経費、ＲＳウイルスワクチンの定期接種化に要する経費、民生委員・児童委員活動に要する経費の増額、消火器購入経費補助に要する経費、高齢者のスマートフォン購入費用を助成するための経費、ヒトパピローマウイルスの男性への任意接種における接種ワクチンの変更による増額等を計上,supported,f2508fe6fcf72ebeee79dae9029f9b690953c9b8234a1e6e5f406571b3f27660
shinjuku-2026-r1-gian-37,easy,content,R81B37-E-05,第1表 歳出: 款項ごとの補正前・補正額・補正後の金額,https://www.city.shinjuku.lg.jp/content/000451609.pdf,1c3d2b237f858f77d4e6b98d5dde46aa057b3b9dccae30e47a317d988d9eaccd,第1表 歳入歳出予算補正（歳出）,"総務費17,338,36528,06717,366,432…防災費1,194,96528,0671,223,032…地域振興費10,256,6665,36010,262,026…地域振興施設費5,420,3065,3605,425,666…福祉費49,684,657411,94550,096,602…社会福祉費1,565,769224,4561,790,225…障害者福祉費14,390,878128,05114,518,929…高齢者福祉費8,597,30459,4388,656,742…子ども家庭費39,422,789109,30439,532,093…子ども家庭費39,422,789109,30439,532,093…健康費17,372,674326,06917,698,743…健康推進費17,243,748326,06917,569,817…土木費12,816,293012,816,293…道路橋りょう費4,520,63904,520,639…教育費19,004,59342,12119,046,714…小学校費5,564,31141,0295,605,340…幼稚園費1,693,2331,0921,694,325…諸支出金2,191,905242,3512,434,256…財政積立金2,191,903242,3512,434,254…合計187,835,5601,165,217189,000,777",supported,9d4ff46c8a8015d9790dd8aa709c60fcde36258ad0fe61171adb145e04416b35
shinjuku-2026-r1-gian-37,normal,content,R81B37-N-05,第1表 歳出: 款項ごとの補正前・補正額・補正後の金額,https://www.city.shinjuku.lg.jp/content/000451609.pdf,1c3d2b237f858f77d4e6b98d5dde46aa057b3b9dccae30e47a317d988d9eaccd,第1表 歳入歳出予算補正（歳出）,"総務費17,338,36528,06717,366,432…防災費1,194,96528,0671,223,032…地域振興費10,256,6665,36010,262,026…地域振興施設費5,420,3065,3605,425,666…福祉費49,684,657411,94550,096,602…社会福祉費1,565,769224,4561,790,225…障害者福祉費14,390,878128,05114,518,929…高齢者福祉費8,597,30459,4388,656,742…子ども家庭費39,422,789109,30439,532,093…子ども家庭費39,422,789109,30439,532,093…健康費17,372,674326,06917,698,743…健康推進費17,243,748326,06917,569,817…土木費12,816,293012,816,293…道路橋りょう費4,520,63904,520,639…教育費19,004,59342,12119,046,714…小学校費5,564,31141,0295,605,340…幼稚園費1,693,2331,0921,694,325…諸支出金2,191,905242,3512,434,256…財政積立金2,191,903242,3512,434,254…合計187,835,5601,165,217189,000,777",supported,f2508fe6fcf72ebeee79dae9029f9b690953c9b8234a1e6e5f406571b3f27660
shinjuku-2026-r1-gian-37,easy,content,R81B37-E-06,第1表 歳入: 款項ごとの補正前・補正額・補正後の金額,https://www.city.shinjuku.lg.jp/content/000451609.pdf,1c3d2b237f858f77d4e6b98d5dde46aa057b3b9dccae30e47a317d988d9eaccd,第1表 歳入歳出予算補正（歳入）,"国庫支出金34,296,42472,53134,368,955…国庫負担金30,955,50367,27731,022,780…国庫補助金3,212,9995,2543,218,253…都支出金16,712,761405,90517,118,666…都負担金7,536,855170,8157,707,670…都補助金8,121,507235,0908,356,597…繰入金2,917,777429,0313,346,808…基金繰入金2,917,777429,0313,346,808…諸収入2,849,746257,7503,107,496…受託事業収入1,034,62215,3991,050,021…雑入1,110,927242,3511,353,278…合計187,835,5601,165,217189,000,777",supported,9d4ff46c8a8015d9790dd8aa709c60fcde36258ad0fe61171adb145e04416b35
shinjuku-2026-r1-gian-37,normal,content,R81B37-N-06,第1表 歳入: 款項ごとの補正前・補正額・補正後の金額,https://www.city.shinjuku.lg.jp/content/000451609.pdf,1c3d2b237f858f77d4e6b98d5dde46aa057b3b9dccae30e47a317d988d9eaccd,第1表 歳入歳出予算補正（歳入）,"国庫支出金34,296,42472,53134,368,955…国庫負担金30,955,50367,27731,022,780…国庫補助金3,212,9995,2543,218,253…都支出金16,712,761405,90517,118,666…都負担金7,536,855170,8157,707,670…都補助金8,121,507235,0908,356,597…繰入金2,917,777429,0313,346,808…基金繰入金2,917,777429,0313,346,808…諸収入2,849,746257,7503,107,496…受託事業収入1,034,62215,3991,050,021…雑入1,110,927242,3511,353,278…合計187,835,5601,165,217189,000,777",supported,f2508fe6fcf72ebeee79dae9029f9b690953c9b8234a1e6e5f406571b3f27660
shinjuku-2026-r1-gian-37,easy,content,R81B37-E-07,歳出の補正額と理由（概要PDFの事業別内訳）,https://www.city.shinjuku.lg.jp/content/000451608.pdf,05f4b686bcc5f7f240355042ac4bf08a3392abcb19dde2d9972fd5c626d63c22,歳出の事業別内訳（概要PDF）,"総務費28,067千円…地域振興費5,360千円…福祉費411,945千円…子ども家庭費109,304千円…健康費326,069千円…教育費42,121千円…諸支出金242,351千円…消火器の配備26,607千円各家庭に消火器の設置を促進…感震ブレーカーの普及1,460千円各家庭に感震ブレーカーの設置を促進…新宿スポーツセンターの5,360千円プール利用休止による利用料金収入減等…民生・児童委員の活動等72,480千円民生委員・児童委員活動に要する経費の増…エアコン購入費助成151,976千円熱中症対策としてエアコン設置にかかる費用を助成…障害者への自立支援給付等59,021千円障害福祉サービス等報酬改定に伴う増額…障害者への自立支援給付等33,951千円障害福祉サービス等報酬改定に伴う増額…障害者への自立支援給付等1,862千円障害福祉サービス等報酬改定に伴う増額…障害児支援給付21,986千円障害福祉サービス等報酬改定に伴う増額…障害児支援給付104千円障害福祉サービス等報酬改定に伴う増額…障害者地域生活支援事業8,084千円障害福祉サービス等報酬改定に伴う増額…障害者地域生活支援事業949千円障害福祉サービス等報酬改定に伴う増額…障害者地域生活支援事業1,272千円障害福祉サービス等報酬改定に伴う増額…障害者地域生活支援事業697千円障害福祉サービス等報酬改定に伴う増額…障害者地域生活支援事業125千円障害福祉サービス等報酬改定に伴う増額…介護保険特別会計繰出金43,593千円介護報酬改定に伴う繰出金の増額…スマートフォン購入費助成15,845千円高齢者のデジタルデバイド解消のため、ス…学童クラブ従事職員宿舎借り106,764千円学童クラブ運営事業者が、従事職員の宿舎…乳児等支援給付等2,540千円新宿区乳児等通園支援事業の単価改定に伴う私立保育所等における運営費等の増額…国民健康保険特別会計繰出金204,909千円国民健康保険料の改定等に伴う繰出金の増額…予防接種14,103千円男性への任意接種における接種ワクチンの…予防接種(高齢者肺炎球菌)2,706千円接種ワクチンの変更による増額…予防接種(事務費)3,184千円ＲＳウイルスワクチン接種にかかる予診票作成等の事務費を増額…予防接種(ＲＳウイルス)101,167千円ＲＳウイルスワクチンの定期接種化に要する経費を計上…小学校一般修繕41,029千円アスベスト建材撤去工事…乳児等支援給付等1,092千円新宿区乳児等通園支援事業の単価改定に伴う私立幼稚園における運営費等の増額…社会資本等整備基金積立金242,351千円補償金収入相…当分の積立",supported,9d4ff46c8a8015d9790dd8aa709c60fcde36258ad0fe61171adb145e04416b35
shinjuku-2026-r1-gian-37,normal,content,R81B37-N-07,歳出の補正額と理由（概要PDFの事業別内訳）,https://www.city.shinjuku.lg.jp/content/000451608.pdf,05f4b686bcc5f7f240355042ac4bf08a3392abcb19dde2d9972fd5c626d63c22,歳出の事業別内訳（概要PDF）,"総務費28,067千円…地域振興費5,360千円…福祉費411,945千円…子ども家庭費109,304千円…健康費326,069千円…教育費42,121千円…諸支出金242,351千円…消火器の配備26,607千円各家庭に消火器の設置を促進…感震ブレーカーの普及1,460千円各家庭に感震ブレーカーの設置を促進…新宿スポーツセンターの5,360千円プール利用休止による利用料金収入減等…民生・児童委員の活動等72,480千円民生委員・児童委員活動に要する経費の増…エアコン購入費助成151,976千円熱中症対策としてエアコン設置にかかる費用を助成…障害者への自立支援給付等59,021千円障害福祉サービス等報酬改定に伴う増額…障害者への自立支援給付等33,951千円障害福祉サービス等報酬改定に伴う増額…障害者への自立支援給付等1,862千円障害福祉サービス等報酬改定に伴う増額…障害児支援給付21,986千円障害福祉サービス等報酬改定に伴う増額…障害児支援給付104千円障害福祉サービス等報酬改定に伴う増額…障害者地域生活支援事業8,084千円障害福祉サービス等報酬改定に伴う増額…障害者地域生活支援事業949千円障害福祉サービス等報酬改定に伴う増額…障害者地域生活支援事業1,272千円障害福祉サービス等報酬改定に伴う増額…障害者地域生活支援事業697千円障害福祉サービス等報酬改定に伴う増額…障害者地域生活支援事業125千円障害福祉サービス等報酬改定に伴う増額…介護保険特別会計繰出金43,593千円介護報酬改定に伴う繰出金の増額…スマートフォン購入費助成15,845千円高齢者のデジタルデバイド解消のため、ス…学童クラブ従事職員宿舎借り106,764千円学童クラブ運営事業者が、従事職員の宿舎…乳児等支援給付等2,540千円新宿区乳児等通園支援事業の単価改定に伴う私立保育所等における運営費等の増額…国民健康保険特別会計繰出金204,909千円国民健康保険料の改定等に伴う繰出金の増額…予防接種14,103千円男性への任意接種における接種ワクチンの…予防接種(高齢者肺炎球菌)2,706千円接種ワクチンの変更による増額…予防接種(事務費)3,184千円ＲＳウイルスワクチン接種にかかる予診票作成等の事務費を増額…予防接種(ＲＳウイルス)101,167千円ＲＳウイルスワクチンの定期接種化に要する経費を計上…小学校一般修繕41,029千円アスベスト建材撤去工事…乳児等支援給付等1,092千円新宿区乳児等通園支援事業の単価改定に伴う私立幼稚園における運営費等の増額…社会資本等整備基金積立金242,351千円補償金収入相…当分の積立",supported,f2508fe6fcf72ebeee79dae9029f9b690953c9b8234a1e6e5f406571b3f27660
shinjuku-2026-r1-gian-37,easy,content,R81B37-E-08,歳入の補正額（概要PDFの事業別内訳）,https://www.city.shinjuku.lg.jp/content/000451608.pdf,05f4b686bcc5f7f240355042ac4bf08a3392abcb19dde2d9972fd5c626d63c22,歳入の事業別内訳（概要PDF）,"国庫支出金72,531千円…都支出金405,905千円…繰入金429,031千円…諸収入257,750千円…障害者自立支援給付費41,619千円…障害児通所支援費10,766千円…国民健康保険保険基盤安定費14,892千円…障害者地域生活支援事業費5,254千円…民生児童委員費72,480千円…障害者自立支援給付費20,809千円…障害児通所支援費5,383千円…国民健康保険保険基盤安定費72,143千円…避難者生活支援等事業費13,000千円…感震ブレーカー設置支援事業費5,600千円…障害者地域生活支援事業費2,627千円…障害者施策推進包括補助事業費320千円…区市町村特別支援事業費2,296千円…児童発達支援事業所等利用支援事業127千円…エアコン設置緊急支援事業費104,150千円…高齢者のデジタルデバイド解消スマー15,845千円…多様な他者との関わりの機会の創出事2,540千円…学童クラブ従事職員宿舎借り上げ支援80,442千円…ヒトパピローマウイルスワクチン男性接7,051千円…多様な他者との関わりの機会の創出事1,092千円…財政調整基金繰入金387,119千円…社会資本等整備基金繰入金41,912千円…予防接種費15,399千円…神宮外苑地区第一種市街地再開発242,351千円",supported,9d4ff46c8a8015d9790dd8aa709c60fcde36258ad0fe61171adb145e04416b35
shinjuku-2026-r1-gian-37,normal,content,R81B37-N-08,歳入の補正額（概要PDFの事業別内訳）,https://www.city.shinjuku.lg.jp/content/000451608.pdf,05f4b686bcc5f7f240355042ac4bf08a3392abcb19dde2d9972fd5c626d63c22,歳入の事業別内訳（概要PDF）,"国庫支出金72,531千円…都支出金405,905千円…繰入金429,031千円…諸収入257,750千円…障害者自立支援給付費41,619千円…障害児通所支援費10,766千円…国民健康保険保険基盤安定費14,892千円…障害者地域生活支援事業費5,254千円…民生児童委員費72,480千円…障害者自立支援給付費20,809千円…障害児通所支援費5,383千円…国民健康保険保険基盤安定費72,143千円…避難者生活支援等事業費13,000千円…感震ブレーカー設置支援事業費5,600千円…障害者地域生活支援事業費2,627千円…障害者施策推進包括補助事業費320千円…区市町村特別支援事業費2,296千円…児童発達支援事業所等利用支援事業127千円…エアコン設置緊急支援事業費104,150千円…高齢者のデジタルデバイド解消スマー15,845千円…多様な他者との関わりの機会の創出事2,540千円…学童クラブ従事職員宿舎借り上げ支援80,442千円…ヒトパピローマウイルスワクチン男性接7,051千円…多様な他者との関わりの機会の創出事1,092千円…財政調整基金繰入金387,119千円…社会資本等整備基金繰入金41,912千円…予防接種費15,399千円…神宮外苑地区第一種市街地再開発242,351千円",supported,f2508fe6fcf72ebeee79dae9029f9b690953c9b8234a1e6e5f406571b3f27660
shinjuku-2026-r1-gian-37,hard,content,R81B37-H-04,第1表 歳入: 款項ごとの補正前・補正額・補正後の金額,https://www.city.shinjuku.lg.jp/content/000451609.pdf,1c3d2b237f858f77d4e6b98d5dde46aa057b3b9dccae30e47a317d988d9eaccd,第1表 歳入歳出予算補正（歳入）,"国庫支出金34,296,42472,53134,368,955…国庫負担金30,955,50367,27731,022,780…国庫補助金3,212,9995,2543,218,253…都支出金16,712,761405,90517,118,666…都負担金7,536,855170,8157,707,670…都補助金8,121,507235,0908,356,597…繰入金2,917,777429,0313,346,808…基金繰入金2,917,777429,0313,346,808…諸収入2,849,746257,7503,107,496…受託事業収入1,034,62215,3991,050,021…雑入1,110,927242,3511,353,278…合計187,835,5601,165,217189,000,777",supported,a0eb916d110a700a12ac33e532c9609b1c6f5bf3070741ca58a9f4dd86217984
shinjuku-2026-r1-gian-37,hard,content,R81B37-H-05,第1表 歳出: 款項ごとの補正前・補正額・補正後の金額,https://www.city.shinjuku.lg.jp/content/000451609.pdf,1c3d2b237f858f77d4e6b98d5dde46aa057b3b9dccae30e47a317d988d9eaccd,第1表 歳入歳出予算補正（歳出）,"総務費17,338,36528,06717,366,432…防災費1,194,96528,0671,223,032…地域振興費10,256,6665,36010,262,026…地域振興施設費5,420,3065,3605,425,666…福祉費49,684,657411,94550,096,602…社会福祉費1,565,769224,4561,790,225…障害者福祉費14,390,878128,05114,518,929…高齢者福祉費8,597,30459,4388,656,742…子ども家庭費39,422,789109,30439,532,093…子ども家庭費39,422,789109,30439,532,093…健康費17,372,674326,06917,698,743…健康推進費17,243,748326,06917,569,817…土木費12,816,293012,816,293…道路橋りょう費4,520,63904,520,639…教育費19,004,59342,12119,046,714…小学校費5,564,31141,0295,605,340…幼稚園費1,693,2331,0921,694,325…諸支出金2,191,905242,3512,434,256…財政積立金2,191,903242,3512,434,254…合計187,835,5601,165,217189,000,777",supported,a0eb916d110a700a12ac33e532c9609b1c6f5bf3070741ca58a9f4dd86217984
shinjuku-2026-r1-gian-37,hard,content,R81B37-H-06,歳出の補正額と理由（概要PDFの事業別内訳）,https://www.city.shinjuku.lg.jp/content/000451608.pdf,05f4b686bcc5f7f240355042ac4bf08a3392abcb19dde2d9972fd5c626d63c22,歳出の事業別内訳（概要PDF）,"総務費28,067千円…地域振興費5,360千円…福祉費411,945千円…子ども家庭費109,304千円…健康費326,069千円…教育費42,121千円…諸支出金242,351千円…消火器の配備26,607千円各家庭に消火器の設置を促進…感震ブレーカーの普及1,460千円各家庭に感震ブレーカーの設置を促進…新宿スポーツセンターの5,360千円プール利用休止による利用料金収入減等…民生・児童委員の活動等72,480千円民生委員・児童委員活動に要する経費の増…エアコン購入費助成151,976千円熱中症対策としてエアコン設置にかかる費用を助成…障害者への自立支援給付等59,021千円障害福祉サービス等報酬改定に伴う増額…障害者への自立支援給付等33,951千円障害福祉サービス等報酬改定に伴う増額…障害者への自立支援給付等1,862千円障害福祉サービス等報酬改定に伴う増額…障害児支援給付21,986千円障害福祉サービス等報酬改定に伴う増額…障害児支援給付104千円障害福祉サービス等報酬改定に伴う増額…障害者地域生活支援事業8,084千円障害福祉サービス等報酬改定に伴う増額…障害者地域生活支援事業949千円障害福祉サービス等報酬改定に伴う増額…障害者地域生活支援事業1,272千円障害福祉サービス等報酬改定に伴う増額…障害者地域生活支援事業697千円障害福祉サービス等報酬改定に伴う増額…障害者地域生活支援事業125千円障害福祉サービス等報酬改定に伴う増額…介護保険特別会計繰出金43,593千円介護報酬改定に伴う繰出金の増額…スマートフォン購入費助成15,845千円高齢者のデジタルデバイド解消のため、ス…学童クラブ従事職員宿舎借り106,764千円学童クラブ運営事業者が、従事職員の宿舎…乳児等支援給付等2,540千円新宿区乳児等通園支援事業の単価改定に伴う私立保育所等における運営費等の増額…国民健康保険特別会計繰出金204,909千円国民健康保険料の改定等に伴う繰出金の増額…予防接種14,103千円男性への任意接種における接種ワクチンの…予防接種(高齢者肺炎球菌)2,706千円接種ワクチンの変更による増額…予防接種(事務費)3,184千円ＲＳウイルスワクチン接種にかかる予診票作成等の事務費を増額…予防接種(ＲＳウイルス)101,167千円ＲＳウイルスワクチンの定期接種化に要する経費を計上…小学校一般修繕41,029千円アスベスト建材撤去工事…乳児等支援給付等1,092千円新宿区乳児等通園支援事業の単価改定に伴う私立幼稚園における運営費等の増額…社会資本等整備基金積立金242,351千円補償金収入相…当分の積立",supported,a0eb916d110a700a12ac33e532c9609b1c6f5bf3070741ca58a9f4dd86217984
shinjuku-2026-r1-gian-37,easy,content,R81B37-E-09,消火器・感震ブレーカー・エアコン・スマートフォンの助成条件と予防接種（HPV・高齢者肺炎球菌・RSウイルス）の内容,https://www.city.shinjuku.lg.jp/content/000451608.pdf,05f4b686bcc5f7f240355042ac4bf08a3392abcb19dde2d9972fd5c626d63c22,助成・接種の条件（概要PDF）,"補助限度額10,000円1世帯1本限り…一般世帯補助限度額50,000円→60,000円住民税非課税世帯補助限度額62,000円→75,000円…対象:住民税非課税世帯、住民税均等割のみ課税世帯、児童扶養手当受給世帯、生活保護受給世帯でエアコンが未設置などの世帯助成限度額:100,000円/世帯…対象:満65歳以上で初めてスマートフォンを購入する者助成限度額:30,000円/人…4価ワクチン→9価ワクチン・接種回数3回・接種費用無料…23価ワクチン→20価ワクチン・接種回数1回・接種費用4,000円または5,500円…4,000円は、7年度に予診票を交付された者に限る…生活保護等受給者は無料…対象者接種日時点で妊娠28週目から37週目に至るまでの者・接種回数妊娠ごとに1回・接種費用無料",supported,9d4ff46c8a8015d9790dd8aa709c60fcde36258ad0fe61171adb145e04416b35
shinjuku-2026-r1-gian-37,normal,content,R81B37-N-09,消火器・感震ブレーカー・エアコン・スマートフォンの助成条件と予防接種（HPV・高齢者肺炎球菌・RSウイルス）の内容,https://www.city.shinjuku.lg.jp/content/000451608.pdf,05f4b686bcc5f7f240355042ac4bf08a3392abcb19dde2d9972fd5c626d63c22,助成・接種の条件（概要PDF）,"補助限度額10,000円1世帯1本限り…一般世帯補助限度額50,000円→60,000円住民税非課税世帯補助限度額62,000円→75,000円…対象:住民税非課税世帯、住民税均等割のみ課税世帯、児童扶養手当受給世帯、生活保護受給世帯でエアコンが未設置などの世帯助成限度額:100,000円/世帯…対象:満65歳以上で初めてスマートフォンを購入する者助成限度額:30,000円/人…4価ワクチン→9価ワクチン・接種回数3回・接種費用無料…23価ワクチン→20価ワクチン・接種回数1回・接種費用4,000円または5,500円…4,000円は、7年度に予診票を交付された者に限る…生活保護等受給者は無料…対象者接種日時点で妊娠28週目から37週目に至るまでの者・接種回数妊娠ごとに1回・接種費用無料",supported,f2508fe6fcf72ebeee79dae9029f9b690953c9b8234a1e6e5f406571b3f27660
shinjuku-2026-r1-gian-37,hard,content,R81B37-H-07,消火器・感震ブレーカー・エアコン・スマートフォンの助成条件と予防接種（HPV・高齢者肺炎球菌・RSウイルス）の内容,https://www.city.shinjuku.lg.jp/content/000451608.pdf,05f4b686bcc5f7f240355042ac4bf08a3392abcb19dde2d9972fd5c626d63c22,助成・接種の条件（概要PDF）,"補助限度額10,000円1世帯1本限り…一般世帯補助限度額50,000円→60,000円住民税非課税世帯補助限度額62,000円→75,000円…対象:住民税非課税世帯、住民税均等割のみ課税世帯、児童扶養手当受給世帯、生活保護受給世帯でエアコンが未設置などの世帯助成限度額:100,000円/世帯…対象:満65歳以上で初めてスマートフォンを購入する者助成限度額:30,000円/人…4価ワクチン→9価ワクチン・接種回数3回・接種費用無料…23価ワクチン→20価ワクチン・接種回数1回・接種費用4,000円または5,500円…4,000円は、7年度に予診票を交付された者に限る…生活保護等受給者は無料…対象者接種日時点で妊娠28週目から37週目に至るまでの者・接種回数妊娠ごとに1回・接種費用無料",supported,a0eb916d110a700a12ac33e532c9609b1c6f5bf3070741ca58a9f4dd86217984
shinjuku-2026-r1-gian-37,easy,content,R81B37-E-10,"財政調整基金繰入金387,119千円、社会資本等整備基金繰入金41,912千円と積立金242,351千円、令和8年度末の現在高見込額",https://www.city.shinjuku.lg.jp/content/000451608.pdf,05f4b686bcc5f7f240355042ac4bf08a3392abcb19dde2d9972fd5c626d63c22,基金の動き（概要PDF）,"財政調整基金繰入金387,119千円…補正前予算額1,548,500千円…補正後予算額1,935,619千円…7年度末現在高見込額26,668,934千円…既計上積立額1,494,240千円…既計上取崩額1,548,500千円…今回取崩額387,119千円…8年度末現在高見込額26,227,555千円…社会資本等整備基金繰入金41,912千円…補正前予算額375,767千円…補正後予算額417,679千円…7年度末現在高見込額16,910,982千円…既計上積立額264,974千円…既計上取崩額375,767千円…今回積立額242,351千円…今回取崩額41,912千円…8年度末現在高見込額17,000,628千円",supported,9d4ff46c8a8015d9790dd8aa709c60fcde36258ad0fe61171adb145e04416b35
shinjuku-2026-r1-gian-37,normal,content,R81B37-N-10,"財政調整基金繰入金387,119千円、社会資本等整備基金繰入金41,912千円と積立金242,351千円、令和8年度末の現在高見込額",https://www.city.shinjuku.lg.jp/content/000451608.pdf,05f4b686bcc5f7f240355042ac4bf08a3392abcb19dde2d9972fd5c626d63c22,基金の動き（概要PDF）,"財政調整基金繰入金387,119千円…補正前予算額1,548,500千円…補正後予算額1,935,619千円…7年度末現在高見込額26,668,934千円…既計上積立額1,494,240千円…既計上取崩額1,548,500千円…今回取崩額387,119千円…8年度末現在高見込額26,227,555千円…社会資本等整備基金繰入金41,912千円…補正前予算額375,767千円…補正後予算額417,679千円…7年度末現在高見込額16,910,982千円…既計上積立額264,974千円…既計上取崩額375,767千円…今回積立額242,351千円…今回取崩額41,912千円…8年度末現在高見込額17,000,628千円",supported,f2508fe6fcf72ebeee79dae9029f9b690953c9b8234a1e6e5f406571b3f27660
shinjuku-2026-r1-gian-37,hard,content,R81B37-H-08,"財政調整基金繰入金387,119千円、社会資本等整備基金繰入金41,912千円と積立金242,351千円、令和8年度末の現在高見込額",https://www.city.shinjuku.lg.jp/content/000451608.pdf,05f4b686bcc5f7f240355042ac4bf08a3392abcb19dde2d9972fd5c626d63c22,基金の動き（概要PDF）,"財政調整基金繰入金387,119千円…補正前予算額1,548,500千円…補正後予算額1,935,619千円…7年度末現在高見込額26,668,934千円…既計上積立額1,494,240千円…既計上取崩額1,548,500千円…今回取崩額387,119千円…8年度末現在高見込額26,227,555千円…社会資本等整備基金繰入金41,912千円…補正前予算額375,767千円…補正後予算額417,679千円…7年度末現在高見込額16,910,982千円…既計上積立額264,974千円…既計上取崩額375,767千円…今回積立額242,351千円…今回取崩額41,912千円…8年度末現在高見込額17,000,628千円",supported,a0eb916d110a700a12ac33e532c9609b1c6f5bf3070741ca58a9f4dd86217984
shinjuku-2026-r1-gian-37,easy,content,R81B37-E-11,"債務負担行為: 道路の改良242,876千円、公共下水道の整備8,721千円（いずれも令和9年度）、土地開発公社債務保証559,377千円→1,274,282千円",https://www.city.shinjuku.lg.jp/content/000451608.pdf,05f4b686bcc5f7f240355042ac4bf08a3392abcb19dde2d9972fd5c626d63c22,債務負担行為（概要PDF）,"道路の改良期間：令和9年度限度額：242,876千円工期が2年度にわたり分割して契約することが困難なため…公共下水道の整備期間：令和9年度限度額：8,721千円工期が2年度にわたり分割して契約することが困難なため…新宿区土地開発公社債務保証＜限度額の変更＞補正前：559,377千円補正後：1,274,282千円公園予定地の取得にあたり資金の借入れを円滑にするため",supported,9d4ff46c8a8015d9790dd8aa709c60fcde36258ad0fe61171adb145e04416b35
shinjuku-2026-r1-gian-37,normal,content,R81B37-N-11,"債務負担行為: 道路の改良242,876千円、公共下水道の整備8,721千円（いずれも令和9年度）、土地開発公社債務保証559,377千円→1,274,282千円",https://www.city.shinjuku.lg.jp/content/000451608.pdf,05f4b686bcc5f7f240355042ac4bf08a3392abcb19dde2d9972fd5c626d63c22,債務負担行為（概要PDF）,"道路の改良期間：令和9年度限度額：242,876千円工期が2年度にわたり分割して契約することが困難なため…公共下水道の整備期間：令和9年度限度額：8,721千円工期が2年度にわたり分割して契約することが困難なため…新宿区土地開発公社債務保証＜限度額の変更＞補正前：559,377千円補正後：1,274,282千円公園予定地の取得にあたり資金の借入れを円滑にするため",supported,f2508fe6fcf72ebeee79dae9029f9b690953c9b8234a1e6e5f406571b3f27660
shinjuku-2026-r1-gian-37,hard,content,R81B37-H-09,第2表・第3表: 債務負担行為（工事請負契約等・債務保証）の事項・期間・限度額,https://www.city.shinjuku.lg.jp/content/000451609.pdf,1c3d2b237f858f77d4e6b98d5dde46aa057b3b9dccae30e47a317d988d9eaccd,第2表・第3表 債務負担行為,"道路の改良令和9年度242,876…公共下水道の整備令和9年度8,721…新宿区土地開発公社債務保証～559,377～1,274,282…令和15年度令和15年度",supported,a0eb916d110a700a12ac33e532c9609b1c6f5bf3070741ca58a9f4dd86217984
shinjuku-2026-r1-gian-37,easy,content,R81B37-E-12,第37号議案の議決結果は原案可決,https://www.city.shinjuku.lg.jp/kusei/soumu01_002090_00015.html,7c2b6f68db1b433b860b35d176b4dd9211e78582ec9de718fcfefe68b22d896a,審議状況（議決結果ページ）,第37号議案令和8年度新宿区一般会計補正予算（第1号）原案可決,supported,9d4ff46c8a8015d9790dd8aa709c60fcde36258ad0fe61171adb145e04416b35
shinjuku-2026-r1-gian-37,normal,content,R81B37-N-12,第37号議案の議決結果は原案可決,https://www.city.shinjuku.lg.jp/kusei/soumu01_002090_00015.html,7c2b6f68db1b433b860b35d176b4dd9211e78582ec9de718fcfefe68b22d896a,審議状況（議決結果ページ）,第37号議案令和8年度新宿区一般会計補正予算（第1号）原案可決,supported,f2508fe6fcf72ebeee79dae9029f9b690953c9b8234a1e6e5f406571b3f27660
shinjuku-2026-r1-gian-37,hard,content,R81B37-H-10,第37号議案の議決結果は原案可決,https://www.city.shinjuku.lg.jp/kusei/soumu01_002090_00015.html,7c2b6f68db1b433b860b35d176b4dd9211e78582ec9de718fcfefe68b22d896a,審議状況（議決結果ページ）,第37号議案令和8年度新宿区一般会計補正予算（第1号）原案可決,supported,a0eb916d110a700a12ac33e532c9609b1c6f5bf3070741ca58a9f4dd86217984
shinjuku-2026-r1-gian-37,easy,content,R81B37-E-13,採決は2026年3月24日の本会議（第4日）,https://ssp.kaigiroku.net/tenant/shinjuku/MinuteView.html?council_id=3163&schedule_id=5&minute_id=1,bd058d36962b45d8d965e4625bb95ecd661a102a026175213f37ba9eb575424a,審議状況（本会議 3月24日 会議録の冒頭）,令和８年第１回定例会会議録（第４日）第４号…令和８年３月２４日（火曜日）,supported,9d4ff46c8a8015d9790dd8aa709c60fcde36258ad0fe61171adb145e04416b35
shinjuku-2026-r1-gian-37,normal,content,R81B37-N-13,採決は2026年3月24日の本会議（第4日）,https://ssp.kaigiroku.net/tenant/shinjuku/MinuteView.html?council_id=3163&schedule_id=5&minute_id=1,bd058d36962b45d8d965e4625bb95ecd661a102a026175213f37ba9eb575424a,審議状況（本会議 3月24日 会議録の冒頭）,令和８年第１回定例会会議録（第４日）第４号…令和８年３月２４日（火曜日）,supported,f2508fe6fcf72ebeee79dae9029f9b690953c9b8234a1e6e5f406571b3f27660
shinjuku-2026-r1-gian-37,hard,content,R81B37-H-11,採決は2026年3月24日の本会議（第4日）,https://ssp.kaigiroku.net/tenant/shinjuku/MinuteView.html?council_id=3163&schedule_id=5&minute_id=1,bd058d36962b45d8d965e4625bb95ecd661a102a026175213f37ba9eb575424a,審議状況（本会議 3月24日 会議録の冒頭）,令和８年第１回定例会会議録（第４日）第４号…令和８年３月２４日（火曜日）,supported,a0eb916d110a700a12ac33e532c9609b1c6f5bf3070741ca58a9f4dd86217984
shinjuku-2026-r1-gian-37,easy,content,R81B37-E-14,第37号〜第39号議案は予算特別委員会に付託することに決定,https://ssp.kaigiroku.net/tenant/shinjuku/MinuteView.html?council_id=3163&schedule_id=5&minute_id=140,c9e4a339dc435e3beeef855a64d9df64778456e5f8b93c5eb6732771689f63ad,審議状況（本会議 3月24日 議長）,第37号議案から第39号議案までは、予算特別委員会に付託することに決定しました,supported,9d4ff46c8a8015d9790dd8aa709c60fcde36258ad0fe61171adb145e04416b35
shinjuku-2026-r1-gian-37,normal,content,R81B37-N-14,第37号〜第39号議案は予算特別委員会に付託することに決定,https://ssp.kaigiroku.net/tenant/shinjuku/MinuteView.html?council_id=3163&schedule_id=5&minute_id=140,c9e4a339dc435e3beeef855a64d9df64778456e5f8b93c5eb6732771689f63ad,審議状況（本会議 3月24日 議長）,第37号議案から第39号議案までは、予算特別委員会に付託することに決定しました,supported,f2508fe6fcf72ebeee79dae9029f9b690953c9b8234a1e6e5f406571b3f27660
shinjuku-2026-r1-gian-37,hard,content,R81B37-H-12,第37号〜第39号議案は予算特別委員会に付託することに決定,https://ssp.kaigiroku.net/tenant/shinjuku/MinuteView.html?council_id=3163&schedule_id=5&minute_id=140,c9e4a339dc435e3beeef855a64d9df64778456e5f8b93c5eb6732771689f63ad,審議状況（本会議 3月24日 議長）,第37号議案から第39号議案までは、予算特別委員会に付託することに決定しました,supported,a0eb916d110a700a12ac33e532c9609b1c6f5bf3070741ca58a9f4dd86217984
shinjuku-2026-r1-gian-37,easy,content,R81B37-E-15,予算特別委員会の審査報告書は可決,https://ssp.kaigiroku.net/tenant/shinjuku/MinuteView.html?council_id=3163&schedule_id=5&minute_id=167,654559565c0812b97c4eaa4d9a2fa46e256bdb5e2534afeffb01cc49f72d4328,審議状況（本会議 3月24日 議長）,予算特別委員会審査報告書は、可決です,supported,9d4ff46c8a8015d9790dd8aa709c60fcde36258ad0fe61171adb145e04416b35
shinjuku-2026-r1-gian-37,normal,content,R81B37-N-15,予算特別委員会の審査報告書は可決,https://ssp.kaigiroku.net/tenant/shinjuku/MinuteView.html?council_id=3163&schedule_id=5&minute_id=167,654559565c0812b97c4eaa4d9a2fa46e256bdb5e2534afeffb01cc49f72d4328,審議状況（本会議 3月24日 議長）,予算特別委員会審査報告書は、可決です,supported,f2508fe6fcf72ebeee79dae9029f9b690953c9b8234a1e6e5f406571b3f27660
shinjuku-2026-r1-gian-37,hard,content,R81B37-H-13,予算特別委員会の審査報告書は可決,https://ssp.kaigiroku.net/tenant/shinjuku/MinuteView.html?council_id=3163&schedule_id=5&minute_id=167,654559565c0812b97c4eaa4d9a2fa46e256bdb5e2534afeffb01cc49f72d4328,審議状況（本会議 3月24日 議長）,予算特別委員会審査報告書は、可決です,supported,a0eb916d110a700a12ac33e532c9609b1c6f5bf3070741ca58a9f4dd86217984
shinjuku-2026-r1-gian-37,easy,content,R81B37-E-16,議長が異議の有無を諮った,https://ssp.kaigiroku.net/tenant/shinjuku/MinuteView.html?council_id=3163&schedule_id=5&minute_id=167,654559565c0812b97c4eaa4d9a2fa46e256bdb5e2534afeffb01cc49f72d4328,審議状況（本会議 3月24日 議長）,本案を委員会審査報告のとおり決定することに御異議ありませんか,supported,9d4ff46c8a8015d9790dd8aa709c60fcde36258ad0fe61171adb145e04416b35
shinjuku-2026-r1-gian-37,normal,content,R81B37-N-16,議長が異議の有無を諮った,https://ssp.kaigiroku.net/tenant/shinjuku/MinuteView.html?council_id=3163&schedule_id=5&minute_id=167,654559565c0812b97c4eaa4d9a2fa46e256bdb5e2534afeffb01cc49f72d4328,審議状況（本会議 3月24日 議長）,本案を委員会審査報告のとおり決定することに御異議ありませんか,supported,f2508fe6fcf72ebeee79dae9029f9b690953c9b8234a1e6e5f406571b3f27660
shinjuku-2026-r1-gian-37,hard,content,R81B37-H-14,議長が異議の有無を諮った,https://ssp.kaigiroku.net/tenant/shinjuku/MinuteView.html?council_id=3163&schedule_id=5&minute_id=167,654559565c0812b97c4eaa4d9a2fa46e256bdb5e2534afeffb01cc49f72d4328,審議状況（本会議 3月24日 議長）,本案を委員会審査報告のとおり決定することに御異議ありませんか,supported,a0eb916d110a700a12ac33e532c9609b1c6f5bf3070741ca58a9f4dd86217984
shinjuku-2026-r1-gian-37,easy,content,R81B37-E-17,異議なしと認め、委員会審査報告のとおり可決,https://ssp.kaigiroku.net/tenant/shinjuku/MinuteView.html?council_id=3163&schedule_id=5&minute_id=168,469517cb54ed833bfde88001efb60a72952500b0f78ebbde21767ee8e0561b75,審議状況（本会議 3月24日 議長）,異議なしと認めます…本案は、委員会審査報告のとおり可決されました,supported,9d4ff46c8a8015d9790dd8aa709c60fcde36258ad0fe61171adb145e04416b35
shinjuku-2026-r1-gian-37,normal,content,R81B37-N-17,異議なしと認め、委員会審査報告のとおり可決,https://ssp.kaigiroku.net/tenant/shinjuku/MinuteView.html?council_id=3163&schedule_id=5&minute_id=168,469517cb54ed833bfde88001efb60a72952500b0f78ebbde21767ee8e0561b75,審議状況（本会議 3月24日 議長）,異議なしと認めます…本案は、委員会審査報告のとおり可決されました,supported,f2508fe6fcf72ebeee79dae9029f9b690953c9b8234a1e6e5f406571b3f27660
shinjuku-2026-r1-gian-37,hard,content,R81B37-H-15,異議なしと認め、委員会審査報告のとおり可決,https://ssp.kaigiroku.net/tenant/shinjuku/MinuteView.html?council_id=3163&schedule_id=5&minute_id=168,469517cb54ed833bfde88001efb60a72952500b0f78ebbde21767ee8e0561b75,審議状況（本会議 3月24日 議長）,異議なしと認めます…本案は、委員会審査報告のとおり可決されました,supported,a0eb916d110a700a12ac33e532c9609b1c6f5bf3070741ca58a9f4dd86217984
shinjuku-2026-r1-gian-37,easy,content,R81B37-E-18,会期は2026年2月17日から3月24日まで,https://www.city.shinjuku.lg.jp/kusei/file08_05_0003820210204_00013.html,869549fe3ba94ac28c6e8fd003d4ad71484501a78203fc7a885109aae4ab487c,審議状況（会期と日程）,令和8年2月17日（火曜日）から3月24日（火曜日）まで,supported,9d4ff46c8a8015d9790dd8aa709c60fcde36258ad0fe61171adb145e04416b35
shinjuku-2026-r1-gian-37,normal,content,R81B37-N-18,会期は2026年2月17日から3月24日まで,https://www.city.shinjuku.lg.jp/kusei/file08_05_0003820210204_00013.html,869549fe3ba94ac28c6e8fd003d4ad71484501a78203fc7a885109aae4ab487c,審議状況（会期と日程）,令和8年2月17日（火曜日）から3月24日（火曜日）まで,supported,f2508fe6fcf72ebeee79dae9029f9b690953c9b8234a1e6e5f406571b3f27660
shinjuku-2026-r1-gian-37,hard,content,R81B37-H-16,会期は2026年2月17日から3月24日まで,https://www.city.shinjuku.lg.jp/kusei/file08_05_0003820210204_00013.html,869549fe3ba94ac28c6e8fd003d4ad71484501a78203fc7a885109aae4ab487c,審議状況（会期と日程）,令和8年2月17日（火曜日）から3月24日（火曜日）まで,supported,a0eb916d110a700a12ac33e532c9609b1c6f5bf3070741ca58a9f4dd86217984
shinjuku-2026-r1-gian-37,easy,content,R81B37-E-19,会派別の賛否: 8会派すべて賛成,https://www.city.shinjuku.lg.jp/content/000452334.pdf,22ba4f49b18c96bd1fa26241606257c05477f38e25ac46d6f8e4f416a2cedbf2,審議状況（議案の概要と審議結果の採決結果行）,ヒトパピローマウイルスの男性への任意接種における接種ワクチンの変更による増額等を計上○○○○○○○○可決,supported,9d4ff46c8a8015d9790dd8aa709c60fcde36258ad0fe61171adb145e04416b35
shinjuku-2026-r1-gian-37,normal,content,R81B37-N-19,会派別の賛否: 8会派すべて賛成,https://www.city.shinjuku.lg.jp/content/000452334.pdf,22ba4f49b18c96bd1fa26241606257c05477f38e25ac46d6f8e4f416a2cedbf2,審議状況（議案の概要と審議結果の採決結果行）,ヒトパピローマウイルスの男性への任意接種における接種ワクチンの変更による増額等を計上○○○○○○○○可決,supported,f2508fe6fcf72ebeee79dae9029f9b690953c9b8234a1e6e5f406571b3f27660
shinjuku-2026-r1-gian-37,hard,content,R81B37-H-17,会派別の賛否: 8会派すべて賛成,https://www.city.shinjuku.lg.jp/content/000452334.pdf,22ba4f49b18c96bd1fa26241606257c05477f38e25ac46d6f8e4f416a2cedbf2,審議状況（議案の概要と審議結果の採決結果行）,ヒトパピローマウイルスの男性への任意接種における接種ワクチンの変更による増額等を計上○○○○○○○○可決,supported,a0eb916d110a700a12ac33e532c9609b1c6f5bf3070741ca58a9f4dd86217984
shinjuku-2026-r1-gian-37,hard,content,R81B37-H-18,会派略称と賛否の列の並び,https://www.city.shinjuku.lg.jp/content/000452334.pdf,22ba4f49b18c96bd1fa26241606257c05477f38e25ac46d6f8e4f416a2cedbf2,審議状況（会派略称・列の並び）,共産＝日本共産党新宿区議会議員団…れいわ＝れいわ新選組 新宿…自参ク＝自民・参政クラブ…公明＝新宿区議会公明党…新宿会＝新宿未来の会…民無ク＝立憲民主党・無所属クラブ…維新＝日本維新の会・新宿区議団…現役＝現役世代に優しい新宿・減税の会…自参ク 公明 共産 新宿会 民無ク 維新 現役 れいわ,supported,a0eb916d110a700a12ac33e532c9609b1c6f5bf3070741ca58a9f4dd86217984
shinjuku-2026-r1-gian-38,easy,title,R81B38-ET-01,件名は令和8年度新宿区国民健康保険特別会計補正予算（第1号）,https://www.city.shinjuku.lg.jp/content/000451610.pdf,5d82fbdfc9d9d856b8b0f3c8f7fa29e853c84ed7b5b88bca3ea7e290bae6000f,件名,令和８年度新宿区国民健康保険特別会計補正予算（第１号）,supported,49af37dc8e6d43d3d1ff200d46ac815e8e77b590e077f3c4bea52432d1ce87c7
shinjuku-2026-r1-gian-38,normal,title,R81B38-NT-01,件名は令和8年度新宿区国民健康保険特別会計補正予算（第1号）,https://www.city.shinjuku.lg.jp/content/000451610.pdf,5d82fbdfc9d9d856b8b0f3c8f7fa29e853c84ed7b5b88bca3ea7e290bae6000f,件名,令和８年度新宿区国民健康保険特別会計補正予算（第１号）,supported,bc4cb9c7178a94319de93753da72006bd51ea3154e287c3c295d0e13c5a982d0
shinjuku-2026-r1-gian-38,hard,title,R81B38-HT-01,件名は令和8年度新宿区国民健康保険特別会計補正予算（第1号）,https://www.city.shinjuku.lg.jp/content/000451610.pdf,5d82fbdfc9d9d856b8b0f3c8f7fa29e853c84ed7b5b88bca3ea7e290bae6000f,件名,令和８年度新宿区国民健康保険特別会計補正予算（第１号）,supported,5956c9a6fdb0f62bc39f2ca31cb9d5369cb7bcff69e524a61ab2fd146d65d50e
shinjuku-2026-r1-gian-38,easy,summary,R81B38-ES-01,"補正予算額は4,467万4千円、補正後予算額は383億3,622万3千円（議案の概要と審議結果）",https://www.city.shinjuku.lg.jp/content/000452334.pdf,22ba4f49b18c96bd1fa26241606257c05477f38e25ac46d6f8e4f416a2cedbf2,議案の概要と審議結果（補正予算額）,"補正予算額：4,467万4千円、補正後予算額：383億3,622万3千円",supported,49af37dc8e6d43d3d1ff200d46ac815e8e77b590e077f3c4bea52432d1ce87c7
shinjuku-2026-r1-gian-38,normal,summary,R81B38-NS-01,"補正予算額は4,467万4千円、補正後予算額は383億3,622万3千円（議案の概要と審議結果）",https://www.city.shinjuku.lg.jp/content/000452334.pdf,22ba4f49b18c96bd1fa26241606257c05477f38e25ac46d6f8e4f416a2cedbf2,議案の概要と審議結果（補正予算額）,"補正予算額：4,467万4千円、補正後予算額：383億3,622万3千円",supported,bc4cb9c7178a94319de93753da72006bd51ea3154e287c3c295d0e13c5a982d0
shinjuku-2026-r1-gian-38,hard,summary,R81B38-HS-01,"補正予算額は4,467万4千円、補正後予算額は383億3,622万3千円（議案の概要と審議結果）",https://www.city.shinjuku.lg.jp/content/000452334.pdf,22ba4f49b18c96bd1fa26241606257c05477f38e25ac46d6f8e4f416a2cedbf2,議案の概要と審議結果（補正予算額）,"補正予算額：4,467万4千円、補正後予算額：383億3,622万3千円",supported,5956c9a6fdb0f62bc39f2ca31cb9d5369cb7bcff69e524a61ab2fd146d65d50e
shinjuku-2026-r1-gian-38,easy,summary,R81B38-ES-02,補正の理由: 国民健康保険事業費納付金の子ども・子育て支援金制度の開始に伴う納付金分の皆増、国民健康保険事業費納付金額確定に伴う減額 等を計上,https://www.city.shinjuku.lg.jp/content/000452334.pdf,22ba4f49b18c96bd1fa26241606257c05477f38e25ac46d6f8e4f416a2cedbf2,議案の概要と審議結果（補正の理由）,補正の理由：国民健康保険事業費納付金の子ども・子育て支援金制度の開始に伴う納付金分の皆増、国民健康保険事業費納付金額確定に伴う減額等を計上,supported,49af37dc8e6d43d3d1ff200d46ac815e8e77b590e077f3c4bea52432d1ce87c7
shinjuku-2026-r1-gian-38,normal,summary,R81B38-NS-02,補正の理由: 国民健康保険事業費納付金の子ども・子育て支援金制度の開始に伴う納付金分の皆増、国民健康保険事業費納付金額確定に伴う減額 等を計上,https://www.city.shinjuku.lg.jp/content/000452334.pdf,22ba4f49b18c96bd1fa26241606257c05477f38e25ac46d6f8e4f416a2cedbf2,議案の概要と審議結果（補正の理由）,補正の理由：国民健康保険事業費納付金の子ども・子育て支援金制度の開始に伴う納付金分の皆増、国民健康保険事業費納付金額確定に伴う減額等を計上,supported,bc4cb9c7178a94319de93753da72006bd51ea3154e287c3c295d0e13c5a982d0
shinjuku-2026-r1-gian-38,hard,summary,R81B38-HS-02,補正の理由: 国民健康保険事業費納付金の子ども・子育て支援金制度の開始に伴う納付金分の皆増、国民健康保険事業費納付金額確定に伴う減額 等を計上,https://www.city.shinjuku.lg.jp/content/000452334.pdf,22ba4f49b18c96bd1fa26241606257c05477f38e25ac46d6f8e4f416a2cedbf2,議案の概要と審議結果（補正の理由）,補正の理由：国民健康保険事業費納付金の子ども・子育て支援金制度の開始に伴う納付金分の皆増、国民健康保険事業費納付金額確定に伴う減額等を計上,supported,5956c9a6fdb0f62bc39f2ca31cb9d5369cb7bcff69e524a61ab2fd146d65d50e
shinjuku-2026-r1-gian-38,easy,content,R81B38-E-01,件名は令和8年度新宿区国民健康保険特別会計補正予算（第1号）,https://www.city.shinjuku.lg.jp/content/000451610.pdf,5d82fbdfc9d9d856b8b0f3c8f7fa29e853c84ed7b5b88bca3ea7e290bae6000f,件名,令和８年度新宿区国民健康保険特別会計補正予算（第１号）,supported,49af37dc8e6d43d3d1ff200d46ac815e8e77b590e077f3c4bea52432d1ce87c7
shinjuku-2026-r1-gian-38,normal,content,R81B38-N-01,件名は令和8年度新宿区国民健康保険特別会計補正予算（第1号）,https://www.city.shinjuku.lg.jp/content/000451610.pdf,5d82fbdfc9d9d856b8b0f3c8f7fa29e853c84ed7b5b88bca3ea7e290bae6000f,件名,令和８年度新宿区国民健康保険特別会計補正予算（第１号）,supported,bc4cb9c7178a94319de93753da72006bd51ea3154e287c3c295d0e13c5a982d0
shinjuku-2026-r1-gian-38,hard,content,R81B38-H-01,件名は令和8年度新宿区国民健康保険特別会計補正予算（第1号）,https://www.city.shinjuku.lg.jp/content/000451610.pdf,5d82fbdfc9d9d856b8b0f3c8f7fa29e853c84ed7b5b88bca3ea7e290bae6000f,件名,令和８年度新宿区国民健康保険特別会計補正予算（第１号）,supported,5956c9a6fdb0f62bc39f2ca31cb9d5369cb7bcff69e524a61ab2fd146d65d50e
shinjuku-2026-r1-gian-38,easy,content,R81B38-E-02,提出日は令和8年3月24日、提出者は新宿区長 吉住健一,https://www.city.shinjuku.lg.jp/content/000451610.pdf,5d82fbdfc9d9d856b8b0f3c8f7fa29e853c84ed7b5b88bca3ea7e290bae6000f,提出日・提出者,令和８年３月２４日 提出…新宿区長 吉 住 健 一,supported,49af37dc8e6d43d3d1ff200d46ac815e8e77b590e077f3c4bea52432d1ce87c7
shinjuku-2026-r1-gian-38,normal,content,R81B38-N-02,提出日は令和8年3月24日、提出者は新宿区長 吉住健一,https://www.city.shinjuku.lg.jp/content/000451610.pdf,5d82fbdfc9d9d856b8b0f3c8f7fa29e853c84ed7b5b88bca3ea7e290bae6000f,提出日・提出者,令和８年３月２４日 提出…新宿区長 吉 住 健 一,supported,bc4cb9c7178a94319de93753da72006bd51ea3154e287c3c295d0e13c5a982d0
shinjuku-2026-r1-gian-38,hard,content,R81B38-H-02,提出日は令和8年3月24日、提出者は新宿区長 吉住健一,https://www.city.shinjuku.lg.jp/content/000451610.pdf,5d82fbdfc9d9d856b8b0f3c8f7fa29e853c84ed7b5b88bca3ea7e290bae6000f,提出日・提出者,令和８年３月２４日 提出…新宿区長 吉 住 健 一,supported,5956c9a6fdb0f62bc39f2ca31cb9d5369cb7bcff69e524a61ab2fd146d65d50e
shinjuku-2026-r1-gian-38,easy,content,R81B38-E-03,"第1条: 歳入歳出予算の総額を44,674千円追加し、38,336,223千円とする",https://www.city.shinjuku.lg.jp/content/000451610.pdf,5d82fbdfc9d9d856b8b0f3c8f7fa29e853c84ed7b5b88bca3ea7e290bae6000f,第1条,"歳入歳出それぞれ 44,674 千円を追加し…歳入歳出それぞれ 38,336,223 千円とする",supported,49af37dc8e6d43d3d1ff200d46ac815e8e77b590e077f3c4bea52432d1ce87c7
shinjuku-2026-r1-gian-38,normal,content,R81B38-N-03,"第1条: 歳入歳出予算の総額を44,674千円追加し、38,336,223千円とする",https://www.city.shinjuku.lg.jp/content/000451610.pdf,5d82fbdfc9d9d856b8b0f3c8f7fa29e853c84ed7b5b88bca3ea7e290bae6000f,第1条,"歳入歳出それぞれ 44,674 千円を追加し…歳入歳出それぞれ 38,336,223 千円とする",supported,bc4cb9c7178a94319de93753da72006bd51ea3154e287c3c295d0e13c5a982d0
shinjuku-2026-r1-gian-38,hard,content,R81B38-H-03,"第1条: 歳入歳出予算の総額を44,674千円追加し、38,336,223千円とする",https://www.city.shinjuku.lg.jp/content/000451610.pdf,5d82fbdfc9d9d856b8b0f3c8f7fa29e853c84ed7b5b88bca3ea7e290bae6000f,第1条,"歳入歳出それぞれ 44,674 千円を追加し…歳入歳出それぞれ 38,336,223 千円とする",supported,5956c9a6fdb0f62bc39f2ca31cb9d5369cb7bcff69e524a61ab2fd146d65d50e
shinjuku-2026-r1-gian-38,easy,content,R81B38-E-04,補正の理由: 国民健康保険事業費納付金の子ども・子育て支援金制度の開始に伴う納付金分の皆増、国民健康保険事業費納付金額確定に伴う減額 等を計上,https://www.city.shinjuku.lg.jp/content/000452334.pdf,22ba4f49b18c96bd1fa26241606257c05477f38e25ac46d6f8e4f416a2cedbf2,議案の概要と審議結果（補正の理由）,補正の理由：国民健康保険事業費納付金の子ども・子育て支援金制度の開始に伴う納付金分の皆増、国民健康保険事業費納付金額確定に伴う減額等を計上,supported,49af37dc8e6d43d3d1ff200d46ac815e8e77b590e077f3c4bea52432d1ce87c7
shinjuku-2026-r1-gian-38,normal,content,R81B38-N-04,補正の理由: 国民健康保険事業費納付金の子ども・子育て支援金制度の開始に伴う納付金分の皆増、国民健康保険事業費納付金額確定に伴う減額 等を計上,https://www.city.shinjuku.lg.jp/content/000452334.pdf,22ba4f49b18c96bd1fa26241606257c05477f38e25ac46d6f8e4f416a2cedbf2,議案の概要と審議結果（補正の理由）,補正の理由：国民健康保険事業費納付金の子ども・子育て支援金制度の開始に伴う納付金分の皆増、国民健康保険事業費納付金額確定に伴う減額等を計上,supported,bc4cb9c7178a94319de93753da72006bd51ea3154e287c3c295d0e13c5a982d0
shinjuku-2026-r1-gian-38,easy,content,R81B38-E-05,歳出の補正額と理由（概要PDFの事業別内訳）,https://www.city.shinjuku.lg.jp/content/000451608.pdf,05f4b686bcc5f7f240355042ac4bf08a3392abcb19dde2d9972fd5c626d63c22,歳出の事業別内訳（概要PDF）,"国民健康保険事業費納付金44,674千円…医療給付費分△291,744千円納付金額確定に伴う減額…後期高齢者支援金等分18,392千円納付金額確定に伴う増額…介護納付金分△29,530千円納付金額確定に伴う減額…子ども・子育て支援納付金分347,556千円子ども・子育て支援金制度の開始に伴う皆増",supported,49af37dc8e6d43d3d1ff200d46ac815e8e77b590e077f3c4bea52432d1ce87c7
shinjuku-2026-r1-gian-38,normal,content,R81B38-N-05,歳出の補正額と理由（概要PDFの事業別内訳）,https://www.city.shinjuku.lg.jp/content/000451608.pdf,05f4b686bcc5f7f240355042ac4bf08a3392abcb19dde2d9972fd5c626d63c22,歳出の事業別内訳（概要PDF）,"国民健康保険事業費納付金44,674千円…医療給付費分△291,744千円納付金額確定に伴う減額…後期高齢者支援金等分18,392千円納付金額確定に伴う増額…介護納付金分△29,530千円納付金額確定に伴う減額…子ども・子育て支援納付金分347,556千円子ども・子育て支援金制度の開始に伴う皆増",supported,bc4cb9c7178a94319de93753da72006bd51ea3154e287c3c295d0e13c5a982d0
shinjuku-2026-r1-gian-38,easy,content,R81B38-E-06,歳入の補正額（概要PDFの事業別内訳）,https://www.city.shinjuku.lg.jp/content/000451608.pdf,05f4b686bcc5f7f240355042ac4bf08a3392abcb19dde2d9972fd5c626d63c22,歳入の事業別内訳（概要PDF）,"国民健康保険料△160,235千円…繰入金204,909千円…医療給付費分現年分△407,197千円保険料率改定等に伴う減額…後期高齢者支援金分現年分△42,256千円保険料率改定等に伴う減額…介護納付金分現年分38,424千円保険料率改定等に伴う増額…子ども・子育て支援納付金分250,794千円子ども・子育て支援金制度の開始に伴う皆増…保険基盤安定繰入金114,253千円保険料率改定等及び子ども・子育て支援金制度の開始に伴う増額…未就学児均等割保険料繰入金1,409千円保険料率改定等及び子ども・子育て支援金制度の開始に伴う増額…産前産後保険料繰入金386千円保険料率改定等及び子ども・子育て支援金制度の開始に伴う増額…出産育児一時金繰入金△105,700千円出産育児一時金繰入金の廃止に伴う皆減…その他繰入金194,561千円保険料収入の減及び事業費納付金の増等に伴う増額",supported,49af37dc8e6d43d3d1ff200d46ac815e8e77b590e077f3c4bea52432d1ce87c7
shinjuku-2026-r1-gian-38,normal,content,R81B38-N-06,歳入の補正額（概要PDFの事業別内訳）,https://www.city.shinjuku.lg.jp/content/000451608.pdf,05f4b686bcc5f7f240355042ac4bf08a3392abcb19dde2d9972fd5c626d63c22,歳入の事業別内訳（概要PDF）,"国民健康保険料△160,235千円…繰入金204,909千円…医療給付費分現年分△407,197千円保険料率改定等に伴う減額…後期高齢者支援金分現年分△42,256千円保険料率改定等に伴う減額…介護納付金分現年分38,424千円保険料率改定等に伴う増額…子ども・子育て支援納付金分250,794千円子ども・子育て支援金制度の開始に伴う皆増…保険基盤安定繰入金114,253千円保険料率改定等及び子ども・子育て支援金制度の開始に伴う増額…未就学児均等割保険料繰入金1,409千円保険料率改定等及び子ども・子育て支援金制度の開始に伴う増額…産前産後保険料繰入金386千円保険料率改定等及び子ども・子育て支援金制度の開始に伴う増額…出産育児一時金繰入金△105,700千円出産育児一時金繰入金の廃止に伴う皆減…その他繰入金194,561千円保険料収入の減及び事業費納付金の増等に伴う増額",supported,bc4cb9c7178a94319de93753da72006bd51ea3154e287c3c295d0e13c5a982d0
shinjuku-2026-r1-gian-38,hard,content,R81B38-H-04,第1表 歳入: 款項ごとの補正前・補正額・補正後の金額,https://www.city.shinjuku.lg.jp/content/000451610.pdf,5d82fbdfc9d9d856b8b0f3c8f7fa29e853c84ed7b5b88bca3ea7e290bae6000f,第1表 歳入歳出予算補正（歳入）,"国民健康保険料11,541,783△160,23511,381,548…国民健康保険料11,541,783△160,23511,381,548…繰入金4,762,586204,9094,967,495…繰入金4,762,586204,9094,967,495…合計38,291,54944,67438,336,223",supported,5956c9a6fdb0f62bc39f2ca31cb9d5369cb7bcff69e524a61ab2fd146d65d50e
shinjuku-2026-r1-gian-38,hard,content,R81B38-H-05,第1表 歳出: 款項ごとの補正前・補正額・補正後の金額,https://www.city.shinjuku.lg.jp/content/000451610.pdf,5d82fbdfc9d9d856b8b0f3c8f7fa29e853c84ed7b5b88bca3ea7e290bae6000f,第1表 歳入歳出予算補正（歳出）,"保険給付費21,921,216021,921,216…出産育児諸費151,0000151,000…国民健康保険事業費納14,875,48444,67414,920,158…医療給付費分10,042,196△291,7449,750,452…後期高齢者支援金等分3,649,09018,3923,667,482…介護納付金分1,184,198△29,5301,154,668…子ども・子育て支援納0347,556347,556…合計38,291,54944,67438,336,223",supported,5956c9a6fdb0f62bc39f2ca31cb9d5369cb7bcff69e524a61ab2fd146d65d50e
shinjuku-2026-r1-gian-38,hard,content,R81B38-H-06,歳出の補正額と理由（概要PDFの事業別内訳）,https://www.city.shinjuku.lg.jp/content/000451608.pdf,05f4b686bcc5f7f240355042ac4bf08a3392abcb19dde2d9972fd5c626d63c22,歳出の事業別内訳（概要PDF）,"国民健康保険事業費納付金44,674千円…医療給付費分△291,744千円納付金額確定に伴う減額…後期高齢者支援金等分18,392千円納付金額確定に伴う増額…介護納付金分△29,530千円納付金額確定に伴う減額…子ども・子育て支援納付金分347,556千円子ども・子育て支援金制度の開始に伴う皆増",supported,5956c9a6fdb0f62bc39f2ca31cb9d5369cb7bcff69e524a61ab2fd146d65d50e
shinjuku-2026-r1-gian-38,easy,content,R81B38-E-07,現年分の保険料率: 医療給付費分・後期高齢者支援金分・介護納付金分の改定と、子ども・子育て支援納付金分の新設,https://www.city.shinjuku.lg.jp/content/000451608.pdf,05f4b686bcc5f7f240355042ac4bf08a3392abcb19dde2d9972fd5c626d63c22,保険料率（概要PDF 歳入）,"均等割47,300円→47,600円…所得割7.71/100→7.51/100…均等割16,800円→17,600円…所得割2.69/100→2.80/100…均等割16,600円→17,800円…所得割2.25/100→2.43/100…均等割1,873円…所得割0.27/100",supported,49af37dc8e6d43d3d1ff200d46ac815e8e77b590e077f3c4bea52432d1ce87c7
shinjuku-2026-r1-gian-38,normal,content,R81B38-N-07,現年分の保険料率: 医療給付費分・後期高齢者支援金分・介護納付金分の改定と、子ども・子育て支援納付金分の新設,https://www.city.shinjuku.lg.jp/content/000451608.pdf,05f4b686bcc5f7f240355042ac4bf08a3392abcb19dde2d9972fd5c626d63c22,保険料率（概要PDF 歳入）,"均等割47,300円→47,600円…所得割7.71/100→7.51/100…均等割16,800円→17,600円…所得割2.69/100→2.80/100…均等割16,600円→17,800円…所得割2.25/100→2.43/100…均等割1,873円…所得割0.27/100",supported,bc4cb9c7178a94319de93753da72006bd51ea3154e287c3c295d0e13c5a982d0
shinjuku-2026-r1-gian-38,hard,content,R81B38-H-07,現年分の保険料率: 医療給付費分・後期高齢者支援金分・介護納付金分の改定と、子ども・子育て支援納付金分の新設,https://www.city.shinjuku.lg.jp/content/000451608.pdf,05f4b686bcc5f7f240355042ac4bf08a3392abcb19dde2d9972fd5c626d63c22,保険料率（概要PDF 歳入）,"均等割47,300円→47,600円…所得割7.71/100→7.51/100…均等割16,800円→17,600円…所得割2.69/100→2.80/100…均等割16,600円→17,800円…所得割2.25/100→2.43/100…均等割1,873円…所得割0.27/100",supported,5956c9a6fdb0f62bc39f2ca31cb9d5369cb7bcff69e524a61ab2fd146d65d50e
shinjuku-2026-r1-gian-38,easy,content,R81B38-E-08,第38号議案の議決結果は原案可決,https://www.city.shinjuku.lg.jp/kusei/soumu01_002090_00015.html,7c2b6f68db1b433b860b35d176b4dd9211e78582ec9de718fcfefe68b22d896a,審議状況（議決結果ページ）,第38号議案令和8年度新宿区国民健康保険特別会計補正予算（第1号）原案可決,supported,49af37dc8e6d43d3d1ff200d46ac815e8e77b590e077f3c4bea52432d1ce87c7
shinjuku-2026-r1-gian-38,normal,content,R81B38-N-08,第38号議案の議決結果は原案可決,https://www.city.shinjuku.lg.jp/kusei/soumu01_002090_00015.html,7c2b6f68db1b433b860b35d176b4dd9211e78582ec9de718fcfefe68b22d896a,審議状況（議決結果ページ）,第38号議案令和8年度新宿区国民健康保険特別会計補正予算（第1号）原案可決,supported,bc4cb9c7178a94319de93753da72006bd51ea3154e287c3c295d0e13c5a982d0
shinjuku-2026-r1-gian-38,hard,content,R81B38-H-08,第38号議案の議決結果は原案可決,https://www.city.shinjuku.lg.jp/kusei/soumu01_002090_00015.html,7c2b6f68db1b433b860b35d176b4dd9211e78582ec9de718fcfefe68b22d896a,審議状況（議決結果ページ）,第38号議案令和8年度新宿区国民健康保険特別会計補正予算（第1号）原案可決,supported,5956c9a6fdb0f62bc39f2ca31cb9d5369cb7bcff69e524a61ab2fd146d65d50e
shinjuku-2026-r1-gian-38,easy,content,R81B38-E-09,採決は2026年3月24日の本会議（第4日）,https://ssp.kaigiroku.net/tenant/shinjuku/MinuteView.html?council_id=3163&schedule_id=5&minute_id=1,bd058d36962b45d8d965e4625bb95ecd661a102a026175213f37ba9eb575424a,審議状況（本会議 3月24日 会議録の冒頭）,令和８年第１回定例会会議録（第４日）第４号…令和８年３月２４日（火曜日）,supported,49af37dc8e6d43d3d1ff200d46ac815e8e77b590e077f3c4bea52432d1ce87c7
shinjuku-2026-r1-gian-38,normal,content,R81B38-N-09,採決は2026年3月24日の本会議（第4日）,https://ssp.kaigiroku.net/tenant/shinjuku/MinuteView.html?council_id=3163&schedule_id=5&minute_id=1,bd058d36962b45d8d965e4625bb95ecd661a102a026175213f37ba9eb575424a,審議状況（本会議 3月24日 会議録の冒頭）,令和８年第１回定例会会議録（第４日）第４号…令和８年３月２４日（火曜日）,supported,bc4cb9c7178a94319de93753da72006bd51ea3154e287c3c295d0e13c5a982d0
shinjuku-2026-r1-gian-38,hard,content,R81B38-H-09,採決は2026年3月24日の本会議（第4日）,https://ssp.kaigiroku.net/tenant/shinjuku/MinuteView.html?council_id=3163&schedule_id=5&minute_id=1,bd058d36962b45d8d965e4625bb95ecd661a102a026175213f37ba9eb575424a,審議状況（本会議 3月24日 会議録の冒頭）,令和８年第１回定例会会議録（第４日）第４号…令和８年３月２４日（火曜日）,supported,5956c9a6fdb0f62bc39f2ca31cb9d5369cb7bcff69e524a61ab2fd146d65d50e
shinjuku-2026-r1-gian-38,easy,content,R81B38-E-10,第37号〜第39号議案は予算特別委員会に付託することに決定,https://ssp.kaigiroku.net/tenant/shinjuku/MinuteView.html?council_id=3163&schedule_id=5&minute_id=140,c9e4a339dc435e3beeef855a64d9df64778456e5f8b93c5eb6732771689f63ad,審議状況（本会議 3月24日 議長）,第37号議案から第39号議案までは、予算特別委員会に付託することに決定しました,supported,49af37dc8e6d43d3d1ff200d46ac815e8e77b590e077f3c4bea52432d1ce87c7
shinjuku-2026-r1-gian-38,normal,content,R81B38-N-10,第37号〜第39号議案は予算特別委員会に付託することに決定,https://ssp.kaigiroku.net/tenant/shinjuku/MinuteView.html?council_id=3163&schedule_id=5&minute_id=140,c9e4a339dc435e3beeef855a64d9df64778456e5f8b93c5eb6732771689f63ad,審議状況（本会議 3月24日 議長）,第37号議案から第39号議案までは、予算特別委員会に付託することに決定しました,supported,bc4cb9c7178a94319de93753da72006bd51ea3154e287c3c295d0e13c5a982d0
shinjuku-2026-r1-gian-38,hard,content,R81B38-H-10,第37号〜第39号議案は予算特別委員会に付託することに決定,https://ssp.kaigiroku.net/tenant/shinjuku/MinuteView.html?council_id=3163&schedule_id=5&minute_id=140,c9e4a339dc435e3beeef855a64d9df64778456e5f8b93c5eb6732771689f63ad,審議状況（本会議 3月24日 議長）,第37号議案から第39号議案までは、予算特別委員会に付託することに決定しました,supported,5956c9a6fdb0f62bc39f2ca31cb9d5369cb7bcff69e524a61ab2fd146d65d50e
shinjuku-2026-r1-gian-38,easy,content,R81B38-E-11,予算特別委員会の審査報告書は可決,https://ssp.kaigiroku.net/tenant/shinjuku/MinuteView.html?council_id=3163&schedule_id=5&minute_id=171,9d09b84f746644f0c29c0c2f5d407f8e67b713f9bff19dc575c909e26980b078,審議状況（本会議 3月24日 議長）,予算特別委員会審査報告書は、可決です,supported,49af37dc8e6d43d3d1ff200d46ac815e8e77b590e077f3c4bea52432d1ce87c7
shinjuku-2026-r1-gian-38,normal,content,R81B38-N-11,予算特別委員会の審査報告書は可決,https://ssp.kaigiroku.net/tenant/shinjuku/MinuteView.html?council_id=3163&schedule_id=5&minute_id=171,9d09b84f746644f0c29c0c2f5d407f8e67b713f9bff19dc575c909e26980b078,審議状況（本会議 3月24日 議長）,予算特別委員会審査報告書は、可決です,supported,bc4cb9c7178a94319de93753da72006bd51ea3154e287c3c295d0e13c5a982d0
shinjuku-2026-r1-gian-38,hard,content,R81B38-H-11,予算特別委員会の審査報告書は可決,https://ssp.kaigiroku.net/tenant/shinjuku/MinuteView.html?council_id=3163&schedule_id=5&minute_id=171,9d09b84f746644f0c29c0c2f5d407f8e67b713f9bff19dc575c909e26980b078,審議状況（本会議 3月24日 議長）,予算特別委員会審査報告書は、可決です,supported,5956c9a6fdb0f62bc39f2ca31cb9d5369cb7bcff69e524a61ab2fd146d65d50e
shinjuku-2026-r1-gian-38,easy,content,R81B38-E-12,第38号議案は起立により採決,https://ssp.kaigiroku.net/tenant/shinjuku/MinuteView.html?council_id=3163&schedule_id=5&minute_id=171,9d09b84f746644f0c29c0c2f5d407f8e67b713f9bff19dc575c909e26980b078,審議状況（本会議 3月24日 議長）,これから、起立により採決します…本案を委員会審査報告のとおり決定することに賛成の方は御起立願います,supported,49af37dc8e6d43d3d1ff200d46ac815e8e77b590e077f3c4bea52432d1ce87c7
shinjuku-2026-r1-gian-38,normal,content,R81B38-N-12,第38号議案は起立により採決,https://ssp.kaigiroku.net/tenant/shinjuku/MinuteView.html?council_id=3163&schedule_id=5&minute_id=171,9d09b84f746644f0c29c0c2f5d407f8e67b713f9bff19dc575c909e26980b078,審議状況（本会議 3月24日 議長）,これから、起立により採決します…本案を委員会審査報告のとおり決定することに賛成の方は御起立願います,supported,bc4cb9c7178a94319de93753da72006bd51ea3154e287c3c295d0e13c5a982d0
shinjuku-2026-r1-gian-38,hard,content,R81B38-H-12,第38号議案は起立により採決,https://ssp.kaigiroku.net/tenant/shinjuku/MinuteView.html?council_id=3163&schedule_id=5&minute_id=171,9d09b84f746644f0c29c0c2f5d407f8e67b713f9bff19dc575c909e26980b078,審議状況（本会議 3月24日 議長）,これから、起立により採決します…本案を委員会審査報告のとおり決定することに賛成の方は御起立願います,supported,5956c9a6fdb0f62bc39f2ca31cb9d5369cb7bcff69e524a61ab2fd146d65d50e
shinjuku-2026-r1-gian-38,easy,content,R81B38-E-13,起立多数と認め、委員会審査報告のとおり可決,https://ssp.kaigiroku.net/tenant/shinjuku/MinuteView.html?council_id=3163&schedule_id=5&minute_id=172,0405f4221f73a11b0034c2a81abc651c7799688051fdfb5441349221a4be563a,審議状況（本会議 3月24日 議長）,起立多数と認めます…本案は、委員会審査報告のとおり可決されました,supported,49af37dc8e6d43d3d1ff200d46ac815e8e77b590e077f3c4bea52432d1ce87c7
shinjuku-2026-r1-gian-38,normal,content,R81B38-N-13,起立多数と認め、委員会審査報告のとおり可決,https://ssp.kaigiroku.net/tenant/shinjuku/MinuteView.html?council_id=3163&schedule_id=5&minute_id=172,0405f4221f73a11b0034c2a81abc651c7799688051fdfb5441349221a4be563a,審議状況（本会議 3月24日 議長）,起立多数と認めます…本案は、委員会審査報告のとおり可決されました,supported,bc4cb9c7178a94319de93753da72006bd51ea3154e287c3c295d0e13c5a982d0
shinjuku-2026-r1-gian-38,hard,content,R81B38-H-13,起立多数と認め、委員会審査報告のとおり可決,https://ssp.kaigiroku.net/tenant/shinjuku/MinuteView.html?council_id=3163&schedule_id=5&minute_id=172,0405f4221f73a11b0034c2a81abc651c7799688051fdfb5441349221a4be563a,審議状況（本会議 3月24日 議長）,起立多数と認めます…本案は、委員会審査報告のとおり可決されました,supported,5956c9a6fdb0f62bc39f2ca31cb9d5369cb7bcff69e524a61ab2fd146d65d50e
shinjuku-2026-r1-gian-38,easy,content,R81B38-E-14,この議案に対する少数意見報告書が文書により提出された,https://ssp.kaigiroku.net/tenant/shinjuku/MinuteView.html?council_id=3163&schedule_id=5&minute_id=171,9d09b84f746644f0c29c0c2f5d407f8e67b713f9bff19dc575c909e26980b078,審議状況（本会議 3月24日 議長）,これに対する少数意見報告書が文書により提出されています,supported,49af37dc8e6d43d3d1ff200d46ac815e8e77b590e077f3c4bea52432d1ce87c7
shinjuku-2026-r1-gian-38,normal,content,R81B38-N-14,この議案に対する少数意見報告書が文書により提出された,https://ssp.kaigiroku.net/tenant/shinjuku/MinuteView.html?council_id=3163&schedule_id=5&minute_id=171,9d09b84f746644f0c29c0c2f5d407f8e67b713f9bff19dc575c909e26980b078,審議状況（本会議 3月24日 議長）,これに対する少数意見報告書が文書により提出されています,supported,bc4cb9c7178a94319de93753da72006bd51ea3154e287c3c295d0e13c5a982d0
shinjuku-2026-r1-gian-38,hard,content,R81B38-H-14,この議案に対する少数意見報告書が文書により提出された,https://ssp.kaigiroku.net/tenant/shinjuku/MinuteView.html?council_id=3163&schedule_id=5&minute_id=171,9d09b84f746644f0c29c0c2f5d407f8e67b713f9bff19dc575c909e26980b078,審議状況（本会議 3月24日 議長）,これに対する少数意見報告書が文書により提出されています,supported,5956c9a6fdb0f62bc39f2ca31cb9d5369cb7bcff69e524a61ab2fd146d65d50e
shinjuku-2026-r1-gian-38,easy,content,R81B38-E-15,会期は2026年2月17日から3月24日まで,https://www.city.shinjuku.lg.jp/kusei/file08_05_0003820210204_00013.html,869549fe3ba94ac28c6e8fd003d4ad71484501a78203fc7a885109aae4ab487c,審議状況（会期と日程）,令和8年2月17日（火曜日）から3月24日（火曜日）まで,supported,49af37dc8e6d43d3d1ff200d46ac815e8e77b590e077f3c4bea52432d1ce87c7
shinjuku-2026-r1-gian-38,normal,content,R81B38-N-15,会期は2026年2月17日から3月24日まで,https://www.city.shinjuku.lg.jp/kusei/file08_05_0003820210204_00013.html,869549fe3ba94ac28c6e8fd003d4ad71484501a78203fc7a885109aae4ab487c,審議状況（会期と日程）,令和8年2月17日（火曜日）から3月24日（火曜日）まで,supported,bc4cb9c7178a94319de93753da72006bd51ea3154e287c3c295d0e13c5a982d0
shinjuku-2026-r1-gian-38,hard,content,R81B38-H-15,会期は2026年2月17日から3月24日まで,https://www.city.shinjuku.lg.jp/kusei/file08_05_0003820210204_00013.html,869549fe3ba94ac28c6e8fd003d4ad71484501a78203fc7a885109aae4ab487c,審議状況（会期と日程）,令和8年2月17日（火曜日）から3月24日（火曜日）まで,supported,5956c9a6fdb0f62bc39f2ca31cb9d5369cb7bcff69e524a61ab2fd146d65d50e
shinjuku-2026-r1-gian-38,easy,content,R81B38-E-16,会派別の賛否: 共産・れいわが反対、ほか6会派が賛成,https://www.city.shinjuku.lg.jp/content/000452334.pdf,22ba4f49b18c96bd1fa26241606257c05477f38e25ac46d6f8e4f416a2cedbf2,審議状況（議案の概要と審議結果の採決結果行）,国民健康保険事業費納付金額確定に伴う減額等を計上○○×○○○○×可決,supported,49af37dc8e6d43d3d1ff200d46ac815e8e77b590e077f3c4bea52432d1ce87c7
shinjuku-2026-r1-gian-38,normal,content,R81B38-N-16,会派別の賛否: 共産・れいわが反対、ほか6会派が賛成,https://www.city.shinjuku.lg.jp/content/000452334.pdf,22ba4f49b18c96bd1fa26241606257c05477f38e25ac46d6f8e4f416a2cedbf2,審議状況（議案の概要と審議結果の採決結果行）,国民健康保険事業費納付金額確定に伴う減額等を計上○○×○○○○×可決,supported,bc4cb9c7178a94319de93753da72006bd51ea3154e287c3c295d0e13c5a982d0
shinjuku-2026-r1-gian-38,hard,content,R81B38-H-16,会派別の賛否: 共産・れいわが反対、ほか6会派が賛成,https://www.city.shinjuku.lg.jp/content/000452334.pdf,22ba4f49b18c96bd1fa26241606257c05477f38e25ac46d6f8e4f416a2cedbf2,審議状況（議案の概要と審議結果の採決結果行）,国民健康保険事業費納付金額確定に伴う減額等を計上○○×○○○○×可決,supported,5956c9a6fdb0f62bc39f2ca31cb9d5369cb7bcff69e524a61ab2fd146d65d50e
shinjuku-2026-r1-gian-38,hard,content,R81B38-H-17,会派略称と賛否の列の並び,https://www.city.shinjuku.lg.jp/content/000452334.pdf,22ba4f49b18c96bd1fa26241606257c05477f38e25ac46d6f8e4f416a2cedbf2,審議状況（会派略称・列の並び）,共産＝日本共産党新宿区議会議員団…れいわ＝れいわ新選組 新宿…自参ク＝自民・参政クラブ…公明＝新宿区議会公明党…新宿会＝新宿未来の会…民無ク＝立憲民主党・無所属クラブ…維新＝日本維新の会・新宿区議団…現役＝現役世代に優しい新宿・減税の会…自参ク 公明 共産 新宿会 民無ク 維新 現役 れいわ,supported,5956c9a6fdb0f62bc39f2ca31cb9d5369cb7bcff69e524a61ab2fd146d65d50e
shinjuku-2026-r1-gian-39,easy,title,R81B39-ET-01,件名は令和8年度新宿区介護保険特別会計補正予算（第1号）,https://www.city.shinjuku.lg.jp/content/000451611.pdf,24a345183e77ed48146fa02578def3867d966d982a15885f85db19c4e6e72c49,件名,令和８年度新宿区介護保険特別会計補正予算（第１号）,supported,dc2c14b66815a2e9eec3e89e885855add0542f319d5f90ffcfb6ff6bacffb7f7
shinjuku-2026-r1-gian-39,normal,title,R81B39-NT-01,件名は令和8年度新宿区介護保険特別会計補正予算（第1号）,https://www.city.shinjuku.lg.jp/content/000451611.pdf,24a345183e77ed48146fa02578def3867d966d982a15885f85db19c4e6e72c49,件名,令和８年度新宿区介護保険特別会計補正予算（第１号）,supported,80b8c9688faae5bb87d70d8a709ee7f28b7b69881816dde8013fdf66aed8810e
shinjuku-2026-r1-gian-39,hard,title,R81B39-HT-01,件名は令和8年度新宿区介護保険特別会計補正予算（第1号）,https://www.city.shinjuku.lg.jp/content/000451611.pdf,24a345183e77ed48146fa02578def3867d966d982a15885f85db19c4e6e72c49,件名,令和８年度新宿区介護保険特別会計補正予算（第１号）,supported,b22fd60ac87068b9708e832fc6df2c0544ea08aa86f6e672b9a3e03576f814ef
shinjuku-2026-r1-gian-39,easy,summary,R81B39-ES-01,"補正予算額は3億4,874万5千円、補正後予算額は282億772万1千円（議案の概要と審議結果）",https://www.city.shinjuku.lg.jp/content/000452334.pdf,22ba4f49b18c96bd1fa26241606257c05477f38e25ac46d6f8e4f416a2cedbf2,議案の概要と審議結果（補正予算額）,"補正予算額：3億4,874万5千円、補正後予算額：282億772万1千円",supported,dc2c14b66815a2e9eec3e89e885855add0542f319d5f90ffcfb6ff6bacffb7f7
shinjuku-2026-r1-gian-39,normal,summary,R81B39-NS-01,"補正予算額は3億4,874万5千円、補正後予算額は282億772万1千円（議案の概要と審議結果）",https://www.city.shinjuku.lg.jp/content/000452334.pdf,22ba4f49b18c96bd1fa26241606257c05477f38e25ac46d6f8e4f416a2cedbf2,議案の概要と審議結果（補正予算額）,"補正予算額：3億4,874万5千円、補正後予算額：282億772万1千円",supported,80b8c9688faae5bb87d70d8a709ee7f28b7b69881816dde8013fdf66aed8810e
shinjuku-2026-r1-gian-39,hard,summary,R81B39-HS-01,"補正予算額は3億4,874万5千円、補正後予算額は282億772万1千円（議案の概要と審議結果）",https://www.city.shinjuku.lg.jp/content/000452334.pdf,22ba4f49b18c96bd1fa26241606257c05477f38e25ac46d6f8e4f416a2cedbf2,議案の概要と審議結果（補正予算額）,"補正予算額：3億4,874万5千円、補正後予算額：282億772万1千円",supported,b22fd60ac87068b9708e832fc6df2c0544ea08aa86f6e672b9a3e03576f814ef
shinjuku-2026-r1-gian-39,easy,summary,R81B39-ES-02,補正の理由: 保険給付費及び地域支援事業費の介護報酬改定に伴う増額 等を計上,https://www.city.shinjuku.lg.jp/content/000452334.pdf,22ba4f49b18c96bd1fa26241606257c05477f38e25ac46d6f8e4f416a2cedbf2,議案の概要と審議結果（補正の理由）,補正の理由：保険給付費及び地域支援事業費の介護報酬改定に伴う増額等を計上,supported,dc2c14b66815a2e9eec3e89e885855add0542f319d5f90ffcfb6ff6bacffb7f7
shinjuku-2026-r1-gian-39,normal,summary,R81B39-NS-02,補正の理由: 保険給付費及び地域支援事業費の介護報酬改定に伴う増額 等を計上,https://www.city.shinjuku.lg.jp/content/000452334.pdf,22ba4f49b18c96bd1fa26241606257c05477f38e25ac46d6f8e4f416a2cedbf2,議案の概要と審議結果（補正の理由）,補正の理由：保険給付費及び地域支援事業費の介護報酬改定に伴う増額等を計上,supported,80b8c9688faae5bb87d70d8a709ee7f28b7b69881816dde8013fdf66aed8810e
shinjuku-2026-r1-gian-39,hard,summary,R81B39-HS-02,補正の理由: 保険給付費及び地域支援事業費の介護報酬改定に伴う増額 等を計上,https://www.city.shinjuku.lg.jp/content/000452334.pdf,22ba4f49b18c96bd1fa26241606257c05477f38e25ac46d6f8e4f416a2cedbf2,議案の概要と審議結果（補正の理由）,補正の理由：保険給付費及び地域支援事業費の介護報酬改定に伴う増額等を計上,supported,b22fd60ac87068b9708e832fc6df2c0544ea08aa86f6e672b9a3e03576f814ef
shinjuku-2026-r1-gian-39,easy,content,R81B39-E-01,件名は令和8年度新宿区介護保険特別会計補正予算（第1号）,https://www.city.shinjuku.lg.jp/content/000451611.pdf,24a345183e77ed48146fa02578def3867d966d982a15885f85db19c4e6e72c49,件名,令和８年度新宿区介護保険特別会計補正予算（第１号）,supported,dc2c14b66815a2e9eec3e89e885855add0542f319d5f90ffcfb6ff6bacffb7f7
shinjuku-2026-r1-gian-39,normal,content,R81B39-N-01,件名は令和8年度新宿区介護保険特別会計補正予算（第1号）,https://www.city.shinjuku.lg.jp/content/000451611.pdf,24a345183e77ed48146fa02578def3867d966d982a15885f85db19c4e6e72c49,件名,令和８年度新宿区介護保険特別会計補正予算（第１号）,supported,80b8c9688faae5bb87d70d8a709ee7f28b7b69881816dde8013fdf66aed8810e
shinjuku-2026-r1-gian-39,hard,content,R81B39-H-01,件名は令和8年度新宿区介護保険特別会計補正予算（第1号）,https://www.city.shinjuku.lg.jp/content/000451611.pdf,24a345183e77ed48146fa02578def3867d966d982a15885f85db19c4e6e72c49,件名,令和８年度新宿区介護保険特別会計補正予算（第１号）,supported,b22fd60ac87068b9708e832fc6df2c0544ea08aa86f6e672b9a3e03576f814ef
shinjuku-2026-r1-gian-39,easy,content,R81B39-E-02,提出日は令和8年3月24日、提出者は新宿区長 吉住健一,https://www.city.shinjuku.lg.jp/content/000451611.pdf,24a345183e77ed48146fa02578def3867d966d982a15885f85db19c4e6e72c49,提出日・提出者,令和８年３月２４日 提出…新宿区長 吉 住 健 一,supported,dc2c14b66815a2e9eec3e89e885855add0542f319d5f90ffcfb6ff6bacffb7f7
shinjuku-2026-r1-gian-39,normal,content,R81B39-N-02,提出日は令和8年3月24日、提出者は新宿区長 吉住健一,https://www.city.shinjuku.lg.jp/content/000451611.pdf,24a345183e77ed48146fa02578def3867d966d982a15885f85db19c4e6e72c49,提出日・提出者,令和８年３月２４日 提出…新宿区長 吉 住 健 一,supported,80b8c9688faae5bb87d70d8a709ee7f28b7b69881816dde8013fdf66aed8810e
shinjuku-2026-r1-gian-39,hard,content,R81B39-H-02,提出日は令和8年3月24日、提出者は新宿区長 吉住健一,https://www.city.shinjuku.lg.jp/content/000451611.pdf,24a345183e77ed48146fa02578def3867d966d982a15885f85db19c4e6e72c49,提出日・提出者,令和８年３月２４日 提出…新宿区長 吉 住 健 一,supported,b22fd60ac87068b9708e832fc6df2c0544ea08aa86f6e672b9a3e03576f814ef
shinjuku-2026-r1-gian-39,easy,content,R81B39-E-03,"第1条: 歳入歳出予算の総額を348,745千円追加し、28,207,721千円とする",https://www.city.shinjuku.lg.jp/content/000451611.pdf,24a345183e77ed48146fa02578def3867d966d982a15885f85db19c4e6e72c49,第1条,"歳入歳出それぞれ 348,745 千円を追加し…歳入歳出それぞれ 28,207,721 千円とする",supported,dc2c14b66815a2e9eec3e89e885855add0542f319d5f90ffcfb6ff6bacffb7f7
shinjuku-2026-r1-gian-39,normal,content,R81B39-N-03,"第1条: 歳入歳出予算の総額を348,745千円追加し、28,207,721千円とする",https://www.city.shinjuku.lg.jp/content/000451611.pdf,24a345183e77ed48146fa02578def3867d966d982a15885f85db19c4e6e72c49,第1条,"歳入歳出それぞれ 348,745 千円を追加し…歳入歳出それぞれ 28,207,721 千円とする",supported,80b8c9688faae5bb87d70d8a709ee7f28b7b69881816dde8013fdf66aed8810e
shinjuku-2026-r1-gian-39,hard,content,R81B39-H-03,"第1条: 歳入歳出予算の総額を348,745千円追加し、28,207,721千円とする",https://www.city.shinjuku.lg.jp/content/000451611.pdf,24a345183e77ed48146fa02578def3867d966d982a15885f85db19c4e6e72c49,第1条,"歳入歳出それぞれ 348,745 千円を追加し…歳入歳出それぞれ 28,207,721 千円とする",supported,b22fd60ac87068b9708e832fc6df2c0544ea08aa86f6e672b9a3e03576f814ef
shinjuku-2026-r1-gian-39,easy,content,R81B39-E-04,補正の理由: 保険給付費及び地域支援事業費の介護報酬改定に伴う増額 等を計上,https://www.city.shinjuku.lg.jp/content/000452334.pdf,22ba4f49b18c96bd1fa26241606257c05477f38e25ac46d6f8e4f416a2cedbf2,議案の概要と審議結果（補正の理由）,補正の理由：保険給付費及び地域支援事業費の介護報酬改定に伴う増額等を計上,supported,dc2c14b66815a2e9eec3e89e885855add0542f319d5f90ffcfb6ff6bacffb7f7
shinjuku-2026-r1-gian-39,normal,content,R81B39-N-04,補正の理由: 保険給付費及び地域支援事業費の介護報酬改定に伴う増額 等を計上,https://www.city.shinjuku.lg.jp/content/000452334.pdf,22ba4f49b18c96bd1fa26241606257c05477f38e25ac46d6f8e4f416a2cedbf2,議案の概要と審議結果（補正の理由）,補正の理由：保険給付費及び地域支援事業費の介護報酬改定に伴う増額等を計上,supported,80b8c9688faae5bb87d70d8a709ee7f28b7b69881816dde8013fdf66aed8810e
shinjuku-2026-r1-gian-39,easy,content,R81B39-E-05,歳出の補正額と理由（概要PDFの事業別内訳）,https://www.city.shinjuku.lg.jp/content/000451608.pdf,05f4b686bcc5f7f240355042ac4bf08a3392abcb19dde2d9972fd5c626d63c22,歳出の事業別内訳（概要PDF）,"保険給付費336,072千円…地域支援事業費12,673千円…居宅サービス給付費164,287千円介護報酬改定に伴う増額…施設サービス給付費84,381千円介護報酬改定に伴う増額…地域密着型サービス給付費45,466千円介護報酬改定に伴う増額…居宅サービス計画給付費19,205千円介護報酬改定に伴う増額…特定入所者サービス費14,707千円介護報酬改定に伴う増額…高額サービス費8,026千円介護報酬改定に伴う増額…訪問型サービス事業4,387千円介護報酬改定に伴う増額…通所型サービス事業6,633千円介護報酬改定に伴う増額…介護予防ケアマネジメント事業1,636千円介護報酬改定に伴う増額…高額サービス費17千円介護報酬改定に伴う増額",supported,dc2c14b66815a2e9eec3e89e885855add0542f319d5f90ffcfb6ff6bacffb7f7
shinjuku-2026-r1-gian-39,normal,content,R81B39-N-05,歳出の補正額と理由（概要PDFの事業別内訳）,https://www.city.shinjuku.lg.jp/content/000451608.pdf,05f4b686bcc5f7f240355042ac4bf08a3392abcb19dde2d9972fd5c626d63c22,歳出の事業別内訳（概要PDF）,"保険給付費336,072千円…地域支援事業費12,673千円…居宅サービス給付費164,287千円介護報酬改定に伴う増額…施設サービス給付費84,381千円介護報酬改定に伴う増額…地域密着型サービス給付費45,466千円介護報酬改定に伴う増額…居宅サービス計画給付費19,205千円介護報酬改定に伴う増額…特定入所者サービス費14,707千円介護報酬改定に伴う増額…高額サービス費8,026千円介護報酬改定に伴う増額…訪問型サービス事業4,387千円介護報酬改定に伴う増額…通所型サービス事業6,633千円介護報酬改定に伴う増額…介護予防ケアマネジメント事業1,636千円介護報酬改定に伴う増額…高額サービス費17千円介護報酬改定に伴う増額",supported,80b8c9688faae5bb87d70d8a709ee7f28b7b69881816dde8013fdf66aed8810e
shinjuku-2026-r1-gian-39,easy,content,R81B39-E-06,歳入の補正額（概要PDFの事業別内訳）,https://www.city.shinjuku.lg.jp/content/000451608.pdf,05f4b686bcc5f7f240355042ac4bf08a3392abcb19dde2d9972fd5c626d63c22,歳入の事業別内訳（概要PDF）,"国庫支出金72,998千円…支払基金交付金94,161千円…都支出金51,365千円…繰入金130,221千円…介護給付費負担金（現年度分）59,443千円介護報酬改定に伴う増額…調整交付金10,620千円介護報酬改定に伴う増額…地域支援事業交付金（現年度分）2,935千円介護報酬改定に伴う増額…介護給付費交付金（現年度分）90,739千円介護報酬改定に伴う増額…地域支援事業支援交付金（現年度分）3,422千円介護報酬改定に伴う増額…介護給付費負担金（現年度分）49,781千円介護報酬改定に伴う増額…地域支援事業交付金（現年度分）1,584千円介護報酬改定に伴う増額…一般会計繰入金42,009千円介護報酬改定に伴う増額…一般会計繰入金1,584千円介護報酬改定に伴う増額…介護給付準備基金繰入金86,628千円介護報酬改定に伴う増額",supported,dc2c14b66815a2e9eec3e89e885855add0542f319d5f90ffcfb6ff6bacffb7f7
shinjuku-2026-r1-gian-39,normal,content,R81B39-N-06,歳入の補正額（概要PDFの事業別内訳）,https://www.city.shinjuku.lg.jp/content/000451608.pdf,05f4b686bcc5f7f240355042ac4bf08a3392abcb19dde2d9972fd5c626d63c22,歳入の事業別内訳（概要PDF）,"国庫支出金72,998千円…支払基金交付金94,161千円…都支出金51,365千円…繰入金130,221千円…介護給付費負担金（現年度分）59,443千円介護報酬改定に伴う増額…調整交付金10,620千円介護報酬改定に伴う増額…地域支援事業交付金（現年度分）2,935千円介護報酬改定に伴う増額…介護給付費交付金（現年度分）90,739千円介護報酬改定に伴う増額…地域支援事業支援交付金（現年度分）3,422千円介護報酬改定に伴う増額…介護給付費負担金（現年度分）49,781千円介護報酬改定に伴う増額…地域支援事業交付金（現年度分）1,584千円介護報酬改定に伴う増額…一般会計繰入金42,009千円介護報酬改定に伴う増額…一般会計繰入金1,584千円介護報酬改定に伴う増額…介護給付準備基金繰入金86,628千円介護報酬改定に伴う増額",supported,80b8c9688faae5bb87d70d8a709ee7f28b7b69881816dde8013fdf66aed8810e
shinjuku-2026-r1-gian-39,hard,content,R81B39-H-04,第1表 歳入: 款項ごとの補正前・補正額・補正後の金額,https://www.city.shinjuku.lg.jp/content/000451611.pdf,24a345183e77ed48146fa02578def3867d966d982a15885f85db19c4e6e72c49,第1表 歳入歳出予算補正（歳入）,"国庫支出金5,666,50372,9985,739,501…国庫負担金4,409,14259,4434,468,585…国庫補助金1,257,36113,5551,270,916…支払基金交付金6,886,88194,1616,981,042…支払基金交付金6,886,88194,1616,981,042…都支出金3,807,88851,3653,859,253…都負担金3,573,31549,7813,623,096…都補助金234,5731,584236,157…繰入金5,817,055130,2215,947,276…一般会計繰入金4,976,13843,5935,019,731…基金繰入金840,91786,628927,545…合計27,858,976348,74528,207,721",supported,b22fd60ac87068b9708e832fc6df2c0544ea08aa86f6e672b9a3e03576f814ef
shinjuku-2026-r1-gian-39,hard,content,R81B39-H-05,第1表 歳出: 款項ごとの補正前・補正額・補正後の金額,https://www.city.shinjuku.lg.jp/content/000451611.pdf,24a345183e77ed48146fa02578def3867d966d982a15885f85db19c4e6e72c49,第1表 歳入歳出予算補正（歳出）,"保険給付費24,561,406336,07224,897,478…サービス等諸費23,629,765328,04623,957,811…高額サービス費等931,6418,026939,667…地域支援事業費1,625,15712,6731,637,830…地域支援事業費1,601,77112,6731,614,444…合計27,858,976348,74528,207,721",supported,b22fd60ac87068b9708e832fc6df2c0544ea08aa86f6e672b9a3e03576f814ef
shinjuku-2026-r1-gian-39,hard,content,R81B39-H-06,歳出の補正額と理由（概要PDFの事業別内訳）,https://www.city.shinjuku.lg.jp/content/000451608.pdf,05f4b686bcc5f7f240355042ac4bf08a3392abcb19dde2d9972fd5c626d63c22,歳出の事業別内訳（概要PDF）,"保険給付費336,072千円…地域支援事業費12,673千円…居宅サービス給付費164,287千円介護報酬改定に伴う増額…施設サービス給付費84,381千円介護報酬改定に伴う増額…地域密着型サービス給付費45,466千円介護報酬改定に伴う増額…居宅サービス計画給付費19,205千円介護報酬改定に伴う増額…特定入所者サービス費14,707千円介護報酬改定に伴う増額…高額サービス費8,026千円介護報酬改定に伴う増額…訪問型サービス事業4,387千円介護報酬改定に伴う増額…通所型サービス事業6,633千円介護報酬改定に伴う増額…介護予防ケアマネジメント事業1,636千円介護報酬改定に伴う増額…高額サービス費17千円介護報酬改定に伴う増額",supported,b22fd60ac87068b9708e832fc6df2c0544ea08aa86f6e672b9a3e03576f814ef
shinjuku-2026-r1-gian-39,easy,content,R81B39-E-07,第39号議案の議決結果は原案可決,https://www.city.shinjuku.lg.jp/kusei/soumu01_002090_00015.html,7c2b6f68db1b433b860b35d176b4dd9211e78582ec9de718fcfefe68b22d896a,審議状況（議決結果ページ）,第39号議案令和8年度新宿区介護保険特別会計補正予算（第1号）原案可決,supported,dc2c14b66815a2e9eec3e89e885855add0542f319d5f90ffcfb6ff6bacffb7f7
shinjuku-2026-r1-gian-39,normal,content,R81B39-N-07,第39号議案の議決結果は原案可決,https://www.city.shinjuku.lg.jp/kusei/soumu01_002090_00015.html,7c2b6f68db1b433b860b35d176b4dd9211e78582ec9de718fcfefe68b22d896a,審議状況（議決結果ページ）,第39号議案令和8年度新宿区介護保険特別会計補正予算（第1号）原案可決,supported,80b8c9688faae5bb87d70d8a709ee7f28b7b69881816dde8013fdf66aed8810e
shinjuku-2026-r1-gian-39,hard,content,R81B39-H-07,第39号議案の議決結果は原案可決,https://www.city.shinjuku.lg.jp/kusei/soumu01_002090_00015.html,7c2b6f68db1b433b860b35d176b4dd9211e78582ec9de718fcfefe68b22d896a,審議状況（議決結果ページ）,第39号議案令和8年度新宿区介護保険特別会計補正予算（第1号）原案可決,supported,b22fd60ac87068b9708e832fc6df2c0544ea08aa86f6e672b9a3e03576f814ef
shinjuku-2026-r1-gian-39,easy,content,R81B39-E-08,採決は2026年3月24日の本会議（第4日）,https://ssp.kaigiroku.net/tenant/shinjuku/MinuteView.html?council_id=3163&schedule_id=5&minute_id=1,bd058d36962b45d8d965e4625bb95ecd661a102a026175213f37ba9eb575424a,審議状況（本会議 3月24日 会議録の冒頭）,令和８年第１回定例会会議録（第４日）第４号…令和８年３月２４日（火曜日）,supported,dc2c14b66815a2e9eec3e89e885855add0542f319d5f90ffcfb6ff6bacffb7f7
shinjuku-2026-r1-gian-39,normal,content,R81B39-N-08,採決は2026年3月24日の本会議（第4日）,https://ssp.kaigiroku.net/tenant/shinjuku/MinuteView.html?council_id=3163&schedule_id=5&minute_id=1,bd058d36962b45d8d965e4625bb95ecd661a102a026175213f37ba9eb575424a,審議状況（本会議 3月24日 会議録の冒頭）,令和８年第１回定例会会議録（第４日）第４号…令和８年３月２４日（火曜日）,supported,80b8c9688faae5bb87d70d8a709ee7f28b7b69881816dde8013fdf66aed8810e
shinjuku-2026-r1-gian-39,hard,content,R81B39-H-08,採決は2026年3月24日の本会議（第4日）,https://ssp.kaigiroku.net/tenant/shinjuku/MinuteView.html?council_id=3163&schedule_id=5&minute_id=1,bd058d36962b45d8d965e4625bb95ecd661a102a026175213f37ba9eb575424a,審議状況（本会議 3月24日 会議録の冒頭）,令和８年第１回定例会会議録（第４日）第４号…令和８年３月２４日（火曜日）,supported,b22fd60ac87068b9708e832fc6df2c0544ea08aa86f6e672b9a3e03576f814ef
shinjuku-2026-r1-gian-39,easy,content,R81B39-E-09,第37号〜第39号議案は予算特別委員会に付託することに決定,https://ssp.kaigiroku.net/tenant/shinjuku/MinuteView.html?council_id=3163&schedule_id=5&minute_id=140,c9e4a339dc435e3beeef855a64d9df64778456e5f8b93c5eb6732771689f63ad,審議状況（本会議 3月24日 議長）,第37号議案から第39号議案までは、予算特別委員会に付託することに決定しました,supported,dc2c14b66815a2e9eec3e89e885855add0542f319d5f90ffcfb6ff6bacffb7f7
shinjuku-2026-r1-gian-39,normal,content,R81B39-N-09,第37号〜第39号議案は予算特別委員会に付託することに決定,https://ssp.kaigiroku.net/tenant/shinjuku/MinuteView.html?council_id=3163&schedule_id=5&minute_id=140,c9e4a339dc435e3beeef855a64d9df64778456e5f8b93c5eb6732771689f63ad,審議状況（本会議 3月24日 議長）,第37号議案から第39号議案までは、予算特別委員会に付託することに決定しました,supported,80b8c9688faae5bb87d70d8a709ee7f28b7b69881816dde8013fdf66aed8810e
shinjuku-2026-r1-gian-39,hard,content,R81B39-H-09,第37号〜第39号議案は予算特別委員会に付託することに決定,https://ssp.kaigiroku.net/tenant/shinjuku/MinuteView.html?council_id=3163&schedule_id=5&minute_id=140,c9e4a339dc435e3beeef855a64d9df64778456e5f8b93c5eb6732771689f63ad,審議状況（本会議 3月24日 議長）,第37号議案から第39号議案までは、予算特別委員会に付託することに決定しました,supported,b22fd60ac87068b9708e832fc6df2c0544ea08aa86f6e672b9a3e03576f814ef
shinjuku-2026-r1-gian-39,easy,content,R81B39-E-10,予算特別委員会の審査報告書は可決,https://ssp.kaigiroku.net/tenant/shinjuku/MinuteView.html?council_id=3163&schedule_id=5&minute_id=175,654559565c0812b97c4eaa4d9a2fa46e256bdb5e2534afeffb01cc49f72d4328,審議状況（本会議 3月24日 議長）,予算特別委員会審査報告書は、可決です,supported,dc2c14b66815a2e9eec3e89e885855add0542f319d5f90ffcfb6ff6bacffb7f7
shinjuku-2026-r1-gian-39,normal,content,R81B39-N-10,予算特別委員会の審査報告書は可決,https://ssp.kaigiroku.net/tenant/shinjuku/MinuteView.html?council_id=3163&schedule_id=5&minute_id=175,654559565c0812b97c4eaa4d9a2fa46e256bdb5e2534afeffb01cc49f72d4328,審議状況（本会議 3月24日 議長）,予算特別委員会審査報告書は、可決です,supported,80b8c9688faae5bb87d70d8a709ee7f28b7b69881816dde8013fdf66aed8810e
shinjuku-2026-r1-gian-39,hard,content,R81B39-H-10,予算特別委員会の審査報告書は可決,https://ssp.kaigiroku.net/tenant/shinjuku/MinuteView.html?council_id=3163&schedule_id=5&minute_id=175,654559565c0812b97c4eaa4d9a2fa46e256bdb5e2534afeffb01cc49f72d4328,審議状況（本会議 3月24日 議長）,予算特別委員会審査報告書は、可決です,supported,b22fd60ac87068b9708e832fc6df2c0544ea08aa86f6e672b9a3e03576f814ef
shinjuku-2026-r1-gian-39,easy,content,R81B39-E-11,議長が異議の有無を諮った,https://ssp.kaigiroku.net/tenant/shinjuku/MinuteView.html?council_id=3163&schedule_id=5&minute_id=175,654559565c0812b97c4eaa4d9a2fa46e256bdb5e2534afeffb01cc49f72d4328,審議状況（本会議 3月24日 議長）,本案を委員会審査報告のとおり決定することに御異議ありませんか,supported,dc2c14b66815a2e9eec3e89e885855add0542f319d5f90ffcfb6ff6bacffb7f7
shinjuku-2026-r1-gian-39,normal,content,R81B39-N-11,議長が異議の有無を諮った,https://ssp.kaigiroku.net/tenant/shinjuku/MinuteView.html?council_id=3163&schedule_id=5&minute_id=175,654559565c0812b97c4eaa4d9a2fa46e256bdb5e2534afeffb01cc49f72d4328,審議状況（本会議 3月24日 議長）,本案を委員会審査報告のとおり決定することに御異議ありませんか,supported,80b8c9688faae5bb87d70d8a709ee7f28b7b69881816dde8013fdf66aed8810e
shinjuku-2026-r1-gian-39,hard,content,R81B39-H-11,議長が異議の有無を諮った,https://ssp.kaigiroku.net/tenant/shinjuku/MinuteView.html?council_id=3163&schedule_id=5&minute_id=175,654559565c0812b97c4eaa4d9a2fa46e256bdb5e2534afeffb01cc49f72d4328,審議状況（本会議 3月24日 議長）,本案を委員会審査報告のとおり決定することに御異議ありませんか,supported,b22fd60ac87068b9708e832fc6df2c0544ea08aa86f6e672b9a3e03576f814ef
shinjuku-2026-r1-gian-39,easy,content,R81B39-E-12,異議なしと認め、委員会審査報告のとおり可決,https://ssp.kaigiroku.net/tenant/shinjuku/MinuteView.html?council_id=3163&schedule_id=5&minute_id=176,469517cb54ed833bfde88001efb60a72952500b0f78ebbde21767ee8e0561b75,審議状況（本会議 3月24日 議長）,異議なしと認めます…本案は、委員会審査報告のとおり可決されました,supported,dc2c14b66815a2e9eec3e89e885855add0542f319d5f90ffcfb6ff6bacffb7f7
shinjuku-2026-r1-gian-39,normal,content,R81B39-N-12,異議なしと認め、委員会審査報告のとおり可決,https://ssp.kaigiroku.net/tenant/shinjuku/MinuteView.html?council_id=3163&schedule_id=5&minute_id=176,469517cb54ed833bfde88001efb60a72952500b0f78ebbde21767ee8e0561b75,審議状況（本会議 3月24日 議長）,異議なしと認めます…本案は、委員会審査報告のとおり可決されました,supported,80b8c9688faae5bb87d70d8a709ee7f28b7b69881816dde8013fdf66aed8810e
shinjuku-2026-r1-gian-39,hard,content,R81B39-H-12,異議なしと認め、委員会審査報告のとおり可決,https://ssp.kaigiroku.net/tenant/shinjuku/MinuteView.html?council_id=3163&schedule_id=5&minute_id=176,469517cb54ed833bfde88001efb60a72952500b0f78ebbde21767ee8e0561b75,審議状況（本会議 3月24日 議長）,異議なしと認めます…本案は、委員会審査報告のとおり可決されました,supported,b22fd60ac87068b9708e832fc6df2c0544ea08aa86f6e672b9a3e03576f814ef
shinjuku-2026-r1-gian-39,easy,content,R81B39-E-13,会期は2026年2月17日から3月24日まで,https://www.city.shinjuku.lg.jp/kusei/file08_05_0003820210204_00013.html,869549fe3ba94ac28c6e8fd003d4ad71484501a78203fc7a885109aae4ab487c,審議状況（会期と日程）,令和8年2月17日（火曜日）から3月24日（火曜日）まで,supported,dc2c14b66815a2e9eec3e89e885855add0542f319d5f90ffcfb6ff6bacffb7f7
shinjuku-2026-r1-gian-39,normal,content,R81B39-N-13,会期は2026年2月17日から3月24日まで,https://www.city.shinjuku.lg.jp/kusei/file08_05_0003820210204_00013.html,869549fe3ba94ac28c6e8fd003d4ad71484501a78203fc7a885109aae4ab487c,審議状況（会期と日程）,令和8年2月17日（火曜日）から3月24日（火曜日）まで,supported,80b8c9688faae5bb87d70d8a709ee7f28b7b69881816dde8013fdf66aed8810e
shinjuku-2026-r1-gian-39,hard,content,R81B39-H-13,会期は2026年2月17日から3月24日まで,https://www.city.shinjuku.lg.jp/kusei/file08_05_0003820210204_00013.html,869549fe3ba94ac28c6e8fd003d4ad71484501a78203fc7a885109aae4ab487c,審議状況（会期と日程）,令和8年2月17日（火曜日）から3月24日（火曜日）まで,supported,b22fd60ac87068b9708e832fc6df2c0544ea08aa86f6e672b9a3e03576f814ef
shinjuku-2026-r1-gian-39,easy,content,R81B39-E-14,会派別の賛否: 8会派すべて賛成,https://www.city.shinjuku.lg.jp/content/000452334.pdf,22ba4f49b18c96bd1fa26241606257c05477f38e25ac46d6f8e4f416a2cedbf2,審議状況（議案の概要と審議結果の採決結果行）,補正の理由：保険給付費及び地域支援事業費の介護報酬改定に伴う増額等を計上○○○○○○○○可決,supported,dc2c14b66815a2e9eec3e89e885855add0542f319d5f90ffcfb6ff6bacffb7f7
shinjuku-2026-r1-gian-39,normal,content,R81B39-N-14,会派別の賛否: 8会派すべて賛成,https://www.city.shinjuku.lg.jp/content/000452334.pdf,22ba4f49b18c96bd1fa26241606257c05477f38e25ac46d6f8e4f416a2cedbf2,審議状況（議案の概要と審議結果の採決結果行）,補正の理由：保険給付費及び地域支援事業費の介護報酬改定に伴う増額等を計上○○○○○○○○可決,supported,80b8c9688faae5bb87d70d8a709ee7f28b7b69881816dde8013fdf66aed8810e
shinjuku-2026-r1-gian-39,hard,content,R81B39-H-14,会派別の賛否: 8会派すべて賛成,https://www.city.shinjuku.lg.jp/content/000452334.pdf,22ba4f49b18c96bd1fa26241606257c05477f38e25ac46d6f8e4f416a2cedbf2,審議状況（議案の概要と審議結果の採決結果行）,補正の理由：保険給付費及び地域支援事業費の介護報酬改定に伴う増額等を計上○○○○○○○○可決,supported,b22fd60ac87068b9708e832fc6df2c0544ea08aa86f6e672b9a3e03576f814ef
shinjuku-2026-r1-gian-39,hard,content,R81B39-H-15,会派略称と賛否の列の並び,https://www.city.shinjuku.lg.jp/content/000452334.pdf,22ba4f49b18c96bd1fa26241606257c05477f38e25ac46d6f8e4f416a2cedbf2,審議状況（会派略称・列の並び）,共産＝日本共産党新宿区議会議員団…れいわ＝れいわ新選組 新宿…自参ク＝自民・参政クラブ…公明＝新宿区議会公明党…新宿会＝新宿未来の会…民無ク＝立憲民主党・無所属クラブ…維新＝日本維新の会・新宿区議団…現役＝現役世代に優しい新宿・減税の会…自参ク 公明 共産 新宿会 民無ク 維新 現役 れいわ,supported,b22fd60ac87068b9708e832fc6df2c0544ea08aa86f6e672b9a3e03576f814ef
shinjuku-2026-r1-gian-40,easy,title,R81B40-ET-01,件名は令和7年度新宿区一般会計補正予算（第14号）,https://www.city.shinjuku.lg.jp/content/000451612.pdf,ed41abb21cafd251055ed13e249d3aab5c2e9d87f3fb4096acbd6772a2163b68,件名,令和７年度新宿区一般会計補正予算（第１４号）,supported,9d7b31769cd641a58a90813cf7de4aab95db225ffbb11140ef4d918f8b07ba54
shinjuku-2026-r1-gian-40,normal,title,R81B40-NT-01,件名は令和7年度新宿区一般会計補正予算（第14号）,https://www.city.shinjuku.lg.jp/content/000451612.pdf,ed41abb21cafd251055ed13e249d3aab5c2e9d87f3fb4096acbd6772a2163b68,件名,令和７年度新宿区一般会計補正予算（第１４号）,supported,6045630f87d3188b1abe70879613bd5b8c4274db2da2eb2d109c0612cd63922e
shinjuku-2026-r1-gian-40,hard,title,R81B40-HT-01,件名は令和7年度新宿区一般会計補正予算（第14号）,https://www.city.shinjuku.lg.jp/content/000451612.pdf,ed41abb21cafd251055ed13e249d3aab5c2e9d87f3fb4096acbd6772a2163b68,件名,令和７年度新宿区一般会計補正予算（第１４号）,supported,25cbd310a90d12f22026b26d2bf6ad9be4c96dbe7c1c02025926ca3279dd1081
shinjuku-2026-r1-gian-40,easy,summary,R81B40-ES-01,"補正予算額は824万2千円、補正後予算額は1,960億5,486万9千円（議案の概要と審議結果）",https://www.city.shinjuku.lg.jp/content/000452334.pdf,22ba4f49b18c96bd1fa26241606257c05477f38e25ac46d6f8e4f416a2cedbf2,議案の概要と審議結果（補正予算額）,"補正予算額：824万2千円、補正後予算額：1,960億5,486万9千円",supported,9d7b31769cd641a58a90813cf7de4aab95db225ffbb11140ef4d918f8b07ba54
shinjuku-2026-r1-gian-40,normal,summary,R81B40-NS-01,"補正予算額は824万2千円、補正後予算額は1,960億5,486万9千円（議案の概要と審議結果）",https://www.city.shinjuku.lg.jp/content/000452334.pdf,22ba4f49b18c96bd1fa26241606257c05477f38e25ac46d6f8e4f416a2cedbf2,議案の概要と審議結果（補正予算額）,"補正予算額：824万2千円、補正後予算額：1,960億5,486万9千円",supported,6045630f87d3188b1abe70879613bd5b8c4274db2da2eb2d109c0612cd63922e
shinjuku-2026-r1-gian-40,hard,summary,R81B40-HS-01,"補正予算額は824万2千円、補正後予算額は1,960億5,486万9千円（議案の概要と審議結果）",https://www.city.shinjuku.lg.jp/content/000452334.pdf,22ba4f49b18c96bd1fa26241606257c05477f38e25ac46d6f8e4f416a2cedbf2,議案の概要と審議結果（補正予算額）,"補正予算額：824万2千円、補正後予算額：1,960億5,486万9千円",supported,25cbd310a90d12f22026b26d2bf6ad9be4c96dbe7c1c02025926ca3279dd1081
shinjuku-2026-r1-gian-40,easy,summary,R81B40-ES-02,補正の理由: 新宿スポーツセンターのプール利用休止による利用料金収入減等に伴う指定管理料の増額 等を計上,https://www.city.shinjuku.lg.jp/content/000452334.pdf,22ba4f49b18c96bd1fa26241606257c05477f38e25ac46d6f8e4f416a2cedbf2,議案の概要と審議結果（補正の理由）,補正の理由：新宿スポーツセンターのプール利用休止による利用料金収入減等に伴う指定管理料の増額等を計上,supported,9d7b31769cd641a58a90813cf7de4aab95db225ffbb11140ef4d918f8b07ba54
shinjuku-2026-r1-gian-40,normal,summary,R81B40-NS-02,補正の理由: 新宿スポーツセンターのプール利用休止による利用料金収入減等に伴う指定管理料の増額 等を計上,https://www.city.shinjuku.lg.jp/content/000452334.pdf,22ba4f49b18c96bd1fa26241606257c05477f38e25ac46d6f8e4f416a2cedbf2,議案の概要と審議結果（補正の理由）,補正の理由：新宿スポーツセンターのプール利用休止による利用料金収入減等に伴う指定管理料の増額等を計上,supported,6045630f87d3188b1abe70879613bd5b8c4274db2da2eb2d109c0612cd63922e
shinjuku-2026-r1-gian-40,hard,summary,R81B40-HS-02,補正の理由: 新宿スポーツセンターのプール利用休止による利用料金収入減等に伴う指定管理料の増額 等を計上,https://www.city.shinjuku.lg.jp/content/000452334.pdf,22ba4f49b18c96bd1fa26241606257c05477f38e25ac46d6f8e4f416a2cedbf2,議案の概要と審議結果（補正の理由）,補正の理由：新宿スポーツセンターのプール利用休止による利用料金収入減等に伴う指定管理料の増額等を計上,supported,25cbd310a90d12f22026b26d2bf6ad9be4c96dbe7c1c02025926ca3279dd1081
shinjuku-2026-r1-gian-40,easy,content,R81B40-E-01,件名は令和7年度新宿区一般会計補正予算（第14号）,https://www.city.shinjuku.lg.jp/content/000451612.pdf,ed41abb21cafd251055ed13e249d3aab5c2e9d87f3fb4096acbd6772a2163b68,件名,令和７年度新宿区一般会計補正予算（第１４号）,supported,9d7b31769cd641a58a90813cf7de4aab95db225ffbb11140ef4d918f8b07ba54
shinjuku-2026-r1-gian-40,normal,content,R81B40-N-01,件名は令和7年度新宿区一般会計補正予算（第14号）,https://www.city.shinjuku.lg.jp/content/000451612.pdf,ed41abb21cafd251055ed13e249d3aab5c2e9d87f3fb4096acbd6772a2163b68,件名,令和７年度新宿区一般会計補正予算（第１４号）,supported,6045630f87d3188b1abe70879613bd5b8c4274db2da2eb2d109c0612cd63922e
shinjuku-2026-r1-gian-40,hard,content,R81B40-H-01,件名は令和7年度新宿区一般会計補正予算（第14号）,https://www.city.shinjuku.lg.jp/content/000451612.pdf,ed41abb21cafd251055ed13e249d3aab5c2e9d87f3fb4096acbd6772a2163b68,件名,令和７年度新宿区一般会計補正予算（第１４号）,supported,25cbd310a90d12f22026b26d2bf6ad9be4c96dbe7c1c02025926ca3279dd1081
shinjuku-2026-r1-gian-40,easy,content,R81B40-E-02,提出日は令和8年3月24日、提出者は新宿区長 吉住健一,https://www.city.shinjuku.lg.jp/content/000451612.pdf,ed41abb21cafd251055ed13e249d3aab5c2e9d87f3fb4096acbd6772a2163b68,提出日・提出者,令和８年３月２４日 提出…新宿区長 吉 住 健 一,supported,9d7b31769cd641a58a90813cf7de4aab95db225ffbb11140ef4d918f8b07ba54
shinjuku-2026-r1-gian-40,normal,content,R81B40-N-02,提出日は令和8年3月24日、提出者は新宿区長 吉住健一,https://www.city.shinjuku.lg.jp/content/000451612.pdf,ed41abb21cafd251055ed13e249d3aab5c2e9d87f3fb4096acbd6772a2163b68,提出日・提出者,令和８年３月２４日 提出…新宿区長 吉 住 健 一,supported,6045630f87d3188b1abe70879613bd5b8c4274db2da2eb2d109c0612cd63922e
shinjuku-2026-r1-gian-40,hard,content,R81B40-H-02,提出日は令和8年3月24日、提出者は新宿区長 吉住健一,https://www.city.shinjuku.lg.jp/content/000451612.pdf,ed41abb21cafd251055ed13e249d3aab5c2e9d87f3fb4096acbd6772a2163b68,提出日・提出者,令和８年３月２４日 提出…新宿区長 吉 住 健 一,supported,25cbd310a90d12f22026b26d2bf6ad9be4c96dbe7c1c02025926ca3279dd1081
shinjuku-2026-r1-gian-40,easy,content,R81B40-E-03,"第1条: 歳入歳出予算の総額を8,242千円追加し、196,054,869千円とする",https://www.city.shinjuku.lg.jp/content/000451612.pdf,ed41abb21cafd251055ed13e249d3aab5c2e9d87f3fb4096acbd6772a2163b68,第1条,"歳入歳出それぞれ 8,242 千円を追加し…歳入歳出それぞれ 196,054,869 千円とする",supported,9d7b31769cd641a58a90813cf7de4aab95db225ffbb11140ef4d918f8b07ba54
shinjuku-2026-r1-gian-40,normal,content,R81B40-N-03,"第1条: 歳入歳出予算の総額を8,242千円追加し、196,054,869千円とする",https://www.city.shinjuku.lg.jp/content/000451612.pdf,ed41abb21cafd251055ed13e249d3aab5c2e9d87f3fb4096acbd6772a2163b68,第1条,"歳入歳出それぞれ 8,242 千円を追加し…歳入歳出それぞれ 196,054,869 千円とする",supported,6045630f87d3188b1abe70879613bd5b8c4274db2da2eb2d109c0612cd63922e
shinjuku-2026-r1-gian-40,hard,content,R81B40-H-03,"第1条: 歳入歳出予算の総額を8,242千円追加し、196,054,869千円とする",https://www.city.shinjuku.lg.jp/content/000451612.pdf,ed41abb21cafd251055ed13e249d3aab5c2e9d87f3fb4096acbd6772a2163b68,第1条,"歳入歳出それぞれ 8,242 千円を追加し…歳入歳出それぞれ 196,054,869 千円とする",supported,25cbd310a90d12f22026b26d2bf6ad9be4c96dbe7c1c02025926ca3279dd1081
shinjuku-2026-r1-gian-40,easy,content,R81B40-E-04,補正の理由: 新宿スポーツセンターのプール利用休止による利用料金収入減等に伴う指定管理料の増額 等を計上,https://www.city.shinjuku.lg.jp/content/000452334.pdf,22ba4f49b18c96bd1fa26241606257c05477f38e25ac46d6f8e4f416a2cedbf2,議案の概要と審議結果（補正の理由）,補正の理由：新宿スポーツセンターのプール利用休止による利用料金収入減等に伴う指定管理料の増額等を計上,supported,9d7b31769cd641a58a90813cf7de4aab95db225ffbb11140ef4d918f8b07ba54
shinjuku-2026-r1-gian-40,normal,content,R81B40-N-04,補正の理由: 新宿スポーツセンターのプール利用休止による利用料金収入減等に伴う指定管理料の増額 等を計上,https://www.city.shinjuku.lg.jp/content/000452334.pdf,22ba4f49b18c96bd1fa26241606257c05477f38e25ac46d6f8e4f416a2cedbf2,議案の概要と審議結果（補正の理由）,補正の理由：新宿スポーツセンターのプール利用休止による利用料金収入減等に伴う指定管理料の増額等を計上,supported,6045630f87d3188b1abe70879613bd5b8c4274db2da2eb2d109c0612cd63922e
shinjuku-2026-r1-gian-40,easy,content,R81B40-E-05,歳出の補正額と理由（概要PDFの事業別内訳）,https://www.city.shinjuku.lg.jp/content/000450968.pdf,6f24c163553ee75dda2dfbfb35cf15aeb8a57fdc20e8eb8eebc9c916db34c497,歳出の事業別内訳（概要PDF）,"地域振興費8,242千円…新宿スポーツセンター8,242千円プール利用休止による利用料金収入減等に",supported,9d7b31769cd641a58a90813cf7de4aab95db225ffbb11140ef4d918f8b07ba54
shinjuku-2026-r1-gian-40,normal,content,R81B40-N-05,歳出の補正額と理由（概要PDFの事業別内訳）,https://www.city.shinjuku.lg.jp/content/000450968.pdf,6f24c163553ee75dda2dfbfb35cf15aeb8a57fdc20e8eb8eebc9c916db34c497,歳出の事業別内訳（概要PDF）,"地域振興費8,242千円…新宿スポーツセンター8,242千円プール利用休止による利用料金収入減等に",supported,6045630f87d3188b1abe70879613bd5b8c4274db2da2eb2d109c0612cd63922e
shinjuku-2026-r1-gian-40,easy,content,R81B40-E-06,歳入の補正額（概要PDFの事業別内訳）,https://www.city.shinjuku.lg.jp/content/000450968.pdf,6f24c163553ee75dda2dfbfb35cf15aeb8a57fdc20e8eb8eebc9c916db34c497,歳入の事業別内訳（概要PDF）,"繰入金8,242千円…財政調整基金繰入金8,242千円",supported,9d7b31769cd641a58a90813cf7de4aab95db225ffbb11140ef4d918f8b07ba54
shinjuku-2026-r1-gian-40,normal,content,R81B40-N-06,歳入の補正額（概要PDFの事業別内訳）,https://www.city.shinjuku.lg.jp/content/000450968.pdf,6f24c163553ee75dda2dfbfb35cf15aeb8a57fdc20e8eb8eebc9c916db34c497,歳入の事業別内訳（概要PDF）,"繰入金8,242千円…財政調整基金繰入金8,242千円",supported,6045630f87d3188b1abe70879613bd5b8c4274db2da2eb2d109c0612cd63922e
shinjuku-2026-r1-gian-40,hard,content,R81B40-H-04,第1表 歳入: 款項ごとの補正前・補正額・補正後の金額,https://www.city.shinjuku.lg.jp/content/000451612.pdf,ed41abb21cafd251055ed13e249d3aab5c2e9d87f3fb4096acbd6772a2163b68,第1表 歳入歳出予算補正（歳入）,"繰入金5,749,0068,2425,757,248…基金繰入金5,749,0068,2425,757,248…合計196,046,6278,242196,054,869",supported,25cbd310a90d12f22026b26d2bf6ad9be4c96dbe7c1c02025926ca3279dd1081
shinjuku-2026-r1-gian-40,hard,content,R81B40-H-05,第1表 歳出: 款項ごとの補正前・補正額・補正後の金額,https://www.city.shinjuku.lg.jp/content/000451612.pdf,ed41abb21cafd251055ed13e249d3aab5c2e9d87f3fb4096acbd6772a2163b68,第1表 歳入歳出予算補正（歳出）,"地域振興費9,928,3108,2429,936,552…地域振興施設費4,907,5068,2424,915,748…合計196,046,6278,242196,054,869",supported,25cbd310a90d12f22026b26d2bf6ad9be4c96dbe7c1c02025926ca3279dd1081
shinjuku-2026-r1-gian-40,hard,content,R81B40-H-06,歳出の補正額と理由（概要PDFの事業別内訳）,https://www.city.shinjuku.lg.jp/content/000450968.pdf,6f24c163553ee75dda2dfbfb35cf15aeb8a57fdc20e8eb8eebc9c916db34c497,歳出の事業別内訳（概要PDF）,"地域振興費8,242千円…新宿スポーツセンター8,242千円プール利用休止による利用料金収入減等に",supported,25cbd310a90d12f22026b26d2bf6ad9be4c96dbe7c1c02025926ca3279dd1081
shinjuku-2026-r1-gian-40,easy,content,R81B40-E-07,"財政調整基金繰入金は3,522,011千円から3,530,253千円（今回8,242千円）、令和7年度末現在高見込額は26,668,934千円",https://www.city.shinjuku.lg.jp/content/000450968.pdf,6f24c163553ee75dda2dfbfb35cf15aeb8a57fdc20e8eb8eebc9c916db34c497,財政調整基金（概要PDF）,"財政調整基金繰入金8,242千円…補正前予算額3,522,011千円…補正後予算額3,530,253千円…6年度末現在高27,095,782千円…既計上積立額3,103,405千円…既計上取崩額3,522,011千円…今回取崩額8,242千円…7年度末現在高見込額26,668,934千円",supported,9d7b31769cd641a58a90813cf7de4aab95db225ffbb11140ef4d918f8b07ba54
shinjuku-2026-r1-gian-40,normal,content,R81B40-N-07,"財政調整基金繰入金は3,522,011千円から3,530,253千円（今回8,242千円）、令和7年度末現在高見込額は26,668,934千円",https://www.city.shinjuku.lg.jp/content/000450968.pdf,6f24c163553ee75dda2dfbfb35cf15aeb8a57fdc20e8eb8eebc9c916db34c497,財政調整基金（概要PDF）,"財政調整基金繰入金8,242千円…補正前予算額3,522,011千円…補正後予算額3,530,253千円…6年度末現在高27,095,782千円…既計上積立額3,103,405千円…既計上取崩額3,522,011千円…今回取崩額8,242千円…7年度末現在高見込額26,668,934千円",supported,6045630f87d3188b1abe70879613bd5b8c4274db2da2eb2d109c0612cd63922e
shinjuku-2026-r1-gian-40,hard,content,R81B40-H-07,"財政調整基金繰入金は3,522,011千円から3,530,253千円（今回8,242千円）、令和7年度末現在高見込額は26,668,934千円",https://www.city.shinjuku.lg.jp/content/000450968.pdf,6f24c163553ee75dda2dfbfb35cf15aeb8a57fdc20e8eb8eebc9c916db34c497,財政調整基金（概要PDF）,"財政調整基金繰入金8,242千円…補正前予算額3,522,011千円…補正後予算額3,530,253千円…6年度末現在高27,095,782千円…既計上積立額3,103,405千円…既計上取崩額3,522,011千円…今回取崩額8,242千円…7年度末現在高見込額26,668,934千円",supported,25cbd310a90d12f22026b26d2bf6ad9be4c96dbe7c1c02025926ca3279dd1081
shinjuku-2026-r1-gian-40,easy,content,R81B40-E-08,"繰越明許費の追加は合計67,772千円（角筈地域センター31,561千円、新宿スポーツセンター設備整備3,911千円、地下歩行者道の維持管理32,300千円）で、いずれも年度内完了が困難であるため",https://www.city.shinjuku.lg.jp/content/000450968.pdf,6f24c163553ee75dda2dfbfb35cf15aeb8a57fdc20e8eb8eebc9c916db34c497,繰越明許費（概要PDF）,"【繰越明許費】67,772千円…地域振興費35,472千円…角筈地域センター31,561千円角筈区民ホールトイレ洋式化等改修工事の年度内完了が困難であるため…新宿スポーツセンター3,911千円新宿スポーツセンタープール昇温設備改修…工事の年度内完了が困難であるため…土木費32,300千円…地下歩行者道の維持管理32,300千円新宿歩行者専用道第2号線照明設備改修工事の年度内完了が困難であるため",supported,9d7b31769cd641a58a90813cf7de4aab95db225ffbb11140ef4d918f8b07ba54
shinjuku-2026-r1-gian-40,normal,content,R81B40-N-08,"繰越明許費の追加は合計67,772千円（角筈地域センター31,561千円、新宿スポーツセンター設備整備3,911千円、地下歩行者道の維持管理32,300千円）で、いずれも年度内完了が困難であるため",https://www.city.shinjuku.lg.jp/content/000450968.pdf,6f24c163553ee75dda2dfbfb35cf15aeb8a57fdc20e8eb8eebc9c916db34c497,繰越明許費（概要PDF）,"【繰越明許費】67,772千円…地域振興費35,472千円…角筈地域センター31,561千円角筈区民ホールトイレ洋式化等改修工事の年度内完了が困難であるため…新宿スポーツセンター3,911千円新宿スポーツセンタープール昇温設備改修…工事の年度内完了が困難であるため…土木費32,300千円…地下歩行者道の維持管理32,300千円新宿歩行者専用道第2号線照明設備改修工事の年度内完了が困難であるため",supported,6045630f87d3188b1abe70879613bd5b8c4274db2da2eb2d109c0612cd63922e
shinjuku-2026-r1-gian-40,hard,content,R81B40-H-08,"第2表 繰越明許費補正: 款・項・事業ごとの補正前と補正後の金額、合計は2,815,270千円から2,883,042千円",https://www.city.shinjuku.lg.jp/content/000451612.pdf,ed41abb21cafd251055ed13e249d3aab5c2e9d87f3fb4096acbd6772a2163b68,第2表 繰越明許費補正,"地域振興費98,551134,023…地域振興施設費70,593106,065…角筈地域センター031,561…新宿スポーツセンター03,911…土木費140,952173,252…地下歩行者道の維持管理032,300…合計2,815,2702,883,042",supported,25cbd310a90d12f22026b26d2bf6ad9be4c96dbe7c1c02025926ca3279dd1081
shinjuku-2026-r1-gian-40,easy,content,R81B40-E-09,"新宿区土地開発公社取得用地買収の債務負担行為の限度額を547,510千円から1,262,415千円に変更（公園予定地の買収経費を追加するため）",https://www.city.shinjuku.lg.jp/content/000450968.pdf,6f24c163553ee75dda2dfbfb35cf15aeb8a57fdc20e8eb8eebc9c916db34c497,債務負担行為（概要PDF）,"新宿区土地開発公社取得用地買収…補正前：547,510千円補正後：1,262,415千円…公園予定地の買収経費を追加するため",supported,9d7b31769cd641a58a90813cf7de4aab95db225ffbb11140ef4d918f8b07ba54
shinjuku-2026-r1-gian-40,normal,content,R81B40-N-09,"新宿区土地開発公社取得用地買収の債務負担行為の限度額を547,510千円から1,262,415千円に変更（公園予定地の買収経費を追加するため）",https://www.city.shinjuku.lg.jp/content/000450968.pdf,6f24c163553ee75dda2dfbfb35cf15aeb8a57fdc20e8eb8eebc9c916db34c497,債務負担行為（概要PDF）,"新宿区土地開発公社取得用地買収…補正前：547,510千円補正後：1,262,415千円…公園予定地の買収経費を追加するため",supported,6045630f87d3188b1abe70879613bd5b8c4274db2da2eb2d109c0612cd63922e
shinjuku-2026-r1-gian-40,hard,content,R81B40-H-09,"第3表: 新宿区土地開発公社取得用地買収の期間（令和8年度〜令和14年度）と限度額547,510千円→1,262,415千円",https://www.city.shinjuku.lg.jp/content/000451612.pdf,ed41abb21cafd251055ed13e249d3aab5c2e9d87f3fb4096acbd6772a2163b68,第3表 債務負担行為（工事請負契約等）補正,"新宿区土地開発公社取得用地~547,510~1,262,415…令和8年度令和8年度…令和14年度令和14年度",supported,25cbd310a90d12f22026b26d2bf6ad9be4c96dbe7c1c02025926ca3279dd1081
shinjuku-2026-r1-gian-40,easy,content,R81B40-E-10,第40号議案の議決結果は原案可決,https://www.city.shinjuku.lg.jp/kusei/soumu01_002090_00015.html,7c2b6f68db1b433b860b35d176b4dd9211e78582ec9de718fcfefe68b22d896a,審議状況（議決結果ページ）,第40号議案令和7年度新宿区一般会計補正予算（第14号）原案可決,supported,9d7b31769cd641a58a90813cf7de4aab95db225ffbb11140ef4d918f8b07ba54
shinjuku-2026-r1-gian-40,normal,content,R81B40-N-10,第40号議案の議決結果は原案可決,https://www.city.shinjuku.lg.jp/kusei/soumu01_002090_00015.html,7c2b6f68db1b433b860b35d176b4dd9211e78582ec9de718fcfefe68b22d896a,審議状況（議決結果ページ）,第40号議案令和7年度新宿区一般会計補正予算（第14号）原案可決,supported,6045630f87d3188b1abe70879613bd5b8c4274db2da2eb2d109c0612cd63922e
shinjuku-2026-r1-gian-40,hard,content,R81B40-H-10,第40号議案の議決結果は原案可決,https://www.city.shinjuku.lg.jp/kusei/soumu01_002090_00015.html,7c2b6f68db1b433b860b35d176b4dd9211e78582ec9de718fcfefe68b22d896a,審議状況（議決結果ページ）,第40号議案令和7年度新宿区一般会計補正予算（第14号）原案可決,supported,25cbd310a90d12f22026b26d2bf6ad9be4c96dbe7c1c02025926ca3279dd1081
shinjuku-2026-r1-gian-40,easy,content,R81B40-E-11,採決は2026年3月24日の本会議（第4日）,https://ssp.kaigiroku.net/tenant/shinjuku/MinuteView.html?council_id=3163&schedule_id=5&minute_id=1,bd058d36962b45d8d965e4625bb95ecd661a102a026175213f37ba9eb575424a,審議状況（本会議 3月24日 会議録の冒頭）,令和８年第１回定例会会議録（第４日）第４号…令和８年３月２４日（火曜日）,supported,9d7b31769cd641a58a90813cf7de4aab95db225ffbb11140ef4d918f8b07ba54
shinjuku-2026-r1-gian-40,normal,content,R81B40-N-11,採決は2026年3月24日の本会議（第4日）,https://ssp.kaigiroku.net/tenant/shinjuku/MinuteView.html?council_id=3163&schedule_id=5&minute_id=1,bd058d36962b45d8d965e4625bb95ecd661a102a026175213f37ba9eb575424a,審議状況（本会議 3月24日 会議録の冒頭）,令和８年第１回定例会会議録（第４日）第４号…令和８年３月２４日（火曜日）,supported,6045630f87d3188b1abe70879613bd5b8c4274db2da2eb2d109c0612cd63922e
shinjuku-2026-r1-gian-40,hard,content,R81B40-H-11,採決は2026年3月24日の本会議（第4日）,https://ssp.kaigiroku.net/tenant/shinjuku/MinuteView.html?council_id=3163&schedule_id=5&minute_id=1,bd058d36962b45d8d965e4625bb95ecd661a102a026175213f37ba9eb575424a,審議状況（本会議 3月24日 会議録の冒頭）,令和８年第１回定例会会議録（第４日）第４号…令和８年３月２４日（火曜日）,supported,25cbd310a90d12f22026b26d2bf6ad9be4c96dbe7c1c02025926ca3279dd1081
shinjuku-2026-r1-gian-40,easy,content,R81B40-E-12,第40号議案は総務区民委員会に付託,https://ssp.kaigiroku.net/tenant/shinjuku/MinuteView.html?council_id=3163&schedule_id=5&minute_id=132,78e71448818fbf800aeba7a8143d8c45fe9e91de9474ee9acbc62a79d1fbaacb,審議状況（本会議 3月24日 議長）,第40号議案は、議案付託表のとおり、総務区民委員会に付託します,supported,9d7b31769cd641a58a90813cf7de4aab95db225ffbb11140ef4d918f8b07ba54
shinjuku-2026-r1-gian-40,normal,content,R81B40-N-12,第40号議案は総務区民委員会に付託,https://ssp.kaigiroku.net/tenant/shinjuku/MinuteView.html?council_id=3163&schedule_id=5&minute_id=132,78e71448818fbf800aeba7a8143d8c45fe9e91de9474ee9acbc62a79d1fbaacb,審議状況（本会議 3月24日 議長）,第40号議案は、議案付託表のとおり、総務区民委員会に付託します,supported,6045630f87d3188b1abe70879613bd5b8c4274db2da2eb2d109c0612cd63922e
shinjuku-2026-r1-gian-40,hard,content,R81B40-H-12,第40号議案は総務区民委員会に付託,https://ssp.kaigiroku.net/tenant/shinjuku/MinuteView.html?council_id=3163&schedule_id=5&minute_id=132,78e71448818fbf800aeba7a8143d8c45fe9e91de9474ee9acbc62a79d1fbaacb,審議状況（本会議 3月24日 議長）,第40号議案は、議案付託表のとおり、総務区民委員会に付託します,supported,25cbd310a90d12f22026b26d2bf6ad9be4c96dbe7c1c02025926ca3279dd1081
shinjuku-2026-r1-gian-40,easy,content,R81B40-E-13,総務区民委員会の審査報告書は可決,https://ssp.kaigiroku.net/tenant/shinjuku/MinuteView.html?council_id=3163&schedule_id=5&minute_id=163,5bdad500f613ae6d6bc5c1d186e7ba437354d9bfbda2c81a6cf72015d9180d0c,審議状況（本会議 3月24日 議長）,総務区民委員会審査報告書は、可決です,supported,9d7b31769cd641a58a90813cf7de4aab95db225ffbb11140ef4d918f8b07ba54
shinjuku-2026-r1-gian-40,normal,content,R81B40-N-13,総務区民委員会の審査報告書は可決,https://ssp.kaigiroku.net/tenant/shinjuku/MinuteView.html?council_id=3163&schedule_id=5&minute_id=163,5bdad500f613ae6d6bc5c1d186e7ba437354d9bfbda2c81a6cf72015d9180d0c,審議状況（本会議 3月24日 議長）,総務区民委員会審査報告書は、可決です,supported,6045630f87d3188b1abe70879613bd5b8c4274db2da2eb2d109c0612cd63922e
shinjuku-2026-r1-gian-40,hard,content,R81B40-H-13,総務区民委員会の審査報告書は可決,https://ssp.kaigiroku.net/tenant/shinjuku/MinuteView.html?council_id=3163&schedule_id=5&minute_id=163,5bdad500f613ae6d6bc5c1d186e7ba437354d9bfbda2c81a6cf72015d9180d0c,審議状況（本会議 3月24日 議長）,総務区民委員会審査報告書は、可決です,supported,25cbd310a90d12f22026b26d2bf6ad9be4c96dbe7c1c02025926ca3279dd1081
shinjuku-2026-r1-gian-40,easy,content,R81B40-E-14,議長が異議の有無を諮った,https://ssp.kaigiroku.net/tenant/shinjuku/MinuteView.html?council_id=3163&schedule_id=5&minute_id=163,5bdad500f613ae6d6bc5c1d186e7ba437354d9bfbda2c81a6cf72015d9180d0c,審議状況（本会議 3月24日 議長）,本案を委員会審査報告のとおり決定することに御異議ありませんか,supported,9d7b31769cd641a58a90813cf7de4aab95db225ffbb11140ef4d918f8b07ba54
shinjuku-2026-r1-gian-40,normal,content,R81B40-N-14,議長が異議の有無を諮った,https://ssp.kaigiroku.net/tenant/shinjuku/MinuteView.html?council_id=3163&schedule_id=5&minute_id=163,5bdad500f613ae6d6bc5c1d186e7ba437354d9bfbda2c81a6cf72015d9180d0c,審議状況（本会議 3月24日 議長）,本案を委員会審査報告のとおり決定することに御異議ありませんか,supported,6045630f87d3188b1abe70879613bd5b8c4274db2da2eb2d109c0612cd63922e
shinjuku-2026-r1-gian-40,hard,content,R81B40-H-14,議長が異議の有無を諮った,https://ssp.kaigiroku.net/tenant/shinjuku/MinuteView.html?council_id=3163&schedule_id=5&minute_id=163,5bdad500f613ae6d6bc5c1d186e7ba437354d9bfbda2c81a6cf72015d9180d0c,審議状況（本会議 3月24日 議長）,本案を委員会審査報告のとおり決定することに御異議ありませんか,supported,25cbd310a90d12f22026b26d2bf6ad9be4c96dbe7c1c02025926ca3279dd1081
shinjuku-2026-r1-gian-40,easy,content,R81B40-E-15,異議なしと認め、委員会審査報告のとおり可決,https://ssp.kaigiroku.net/tenant/shinjuku/MinuteView.html?council_id=3163&schedule_id=5&minute_id=164,469517cb54ed833bfde88001efb60a72952500b0f78ebbde21767ee8e0561b75,審議状況（本会議 3月24日 議長）,異議なしと認めます…本案は、委員会審査報告のとおり可決されました,supported,9d7b31769cd641a58a90813cf7de4aab95db225ffbb11140ef4d918f8b07ba54
shinjuku-2026-r1-gian-40,normal,content,R81B40-N-15,異議なしと認め、委員会審査報告のとおり可決,https://ssp.kaigiroku.net/tenant/shinjuku/MinuteView.html?council_id=3163&schedule_id=5&minute_id=164,469517cb54ed833bfde88001efb60a72952500b0f78ebbde21767ee8e0561b75,審議状況（本会議 3月24日 議長）,異議なしと認めます…本案は、委員会審査報告のとおり可決されました,supported,6045630f87d3188b1abe70879613bd5b8c4274db2da2eb2d109c0612cd63922e
shinjuku-2026-r1-gian-40,hard,content,R81B40-H-15,異議なしと認め、委員会審査報告のとおり可決,https://ssp.kaigiroku.net/tenant/shinjuku/MinuteView.html?council_id=3163&schedule_id=5&minute_id=164,469517cb54ed833bfde88001efb60a72952500b0f78ebbde21767ee8e0561b75,審議状況（本会議 3月24日 議長）,異議なしと認めます…本案は、委員会審査報告のとおり可決されました,supported,25cbd310a90d12f22026b26d2bf6ad9be4c96dbe7c1c02025926ca3279dd1081
shinjuku-2026-r1-gian-40,easy,content,R81B40-E-16,会期は2026年2月17日から3月24日まで,https://www.city.shinjuku.lg.jp/kusei/file08_05_0003820210204_00013.html,869549fe3ba94ac28c6e8fd003d4ad71484501a78203fc7a885109aae4ab487c,審議状況（会期と日程）,令和8年2月17日（火曜日）から3月24日（火曜日）まで,supported,9d7b31769cd641a58a90813cf7de4aab95db225ffbb11140ef4d918f8b07ba54
shinjuku-2026-r1-gian-40,normal,content,R81B40-N-16,会期は2026年2月17日から3月24日まで,https://www.city.shinjuku.lg.jp/kusei/file08_05_0003820210204_00013.html,869549fe3ba94ac28c6e8fd003d4ad71484501a78203fc7a885109aae4ab487c,審議状況（会期と日程）,令和8年2月17日（火曜日）から3月24日（火曜日）まで,supported,6045630f87d3188b1abe70879613bd5b8c4274db2da2eb2d109c0612cd63922e
shinjuku-2026-r1-gian-40,hard,content,R81B40-H-16,会期は2026年2月17日から3月24日まで,https://www.city.shinjuku.lg.jp/kusei/file08_05_0003820210204_00013.html,869549fe3ba94ac28c6e8fd003d4ad71484501a78203fc7a885109aae4ab487c,審議状況（会期と日程）,令和8年2月17日（火曜日）から3月24日（火曜日）まで,supported,25cbd310a90d12f22026b26d2bf6ad9be4c96dbe7c1c02025926ca3279dd1081
shinjuku-2026-r1-gian-40,easy,content,R81B40-E-17,会派別の賛否: 8会派すべて賛成,https://www.city.shinjuku.lg.jp/content/000452334.pdf,22ba4f49b18c96bd1fa26241606257c05477f38e25ac46d6f8e4f416a2cedbf2,審議状況（議案の概要と審議結果の採決結果行）,補正の理由：新宿スポーツセンターのプール利用休止による利用料金収入減等に伴う指定管理料の増額等を計上○○○○○○○○可決,supported,9d7b31769cd641a58a90813cf7de4aab95db225ffbb11140ef4d918f8b07ba54
shinjuku-2026-r1-gian-40,normal,content,R81B40-N-17,会派別の賛否: 8会派すべて賛成,https://www.city.shinjuku.lg.jp/content/000452334.pdf,22ba4f49b18c96bd1fa26241606257c05477f38e25ac46d6f8e4f416a2cedbf2,審議状況（議案の概要と審議結果の採決結果行）,補正の理由：新宿スポーツセンターのプール利用休止による利用料金収入減等に伴う指定管理料の増額等を計上○○○○○○○○可決,supported,6045630f87d3188b1abe70879613bd5b8c4274db2da2eb2d109c0612cd63922e
shinjuku-2026-r1-gian-40,hard,content,R81B40-H-17,会派別の賛否: 8会派すべて賛成,https://www.city.shinjuku.lg.jp/content/000452334.pdf,22ba4f49b18c96bd1fa26241606257c05477f38e25ac46d6f8e4f416a2cedbf2,審議状況（議案の概要と審議結果の採決結果行）,補正の理由：新宿スポーツセンターのプール利用休止による利用料金収入減等に伴う指定管理料の増額等を計上○○○○○○○○可決,supported,25cbd310a90d12f22026b26d2bf6ad9be4c96dbe7c1c02025926ca3279dd1081
shinjuku-2026-r1-gian-40,hard,content,R81B40-H-18,会派略称と賛否の列の並び,https://www.city.shinjuku.lg.jp/content/000452334.pdf,22ba4f49b18c96bd1fa26241606257c05477f38e25ac46d6f8e4f416a2cedbf2,審議状況（会派略称・列の並び）,共産＝日本共産党新宿区議会議員団…れいわ＝れいわ新選組 新宿…自参ク＝自民・参政クラブ…公明＝新宿区議会公明党…新宿会＝新宿未来の会…民無ク＝立憲民主党・無所属クラブ…維新＝日本維新の会・新宿区議団…現役＝現役世代に優しい新宿・減税の会…自参ク 公明 共産 新宿会 民無ク 維新 現役 れいわ,supported,25cbd310a90d12f22026b26d2bf6ad9be4c96dbe7c1c02025926ca3279dd1081
