item_key,difficulty,content_field,claim_id,final_claim,source_url,source_sha256,page_or_section,evidence_excerpt,verdict,reviewed_content_sha256
shinjuku-2026-r1-giin-1,easy,title,R1I01-ET-01,見出し: 介護・福祉の職員に奨励金を出す条例の案,https://www.city.shinjuku.lg.jp/kusei/file08_05_0003820210204_00013.html,869549fe3ba94ac28c6e8fd003d4ad71484501a78203fc7a885109aae4ab487c,件名（会期ページ）,議員提出議案第1号　新宿区介護・福祉人材緊急確保・定着奨励金の支給に関する条例,supported,49ca651dea53d1d7aa20b663186a0a5257ec110f41aeb8c413bf54e44f2db811
shinjuku-2026-r1-giin-1,normal,title,R1I01-NT-01,見出し: 介護・福祉人材への奨励金支給条例案（議員提出議案第1号）,https://www.city.shinjuku.lg.jp/kusei/file08_05_0003820210204_00013.html,869549fe3ba94ac28c6e8fd003d4ad71484501a78203fc7a885109aae4ab487c,件名（会期ページ）,議員提出議案第1号　新宿区介護・福祉人材緊急確保・定着奨励金の支給に関する条例,supported,f9b8574bcb6b78431eb80eed61ec5771508d7fa80eea233cac29f18541eade27
shinjuku-2026-r1-giin-1,hard,title,R1I01-HT-01,見出し: 議員提出議案第1号 新宿区介護・福祉人材緊急確保・定着奨励金の支給に関する条例,https://www.city.shinjuku.lg.jp/kusei/file08_05_0003820210204_00013.html,869549fe3ba94ac28c6e8fd003d4ad71484501a78203fc7a885109aae4ab487c,件名（会期ページ）,議員提出議案第1号　新宿区介護・福祉人材緊急確保・定着奨励金の支給に関する条例,supported,6070cfc43e1bb4b87750edc0f6d00c466196c2426c2a39403d4989a9db5f9456
shinjuku-2026-r1-giin-1,easy,summary,R1I01-ES-01,要約: 介護や福祉の職員に奨励金を出す内容,https://www.city.shinjuku.lg.jp/content/000452334.pdf,22ba4f49b18c96bd1fa26241606257c05477f38e25ac46d6f8e4f416a2cedbf2,概要,区内の介護事業所及び障害福祉サービス事業所等で勤務し、利用者への直接支援を行う介護職員等及び福祉職員に対し奨励金を支給する,supported,49ca651dea53d1d7aa20b663186a0a5257ec110f41aeb8c413bf54e44f2db811
shinjuku-2026-r1-giin-1,normal,summary,R1I01-NS-01,要約: 区内の介護事業所・障害福祉サービス事業所等で利用者を直接支援する職員に奨励金を支給する条例案,https://www.city.shinjuku.lg.jp/content/000452334.pdf,22ba4f49b18c96bd1fa26241606257c05477f38e25ac46d6f8e4f416a2cedbf2,概要,区内の介護事業所及び障害福祉サービス事業所等で勤務し、利用者への直接支援を行う介護職員等及び福祉職員に対し奨励金を支給する,supported,f9b8574bcb6b78431eb80eed61ec5771508d7fa80eea233cac29f18541eade27
shinjuku-2026-r1-giin-1,hard,summary,R1I01-HS-01,要約: 区内の介護事業所・障害福祉サービス事業所等で利用者への直接支援を行う介護職員等・福祉職員に奨励金を支給する条例案,https://www.city.shinjuku.lg.jp/content/000452334.pdf,22ba4f49b18c96bd1fa26241606257c05477f38e25ac46d6f8e4f416a2cedbf2,概要,区内の介護事業所及び障害福祉サービス事業所等で勤務し、利用者への直接支援を行う介護職員等及び福祉職員に対し奨励金を支給する,supported,6070cfc43e1bb4b87750edc0f6d00c466196c2426c2a39403d4989a9db5f9456
shinjuku-2026-r1-giin-1,normal,summary,R1I01-NS-02,要約: 福祉健康委員会の審査報告は否決で、杉山直子議員が少数意見を報告した,https://ssp.kaigiroku.net/tenant/shinjuku/MinuteView.html?council_id=3163&schedule_id=5&minute_id=99,3bbfc377e38fa5e40da6d7f6cc01073e261aa3566b39c41d4a686e18470a50a7,審議状況（本会議 3月24日 議長）,福祉健康委員会審査報告書は、否決です…少数意見を口頭で報告するとの申出があります…７番杉山直子議員,supported,f9b8574bcb6b78431eb80eed61ec5771508d7fa80eea233cac29f18541eade27
shinjuku-2026-r1-giin-1,hard,summary,R1I01-HS-02,要約: 福祉健康委員会の審査報告書は否決。本会議で杉山直子議員が少数意見を報告,https://ssp.kaigiroku.net/tenant/shinjuku/MinuteView.html?council_id=3163&schedule_id=5&minute_id=99,3bbfc377e38fa5e40da6d7f6cc01073e261aa3566b39c41d4a686e18470a50a7,審議状況（本会議 3月24日 議長）,福祉健康委員会審査報告書は、否決です…少数意見を口頭で報告するとの申出があります…７番杉山直子議員,supported,6070cfc43e1bb4b87750edc0f6d00c466196c2426c2a39403d4989a9db5f9456
shinjuku-2026-r1-giin-1,easy,summary,R1I01-ES-02,要約: 本会議で否決された,https://ssp.kaigiroku.net/tenant/shinjuku/MinuteView.html?council_id=3163&schedule_id=5&minute_id=102,6c5cee7b0e568b912cd6a1aeab4049ba4dc242dc5ae44d0c882c2e084466099f,審議状況（本会議 3月24日 議長）,起立少数と認めます。本案は、否決されました,supported,49ca651dea53d1d7aa20b663186a0a5257ec110f41aeb8c413bf54e44f2db811
shinjuku-2026-r1-giin-1,normal,summary,R1I01-NS-03,要約: 起立少数により否決された,https://ssp.kaigiroku.net/tenant/shinjuku/MinuteView.html?council_id=3163&schedule_id=5&minute_id=102,6c5cee7b0e568b912cd6a1aeab4049ba4dc242dc5ae44d0c882c2e084466099f,審議状況（本会議 3月24日 議長）,起立少数と認めます。本案は、否決されました,supported,f9b8574bcb6b78431eb80eed61ec5771508d7fa80eea233cac29f18541eade27
shinjuku-2026-r1-giin-1,hard,summary,R1I01-HS-03,要約: 起立少数で否決,https://ssp.kaigiroku.net/tenant/shinjuku/MinuteView.html?council_id=3163&schedule_id=5&minute_id=102,6c5cee7b0e568b912cd6a1aeab4049ba4dc242dc5ae44d0c882c2e084466099f,審議状況（本会議 3月24日 議長）,起立少数と認めます。本案は、否決されました,supported,6070cfc43e1bb4b87750edc0f6d00c466196c2426c2a39403d4989a9db5f9456
shinjuku-2026-r1-giin-1,easy,summary,R1I01-ES-03,要約: 2026年（令和8年）3月24日の本会議,https://ssp.kaigiroku.net/tenant/shinjuku/MinuteView.html?council_id=3163&schedule_id=5&minute_id=1,bd058d36962b45d8d965e4625bb95ecd661a102a026175213f37ba9eb575424a,審議状況（本会議 3月24日 会議録の冒頭）,令和８年第１回定例会会議録（第４日）第４号…令和８年３月２４日（火曜日）,supported,49ca651dea53d1d7aa20b663186a0a5257ec110f41aeb8c413bf54e44f2db811
shinjuku-2026-r1-giin-1,normal,summary,R1I01-NS-04,要約: 令和8年3月24日の本会議,https://ssp.kaigiroku.net/tenant/shinjuku/MinuteView.html?council_id=3163&schedule_id=5&minute_id=1,bd058d36962b45d8d965e4625bb95ecd661a102a026175213f37ba9eb575424a,審議状況（本会議 3月24日 会議録の冒頭）,令和８年第１回定例会会議録（第４日）第４号…令和８年３月２４日（火曜日）,supported,f9b8574bcb6b78431eb80eed61ec5771508d7fa80eea233cac29f18541eade27
shinjuku-2026-r1-giin-1,hard,summary,R1I01-HS-04,要約: 本会議は令和8年3月24日,https://ssp.kaigiroku.net/tenant/shinjuku/MinuteView.html?council_id=3163&schedule_id=5&minute_id=1,bd058d36962b45d8d965e4625bb95ecd661a102a026175213f37ba9eb575424a,審議状況（本会議 3月24日 会議録の冒頭）,令和８年第１回定例会会議録（第４日）第４号…令和８年３月２４日（火曜日）,supported,6070cfc43e1bb4b87750edc0f6d00c466196c2426c2a39403d4989a9db5f9456
shinjuku-2026-r1-giin-1,hard,summary,R1I01-HS-05,要約: 共産・れいわが賛成、他6会派が反対,https://www.city.shinjuku.lg.jp/content/000452334.pdf,22ba4f49b18c96bd1fa26241606257c05477f38e25ac46d6f8e4f416a2cedbf2,審議状況（議員提出議案の採決結果行）,利用者への直接支援を行う介護職員等及び福祉職員に対し奨励金を支給する。×　×　○　×　×　×　×　○否決,supported,6070cfc43e1bb4b87750edc0f6d00c466196c2426c2a39403d4989a9db5f9456
shinjuku-2026-r1-giin-1,easy,content,R1I01-E-01,議員提出議案の第1号,https://ssp.kaigiroku.net/tenant/shinjuku/MinuteView.html?council_id=3163&schedule_id=5&minute_id=98,37834160067cbdaa2b4d01ab0d8b36d458fa9edbd4859310c6d336802588d34c,審議状況（本会議 3月24日 議題）,議員提出議案第１号　新宿区介護・福祉人材緊急確保・定着奨励金の支給に関する条例,supported,49ca651dea53d1d7aa20b663186a0a5257ec110f41aeb8c413bf54e44f2db811
shinjuku-2026-r1-giin-1,normal,content,R1I01-N-01,議員提出議案第1号,https://ssp.kaigiroku.net/tenant/shinjuku/MinuteView.html?council_id=3163&schedule_id=5&minute_id=98,37834160067cbdaa2b4d01ab0d8b36d458fa9edbd4859310c6d336802588d34c,審議状況（本会議 3月24日 議題）,議員提出議案第１号　新宿区介護・福祉人材緊急確保・定着奨励金の支給に関する条例,supported,f9b8574bcb6b78431eb80eed61ec5771508d7fa80eea233cac29f18541eade27
shinjuku-2026-r1-giin-1,hard,content,R1I01-H-01,種別は議員提出議案,https://ssp.kaigiroku.net/tenant/shinjuku/MinuteView.html?council_id=3163&schedule_id=5&minute_id=98,37834160067cbdaa2b4d01ab0d8b36d458fa9edbd4859310c6d336802588d34c,審議状況（本会議 3月24日 議題）,議員提出議案第１号　新宿区介護・福祉人材緊急確保・定着奨励金の支給に関する条例,supported,6070cfc43e1bb4b87750edc0f6d00c466196c2426c2a39403d4989a9db5f9456
shinjuku-2026-r1-giin-1,normal,content,R1I01-N-02,件名は新宿区介護・福祉人材緊急確保・定着奨励金の支給に関する条例,https://www.city.shinjuku.lg.jp/kusei/file08_05_0003820210204_00013.html,869549fe3ba94ac28c6e8fd003d4ad71484501a78203fc7a885109aae4ab487c,件名（会期ページ）,議員提出議案第1号　新宿区介護・福祉人材緊急確保・定着奨励金の支給に関する条例,supported,f9b8574bcb6b78431eb80eed61ec5771508d7fa80eea233cac29f18541eade27
shinjuku-2026-r1-giin-1,hard,content,R1I01-H-02,件名は新宿区介護・福祉人材緊急確保・定着奨励金の支給に関する条例,https://www.city.shinjuku.lg.jp/kusei/file08_05_0003820210204_00013.html,869549fe3ba94ac28c6e8fd003d4ad71484501a78203fc7a885109aae4ab487c,件名（会期ページ）,議員提出議案第1号　新宿区介護・福祉人材緊急確保・定着奨励金の支給に関する条例,supported,6070cfc43e1bb4b87750edc0f6d00c466196c2426c2a39403d4989a9db5f9456
shinjuku-2026-r1-giin-1,easy,content,R1I01-E-02,対象は区内の介護や福祉の事業所で働き、利用者を直接助ける職員,https://www.city.shinjuku.lg.jp/content/000452334.pdf,22ba4f49b18c96bd1fa26241606257c05477f38e25ac46d6f8e4f416a2cedbf2,概要,区内の介護事業所及び障害福祉サービス事業所等で勤務し、利用者への直接支援を行う介護職員等及び福祉職員に対し奨励金を支給する,supported,49ca651dea53d1d7aa20b663186a0a5257ec110f41aeb8c413bf54e44f2db811
shinjuku-2026-r1-giin-1,normal,content,R1I01-N-03,概要: 区内の介護事業所及び障害福祉サービス事業所等で利用者への直接支援を行う介護職員等及び福祉職員に奨励金を支給する,https://www.city.shinjuku.lg.jp/content/000452334.pdf,22ba4f49b18c96bd1fa26241606257c05477f38e25ac46d6f8e4f416a2cedbf2,概要,区内の介護事業所及び障害福祉サービス事業所等で勤務し、利用者への直接支援を行う介護職員等及び福祉職員に対し奨励金を支給する,supported,f9b8574bcb6b78431eb80eed61ec5771508d7fa80eea233cac29f18541eade27
shinjuku-2026-r1-giin-1,hard,content,R1I01-H-03,概要: 区内の介護事業所及び障害福祉サービス事業所等で利用者への直接支援を行う介護職員等及び福祉職員に奨励金を支給する,https://www.city.shinjuku.lg.jp/content/000452334.pdf,22ba4f49b18c96bd1fa26241606257c05477f38e25ac46d6f8e4f416a2cedbf2,概要,区内の介護事業所及び障害福祉サービス事業所等で勤務し、利用者への直接支援を行う介護職員等及び福祉職員に対し奨励金を支給する,supported,6070cfc43e1bb4b87750edc0f6d00c466196c2426c2a39403d4989a9db5f9456
shinjuku-2026-r1-giin-1,easy,content,R1I01-E-03,目的は介護や福祉のサービスをよくすることと人材に長く働いてもらうこと,https://www.city.shinjuku.lg.jp/content/000452334.pdf,22ba4f49b18c96bd1fa26241606257c05477f38e25ac46d6f8e4f416a2cedbf2,概要,介護・福祉サービスの質の向上及び人材を定着させるため,supported,49ca651dea53d1d7aa20b663186a0a5257ec110f41aeb8c413bf54e44f2db811
shinjuku-2026-r1-giin-1,easy,content,R1I01-E-04,福祉健康委員会の審査報告書は否決,https://ssp.kaigiroku.net/tenant/shinjuku/MinuteView.html?council_id=3163&schedule_id=5&minute_id=99,3bbfc377e38fa5e40da6d7f6cc01073e261aa3566b39c41d4a686e18470a50a7,審議状況（本会議 3月24日 議長）,福祉健康委員会審査報告書は、否決です…少数意見を口頭で報告するとの申出があります…７番杉山直子議員,supported,49ca651dea53d1d7aa20b663186a0a5257ec110f41aeb8c413bf54e44f2db811
shinjuku-2026-r1-giin-1,normal,content,R1I01-N-04,福祉健康委員会の審査報告書は否決。少数意見を口頭で報告する申出があった,https://ssp.kaigiroku.net/tenant/shinjuku/MinuteView.html?council_id=3163&schedule_id=5&minute_id=99,3bbfc377e38fa5e40da6d7f6cc01073e261aa3566b39c41d4a686e18470a50a7,審議状況（本会議 3月24日 議長）,福祉健康委員会審査報告書は、否決です…少数意見を口頭で報告するとの申出があります…７番杉山直子議員,supported,f9b8574bcb6b78431eb80eed61ec5771508d7fa80eea233cac29f18541eade27
shinjuku-2026-r1-giin-1,hard,content,R1I01-H-04,議長が福祉健康委員会審査報告書は否決で、少数意見を口頭で報告する申出があると述べ、杉山直子議員の登壇を許した,https://ssp.kaigiroku.net/tenant/shinjuku/MinuteView.html?council_id=3163&schedule_id=5&minute_id=99,3bbfc377e38fa5e40da6d7f6cc01073e261aa3566b39c41d4a686e18470a50a7,審議状況（本会議 3月24日 議長）,福祉健康委員会審査報告書は、否決です…少数意見を口頭で報告するとの申出があります…７番杉山直子議員,supported,6070cfc43e1bb4b87750edc0f6d00c466196c2426c2a39403d4989a9db5f9456
shinjuku-2026-r1-giin-1,easy,content,R1I01-E-05,佐藤佳一副委員長と杉山直子議員が賛成して少数意見を残し、杉山議員が本会議で報告した,https://ssp.kaigiroku.net/tenant/shinjuku/MinuteView.html?council_id=3163&schedule_id=5&minute_id=100,8342f801aaf47f2df9323ac96331a1c093206ecd5c5971796d90b0d95e18d013,杉山直子議員の報告,佐藤佳一副委員長と私、杉山直子は賛成し、少数意見を留保しましたので報告いたします,supported,49ca651dea53d1d7aa20b663186a0a5257ec110f41aeb8c413bf54e44f2db811
shinjuku-2026-r1-giin-1,normal,content,R1I01-N-05,佐藤佳一副委員長と杉山直子議員は賛成して少数意見を留保し、杉山議員が本会議で口頭で報告した,https://ssp.kaigiroku.net/tenant/shinjuku/MinuteView.html?council_id=3163&schedule_id=5&minute_id=100,8342f801aaf47f2df9323ac96331a1c093206ecd5c5971796d90b0d95e18d013,杉山直子議員の報告,佐藤佳一副委員長と私、杉山直子は賛成し、少数意見を留保しましたので報告いたします,supported,f9b8574bcb6b78431eb80eed61ec5771508d7fa80eea233cac29f18541eade27
shinjuku-2026-r1-giin-1,hard,content,R1I01-H-05,委員会で賛成したのは佐藤佳一副委員長と杉山議員で、2人は少数意見を留保した,https://ssp.kaigiroku.net/tenant/shinjuku/MinuteView.html?council_id=3163&schedule_id=5&minute_id=100,8342f801aaf47f2df9323ac96331a1c093206ecd5c5971796d90b0d95e18d013,杉山直子議員の報告,佐藤佳一副委員長と私、杉山直子は賛成し、少数意見を留保しましたので報告いたします,supported,6070cfc43e1bb4b87750edc0f6d00c466196c2426c2a39403d4989a9db5f9456
shinjuku-2026-r1-giin-1,easy,content,R1I01-E-06,報告は2026年（令和8年）3月24日（火）の本会議,https://ssp.kaigiroku.net/tenant/shinjuku/MinuteView.html?council_id=3163&schedule_id=5&minute_id=1,bd058d36962b45d8d965e4625bb95ecd661a102a026175213f37ba9eb575424a,審議状況（本会議 3月24日 会議録の冒頭）,令和８年第１回定例会会議録（第４日）第４号…令和８年３月２４日（火曜日）,supported,49ca651dea53d1d7aa20b663186a0a5257ec110f41aeb8c413bf54e44f2db811
shinjuku-2026-r1-giin-1,normal,content,R1I01-N-06,本会議は令和8年3月24日,https://ssp.kaigiroku.net/tenant/shinjuku/MinuteView.html?council_id=3163&schedule_id=5&minute_id=1,bd058d36962b45d8d965e4625bb95ecd661a102a026175213f37ba9eb575424a,審議状況（本会議 3月24日 会議録の冒頭）,令和８年第１回定例会会議録（第４日）第４号…令和８年３月２４日（火曜日）,supported,f9b8574bcb6b78431eb80eed61ec5771508d7fa80eea233cac29f18541eade27
shinjuku-2026-r1-giin-1,hard,content,R1I01-H-06,会議録は第4日第4号、令和8年3月24日（火曜日）,https://ssp.kaigiroku.net/tenant/shinjuku/MinuteView.html?council_id=3163&schedule_id=5&minute_id=1,bd058d36962b45d8d965e4625bb95ecd661a102a026175213f37ba9eb575424a,審議状況（本会議 3月24日 会議録の冒頭）,令和８年第１回定例会会議録（第４日）第４号…令和８年３月２４日（火曜日）,supported,6070cfc43e1bb4b87750edc0f6d00c466196c2426c2a39403d4989a9db5f9456
shinjuku-2026-r1-giin-1,easy,content,R1I01-E-07,区内で3年以上働く職員に奨励金を出す条例だと話した。働き続ける気持ちを上げるためと話した,https://ssp.kaigiroku.net/tenant/shinjuku/MinuteView.html?council_id=3163&schedule_id=5&minute_id=100,8342f801aaf47f2df9323ac96331a1c093206ecd5c5971796d90b0d95e18d013,杉山直子議員の報告,区内で３年以上勤務する介護・福祉職員に対して、奨励金を支給することにより、働き続けるモチベーションを上げ、人材の定着を図ることを目的とする,supported,49ca651dea53d1d7aa20b663186a0a5257ec110f41aeb8c413bf54e44f2db811
shinjuku-2026-r1-giin-1,normal,content,R1I01-N-07,目的: 区内で3年以上勤務する介護・福祉職員に奨励金を支給し、働き続けるモチベーションを上げ、人材の定着を図る,https://ssp.kaigiroku.net/tenant/shinjuku/MinuteView.html?council_id=3163&schedule_id=5&minute_id=100,8342f801aaf47f2df9323ac96331a1c093206ecd5c5971796d90b0d95e18d013,杉山直子議員の報告,区内で３年以上勤務する介護・福祉職員に対して、奨励金を支給することにより、働き続けるモチベーションを上げ、人材の定着を図ることを目的とする,supported,f9b8574bcb6b78431eb80eed61ec5771508d7fa80eea233cac29f18541eade27
shinjuku-2026-r1-giin-1,hard,content,R1I01-H-07,目的: 区内で3年以上勤務する介護・福祉職員に奨励金を支給し、働き続けるモチベーションを上げ、人材の定着を図る,https://ssp.kaigiroku.net/tenant/shinjuku/MinuteView.html?council_id=3163&schedule_id=5&minute_id=100,8342f801aaf47f2df9323ac96331a1c093206ecd5c5971796d90b0d95e18d013,杉山直子議員の報告,区内で３年以上勤務する介護・福祉職員に対して、奨励金を支給することにより、働き続けるモチベーションを上げ、人材の定着を図ることを目的とする,supported,6070cfc43e1bb4b87750edc0f6d00c466196c2426c2a39403d4989a9db5f9456
shinjuku-2026-r1-giin-1,easy,content,R1I01-E-08,2040年に69万人足りなくなると言われると話した,https://ssp.kaigiroku.net/tenant/shinjuku/MinuteView.html?council_id=3163&schedule_id=5&minute_id=100,8342f801aaf47f2df9323ac96331a1c093206ecd5c5971796d90b0d95e18d013,杉山直子議員の報告,2040年には69万人不足すると言われています,supported,49ca651dea53d1d7aa20b663186a0a5257ec110f41aeb8c413bf54e44f2db811
shinjuku-2026-r1-giin-1,normal,content,R1I01-N-08,2040年には69万人不足すると言われる,https://ssp.kaigiroku.net/tenant/shinjuku/MinuteView.html?council_id=3163&schedule_id=5&minute_id=100,8342f801aaf47f2df9323ac96331a1c093206ecd5c5971796d90b0d95e18d013,杉山直子議員の報告,2040年には69万人不足すると言われています,supported,f9b8574bcb6b78431eb80eed61ec5771508d7fa80eea233cac29f18541eade27
shinjuku-2026-r1-giin-1,hard,content,R1I01-H-08,2040年には69万人不足すると言われる,https://ssp.kaigiroku.net/tenant/shinjuku/MinuteView.html?council_id=3163&schedule_id=5&minute_id=100,8342f801aaf47f2df9323ac96331a1c093206ecd5c5971796d90b0d95e18d013,杉山直子議員の報告,2040年には69万人不足すると言われています,supported,6070cfc43e1bb4b87750edc0f6d00c466196c2426c2a39403d4989a9db5f9456
shinjuku-2026-r1-giin-1,easy,content,R1I01-E-09,人手が足りない理由の1番は給料が低いことだと話した,https://ssp.kaigiroku.net/tenant/shinjuku/MinuteView.html?council_id=3163&schedule_id=5&minute_id=100,8342f801aaf47f2df9323ac96331a1c093206ecd5c5971796d90b0d95e18d013,杉山直子議員の報告,人材不足の理由の筆頭は低賃金であることです…社会的評価が低いことや、精神的・肉体的な負担が大きいこと,supported,49ca651dea53d1d7aa20b663186a0a5257ec110f41aeb8c413bf54e44f2db811
shinjuku-2026-r1-giin-1,normal,content,R1I01-N-09,人材不足の理由の筆頭は低賃金,https://ssp.kaigiroku.net/tenant/shinjuku/MinuteView.html?council_id=3163&schedule_id=5&minute_id=100,8342f801aaf47f2df9323ac96331a1c093206ecd5c5971796d90b0d95e18d013,杉山直子議員の報告,人材不足の理由の筆頭は低賃金であることです…社会的評価が低いことや、精神的・肉体的な負担が大きいこと,supported,f9b8574bcb6b78431eb80eed61ec5771508d7fa80eea233cac29f18541eade27
shinjuku-2026-r1-giin-1,hard,content,R1I01-H-09,理由の筆頭は低賃金で、社会的評価の低さ、精神的・肉体的な負担の大きさも挙げた,https://ssp.kaigiroku.net/tenant/shinjuku/MinuteView.html?council_id=3163&schedule_id=5&minute_id=100,8342f801aaf47f2df9323ac96331a1c093206ecd5c5971796d90b0d95e18d013,杉山直子議員の報告,人材不足の理由の筆頭は低賃金であることです…社会的評価が低いことや、精神的・肉体的な負担が大きいこと,supported,6070cfc43e1bb4b87750edc0f6d00c466196c2426c2a39403d4989a9db5f9456
shinjuku-2026-r1-giin-1,easy,content,R1I01-E-10,3年より前に辞める人がとても多いと話した。3年をこえた人は続けて働く傾向があると話した,https://ssp.kaigiroku.net/tenant/shinjuku/MinuteView.html?council_id=3163&schedule_id=5&minute_id=100,8342f801aaf47f2df9323ac96331a1c093206ecd5c5971796d90b0d95e18d013,杉山直子議員の報告,せっかく働き始めても３年未満で辞めてしまう人が非常に多い一方で、ここを乗り越えた人は仕事にやりがいや楽しさを見いだして定着する傾向があります,supported,49ca651dea53d1d7aa20b663186a0a5257ec110f41aeb8c413bf54e44f2db811
shinjuku-2026-r1-giin-1,normal,content,R1I01-N-10,3年未満で辞める人が非常に多い一方、乗り越えた人は仕事にやりがいを見いだして定着する傾向がある,https://ssp.kaigiroku.net/tenant/shinjuku/MinuteView.html?council_id=3163&schedule_id=5&minute_id=100,8342f801aaf47f2df9323ac96331a1c093206ecd5c5971796d90b0d95e18d013,杉山直子議員の報告,せっかく働き始めても３年未満で辞めてしまう人が非常に多い一方で、ここを乗り越えた人は仕事にやりがいや楽しさを見いだして定着する傾向があります,supported,f9b8574bcb6b78431eb80eed61ec5771508d7fa80eea233cac29f18541eade27
shinjuku-2026-r1-giin-1,hard,content,R1I01-H-10,3年未満で辞めてしまう人が非常に多い一方、乗り越えた人はやりがいや楽しさを見いだして定着する傾向がある,https://ssp.kaigiroku.net/tenant/shinjuku/MinuteView.html?council_id=3163&schedule_id=5&minute_id=100,8342f801aaf47f2df9323ac96331a1c093206ecd5c5971796d90b0d95e18d013,杉山直子議員の報告,せっかく働き始めても３年未満で辞めてしまう人が非常に多い一方で、ここを乗り越えた人は仕事にやりがいや楽しさを見いだして定着する傾向があります,supported,6070cfc43e1bb4b87750edc0f6d00c466196c2426c2a39403d4989a9db5f9456
shinjuku-2026-r1-giin-1,hard,content,R1I01-H-11,インセンティブの設定は人材定着に有効と考える,https://ssp.kaigiroku.net/tenant/shinjuku/MinuteView.html?council_id=3163&schedule_id=5&minute_id=100,8342f801aaf47f2df9323ac96331a1c093206ecd5c5971796d90b0d95e18d013,杉山直子議員の報告,その３年目の壁を乗り越えるためのインセンティブを設定することは、人材定着のために有効であると考えます,supported,6070cfc43e1bb4b87750edc0f6d00c466196c2426c2a39403d4989a9db5f9456
shinjuku-2026-r1-giin-1,easy,content,R1I01-E-11,江戸川区の取り組みを参考にしたと話した,https://ssp.kaigiroku.net/tenant/shinjuku/MinuteView.html?council_id=3163&schedule_id=5&minute_id=100,8342f801aaf47f2df9323ac96331a1c093206ecd5c5971796d90b0d95e18d013,杉山直子議員の報告,本条例は、江戸川区が行った施策を参考にしています,supported,49ca651dea53d1d7aa20b663186a0a5257ec110f41aeb8c413bf54e44f2db811
shinjuku-2026-r1-giin-1,normal,content,R1I01-N-11,条例案は江戸川区の施策を参考にしている,https://ssp.kaigiroku.net/tenant/shinjuku/MinuteView.html?council_id=3163&schedule_id=5&minute_id=100,8342f801aaf47f2df9323ac96331a1c093206ecd5c5971796d90b0d95e18d013,杉山直子議員の報告,本条例は、江戸川区が行った施策を参考にしています,supported,f9b8574bcb6b78431eb80eed61ec5771508d7fa80eea233cac29f18541eade27
shinjuku-2026-r1-giin-1,hard,content,R1I01-H-12,条例案は江戸川区が行った施策を参考にしている,https://ssp.kaigiroku.net/tenant/shinjuku/MinuteView.html?council_id=3163&schedule_id=5&minute_id=100,8342f801aaf47f2df9323ac96331a1c093206ecd5c5971796d90b0d95e18d013,杉山直子議員の報告,本条例は、江戸川区が行った施策を参考にしています,supported,6070cfc43e1bb4b87750edc0f6d00c466196c2426c2a39403d4989a9db5f9456
shinjuku-2026-r1-giin-1,easy,content,R1I01-E-12,江戸川区では一定の人が続けて働いたと話した,https://ssp.kaigiroku.net/tenant/shinjuku/MinuteView.html?council_id=3163&schedule_id=5&minute_id=100,8342f801aaf47f2df9323ac96331a1c093206ecd5c5971796d90b0d95e18d013,杉山直子議員の報告,江戸川区では、この奨励金制度によって一定の人材の定着を見たとのことです,supported,49ca651dea53d1d7aa20b663186a0a5257ec110f41aeb8c413bf54e44f2db811
shinjuku-2026-r1-giin-1,normal,content,R1I01-N-12,江戸川区ではこの奨励金制度によって一定の人材の定着を見たとのこと,https://ssp.kaigiroku.net/tenant/shinjuku/MinuteView.html?council_id=3163&schedule_id=5&minute_id=100,8342f801aaf47f2df9323ac96331a1c093206ecd5c5971796d90b0d95e18d013,杉山直子議員の報告,江戸川区では、この奨励金制度によって一定の人材の定着を見たとのことです,supported,f9b8574bcb6b78431eb80eed61ec5771508d7fa80eea233cac29f18541eade27
shinjuku-2026-r1-giin-1,hard,content,R1I01-H-13,江戸川区ではこの奨励金制度によって一定の人材の定着を見たとのこと,https://ssp.kaigiroku.net/tenant/shinjuku/MinuteView.html?council_id=3163&schedule_id=5&minute_id=100,8342f801aaf47f2df9323ac96331a1c093206ecd5c5971796d90b0d95e18d013,杉山直子議員の報告,江戸川区では、この奨励金制度によって一定の人材の定着を見たとのことです,supported,6070cfc43e1bb4b87750edc0f6d00c466196c2426c2a39403d4989a9db5f9456
shinjuku-2026-r1-giin-1,easy,content,R1I01-E-13,介護・福祉の人材の処遇をよくする動きがあると話した。他の区の2026年度の予算にも見られる,https://ssp.kaigiroku.net/tenant/shinjuku/MinuteView.html?council_id=3163&schedule_id=5&minute_id=100,8342f801aaf47f2df9323ac96331a1c093206ecd5c5971796d90b0d95e18d013,杉山直子議員の報告,2026年度の他区の予算でも、家賃補助など、介護・福祉人材の処遇を改善する動きが見られます,supported,49ca651dea53d1d7aa20b663186a0a5257ec110f41aeb8c413bf54e44f2db811
shinjuku-2026-r1-giin-1,normal,content,R1I01-N-13,2026年度の他区の予算でも家賃補助など処遇を改善する動きが見られる,https://ssp.kaigiroku.net/tenant/shinjuku/MinuteView.html?council_id=3163&schedule_id=5&minute_id=100,8342f801aaf47f2df9323ac96331a1c093206ecd5c5971796d90b0d95e18d013,杉山直子議員の報告,2026年度の他区の予算でも、家賃補助など、介護・福祉人材の処遇を改善する動きが見られます,supported,f9b8574bcb6b78431eb80eed61ec5771508d7fa80eea233cac29f18541eade27
shinjuku-2026-r1-giin-1,hard,content,R1I01-H-14,2026年度の他区の予算でも家賃補助など処遇を改善する動きが見られる,https://ssp.kaigiroku.net/tenant/shinjuku/MinuteView.html?council_id=3163&schedule_id=5&minute_id=100,8342f801aaf47f2df9323ac96331a1c093206ecd5c5971796d90b0d95e18d013,杉山直子議員の報告,2026年度の他区の予算でも、家賃補助など、介護・福祉人材の処遇を改善する動きが見られます,supported,6070cfc43e1bb4b87750edc0f6d00c466196c2426c2a39403d4989a9db5f9456
shinjuku-2026-r1-giin-1,easy,content,R1I01-E-14,何もしないと人が区外に出る心配も話した,https://ssp.kaigiroku.net/tenant/shinjuku/MinuteView.html?council_id=3163&schedule_id=5&minute_id=100,8342f801aaf47f2df9323ac96331a1c093206ecd5c5971796d90b0d95e18d013,杉山直子議員の報告,新宿区としても何らか手を打たなければ、ただでさえ不足する区内の人材がさらに区外に流出してしまうことも考えられます,supported,49ca651dea53d1d7aa20b663186a0a5257ec110f41aeb8c413bf54e44f2db811
shinjuku-2026-r1-giin-1,normal,content,R1I01-N-14,何らかの手を打たなければ区内の人材が区外に流出するおそれがある,https://ssp.kaigiroku.net/tenant/shinjuku/MinuteView.html?council_id=3163&schedule_id=5&minute_id=100,8342f801aaf47f2df9323ac96331a1c093206ecd5c5971796d90b0d95e18d013,杉山直子議員の報告,新宿区としても何らか手を打たなければ、ただでさえ不足する区内の人材がさらに区外に流出してしまうことも考えられます,supported,f9b8574bcb6b78431eb80eed61ec5771508d7fa80eea233cac29f18541eade27
shinjuku-2026-r1-giin-1,hard,content,R1I01-H-15,何らかの手を打たなければ区内の人材が区外に流出することも考えられる,https://ssp.kaigiroku.net/tenant/shinjuku/MinuteView.html?council_id=3163&schedule_id=5&minute_id=100,8342f801aaf47f2df9323ac96331a1c093206ecd5c5971796d90b0d95e18d013,杉山直子議員の報告,新宿区としても何らか手を打たなければ、ただでさえ不足する区内の人材がさらに区外に流出してしまうことも考えられます,supported,6070cfc43e1bb4b87750edc0f6d00c466196c2426c2a39403d4989a9db5f9456
shinjuku-2026-r1-giin-1,hard,content,R1I01-H-16,各議員に賛同を求めて報告を終えた,https://ssp.kaigiroku.net/tenant/shinjuku/MinuteView.html?council_id=3163&schedule_id=5&minute_id=100,8342f801aaf47f2df9323ac96331a1c093206ecd5c5971796d90b0d95e18d013,杉山直子議員の報告,各議員におかれましては、本議案に対して、ぜひ御賛同いただきますようお願いしまして、少数意見報告を終わります,supported,6070cfc43e1bb4b87750edc0f6d00c466196c2426c2a39403d4989a9db5f9456
shinjuku-2026-r1-giin-1,easy,content,R1I01-E-15,報告のあと起立で採決した。賛成の人は起立した,https://ssp.kaigiroku.net/tenant/shinjuku/MinuteView.html?council_id=3163&schedule_id=5&minute_id=101,7d0f5eefb7988b1f72f546c55866801fd4ab23d30d0f7680e8e45a3b48ea8264,審議状況（本会議 3月24日 議長）,以上で、少数意見の報告は終わりました…起立により採決します…賛成の方は御起立願います,supported,49ca651dea53d1d7aa20b663186a0a5257ec110f41aeb8c413bf54e44f2db811
shinjuku-2026-r1-giin-1,normal,content,R1I01-N-15,少数意見の報告のあと本会議で起立による採決が行われた,https://ssp.kaigiroku.net/tenant/shinjuku/MinuteView.html?council_id=3163&schedule_id=5&minute_id=101,7d0f5eefb7988b1f72f546c55866801fd4ab23d30d0f7680e8e45a3b48ea8264,審議状況（本会議 3月24日 議長）,以上で、少数意見の報告は終わりました…起立により採決します…賛成の方は御起立願います,supported,f9b8574bcb6b78431eb80eed61ec5771508d7fa80eea233cac29f18541eade27
shinjuku-2026-r1-giin-1,hard,content,R1I01-H-17,少数意見の報告のあと、議長は起立により採決すると述べ、賛成者の起立を求めた,https://ssp.kaigiroku.net/tenant/shinjuku/MinuteView.html?council_id=3163&schedule_id=5&minute_id=101,7d0f5eefb7988b1f72f546c55866801fd4ab23d30d0f7680e8e45a3b48ea8264,審議状況（本会議 3月24日 議長）,以上で、少数意見の報告は終わりました…起立により採決します…賛成の方は御起立願います,supported,6070cfc43e1bb4b87750edc0f6d00c466196c2426c2a39403d4989a9db5f9456
shinjuku-2026-r1-giin-1,easy,content,R1I01-E-16,起立した人は少数で、議長は否決と伝えた,https://ssp.kaigiroku.net/tenant/shinjuku/MinuteView.html?council_id=3163&schedule_id=5&minute_id=102,6c5cee7b0e568b912cd6a1aeab4049ba4dc242dc5ae44d0c882c2e084466099f,審議状況（本会議 3月24日 議長）,起立少数と認めます。本案は、否決されました,supported,49ca651dea53d1d7aa20b663186a0a5257ec110f41aeb8c413bf54e44f2db811
shinjuku-2026-r1-giin-1,normal,content,R1I01-N-16,起立少数で否決された,https://ssp.kaigiroku.net/tenant/shinjuku/MinuteView.html?council_id=3163&schedule_id=5&minute_id=102,6c5cee7b0e568b912cd6a1aeab4049ba4dc242dc5ae44d0c882c2e084466099f,審議状況（本会議 3月24日 議長）,起立少数と認めます。本案は、否決されました,supported,f9b8574bcb6b78431eb80eed61ec5771508d7fa80eea233cac29f18541eade27
shinjuku-2026-r1-giin-1,hard,content,R1I01-H-18,議長は起立少数と認め、本案は否決されたと宣告した,https://ssp.kaigiroku.net/tenant/shinjuku/MinuteView.html?council_id=3163&schedule_id=5&minute_id=102,6c5cee7b0e568b912cd6a1aeab4049ba4dc242dc5ae44d0c882c2e084466099f,審議状況（本会議 3月24日 議長）,起立少数と認めます。本案は、否決されました,supported,6070cfc43e1bb4b87750edc0f6d00c466196c2426c2a39403d4989a9db5f9456
shinjuku-2026-r1-giin-1,easy,content,R1I01-E-17,会期は2026年2月17日（火）から3月24日（火）まで,https://www.city.shinjuku.lg.jp/kusei/file08_05_0003820210204_00013.html,869549fe3ba94ac28c6e8fd003d4ad71484501a78203fc7a885109aae4ab487c,審議状況（会期と日程）,令和8年2月17日（火曜日）から3月24日（火曜日）まで,supported,49ca651dea53d1d7aa20b663186a0a5257ec110f41aeb8c413bf54e44f2db811
shinjuku-2026-r1-giin-1,normal,content,R1I01-N-17,会期は2月17日から3月24日まで,https://www.city.shinjuku.lg.jp/kusei/file08_05_0003820210204_00013.html,869549fe3ba94ac28c6e8fd003d4ad71484501a78203fc7a885109aae4ab487c,審議状況（会期と日程）,令和8年2月17日（火曜日）から3月24日（火曜日）まで,supported,f9b8574bcb6b78431eb80eed61ec5771508d7fa80eea233cac29f18541eade27
shinjuku-2026-r1-giin-1,hard,content,R1I01-H-19,会期は令和8年2月17日（火曜日）から3月24日（火曜日）まで,https://www.city.shinjuku.lg.jp/kusei/file08_05_0003820210204_00013.html,869549fe3ba94ac28c6e8fd003d4ad71484501a78203fc7a885109aae4ab487c,審議状況（会期と日程）,令和8年2月17日（火曜日）から3月24日（火曜日）まで,supported,6070cfc43e1bb4b87750edc0f6d00c466196c2426c2a39403d4989a9db5f9456
shinjuku-2026-r1-giin-1,easy,content,R1I01-E-18,会派は8つで、賛成は2つ。共産党議員団とれいわ新選組 新宿が賛成、他の6会派が反対,https://www.city.shinjuku.lg.jp/content/000452334.pdf,22ba4f49b18c96bd1fa26241606257c05477f38e25ac46d6f8e4f416a2cedbf2,審議状況（議員提出議案の採決結果行）,利用者への直接支援を行う介護職員等及び福祉職員に対し奨励金を支給する。×　×　○　×　×　×　×　○否決,supported,49ca651dea53d1d7aa20b663186a0a5257ec110f41aeb8c413bf54e44f2db811
shinjuku-2026-r1-giin-1,normal,content,R1I01-N-18,共産とれいわが賛成、他の6会派が反対,https://www.city.shinjuku.lg.jp/content/000452334.pdf,22ba4f49b18c96bd1fa26241606257c05477f38e25ac46d6f8e4f416a2cedbf2,審議状況（議員提出議案の採決結果行）,利用者への直接支援を行う介護職員等及び福祉職員に対し奨励金を支給する。×　×　○　×　×　×　×　○否決,supported,f9b8574bcb6b78431eb80eed61ec5771508d7fa80eea233cac29f18541eade27
shinjuku-2026-r1-giin-1,hard,content,R1I01-H-20,会派別の賛否（表）: 共産・れいわが賛成、他の6会派が反対,https://www.city.shinjuku.lg.jp/content/000452334.pdf,22ba4f49b18c96bd1fa26241606257c05477f38e25ac46d6f8e4f416a2cedbf2,審議状況（議員提出議案の採決結果行）,利用者への直接支援を行う介護職員等及び福祉職員に対し奨励金を支給する。×　×　○　×　×　×　×　○否決,supported,6070cfc43e1bb4b87750edc0f6d00c466196c2426c2a39403d4989a9db5f9456
shinjuku-2026-r1-giin-1,hard,content,R1I01-H-21,会派略称と会派名の対応,https://www.city.shinjuku.lg.jp/content/000452334.pdf,22ba4f49b18c96bd1fa26241606257c05477f38e25ac46d6f8e4f416a2cedbf2,審議状況（会派略称・列の並び）,共産＝日本共産党新宿区議会議員団…れいわ＝れいわ新選組 新宿…自参ク＝自民・参政クラブ…公明＝新宿区議会公明党…新宿会＝新宿未来の会…民無ク＝立憲民主党・無所属クラブ…維新＝日本維新の会・新宿区議団…現役＝現役世代に優しい新宿・減税の会…自参ク 公明 共産 新宿会 民無ク 維新 現役 れいわ,supported,6070cfc43e1bb4b87750edc0f6d00c466196c2426c2a39403d4989a9db5f9456
shinjuku-2026-r1-giin-1,easy,content,R1I01-E-19,条例の案の全文は出典に書かれていない,https://www.city.shinjuku.lg.jp/content/000452334.pdf,22ba4f49b18c96bd1fa26241606257c05477f38e25ac46d6f8e4f416a2cedbf2,出典に記載がない事項,（本件は解説本文が「一次資料に記載がない」と明示している箇所であり、事実主張ではない）,needs_source,49ca651dea53d1d7aa20b663186a0a5257ec110f41aeb8c413bf54e44f2db811
shinjuku-2026-r1-giin-1,normal,content,R1I01-N-19,条例案の全文（金額、条件、施行日を含む）は出典に書かれていない,https://www.city.shinjuku.lg.jp/content/000452334.pdf,22ba4f49b18c96bd1fa26241606257c05477f38e25ac46d6f8e4f416a2cedbf2,出典に記載がない事項,（本件は解説本文が「一次資料に記載がない」と明示している箇所であり、事実主張ではない）,needs_source,f9b8574bcb6b78431eb80eed61ec5771508d7fa80eea233cac29f18541eade27
shinjuku-2026-r1-giin-1,hard,content,R1I01-H-22,条例案の全文（金額、条件、施行日、条文構成）は出典に書かれていない,https://www.city.shinjuku.lg.jp/content/000452334.pdf,22ba4f49b18c96bd1fa26241606257c05477f38e25ac46d6f8e4f416a2cedbf2,出典に記載がない事項,（本件は解説本文が「一次資料に記載がない」と明示している箇所であり、事実主張ではない）,needs_source,6070cfc43e1bb4b87750edc0f6d00c466196c2426c2a39403d4989a9db5f9456
shinjuku-2026-r1-giin-1,easy,content,R1I01-E-20,奨励金の金額とくわしい条件は出典に書かれていない,https://www.city.shinjuku.lg.jp/content/000452334.pdf,22ba4f49b18c96bd1fa26241606257c05477f38e25ac46d6f8e4f416a2cedbf2,出典に記載がない事項,（本件は解説本文が「一次資料に記載がない」と明示している箇所であり、事実主張ではない）,needs_source,49ca651dea53d1d7aa20b663186a0a5257ec110f41aeb8c413bf54e44f2db811
shinjuku-2026-r1-giin-1,easy,content,R1I01-E-21,条例の案を出した会派と議員は出典に書かれていない,https://www.city.shinjuku.lg.jp/content/000452334.pdf,22ba4f49b18c96bd1fa26241606257c05477f38e25ac46d6f8e4f416a2cedbf2,出典に記載がない事項,（本件は解説本文が「一次資料に記載がない」と明示している箇所であり、事実主張ではない）,needs_source,49ca651dea53d1d7aa20b663186a0a5257ec110f41aeb8c413bf54e44f2db811
shinjuku-2026-r1-giin-1,normal,content,R1I01-N-20,条例案を提出した会派と議員は出典に書かれていない,https://www.city.shinjuku.lg.jp/content/000452334.pdf,22ba4f49b18c96bd1fa26241606257c05477f38e25ac46d6f8e4f416a2cedbf2,出典に記載がない事項,（本件は解説本文が「一次資料に記載がない」と明示している箇所であり、事実主張ではない）,needs_source,f9b8574bcb6b78431eb80eed61ec5771508d7fa80eea233cac29f18541eade27
shinjuku-2026-r1-giin-1,hard,content,R1I01-H-23,条例案を提出した会派と議員は出典に書かれていない,https://www.city.shinjuku.lg.jp/content/000452334.pdf,22ba4f49b18c96bd1fa26241606257c05477f38e25ac46d6f8e4f416a2cedbf2,出典に記載がない事項,（本件は解説本文が「一次資料に記載がない」と明示している箇所であり、事実主張ではない）,needs_source,6070cfc43e1bb4b87750edc0f6d00c466196c2426c2a39403d4989a9db5f9456
shinjuku-2026-r1-giin-1,easy,content,R1I01-E-22,委員会での質問と答えの中身は出典に書かれていない,https://www.city.shinjuku.lg.jp/content/000452334.pdf,22ba4f49b18c96bd1fa26241606257c05477f38e25ac46d6f8e4f416a2cedbf2,出典に記載がない事項,（本件は解説本文が「一次資料に記載がない」と明示している箇所であり、事実主張ではない）,needs_source,49ca651dea53d1d7aa20b663186a0a5257ec110f41aeb8c413bf54e44f2db811
shinjuku-2026-r1-giin-1,normal,content,R1I01-N-21,委員会での質疑の内容は出典に書かれていない,https://www.city.shinjuku.lg.jp/content/000452334.pdf,22ba4f49b18c96bd1fa26241606257c05477f38e25ac46d6f8e4f416a2cedbf2,出典に記載がない事項,（本件は解説本文が「一次資料に記載がない」と明示している箇所であり、事実主張ではない）,needs_source,f9b8574bcb6b78431eb80eed61ec5771508d7fa80eea233cac29f18541eade27
shinjuku-2026-r1-giin-1,hard,content,R1I01-H-24,委員会での質疑の内容は出典に書かれていない,https://www.city.shinjuku.lg.jp/content/000452334.pdf,22ba4f49b18c96bd1fa26241606257c05477f38e25ac46d6f8e4f416a2cedbf2,出典に記載がない事項,（本件は解説本文が「一次資料に記載がない」と明示している箇所であり、事実主張ではない）,needs_source,6070cfc43e1bb4b87750edc0f6d00c466196c2426c2a39403d4989a9db5f9456
shinjuku-2026-r1-giin-1,easy,content,R1I01-E-23,反対した会派が反対した理由は出典に書かれていない,https://www.city.shinjuku.lg.jp/content/000452334.pdf,22ba4f49b18c96bd1fa26241606257c05477f38e25ac46d6f8e4f416a2cedbf2,出典に記載がない事項,（本件は解説本文が「一次資料に記載がない」と明示している箇所であり、事実主張ではない）,needs_source,49ca651dea53d1d7aa20b663186a0a5257ec110f41aeb8c413bf54e44f2db811
shinjuku-2026-r1-giin-1,normal,content,R1I01-N-22,反対した会派の反対理由は出典に書かれていない,https://www.city.shinjuku.lg.jp/content/000452334.pdf,22ba4f49b18c96bd1fa26241606257c05477f38e25ac46d6f8e4f416a2cedbf2,出典に記載がない事項,（本件は解説本文が「一次資料に記載がない」と明示している箇所であり、事実主張ではない）,needs_source,f9b8574bcb6b78431eb80eed61ec5771508d7fa80eea233cac29f18541eade27
shinjuku-2026-r1-giin-1,hard,content,R1I01-H-25,反対した会派の反対理由は出典に書かれていない,https://www.city.shinjuku.lg.jp/content/000452334.pdf,22ba4f49b18c96bd1fa26241606257c05477f38e25ac46d6f8e4f416a2cedbf2,出典に記載がない事項,（本件は解説本文が「一次資料に記載がない」と明示している箇所であり、事実主張ではない）,needs_source,6070cfc43e1bb4b87750edc0f6d00c466196c2426c2a39403d4989a9db5f9456
shinjuku-2026-r1-giin-2,easy,title,R1I02-ET-01,見出し: がん検診などの使用料をなくす条例の案,https://www.city.shinjuku.lg.jp/kusei/file08_05_0003820210204_00013.html,869549fe3ba94ac28c6e8fd003d4ad71484501a78203fc7a885109aae4ab487c,件名（会期ページ）,議員提出議案第2号　新宿区保健事業の利用に係る使用料等を定める条例を廃止する条例,supported,d40abb360fd9fcfe8d4665401b89fe7b3e8de0a46fb0bd4229375169706fa5c8
shinjuku-2026-r1-giin-2,normal,title,R1I02-NT-01,見出し: がん検診の無料化を求める条例案（議員提出議案第2号）,https://www.city.shinjuku.lg.jp/kusei/file08_05_0003820210204_00013.html,869549fe3ba94ac28c6e8fd003d4ad71484501a78203fc7a885109aae4ab487c,件名（会期ページ）,議員提出議案第2号　新宿区保健事業の利用に係る使用料等を定める条例を廃止する条例,supported,cabfe3efb78c90d70751e27b6ad558cc9606792f94e3e6a44e473d37a9074c02
shinjuku-2026-r1-giin-2,hard,title,R1I02-HT-01,見出し: 議員提出議案第2号 新宿区保健事業の利用に係る使用料等を定める条例を廃止する条例,https://www.city.shinjuku.lg.jp/kusei/file08_05_0003820210204_00013.html,869549fe3ba94ac28c6e8fd003d4ad71484501a78203fc7a885109aae4ab487c,件名（会期ページ）,議員提出議案第2号　新宿区保健事業の利用に係る使用料等を定める条例を廃止する条例,supported,a1fa9cc71933484626770ec8eb16da8fca8d279d0082672471e59a607567e9a9
shinjuku-2026-r1-giin-2,easy,summary,R1I02-ES-01,要約: 保健事業の使用料を無料にする内容,https://www.city.shinjuku.lg.jp/content/000452334.pdf,22ba4f49b18c96bd1fa26241606257c05477f38e25ac46d6f8e4f416a2cedbf2,概要,区民の検診受診の促進を図るため、新宿区保健事業の利用に係る使用料等を無料にする,supported,d40abb360fd9fcfe8d4665401b89fe7b3e8de0a46fb0bd4229375169706fa5c8
shinjuku-2026-r1-giin-2,normal,summary,R1I02-NS-01,要約: 保健事業の利用に係る使用料等を無料にし、区民の検診受診の促進を図る条例案,https://www.city.shinjuku.lg.jp/content/000452334.pdf,22ba4f49b18c96bd1fa26241606257c05477f38e25ac46d6f8e4f416a2cedbf2,概要,区民の検診受診の促進を図るため、新宿区保健事業の利用に係る使用料等を無料にする,supported,cabfe3efb78c90d70751e27b6ad558cc9606792f94e3e6a44e473d37a9074c02
shinjuku-2026-r1-giin-2,hard,summary,R1I02-HS-01,要約: 保健事業の利用に係る使用料等を定める条例を廃止し、使用料等を無料にして区民の検診受診の促進を図る条例案,https://www.city.shinjuku.lg.jp/content/000452334.pdf,22ba4f49b18c96bd1fa26241606257c05477f38e25ac46d6f8e4f416a2cedbf2,概要,区民の検診受診の促進を図るため、新宿区保健事業の利用に係る使用料等を無料にする,supported,a1fa9cc71933484626770ec8eb16da8fca8d279d0082672471e59a607567e9a9
shinjuku-2026-r1-giin-2,normal,summary,R1I02-NS-02,要約: 福祉健康委員会の審査報告は否決で、杉山直子議員が少数意見を報告した,https://ssp.kaigiroku.net/tenant/shinjuku/MinuteView.html?council_id=3163&schedule_id=5&minute_id=11,0995590f622a043abdbc89d3a4149aacbb050efef84f1d132423394a37c2f90d,審議状況（本会議 3月24日 議長）,福祉健康委員会審査報告書は、否決です…少数意見を口頭で報告するとの申出があります…７番杉山直子議員,supported,cabfe3efb78c90d70751e27b6ad558cc9606792f94e3e6a44e473d37a9074c02
shinjuku-2026-r1-giin-2,hard,summary,R1I02-HS-02,要約: 福祉健康委員会の審査報告書は否決。本会議で杉山直子議員が少数意見を報告,https://ssp.kaigiroku.net/tenant/shinjuku/MinuteView.html?council_id=3163&schedule_id=5&minute_id=11,0995590f622a043abdbc89d3a4149aacbb050efef84f1d132423394a37c2f90d,審議状況（本会議 3月24日 議長）,福祉健康委員会審査報告書は、否決です…少数意見を口頭で報告するとの申出があります…７番杉山直子議員,supported,a1fa9cc71933484626770ec8eb16da8fca8d279d0082672471e59a607567e9a9
shinjuku-2026-r1-giin-2,easy,summary,R1I02-ES-02,要約: 本会議で否決された,https://ssp.kaigiroku.net/tenant/shinjuku/MinuteView.html?council_id=3163&schedule_id=5&minute_id=14,6c5cee7b0e568b912cd6a1aeab4049ba4dc242dc5ae44d0c882c2e084466099f,審議状況（本会議 3月24日 議長）,起立少数と認めます。本案は、否決されました,supported,d40abb360fd9fcfe8d4665401b89fe7b3e8de0a46fb0bd4229375169706fa5c8
shinjuku-2026-r1-giin-2,normal,summary,R1I02-NS-03,要約: 起立少数により否決された,https://ssp.kaigiroku.net/tenant/shinjuku/MinuteView.html?council_id=3163&schedule_id=5&minute_id=14,6c5cee7b0e568b912cd6a1aeab4049ba4dc242dc5ae44d0c882c2e084466099f,審議状況（本会議 3月24日 議長）,起立少数と認めます。本案は、否決されました,supported,cabfe3efb78c90d70751e27b6ad558cc9606792f94e3e6a44e473d37a9074c02
shinjuku-2026-r1-giin-2,hard,summary,R1I02-HS-03,要約: 起立少数で否決,https://ssp.kaigiroku.net/tenant/shinjuku/MinuteView.html?council_id=3163&schedule_id=5&minute_id=14,6c5cee7b0e568b912cd6a1aeab4049ba4dc242dc5ae44d0c882c2e084466099f,審議状況（本会議 3月24日 議長）,起立少数と認めます。本案は、否決されました,supported,a1fa9cc71933484626770ec8eb16da8fca8d279d0082672471e59a607567e9a9
shinjuku-2026-r1-giin-2,easy,summary,R1I02-ES-03,要約: 2026年（令和8年）3月24日の本会議,https://ssp.kaigiroku.net/tenant/shinjuku/MinuteView.html?council_id=3163&schedule_id=5&minute_id=1,bd058d36962b45d8d965e4625bb95ecd661a102a026175213f37ba9eb575424a,審議状況（本会議 3月24日 会議録の冒頭）,令和８年第１回定例会会議録（第４日）第４号…令和８年３月２４日（火曜日）,supported,d40abb360fd9fcfe8d4665401b89fe7b3e8de0a46fb0bd4229375169706fa5c8
shinjuku-2026-r1-giin-2,normal,summary,R1I02-NS-04,要約: 令和8年3月24日の本会議,https://ssp.kaigiroku.net/tenant/shinjuku/MinuteView.html?council_id=3163&schedule_id=5&minute_id=1,bd058d36962b45d8d965e4625bb95ecd661a102a026175213f37ba9eb575424a,審議状況（本会議 3月24日 会議録の冒頭）,令和８年第１回定例会会議録（第４日）第４号…令和８年３月２４日（火曜日）,supported,cabfe3efb78c90d70751e27b6ad558cc9606792f94e3e6a44e473d37a9074c02
shinjuku-2026-r1-giin-2,hard,summary,R1I02-HS-04,要約: 本会議は令和8年3月24日,https://ssp.kaigiroku.net/tenant/shinjuku/MinuteView.html?council_id=3163&schedule_id=5&minute_id=1,bd058d36962b45d8d965e4625bb95ecd661a102a026175213f37ba9eb575424a,審議状況（本会議 3月24日 会議録の冒頭）,令和８年第１回定例会会議録（第４日）第４号…令和８年３月２４日（火曜日）,supported,a1fa9cc71933484626770ec8eb16da8fca8d279d0082672471e59a607567e9a9
shinjuku-2026-r1-giin-2,hard,summary,R1I02-HS-05,要約: 共産・れいわが賛成、他6会派が反対,https://www.city.shinjuku.lg.jp/content/000452334.pdf,22ba4f49b18c96bd1fa26241606257c05477f38e25ac46d6f8e4f416a2cedbf2,審議状況（議員提出議案の採決結果行）,新宿区保健事業の利用に係る使用料等を無料にする。×　×　○　×　×　×　×　○否決,supported,a1fa9cc71933484626770ec8eb16da8fca8d279d0082672471e59a607567e9a9
shinjuku-2026-r1-giin-2,easy,content,R1I02-E-01,議員提出議案の第2号,https://ssp.kaigiroku.net/tenant/shinjuku/MinuteView.html?council_id=3163&schedule_id=5&minute_id=10,b68dc882fa2b62dc4cb3a1b520a54fbcd95a497114edf6b84e57cc3fa2e5d99e,審議状況（本会議 3月24日 議題）,議員提出議案第２号　新宿区保健事業の利用に係る使用料等を定める条例を廃止する条例,supported,d40abb360fd9fcfe8d4665401b89fe7b3e8de0a46fb0bd4229375169706fa5c8
shinjuku-2026-r1-giin-2,normal,content,R1I02-N-01,議員提出議案第2号,https://ssp.kaigiroku.net/tenant/shinjuku/MinuteView.html?council_id=3163&schedule_id=5&minute_id=10,b68dc882fa2b62dc4cb3a1b520a54fbcd95a497114edf6b84e57cc3fa2e5d99e,審議状況（本会議 3月24日 議題）,議員提出議案第２号　新宿区保健事業の利用に係る使用料等を定める条例を廃止する条例,supported,cabfe3efb78c90d70751e27b6ad558cc9606792f94e3e6a44e473d37a9074c02
shinjuku-2026-r1-giin-2,hard,content,R1I02-H-01,種別は議員提出議案,https://ssp.kaigiroku.net/tenant/shinjuku/MinuteView.html?council_id=3163&schedule_id=5&minute_id=10,b68dc882fa2b62dc4cb3a1b520a54fbcd95a497114edf6b84e57cc3fa2e5d99e,審議状況（本会議 3月24日 議題）,議員提出議案第２号　新宿区保健事業の利用に係る使用料等を定める条例を廃止する条例,supported,a1fa9cc71933484626770ec8eb16da8fca8d279d0082672471e59a607567e9a9
shinjuku-2026-r1-giin-2,easy,content,R1I02-E-02,いまの条例は保健事業の使用料を決めている。この案は条例をなくす案,https://www.city.shinjuku.lg.jp/kusei/file08_05_0003820210204_00013.html,869549fe3ba94ac28c6e8fd003d4ad71484501a78203fc7a885109aae4ab487c,件名（会期ページ）,議員提出議案第2号　新宿区保健事業の利用に係る使用料等を定める条例を廃止する条例,supported,d40abb360fd9fcfe8d4665401b89fe7b3e8de0a46fb0bd4229375169706fa5c8
shinjuku-2026-r1-giin-2,normal,content,R1I02-N-02,件名は新宿区保健事業の利用に係る使用料等を定める条例を廃止する条例,https://www.city.shinjuku.lg.jp/kusei/file08_05_0003820210204_00013.html,869549fe3ba94ac28c6e8fd003d4ad71484501a78203fc7a885109aae4ab487c,件名（会期ページ）,議員提出議案第2号　新宿区保健事業の利用に係る使用料等を定める条例を廃止する条例,supported,cabfe3efb78c90d70751e27b6ad558cc9606792f94e3e6a44e473d37a9074c02
shinjuku-2026-r1-giin-2,hard,content,R1I02-H-02,件名は新宿区保健事業の利用に係る使用料等を定める条例を廃止する条例,https://www.city.shinjuku.lg.jp/kusei/file08_05_0003820210204_00013.html,869549fe3ba94ac28c6e8fd003d4ad71484501a78203fc7a885109aae4ab487c,件名（会期ページ）,議員提出議案第2号　新宿区保健事業の利用に係る使用料等を定める条例を廃止する条例,supported,a1fa9cc71933484626770ec8eb16da8fca8d279d0082672471e59a607567e9a9
shinjuku-2026-r1-giin-2,easy,content,R1I02-E-03,この案が通ると使用料が無料になる,https://www.city.shinjuku.lg.jp/content/000452334.pdf,22ba4f49b18c96bd1fa26241606257c05477f38e25ac46d6f8e4f416a2cedbf2,概要,区民の検診受診の促進を図るため、新宿区保健事業の利用に係る使用料等を無料にする,supported,d40abb360fd9fcfe8d4665401b89fe7b3e8de0a46fb0bd4229375169706fa5c8
shinjuku-2026-r1-giin-2,normal,content,R1I02-N-03,概要: 新宿区保健事業の利用に係る使用料等を無料にする,https://www.city.shinjuku.lg.jp/content/000452334.pdf,22ba4f49b18c96bd1fa26241606257c05477f38e25ac46d6f8e4f416a2cedbf2,概要,区民の検診受診の促進を図るため、新宿区保健事業の利用に係る使用料等を無料にする,supported,cabfe3efb78c90d70751e27b6ad558cc9606792f94e3e6a44e473d37a9074c02
shinjuku-2026-r1-giin-2,hard,content,R1I02-H-03,概要: 新宿区保健事業の利用に係る使用料等を無料にする,https://www.city.shinjuku.lg.jp/content/000452334.pdf,22ba4f49b18c96bd1fa26241606257c05477f38e25ac46d6f8e4f416a2cedbf2,概要,区民の検診受診の促進を図るため、新宿区保健事業の利用に係る使用料等を無料にする,supported,a1fa9cc71933484626770ec8eb16da8fca8d279d0082672471e59a607567e9a9
shinjuku-2026-r1-giin-2,easy,content,R1I02-E-04,目的は区民が検診を受けやすくすること,https://www.city.shinjuku.lg.jp/content/000452334.pdf,22ba4f49b18c96bd1fa26241606257c05477f38e25ac46d6f8e4f416a2cedbf2,概要,区民の検診受診の促進を図るため,supported,d40abb360fd9fcfe8d4665401b89fe7b3e8de0a46fb0bd4229375169706fa5c8
shinjuku-2026-r1-giin-2,easy,content,R1I02-E-05,福祉健康委員会の審査報告書は否決,https://ssp.kaigiroku.net/tenant/shinjuku/MinuteView.html?council_id=3163&schedule_id=5&minute_id=11,0995590f622a043abdbc89d3a4149aacbb050efef84f1d132423394a37c2f90d,審議状況（本会議 3月24日 議長）,福祉健康委員会審査報告書は、否決です…少数意見を口頭で報告するとの申出があります…７番杉山直子議員,supported,d40abb360fd9fcfe8d4665401b89fe7b3e8de0a46fb0bd4229375169706fa5c8
shinjuku-2026-r1-giin-2,normal,content,R1I02-N-04,福祉健康委員会の審査報告書は否決。少数意見を口頭で報告する申出があった,https://ssp.kaigiroku.net/tenant/shinjuku/MinuteView.html?council_id=3163&schedule_id=5&minute_id=11,0995590f622a043abdbc89d3a4149aacbb050efef84f1d132423394a37c2f90d,審議状況（本会議 3月24日 議長）,福祉健康委員会審査報告書は、否決です…少数意見を口頭で報告するとの申出があります…７番杉山直子議員,supported,cabfe3efb78c90d70751e27b6ad558cc9606792f94e3e6a44e473d37a9074c02
shinjuku-2026-r1-giin-2,hard,content,R1I02-H-04,議長が福祉健康委員会審査報告書は否決で、少数意見を口頭で報告する申出があると述べ、杉山直子議員の登壇を許した,https://ssp.kaigiroku.net/tenant/shinjuku/MinuteView.html?council_id=3163&schedule_id=5&minute_id=11,0995590f622a043abdbc89d3a4149aacbb050efef84f1d132423394a37c2f90d,審議状況（本会議 3月24日 議長）,福祉健康委員会審査報告書は、否決です…少数意見を口頭で報告するとの申出があります…７番杉山直子議員,supported,a1fa9cc71933484626770ec8eb16da8fca8d279d0082672471e59a607567e9a9
shinjuku-2026-r1-giin-2,easy,content,R1I02-E-06,佐藤佳一副委員長と杉山直子議員が賛成して少数意見を残し、杉山議員が本会議で報告した,https://ssp.kaigiroku.net/tenant/shinjuku/MinuteView.html?council_id=3163&schedule_id=5&minute_id=12,cc2a2b46b8ef5cb01ddad85d9aa6e49bbd8501618f6683df0f72aacf7789e8f9,杉山直子議員の報告,佐藤佳一副委員長と私、杉山直子は賛成し、少数意見を留保しましたので報告いたします,supported,d40abb360fd9fcfe8d4665401b89fe7b3e8de0a46fb0bd4229375169706fa5c8
shinjuku-2026-r1-giin-2,normal,content,R1I02-N-05,佐藤佳一副委員長と杉山直子議員は賛成して少数意見を留保し、杉山議員が本会議で口頭で報告した,https://ssp.kaigiroku.net/tenant/shinjuku/MinuteView.html?council_id=3163&schedule_id=5&minute_id=12,cc2a2b46b8ef5cb01ddad85d9aa6e49bbd8501618f6683df0f72aacf7789e8f9,杉山直子議員の報告,佐藤佳一副委員長と私、杉山直子は賛成し、少数意見を留保しましたので報告いたします,supported,cabfe3efb78c90d70751e27b6ad558cc9606792f94e3e6a44e473d37a9074c02
shinjuku-2026-r1-giin-2,hard,content,R1I02-H-05,委員会で賛成したのは佐藤佳一副委員長と杉山議員で、2人は少数意見を留保した,https://ssp.kaigiroku.net/tenant/shinjuku/MinuteView.html?council_id=3163&schedule_id=5&minute_id=12,cc2a2b46b8ef5cb01ddad85d9aa6e49bbd8501618f6683df0f72aacf7789e8f9,杉山直子議員の報告,佐藤佳一副委員長と私、杉山直子は賛成し、少数意見を留保しましたので報告いたします,supported,a1fa9cc71933484626770ec8eb16da8fca8d279d0082672471e59a607567e9a9
shinjuku-2026-r1-giin-2,hard,content,R1I02-H-06,杉山議員は日本共産党新宿区議会議員団,https://ssp.kaigiroku.net/tenant/shinjuku/MinuteView.html?council_id=3163&schedule_id=5&minute_id=12,cc2a2b46b8ef5cb01ddad85d9aa6e49bbd8501618f6683df0f72aacf7789e8f9,杉山直子議員の報告,日本共産党新宿区議会議員団の杉山直子です,supported,a1fa9cc71933484626770ec8eb16da8fca8d279d0082672471e59a607567e9a9
shinjuku-2026-r1-giin-2,easy,content,R1I02-E-07,報告は2026年（令和8年）3月24日（火）の本会議,https://ssp.kaigiroku.net/tenant/shinjuku/MinuteView.html?council_id=3163&schedule_id=5&minute_id=1,bd058d36962b45d8d965e4625bb95ecd661a102a026175213f37ba9eb575424a,審議状況（本会議 3月24日 会議録の冒頭）,令和８年第１回定例会会議録（第４日）第４号…令和８年３月２４日（火曜日）,supported,d40abb360fd9fcfe8d4665401b89fe7b3e8de0a46fb0bd4229375169706fa5c8
shinjuku-2026-r1-giin-2,normal,content,R1I02-N-06,本会議は令和8年3月24日,https://ssp.kaigiroku.net/tenant/shinjuku/MinuteView.html?council_id=3163&schedule_id=5&minute_id=1,bd058d36962b45d8d965e4625bb95ecd661a102a026175213f37ba9eb575424a,審議状況（本会議 3月24日 会議録の冒頭）,令和８年第１回定例会会議録（第４日）第４号…令和８年３月２４日（火曜日）,supported,cabfe3efb78c90d70751e27b6ad558cc9606792f94e3e6a44e473d37a9074c02
shinjuku-2026-r1-giin-2,hard,content,R1I02-H-07,会議録は第4日第4号、令和8年3月24日（火曜日）,https://ssp.kaigiroku.net/tenant/shinjuku/MinuteView.html?council_id=3163&schedule_id=5&minute_id=1,bd058d36962b45d8d965e4625bb95ecd661a102a026175213f37ba9eb575424a,審議状況（本会議 3月24日 会議録の冒頭）,令和８年第１回定例会会議録（第４日）第４号…令和８年３月２４日（火曜日）,supported,a1fa9cc71933484626770ec8eb16da8fca8d279d0082672471e59a607567e9a9
shinjuku-2026-r1-giin-2,easy,content,R1I02-E-08,新宿区のがん検診を無料にする案だと話した,https://ssp.kaigiroku.net/tenant/shinjuku/MinuteView.html?council_id=3163&schedule_id=5&minute_id=12,cc2a2b46b8ef5cb01ddad85d9aa6e49bbd8501618f6683df0f72aacf7789e8f9,杉山直子議員の報告,本議案は、新宿区のがん検診を無料化することで、区民の検診受診の促進を目指すものです,supported,d40abb360fd9fcfe8d4665401b89fe7b3e8de0a46fb0bd4229375169706fa5c8
shinjuku-2026-r1-giin-2,normal,content,R1I02-N-07,杉山議員はがん検診を無料化して区民の検診受診の促進を目指す条例案と説明した,https://ssp.kaigiroku.net/tenant/shinjuku/MinuteView.html?council_id=3163&schedule_id=5&minute_id=12,cc2a2b46b8ef5cb01ddad85d9aa6e49bbd8501618f6683df0f72aacf7789e8f9,杉山直子議員の報告,本議案は、新宿区のがん検診を無料化することで、区民の検診受診の促進を目指すものです,supported,cabfe3efb78c90d70751e27b6ad558cc9606792f94e3e6a44e473d37a9074c02
shinjuku-2026-r1-giin-2,hard,content,R1I02-H-08,議案の趣旨: 新宿区のがん検診を無料化することで区民の検診受診の促進を目指す,https://ssp.kaigiroku.net/tenant/shinjuku/MinuteView.html?council_id=3163&schedule_id=5&minute_id=12,cc2a2b46b8ef5cb01ddad85d9aa6e49bbd8501618f6683df0f72aacf7789e8f9,杉山直子議員の報告,本議案は、新宿区のがん検診を無料化することで、区民の検診受診の促進を目指すものです,supported,a1fa9cc71933484626770ec8eb16da8fca8d279d0082672471e59a607567e9a9
shinjuku-2026-r1-giin-2,easy,content,R1I02-E-09,区の計画では受診率の目標は60%,https://ssp.kaigiroku.net/tenant/shinjuku/MinuteView.html?council_id=3163&schedule_id=5&minute_id=12,cc2a2b46b8ef5cb01ddad85d9aa6e49bbd8501618f6683df0f72aacf7789e8f9,杉山直子議員の報告,第５期新宿区健康づくり行動計画によると、がん１次検診受診率の目標は60％です,supported,d40abb360fd9fcfe8d4665401b89fe7b3e8de0a46fb0bd4229375169706fa5c8
shinjuku-2026-r1-giin-2,normal,content,R1I02-N-08,第5期新宿区健康づくり行動計画ではがん1次検診受診率の目標は60%,https://ssp.kaigiroku.net/tenant/shinjuku/MinuteView.html?council_id=3163&schedule_id=5&minute_id=12,cc2a2b46b8ef5cb01ddad85d9aa6e49bbd8501618f6683df0f72aacf7789e8f9,杉山直子議員の報告,第５期新宿区健康づくり行動計画によると、がん１次検診受診率の目標は60％です,supported,cabfe3efb78c90d70751e27b6ad558cc9606792f94e3e6a44e473d37a9074c02
shinjuku-2026-r1-giin-2,hard,content,R1I02-H-09,第5期新宿区健康づくり行動計画ではがん1次検診受診率の目標は60%,https://ssp.kaigiroku.net/tenant/shinjuku/MinuteView.html?council_id=3163&schedule_id=5&minute_id=12,cc2a2b46b8ef5cb01ddad85d9aa6e49bbd8501618f6683df0f72aacf7789e8f9,杉山直子議員の報告,第５期新宿区健康づくり行動計画によると、がん１次検診受診率の目標は60％です,supported,a1fa9cc71933484626770ec8eb16da8fca8d279d0082672471e59a607567e9a9
shinjuku-2026-r1-giin-2,easy,content,R1I02-E-10,実際の受診率は20%前後だと話した,https://ssp.kaigiroku.net/tenant/shinjuku/MinuteView.html?council_id=3163&schedule_id=5&minute_id=12,cc2a2b46b8ef5cb01ddad85d9aa6e49bbd8501618f6683df0f72aacf7789e8f9,杉山直子議員の報告,実際の受診率は20％前後と目標値までには隔たりがあります,supported,d40abb360fd9fcfe8d4665401b89fe7b3e8de0a46fb0bd4229375169706fa5c8
shinjuku-2026-r1-giin-2,normal,content,R1I02-N-09,実際の受診率は20%前後と目標との隔たりがある,https://ssp.kaigiroku.net/tenant/shinjuku/MinuteView.html?council_id=3163&schedule_id=5&minute_id=12,cc2a2b46b8ef5cb01ddad85d9aa6e49bbd8501618f6683df0f72aacf7789e8f9,杉山直子議員の報告,実際の受診率は20％前後と目標値までには隔たりがあります,supported,cabfe3efb78c90d70751e27b6ad558cc9606792f94e3e6a44e473d37a9074c02
shinjuku-2026-r1-giin-2,hard,content,R1I02-H-10,実際の受診率は20%前後で目標値との隔たりがある,https://ssp.kaigiroku.net/tenant/shinjuku/MinuteView.html?council_id=3163&schedule_id=5&minute_id=12,cc2a2b46b8ef5cb01ddad85d9aa6e49bbd8501618f6683df0f72aacf7789e8f9,杉山直子議員の報告,実際の受診率は20％前後と目標値までには隔たりがあります,supported,a1fa9cc71933484626770ec8eb16da8fca8d279d0082672471e59a607567e9a9
shinjuku-2026-r1-giin-2,easy,content,R1I02-E-11,委員会で案を出した人が他の区の例を示した。完全に無料にした区は9区、一部を無料にした区は6区,https://ssp.kaigiroku.net/tenant/shinjuku/MinuteView.html?council_id=3163&schedule_id=5&minute_id=12,cc2a2b46b8ef5cb01ddad85d9aa6e49bbd8501618f6683df0f72aacf7789e8f9,杉山直子議員の報告,福祉健康委員会においては、本条例の提出者より、がん検診を完全無償化している自治体は９区、一部無償化している自治体は６区,supported,d40abb360fd9fcfe8d4665401b89fe7b3e8de0a46fb0bd4229375169706fa5c8
shinjuku-2026-r1-giin-2,normal,content,R1I02-N-10,委員会では提出者から、がん検診を完全無償化している自治体は9区、一部無償化している自治体は6区との説明があった,https://ssp.kaigiroku.net/tenant/shinjuku/MinuteView.html?council_id=3163&schedule_id=5&minute_id=12,cc2a2b46b8ef5cb01ddad85d9aa6e49bbd8501618f6683df0f72aacf7789e8f9,杉山直子議員の報告,福祉健康委員会においては、本条例の提出者より、がん検診を完全無償化している自治体は９区、一部無償化している自治体は６区,supported,cabfe3efb78c90d70751e27b6ad558cc9606792f94e3e6a44e473d37a9074c02
shinjuku-2026-r1-giin-2,hard,content,R1I02-H-11,他区の状況（委員会で提出者が示した内容）: 完全無償化は9区、一部無償化は6区,https://ssp.kaigiroku.net/tenant/shinjuku/MinuteView.html?council_id=3163&schedule_id=5&minute_id=12,cc2a2b46b8ef5cb01ddad85d9aa6e49bbd8501618f6683df0f72aacf7789e8f9,杉山直子議員の報告,福祉健康委員会においては、本条例の提出者より、がん検診を完全無償化している自治体は９区、一部無償化している自治体は６区,supported,a1fa9cc71933484626770ec8eb16da8fca8d279d0082672471e59a607567e9a9
shinjuku-2026-r1-giin-2,easy,content,R1I02-E-12,来年度の予算で目黒区は受診券の送り方を広げる,https://ssp.kaigiroku.net/tenant/shinjuku/MinuteView.html?council_id=3163&schedule_id=5&minute_id=12,cc2a2b46b8ef5cb01ddad85d9aa6e49bbd8501618f6683df0f72aacf7789e8f9,杉山直子議員の報告,目黒区では、これまで申込制だった受診券の発送を50歳以上かつ前年未受診の対象者への一斉送付に拡大したり,supported,d40abb360fd9fcfe8d4665401b89fe7b3e8de0a46fb0bd4229375169706fa5c8
shinjuku-2026-r1-giin-2,normal,content,R1I02-N-11,目黒区は50歳以上かつ前年未受診の対象者への受診券の一斉送付に拡大した,https://ssp.kaigiroku.net/tenant/shinjuku/MinuteView.html?council_id=3163&schedule_id=5&minute_id=12,cc2a2b46b8ef5cb01ddad85d9aa6e49bbd8501618f6683df0f72aacf7789e8f9,杉山直子議員の報告,目黒区では、これまで申込制だった受診券の発送を50歳以上かつ前年未受診の対象者への一斉送付に拡大したり,supported,cabfe3efb78c90d70751e27b6ad558cc9606792f94e3e6a44e473d37a9074c02
shinjuku-2026-r1-giin-2,hard,content,R1I02-H-12,目黒区は受診券の発送を50歳以上かつ前年未受診の対象者への一斉送付に拡大した,https://ssp.kaigiroku.net/tenant/shinjuku/MinuteView.html?council_id=3163&schedule_id=5&minute_id=12,cc2a2b46b8ef5cb01ddad85d9aa6e49bbd8501618f6683df0f72aacf7789e8f9,杉山直子議員の報告,目黒区では、これまで申込制だった受診券の発送を50歳以上かつ前年未受診の対象者への一斉送付に拡大したり,supported,a1fa9cc71933484626770ec8eb16da8fca8d279d0082672471e59a607567e9a9
shinjuku-2026-r1-giin-2,easy,content,R1I02-E-13,来年度、品川区は5大がんの検診をすべて無料にする,https://ssp.kaigiroku.net/tenant/shinjuku/MinuteView.html?council_id=3163&schedule_id=5&minute_id=12,cc2a2b46b8ef5cb01ddad85d9aa6e49bbd8501618f6683df0f72aacf7789e8f9,杉山直子議員の報告,品川区では、新たに５大がんの検診全ての無償化に踏み出したり,supported,d40abb360fd9fcfe8d4665401b89fe7b3e8de0a46fb0bd4229375169706fa5c8
shinjuku-2026-r1-giin-2,normal,content,R1I02-N-12,品川区は新たに5大がんの検診すべての無償化に踏み出した,https://ssp.kaigiroku.net/tenant/shinjuku/MinuteView.html?council_id=3163&schedule_id=5&minute_id=12,cc2a2b46b8ef5cb01ddad85d9aa6e49bbd8501618f6683df0f72aacf7789e8f9,杉山直子議員の報告,品川区では、新たに５大がんの検診全ての無償化に踏み出したり,supported,cabfe3efb78c90d70751e27b6ad558cc9606792f94e3e6a44e473d37a9074c02
shinjuku-2026-r1-giin-2,hard,content,R1I02-H-13,品川区は新たに5大がんの検診すべての無償化に踏み出した,https://ssp.kaigiroku.net/tenant/shinjuku/MinuteView.html?council_id=3163&schedule_id=5&minute_id=12,cc2a2b46b8ef5cb01ddad85d9aa6e49bbd8501618f6683df0f72aacf7789e8f9,杉山直子議員の報告,品川区では、新たに５大がんの検診全ての無償化に踏み出したり,supported,a1fa9cc71933484626770ec8eb16da8fca8d279d0082672471e59a607567e9a9
shinjuku-2026-r1-giin-2,hard,content,R1I02-H-14,目黒区・品川区の例は来年度の予算に関する説明,https://ssp.kaigiroku.net/tenant/shinjuku/MinuteView.html?council_id=3163&schedule_id=5&minute_id=12,cc2a2b46b8ef5cb01ddad85d9aa6e49bbd8501618f6683df0f72aacf7789e8f9,杉山直子議員の報告,来年度の各区の予算においても,supported,a1fa9cc71933484626770ec8eb16da8fca8d279d0082672471e59a607567e9a9
shinjuku-2026-r1-giin-2,easy,content,R1I02-E-14,受診率を上げるには別の方法も必要だと話した,https://ssp.kaigiroku.net/tenant/shinjuku/MinuteView.html?council_id=3163&schedule_id=5&minute_id=12,cc2a2b46b8ef5cb01ddad85d9aa6e49bbd8501618f6683df0f72aacf7789e8f9,杉山直子議員の報告,検診の受診率を大幅に向上させるためには、複数の施策の組み合わせが効果的と言われています,supported,d40abb360fd9fcfe8d4665401b89fe7b3e8de0a46fb0bd4229375169706fa5c8
shinjuku-2026-r1-giin-2,normal,content,R1I02-N-13,受診率の向上には複数の施策の組み合わせが効果的と言われる,https://ssp.kaigiroku.net/tenant/shinjuku/MinuteView.html?council_id=3163&schedule_id=5&minute_id=12,cc2a2b46b8ef5cb01ddad85d9aa6e49bbd8501618f6683df0f72aacf7789e8f9,杉山直子議員の報告,検診の受診率を大幅に向上させるためには、複数の施策の組み合わせが効果的と言われています,supported,cabfe3efb78c90d70751e27b6ad558cc9606792f94e3e6a44e473d37a9074c02
shinjuku-2026-r1-giin-2,hard,content,R1I02-H-15,受診率の向上には複数の施策の組み合わせが効果的と言われる,https://ssp.kaigiroku.net/tenant/shinjuku/MinuteView.html?council_id=3163&schedule_id=5&minute_id=12,cc2a2b46b8ef5cb01ddad85d9aa6e49bbd8501618f6683df0f72aacf7789e8f9,杉山直子議員の報告,検診の受診率を大幅に向上させるためには、複数の施策の組み合わせが効果的と言われています,supported,a1fa9cc71933484626770ec8eb16da8fca8d279d0082672471e59a607567e9a9
shinjuku-2026-r1-giin-2,normal,content,R1I02-N-14,区もきめ細かい勧奨を行っているが実を結んでいないため、別の方策を取り入れる必要がある,https://ssp.kaigiroku.net/tenant/shinjuku/MinuteView.html?council_id=3163&schedule_id=5&minute_id=12,cc2a2b46b8ef5cb01ddad85d9aa6e49bbd8501618f6683df0f72aacf7789e8f9,杉山直子議員の報告,何らか別の方策を取り入れることも必要と考えます,supported,cabfe3efb78c90d70751e27b6ad558cc9606792f94e3e6a44e473d37a9074c02
shinjuku-2026-r1-giin-2,hard,content,R1I02-H-16,別の方策を取り入れることも必要と考える,https://ssp.kaigiroku.net/tenant/shinjuku/MinuteView.html?council_id=3163&schedule_id=5&minute_id=12,cc2a2b46b8ef5cb01ddad85d9aa6e49bbd8501618f6683df0f72aacf7789e8f9,杉山直子議員の報告,何らか別の方策を取り入れることも必要と考えます,supported,a1fa9cc71933484626770ec8eb16da8fca8d279d0082672471e59a607567e9a9
shinjuku-2026-r1-giin-2,easy,content,R1I02-E-15,区は乳がんと子宮頸がんで無料クーポンを配っている,https://ssp.kaigiroku.net/tenant/shinjuku/MinuteView.html?council_id=3163&schedule_id=5&minute_id=12,cc2a2b46b8ef5cb01ddad85d9aa6e49bbd8501618f6683df0f72aacf7789e8f9,杉山直子議員の報告,区は、乳がんと子宮頸がんについては、国からの補助で無料クーポンを配付しており,supported,d40abb360fd9fcfe8d4665401b89fe7b3e8de0a46fb0bd4229375169706fa5c8
shinjuku-2026-r1-giin-2,normal,content,R1I02-N-15,区は乳がんと子宮頸がんで国の補助による無料クーポンを配付している,https://ssp.kaigiroku.net/tenant/shinjuku/MinuteView.html?council_id=3163&schedule_id=5&minute_id=12,cc2a2b46b8ef5cb01ddad85d9aa6e49bbd8501618f6683df0f72aacf7789e8f9,杉山直子議員の報告,区は、乳がんと子宮頸がんについては、国からの補助で無料クーポンを配付しており,supported,cabfe3efb78c90d70751e27b6ad558cc9606792f94e3e6a44e473d37a9074c02
shinjuku-2026-r1-giin-2,hard,content,R1I02-H-17,区は乳がんと子宮頸がんについて国の補助で無料クーポンを配付している,https://ssp.kaigiroku.net/tenant/shinjuku/MinuteView.html?council_id=3163&schedule_id=5&minute_id=12,cc2a2b46b8ef5cb01ddad85d9aa6e49bbd8501618f6683df0f72aacf7789e8f9,杉山直子議員の報告,区は、乳がんと子宮頸がんについては、国からの補助で無料クーポンを配付しており,supported,a1fa9cc71933484626770ec8eb16da8fca8d279d0082672471e59a607567e9a9
shinjuku-2026-r1-giin-2,normal,content,R1I02-N-16,継続を求める第23号議案の提案理由は無料化の継続が必要だとしている,https://ssp.kaigiroku.net/tenant/shinjuku/MinuteView.html?council_id=3163&schedule_id=5&minute_id=12,cc2a2b46b8ef5cb01ddad85d9aa6e49bbd8501618f6683df0f72aacf7789e8f9,杉山直子議員の報告,これを継続する第23号議案の提案理由として、がん検診の利用の促進を図るために、その利用に係る費用の無料化を継続する必要があるためとしています,supported,cabfe3efb78c90d70751e27b6ad558cc9606792f94e3e6a44e473d37a9074c02
shinjuku-2026-r1-giin-2,hard,content,R1I02-H-18,第23号議案の提案理由は、がん検診の利用の促進を図るために利用に係る費用の無料化を継続する必要があるため,https://ssp.kaigiroku.net/tenant/shinjuku/MinuteView.html?council_id=3163&schedule_id=5&minute_id=12,cc2a2b46b8ef5cb01ddad85d9aa6e49bbd8501618f6683df0f72aacf7789e8f9,杉山直子議員の報告,これを継続する第23号議案の提案理由として、がん検診の利用の促進を図るために、その利用に係る費用の無料化を継続する必要があるためとしています,supported,a1fa9cc71933484626770ec8eb16da8fca8d279d0082672471e59a607567e9a9
shinjuku-2026-r1-giin-2,easy,content,R1I02-E-16,無料にすることが受診率を上げる大事な点だと話した,https://ssp.kaigiroku.net/tenant/shinjuku/MinuteView.html?council_id=3163&schedule_id=5&minute_id=12,cc2a2b46b8ef5cb01ddad85d9aa6e49bbd8501618f6683df0f72aacf7789e8f9,杉山直子議員の報告,無料化が受診率を上げるための重要なファクターだということは明らかです,supported,d40abb360fd9fcfe8d4665401b89fe7b3e8de0a46fb0bd4229375169706fa5c8
shinjuku-2026-r1-giin-2,normal,content,R1I02-N-17,無料化は受診率を上げる重要なファクターだと述べた,https://ssp.kaigiroku.net/tenant/shinjuku/MinuteView.html?council_id=3163&schedule_id=5&minute_id=12,cc2a2b46b8ef5cb01ddad85d9aa6e49bbd8501618f6683df0f72aacf7789e8f9,杉山直子議員の報告,無料化が受診率を上げるための重要なファクターだということは明らかです,supported,cabfe3efb78c90d70751e27b6ad558cc9606792f94e3e6a44e473d37a9074c02
shinjuku-2026-r1-giin-2,hard,content,R1I02-H-19,無料化は受診率を上げるための重要なファクターと述べた,https://ssp.kaigiroku.net/tenant/shinjuku/MinuteView.html?council_id=3163&schedule_id=5&minute_id=12,cc2a2b46b8ef5cb01ddad85d9aa6e49bbd8501618f6683df0f72aacf7789e8f9,杉山直子議員の報告,無料化が受診率を上げるための重要なファクターだということは明らかです,supported,a1fa9cc71933484626770ec8eb16da8fca8d279d0082672471e59a607567e9a9
shinjuku-2026-r1-giin-2,easy,content,R1I02-E-17,区のお金の力では問題ないと考えると話した,https://ssp.kaigiroku.net/tenant/shinjuku/MinuteView.html?council_id=3163&schedule_id=5&minute_id=12,cc2a2b46b8ef5cb01ddad85d9aa6e49bbd8501618f6683df0f72aacf7789e8f9,杉山直子議員の報告,費用負担についても、今の区の財政力からすれば、問題ないと考えます,supported,d40abb360fd9fcfe8d4665401b89fe7b3e8de0a46fb0bd4229375169706fa5c8
shinjuku-2026-r1-giin-2,normal,content,R1I02-N-18,今の区の財政力からすれば問題ないと考える,https://ssp.kaigiroku.net/tenant/shinjuku/MinuteView.html?council_id=3163&schedule_id=5&minute_id=12,cc2a2b46b8ef5cb01ddad85d9aa6e49bbd8501618f6683df0f72aacf7789e8f9,杉山直子議員の報告,費用負担についても、今の区の財政力からすれば、問題ないと考えます,supported,cabfe3efb78c90d70751e27b6ad558cc9606792f94e3e6a44e473d37a9074c02
shinjuku-2026-r1-giin-2,hard,content,R1I02-H-20,今の区の財政力からすれば問題ないと考える,https://ssp.kaigiroku.net/tenant/shinjuku/MinuteView.html?council_id=3163&schedule_id=5&minute_id=12,cc2a2b46b8ef5cb01ddad85d9aa6e49bbd8501618f6683df0f72aacf7789e8f9,杉山直子議員の報告,費用負担についても、今の区の財政力からすれば、問題ないと考えます,supported,a1fa9cc71933484626770ec8eb16da8fca8d279d0082672471e59a607567e9a9
shinjuku-2026-r1-giin-2,hard,content,R1I02-H-21,各議員に賛同を求めて報告を終えた,https://ssp.kaigiroku.net/tenant/shinjuku/MinuteView.html?council_id=3163&schedule_id=5&minute_id=12,cc2a2b46b8ef5cb01ddad85d9aa6e49bbd8501618f6683df0f72aacf7789e8f9,杉山直子議員の報告,各議員におかれましては、本議案に対して、ぜひ御賛同いただきますようお願いいたしまして、少数意見報告を終わります,supported,a1fa9cc71933484626770ec8eb16da8fca8d279d0082672471e59a607567e9a9
shinjuku-2026-r1-giin-2,easy,content,R1I02-E-18,報告のあと起立で採決した。賛成の人は起立した,https://ssp.kaigiroku.net/tenant/shinjuku/MinuteView.html?council_id=3163&schedule_id=5&minute_id=13,7d0f5eefb7988b1f72f546c55866801fd4ab23d30d0f7680e8e45a3b48ea8264,審議状況（本会議 3月24日 議長）,以上で、少数意見の報告は終わりました…起立により採決します…賛成の方は御起立願います,supported,d40abb360fd9fcfe8d4665401b89fe7b3e8de0a46fb0bd4229375169706fa5c8
shinjuku-2026-r1-giin-2,normal,content,R1I02-N-19,少数意見の報告のあと本会議で起立による採決が行われた,https://ssp.kaigiroku.net/tenant/shinjuku/MinuteView.html?council_id=3163&schedule_id=5&minute_id=13,7d0f5eefb7988b1f72f546c55866801fd4ab23d30d0f7680e8e45a3b48ea8264,審議状況（本会議 3月24日 議長）,以上で、少数意見の報告は終わりました…起立により採決します…賛成の方は御起立願います,supported,cabfe3efb78c90d70751e27b6ad558cc9606792f94e3e6a44e473d37a9074c02
shinjuku-2026-r1-giin-2,hard,content,R1I02-H-22,少数意見の報告のあと、議長は起立により採決すると述べ、賛成者の起立を求めた,https://ssp.kaigiroku.net/tenant/shinjuku/MinuteView.html?council_id=3163&schedule_id=5&minute_id=13,7d0f5eefb7988b1f72f546c55866801fd4ab23d30d0f7680e8e45a3b48ea8264,審議状況（本会議 3月24日 議長）,以上で、少数意見の報告は終わりました…起立により採決します…賛成の方は御起立願います,supported,a1fa9cc71933484626770ec8eb16da8fca8d279d0082672471e59a607567e9a9
shinjuku-2026-r1-giin-2,easy,content,R1I02-E-19,起立した人は少数で、議長は否決と伝えた,https://ssp.kaigiroku.net/tenant/shinjuku/MinuteView.html?council_id=3163&schedule_id=5&minute_id=14,6c5cee7b0e568b912cd6a1aeab4049ba4dc242dc5ae44d0c882c2e084466099f,審議状況（本会議 3月24日 議長）,起立少数と認めます。本案は、否決されました,supported,d40abb360fd9fcfe8d4665401b89fe7b3e8de0a46fb0bd4229375169706fa5c8
shinjuku-2026-r1-giin-2,normal,content,R1I02-N-20,起立少数で否決された,https://ssp.kaigiroku.net/tenant/shinjuku/MinuteView.html?council_id=3163&schedule_id=5&minute_id=14,6c5cee7b0e568b912cd6a1aeab4049ba4dc242dc5ae44d0c882c2e084466099f,審議状況（本会議 3月24日 議長）,起立少数と認めます。本案は、否決されました,supported,cabfe3efb78c90d70751e27b6ad558cc9606792f94e3e6a44e473d37a9074c02
shinjuku-2026-r1-giin-2,hard,content,R1I02-H-23,議長は起立少数と認め、本案は否決されたと宣告した,https://ssp.kaigiroku.net/tenant/shinjuku/MinuteView.html?council_id=3163&schedule_id=5&minute_id=14,6c5cee7b0e568b912cd6a1aeab4049ba4dc242dc5ae44d0c882c2e084466099f,審議状況（本会議 3月24日 議長）,起立少数と認めます。本案は、否決されました,supported,a1fa9cc71933484626770ec8eb16da8fca8d279d0082672471e59a607567e9a9
shinjuku-2026-r1-giin-2,easy,content,R1I02-E-20,会期は2026年2月17日（火）から3月24日（火）まで,https://www.city.shinjuku.lg.jp/kusei/file08_05_0003820210204_00013.html,869549fe3ba94ac28c6e8fd003d4ad71484501a78203fc7a885109aae4ab487c,審議状況（会期と日程）,令和8年2月17日（火曜日）から3月24日（火曜日）まで,supported,d40abb360fd9fcfe8d4665401b89fe7b3e8de0a46fb0bd4229375169706fa5c8
shinjuku-2026-r1-giin-2,normal,content,R1I02-N-21,会期は2月17日から3月24日まで,https://www.city.shinjuku.lg.jp/kusei/file08_05_0003820210204_00013.html,869549fe3ba94ac28c6e8fd003d4ad71484501a78203fc7a885109aae4ab487c,審議状況（会期と日程）,令和8年2月17日（火曜日）から3月24日（火曜日）まで,supported,cabfe3efb78c90d70751e27b6ad558cc9606792f94e3e6a44e473d37a9074c02
shinjuku-2026-r1-giin-2,hard,content,R1I02-H-24,会期は令和8年2月17日（火曜日）から3月24日（火曜日）まで,https://www.city.shinjuku.lg.jp/kusei/file08_05_0003820210204_00013.html,869549fe3ba94ac28c6e8fd003d4ad71484501a78203fc7a885109aae4ab487c,審議状況（会期と日程）,令和8年2月17日（火曜日）から3月24日（火曜日）まで,supported,a1fa9cc71933484626770ec8eb16da8fca8d279d0082672471e59a607567e9a9
shinjuku-2026-r1-giin-2,easy,content,R1I02-E-21,会派は8つで、賛成は2つ。共産党議員団とれいわ新選組 新宿が賛成、他の6会派が反対,https://www.city.shinjuku.lg.jp/content/000452334.pdf,22ba4f49b18c96bd1fa26241606257c05477f38e25ac46d6f8e4f416a2cedbf2,審議状況（議員提出議案の採決結果行）,新宿区保健事業の利用に係る使用料等を無料にする。×　×　○　×　×　×　×　○否決,supported,d40abb360fd9fcfe8d4665401b89fe7b3e8de0a46fb0bd4229375169706fa5c8
shinjuku-2026-r1-giin-2,normal,content,R1I02-N-22,共産とれいわが賛成、他の6会派が反対,https://www.city.shinjuku.lg.jp/content/000452334.pdf,22ba4f49b18c96bd1fa26241606257c05477f38e25ac46d6f8e4f416a2cedbf2,審議状況（議員提出議案の採決結果行）,新宿区保健事業の利用に係る使用料等を無料にする。×　×　○　×　×　×　×　○否決,supported,cabfe3efb78c90d70751e27b6ad558cc9606792f94e3e6a44e473d37a9074c02
shinjuku-2026-r1-giin-2,hard,content,R1I02-H-25,会派別の賛否（表）: 共産・れいわが賛成、他の6会派が反対,https://www.city.shinjuku.lg.jp/content/000452334.pdf,22ba4f49b18c96bd1fa26241606257c05477f38e25ac46d6f8e4f416a2cedbf2,審議状況（議員提出議案の採決結果行）,新宿区保健事業の利用に係る使用料等を無料にする。×　×　○　×　×　×　×　○否決,supported,a1fa9cc71933484626770ec8eb16da8fca8d279d0082672471e59a607567e9a9
shinjuku-2026-r1-giin-2,hard,content,R1I02-H-26,会派略称と会派名の対応,https://www.city.shinjuku.lg.jp/content/000452334.pdf,22ba4f49b18c96bd1fa26241606257c05477f38e25ac46d6f8e4f416a2cedbf2,審議状況（会派略称・列の並び）,共産＝日本共産党新宿区議会議員団…れいわ＝れいわ新選組 新宿…自参ク＝自民・参政クラブ…公明＝新宿区議会公明党…新宿会＝新宿未来の会…民無ク＝立憲民主党・無所属クラブ…維新＝日本維新の会・新宿区議団…現役＝現役世代に優しい新宿・減税の会…自参ク 公明 共産 新宿会 民無ク 維新 現役 れいわ,supported,a1fa9cc71933484626770ec8eb16da8fca8d279d0082672471e59a607567e9a9
shinjuku-2026-r1-giin-2,easy,content,R1I02-E-22,条例の案の全文は出典に書かれていない,https://www.city.shinjuku.lg.jp/content/000452334.pdf,22ba4f49b18c96bd1fa26241606257c05477f38e25ac46d6f8e4f416a2cedbf2,出典に記載がない事項,（本件は解説本文が「一次資料に記載がない」と明示している箇所であり、事実主張ではない）,needs_source,d40abb360fd9fcfe8d4665401b89fe7b3e8de0a46fb0bd4229375169706fa5c8
shinjuku-2026-r1-giin-2,normal,content,R1I02-N-23,条例案の全文（無料になる検診の範囲、費用の試算、施行日を含む）は出典に書かれていない,https://www.city.shinjuku.lg.jp/content/000452334.pdf,22ba4f49b18c96bd1fa26241606257c05477f38e25ac46d6f8e4f416a2cedbf2,出典に記載がない事項,（本件は解説本文が「一次資料に記載がない」と明示している箇所であり、事実主張ではない）,needs_source,cabfe3efb78c90d70751e27b6ad558cc9606792f94e3e6a44e473d37a9074c02
shinjuku-2026-r1-giin-2,hard,content,R1I02-H-27,条例案の全文（無料になる検診の範囲、費用の試算、施行日、条文構成）は出典に書かれていない,https://www.city.shinjuku.lg.jp/content/000452334.pdf,22ba4f49b18c96bd1fa26241606257c05477f38e25ac46d6f8e4f416a2cedbf2,出典に記載がない事項,（本件は解説本文が「一次資料に記載がない」と明示している箇所であり、事実主張ではない）,needs_source,a1fa9cc71933484626770ec8eb16da8fca8d279d0082672471e59a607567e9a9
shinjuku-2026-r1-giin-2,easy,content,R1I02-E-23,無料になる検診の種類と費用の計算は出典に書かれていない,https://www.city.shinjuku.lg.jp/content/000452334.pdf,22ba4f49b18c96bd1fa26241606257c05477f38e25ac46d6f8e4f416a2cedbf2,出典に記載がない事項,（本件は解説本文が「一次資料に記載がない」と明示している箇所であり、事実主張ではない）,needs_source,d40abb360fd9fcfe8d4665401b89fe7b3e8de0a46fb0bd4229375169706fa5c8
shinjuku-2026-r1-giin-2,easy,content,R1I02-E-24,始まる日は出典に書かれていない,https://www.city.shinjuku.lg.jp/content/000452334.pdf,22ba4f49b18c96bd1fa26241606257c05477f38e25ac46d6f8e4f416a2cedbf2,出典に記載がない事項,（本件は解説本文が「一次資料に記載がない」と明示している箇所であり、事実主張ではない）,needs_source,d40abb360fd9fcfe8d4665401b89fe7b3e8de0a46fb0bd4229375169706fa5c8
shinjuku-2026-r1-giin-2,easy,content,R1I02-E-25,条例の案を出した会派と議員は出典に書かれていない,https://www.city.shinjuku.lg.jp/content/000452334.pdf,22ba4f49b18c96bd1fa26241606257c05477f38e25ac46d6f8e4f416a2cedbf2,出典に記載がない事項,（本件は解説本文が「一次資料に記載がない」と明示している箇所であり、事実主張ではない）,needs_source,d40abb360fd9fcfe8d4665401b89fe7b3e8de0a46fb0bd4229375169706fa5c8
shinjuku-2026-r1-giin-2,normal,content,R1I02-N-24,条例案を提出した会派と議員は出典に書かれていない,https://www.city.shinjuku.lg.jp/content/000452334.pdf,22ba4f49b18c96bd1fa26241606257c05477f38e25ac46d6f8e4f416a2cedbf2,出典に記載がない事項,（本件は解説本文が「一次資料に記載がない」と明示している箇所であり、事実主張ではない）,needs_source,cabfe3efb78c90d70751e27b6ad558cc9606792f94e3e6a44e473d37a9074c02
shinjuku-2026-r1-giin-2,hard,content,R1I02-H-28,条例案を提出した会派と議員は出典に書かれていない,https://www.city.shinjuku.lg.jp/content/000452334.pdf,22ba4f49b18c96bd1fa26241606257c05477f38e25ac46d6f8e4f416a2cedbf2,出典に記載がない事項,（本件は解説本文が「一次資料に記載がない」と明示している箇所であり、事実主張ではない）,needs_source,a1fa9cc71933484626770ec8eb16da8fca8d279d0082672471e59a607567e9a9
shinjuku-2026-r1-giin-2,easy,content,R1I02-E-26,反対した会派が反対した理由は出典に書かれていない,https://www.city.shinjuku.lg.jp/content/000452334.pdf,22ba4f49b18c96bd1fa26241606257c05477f38e25ac46d6f8e4f416a2cedbf2,出典に記載がない事項,（本件は解説本文が「一次資料に記載がない」と明示している箇所であり、事実主張ではない）,needs_source,d40abb360fd9fcfe8d4665401b89fe7b3e8de0a46fb0bd4229375169706fa5c8
shinjuku-2026-r1-giin-2,normal,content,R1I02-N-25,反対した会派の反対理由は出典に書かれていない,https://www.city.shinjuku.lg.jp/content/000452334.pdf,22ba4f49b18c96bd1fa26241606257c05477f38e25ac46d6f8e4f416a2cedbf2,出典に記載がない事項,（本件は解説本文が「一次資料に記載がない」と明示している箇所であり、事実主張ではない）,needs_source,cabfe3efb78c90d70751e27b6ad558cc9606792f94e3e6a44e473d37a9074c02
shinjuku-2026-r1-giin-2,hard,content,R1I02-H-29,反対した会派の反対理由は出典に書かれていない,https://www.city.shinjuku.lg.jp/content/000452334.pdf,22ba4f49b18c96bd1fa26241606257c05477f38e25ac46d6f8e4f416a2cedbf2,出典に記載がない事項,（本件は解説本文が「一次資料に記載がない」と明示している箇所であり、事実主張ではない）,needs_source,a1fa9cc71933484626770ec8eb16da8fca8d279d0082672471e59a607567e9a9
shinjuku-2026-r1-giin-2,normal,content,R1I02-N-26,委員会での質疑の内容は出典に書かれていない,https://www.city.shinjuku.lg.jp/content/000452334.pdf,22ba4f49b18c96bd1fa26241606257c05477f38e25ac46d6f8e4f416a2cedbf2,出典に記載がない事項,（本件は解説本文が「一次資料に記載がない」と明示している箇所であり、事実主張ではない）,needs_source,cabfe3efb78c90d70751e27b6ad558cc9606792f94e3e6a44e473d37a9074c02
shinjuku-2026-r1-giin-2,hard,content,R1I02-H-30,委員会での質疑の内容は出典に書かれていない,https://www.city.shinjuku.lg.jp/content/000452334.pdf,22ba4f49b18c96bd1fa26241606257c05477f38e25ac46d6f8e4f416a2cedbf2,出典に記載がない事項,（本件は解説本文が「一次資料に記載がない」と明示している箇所であり、事実主張ではない）,needs_source,a1fa9cc71933484626770ec8eb16da8fca8d279d0082672471e59a607567e9a9
shinjuku-2026-r1-giin-3,easy,title,R1I03-ET-01,見出し: 公営住宅に入れない世帯の家賃を助ける条例の案,https://www.city.shinjuku.lg.jp/kusei/file08_05_0003820210204_00013.html,869549fe3ba94ac28c6e8fd003d4ad71484501a78203fc7a885109aae4ab487c,件名（会期ページ）,議員提出議案第3号　新宿区安心居住支援家賃の助成に関する条例,supported,2380fe2a201080a905347cab253c73132d818651a99e1c2fba76476c0cbc6daf
shinjuku-2026-r1-giin-3,normal,title,R1I03-NT-01,見出し: 公営住宅に入れない世帯への家賃助成条例案（議員提出議案第3号）,https://www.city.shinjuku.lg.jp/kusei/file08_05_0003820210204_00013.html,869549fe3ba94ac28c6e8fd003d4ad71484501a78203fc7a885109aae4ab487c,件名（会期ページ）,議員提出議案第3号　新宿区安心居住支援家賃の助成に関する条例,supported,7b815fcaf7b199085e7c9f01776ef1814f1036a989110aa6ab12ddf3f1c8b0be
shinjuku-2026-r1-giin-3,hard,title,R1I03-HT-01,見出し: 議員提出議案第3号 新宿区安心居住支援家賃の助成に関する条例,https://www.city.shinjuku.lg.jp/kusei/file08_05_0003820210204_00013.html,869549fe3ba94ac28c6e8fd003d4ad71484501a78203fc7a885109aae4ab487c,件名（会期ページ）,議員提出議案第3号　新宿区安心居住支援家賃の助成に関する条例,supported,ab46cceb9cad26de07ed67150c61c2287287839697b79a7046e9aeecd349e425
shinjuku-2026-r1-giin-3,easy,summary,R1I03-ES-01,要約: 公営住宅に入れない世帯の家賃の一部を助ける内容,https://www.city.shinjuku.lg.jp/content/000452334.pdf,22ba4f49b18c96bd1fa26241606257c05477f38e25ac46d6f8e4f416a2cedbf2,概要,公営住宅に入居することができない世帯が民間賃貸住宅に入居している場合の家賃の一部を助成する,supported,2380fe2a201080a905347cab253c73132d818651a99e1c2fba76476c0cbc6daf
shinjuku-2026-r1-giin-3,normal,summary,R1I03-NS-01,要約: 公営住宅に入居できない世帯が民間賃貸住宅に入居している場合に家賃の一部を助成する条例案,https://www.city.shinjuku.lg.jp/content/000452334.pdf,22ba4f49b18c96bd1fa26241606257c05477f38e25ac46d6f8e4f416a2cedbf2,概要,公営住宅に入居することができない世帯が民間賃貸住宅に入居している場合の家賃の一部を助成する,supported,7b815fcaf7b199085e7c9f01776ef1814f1036a989110aa6ab12ddf3f1c8b0be
shinjuku-2026-r1-giin-3,hard,summary,R1I03-HS-01,要約: 公営住宅に入居することができない世帯が民間賃貸住宅に入居している場合の家賃の一部を助成する条例案,https://www.city.shinjuku.lg.jp/content/000452334.pdf,22ba4f49b18c96bd1fa26241606257c05477f38e25ac46d6f8e4f416a2cedbf2,概要,公営住宅に入居することができない世帯が民間賃貸住宅に入居している場合の家賃の一部を助成する,supported,ab46cceb9cad26de07ed67150c61c2287287839697b79a7046e9aeecd349e425
shinjuku-2026-r1-giin-3,normal,summary,R1I03-NS-02,要約: 環境建設委員会の審査報告は否決で、高月まな議員とさわいめぐみ議員が少数意見を報告した,https://ssp.kaigiroku.net/tenant/shinjuku/MinuteView.html?council_id=3163&schedule_id=5&minute_id=105,50037bc44ca3a2d003ec107f308742dd1e7da00ce3446928ee763014db946b7f,審議状況（本会議 3月24日 議長）,環境建設委員会審査報告書は、否決です…少数意見を口頭で報告するとの申出があります…順にこれを許します…最初に、８番高月まな議員,supported,7b815fcaf7b199085e7c9f01776ef1814f1036a989110aa6ab12ddf3f1c8b0be
shinjuku-2026-r1-giin-3,hard,summary,R1I03-HS-02,要約: 環境建設委員会の審査報告書は否決。本会議で高月まな議員とさわいめぐみ議員が少数意見を報告,https://ssp.kaigiroku.net/tenant/shinjuku/MinuteView.html?council_id=3163&schedule_id=5&minute_id=105,50037bc44ca3a2d003ec107f308742dd1e7da00ce3446928ee763014db946b7f,審議状況（本会議 3月24日 議長）,環境建設委員会審査報告書は、否決です…少数意見を口頭で報告するとの申出があります…順にこれを許します…最初に、８番高月まな議員,supported,ab46cceb9cad26de07ed67150c61c2287287839697b79a7046e9aeecd349e425
shinjuku-2026-r1-giin-3,normal,summary,R1I03-NS-03,要約: 高月議員に続いてさわい議員が報告した,https://ssp.kaigiroku.net/tenant/shinjuku/MinuteView.html?council_id=3163&schedule_id=5&minute_id=107,110742f25fafd5f4301b15105ffff8028f7003ae0334535ed31cb4b937c8dfdc,審議状況（本会議 3月24日 議長）,次に、37番さわいめぐみ議員,supported,7b815fcaf7b199085e7c9f01776ef1814f1036a989110aa6ab12ddf3f1c8b0be
shinjuku-2026-r1-giin-3,hard,summary,R1I03-HS-03,要約: 高月議員に続いてさわい議員が報告,https://ssp.kaigiroku.net/tenant/shinjuku/MinuteView.html?council_id=3163&schedule_id=5&minute_id=107,110742f25fafd5f4301b15105ffff8028f7003ae0334535ed31cb4b937c8dfdc,審議状況（本会議 3月24日 議長）,次に、37番さわいめぐみ議員,supported,ab46cceb9cad26de07ed67150c61c2287287839697b79a7046e9aeecd349e425
shinjuku-2026-r1-giin-3,easy,summary,R1I03-ES-02,要約: 本会議で否決された,https://ssp.kaigiroku.net/tenant/shinjuku/MinuteView.html?council_id=3163&schedule_id=5&minute_id=110,6c5cee7b0e568b912cd6a1aeab4049ba4dc242dc5ae44d0c882c2e084466099f,審議状況（本会議 3月24日 議長）,起立少数と認めます。本案は、否決されました,supported,2380fe2a201080a905347cab253c73132d818651a99e1c2fba76476c0cbc6daf
shinjuku-2026-r1-giin-3,normal,summary,R1I03-NS-04,要約: 起立少数により否決された,https://ssp.kaigiroku.net/tenant/shinjuku/MinuteView.html?council_id=3163&schedule_id=5&minute_id=110,6c5cee7b0e568b912cd6a1aeab4049ba4dc242dc5ae44d0c882c2e084466099f,審議状況（本会議 3月24日 議長）,起立少数と認めます。本案は、否決されました,supported,7b815fcaf7b199085e7c9f01776ef1814f1036a989110aa6ab12ddf3f1c8b0be
shinjuku-2026-r1-giin-3,hard,summary,R1I03-HS-04,要約: 起立少数で否決,https://ssp.kaigiroku.net/tenant/shinjuku/MinuteView.html?council_id=3163&schedule_id=5&minute_id=110,6c5cee7b0e568b912cd6a1aeab4049ba4dc242dc5ae44d0c882c2e084466099f,審議状況（本会議 3月24日 議長）,起立少数と認めます。本案は、否決されました,supported,ab46cceb9cad26de07ed67150c61c2287287839697b79a7046e9aeecd349e425
shinjuku-2026-r1-giin-3,easy,summary,R1I03-ES-03,要約: 2026年（令和8年）3月24日の本会議,https://ssp.kaigiroku.net/tenant/shinjuku/MinuteView.html?council_id=3163&schedule_id=5&minute_id=1,bd058d36962b45d8d965e4625bb95ecd661a102a026175213f37ba9eb575424a,審議状況（本会議 3月24日 会議録の冒頭）,令和８年第１回定例会会議録（第４日）第４号…令和８年３月２４日（火曜日）,supported,2380fe2a201080a905347cab253c73132d818651a99e1c2fba76476c0cbc6daf
shinjuku-2026-r1-giin-3,normal,summary,R1I03-NS-05,要約: 令和8年3月24日の本会議,https://ssp.kaigiroku.net/tenant/shinjuku/MinuteView.html?council_id=3163&schedule_id=5&minute_id=1,bd058d36962b45d8d965e4625bb95ecd661a102a026175213f37ba9eb575424a,審議状況（本会議 3月24日 会議録の冒頭）,令和８年第１回定例会会議録（第４日）第４号…令和８年３月２４日（火曜日）,supported,7b815fcaf7b199085e7c9f01776ef1814f1036a989110aa6ab12ddf3f1c8b0be
shinjuku-2026-r1-giin-3,hard,summary,R1I03-HS-05,要約: 本会議は令和8年3月24日,https://ssp.kaigiroku.net/tenant/shinjuku/MinuteView.html?council_id=3163&schedule_id=5&minute_id=1,bd058d36962b45d8d965e4625bb95ecd661a102a026175213f37ba9eb575424a,審議状況（本会議 3月24日 会議録の冒頭）,令和８年第１回定例会会議録（第４日）第４号…令和８年３月２４日（火曜日）,supported,ab46cceb9cad26de07ed67150c61c2287287839697b79a7046e9aeecd349e425
shinjuku-2026-r1-giin-3,hard,summary,R1I03-HS-06,要約: 共産・れいわが賛成、他6会派が反対,https://www.city.shinjuku.lg.jp/content/000452334.pdf,22ba4f49b18c96bd1fa26241606257c05477f38e25ac46d6f8e4f416a2cedbf2,審議状況（議員提出議案の採決結果行）,民間賃貸住宅に入居している場合の家賃の一部を助成する。×　×　○　×　×　×　×　○否決,supported,ab46cceb9cad26de07ed67150c61c2287287839697b79a7046e9aeecd349e425
shinjuku-2026-r1-giin-3,easy,content,R1I03-E-01,議員提出議案の第3号,https://ssp.kaigiroku.net/tenant/shinjuku/MinuteView.html?council_id=3163&schedule_id=5&minute_id=104,48f858d3d90191a65dd4007bd1180c04e393504c9c9ee2284806009845a11569,審議状況（本会議 3月24日 議題）,議員提出議案第３号　新宿区安心居住支援家賃の助成に関する条例,supported,2380fe2a201080a905347cab253c73132d818651a99e1c2fba76476c0cbc6daf
shinjuku-2026-r1-giin-3,normal,content,R1I03-N-01,議員提出議案第3号,https://ssp.kaigiroku.net/tenant/shinjuku/MinuteView.html?council_id=3163&schedule_id=5&minute_id=104,48f858d3d90191a65dd4007bd1180c04e393504c9c9ee2284806009845a11569,審議状況（本会議 3月24日 議題）,議員提出議案第３号　新宿区安心居住支援家賃の助成に関する条例,supported,7b815fcaf7b199085e7c9f01776ef1814f1036a989110aa6ab12ddf3f1c8b0be
shinjuku-2026-r1-giin-3,hard,content,R1I03-H-01,種別は議員提出議案,https://ssp.kaigiroku.net/tenant/shinjuku/MinuteView.html?council_id=3163&schedule_id=5&minute_id=104,48f858d3d90191a65dd4007bd1180c04e393504c9c9ee2284806009845a11569,審議状況（本会議 3月24日 議題）,議員提出議案第３号　新宿区安心居住支援家賃の助成に関する条例,supported,ab46cceb9cad26de07ed67150c61c2287287839697b79a7046e9aeecd349e425
shinjuku-2026-r1-giin-3,normal,content,R1I03-N-02,件名は新宿区安心居住支援家賃の助成に関する条例,https://www.city.shinjuku.lg.jp/kusei/file08_05_0003820210204_00013.html,869549fe3ba94ac28c6e8fd003d4ad71484501a78203fc7a885109aae4ab487c,件名（会期ページ）,議員提出議案第3号　新宿区安心居住支援家賃の助成に関する条例,supported,7b815fcaf7b199085e7c9f01776ef1814f1036a989110aa6ab12ddf3f1c8b0be
shinjuku-2026-r1-giin-3,hard,content,R1I03-H-02,件名は新宿区安心居住支援家賃の助成に関する条例,https://www.city.shinjuku.lg.jp/kusei/file08_05_0003820210204_00013.html,869549fe3ba94ac28c6e8fd003d4ad71484501a78203fc7a885109aae4ab487c,件名（会期ページ）,議員提出議案第3号　新宿区安心居住支援家賃の助成に関する条例,supported,ab46cceb9cad26de07ed67150c61c2287287839697b79a7046e9aeecd349e425
shinjuku-2026-r1-giin-3,easy,content,R1I03-E-02,対象は公営住宅に入れない世帯。民間の賃貸住宅に住む場合の家賃の一部を助ける,https://www.city.shinjuku.lg.jp/content/000452334.pdf,22ba4f49b18c96bd1fa26241606257c05477f38e25ac46d6f8e4f416a2cedbf2,概要,公営住宅に入居することができない世帯が民間賃貸住宅に入居している場合の家賃の一部を助成する,supported,2380fe2a201080a905347cab253c73132d818651a99e1c2fba76476c0cbc6daf
shinjuku-2026-r1-giin-3,normal,content,R1I03-N-03,概要: 公営住宅に入居することができない世帯が民間賃貸住宅に入居している場合の家賃の一部を助成する,https://www.city.shinjuku.lg.jp/content/000452334.pdf,22ba4f49b18c96bd1fa26241606257c05477f38e25ac46d6f8e4f416a2cedbf2,概要,公営住宅に入居することができない世帯が民間賃貸住宅に入居している場合の家賃の一部を助成する,supported,7b815fcaf7b199085e7c9f01776ef1814f1036a989110aa6ab12ddf3f1c8b0be
shinjuku-2026-r1-giin-3,hard,content,R1I03-H-03,概要: 公営住宅に入居することができない世帯が民間賃貸住宅に入居している場合の家賃の一部を助成する,https://www.city.shinjuku.lg.jp/content/000452334.pdf,22ba4f49b18c96bd1fa26241606257c05477f38e25ac46d6f8e4f416a2cedbf2,概要,公営住宅に入居することができない世帯が民間賃貸住宅に入居している場合の家賃の一部を助成する,supported,ab46cceb9cad26de07ed67150c61c2287287839697b79a7046e9aeecd349e425
shinjuku-2026-r1-giin-3,easy,content,R1I03-E-03,目的は区民が区内に安心して住み続けられること,https://www.city.shinjuku.lg.jp/content/000452334.pdf,22ba4f49b18c96bd1fa26241606257c05477f38e25ac46d6f8e4f416a2cedbf2,概要,区民が安心して新宿区内に住み続けられるようにする必要があるため,supported,2380fe2a201080a905347cab253c73132d818651a99e1c2fba76476c0cbc6daf
shinjuku-2026-r1-giin-3,normal,content,R1I03-N-04,概要: 区民が安心して新宿区内に住み続けられるようにする必要がある,https://www.city.shinjuku.lg.jp/content/000452334.pdf,22ba4f49b18c96bd1fa26241606257c05477f38e25ac46d6f8e4f416a2cedbf2,概要,区民が安心して新宿区内に住み続けられるようにする必要があるため,supported,7b815fcaf7b199085e7c9f01776ef1814f1036a989110aa6ab12ddf3f1c8b0be
shinjuku-2026-r1-giin-3,hard,content,R1I03-H-04,概要: 区民が安心して新宿区内に住み続けられるようにする必要がある,https://www.city.shinjuku.lg.jp/content/000452334.pdf,22ba4f49b18c96bd1fa26241606257c05477f38e25ac46d6f8e4f416a2cedbf2,概要,区民が安心して新宿区内に住み続けられるようにする必要があるため,supported,ab46cceb9cad26de07ed67150c61c2287287839697b79a7046e9aeecd349e425
shinjuku-2026-r1-giin-3,easy,content,R1I03-E-04,環境建設委員会の審査報告書は否決。高月議員とさわい議員が順に報告した,https://ssp.kaigiroku.net/tenant/shinjuku/MinuteView.html?council_id=3163&schedule_id=5&minute_id=105,50037bc44ca3a2d003ec107f308742dd1e7da00ce3446928ee763014db946b7f,審議状況（本会議 3月24日 議長）,環境建設委員会審査報告書は、否決です…少数意見を口頭で報告するとの申出があります…順にこれを許します…最初に、８番高月まな議員,supported,2380fe2a201080a905347cab253c73132d818651a99e1c2fba76476c0cbc6daf
shinjuku-2026-r1-giin-3,normal,content,R1I03-N-05,環境建設委員会の審査報告書は否決。少数意見を口頭で報告する申出があった,https://ssp.kaigiroku.net/tenant/shinjuku/MinuteView.html?council_id=3163&schedule_id=5&minute_id=105,50037bc44ca3a2d003ec107f308742dd1e7da00ce3446928ee763014db946b7f,審議状況（本会議 3月24日 議長）,環境建設委員会審査報告書は、否決です…少数意見を口頭で報告するとの申出があります…順にこれを許します…最初に、８番高月まな議員,supported,7b815fcaf7b199085e7c9f01776ef1814f1036a989110aa6ab12ddf3f1c8b0be
shinjuku-2026-r1-giin-3,hard,content,R1I03-H-05,議長が環境建設委員会審査報告書は否決で、少数意見を口頭で報告する申出があると述べ、高月まな議員、さわいめぐみ議員の順に登壇を許した,https://ssp.kaigiroku.net/tenant/shinjuku/MinuteView.html?council_id=3163&schedule_id=5&minute_id=105,50037bc44ca3a2d003ec107f308742dd1e7da00ce3446928ee763014db946b7f,審議状況（本会議 3月24日 議長）,環境建設委員会審査報告書は、否決です…少数意見を口頭で報告するとの申出があります…順にこれを許します…最初に、８番高月まな議員,supported,ab46cceb9cad26de07ed67150c61c2287287839697b79a7046e9aeecd349e425
shinjuku-2026-r1-giin-3,easy,content,R1I03-E-05,2番目に報告したのはさわい議員,https://ssp.kaigiroku.net/tenant/shinjuku/MinuteView.html?council_id=3163&schedule_id=5&minute_id=107,110742f25fafd5f4301b15105ffff8028f7003ae0334535ed31cb4b937c8dfdc,審議状況（本会議 3月24日 議長）,次に、37番さわいめぐみ議員,supported,2380fe2a201080a905347cab253c73132d818651a99e1c2fba76476c0cbc6daf
shinjuku-2026-r1-giin-3,normal,content,R1I03-N-06,高月議員に続いてさわい議員が報告した,https://ssp.kaigiroku.net/tenant/shinjuku/MinuteView.html?council_id=3163&schedule_id=5&minute_id=107,110742f25fafd5f4301b15105ffff8028f7003ae0334535ed31cb4b937c8dfdc,審議状況（本会議 3月24日 議長）,次に、37番さわいめぐみ議員,supported,7b815fcaf7b199085e7c9f01776ef1814f1036a989110aa6ab12ddf3f1c8b0be
shinjuku-2026-r1-giin-3,hard,content,R1I03-H-06,高月議員に続いてさわい議員が登壇した,https://ssp.kaigiroku.net/tenant/shinjuku/MinuteView.html?council_id=3163&schedule_id=5&minute_id=107,110742f25fafd5f4301b15105ffff8028f7003ae0334535ed31cb4b937c8dfdc,審議状況（本会議 3月24日 議長）,次に、37番さわいめぐみ議員,supported,ab46cceb9cad26de07ed67150c61c2287287839697b79a7046e9aeecd349e425
shinjuku-2026-r1-giin-3,easy,content,R1I03-E-06,報告は2026年（令和8年）3月24日（火）の本会議,https://ssp.kaigiroku.net/tenant/shinjuku/MinuteView.html?council_id=3163&schedule_id=5&minute_id=1,bd058d36962b45d8d965e4625bb95ecd661a102a026175213f37ba9eb575424a,審議状況（本会議 3月24日 会議録の冒頭）,令和８年第１回定例会会議録（第４日）第４号…令和８年３月２４日（火曜日）,supported,2380fe2a201080a905347cab253c73132d818651a99e1c2fba76476c0cbc6daf
shinjuku-2026-r1-giin-3,normal,content,R1I03-N-07,本会議は令和8年3月24日,https://ssp.kaigiroku.net/tenant/shinjuku/MinuteView.html?council_id=3163&schedule_id=5&minute_id=1,bd058d36962b45d8d965e4625bb95ecd661a102a026175213f37ba9eb575424a,審議状況（本会議 3月24日 会議録の冒頭）,令和８年第１回定例会会議録（第４日）第４号…令和８年３月２４日（火曜日）,supported,7b815fcaf7b199085e7c9f01776ef1814f1036a989110aa6ab12ddf3f1c8b0be
shinjuku-2026-r1-giin-3,hard,content,R1I03-H-07,会議録は第4日第4号、令和8年3月24日（火曜日）,https://ssp.kaigiroku.net/tenant/shinjuku/MinuteView.html?council_id=3163&schedule_id=5&minute_id=1,bd058d36962b45d8d965e4625bb95ecd661a102a026175213f37ba9eb575424a,審議状況（本会議 3月24日 会議録の冒頭）,令和８年第１回定例会会議録（第４日）第４号…令和８年３月２４日（火曜日）,supported,ab46cceb9cad26de07ed67150c61c2287287839697b79a7046e9aeecd349e425
shinjuku-2026-r1-giin-3,easy,content,R1I03-E-07,高月議員は沢田あゆみ委員といっしょに賛成して少数意見を残した,https://ssp.kaigiroku.net/tenant/shinjuku/MinuteView.html?council_id=3163&schedule_id=5&minute_id=106,72114fcf86aa7bdf101380a55b8513c23b84acbfb87541fbf3c271a430f123fb,高月まな議員の報告,沢田あゆみ委員と私、高月まなは賛成し、少数意見を留保しましたので報告いたします,supported,2380fe2a201080a905347cab253c73132d818651a99e1c2fba76476c0cbc6daf
shinjuku-2026-r1-giin-3,normal,content,R1I03-N-08,沢田あゆみ委員とともに賛成して少数意見を留保した,https://ssp.kaigiroku.net/tenant/shinjuku/MinuteView.html?council_id=3163&schedule_id=5&minute_id=106,72114fcf86aa7bdf101380a55b8513c23b84acbfb87541fbf3c271a430f123fb,高月まな議員の報告,沢田あゆみ委員と私、高月まなは賛成し、少数意見を留保しましたので報告いたします,supported,7b815fcaf7b199085e7c9f01776ef1814f1036a989110aa6ab12ddf3f1c8b0be
shinjuku-2026-r1-giin-3,hard,content,R1I03-H-08,沢田あゆみ委員と高月議員は賛成し、少数意見を留保した,https://ssp.kaigiroku.net/tenant/shinjuku/MinuteView.html?council_id=3163&schedule_id=5&minute_id=106,72114fcf86aa7bdf101380a55b8513c23b84acbfb87541fbf3c271a430f123fb,高月まな議員の報告,沢田あゆみ委員と私、高月まなは賛成し、少数意見を留保しましたので報告いたします,supported,ab46cceb9cad26de07ed67150c61c2287287839697b79a7046e9aeecd349e425
shinjuku-2026-r1-giin-3,hard,content,R1I03-H-09,趣旨: 家賃の一部を助成することで区民の負担軽減を図り、安心して区内に住み続けられるよう支援する。区民の生活の安定、福祉の増進に資する,https://ssp.kaigiroku.net/tenant/shinjuku/MinuteView.html?council_id=3163&schedule_id=5&minute_id=106,72114fcf86aa7bdf101380a55b8513c23b84acbfb87541fbf3c271a430f123fb,高月まな議員の報告,公営住宅に落選し入居することができない世帯などが民間賃貸住宅に入居している場合の家賃の一部を助成することにより、区民の負担の軽減を図り、区民が安心して新宿区内に住み続けられるよう支援することを目的とするもので、区民の生活の安定、福祉の増進に資する,supported,ab46cceb9cad26de07ed67150c61c2287287839697b79a7046e9aeecd349e425
shinjuku-2026-r1-giin-3,easy,content,R1I03-E-08,公営住宅は倍率が高く当たりにくいと話した,https://ssp.kaigiroku.net/tenant/shinjuku/MinuteView.html?council_id=3163&schedule_id=5&minute_id=106,72114fcf86aa7bdf101380a55b8513c23b84acbfb87541fbf3c271a430f123fb,高月まな議員の報告,区内の公営住宅は倍率が高く、当選することが非常に難しいことが改めて確認され,supported,2380fe2a201080a905347cab253c73132d818651a99e1c2fba76476c0cbc6daf
shinjuku-2026-r1-giin-3,normal,content,R1I03-N-09,質疑で、区内の公営住宅は倍率が高く当選が非常に難しいことが確認された,https://ssp.kaigiroku.net/tenant/shinjuku/MinuteView.html?council_id=3163&schedule_id=5&minute_id=106,72114fcf86aa7bdf101380a55b8513c23b84acbfb87541fbf3c271a430f123fb,高月まな議員の報告,区内の公営住宅は倍率が高く、当選することが非常に難しいことが改めて確認され,supported,7b815fcaf7b199085e7c9f01776ef1814f1036a989110aa6ab12ddf3f1c8b0be
shinjuku-2026-r1-giin-3,hard,content,R1I03-H-10,質疑で、区内の公営住宅は倍率が高く当選が非常に難しいことが改めて確認された,https://ssp.kaigiroku.net/tenant/shinjuku/MinuteView.html?council_id=3163&schedule_id=5&minute_id=106,72114fcf86aa7bdf101380a55b8513c23b84acbfb87541fbf3c271a430f123fb,高月まな議員の報告,区内の公営住宅は倍率が高く、当選することが非常に難しいことが改めて確認され,supported,ab46cceb9cad26de07ed67150c61c2287287839697b79a7046e9aeecd349e425
shinjuku-2026-r1-giin-3,easy,content,R1I03-E-09,昨年11月は18戸の募集に714人が申し込み、倍率は約39倍,https://ssp.kaigiroku.net/tenant/shinjuku/MinuteView.html?council_id=3163&schedule_id=5&minute_id=106,72114fcf86aa7bdf101380a55b8513c23b84acbfb87541fbf3c271a430f123fb,高月まな議員の報告,直近の昨年11月の募集では、18戸の募集に714名の申込者があり、約39倍とのことです,supported,2380fe2a201080a905347cab253c73132d818651a99e1c2fba76476c0cbc6daf
shinjuku-2026-r1-giin-3,normal,content,R1I03-N-10,直近の昨年11月の募集では18戸の募集に714名の申込みがあり、約39倍,https://ssp.kaigiroku.net/tenant/shinjuku/MinuteView.html?council_id=3163&schedule_id=5&minute_id=106,72114fcf86aa7bdf101380a55b8513c23b84acbfb87541fbf3c271a430f123fb,高月まな議員の報告,直近の昨年11月の募集では、18戸の募集に714名の申込者があり、約39倍とのことです,supported,7b815fcaf7b199085e7c9f01776ef1814f1036a989110aa6ab12ddf3f1c8b0be
shinjuku-2026-r1-giin-3,hard,content,R1I03-H-11,直近の昨年11月の募集は18戸に714名の申込みで、約39倍,https://ssp.kaigiroku.net/tenant/shinjuku/MinuteView.html?council_id=3163&schedule_id=5&minute_id=106,72114fcf86aa7bdf101380a55b8513c23b84acbfb87541fbf3c271a430f123fb,高月まな議員の報告,直近の昨年11月の募集では、18戸の募集に714名の申込者があり、約39倍とのことです,supported,ab46cceb9cad26de07ed67150c61c2287287839697b79a7046e9aeecd349e425
shinjuku-2026-r1-giin-3,easy,content,R1I03-E-10,民間の家賃は上がり続けていると話した,https://ssp.kaigiroku.net/tenant/shinjuku/MinuteView.html?council_id=3163&schedule_id=5&minute_id=106,72114fcf86aa7bdf101380a55b8513c23b84acbfb87541fbf3c271a430f123fb,高月まな議員の報告,区内の民間の賃貸住宅の家賃高騰について、上昇傾向は続いていて,supported,2380fe2a201080a905347cab253c73132d818651a99e1c2fba76476c0cbc6daf
shinjuku-2026-r1-giin-3,normal,content,R1I03-N-11,民間賃貸住宅の家賃は上昇傾向が続いている,https://ssp.kaigiroku.net/tenant/shinjuku/MinuteView.html?council_id=3163&schedule_id=5&minute_id=106,72114fcf86aa7bdf101380a55b8513c23b84acbfb87541fbf3c271a430f123fb,高月まな議員の報告,区内の民間の賃貸住宅の家賃高騰について、上昇傾向は続いていて,supported,7b815fcaf7b199085e7c9f01776ef1814f1036a989110aa6ab12ddf3f1c8b0be
shinjuku-2026-r1-giin-3,hard,content,R1I03-H-12,民間賃貸住宅の家賃は上昇傾向が続いている,https://ssp.kaigiroku.net/tenant/shinjuku/MinuteView.html?council_id=3163&schedule_id=5&minute_id=106,72114fcf86aa7bdf101380a55b8513c23b84acbfb87541fbf3c271a430f123fb,高月まな議員の報告,区内の民間の賃貸住宅の家賃高騰について、上昇傾向は続いていて,supported,ab46cceb9cad26de07ed67150c61c2287287839697b79a7046e9aeecd349e425
shinjuku-2026-r1-giin-3,easy,content,R1I03-E-11,"1平方メートルで4,000円の後半台、60平方メートルで30万円をこえることもある",https://ssp.kaigiroku.net/tenant/shinjuku/MinuteView.html?council_id=3163&schedule_id=5&minute_id=106,72114fcf86aa7bdf101380a55b8513c23b84acbfb87541fbf3c271a430f123fb,高月まな議員の報告,"１平米当たり平均約4,000円の後半台、60平米では30万円を超えることもあるという答弁がありました",supported,2380fe2a201080a905347cab253c73132d818651a99e1c2fba76476c0cbc6daf
shinjuku-2026-r1-giin-3,normal,content,R1I03-N-12,"1平米当たり平均約4,000円の後半台、60平米では30万円を超えることもあるとの答弁",https://ssp.kaigiroku.net/tenant/shinjuku/MinuteView.html?council_id=3163&schedule_id=5&minute_id=106,72114fcf86aa7bdf101380a55b8513c23b84acbfb87541fbf3c271a430f123fb,高月まな議員の報告,"１平米当たり平均約4,000円の後半台、60平米では30万円を超えることもあるという答弁がありました",supported,7b815fcaf7b199085e7c9f01776ef1814f1036a989110aa6ab12ddf3f1c8b0be
shinjuku-2026-r1-giin-3,hard,content,R1I03-H-13,"1平米当たり平均約4,000円の後半台、60平米では30万円を超えることもあるとの答弁",https://ssp.kaigiroku.net/tenant/shinjuku/MinuteView.html?council_id=3163&schedule_id=5&minute_id=106,72114fcf86aa7bdf101380a55b8513c23b84acbfb87541fbf3c271a430f123fb,高月まな議員の報告,"１平米当たり平均約4,000円の後半台、60平米では30万円を超えることもあるという答弁がありました",supported,ab46cceb9cad26de07ed67150c61c2287287839697b79a7046e9aeecd349e425
shinjuku-2026-r1-giin-3,easy,content,R1I03-E-12,お年寄りのひとり暮らしは部屋探しが大変だと話した,https://ssp.kaigiroku.net/tenant/shinjuku/MinuteView.html?council_id=3163&schedule_id=5&minute_id=106,72114fcf86aa7bdf101380a55b8513c23b84acbfb87541fbf3c271a430f123fb,高月まな議員の報告,特に高齢の単身者が部屋探しで非常に苦労していることは、区の窓口にも相談があり、各委員もいろいろな御相談を受け、把握していることが確認されました,supported,2380fe2a201080a905347cab253c73132d818651a99e1c2fba76476c0cbc6daf
shinjuku-2026-r1-giin-3,normal,content,R1I03-N-13,高齢の単身者の苦労は区の窓口にも相談があり、各委員も把握していることが確認された,https://ssp.kaigiroku.net/tenant/shinjuku/MinuteView.html?council_id=3163&schedule_id=5&minute_id=106,72114fcf86aa7bdf101380a55b8513c23b84acbfb87541fbf3c271a430f123fb,高月まな議員の報告,特に高齢の単身者が部屋探しで非常に苦労していることは、区の窓口にも相談があり、各委員もいろいろな御相談を受け、把握していることが確認されました,supported,7b815fcaf7b199085e7c9f01776ef1814f1036a989110aa6ab12ddf3f1c8b0be
shinjuku-2026-r1-giin-3,hard,content,R1I03-H-14,高齢の単身者の部屋探しの苦労は区の窓口にも相談があり、各委員も相談を受けて把握していることが確認された,https://ssp.kaigiroku.net/tenant/shinjuku/MinuteView.html?council_id=3163&schedule_id=5&minute_id=106,72114fcf86aa7bdf101380a55b8513c23b84acbfb87541fbf3c271a430f123fb,高月まな議員の報告,特に高齢の単身者が部屋探しで非常に苦労していることは、区の窓口にも相談があり、各委員もいろいろな御相談を受け、把握していることが確認されました,supported,ab46cceb9cad26de07ed67150c61c2287287839697b79a7046e9aeecd349e425
shinjuku-2026-r1-giin-3,normal,content,R1I03-N-14,自身も立ち退きを迫られながら転居先が見つからない一人暮らしの高齢者から相談を受けた,https://ssp.kaigiroku.net/tenant/shinjuku/MinuteView.html?council_id=3163&schedule_id=5&minute_id=106,72114fcf86aa7bdf101380a55b8513c23b84acbfb87541fbf3c271a430f123fb,高月まな議員の報告,私も、一人暮らしの高齢者から立ち退きを迫られながら転居先がなかなか見つからず、何とか公営住宅に入れないかと御相談を受けたことがあります,supported,7b815fcaf7b199085e7c9f01776ef1814f1036a989110aa6ab12ddf3f1c8b0be
shinjuku-2026-r1-giin-3,hard,content,R1I03-H-15,自身も立ち退きを迫られながら転居先が見つからない一人暮らしの高齢者から相談を受けた,https://ssp.kaigiroku.net/tenant/shinjuku/MinuteView.html?council_id=3163&schedule_id=5&minute_id=106,72114fcf86aa7bdf101380a55b8513c23b84acbfb87541fbf3c271a430f123fb,高月まな議員の報告,私も、一人暮らしの高齢者から立ち退きを迫られながら転居先がなかなか見つからず、何とか公営住宅に入れないかと御相談を受けたことがあります,supported,ab46cceb9cad26de07ed67150c61c2287287839697b79a7046e9aeecd349e425
shinjuku-2026-r1-giin-3,normal,content,R1I03-N-15,日本の公営住宅は少ないと言われ、フランスやイギリスなどでは住宅ストックの約15%が公営住宅と言われる,https://ssp.kaigiroku.net/tenant/shinjuku/MinuteView.html?council_id=3163&schedule_id=5&minute_id=106,72114fcf86aa7bdf101380a55b8513c23b84acbfb87541fbf3c271a430f123fb,高月まな議員の報告,日本の公営住宅は少ないと言われていて、国際的にはフランス、イギリスなどでは住宅ストックの約15％が公営住宅と言われています,supported,7b815fcaf7b199085e7c9f01776ef1814f1036a989110aa6ab12ddf3f1c8b0be
shinjuku-2026-r1-giin-3,hard,content,R1I03-H-16,日本の公営住宅は少ないと言われ、フランスやイギリスなどでは住宅ストックの約15%が公営住宅と言われる,https://ssp.kaigiroku.net/tenant/shinjuku/MinuteView.html?council_id=3163&schedule_id=5&minute_id=106,72114fcf86aa7bdf101380a55b8513c23b84acbfb87541fbf3c271a430f123fb,高月まな議員の報告,日本の公営住宅は少ないと言われていて、国際的にはフランス、イギリスなどでは住宅ストックの約15％が公営住宅と言われています,supported,ab46cceb9cad26de07ed67150c61c2287287839697b79a7046e9aeecd349e425
shinjuku-2026-r1-giin-3,easy,content,R1I03-E-13,「住まいは人権」という考え方を話した。まず公営住宅を増やすことが必要と話した,https://ssp.kaigiroku.net/tenant/shinjuku/MinuteView.html?council_id=3163&schedule_id=5&minute_id=106,72114fcf86aa7bdf101380a55b8513c23b84acbfb87541fbf3c271a430f123fb,高月まな議員の報告,国際人権法でもうたわれる「住まいは人権」という考え方に照らしても、本来的にはまず公営住宅を増やしていくことが必要,supported,2380fe2a201080a905347cab253c73132d818651a99e1c2fba76476c0cbc6daf
shinjuku-2026-r1-giin-3,normal,content,R1I03-N-16,「住まいは人権」という考え方に照らせば、本来はまず公営住宅を増やすことが必要,https://ssp.kaigiroku.net/tenant/shinjuku/MinuteView.html?council_id=3163&schedule_id=5&minute_id=106,72114fcf86aa7bdf101380a55b8513c23b84acbfb87541fbf3c271a430f123fb,高月まな議員の報告,国際人権法でもうたわれる「住まいは人権」という考え方に照らしても、本来的にはまず公営住宅を増やしていくことが必要,supported,7b815fcaf7b199085e7c9f01776ef1814f1036a989110aa6ab12ddf3f1c8b0be
shinjuku-2026-r1-giin-3,hard,content,R1I03-H-17,国際人権法でもうたわれる「住まいは人権」という考え方に照らし、本来はまず公営住宅を増やすことが必要,https://ssp.kaigiroku.net/tenant/shinjuku/MinuteView.html?council_id=3163&schedule_id=5&minute_id=106,72114fcf86aa7bdf101380a55b8513c23b84acbfb87541fbf3c271a430f123fb,高月まな議員の報告,国際人権法でもうたわれる「住まいは人権」という考え方に照らしても、本来的にはまず公営住宅を増やしていくことが必要,supported,ab46cceb9cad26de07ed67150c61c2287287839697b79a7046e9aeecd349e425
shinjuku-2026-r1-giin-3,easy,content,R1I03-E-14,家賃を助ける制度にも意味があると話した,https://ssp.kaigiroku.net/tenant/shinjuku/MinuteView.html?council_id=3163&schedule_id=5&minute_id=106,72114fcf86aa7bdf101380a55b8513c23b84acbfb87541fbf3c271a430f123fb,高月まな議員の報告,公営住宅に希望しても入居できない方への支援として、別の形で家賃助成という施策を設けることも非常に意味のあることだと考えます,supported,2380fe2a201080a905347cab253c73132d818651a99e1c2fba76476c0cbc6daf
shinjuku-2026-r1-giin-3,normal,content,R1I03-N-17,入居を希望しても入れない方への支援として家賃助成の施策を設けることにも意味がある,https://ssp.kaigiroku.net/tenant/shinjuku/MinuteView.html?council_id=3163&schedule_id=5&minute_id=106,72114fcf86aa7bdf101380a55b8513c23b84acbfb87541fbf3c271a430f123fb,高月まな議員の報告,公営住宅に希望しても入居できない方への支援として、別の形で家賃助成という施策を設けることも非常に意味のあることだと考えます,supported,7b815fcaf7b199085e7c9f01776ef1814f1036a989110aa6ab12ddf3f1c8b0be
shinjuku-2026-r1-giin-3,hard,content,R1I03-H-18,希望しても入居できない方への支援として家賃助成の施策を設けることも非常に意味がある,https://ssp.kaigiroku.net/tenant/shinjuku/MinuteView.html?council_id=3163&schedule_id=5&minute_id=106,72114fcf86aa7bdf101380a55b8513c23b84acbfb87541fbf3c271a430f123fb,高月まな議員の報告,公営住宅に希望しても入居できない方への支援として、別の形で家賃助成という施策を設けることも非常に意味のあることだと考えます,supported,ab46cceb9cad26de07ed67150c61c2287287839697b79a7046e9aeecd349e425
shinjuku-2026-r1-giin-3,easy,content,R1I03-E-15,さわい議員はれいわ新選組 新宿の議員,https://ssp.kaigiroku.net/tenant/shinjuku/MinuteView.html?council_id=3163&schedule_id=5&minute_id=108,f287392611d1cca12f2834da3e5bdd733887319085fea123e4f641e0ddcae375,さわいめぐみ議員の報告,れいわ新選組　新宿のさわいめぐみです,supported,2380fe2a201080a905347cab253c73132d818651a99e1c2fba76476c0cbc6daf
shinjuku-2026-r1-giin-3,normal,content,R1I03-N-18,さわいめぐみ議員（れいわ新選組 新宿）,https://ssp.kaigiroku.net/tenant/shinjuku/MinuteView.html?council_id=3163&schedule_id=5&minute_id=108,f287392611d1cca12f2834da3e5bdd733887319085fea123e4f641e0ddcae375,さわいめぐみ議員の報告,れいわ新選組　新宿のさわいめぐみです,supported,7b815fcaf7b199085e7c9f01776ef1814f1036a989110aa6ab12ddf3f1c8b0be
shinjuku-2026-r1-giin-3,hard,content,R1I03-H-19,さわいめぐみ議員（れいわ新選組 新宿）,https://ssp.kaigiroku.net/tenant/shinjuku/MinuteView.html?council_id=3163&schedule_id=5&minute_id=108,f287392611d1cca12f2834da3e5bdd733887319085fea123e4f641e0ddcae375,さわいめぐみ議員の報告,れいわ新選組　新宿のさわいめぐみです,supported,ab46cceb9cad26de07ed67150c61c2287287839697b79a7046e9aeecd349e425
shinjuku-2026-r1-giin-3,normal,content,R1I03-N-19,環境建設委員会で少数意見を留保したと報告した,https://ssp.kaigiroku.net/tenant/shinjuku/MinuteView.html?council_id=3163&schedule_id=5&minute_id=108,f287392611d1cca12f2834da3e5bdd733887319085fea123e4f641e0ddcae375,さわいめぐみ議員の報告,環境建設委員会にて少数意見を留保いたしましたので、御報告申し上げます,supported,7b815fcaf7b199085e7c9f01776ef1814f1036a989110aa6ab12ddf3f1c8b0be
shinjuku-2026-r1-giin-3,hard,content,R1I03-H-20,環境建設委員会で少数意見を留保した,https://ssp.kaigiroku.net/tenant/shinjuku/MinuteView.html?council_id=3163&schedule_id=5&minute_id=108,f287392611d1cca12f2834da3e5bdd733887319085fea123e4f641e0ddcae375,さわいめぐみ議員の報告,環境建設委員会にて少数意見を留保いたしましたので、御報告申し上げます,supported,ab46cceb9cad26de07ed67150c61c2287287839697b79a7046e9aeecd349e425
shinjuku-2026-r1-giin-3,hard,content,R1I03-H-21,趣旨: 公営住宅に落選した世帯に家賃助成をして、区に安心して住み続けられるよう助成を行う内容,https://ssp.kaigiroku.net/tenant/shinjuku/MinuteView.html?council_id=3163&schedule_id=5&minute_id=108,f287392611d1cca12f2834da3e5bdd733887319085fea123e4f641e0ddcae375,さわいめぐみ議員の報告,公営住宅に落選した世帯に家賃助成をすることによって、区に安心して住み続けられるよう助成を行う内容です,supported,ab46cceb9cad26de07ed67150c61c2287287839697b79a7046e9aeecd349e425
shinjuku-2026-r1-giin-3,easy,content,R1I03-E-16,家賃への対策を求めるデモが区内であった。参加者は約200人,https://ssp.kaigiroku.net/tenant/shinjuku/MinuteView.html?council_id=3163&schedule_id=5&minute_id=108,f287392611d1cca12f2834da3e5bdd733887319085fea123e4f641e0ddcae375,さわいめぐみ議員の報告,高騰する首都圏の住居費への対策を求める「家賃高すぎ。なんとかしろ！デモ」が新宿区内で行われ、約200人の市民が公営住宅の増設や家賃補助の実施などをアピールいたしました,supported,2380fe2a201080a905347cab253c73132d818651a99e1c2fba76476c0cbc6daf
shinjuku-2026-r1-giin-3,normal,content,R1I03-N-20,「家賃高すぎ。なんとかしろ！デモ」が新宿区内で行われ、約200人が公営住宅の増設や家賃補助の実施などを訴えた,https://ssp.kaigiroku.net/tenant/shinjuku/MinuteView.html?council_id=3163&schedule_id=5&minute_id=108,f287392611d1cca12f2834da3e5bdd733887319085fea123e4f641e0ddcae375,さわいめぐみ議員の報告,高騰する首都圏の住居費への対策を求める「家賃高すぎ。なんとかしろ！デモ」が新宿区内で行われ、約200人の市民が公営住宅の増設や家賃補助の実施などをアピールいたしました,supported,7b815fcaf7b199085e7c9f01776ef1814f1036a989110aa6ab12ddf3f1c8b0be
shinjuku-2026-r1-giin-3,hard,content,R1I03-H-22,高騰する首都圏の住居費への対策を求めるデモが新宿区内で行われ、約200人の市民が公営住宅の増設や家賃補助の実施などをアピールした,https://ssp.kaigiroku.net/tenant/shinjuku/MinuteView.html?council_id=3163&schedule_id=5&minute_id=108,f287392611d1cca12f2834da3e5bdd733887319085fea123e4f641e0ddcae375,さわいめぐみ議員の報告,高騰する首都圏の住居費への対策を求める「家賃高すぎ。なんとかしろ！デモ」が新宿区内で行われ、約200人の市民が公営住宅の増設や家賃補助の実施などをアピールいたしました,supported,ab46cceb9cad26de07ed67150c61c2287287839697b79a7046e9aeecd349e425
shinjuku-2026-r1-giin-3,hard,content,R1I03-H-23,不況と物価高、賃金がなかなか上がらない中で、家計における家賃の負担割合は大きい,https://ssp.kaigiroku.net/tenant/shinjuku/MinuteView.html?council_id=3163&schedule_id=5&minute_id=108,f287392611d1cca12f2834da3e5bdd733887319085fea123e4f641e0ddcae375,さわいめぐみ議員の報告,不況と物価高、賃金がなかなか上がらない中で、家計における家賃の負担割合は大きく,supported,ab46cceb9cad26de07ed67150c61c2287287839697b79a7046e9aeecd349e425
shinjuku-2026-r1-giin-3,easy,content,R1I03-E-17,引っ越しには礼金や敷金などのお金がかかると話した,https://ssp.kaigiroku.net/tenant/shinjuku/MinuteView.html?council_id=3163&schedule_id=5&minute_id=108,f287392611d1cca12f2834da3e5bdd733887319085fea123e4f641e0ddcae375,さわいめぐみ議員の報告,引っ越したくても礼金や敷金等のまとまった費用が必要となり、簡単には住み替えをすることはできません,supported,2380fe2a201080a905347cab253c73132d818651a99e1c2fba76476c0cbc6daf
shinjuku-2026-r1-giin-3,normal,content,R1I03-N-21,引っ越しには礼金や敷金などのまとまった費用が必要で、簡単には住み替えができない,https://ssp.kaigiroku.net/tenant/shinjuku/MinuteView.html?council_id=3163&schedule_id=5&minute_id=108,f287392611d1cca12f2834da3e5bdd733887319085fea123e4f641e0ddcae375,さわいめぐみ議員の報告,引っ越したくても礼金や敷金等のまとまった費用が必要となり、簡単には住み替えをすることはできません,supported,7b815fcaf7b199085e7c9f01776ef1814f1036a989110aa6ab12ddf3f1c8b0be
shinjuku-2026-r1-giin-3,hard,content,R1I03-H-24,引っ越しには礼金や敷金等のまとまった費用が必要で、簡単には住み替えができない,https://ssp.kaigiroku.net/tenant/shinjuku/MinuteView.html?council_id=3163&schedule_id=5&minute_id=108,f287392611d1cca12f2834da3e5bdd733887319085fea123e4f641e0ddcae375,さわいめぐみ議員の報告,引っ越したくても礼金や敷金等のまとまった費用が必要となり、簡単には住み替えをすることはできません,supported,ab46cceb9cad26de07ed67150c61c2287287839697b79a7046e9aeecd349e425
shinjuku-2026-r1-giin-3,hard,content,R1I03-H-25,安定した住まいの有無は心身に大きく影響する。住まいの不安をできるだけ取り除き、区民が生きる力を発揮できる環境を整えるべき,https://ssp.kaigiroku.net/tenant/shinjuku/MinuteView.html?council_id=3163&schedule_id=5&minute_id=108,f287392611d1cca12f2834da3e5bdd733887319085fea123e4f641e0ddcae375,さわいめぐみ議員の報告,安定した住まいがあるかないかは、心にも体にも大きく影響を与える事項です。住まいの不安をできるだけ取り除き、区民が生きる力を発揮できる環境を整えるべきです,supported,ab46cceb9cad26de07ed67150c61c2287287839697b79a7046e9aeecd349e425
shinjuku-2026-r1-giin-3,easy,content,R1I03-E-18,憲法25条は健康で文化的な生活の権利を決めていると話した,https://ssp.kaigiroku.net/tenant/shinjuku/MinuteView.html?council_id=3163&schedule_id=5&minute_id=108,f287392611d1cca12f2834da3e5bdd733887319085fea123e4f641e0ddcae375,さわいめぐみ議員の報告,憲法25条は、健康で文化的な生活を営む権利を定めています,supported,2380fe2a201080a905347cab253c73132d818651a99e1c2fba76476c0cbc6daf
shinjuku-2026-r1-giin-3,normal,content,R1I03-N-22,憲法25条は健康で文化的な生活を営む権利を定めている,https://ssp.kaigiroku.net/tenant/shinjuku/MinuteView.html?council_id=3163&schedule_id=5&minute_id=108,f287392611d1cca12f2834da3e5bdd733887319085fea123e4f641e0ddcae375,さわいめぐみ議員の報告,憲法25条は、健康で文化的な生活を営む権利を定めています,supported,7b815fcaf7b199085e7c9f01776ef1814f1036a989110aa6ab12ddf3f1c8b0be
shinjuku-2026-r1-giin-3,hard,content,R1I03-H-26,憲法25条は健康で文化的な生活を営む権利を定めている,https://ssp.kaigiroku.net/tenant/shinjuku/MinuteView.html?council_id=3163&schedule_id=5&minute_id=108,f287392611d1cca12f2834da3e5bdd733887319085fea123e4f641e0ddcae375,さわいめぐみ議員の報告,憲法25条は、健康で文化的な生活を営む権利を定めています,supported,ab46cceb9cad26de07ed67150c61c2287287839697b79a7046e9aeecd349e425
shinjuku-2026-r1-giin-3,easy,content,R1I03-E-19,区営住宅には700世帯ほどの落選者がいると話した,https://ssp.kaigiroku.net/tenant/shinjuku/MinuteView.html?council_id=3163&schedule_id=5&minute_id=108,f287392611d1cca12f2834da3e5bdd733887319085fea123e4f641e0ddcae375,さわいめぐみ議員の報告,区営住宅には700世帯ほどもの落選者があり、供給量不足が常態化,supported,2380fe2a201080a905347cab253c73132d818651a99e1c2fba76476c0cbc6daf
shinjuku-2026-r1-giin-3,normal,content,R1I03-N-23,区営住宅には700世帯ほどの落選者がおり、供給量不足が常態化している,https://ssp.kaigiroku.net/tenant/shinjuku/MinuteView.html?council_id=3163&schedule_id=5&minute_id=108,f287392611d1cca12f2834da3e5bdd733887319085fea123e4f641e0ddcae375,さわいめぐみ議員の報告,区営住宅には700世帯ほどもの落選者があり、供給量不足が常態化,supported,7b815fcaf7b199085e7c9f01776ef1814f1036a989110aa6ab12ddf3f1c8b0be
shinjuku-2026-r1-giin-3,hard,content,R1I03-H-27,区営住宅には700世帯ほどもの落選者があり、供給量不足が常態化している,https://ssp.kaigiroku.net/tenant/shinjuku/MinuteView.html?council_id=3163&schedule_id=5&minute_id=108,f287392611d1cca12f2834da3e5bdd733887319085fea123e4f641e0ddcae375,さわいめぐみ議員の報告,区営住宅には700世帯ほどもの落選者があり、供給量不足が常態化,supported,ab46cceb9cad26de07ed67150c61c2287287839697b79a7046e9aeecd349e425
shinjuku-2026-r1-giin-3,easy,content,R1I03-E-20,助成などの対策が必要だと考えたと話した,https://ssp.kaigiroku.net/tenant/shinjuku/MinuteView.html?council_id=3163&schedule_id=5&minute_id=108,f287392611d1cca12f2834da3e5bdd733887319085fea123e4f641e0ddcae375,さわいめぐみ議員の報告,何らかの施策が必要だと考えました,supported,2380fe2a201080a905347cab253c73132d818651a99e1c2fba76476c0cbc6daf
shinjuku-2026-r1-giin-3,normal,content,R1I03-N-24,何らかの施策が必要だと考えた,https://ssp.kaigiroku.net/tenant/shinjuku/MinuteView.html?council_id=3163&schedule_id=5&minute_id=108,f287392611d1cca12f2834da3e5bdd733887319085fea123e4f641e0ddcae375,さわいめぐみ議員の報告,何らかの施策が必要だと考えました,supported,7b815fcaf7b199085e7c9f01776ef1814f1036a989110aa6ab12ddf3f1c8b0be
shinjuku-2026-r1-giin-3,hard,content,R1I03-H-28,何らかの施策が必要と考えた,https://ssp.kaigiroku.net/tenant/shinjuku/MinuteView.html?council_id=3163&schedule_id=5&minute_id=108,f287392611d1cca12f2834da3e5bdd733887319085fea123e4f641e0ddcae375,さわいめぐみ議員の報告,何らかの施策が必要だと考えました,supported,ab46cceb9cad26de07ed67150c61c2287287839697b79a7046e9aeecd349e425
shinjuku-2026-r1-giin-3,normal,content,R1I03-N-25,「住まいは権利」と述べて報告を終えた,https://ssp.kaigiroku.net/tenant/shinjuku/MinuteView.html?council_id=3163&schedule_id=5&minute_id=108,f287392611d1cca12f2834da3e5bdd733887319085fea123e4f641e0ddcae375,さわいめぐみ議員の報告,住まいは権利であると申し上げ、報告を終わります,supported,7b815fcaf7b199085e7c9f01776ef1814f1036a989110aa6ab12ddf3f1c8b0be
shinjuku-2026-r1-giin-3,hard,content,R1I03-H-29,「住まいは権利」と述べて報告を終えた,https://ssp.kaigiroku.net/tenant/shinjuku/MinuteView.html?council_id=3163&schedule_id=5&minute_id=108,f287392611d1cca12f2834da3e5bdd733887319085fea123e4f641e0ddcae375,さわいめぐみ議員の報告,住まいは権利であると申し上げ、報告を終わります,supported,ab46cceb9cad26de07ed67150c61c2287287839697b79a7046e9aeecd349e425
shinjuku-2026-r1-giin-3,easy,content,R1I03-E-21,2人の報告のあと起立で採決した。賛成の人は起立した,https://ssp.kaigiroku.net/tenant/shinjuku/MinuteView.html?council_id=3163&schedule_id=5&minute_id=109,7d0f5eefb7988b1f72f546c55866801fd4ab23d30d0f7680e8e45a3b48ea8264,審議状況（本会議 3月24日 議長）,以上で、少数意見の報告は終わりました…起立により採決します…賛成の方は御起立願います,supported,2380fe2a201080a905347cab253c73132d818651a99e1c2fba76476c0cbc6daf
shinjuku-2026-r1-giin-3,normal,content,R1I03-N-26,少数意見の報告のあと本会議で起立による採決が行われた,https://ssp.kaigiroku.net/tenant/shinjuku/MinuteView.html?council_id=3163&schedule_id=5&minute_id=109,7d0f5eefb7988b1f72f546c55866801fd4ab23d30d0f7680e8e45a3b48ea8264,審議状況（本会議 3月24日 議長）,以上で、少数意見の報告は終わりました…起立により採決します…賛成の方は御起立願います,supported,7b815fcaf7b199085e7c9f01776ef1814f1036a989110aa6ab12ddf3f1c8b0be
shinjuku-2026-r1-giin-3,hard,content,R1I03-H-30,2人の少数意見の報告が終わったあと、議長は起立により採決すると述べ、賛成者の起立を求めた,https://ssp.kaigiroku.net/tenant/shinjuku/MinuteView.html?council_id=3163&schedule_id=5&minute_id=109,7d0f5eefb7988b1f72f546c55866801fd4ab23d30d0f7680e8e45a3b48ea8264,審議状況（本会議 3月24日 議長）,以上で、少数意見の報告は終わりました…起立により採決します…賛成の方は御起立願います,supported,ab46cceb9cad26de07ed67150c61c2287287839697b79a7046e9aeecd349e425
shinjuku-2026-r1-giin-3,easy,content,R1I03-E-22,起立した人は少数で、議長は否決と伝えた,https://ssp.kaigiroku.net/tenant/shinjuku/MinuteView.html?council_id=3163&schedule_id=5&minute_id=110,6c5cee7b0e568b912cd6a1aeab4049ba4dc242dc5ae44d0c882c2e084466099f,審議状況（本会議 3月24日 議長）,起立少数と認めます。本案は、否決されました,supported,2380fe2a201080a905347cab253c73132d818651a99e1c2fba76476c0cbc6daf
shinjuku-2026-r1-giin-3,normal,content,R1I03-N-27,起立少数で否決された,https://ssp.kaigiroku.net/tenant/shinjuku/MinuteView.html?council_id=3163&schedule_id=5&minute_id=110,6c5cee7b0e568b912cd6a1aeab4049ba4dc242dc5ae44d0c882c2e084466099f,審議状況（本会議 3月24日 議長）,起立少数と認めます。本案は、否決されました,supported,7b815fcaf7b199085e7c9f01776ef1814f1036a989110aa6ab12ddf3f1c8b0be
shinjuku-2026-r1-giin-3,hard,content,R1I03-H-31,議長は起立少数と認め、本案は否決されたと宣告した,https://ssp.kaigiroku.net/tenant/shinjuku/MinuteView.html?council_id=3163&schedule_id=5&minute_id=110,6c5cee7b0e568b912cd6a1aeab4049ba4dc242dc5ae44d0c882c2e084466099f,審議状況（本会議 3月24日 議長）,起立少数と認めます。本案は、否決されました,supported,ab46cceb9cad26de07ed67150c61c2287287839697b79a7046e9aeecd349e425
shinjuku-2026-r1-giin-3,easy,content,R1I03-E-23,会期は2026年2月17日（火）から3月24日（火）まで,https://www.city.shinjuku.lg.jp/kusei/file08_05_0003820210204_00013.html,869549fe3ba94ac28c6e8fd003d4ad71484501a78203fc7a885109aae4ab487c,審議状況（会期と日程）,令和8年2月17日（火曜日）から3月24日（火曜日）まで,supported,2380fe2a201080a905347cab253c73132d818651a99e1c2fba76476c0cbc6daf
shinjuku-2026-r1-giin-3,normal,content,R1I03-N-28,会期は2月17日から3月24日まで,https://www.city.shinjuku.lg.jp/kusei/file08_05_0003820210204_00013.html,869549fe3ba94ac28c6e8fd003d4ad71484501a78203fc7a885109aae4ab487c,審議状況（会期と日程）,令和8年2月17日（火曜日）から3月24日（火曜日）まで,supported,7b815fcaf7b199085e7c9f01776ef1814f1036a989110aa6ab12ddf3f1c8b0be
shinjuku-2026-r1-giin-3,hard,content,R1I03-H-32,会期は令和8年2月17日（火曜日）から3月24日（火曜日）まで,https://www.city.shinjuku.lg.jp/kusei/file08_05_0003820210204_00013.html,869549fe3ba94ac28c6e8fd003d4ad71484501a78203fc7a885109aae4ab487c,審議状況（会期と日程）,令和8年2月17日（火曜日）から3月24日（火曜日）まで,supported,ab46cceb9cad26de07ed67150c61c2287287839697b79a7046e9aeecd349e425
shinjuku-2026-r1-giin-3,easy,content,R1I03-E-24,会派は8つで、賛成は2つ。共産党議員団とれいわ新選組 新宿が賛成、他の6会派が反対,https://www.city.shinjuku.lg.jp/content/000452334.pdf,22ba4f49b18c96bd1fa26241606257c05477f38e25ac46d6f8e4f416a2cedbf2,審議状況（議員提出議案の採決結果行）,民間賃貸住宅に入居している場合の家賃の一部を助成する。×　×　○　×　×　×　×　○否決,supported,2380fe2a201080a905347cab253c73132d818651a99e1c2fba76476c0cbc6daf
shinjuku-2026-r1-giin-3,normal,content,R1I03-N-29,共産とれいわが賛成、他の6会派が反対,https://www.city.shinjuku.lg.jp/content/000452334.pdf,22ba4f49b18c96bd1fa26241606257c05477f38e25ac46d6f8e4f416a2cedbf2,審議状況（議員提出議案の採決結果行）,民間賃貸住宅に入居している場合の家賃の一部を助成する。×　×　○　×　×　×　×　○否決,supported,7b815fcaf7b199085e7c9f01776ef1814f1036a989110aa6ab12ddf3f1c8b0be
shinjuku-2026-r1-giin-3,hard,content,R1I03-H-33,会派別の賛否（表）: 共産・れいわが賛成、他の6会派が反対,https://www.city.shinjuku.lg.jp/content/000452334.pdf,22ba4f49b18c96bd1fa26241606257c05477f38e25ac46d6f8e4f416a2cedbf2,審議状況（議員提出議案の採決結果行）,民間賃貸住宅に入居している場合の家賃の一部を助成する。×　×　○　×　×　×　×　○否決,supported,ab46cceb9cad26de07ed67150c61c2287287839697b79a7046e9aeecd349e425
shinjuku-2026-r1-giin-3,hard,content,R1I03-H-34,会派略称と会派名の対応,https://www.city.shinjuku.lg.jp/content/000452334.pdf,22ba4f49b18c96bd1fa26241606257c05477f38e25ac46d6f8e4f416a2cedbf2,審議状況（会派略称・列の並び）,共産＝日本共産党新宿区議会議員団…れいわ＝れいわ新選組 新宿…自参ク＝自民・参政クラブ…公明＝新宿区議会公明党…新宿会＝新宿未来の会…民無ク＝立憲民主党・無所属クラブ…維新＝日本維新の会・新宿区議団…現役＝現役世代に優しい新宿・減税の会…自参ク 公明 共産 新宿会 民無ク 維新 現役 れいわ,supported,ab46cceb9cad26de07ed67150c61c2287287839697b79a7046e9aeecd349e425
shinjuku-2026-r1-giin-3,easy,content,R1I03-E-25,条例の案の全文は出典に書かれていない,https://www.city.shinjuku.lg.jp/content/000452334.pdf,22ba4f49b18c96bd1fa26241606257c05477f38e25ac46d6f8e4f416a2cedbf2,出典に記載がない事項,（本件は解説本文が「一次資料に記載がない」と明示している箇所であり、事実主張ではない）,needs_source,2380fe2a201080a905347cab253c73132d818651a99e1c2fba76476c0cbc6daf
shinjuku-2026-r1-giin-3,normal,content,R1I03-N-30,条例案の全文（助成の額、対象の条件、施行日を含む）は出典に書かれていない,https://www.city.shinjuku.lg.jp/content/000452334.pdf,22ba4f49b18c96bd1fa26241606257c05477f38e25ac46d6f8e4f416a2cedbf2,出典に記載がない事項,（本件は解説本文が「一次資料に記載がない」と明示している箇所であり、事実主張ではない）,needs_source,7b815fcaf7b199085e7c9f01776ef1814f1036a989110aa6ab12ddf3f1c8b0be
shinjuku-2026-r1-giin-3,hard,content,R1I03-H-35,条例案の全文（助成の額、対象の条件、施行日、条文構成）は出典に書かれていない,https://www.city.shinjuku.lg.jp/content/000452334.pdf,22ba4f49b18c96bd1fa26241606257c05477f38e25ac46d6f8e4f416a2cedbf2,出典に記載がない事項,（本件は解説本文が「一次資料に記載がない」と明示している箇所であり、事実主張ではない）,needs_source,ab46cceb9cad26de07ed67150c61c2287287839697b79a7046e9aeecd349e425
shinjuku-2026-r1-giin-3,easy,content,R1I03-E-26,助ける金額と対象になる条件は出典に書かれていない,https://www.city.shinjuku.lg.jp/content/000452334.pdf,22ba4f49b18c96bd1fa26241606257c05477f38e25ac46d6f8e4f416a2cedbf2,出典に記載がない事項,（本件は解説本文が「一次資料に記載がない」と明示している箇所であり、事実主張ではない）,needs_source,2380fe2a201080a905347cab253c73132d818651a99e1c2fba76476c0cbc6daf
shinjuku-2026-r1-giin-3,easy,content,R1I03-E-27,始まる日は出典に書かれていない,https://www.city.shinjuku.lg.jp/content/000452334.pdf,22ba4f49b18c96bd1fa26241606257c05477f38e25ac46d6f8e4f416a2cedbf2,出典に記載がない事項,（本件は解説本文が「一次資料に記載がない」と明示している箇所であり、事実主張ではない）,needs_source,2380fe2a201080a905347cab253c73132d818651a99e1c2fba76476c0cbc6daf
shinjuku-2026-r1-giin-3,easy,content,R1I03-E-28,条例の案を出した会派と議員は出典に書かれていない,https://www.city.shinjuku.lg.jp/content/000452334.pdf,22ba4f49b18c96bd1fa26241606257c05477f38e25ac46d6f8e4f416a2cedbf2,出典に記載がない事項,（本件は解説本文が「一次資料に記載がない」と明示している箇所であり、事実主張ではない）,needs_source,2380fe2a201080a905347cab253c73132d818651a99e1c2fba76476c0cbc6daf
shinjuku-2026-r1-giin-3,normal,content,R1I03-N-31,条例案を提出した会派と議員は出典に書かれていない,https://www.city.shinjuku.lg.jp/content/000452334.pdf,22ba4f49b18c96bd1fa26241606257c05477f38e25ac46d6f8e4f416a2cedbf2,出典に記載がない事項,（本件は解説本文が「一次資料に記載がない」と明示している箇所であり、事実主張ではない）,needs_source,7b815fcaf7b199085e7c9f01776ef1814f1036a989110aa6ab12ddf3f1c8b0be
shinjuku-2026-r1-giin-3,hard,content,R1I03-H-36,条例案を提出した会派と議員は出典に書かれていない,https://www.city.shinjuku.lg.jp/content/000452334.pdf,22ba4f49b18c96bd1fa26241606257c05477f38e25ac46d6f8e4f416a2cedbf2,出典に記載がない事項,（本件は解説本文が「一次資料に記載がない」と明示している箇所であり、事実主張ではない）,needs_source,ab46cceb9cad26de07ed67150c61c2287287839697b79a7046e9aeecd349e425
shinjuku-2026-r1-giin-3,easy,content,R1I03-E-29,高月議員の所属する会派は出典に書かれていない,https://www.city.shinjuku.lg.jp/content/000452334.pdf,22ba4f49b18c96bd1fa26241606257c05477f38e25ac46d6f8e4f416a2cedbf2,出典に記載がない事項,（本件は解説本文が「一次資料に記載がない」と明示している箇所であり、事実主張ではない）,needs_source,2380fe2a201080a905347cab253c73132d818651a99e1c2fba76476c0cbc6daf
shinjuku-2026-r1-giin-3,normal,content,R1I03-N-32,高月議員の所属会派は会議録の発言に書かれていない,https://www.city.shinjuku.lg.jp/content/000452334.pdf,22ba4f49b18c96bd1fa26241606257c05477f38e25ac46d6f8e4f416a2cedbf2,出典に記載がない事項,（本件は解説本文が「一次資料に記載がない」と明示している箇所であり、事実主張ではない）,needs_source,7b815fcaf7b199085e7c9f01776ef1814f1036a989110aa6ab12ddf3f1c8b0be
shinjuku-2026-r1-giin-3,hard,content,R1I03-H-37,高月まな議員、沢田あゆみ委員の所属会派は会議録の発言に書かれていない,https://www.city.shinjuku.lg.jp/content/000452334.pdf,22ba4f49b18c96bd1fa26241606257c05477f38e25ac46d6f8e4f416a2cedbf2,出典に記載がない事項,（本件は解説本文が「一次資料に記載がない」と明示している箇所であり、事実主張ではない）,needs_source,ab46cceb9cad26de07ed67150c61c2287287839697b79a7046e9aeecd349e425
shinjuku-2026-r1-giin-3,normal,content,R1I03-N-33,「昨年11月」の年は発言に書かれていない,https://www.city.shinjuku.lg.jp/content/000452334.pdf,22ba4f49b18c96bd1fa26241606257c05477f38e25ac46d6f8e4f416a2cedbf2,出典に記載がない事項,（本件は解説本文が「一次資料に記載がない」と明示している箇所であり、事実主張ではない）,needs_source,7b815fcaf7b199085e7c9f01776ef1814f1036a989110aa6ab12ddf3f1c8b0be
shinjuku-2026-r1-giin-3,hard,content,R1I03-H-38,「昨年11月」の年は発言に書かれていない,https://www.city.shinjuku.lg.jp/content/000452334.pdf,22ba4f49b18c96bd1fa26241606257c05477f38e25ac46d6f8e4f416a2cedbf2,出典に記載がない事項,（本件は解説本文が「一次資料に記載がない」と明示している箇所であり、事実主張ではない）,needs_source,ab46cceb9cad26de07ed67150c61c2287287839697b79a7046e9aeecd349e425
shinjuku-2026-r1-giin-3,easy,content,R1I03-E-30,反対した会派が反対した理由は出典に書かれていない,https://www.city.shinjuku.lg.jp/content/000452334.pdf,22ba4f49b18c96bd1fa26241606257c05477f38e25ac46d6f8e4f416a2cedbf2,出典に記載がない事項,（本件は解説本文が「一次資料に記載がない」と明示している箇所であり、事実主張ではない）,needs_source,2380fe2a201080a905347cab253c73132d818651a99e1c2fba76476c0cbc6daf
shinjuku-2026-r1-giin-3,normal,content,R1I03-N-34,反対した会派の反対理由は出典に書かれていない,https://www.city.shinjuku.lg.jp/content/000452334.pdf,22ba4f49b18c96bd1fa26241606257c05477f38e25ac46d6f8e4f416a2cedbf2,出典に記載がない事項,（本件は解説本文が「一次資料に記載がない」と明示している箇所であり、事実主張ではない）,needs_source,7b815fcaf7b199085e7c9f01776ef1814f1036a989110aa6ab12ddf3f1c8b0be
shinjuku-2026-r1-giin-3,hard,content,R1I03-H-39,反対した会派の反対理由は出典に書かれていない,https://www.city.shinjuku.lg.jp/content/000452334.pdf,22ba4f49b18c96bd1fa26241606257c05477f38e25ac46d6f8e4f416a2cedbf2,出典に記載がない事項,（本件は解説本文が「一次資料に記載がない」と明示している箇所であり、事実主張ではない）,needs_source,ab46cceb9cad26de07ed67150c61c2287287839697b79a7046e9aeecd349e425
shinjuku-2026-r1-giin-4,easy,title,R1I04-ET-01,見出し: 区立学校の学用品を給付する条例の案,https://www.city.shinjuku.lg.jp/kusei/file08_05_0003820210204_00013.html,869549fe3ba94ac28c6e8fd003d4ad71484501a78203fc7a885109aae4ab487c,件名（会期ページ）,議員提出議案第4号　新宿区立学校における学用品の給付に関する条例,supported,0e4c840090b4b742ae3b7fcd6618dc52591c7cbd98189a4b029ee7c3428d2f98
shinjuku-2026-r1-giin-4,normal,title,R1I04-NT-01,見出し: 区立学校の学用品を給付する条例案（議員提出議案第4号）,https://www.city.shinjuku.lg.jp/kusei/file08_05_0003820210204_00013.html,869549fe3ba94ac28c6e8fd003d4ad71484501a78203fc7a885109aae4ab487c,件名（会期ページ）,議員提出議案第4号　新宿区立学校における学用品の給付に関する条例,supported,811d7d382aca0dd9c851a6bb78f3b8d525f66e651b86b7c12444f8eb51cd1a71
shinjuku-2026-r1-giin-4,hard,title,R1I04-HT-01,見出し: 議員提出議案第4号 新宿区立学校における学用品の給付に関する条例,https://www.city.shinjuku.lg.jp/kusei/file08_05_0003820210204_00013.html,869549fe3ba94ac28c6e8fd003d4ad71484501a78203fc7a885109aae4ab487c,件名（会期ページ）,議員提出議案第4号　新宿区立学校における学用品の給付に関する条例,supported,f0a609dad8ac02ced0852838f4b6da770e55d16a0501d9c3efb2c7b94ac8eb0d
shinjuku-2026-r1-giin-4,easy,summary,R1I04-ES-01,要約: 区立学校で必要な学用品を給付する内容,https://www.city.shinjuku.lg.jp/content/000452334.pdf,22ba4f49b18c96bd1fa26241606257c05477f38e25ac46d6f8e4f416a2cedbf2,概要,区立学校における教育活動に必要な学用品を給付する,supported,0e4c840090b4b742ae3b7fcd6618dc52591c7cbd98189a4b029ee7c3428d2f98
shinjuku-2026-r1-giin-4,normal,summary,R1I04-NS-01,要約: 区立学校における教育活動に必要な学用品を給付し、保護者の経済的負担を軽減する条例案,https://www.city.shinjuku.lg.jp/content/000452334.pdf,22ba4f49b18c96bd1fa26241606257c05477f38e25ac46d6f8e4f416a2cedbf2,概要,区立学校における教育活動に必要な学用品を給付する,supported,811d7d382aca0dd9c851a6bb78f3b8d525f66e651b86b7c12444f8eb51cd1a71
shinjuku-2026-r1-giin-4,hard,summary,R1I04-HS-01,要約: 区立学校における教育活動に必要な学用品を給付し、教育の機会均等を図る条例案,https://www.city.shinjuku.lg.jp/content/000452334.pdf,22ba4f49b18c96bd1fa26241606257c05477f38e25ac46d6f8e4f416a2cedbf2,概要,区立学校における教育活動に必要な学用品を給付する,supported,f0a609dad8ac02ced0852838f4b6da770e55d16a0501d9c3efb2c7b94ac8eb0d
shinjuku-2026-r1-giin-4,normal,summary,R1I04-NS-02,要約: 保護者の経済的負担を軽減する,https://www.city.shinjuku.lg.jp/content/000452334.pdf,22ba4f49b18c96bd1fa26241606257c05477f38e25ac46d6f8e4f416a2cedbf2,概要,保護者の経済的負担を軽減し、教育の機会均等を図る必要があるため,supported,811d7d382aca0dd9c851a6bb78f3b8d525f66e651b86b7c12444f8eb51cd1a71
shinjuku-2026-r1-giin-4,hard,summary,R1I04-HS-02,要約: 保護者の経済的負担を軽減して教育の機会均等を図る,https://www.city.shinjuku.lg.jp/content/000452334.pdf,22ba4f49b18c96bd1fa26241606257c05477f38e25ac46d6f8e4f416a2cedbf2,概要,保護者の経済的負担を軽減し、教育の機会均等を図る必要があるため,supported,f0a609dad8ac02ced0852838f4b6da770e55d16a0501d9c3efb2c7b94ac8eb0d
shinjuku-2026-r1-giin-4,normal,summary,R1I04-NS-03,要約: 文教子ども家庭委員会の審査報告は否決で、近藤なつ子議員が少数意見を報告した,https://ssp.kaigiroku.net/tenant/shinjuku/MinuteView.html?council_id=3163&schedule_id=5&minute_id=114,8ddedb66aaa71f96f10cd5df52b159f3a242501ddbb6bac198cbc53baae1c1aa,審議状況（本会議 3月24日 議長）,文教子ども家庭委員会審査報告書は、否決です…少数意見を口頭で報告するとの申出があります…32番近藤なつ子議員,supported,811d7d382aca0dd9c851a6bb78f3b8d525f66e651b86b7c12444f8eb51cd1a71
shinjuku-2026-r1-giin-4,hard,summary,R1I04-HS-03,要約: 文教子ども家庭委員会の審査報告書は否決。本会議で近藤なつ子議員が少数意見を報告,https://ssp.kaigiroku.net/tenant/shinjuku/MinuteView.html?council_id=3163&schedule_id=5&minute_id=114,8ddedb66aaa71f96f10cd5df52b159f3a242501ddbb6bac198cbc53baae1c1aa,審議状況（本会議 3月24日 議長）,文教子ども家庭委員会審査報告書は、否決です…少数意見を口頭で報告するとの申出があります…32番近藤なつ子議員,supported,f0a609dad8ac02ced0852838f4b6da770e55d16a0501d9c3efb2c7b94ac8eb0d
shinjuku-2026-r1-giin-4,easy,summary,R1I04-ES-02,要約: 本会議で否決された,https://ssp.kaigiroku.net/tenant/shinjuku/MinuteView.html?council_id=3163&schedule_id=5&minute_id=117,e387131ec4308e826ba761000ae0116b6735aea25d4c5bf2c721f7e178c33ccc,審議状況（本会議 3月24日 議長）,起立少数と認めます。本案は、否決されました,supported,0e4c840090b4b742ae3b7fcd6618dc52591c7cbd98189a4b029ee7c3428d2f98
shinjuku-2026-r1-giin-4,normal,summary,R1I04-NS-04,要約: 起立少数により否決された,https://ssp.kaigiroku.net/tenant/shinjuku/MinuteView.html?council_id=3163&schedule_id=5&minute_id=117,e387131ec4308e826ba761000ae0116b6735aea25d4c5bf2c721f7e178c33ccc,審議状況（本会議 3月24日 議長）,起立少数と認めます。本案は、否決されました,supported,811d7d382aca0dd9c851a6bb78f3b8d525f66e651b86b7c12444f8eb51cd1a71
shinjuku-2026-r1-giin-4,hard,summary,R1I04-HS-04,要約: 起立少数で否決,https://ssp.kaigiroku.net/tenant/shinjuku/MinuteView.html?council_id=3163&schedule_id=5&minute_id=117,e387131ec4308e826ba761000ae0116b6735aea25d4c5bf2c721f7e178c33ccc,審議状況（本会議 3月24日 議長）,起立少数と認めます。本案は、否決されました,supported,f0a609dad8ac02ced0852838f4b6da770e55d16a0501d9c3efb2c7b94ac8eb0d
shinjuku-2026-r1-giin-4,easy,summary,R1I04-ES-03,要約: 2026年（令和8年）3月24日の本会議,https://ssp.kaigiroku.net/tenant/shinjuku/MinuteView.html?council_id=3163&schedule_id=5&minute_id=1,bd058d36962b45d8d965e4625bb95ecd661a102a026175213f37ba9eb575424a,審議状況（本会議 3月24日 会議録の冒頭）,令和８年第１回定例会会議録（第４日）第４号…令和８年３月２４日（火曜日）,supported,0e4c840090b4b742ae3b7fcd6618dc52591c7cbd98189a4b029ee7c3428d2f98
shinjuku-2026-r1-giin-4,normal,summary,R1I04-NS-05,要約: 令和8年3月24日の本会議,https://ssp.kaigiroku.net/tenant/shinjuku/MinuteView.html?council_id=3163&schedule_id=5&minute_id=1,bd058d36962b45d8d965e4625bb95ecd661a102a026175213f37ba9eb575424a,審議状況（本会議 3月24日 会議録の冒頭）,令和８年第１回定例会会議録（第４日）第４号…令和８年３月２４日（火曜日）,supported,811d7d382aca0dd9c851a6bb78f3b8d525f66e651b86b7c12444f8eb51cd1a71
shinjuku-2026-r1-giin-4,hard,summary,R1I04-HS-05,要約: 本会議は令和8年3月24日,https://ssp.kaigiroku.net/tenant/shinjuku/MinuteView.html?council_id=3163&schedule_id=5&minute_id=1,bd058d36962b45d8d965e4625bb95ecd661a102a026175213f37ba9eb575424a,審議状況（本会議 3月24日 会議録の冒頭）,令和８年第１回定例会会議録（第４日）第４号…令和８年３月２４日（火曜日）,supported,f0a609dad8ac02ced0852838f4b6da770e55d16a0501d9c3efb2c7b94ac8eb0d
shinjuku-2026-r1-giin-4,hard,summary,R1I04-HS-06,要約: 共産・れいわが賛成、他6会派が反対,https://www.city.shinjuku.lg.jp/content/000452334.pdf,22ba4f49b18c96bd1fa26241606257c05477f38e25ac46d6f8e4f416a2cedbf2,審議状況（議員提出議案の採決結果行）,区立学校における教育活動に必要な学用品を給付する。×　×　○　×　×　×　×　○否決,supported,f0a609dad8ac02ced0852838f4b6da770e55d16a0501d9c3efb2c7b94ac8eb0d
shinjuku-2026-r1-giin-4,easy,content,R1I04-E-01,議員提出議案の第4号,https://ssp.kaigiroku.net/tenant/shinjuku/MinuteView.html?council_id=3163&schedule_id=5&minute_id=112,b8ddcd2e50c16079992fb0fa940b22b67aaef1bb0e1cc2a85441616a252a957d,審議状況（本会議 3月24日 議題）,議員提出議案第４号　新宿区立学校における学用品の給付に関する条例,supported,0e4c840090b4b742ae3b7fcd6618dc52591c7cbd98189a4b029ee7c3428d2f98
shinjuku-2026-r1-giin-4,normal,content,R1I04-N-01,議員提出議案第4号,https://ssp.kaigiroku.net/tenant/shinjuku/MinuteView.html?council_id=3163&schedule_id=5&minute_id=112,b8ddcd2e50c16079992fb0fa940b22b67aaef1bb0e1cc2a85441616a252a957d,審議状況（本会議 3月24日 議題）,議員提出議案第４号　新宿区立学校における学用品の給付に関する条例,supported,811d7d382aca0dd9c851a6bb78f3b8d525f66e651b86b7c12444f8eb51cd1a71
shinjuku-2026-r1-giin-4,hard,content,R1I04-H-01,種別は議員提出議案,https://ssp.kaigiroku.net/tenant/shinjuku/MinuteView.html?council_id=3163&schedule_id=5&minute_id=112,b8ddcd2e50c16079992fb0fa940b22b67aaef1bb0e1cc2a85441616a252a957d,審議状況（本会議 3月24日 議題）,議員提出議案第４号　新宿区立学校における学用品の給付に関する条例,supported,f0a609dad8ac02ced0852838f4b6da770e55d16a0501d9c3efb2c7b94ac8eb0d
shinjuku-2026-r1-giin-4,normal,content,R1I04-N-02,件名は新宿区立学校における学用品の給付に関する条例,https://www.city.shinjuku.lg.jp/kusei/file08_05_0003820210204_00013.html,869549fe3ba94ac28c6e8fd003d4ad71484501a78203fc7a885109aae4ab487c,件名（会期ページ）,議員提出議案第4号　新宿区立学校における学用品の給付に関する条例,supported,811d7d382aca0dd9c851a6bb78f3b8d525f66e651b86b7c12444f8eb51cd1a71
shinjuku-2026-r1-giin-4,hard,content,R1I04-H-02,件名は新宿区立学校における学用品の給付に関する条例,https://www.city.shinjuku.lg.jp/kusei/file08_05_0003820210204_00013.html,869549fe3ba94ac28c6e8fd003d4ad71484501a78203fc7a885109aae4ab487c,件名（会期ページ）,議員提出議案第4号　新宿区立学校における学用品の給付に関する条例,supported,f0a609dad8ac02ced0852838f4b6da770e55d16a0501d9c3efb2c7b94ac8eb0d
shinjuku-2026-r1-giin-4,easy,content,R1I04-E-02,区立学校で教育活動に必要な学用品を給付する,https://www.city.shinjuku.lg.jp/content/000452334.pdf,22ba4f49b18c96bd1fa26241606257c05477f38e25ac46d6f8e4f416a2cedbf2,概要,区立学校における教育活動に必要な学用品を給付する,supported,0e4c840090b4b742ae3b7fcd6618dc52591c7cbd98189a4b029ee7c3428d2f98
shinjuku-2026-r1-giin-4,normal,content,R1I04-N-03,概要: 区立学校における教育活動に必要な学用品を給付する,https://www.city.shinjuku.lg.jp/content/000452334.pdf,22ba4f49b18c96bd1fa26241606257c05477f38e25ac46d6f8e4f416a2cedbf2,概要,区立学校における教育活動に必要な学用品を給付する,supported,811d7d382aca0dd9c851a6bb78f3b8d525f66e651b86b7c12444f8eb51cd1a71
shinjuku-2026-r1-giin-4,hard,content,R1I04-H-03,概要: 区立学校における教育活動に必要な学用品を給付する,https://www.city.shinjuku.lg.jp/content/000452334.pdf,22ba4f49b18c96bd1fa26241606257c05477f38e25ac46d6f8e4f416a2cedbf2,概要,区立学校における教育活動に必要な学用品を給付する,supported,f0a609dad8ac02ced0852838f4b6da770e55d16a0501d9c3efb2c7b94ac8eb0d
shinjuku-2026-r1-giin-4,easy,content,R1I04-E-03,目的は保護者のお金の負担を軽くすることと、教育の機会を同じにすること,https://www.city.shinjuku.lg.jp/content/000452334.pdf,22ba4f49b18c96bd1fa26241606257c05477f38e25ac46d6f8e4f416a2cedbf2,概要,保護者の経済的負担を軽減し、教育の機会均等を図る必要があるため,supported,0e4c840090b4b742ae3b7fcd6618dc52591c7cbd98189a4b029ee7c3428d2f98
shinjuku-2026-r1-giin-4,normal,content,R1I04-N-04,概要: 保護者の経済的負担を軽減し、教育の機会均等を図る必要がある,https://www.city.shinjuku.lg.jp/content/000452334.pdf,22ba4f49b18c96bd1fa26241606257c05477f38e25ac46d6f8e4f416a2cedbf2,概要,保護者の経済的負担を軽減し、教育の機会均等を図る必要があるため,supported,811d7d382aca0dd9c851a6bb78f3b8d525f66e651b86b7c12444f8eb51cd1a71
shinjuku-2026-r1-giin-4,hard,content,R1I04-H-04,概要: 保護者の経済的負担を軽減し、教育の機会均等を図る必要がある,https://www.city.shinjuku.lg.jp/content/000452334.pdf,22ba4f49b18c96bd1fa26241606257c05477f38e25ac46d6f8e4f416a2cedbf2,概要,保護者の経済的負担を軽減し、教育の機会均等を図る必要があるため,supported,f0a609dad8ac02ced0852838f4b6da770e55d16a0501d9c3efb2c7b94ac8eb0d
shinjuku-2026-r1-giin-4,easy,content,R1I04-E-04,第5号の案の報告もいっしょにした,https://ssp.kaigiroku.net/tenant/shinjuku/MinuteView.html?council_id=3163&schedule_id=5&minute_id=111,ec04d8887cf8bb33bf5d469ba20b7bfba1dbdd1044e87fe1aaeaf1fb0fddf3e4,審議状況（本会議 3月24日 議長）,日程第39及び日程第40を一括議題とします,supported,0e4c840090b4b742ae3b7fcd6618dc52591c7cbd98189a4b029ee7c3428d2f98
shinjuku-2026-r1-giin-4,normal,content,R1I04-N-05,第4号と第5号をまとめて報告した,https://ssp.kaigiroku.net/tenant/shinjuku/MinuteView.html?council_id=3163&schedule_id=5&minute_id=111,ec04d8887cf8bb33bf5d469ba20b7bfba1dbdd1044e87fe1aaeaf1fb0fddf3e4,審議状況（本会議 3月24日 議長）,日程第39及び日程第40を一括議題とします,supported,811d7d382aca0dd9c851a6bb78f3b8d525f66e651b86b7c12444f8eb51cd1a71
shinjuku-2026-r1-giin-4,hard,content,R1I04-H-05,第4号と第5号は一括して議題とされた,https://ssp.kaigiroku.net/tenant/shinjuku/MinuteView.html?council_id=3163&schedule_id=5&minute_id=111,ec04d8887cf8bb33bf5d469ba20b7bfba1dbdd1044e87fe1aaeaf1fb0fddf3e4,審議状況（本会議 3月24日 議長）,日程第39及び日程第40を一括議題とします,supported,f0a609dad8ac02ced0852838f4b6da770e55d16a0501d9c3efb2c7b94ac8eb0d
shinjuku-2026-r1-giin-4,easy,content,R1I04-E-05,文教子ども家庭委員会の審査報告書は否決,https://ssp.kaigiroku.net/tenant/shinjuku/MinuteView.html?council_id=3163&schedule_id=5&minute_id=114,8ddedb66aaa71f96f10cd5df52b159f3a242501ddbb6bac198cbc53baae1c1aa,審議状況（本会議 3月24日 議長）,文教子ども家庭委員会審査報告書は、否決です…少数意見を口頭で報告するとの申出があります…32番近藤なつ子議員,supported,0e4c840090b4b742ae3b7fcd6618dc52591c7cbd98189a4b029ee7c3428d2f98
shinjuku-2026-r1-giin-4,normal,content,R1I04-N-06,文教子ども家庭委員会の審査報告書は否決。少数意見を口頭で報告する申出があった,https://ssp.kaigiroku.net/tenant/shinjuku/MinuteView.html?council_id=3163&schedule_id=5&minute_id=114,8ddedb66aaa71f96f10cd5df52b159f3a242501ddbb6bac198cbc53baae1c1aa,審議状況（本会議 3月24日 議長）,文教子ども家庭委員会審査報告書は、否決です…少数意見を口頭で報告するとの申出があります…32番近藤なつ子議員,supported,811d7d382aca0dd9c851a6bb78f3b8d525f66e651b86b7c12444f8eb51cd1a71
shinjuku-2026-r1-giin-4,hard,content,R1I04-H-06,議長が文教子ども家庭委員会審査報告書は否決で、少数意見を口頭で報告する申出があると述べ、近藤なつ子議員の登壇を許した,https://ssp.kaigiroku.net/tenant/shinjuku/MinuteView.html?council_id=3163&schedule_id=5&minute_id=114,8ddedb66aaa71f96f10cd5df52b159f3a242501ddbb6bac198cbc53baae1c1aa,審議状況（本会議 3月24日 議長）,文教子ども家庭委員会審査報告書は、否決です…少数意見を口頭で報告するとの申出があります…32番近藤なつ子議員,supported,f0a609dad8ac02ced0852838f4b6da770e55d16a0501d9c3efb2c7b94ac8eb0d
shinjuku-2026-r1-giin-4,easy,content,R1I04-E-06,近藤議員が賛成して少数意見を残し、本会議で口で報告した,https://ssp.kaigiroku.net/tenant/shinjuku/MinuteView.html?council_id=3163&schedule_id=5&minute_id=115,8e41f49e5e8c126242a43a4a335b548da0cd3bd0e16f3d48adcf653d9607dc12,近藤なつ子議員の報告,ただいま一括議題となっております議員提出議案第４号…及び議員提出議案第５号…の２議案について、文教子ども家庭委員会において、私、近藤なつ子は賛成し、少数意見を留保いたしましたので、報告します,supported,0e4c840090b4b742ae3b7fcd6618dc52591c7cbd98189a4b029ee7c3428d2f98
shinjuku-2026-r1-giin-4,normal,content,R1I04-N-07,委員会で賛成して少数意見を留保した近藤議員が、第4号と第5号をまとめて本会議で口頭で報告した,https://ssp.kaigiroku.net/tenant/shinjuku/MinuteView.html?council_id=3163&schedule_id=5&minute_id=115,8e41f49e5e8c126242a43a4a335b548da0cd3bd0e16f3d48adcf653d9607dc12,近藤なつ子議員の報告,ただいま一括議題となっております議員提出議案第４号…及び議員提出議案第５号…の２議案について、文教子ども家庭委員会において、私、近藤なつ子は賛成し、少数意見を留保いたしましたので、報告します,supported,811d7d382aca0dd9c851a6bb78f3b8d525f66e651b86b7c12444f8eb51cd1a71
shinjuku-2026-r1-giin-4,hard,content,R1I04-H-07,近藤議員は委員会で賛成して少数意見を留保したと報告した,https://ssp.kaigiroku.net/tenant/shinjuku/MinuteView.html?council_id=3163&schedule_id=5&minute_id=115,8e41f49e5e8c126242a43a4a335b548da0cd3bd0e16f3d48adcf653d9607dc12,近藤なつ子議員の報告,ただいま一括議題となっております議員提出議案第４号…及び議員提出議案第５号…の２議案について、文教子ども家庭委員会において、私、近藤なつ子は賛成し、少数意見を留保いたしましたので、報告します,supported,f0a609dad8ac02ced0852838f4b6da770e55d16a0501d9c3efb2c7b94ac8eb0d
shinjuku-2026-r1-giin-4,easy,content,R1I04-E-07,近藤議員は日本共産党新宿区議会議員団の議員,https://ssp.kaigiroku.net/tenant/shinjuku/MinuteView.html?council_id=3163&schedule_id=5&minute_id=115,8e41f49e5e8c126242a43a4a335b548da0cd3bd0e16f3d48adcf653d9607dc12,近藤なつ子議員の報告,日本共産党新宿区議会議員団の近藤なつ子です,supported,0e4c840090b4b742ae3b7fcd6618dc52591c7cbd98189a4b029ee7c3428d2f98
shinjuku-2026-r1-giin-4,normal,content,R1I04-N-08,近藤なつ子議員は日本共産党新宿区議会議員団,https://ssp.kaigiroku.net/tenant/shinjuku/MinuteView.html?council_id=3163&schedule_id=5&minute_id=115,8e41f49e5e8c126242a43a4a335b548da0cd3bd0e16f3d48adcf653d9607dc12,近藤なつ子議員の報告,日本共産党新宿区議会議員団の近藤なつ子です,supported,811d7d382aca0dd9c851a6bb78f3b8d525f66e651b86b7c12444f8eb51cd1a71
shinjuku-2026-r1-giin-4,hard,content,R1I04-H-08,近藤議員は日本共産党新宿区議会議員団,https://ssp.kaigiroku.net/tenant/shinjuku/MinuteView.html?council_id=3163&schedule_id=5&minute_id=115,8e41f49e5e8c126242a43a4a335b548da0cd3bd0e16f3d48adcf653d9607dc12,近藤なつ子議員の報告,日本共産党新宿区議会議員団の近藤なつ子です,supported,f0a609dad8ac02ced0852838f4b6da770e55d16a0501d9c3efb2c7b94ac8eb0d
shinjuku-2026-r1-giin-4,easy,content,R1I04-E-08,報告は2026年（令和8年）3月24日（火）の本会議,https://ssp.kaigiroku.net/tenant/shinjuku/MinuteView.html?council_id=3163&schedule_id=5&minute_id=1,bd058d36962b45d8d965e4625bb95ecd661a102a026175213f37ba9eb575424a,審議状況（本会議 3月24日 会議録の冒頭）,令和８年第１回定例会会議録（第４日）第４号…令和８年３月２４日（火曜日）,supported,0e4c840090b4b742ae3b7fcd6618dc52591c7cbd98189a4b029ee7c3428d2f98
shinjuku-2026-r1-giin-4,normal,content,R1I04-N-09,本会議は令和8年3月24日,https://ssp.kaigiroku.net/tenant/shinjuku/MinuteView.html?council_id=3163&schedule_id=5&minute_id=1,bd058d36962b45d8d965e4625bb95ecd661a102a026175213f37ba9eb575424a,審議状況（本会議 3月24日 会議録の冒頭）,令和８年第１回定例会会議録（第４日）第４号…令和８年３月２４日（火曜日）,supported,811d7d382aca0dd9c851a6bb78f3b8d525f66e651b86b7c12444f8eb51cd1a71
shinjuku-2026-r1-giin-4,hard,content,R1I04-H-09,会議録は第4日第4号、令和8年3月24日（火曜日）,https://ssp.kaigiroku.net/tenant/shinjuku/MinuteView.html?council_id=3163&schedule_id=5&minute_id=1,bd058d36962b45d8d965e4625bb95ecd661a102a026175213f37ba9eb575424a,審議状況（本会議 3月24日 会議録の冒頭）,令和８年第１回定例会会議録（第４日）第４号…令和８年３月２４日（火曜日）,supported,f0a609dad8ac02ced0852838f4b6da770e55d16a0501d9c3efb2c7b94ac8eb0d
shinjuku-2026-r1-giin-4,hard,content,R1I04-H-10,趣旨: 学用品を給付して保護者の経済的負担を軽減し、教育の機会均等を図る必要がある,https://ssp.kaigiroku.net/tenant/shinjuku/MinuteView.html?council_id=3163&schedule_id=5&minute_id=115,8e41f49e5e8c126242a43a4a335b548da0cd3bd0e16f3d48adcf653d9607dc12,近藤なつ子議員の報告,本議案は、区立学校における教育活動に必要な学用品を給付することにより、保護者の経済的負担を軽減し、教育の機会均等を図る必要があるものです,supported,f0a609dad8ac02ced0852838f4b6da770e55d16a0501d9c3efb2c7b94ac8eb0d
shinjuku-2026-r1-giin-4,easy,content,R1I04-E-09,委員会では予算と続けられるかを聞く質問が出た。所得制限の考えを聞く質問も出た,https://ssp.kaigiroku.net/tenant/shinjuku/MinuteView.html?council_id=3163&schedule_id=5&minute_id=115,8e41f49e5e8c126242a43a4a335b548da0cd3bd0e16f3d48adcf653d9607dc12,近藤なつ子議員の報告,どのくらいの予算になるのか、その予算を恒常的に出し続けることはできるのか、所得制限をする考えはないのかなどの質問が出されました,supported,0e4c840090b4b742ae3b7fcd6618dc52591c7cbd98189a4b029ee7c3428d2f98
shinjuku-2026-r1-giin-4,normal,content,R1I04-N-10,委員会で、予算の額、恒常的に出し続けられるか、所得制限をする考えはないのかなどの質問が出た,https://ssp.kaigiroku.net/tenant/shinjuku/MinuteView.html?council_id=3163&schedule_id=5&minute_id=115,8e41f49e5e8c126242a43a4a335b548da0cd3bd0e16f3d48adcf653d9607dc12,近藤なつ子議員の報告,どのくらいの予算になるのか、その予算を恒常的に出し続けることはできるのか、所得制限をする考えはないのかなどの質問が出されました,supported,811d7d382aca0dd9c851a6bb78f3b8d525f66e651b86b7c12444f8eb51cd1a71
shinjuku-2026-r1-giin-4,hard,content,R1I04-H-11,委員会で出た質問: 予算の額、恒常的に出し続けられるか、所得制限をする考えはないのか,https://ssp.kaigiroku.net/tenant/shinjuku/MinuteView.html?council_id=3163&schedule_id=5&minute_id=115,8e41f49e5e8c126242a43a4a335b548da0cd3bd0e16f3d48adcf653d9607dc12,近藤なつ子議員の報告,どのくらいの予算になるのか、その予算を恒常的に出し続けることはできるのか、所得制限をする考えはないのかなどの質問が出されました,supported,f0a609dad8ac02ced0852838f4b6da770e55d16a0501d9c3efb2c7b94ac8eb0d
shinjuku-2026-r1-giin-4,easy,content,R1I04-E-10,すでに実施した区は6区、来年度から実施する予定の区は4区、合わせて10区,https://ssp.kaigiroku.net/tenant/shinjuku/MinuteView.html?council_id=3163&schedule_id=5&minute_id=115,8e41f49e5e8c126242a43a4a335b548da0cd3bd0e16f3d48adcf653d9607dc12,近藤なつ子議員の報告,既に実施している台東区、葛飾区、足立区、荒川区、港区、品川区の６区が来年度から実施予定の板橋区、中野区、千代田区、大田区の４区を合わせると10区になり、一気に広がっています,supported,0e4c840090b4b742ae3b7fcd6618dc52591c7cbd98189a4b029ee7c3428d2f98
shinjuku-2026-r1-giin-4,normal,content,R1I04-N-11,既に実施している6区（台東、葛飾、足立、荒川、港、品川）と来年度から実施予定の4区（板橋、中野、千代田、大田）で10区,https://ssp.kaigiroku.net/tenant/shinjuku/MinuteView.html?council_id=3163&schedule_id=5&minute_id=115,8e41f49e5e8c126242a43a4a335b548da0cd3bd0e16f3d48adcf653d9607dc12,近藤なつ子議員の報告,既に実施している台東区、葛飾区、足立区、荒川区、港区、品川区の６区が来年度から実施予定の板橋区、中野区、千代田区、大田区の４区を合わせると10区になり、一気に広がっています,supported,811d7d382aca0dd9c851a6bb78f3b8d525f66e651b86b7c12444f8eb51cd1a71
shinjuku-2026-r1-giin-4,hard,content,R1I04-H-12,既に実施している6区と来年度から実施予定の4区を合わせて10区になり、一気に広がっている,https://ssp.kaigiroku.net/tenant/shinjuku/MinuteView.html?council_id=3163&schedule_id=5&minute_id=115,8e41f49e5e8c126242a43a4a335b548da0cd3bd0e16f3d48adcf653d9607dc12,近藤なつ子議員の報告,既に実施している台東区、葛飾区、足立区、荒川区、港区、品川区の６区が来年度から実施予定の板橋区、中野区、千代田区、大田区の４区を合わせると10区になり、一気に広がっています,supported,f0a609dad8ac02ced0852838f4b6da770e55d16a0501d9c3efb2c7b94ac8eb0d
shinjuku-2026-r1-giin-4,easy,content,R1I04-E-11,"新宿区でも小学校と中学校で約2億3,800万円でできる",https://ssp.kaigiroku.net/tenant/shinjuku/MinuteView.html?council_id=3163&schedule_id=5&minute_id=115,8e41f49e5e8c126242a43a4a335b548da0cd3bd0e16f3d48adcf653d9607dc12,近藤なつ子議員の報告,"新宿区でも小・中学校合計で約２億3,800万円で実施ができます",supported,0e4c840090b4b742ae3b7fcd6618dc52591c7cbd98189a4b029ee7c3428d2f98
shinjuku-2026-r1-giin-4,normal,content,R1I04-N-12,"新宿区でも小・中学校合計で約2億3,800万円で実施ができる",https://ssp.kaigiroku.net/tenant/shinjuku/MinuteView.html?council_id=3163&schedule_id=5&minute_id=115,8e41f49e5e8c126242a43a4a335b548da0cd3bd0e16f3d48adcf653d9607dc12,近藤なつ子議員の報告,"新宿区でも小・中学校合計で約２億3,800万円で実施ができます",supported,811d7d382aca0dd9c851a6bb78f3b8d525f66e651b86b7c12444f8eb51cd1a71
shinjuku-2026-r1-giin-4,hard,content,R1I04-H-13,"新宿区でも小・中学校合計で約2億3,800万円で実施ができる",https://ssp.kaigiroku.net/tenant/shinjuku/MinuteView.html?council_id=3163&schedule_id=5&minute_id=115,8e41f49e5e8c126242a43a4a335b548da0cd3bd0e16f3d48adcf653d9607dc12,近藤なつ子議員の報告,"新宿区でも小・中学校合計で約２億3,800万円で実施ができます",supported,f0a609dad8ac02ced0852838f4b6da770e55d16a0501d9c3efb2c7b94ac8eb0d
shinjuku-2026-r1-giin-4,easy,content,R1I04-E-12,中野区は学校での集金をやめる。先生が子どもと向き合う時間を作るため,https://ssp.kaigiroku.net/tenant/shinjuku/MinuteView.html?council_id=3163&schedule_id=5&minute_id=115,8e41f49e5e8c126242a43a4a335b548da0cd3bd0e16f3d48adcf653d9607dc12,近藤なつ子議員の報告,中野区では学校での徴収そのものを撤廃することで、教員が子どもに向き合う時間を確保するとしています,supported,0e4c840090b4b742ae3b7fcd6618dc52591c7cbd98189a4b029ee7c3428d2f98
shinjuku-2026-r1-giin-4,normal,content,R1I04-N-13,中野区は学校での徴収そのものを撤廃し、教員が子どもに向き合う時間を確保するとしている,https://ssp.kaigiroku.net/tenant/shinjuku/MinuteView.html?council_id=3163&schedule_id=5&minute_id=115,8e41f49e5e8c126242a43a4a335b548da0cd3bd0e16f3d48adcf653d9607dc12,近藤なつ子議員の報告,中野区では学校での徴収そのものを撤廃することで、教員が子どもに向き合う時間を確保するとしています,supported,811d7d382aca0dd9c851a6bb78f3b8d525f66e651b86b7c12444f8eb51cd1a71
shinjuku-2026-r1-giin-4,hard,content,R1I04-H-14,中野区は学校での徴収そのものを撤廃し、教員が子どもに向き合う時間を確保するとしている,https://ssp.kaigiroku.net/tenant/shinjuku/MinuteView.html?council_id=3163&schedule_id=5&minute_id=115,8e41f49e5e8c126242a43a4a335b548da0cd3bd0e16f3d48adcf653d9607dc12,近藤なつ子議員の報告,中野区では学校での徴収そのものを撤廃することで、教員が子どもに向き合う時間を確保するとしています,supported,f0a609dad8ac02ced0852838f4b6da770e55d16a0501d9c3efb2c7b94ac8eb0d
shinjuku-2026-r1-giin-4,easy,content,R1I04-E-13,義務教育は無償とする憲法第26条に近づくと話した,https://ssp.kaigiroku.net/tenant/shinjuku/MinuteView.html?council_id=3163&schedule_id=5&minute_id=115,8e41f49e5e8c126242a43a4a335b548da0cd3bd0e16f3d48adcf653d9607dc12,近藤なつ子議員の報告,義務教育は無償とする憲法第26条の実現に近づくため、必要な条例と考えます,supported,0e4c840090b4b742ae3b7fcd6618dc52591c7cbd98189a4b029ee7c3428d2f98
shinjuku-2026-r1-giin-4,normal,content,R1I04-N-14,義務教育は無償とする憲法第26条の実現に近づくため必要と考える,https://ssp.kaigiroku.net/tenant/shinjuku/MinuteView.html?council_id=3163&schedule_id=5&minute_id=115,8e41f49e5e8c126242a43a4a335b548da0cd3bd0e16f3d48adcf653d9607dc12,近藤なつ子議員の報告,義務教育は無償とする憲法第26条の実現に近づくため、必要な条例と考えます,supported,811d7d382aca0dd9c851a6bb78f3b8d525f66e651b86b7c12444f8eb51cd1a71
shinjuku-2026-r1-giin-4,hard,content,R1I04-H-15,義務教育は無償とする憲法第26条の実現に近づくため必要な条例と考える,https://ssp.kaigiroku.net/tenant/shinjuku/MinuteView.html?council_id=3163&schedule_id=5&minute_id=115,8e41f49e5e8c126242a43a4a335b548da0cd3bd0e16f3d48adcf653d9607dc12,近藤なつ子議員の報告,義務教育は無償とする憲法第26条の実現に近づくため、必要な条例と考えます,supported,f0a609dad8ac02ced0852838f4b6da770e55d16a0501d9c3efb2c7b94ac8eb0d
shinjuku-2026-r1-giin-4,hard,content,R1I04-H-16,"2議案で約2億9,500万円は、国が小学校の給食無償化のため半額を予算化した場合に生まれる約3億円の財源から、区の持ち出しが減る分でほぼ賄える",https://ssp.kaigiroku.net/tenant/shinjuku/MinuteView.html?council_id=3163&schedule_id=5&minute_id=115,8e41f49e5e8c126242a43a4a335b548da0cd3bd0e16f3d48adcf653d9607dc12,近藤なつ子議員の報告,"国が小学校の給食無償化のため、半額を予算化すれば、約３億円の財源が生まれます。２つの議案でかかる約２億9,500万円は区の持ち出しが減る分でほぼ賄える金額です",supported,f0a609dad8ac02ced0852838f4b6da770e55d16a0501d9c3efb2c7b94ac8eb0d
shinjuku-2026-r1-giin-4,easy,content,R1I04-E-14,報告のあと起立で採決した。最初に第4号を採決した,https://ssp.kaigiroku.net/tenant/shinjuku/MinuteView.html?council_id=3163&schedule_id=5&minute_id=116,c00b5424c592f2e37cda99ee036b4af5c1366d882440e0c53586a9c744a977de,審議状況（本会議 3月24日 議長）,以上で、少数意見の報告は終わりました。これから、順次、起立により採決します,supported,0e4c840090b4b742ae3b7fcd6618dc52591c7cbd98189a4b029ee7c3428d2f98
shinjuku-2026-r1-giin-4,normal,content,R1I04-N-15,少数意見の報告のあと本会議で起立による採決が行われた,https://ssp.kaigiroku.net/tenant/shinjuku/MinuteView.html?council_id=3163&schedule_id=5&minute_id=116,c00b5424c592f2e37cda99ee036b4af5c1366d882440e0c53586a9c744a977de,審議状況（本会議 3月24日 議長）,以上で、少数意見の報告は終わりました。これから、順次、起立により採決します,supported,811d7d382aca0dd9c851a6bb78f3b8d525f66e651b86b7c12444f8eb51cd1a71
shinjuku-2026-r1-giin-4,hard,content,R1I04-H-17,少数意見の報告が終わったあと、議長は順次、起立により採決すると述べた,https://ssp.kaigiroku.net/tenant/shinjuku/MinuteView.html?council_id=3163&schedule_id=5&minute_id=116,c00b5424c592f2e37cda99ee036b4af5c1366d882440e0c53586a9c744a977de,審議状況（本会議 3月24日 議長）,以上で、少数意見の報告は終わりました。これから、順次、起立により採決します,supported,f0a609dad8ac02ced0852838f4b6da770e55d16a0501d9c3efb2c7b94ac8eb0d
shinjuku-2026-r1-giin-4,easy,content,R1I04-E-15,第4号で賛成の人は起立した,https://ssp.kaigiroku.net/tenant/shinjuku/MinuteView.html?council_id=3163&schedule_id=5&minute_id=116,c00b5424c592f2e37cda99ee036b4af5c1366d882440e0c53586a9c744a977de,審議状況（本会議 3月24日 議長）,最初に、議員提出議案第４号について採決します…賛成の方は御起立願います,supported,0e4c840090b4b742ae3b7fcd6618dc52591c7cbd98189a4b029ee7c3428d2f98
shinjuku-2026-r1-giin-4,normal,content,R1I04-N-16,第4号が最初に採決された,https://ssp.kaigiroku.net/tenant/shinjuku/MinuteView.html?council_id=3163&schedule_id=5&minute_id=116,c00b5424c592f2e37cda99ee036b4af5c1366d882440e0c53586a9c744a977de,審議状況（本会議 3月24日 議長）,最初に、議員提出議案第４号について採決します…賛成の方は御起立願います,supported,811d7d382aca0dd9c851a6bb78f3b8d525f66e651b86b7c12444f8eb51cd1a71
shinjuku-2026-r1-giin-4,hard,content,R1I04-H-18,最初に第4号について賛成者の起立を求めた,https://ssp.kaigiroku.net/tenant/shinjuku/MinuteView.html?council_id=3163&schedule_id=5&minute_id=116,c00b5424c592f2e37cda99ee036b4af5c1366d882440e0c53586a9c744a977de,審議状況（本会議 3月24日 議長）,最初に、議員提出議案第４号について採決します…賛成の方は御起立願います,supported,f0a609dad8ac02ced0852838f4b6da770e55d16a0501d9c3efb2c7b94ac8eb0d
shinjuku-2026-r1-giin-4,easy,content,R1I04-E-16,起立した人は少数で、議長は否決と伝えた,https://ssp.kaigiroku.net/tenant/shinjuku/MinuteView.html?council_id=3163&schedule_id=5&minute_id=117,e387131ec4308e826ba761000ae0116b6735aea25d4c5bf2c721f7e178c33ccc,審議状況（本会議 3月24日 議長）,起立少数と認めます。本案は、否決されました,supported,0e4c840090b4b742ae3b7fcd6618dc52591c7cbd98189a4b029ee7c3428d2f98
shinjuku-2026-r1-giin-4,normal,content,R1I04-N-17,第4号は起立少数で否決された,https://ssp.kaigiroku.net/tenant/shinjuku/MinuteView.html?council_id=3163&schedule_id=5&minute_id=117,e387131ec4308e826ba761000ae0116b6735aea25d4c5bf2c721f7e178c33ccc,審議状況（本会議 3月24日 議長）,起立少数と認めます。本案は、否決されました,supported,811d7d382aca0dd9c851a6bb78f3b8d525f66e651b86b7c12444f8eb51cd1a71
shinjuku-2026-r1-giin-4,hard,content,R1I04-H-19,議長は起立少数と認め、本案は否決されたと宣告した,https://ssp.kaigiroku.net/tenant/shinjuku/MinuteView.html?council_id=3163&schedule_id=5&minute_id=117,e387131ec4308e826ba761000ae0116b6735aea25d4c5bf2c721f7e178c33ccc,審議状況（本会議 3月24日 議長）,起立少数と認めます。本案は、否決されました,supported,f0a609dad8ac02ced0852838f4b6da770e55d16a0501d9c3efb2c7b94ac8eb0d
shinjuku-2026-r1-giin-4,easy,content,R1I04-E-17,会期は2026年2月17日（火）から3月24日（火）まで,https://www.city.shinjuku.lg.jp/kusei/file08_05_0003820210204_00013.html,869549fe3ba94ac28c6e8fd003d4ad71484501a78203fc7a885109aae4ab487c,審議状況（会期と日程）,令和8年2月17日（火曜日）から3月24日（火曜日）まで,supported,0e4c840090b4b742ae3b7fcd6618dc52591c7cbd98189a4b029ee7c3428d2f98
shinjuku-2026-r1-giin-4,normal,content,R1I04-N-18,会期は2月17日から3月24日まで,https://www.city.shinjuku.lg.jp/kusei/file08_05_0003820210204_00013.html,869549fe3ba94ac28c6e8fd003d4ad71484501a78203fc7a885109aae4ab487c,審議状況（会期と日程）,令和8年2月17日（火曜日）から3月24日（火曜日）まで,supported,811d7d382aca0dd9c851a6bb78f3b8d525f66e651b86b7c12444f8eb51cd1a71
shinjuku-2026-r1-giin-4,hard,content,R1I04-H-20,会期は令和8年2月17日（火曜日）から3月24日（火曜日）まで,https://www.city.shinjuku.lg.jp/kusei/file08_05_0003820210204_00013.html,869549fe3ba94ac28c6e8fd003d4ad71484501a78203fc7a885109aae4ab487c,審議状況（会期と日程）,令和8年2月17日（火曜日）から3月24日（火曜日）まで,supported,f0a609dad8ac02ced0852838f4b6da770e55d16a0501d9c3efb2c7b94ac8eb0d
shinjuku-2026-r1-giin-4,easy,content,R1I04-E-18,会派は8つで、賛成は2つ。共産党議員団とれいわ新選組 新宿が賛成、他の6会派が反対,https://www.city.shinjuku.lg.jp/content/000452334.pdf,22ba4f49b18c96bd1fa26241606257c05477f38e25ac46d6f8e4f416a2cedbf2,審議状況（議員提出議案の採決結果行）,区立学校における教育活動に必要な学用品を給付する。×　×　○　×　×　×　×　○否決,supported,0e4c840090b4b742ae3b7fcd6618dc52591c7cbd98189a4b029ee7c3428d2f98
shinjuku-2026-r1-giin-4,normal,content,R1I04-N-19,共産とれいわが賛成、他の6会派が反対,https://www.city.shinjuku.lg.jp/content/000452334.pdf,22ba4f49b18c96bd1fa26241606257c05477f38e25ac46d6f8e4f416a2cedbf2,審議状況（議員提出議案の採決結果行）,区立学校における教育活動に必要な学用品を給付する。×　×　○　×　×　×　×　○否決,supported,811d7d382aca0dd9c851a6bb78f3b8d525f66e651b86b7c12444f8eb51cd1a71
shinjuku-2026-r1-giin-4,hard,content,R1I04-H-21,会派別の賛否（表）: 共産・れいわが賛成、他の6会派が反対,https://www.city.shinjuku.lg.jp/content/000452334.pdf,22ba4f49b18c96bd1fa26241606257c05477f38e25ac46d6f8e4f416a2cedbf2,審議状況（議員提出議案の採決結果行）,区立学校における教育活動に必要な学用品を給付する。×　×　○　×　×　×　×　○否決,supported,f0a609dad8ac02ced0852838f4b6da770e55d16a0501d9c3efb2c7b94ac8eb0d
shinjuku-2026-r1-giin-4,hard,content,R1I04-H-22,会派略称と会派名の対応,https://www.city.shinjuku.lg.jp/content/000452334.pdf,22ba4f49b18c96bd1fa26241606257c05477f38e25ac46d6f8e4f416a2cedbf2,審議状況（会派略称・列の並び）,共産＝日本共産党新宿区議会議員団…れいわ＝れいわ新選組 新宿…自参ク＝自民・参政クラブ…公明＝新宿区議会公明党…新宿会＝新宿未来の会…民無ク＝立憲民主党・無所属クラブ…維新＝日本維新の会・新宿区議団…現役＝現役世代に優しい新宿・減税の会…自参ク 公明 共産 新宿会 民無ク 維新 現役 れいわ,supported,f0a609dad8ac02ced0852838f4b6da770e55d16a0501d9c3efb2c7b94ac8eb0d
shinjuku-2026-r1-giin-4,easy,content,R1I04-E-19,条例の案の全文は出典に書かれていない,https://www.city.shinjuku.lg.jp/content/000452334.pdf,22ba4f49b18c96bd1fa26241606257c05477f38e25ac46d6f8e4f416a2cedbf2,出典に記載がない事項,（本件は解説本文が「一次資料に記載がない」と明示している箇所であり、事実主張ではない）,needs_source,0e4c840090b4b742ae3b7fcd6618dc52591c7cbd98189a4b029ee7c3428d2f98
shinjuku-2026-r1-giin-4,normal,content,R1I04-N-20,条例案の全文（学用品の範囲、給付の方法、施行日を含む）は出典に書かれていない,https://www.city.shinjuku.lg.jp/content/000452334.pdf,22ba4f49b18c96bd1fa26241606257c05477f38e25ac46d6f8e4f416a2cedbf2,出典に記載がない事項,（本件は解説本文が「一次資料に記載がない」と明示している箇所であり、事実主張ではない）,needs_source,811d7d382aca0dd9c851a6bb78f3b8d525f66e651b86b7c12444f8eb51cd1a71
shinjuku-2026-r1-giin-4,hard,content,R1I04-H-23,条例案の全文（学用品の範囲、給付の方法、施行日、条文構成）は出典に書かれていない,https://www.city.shinjuku.lg.jp/content/000452334.pdf,22ba4f49b18c96bd1fa26241606257c05477f38e25ac46d6f8e4f416a2cedbf2,出典に記載がない事項,（本件は解説本文が「一次資料に記載がない」と明示している箇所であり、事実主張ではない）,needs_source,f0a609dad8ac02ced0852838f4b6da770e55d16a0501d9c3efb2c7b94ac8eb0d
shinjuku-2026-r1-giin-4,easy,content,R1I04-E-20,学用品のくわしい範囲は出典に書かれていない,https://www.city.shinjuku.lg.jp/content/000452334.pdf,22ba4f49b18c96bd1fa26241606257c05477f38e25ac46d6f8e4f416a2cedbf2,出典に記載がない事項,（本件は解説本文が「一次資料に記載がない」と明示している箇所であり、事実主張ではない）,needs_source,0e4c840090b4b742ae3b7fcd6618dc52591c7cbd98189a4b029ee7c3428d2f98
shinjuku-2026-r1-giin-4,easy,content,R1I04-E-21,始まる日は出典に書かれていない,https://www.city.shinjuku.lg.jp/content/000452334.pdf,22ba4f49b18c96bd1fa26241606257c05477f38e25ac46d6f8e4f416a2cedbf2,出典に記載がない事項,（本件は解説本文が「一次資料に記載がない」と明示している箇所であり、事実主張ではない）,needs_source,0e4c840090b4b742ae3b7fcd6618dc52591c7cbd98189a4b029ee7c3428d2f98
shinjuku-2026-r1-giin-4,easy,content,R1I04-E-22,条例の案を出した会派と議員は出典に書かれていない,https://www.city.shinjuku.lg.jp/content/000452334.pdf,22ba4f49b18c96bd1fa26241606257c05477f38e25ac46d6f8e4f416a2cedbf2,出典に記載がない事項,（本件は解説本文が「一次資料に記載がない」と明示している箇所であり、事実主張ではない）,needs_source,0e4c840090b4b742ae3b7fcd6618dc52591c7cbd98189a4b029ee7c3428d2f98
shinjuku-2026-r1-giin-4,normal,content,R1I04-N-21,条例案を提出した会派と議員は出典に書かれていない,https://www.city.shinjuku.lg.jp/content/000452334.pdf,22ba4f49b18c96bd1fa26241606257c05477f38e25ac46d6f8e4f416a2cedbf2,出典に記載がない事項,（本件は解説本文が「一次資料に記載がない」と明示している箇所であり、事実主張ではない）,needs_source,811d7d382aca0dd9c851a6bb78f3b8d525f66e651b86b7c12444f8eb51cd1a71
shinjuku-2026-r1-giin-4,hard,content,R1I04-H-24,条例案を提出した会派と議員は出典に書かれていない,https://www.city.shinjuku.lg.jp/content/000452334.pdf,22ba4f49b18c96bd1fa26241606257c05477f38e25ac46d6f8e4f416a2cedbf2,出典に記載がない事項,（本件は解説本文が「一次資料に記載がない」と明示している箇所であり、事実主張ではない）,needs_source,f0a609dad8ac02ced0852838f4b6da770e55d16a0501d9c3efb2c7b94ac8eb0d
shinjuku-2026-r1-giin-4,easy,content,R1I04-E-23,委員会での質問への答えの中身は出典に書かれていない,https://www.city.shinjuku.lg.jp/content/000452334.pdf,22ba4f49b18c96bd1fa26241606257c05477f38e25ac46d6f8e4f416a2cedbf2,出典に記載がない事項,（本件は解説本文が「一次資料に記載がない」と明示している箇所であり、事実主張ではない）,needs_source,0e4c840090b4b742ae3b7fcd6618dc52591c7cbd98189a4b029ee7c3428d2f98
shinjuku-2026-r1-giin-4,normal,content,R1I04-N-22,委員会での質問への答弁の内容は出典に書かれていない,https://www.city.shinjuku.lg.jp/content/000452334.pdf,22ba4f49b18c96bd1fa26241606257c05477f38e25ac46d6f8e4f416a2cedbf2,出典に記載がない事項,（本件は解説本文が「一次資料に記載がない」と明示している箇所であり、事実主張ではない）,needs_source,811d7d382aca0dd9c851a6bb78f3b8d525f66e651b86b7c12444f8eb51cd1a71
shinjuku-2026-r1-giin-4,hard,content,R1I04-H-25,委員会での質問への答弁の内容は出典に書かれていない,https://www.city.shinjuku.lg.jp/content/000452334.pdf,22ba4f49b18c96bd1fa26241606257c05477f38e25ac46d6f8e4f416a2cedbf2,出典に記載がない事項,（本件は解説本文が「一次資料に記載がない」と明示している箇所であり、事実主張ではない）,needs_source,f0a609dad8ac02ced0852838f4b6da770e55d16a0501d9c3efb2c7b94ac8eb0d
shinjuku-2026-r1-giin-4,easy,content,R1I04-E-24,反対した会派が反対した理由は出典に書かれていない,https://www.city.shinjuku.lg.jp/content/000452334.pdf,22ba4f49b18c96bd1fa26241606257c05477f38e25ac46d6f8e4f416a2cedbf2,出典に記載がない事項,（本件は解説本文が「一次資料に記載がない」と明示している箇所であり、事実主張ではない）,needs_source,0e4c840090b4b742ae3b7fcd6618dc52591c7cbd98189a4b029ee7c3428d2f98
shinjuku-2026-r1-giin-4,normal,content,R1I04-N-23,反対した会派の反対理由は出典に書かれていない,https://www.city.shinjuku.lg.jp/content/000452334.pdf,22ba4f49b18c96bd1fa26241606257c05477f38e25ac46d6f8e4f416a2cedbf2,出典に記載がない事項,（本件は解説本文が「一次資料に記載がない」と明示している箇所であり、事実主張ではない）,needs_source,811d7d382aca0dd9c851a6bb78f3b8d525f66e651b86b7c12444f8eb51cd1a71
shinjuku-2026-r1-giin-4,hard,content,R1I04-H-26,反対した会派の反対理由は出典に書かれていない,https://www.city.shinjuku.lg.jp/content/000452334.pdf,22ba4f49b18c96bd1fa26241606257c05477f38e25ac46d6f8e4f416a2cedbf2,出典に記載がない事項,（本件は解説本文が「一次資料に記載がない」と明示している箇所であり、事実主張ではない）,needs_source,f0a609dad8ac02ced0852838f4b6da770e55d16a0501d9c3efb2c7b94ac8eb0d
shinjuku-2026-r1-giin-5,easy,title,R1I05-ET-01,見出し: 区立学校の修学旅行費を無料にする条例の案,https://www.city.shinjuku.lg.jp/kusei/file08_05_0003820210204_00013.html,869549fe3ba94ac28c6e8fd003d4ad71484501a78203fc7a885109aae4ab487c,件名（会期ページ）,議員提出議案第5号　新宿区立学校における修学旅行費の無償化に関する条例,supported,05302d744894bc98e0925c3034c75cf98f4f31976f8cc6f73fd0fc46b920017f
shinjuku-2026-r1-giin-5,normal,title,R1I05-NT-01,見出し: 区立学校の修学旅行費を無償化する条例案（議員提出議案第5号）,https://www.city.shinjuku.lg.jp/kusei/file08_05_0003820210204_00013.html,869549fe3ba94ac28c6e8fd003d4ad71484501a78203fc7a885109aae4ab487c,件名（会期ページ）,議員提出議案第5号　新宿区立学校における修学旅行費の無償化に関する条例,supported,72e82be31aad7981db555bf8613e77c5fa128450299cfc243722edb7c4910134
shinjuku-2026-r1-giin-5,hard,title,R1I05-HT-01,見出し: 議員提出議案第5号 新宿区立学校における修学旅行費の無償化に関する条例,https://www.city.shinjuku.lg.jp/kusei/file08_05_0003820210204_00013.html,869549fe3ba94ac28c6e8fd003d4ad71484501a78203fc7a885109aae4ab487c,件名（会期ページ）,議員提出議案第5号　新宿区立学校における修学旅行費の無償化に関する条例,supported,e47f3c93e215fd7ef79a9e2411d7011da75f87b99021a35238315e7cb2b9140e
shinjuku-2026-r1-giin-5,easy,summary,R1I05-ES-01,要約: 区立学校の修学旅行費を無料にする内容,https://www.city.shinjuku.lg.jp/content/000452334.pdf,22ba4f49b18c96bd1fa26241606257c05477f38e25ac46d6f8e4f416a2cedbf2,概要,区立学校における修学旅行費を無償化する,supported,05302d744894bc98e0925c3034c75cf98f4f31976f8cc6f73fd0fc46b920017f
shinjuku-2026-r1-giin-5,normal,summary,R1I05-NS-01,要約: 区立学校における修学旅行費を無償化し、保護者の経済的負担を軽減する条例案,https://www.city.shinjuku.lg.jp/content/000452334.pdf,22ba4f49b18c96bd1fa26241606257c05477f38e25ac46d6f8e4f416a2cedbf2,概要,区立学校における修学旅行費を無償化する,supported,72e82be31aad7981db555bf8613e77c5fa128450299cfc243722edb7c4910134
shinjuku-2026-r1-giin-5,hard,summary,R1I05-HS-01,要約: 区立学校における修学旅行費を無償化し、教育活動の充実を図る条例案,https://www.city.shinjuku.lg.jp/content/000452334.pdf,22ba4f49b18c96bd1fa26241606257c05477f38e25ac46d6f8e4f416a2cedbf2,概要,区立学校における修学旅行費を無償化する,supported,e47f3c93e215fd7ef79a9e2411d7011da75f87b99021a35238315e7cb2b9140e
shinjuku-2026-r1-giin-5,normal,summary,R1I05-NS-02,要約: 保護者の経済的負担を軽減する,https://www.city.shinjuku.lg.jp/content/000452334.pdf,22ba4f49b18c96bd1fa26241606257c05477f38e25ac46d6f8e4f416a2cedbf2,概要,保護者の経済的負担を軽減し、教育活動の充実を図る必要があるため,supported,72e82be31aad7981db555bf8613e77c5fa128450299cfc243722edb7c4910134
shinjuku-2026-r1-giin-5,hard,summary,R1I05-HS-02,要約: 保護者の経済的負担を軽減して教育活動の充実を図る,https://www.city.shinjuku.lg.jp/content/000452334.pdf,22ba4f49b18c96bd1fa26241606257c05477f38e25ac46d6f8e4f416a2cedbf2,概要,保護者の経済的負担を軽減し、教育活動の充実を図る必要があるため,supported,e47f3c93e215fd7ef79a9e2411d7011da75f87b99021a35238315e7cb2b9140e
shinjuku-2026-r1-giin-5,normal,summary,R1I05-NS-03,要約: 文教子ども家庭委員会の審査報告は否決で、近藤なつ子議員が少数意見を報告した,https://ssp.kaigiroku.net/tenant/shinjuku/MinuteView.html?council_id=3163&schedule_id=5&minute_id=114,8ddedb66aaa71f96f10cd5df52b159f3a242501ddbb6bac198cbc53baae1c1aa,審議状況（本会議 3月24日 議長）,文教子ども家庭委員会審査報告書は、否決です…少数意見を口頭で報告するとの申出があります…32番近藤なつ子議員,supported,72e82be31aad7981db555bf8613e77c5fa128450299cfc243722edb7c4910134
shinjuku-2026-r1-giin-5,hard,summary,R1I05-HS-03,要約: 文教子ども家庭委員会の審査報告書は否決。本会議で近藤なつ子議員が少数意見を報告,https://ssp.kaigiroku.net/tenant/shinjuku/MinuteView.html?council_id=3163&schedule_id=5&minute_id=114,8ddedb66aaa71f96f10cd5df52b159f3a242501ddbb6bac198cbc53baae1c1aa,審議状況（本会議 3月24日 議長）,文教子ども家庭委員会審査報告書は、否決です…少数意見を口頭で報告するとの申出があります…32番近藤なつ子議員,supported,e47f3c93e215fd7ef79a9e2411d7011da75f87b99021a35238315e7cb2b9140e
shinjuku-2026-r1-giin-5,easy,summary,R1I05-ES-02,要約: 本会議で否決された,https://ssp.kaigiroku.net/tenant/shinjuku/MinuteView.html?council_id=3163&schedule_id=5&minute_id=118,6c5cee7b0e568b912cd6a1aeab4049ba4dc242dc5ae44d0c882c2e084466099f,審議状況（本会議 3月24日 議長）,起立少数と認めます。本案は、否決されました,supported,05302d744894bc98e0925c3034c75cf98f4f31976f8cc6f73fd0fc46b920017f
shinjuku-2026-r1-giin-5,normal,summary,R1I05-NS-04,要約: 起立少数により否決された,https://ssp.kaigiroku.net/tenant/shinjuku/MinuteView.html?council_id=3163&schedule_id=5&minute_id=118,6c5cee7b0e568b912cd6a1aeab4049ba4dc242dc5ae44d0c882c2e084466099f,審議状況（本会議 3月24日 議長）,起立少数と認めます。本案は、否決されました,supported,72e82be31aad7981db555bf8613e77c5fa128450299cfc243722edb7c4910134
shinjuku-2026-r1-giin-5,hard,summary,R1I05-HS-04,要約: 起立少数で否決,https://ssp.kaigiroku.net/tenant/shinjuku/MinuteView.html?council_id=3163&schedule_id=5&minute_id=118,6c5cee7b0e568b912cd6a1aeab4049ba4dc242dc5ae44d0c882c2e084466099f,審議状況（本会議 3月24日 議長）,起立少数と認めます。本案は、否決されました,supported,e47f3c93e215fd7ef79a9e2411d7011da75f87b99021a35238315e7cb2b9140e
shinjuku-2026-r1-giin-5,easy,summary,R1I05-ES-03,要約: 2026年（令和8年）3月24日の本会議,https://ssp.kaigiroku.net/tenant/shinjuku/MinuteView.html?council_id=3163&schedule_id=5&minute_id=1,bd058d36962b45d8d965e4625bb95ecd661a102a026175213f37ba9eb575424a,審議状況（本会議 3月24日 会議録の冒頭）,令和８年第１回定例会会議録（第４日）第４号…令和８年３月２４日（火曜日）,supported,05302d744894bc98e0925c3034c75cf98f4f31976f8cc6f73fd0fc46b920017f
shinjuku-2026-r1-giin-5,normal,summary,R1I05-NS-05,要約: 令和8年3月24日の本会議,https://ssp.kaigiroku.net/tenant/shinjuku/MinuteView.html?council_id=3163&schedule_id=5&minute_id=1,bd058d36962b45d8d965e4625bb95ecd661a102a026175213f37ba9eb575424a,審議状況（本会議 3月24日 会議録の冒頭）,令和８年第１回定例会会議録（第４日）第４号…令和８年３月２４日（火曜日）,supported,72e82be31aad7981db555bf8613e77c5fa128450299cfc243722edb7c4910134
shinjuku-2026-r1-giin-5,hard,summary,R1I05-HS-05,要約: 本会議は令和8年3月24日,https://ssp.kaigiroku.net/tenant/shinjuku/MinuteView.html?council_id=3163&schedule_id=5&minute_id=1,bd058d36962b45d8d965e4625bb95ecd661a102a026175213f37ba9eb575424a,審議状況（本会議 3月24日 会議録の冒頭）,令和８年第１回定例会会議録（第４日）第４号…令和８年３月２４日（火曜日）,supported,e47f3c93e215fd7ef79a9e2411d7011da75f87b99021a35238315e7cb2b9140e
shinjuku-2026-r1-giin-5,hard,summary,R1I05-HS-06,要約: 共産・れいわが賛成、他6会派が反対,https://www.city.shinjuku.lg.jp/content/000452334.pdf,22ba4f49b18c96bd1fa26241606257c05477f38e25ac46d6f8e4f416a2cedbf2,審議状況（議員提出議案の採決結果行）,区立学校における修学旅行費を無償化する。×　×　○　×　×　×　×　○否決,supported,e47f3c93e215fd7ef79a9e2411d7011da75f87b99021a35238315e7cb2b9140e
shinjuku-2026-r1-giin-5,easy,content,R1I05-E-01,議員提出議案の第5号,https://ssp.kaigiroku.net/tenant/shinjuku/MinuteView.html?council_id=3163&schedule_id=5&minute_id=113,8892b50c4e88c11c930b17117a6deb61a20e78b3a22e8bbeef06d5ad86458674,審議状況（本会議 3月24日 議題）,議員提出議案第５号　新宿区立学校における修学旅行費の無償化に関する条例,supported,05302d744894bc98e0925c3034c75cf98f4f31976f8cc6f73fd0fc46b920017f
shinjuku-2026-r1-giin-5,normal,content,R1I05-N-01,議員提出議案第5号,https://ssp.kaigiroku.net/tenant/shinjuku/MinuteView.html?council_id=3163&schedule_id=5&minute_id=113,8892b50c4e88c11c930b17117a6deb61a20e78b3a22e8bbeef06d5ad86458674,審議状況（本会議 3月24日 議題）,議員提出議案第５号　新宿区立学校における修学旅行費の無償化に関する条例,supported,72e82be31aad7981db555bf8613e77c5fa128450299cfc243722edb7c4910134
shinjuku-2026-r1-giin-5,hard,content,R1I05-H-01,種別は議員提出議案,https://ssp.kaigiroku.net/tenant/shinjuku/MinuteView.html?council_id=3163&schedule_id=5&minute_id=113,8892b50c4e88c11c930b17117a6deb61a20e78b3a22e8bbeef06d5ad86458674,審議状況（本会議 3月24日 議題）,議員提出議案第５号　新宿区立学校における修学旅行費の無償化に関する条例,supported,e47f3c93e215fd7ef79a9e2411d7011da75f87b99021a35238315e7cb2b9140e
shinjuku-2026-r1-giin-5,normal,content,R1I05-N-02,件名は新宿区立学校における修学旅行費の無償化に関する条例,https://www.city.shinjuku.lg.jp/kusei/file08_05_0003820210204_00013.html,869549fe3ba94ac28c6e8fd003d4ad71484501a78203fc7a885109aae4ab487c,件名（会期ページ）,議員提出議案第5号　新宿区立学校における修学旅行費の無償化に関する条例,supported,72e82be31aad7981db555bf8613e77c5fa128450299cfc243722edb7c4910134
shinjuku-2026-r1-giin-5,hard,content,R1I05-H-02,件名は新宿区立学校における修学旅行費の無償化に関する条例,https://www.city.shinjuku.lg.jp/kusei/file08_05_0003820210204_00013.html,869549fe3ba94ac28c6e8fd003d4ad71484501a78203fc7a885109aae4ab487c,件名（会期ページ）,議員提出議案第5号　新宿区立学校における修学旅行費の無償化に関する条例,supported,e47f3c93e215fd7ef79a9e2411d7011da75f87b99021a35238315e7cb2b9140e
shinjuku-2026-r1-giin-5,easy,content,R1I05-E-02,区立学校の修学旅行のお金を無料にする,https://www.city.shinjuku.lg.jp/content/000452334.pdf,22ba4f49b18c96bd1fa26241606257c05477f38e25ac46d6f8e4f416a2cedbf2,概要,区立学校における修学旅行費を無償化する,supported,05302d744894bc98e0925c3034c75cf98f4f31976f8cc6f73fd0fc46b920017f
shinjuku-2026-r1-giin-5,normal,content,R1I05-N-03,概要: 区立学校における修学旅行費を無償化する,https://www.city.shinjuku.lg.jp/content/000452334.pdf,22ba4f49b18c96bd1fa26241606257c05477f38e25ac46d6f8e4f416a2cedbf2,概要,区立学校における修学旅行費を無償化する,supported,72e82be31aad7981db555bf8613e77c5fa128450299cfc243722edb7c4910134
shinjuku-2026-r1-giin-5,hard,content,R1I05-H-03,概要: 区立学校における修学旅行費を無償化する,https://www.city.shinjuku.lg.jp/content/000452334.pdf,22ba4f49b18c96bd1fa26241606257c05477f38e25ac46d6f8e4f416a2cedbf2,概要,区立学校における修学旅行費を無償化する,supported,e47f3c93e215fd7ef79a9e2411d7011da75f87b99021a35238315e7cb2b9140e
shinjuku-2026-r1-giin-5,easy,content,R1I05-E-03,目的は保護者のお金の負担を軽くすることと、教育活動を充実させること,https://www.city.shinjuku.lg.jp/content/000452334.pdf,22ba4f49b18c96bd1fa26241606257c05477f38e25ac46d6f8e4f416a2cedbf2,概要,保護者の経済的負担を軽減し、教育活動の充実を図る必要があるため,supported,05302d744894bc98e0925c3034c75cf98f4f31976f8cc6f73fd0fc46b920017f
shinjuku-2026-r1-giin-5,normal,content,R1I05-N-04,概要: 保護者の経済的負担を軽減し、教育活動の充実を図る必要がある,https://www.city.shinjuku.lg.jp/content/000452334.pdf,22ba4f49b18c96bd1fa26241606257c05477f38e25ac46d6f8e4f416a2cedbf2,概要,保護者の経済的負担を軽減し、教育活動の充実を図る必要があるため,supported,72e82be31aad7981db555bf8613e77c5fa128450299cfc243722edb7c4910134
shinjuku-2026-r1-giin-5,hard,content,R1I05-H-04,概要: 保護者の経済的負担を軽減し、教育活動の充実を図る必要がある,https://www.city.shinjuku.lg.jp/content/000452334.pdf,22ba4f49b18c96bd1fa26241606257c05477f38e25ac46d6f8e4f416a2cedbf2,概要,保護者の経済的負担を軽減し、教育活動の充実を図る必要があるため,supported,e47f3c93e215fd7ef79a9e2411d7011da75f87b99021a35238315e7cb2b9140e
shinjuku-2026-r1-giin-5,easy,content,R1I05-E-04,第4号の案の報告もいっしょにした,https://ssp.kaigiroku.net/tenant/shinjuku/MinuteView.html?council_id=3163&schedule_id=5&minute_id=111,ec04d8887cf8bb33bf5d469ba20b7bfba1dbdd1044e87fe1aaeaf1fb0fddf3e4,審議状況（本会議 3月24日 議長）,日程第39及び日程第40を一括議題とします,supported,05302d744894bc98e0925c3034c75cf98f4f31976f8cc6f73fd0fc46b920017f
shinjuku-2026-r1-giin-5,normal,content,R1I05-N-05,第4号と第5号をまとめて報告した,https://ssp.kaigiroku.net/tenant/shinjuku/MinuteView.html?council_id=3163&schedule_id=5&minute_id=111,ec04d8887cf8bb33bf5d469ba20b7bfba1dbdd1044e87fe1aaeaf1fb0fddf3e4,審議状況（本会議 3月24日 議長）,日程第39及び日程第40を一括議題とします,supported,72e82be31aad7981db555bf8613e77c5fa128450299cfc243722edb7c4910134
shinjuku-2026-r1-giin-5,hard,content,R1I05-H-05,第4号と第5号は一括して議題とされた,https://ssp.kaigiroku.net/tenant/shinjuku/MinuteView.html?council_id=3163&schedule_id=5&minute_id=111,ec04d8887cf8bb33bf5d469ba20b7bfba1dbdd1044e87fe1aaeaf1fb0fddf3e4,審議状況（本会議 3月24日 議長）,日程第39及び日程第40を一括議題とします,supported,e47f3c93e215fd7ef79a9e2411d7011da75f87b99021a35238315e7cb2b9140e
shinjuku-2026-r1-giin-5,easy,content,R1I05-E-05,文教子ども家庭委員会の審査報告書は否決,https://ssp.kaigiroku.net/tenant/shinjuku/MinuteView.html?council_id=3163&schedule_id=5&minute_id=114,8ddedb66aaa71f96f10cd5df52b159f3a242501ddbb6bac198cbc53baae1c1aa,審議状況（本会議 3月24日 議長）,文教子ども家庭委員会審査報告書は、否決です…少数意見を口頭で報告するとの申出があります…32番近藤なつ子議員,supported,05302d744894bc98e0925c3034c75cf98f4f31976f8cc6f73fd0fc46b920017f
shinjuku-2026-r1-giin-5,normal,content,R1I05-N-06,文教子ども家庭委員会の審査報告書は否決。少数意見を口頭で報告する申出があった,https://ssp.kaigiroku.net/tenant/shinjuku/MinuteView.html?council_id=3163&schedule_id=5&minute_id=114,8ddedb66aaa71f96f10cd5df52b159f3a242501ddbb6bac198cbc53baae1c1aa,審議状況（本会議 3月24日 議長）,文教子ども家庭委員会審査報告書は、否決です…少数意見を口頭で報告するとの申出があります…32番近藤なつ子議員,supported,72e82be31aad7981db555bf8613e77c5fa128450299cfc243722edb7c4910134
shinjuku-2026-r1-giin-5,hard,content,R1I05-H-06,議長が文教子ども家庭委員会審査報告書は否決で、少数意見を口頭で報告する申出があると述べ、近藤なつ子議員の登壇を許した,https://ssp.kaigiroku.net/tenant/shinjuku/MinuteView.html?council_id=3163&schedule_id=5&minute_id=114,8ddedb66aaa71f96f10cd5df52b159f3a242501ddbb6bac198cbc53baae1c1aa,審議状況（本会議 3月24日 議長）,文教子ども家庭委員会審査報告書は、否決です…少数意見を口頭で報告するとの申出があります…32番近藤なつ子議員,supported,e47f3c93e215fd7ef79a9e2411d7011da75f87b99021a35238315e7cb2b9140e
shinjuku-2026-r1-giin-5,easy,content,R1I05-E-06,近藤議員が賛成して少数意見を残し、本会議で口で報告した,https://ssp.kaigiroku.net/tenant/shinjuku/MinuteView.html?council_id=3163&schedule_id=5&minute_id=115,8e41f49e5e8c126242a43a4a335b548da0cd3bd0e16f3d48adcf653d9607dc12,近藤なつ子議員の報告,ただいま一括議題となっております議員提出議案第４号…及び議員提出議案第５号…の２議案について、文教子ども家庭委員会において、私、近藤なつ子は賛成し、少数意見を留保いたしましたので、報告します,supported,05302d744894bc98e0925c3034c75cf98f4f31976f8cc6f73fd0fc46b920017f
shinjuku-2026-r1-giin-5,normal,content,R1I05-N-07,委員会で賛成して少数意見を留保した近藤議員が、第4号と第5号をまとめて本会議で口頭で報告した,https://ssp.kaigiroku.net/tenant/shinjuku/MinuteView.html?council_id=3163&schedule_id=5&minute_id=115,8e41f49e5e8c126242a43a4a335b548da0cd3bd0e16f3d48adcf653d9607dc12,近藤なつ子議員の報告,ただいま一括議題となっております議員提出議案第４号…及び議員提出議案第５号…の２議案について、文教子ども家庭委員会において、私、近藤なつ子は賛成し、少数意見を留保いたしましたので、報告します,supported,72e82be31aad7981db555bf8613e77c5fa128450299cfc243722edb7c4910134
shinjuku-2026-r1-giin-5,hard,content,R1I05-H-07,近藤議員は委員会で賛成して少数意見を留保したと報告した,https://ssp.kaigiroku.net/tenant/shinjuku/MinuteView.html?council_id=3163&schedule_id=5&minute_id=115,8e41f49e5e8c126242a43a4a335b548da0cd3bd0e16f3d48adcf653d9607dc12,近藤なつ子議員の報告,ただいま一括議題となっております議員提出議案第４号…及び議員提出議案第５号…の２議案について、文教子ども家庭委員会において、私、近藤なつ子は賛成し、少数意見を留保いたしましたので、報告します,supported,e47f3c93e215fd7ef79a9e2411d7011da75f87b99021a35238315e7cb2b9140e
shinjuku-2026-r1-giin-5,easy,content,R1I05-E-07,近藤議員は日本共産党新宿区議会議員団の議員,https://ssp.kaigiroku.net/tenant/shinjuku/MinuteView.html?council_id=3163&schedule_id=5&minute_id=115,8e41f49e5e8c126242a43a4a335b548da0cd3bd0e16f3d48adcf653d9607dc12,近藤なつ子議員の報告,日本共産党新宿区議会議員団の近藤なつ子です,supported,05302d744894bc98e0925c3034c75cf98f4f31976f8cc6f73fd0fc46b920017f
shinjuku-2026-r1-giin-5,normal,content,R1I05-N-08,近藤なつ子議員は日本共産党新宿区議会議員団,https://ssp.kaigiroku.net/tenant/shinjuku/MinuteView.html?council_id=3163&schedule_id=5&minute_id=115,8e41f49e5e8c126242a43a4a335b548da0cd3bd0e16f3d48adcf653d9607dc12,近藤なつ子議員の報告,日本共産党新宿区議会議員団の近藤なつ子です,supported,72e82be31aad7981db555bf8613e77c5fa128450299cfc243722edb7c4910134
shinjuku-2026-r1-giin-5,hard,content,R1I05-H-08,近藤議員は日本共産党新宿区議会議員団,https://ssp.kaigiroku.net/tenant/shinjuku/MinuteView.html?council_id=3163&schedule_id=5&minute_id=115,8e41f49e5e8c126242a43a4a335b548da0cd3bd0e16f3d48adcf653d9607dc12,近藤なつ子議員の報告,日本共産党新宿区議会議員団の近藤なつ子です,supported,e47f3c93e215fd7ef79a9e2411d7011da75f87b99021a35238315e7cb2b9140e
shinjuku-2026-r1-giin-5,easy,content,R1I05-E-08,報告は2026年（令和8年）3月24日（火）の本会議,https://ssp.kaigiroku.net/tenant/shinjuku/MinuteView.html?council_id=3163&schedule_id=5&minute_id=1,bd058d36962b45d8d965e4625bb95ecd661a102a026175213f37ba9eb575424a,審議状況（本会議 3月24日 会議録の冒頭）,令和８年第１回定例会会議録（第４日）第４号…令和８年３月２４日（火曜日）,supported,05302d744894bc98e0925c3034c75cf98f4f31976f8cc6f73fd0fc46b920017f
shinjuku-2026-r1-giin-5,normal,content,R1I05-N-09,本会議は令和8年3月24日,https://ssp.kaigiroku.net/tenant/shinjuku/MinuteView.html?council_id=3163&schedule_id=5&minute_id=1,bd058d36962b45d8d965e4625bb95ecd661a102a026175213f37ba9eb575424a,審議状況（本会議 3月24日 会議録の冒頭）,令和８年第１回定例会会議録（第４日）第４号…令和８年３月２４日（火曜日）,supported,72e82be31aad7981db555bf8613e77c5fa128450299cfc243722edb7c4910134
shinjuku-2026-r1-giin-5,hard,content,R1I05-H-09,会議録は第4日第4号、令和8年3月24日（火曜日）,https://ssp.kaigiroku.net/tenant/shinjuku/MinuteView.html?council_id=3163&schedule_id=5&minute_id=1,bd058d36962b45d8d965e4625bb95ecd661a102a026175213f37ba9eb575424a,審議状況（本会議 3月24日 会議録の冒頭）,令和８年第１回定例会会議録（第４日）第４号…令和８年３月２４日（火曜日）,supported,e47f3c93e215fd7ef79a9e2411d7011da75f87b99021a35238315e7cb2b9140e
shinjuku-2026-r1-giin-5,hard,content,R1I05-H-10,趣旨: 修学旅行費を無償化して保護者の経済的負担を軽減し、教育活動の充実を図る必要がある,https://ssp.kaigiroku.net/tenant/shinjuku/MinuteView.html?council_id=3163&schedule_id=5&minute_id=115,8e41f49e5e8c126242a43a4a335b548da0cd3bd0e16f3d48adcf653d9607dc12,近藤なつ子議員の報告,本議案は、区立学校における修学旅行費を無償化することにより、保護者の経済的負担を軽減し、教育活動の充実を図る必要があるものです,supported,e47f3c93e215fd7ef79a9e2411d7011da75f87b99021a35238315e7cb2b9140e
shinjuku-2026-r1-giin-5,easy,content,R1I05-E-09,修学旅行の費用は年々上がっていると話した,https://ssp.kaigiroku.net/tenant/shinjuku/MinuteView.html?council_id=3163&schedule_id=5&minute_id=115,8e41f49e5e8c126242a43a4a335b548da0cd3bd0e16f3d48adcf653d9607dc12,近藤なつ子議員の報告,修学旅行の費用は、年々上がっています,supported,05302d744894bc98e0925c3034c75cf98f4f31976f8cc6f73fd0fc46b920017f
shinjuku-2026-r1-giin-5,normal,content,R1I05-N-10,修学旅行の費用は年々上がっている,https://ssp.kaigiroku.net/tenant/shinjuku/MinuteView.html?council_id=3163&schedule_id=5&minute_id=115,8e41f49e5e8c126242a43a4a335b548da0cd3bd0e16f3d48adcf653d9607dc12,近藤なつ子議員の報告,修学旅行の費用は、年々上がっています,supported,72e82be31aad7981db555bf8613e77c5fa128450299cfc243722edb7c4910134
shinjuku-2026-r1-giin-5,hard,content,R1I05-H-11,修学旅行の費用は年々上がっている,https://ssp.kaigiroku.net/tenant/shinjuku/MinuteView.html?council_id=3163&schedule_id=5&minute_id=115,8e41f49e5e8c126242a43a4a335b548da0cd3bd0e16f3d48adcf653d9607dc12,近藤なつ子議員の報告,修学旅行の費用は、年々上がっています,supported,e47f3c93e215fd7ef79a9e2411d7011da75f87b99021a35238315e7cb2b9140e
shinjuku-2026-r1-giin-5,easy,content,R1I05-E-10,"新宿区では7万7,500円前後かかる。分けて集めても保護者には大きな負担",https://ssp.kaigiroku.net/tenant/shinjuku/MinuteView.html?council_id=3163&schedule_id=5&minute_id=115,8e41f49e5e8c126242a43a4a335b548da0cd3bd0e16f3d48adcf653d9607dc12,近藤なつ子議員の報告,"現在新宿区では、７万7,500円前後かかっています。分割して徴収するとはいえ、保護者にとって大きな負担です",supported,05302d744894bc98e0925c3034c75cf98f4f31976f8cc6f73fd0fc46b920017f
shinjuku-2026-r1-giin-5,normal,content,R1I05-N-11,"現在の新宿区では7万7,500円前後かかる。分割して徴収するとはいえ保護者にとって大きな負担",https://ssp.kaigiroku.net/tenant/shinjuku/MinuteView.html?council_id=3163&schedule_id=5&minute_id=115,8e41f49e5e8c126242a43a4a335b548da0cd3bd0e16f3d48adcf653d9607dc12,近藤なつ子議員の報告,"現在新宿区では、７万7,500円前後かかっています。分割して徴収するとはいえ、保護者にとって大きな負担です",supported,72e82be31aad7981db555bf8613e77c5fa128450299cfc243722edb7c4910134
shinjuku-2026-r1-giin-5,hard,content,R1I05-H-12,"現在の新宿区では7万7,500円前後かかる。分割して徴収するとはいえ保護者にとって大きな負担",https://ssp.kaigiroku.net/tenant/shinjuku/MinuteView.html?council_id=3163&schedule_id=5&minute_id=115,8e41f49e5e8c126242a43a4a335b548da0cd3bd0e16f3d48adcf653d9607dc12,近藤なつ子議員の報告,"現在新宿区では、７万7,500円前後かかっています。分割して徴収するとはいえ、保護者にとって大きな負担です",supported,e47f3c93e215fd7ef79a9e2411d7011da75f87b99021a35238315e7cb2b9140e
shinjuku-2026-r1-giin-5,normal,content,R1I05-N-12,中学3年間の思い出となる修学旅行の費用について、生徒自身も心配なく実施できるようにすることは行政の役割,https://ssp.kaigiroku.net/tenant/shinjuku/MinuteView.html?council_id=3163&schedule_id=5&minute_id=115,8e41f49e5e8c126242a43a4a335b548da0cd3bd0e16f3d48adcf653d9607dc12,近藤なつ子議員の報告,中学３年間の中でかけがえのない思い出となる修学旅行の費用について、生徒自身も心配なく、実施できるようにすることは行政の役割です,supported,72e82be31aad7981db555bf8613e77c5fa128450299cfc243722edb7c4910134
shinjuku-2026-r1-giin-5,hard,content,R1I05-H-13,中学3年間の思い出となる修学旅行の費用について、生徒自身も心配なく実施できるようにすることは行政の役割,https://ssp.kaigiroku.net/tenant/shinjuku/MinuteView.html?council_id=3163&schedule_id=5&minute_id=115,8e41f49e5e8c126242a43a4a335b548da0cd3bd0e16f3d48adcf653d9607dc12,近藤なつ子議員の報告,中学３年間の中でかけがえのない思い出となる修学旅行の費用について、生徒自身も心配なく、実施できるようにすることは行政の役割です,supported,e47f3c93e215fd7ef79a9e2411d7011da75f87b99021a35238315e7cb2b9140e
shinjuku-2026-r1-giin-5,easy,content,R1I05-E-11,すでに実施している区がある。来年度から所得制限をなくす区は港区と品川区,https://ssp.kaigiroku.net/tenant/shinjuku/MinuteView.html?council_id=3163&schedule_id=5&minute_id=115,8e41f49e5e8c126242a43a4a335b548da0cd3bd0e16f3d48adcf653d9607dc12,近藤なつ子議員の報告,既に実施している葛飾区、墨田区、足立区、荒川区、実施区の中で来年度からは所得制限をなくす港区、品川区,supported,05302d744894bc98e0925c3034c75cf98f4f31976f8cc6f73fd0fc46b920017f
shinjuku-2026-r1-giin-5,normal,content,R1I05-N-13,既に実施している葛飾区、墨田区、足立区、荒川区に加え、来年度からは所得制限をなくす港区、品川区,https://ssp.kaigiroku.net/tenant/shinjuku/MinuteView.html?council_id=3163&schedule_id=5&minute_id=115,8e41f49e5e8c126242a43a4a335b548da0cd3bd0e16f3d48adcf653d9607dc12,近藤なつ子議員の報告,既に実施している葛飾区、墨田区、足立区、荒川区、実施区の中で来年度からは所得制限をなくす港区、品川区,supported,72e82be31aad7981db555bf8613e77c5fa128450299cfc243722edb7c4910134
shinjuku-2026-r1-giin-5,hard,content,R1I05-H-14,既に実施している葛飾区、墨田区、足立区、荒川区に加え、来年度からは所得制限をなくす港区、品川区,https://ssp.kaigiroku.net/tenant/shinjuku/MinuteView.html?council_id=3163&schedule_id=5&minute_id=115,8e41f49e5e8c126242a43a4a335b548da0cd3bd0e16f3d48adcf653d9607dc12,近藤なつ子議員の報告,既に実施している葛飾区、墨田区、足立区、荒川区、実施区の中で来年度からは所得制限をなくす港区、品川区,supported,e47f3c93e215fd7ef79a9e2411d7011da75f87b99021a35238315e7cb2b9140e
shinjuku-2026-r1-giin-5,easy,content,R1I05-E-12,来年度から新しく実施する区が4区ある。合わせて10区ですべて所得制限がない,https://ssp.kaigiroku.net/tenant/shinjuku/MinuteView.html?council_id=3163&schedule_id=5&minute_id=115,8e41f49e5e8c126242a43a4a335b548da0cd3bd0e16f3d48adcf653d9607dc12,近藤なつ子議員の報告,来年度から新たに実施する中野区、江戸川区、台東区、江東区と10区になりますが、全て所得制限がなくなっています,supported,05302d744894bc98e0925c3034c75cf98f4f31976f8cc6f73fd0fc46b920017f
shinjuku-2026-r1-giin-5,normal,content,R1I05-N-14,新たに実施する中野区、江戸川区、台東区、江東区で10区になり、全て所得制限がなくなっている,https://ssp.kaigiroku.net/tenant/shinjuku/MinuteView.html?council_id=3163&schedule_id=5&minute_id=115,8e41f49e5e8c126242a43a4a335b548da0cd3bd0e16f3d48adcf653d9607dc12,近藤なつ子議員の報告,来年度から新たに実施する中野区、江戸川区、台東区、江東区と10区になりますが、全て所得制限がなくなっています,supported,72e82be31aad7981db555bf8613e77c5fa128450299cfc243722edb7c4910134
shinjuku-2026-r1-giin-5,hard,content,R1I05-H-15,新たに実施する中野区、江戸川区、台東区、江東区で10区になり、全て所得制限がなくなっている,https://ssp.kaigiroku.net/tenant/shinjuku/MinuteView.html?council_id=3163&schedule_id=5&minute_id=115,8e41f49e5e8c126242a43a4a335b548da0cd3bd0e16f3d48adcf653d9607dc12,近藤なつ子議員の報告,来年度から新たに実施する中野区、江戸川区、台東区、江東区と10区になりますが、全て所得制限がなくなっています,supported,e47f3c93e215fd7ef79a9e2411d7011da75f87b99021a35238315e7cb2b9140e
shinjuku-2026-r1-giin-5,easy,content,R1I05-E-13,"新宿区では約5,700万円でできる",https://ssp.kaigiroku.net/tenant/shinjuku/MinuteView.html?council_id=3163&schedule_id=5&minute_id=115,8e41f49e5e8c126242a43a4a335b548da0cd3bd0e16f3d48adcf653d9607dc12,近藤なつ子議員の報告,"新宿区では、約5,700万円で実施できます",supported,05302d744894bc98e0925c3034c75cf98f4f31976f8cc6f73fd0fc46b920017f
shinjuku-2026-r1-giin-5,normal,content,R1I05-N-15,"新宿区では約5,700万円で実施ができる",https://ssp.kaigiroku.net/tenant/shinjuku/MinuteView.html?council_id=3163&schedule_id=5&minute_id=115,8e41f49e5e8c126242a43a4a335b548da0cd3bd0e16f3d48adcf653d9607dc12,近藤なつ子議員の報告,"新宿区では、約5,700万円で実施できます",supported,72e82be31aad7981db555bf8613e77c5fa128450299cfc243722edb7c4910134
shinjuku-2026-r1-giin-5,hard,content,R1I05-H-16,"新宿区では約5,700万円で実施ができる",https://ssp.kaigiroku.net/tenant/shinjuku/MinuteView.html?council_id=3163&schedule_id=5&minute_id=115,8e41f49e5e8c126242a43a4a335b548da0cd3bd0e16f3d48adcf653d9607dc12,近藤なつ子議員の報告,"新宿区では、約5,700万円で実施できます",supported,e47f3c93e215fd7ef79a9e2411d7011da75f87b99021a35238315e7cb2b9140e
shinjuku-2026-r1-giin-5,easy,content,R1I05-E-14,"国が小学校の給食無償化の半額を予算にすると、約3億円の財源が生まれる。第4号と第5号の約2億9,500万円はほぼまかなえる",https://ssp.kaigiroku.net/tenant/shinjuku/MinuteView.html?council_id=3163&schedule_id=5&minute_id=115,8e41f49e5e8c126242a43a4a335b548da0cd3bd0e16f3d48adcf653d9607dc12,近藤なつ子議員の報告,"国が小学校の給食無償化のため、半額を予算化すれば、約３億円の財源が生まれます。２つの議案でかかる約２億9,500万円は区の持ち出しが減る分でほぼ賄える金額です",supported,05302d744894bc98e0925c3034c75cf98f4f31976f8cc6f73fd0fc46b920017f
shinjuku-2026-r1-giin-5,normal,content,R1I05-N-16,"国が小学校の給食無償化のために半額を予算化すれば約3億円の財源が生まれ、第4号と第5号の約2億9,500万円は区の持ち出しが減る分でほぼ賄える",https://ssp.kaigiroku.net/tenant/shinjuku/MinuteView.html?council_id=3163&schedule_id=5&minute_id=115,8e41f49e5e8c126242a43a4a335b548da0cd3bd0e16f3d48adcf653d9607dc12,近藤なつ子議員の報告,"国が小学校の給食無償化のため、半額を予算化すれば、約３億円の財源が生まれます。２つの議案でかかる約２億9,500万円は区の持ち出しが減る分でほぼ賄える金額です",supported,72e82be31aad7981db555bf8613e77c5fa128450299cfc243722edb7c4910134
shinjuku-2026-r1-giin-5,hard,content,R1I05-H-17,"国が小学校の給食無償化のため半額を予算化すれば約3億円の財源が生まれる。2議案の約2億9,500万円は区の持ち出しが減る分でほぼ賄える",https://ssp.kaigiroku.net/tenant/shinjuku/MinuteView.html?council_id=3163&schedule_id=5&minute_id=115,8e41f49e5e8c126242a43a4a335b548da0cd3bd0e16f3d48adcf653d9607dc12,近藤なつ子議員の報告,"国が小学校の給食無償化のため、半額を予算化すれば、約３億円の財源が生まれます。２つの議案でかかる約２億9,500万円は区の持ち出しが減る分でほぼ賄える金額です",supported,e47f3c93e215fd7ef79a9e2411d7011da75f87b99021a35238315e7cb2b9140e
shinjuku-2026-r1-giin-5,hard,content,R1I05-H-18,学校給食に続き、区立学校の全ての児童・生徒に係る学用品、修学旅行の費用を無償にしようと呼びかけて報告を終えた,https://ssp.kaigiroku.net/tenant/shinjuku/MinuteView.html?council_id=3163&schedule_id=5&minute_id=115,8e41f49e5e8c126242a43a4a335b548da0cd3bd0e16f3d48adcf653d9607dc12,近藤なつ子議員の報告,学校給食に続き、区立学校全ての児童・生徒に係る学用品、修学旅行の費用を無償にしようではありませんか,supported,e47f3c93e215fd7ef79a9e2411d7011da75f87b99021a35238315e7cb2b9140e
shinjuku-2026-r1-giin-5,easy,content,R1I05-E-15,報告のあと起立で採決した。第4号のあとに第5号を採決した,https://ssp.kaigiroku.net/tenant/shinjuku/MinuteView.html?council_id=3163&schedule_id=5&minute_id=116,c00b5424c592f2e37cda99ee036b4af5c1366d882440e0c53586a9c744a977de,審議状況（本会議 3月24日 議長）,以上で、少数意見の報告は終わりました。これから、順次、起立により採決します,supported,05302d744894bc98e0925c3034c75cf98f4f31976f8cc6f73fd0fc46b920017f
shinjuku-2026-r1-giin-5,normal,content,R1I05-N-17,少数意見の報告のあと本会議で起立による採決が行われた,https://ssp.kaigiroku.net/tenant/shinjuku/MinuteView.html?council_id=3163&schedule_id=5&minute_id=116,c00b5424c592f2e37cda99ee036b4af5c1366d882440e0c53586a9c744a977de,審議状況（本会議 3月24日 議長）,以上で、少数意見の報告は終わりました。これから、順次、起立により採決します,supported,72e82be31aad7981db555bf8613e77c5fa128450299cfc243722edb7c4910134
shinjuku-2026-r1-giin-5,hard,content,R1I05-H-19,少数意見の報告が終わったあと、議長は順次、起立により採決すると述べた,https://ssp.kaigiroku.net/tenant/shinjuku/MinuteView.html?council_id=3163&schedule_id=5&minute_id=116,c00b5424c592f2e37cda99ee036b4af5c1366d882440e0c53586a9c744a977de,審議状況（本会議 3月24日 議長）,以上で、少数意見の報告は終わりました。これから、順次、起立により採決します,supported,e47f3c93e215fd7ef79a9e2411d7011da75f87b99021a35238315e7cb2b9140e
shinjuku-2026-r1-giin-5,easy,content,R1I05-E-16,第5号で賛成の人は起立した,https://ssp.kaigiroku.net/tenant/shinjuku/MinuteView.html?council_id=3163&schedule_id=5&minute_id=117,e387131ec4308e826ba761000ae0116b6735aea25d4c5bf2c721f7e178c33ccc,審議状況（本会議 3月24日 議長）,次に、議員提出議案第５号について採決します…賛成の方は御起立願います,supported,05302d744894bc98e0925c3034c75cf98f4f31976f8cc6f73fd0fc46b920017f
shinjuku-2026-r1-giin-5,normal,content,R1I05-N-18,第4号に続いて第5号が採決された,https://ssp.kaigiroku.net/tenant/shinjuku/MinuteView.html?council_id=3163&schedule_id=5&minute_id=117,e387131ec4308e826ba761000ae0116b6735aea25d4c5bf2c721f7e178c33ccc,審議状況（本会議 3月24日 議長）,次に、議員提出議案第５号について採決します…賛成の方は御起立願います,supported,72e82be31aad7981db555bf8613e77c5fa128450299cfc243722edb7c4910134
shinjuku-2026-r1-giin-5,hard,content,R1I05-H-20,第4号が否決されたあと、議長は第5号について賛成者の起立を求めた,https://ssp.kaigiroku.net/tenant/shinjuku/MinuteView.html?council_id=3163&schedule_id=5&minute_id=117,e387131ec4308e826ba761000ae0116b6735aea25d4c5bf2c721f7e178c33ccc,審議状況（本会議 3月24日 議長）,次に、議員提出議案第５号について採決します…賛成の方は御起立願います,supported,e47f3c93e215fd7ef79a9e2411d7011da75f87b99021a35238315e7cb2b9140e
shinjuku-2026-r1-giin-5,easy,content,R1I05-E-17,起立した人は少数で、議長は否決と伝えた,https://ssp.kaigiroku.net/tenant/shinjuku/MinuteView.html?council_id=3163&schedule_id=5&minute_id=118,6c5cee7b0e568b912cd6a1aeab4049ba4dc242dc5ae44d0c882c2e084466099f,審議状況（本会議 3月24日 議長）,起立少数と認めます。本案は、否決されました,supported,05302d744894bc98e0925c3034c75cf98f4f31976f8cc6f73fd0fc46b920017f
shinjuku-2026-r1-giin-5,normal,content,R1I05-N-19,第5号は起立少数で否決された,https://ssp.kaigiroku.net/tenant/shinjuku/MinuteView.html?council_id=3163&schedule_id=5&minute_id=118,6c5cee7b0e568b912cd6a1aeab4049ba4dc242dc5ae44d0c882c2e084466099f,審議状況（本会議 3月24日 議長）,起立少数と認めます。本案は、否決されました,supported,72e82be31aad7981db555bf8613e77c5fa128450299cfc243722edb7c4910134
shinjuku-2026-r1-giin-5,hard,content,R1I05-H-21,議長は起立少数と認め、本案は否決されたと宣告した,https://ssp.kaigiroku.net/tenant/shinjuku/MinuteView.html?council_id=3163&schedule_id=5&minute_id=118,6c5cee7b0e568b912cd6a1aeab4049ba4dc242dc5ae44d0c882c2e084466099f,審議状況（本会議 3月24日 議長）,起立少数と認めます。本案は、否決されました,supported,e47f3c93e215fd7ef79a9e2411d7011da75f87b99021a35238315e7cb2b9140e
shinjuku-2026-r1-giin-5,easy,content,R1I05-E-18,会期は2026年2月17日（火）から3月24日（火）まで,https://www.city.shinjuku.lg.jp/kusei/file08_05_0003820210204_00013.html,869549fe3ba94ac28c6e8fd003d4ad71484501a78203fc7a885109aae4ab487c,審議状況（会期と日程）,令和8年2月17日（火曜日）から3月24日（火曜日）まで,supported,05302d744894bc98e0925c3034c75cf98f4f31976f8cc6f73fd0fc46b920017f
shinjuku-2026-r1-giin-5,normal,content,R1I05-N-20,会期は2月17日から3月24日まで,https://www.city.shinjuku.lg.jp/kusei/file08_05_0003820210204_00013.html,869549fe3ba94ac28c6e8fd003d4ad71484501a78203fc7a885109aae4ab487c,審議状況（会期と日程）,令和8年2月17日（火曜日）から3月24日（火曜日）まで,supported,72e82be31aad7981db555bf8613e77c5fa128450299cfc243722edb7c4910134
shinjuku-2026-r1-giin-5,hard,content,R1I05-H-22,会期は令和8年2月17日（火曜日）から3月24日（火曜日）まで,https://www.city.shinjuku.lg.jp/kusei/file08_05_0003820210204_00013.html,869549fe3ba94ac28c6e8fd003d4ad71484501a78203fc7a885109aae4ab487c,審議状況（会期と日程）,令和8年2月17日（火曜日）から3月24日（火曜日）まで,supported,e47f3c93e215fd7ef79a9e2411d7011da75f87b99021a35238315e7cb2b9140e
shinjuku-2026-r1-giin-5,easy,content,R1I05-E-19,会派は8つで、賛成は2つ。共産党議員団とれいわ新選組 新宿が賛成、他の6会派が反対,https://www.city.shinjuku.lg.jp/content/000452334.pdf,22ba4f49b18c96bd1fa26241606257c05477f38e25ac46d6f8e4f416a2cedbf2,審議状況（議員提出議案の採決結果行）,区立学校における修学旅行費を無償化する。×　×　○　×　×　×　×　○否決,supported,05302d744894bc98e0925c3034c75cf98f4f31976f8cc6f73fd0fc46b920017f
shinjuku-2026-r1-giin-5,normal,content,R1I05-N-21,共産とれいわが賛成、他の6会派が反対,https://www.city.shinjuku.lg.jp/content/000452334.pdf,22ba4f49b18c96bd1fa26241606257c05477f38e25ac46d6f8e4f416a2cedbf2,審議状況（議員提出議案の採決結果行）,区立学校における修学旅行費を無償化する。×　×　○　×　×　×　×　○否決,supported,72e82be31aad7981db555bf8613e77c5fa128450299cfc243722edb7c4910134
shinjuku-2026-r1-giin-5,hard,content,R1I05-H-23,会派別の賛否（表）: 共産・れいわが賛成、他の6会派が反対,https://www.city.shinjuku.lg.jp/content/000452334.pdf,22ba4f49b18c96bd1fa26241606257c05477f38e25ac46d6f8e4f416a2cedbf2,審議状況（議員提出議案の採決結果行）,区立学校における修学旅行費を無償化する。×　×　○　×　×　×　×　○否決,supported,e47f3c93e215fd7ef79a9e2411d7011da75f87b99021a35238315e7cb2b9140e
shinjuku-2026-r1-giin-5,hard,content,R1I05-H-24,会派略称と会派名の対応,https://www.city.shinjuku.lg.jp/content/000452334.pdf,22ba4f49b18c96bd1fa26241606257c05477f38e25ac46d6f8e4f416a2cedbf2,審議状況（会派略称・列の並び）,共産＝日本共産党新宿区議会議員団…れいわ＝れいわ新選組 新宿…自参ク＝自民・参政クラブ…公明＝新宿区議会公明党…新宿会＝新宿未来の会…民無ク＝立憲民主党・無所属クラブ…維新＝日本維新の会・新宿区議団…現役＝現役世代に優しい新宿・減税の会…自参ク 公明 共産 新宿会 民無ク 維新 現役 れいわ,supported,e47f3c93e215fd7ef79a9e2411d7011da75f87b99021a35238315e7cb2b9140e
shinjuku-2026-r1-giin-5,easy,content,R1I05-E-20,条例の案の全文は出典に書かれていない,https://www.city.shinjuku.lg.jp/content/000452334.pdf,22ba4f49b18c96bd1fa26241606257c05477f38e25ac46d6f8e4f416a2cedbf2,出典に記載がない事項,（本件は解説本文が「一次資料に記載がない」と明示している箇所であり、事実主張ではない）,needs_source,05302d744894bc98e0925c3034c75cf98f4f31976f8cc6f73fd0fc46b920017f
shinjuku-2026-r1-giin-5,normal,content,R1I05-N-22,条例案の全文（無償化の対象となる費用の範囲、施行日を含む）は出典に書かれていない,https://www.city.shinjuku.lg.jp/content/000452334.pdf,22ba4f49b18c96bd1fa26241606257c05477f38e25ac46d6f8e4f416a2cedbf2,出典に記載がない事項,（本件は解説本文が「一次資料に記載がない」と明示している箇所であり、事実主張ではない）,needs_source,72e82be31aad7981db555bf8613e77c5fa128450299cfc243722edb7c4910134
shinjuku-2026-r1-giin-5,hard,content,R1I05-H-25,条例案の全文（無償化の対象となる費用の範囲、施行日、条文構成）は出典に書かれていない,https://www.city.shinjuku.lg.jp/content/000452334.pdf,22ba4f49b18c96bd1fa26241606257c05477f38e25ac46d6f8e4f416a2cedbf2,出典に記載がない事項,（本件は解説本文が「一次資料に記載がない」と明示している箇所であり、事実主張ではない）,needs_source,e47f3c93e215fd7ef79a9e2411d7011da75f87b99021a35238315e7cb2b9140e
shinjuku-2026-r1-giin-5,easy,content,R1I05-E-21,無料になる費用のくわしい範囲は出典に書かれていない,https://www.city.shinjuku.lg.jp/content/000452334.pdf,22ba4f49b18c96bd1fa26241606257c05477f38e25ac46d6f8e4f416a2cedbf2,出典に記載がない事項,（本件は解説本文が「一次資料に記載がない」と明示している箇所であり、事実主張ではない）,needs_source,05302d744894bc98e0925c3034c75cf98f4f31976f8cc6f73fd0fc46b920017f
shinjuku-2026-r1-giin-5,easy,content,R1I05-E-22,始まる日は出典に書かれていない,https://www.city.shinjuku.lg.jp/content/000452334.pdf,22ba4f49b18c96bd1fa26241606257c05477f38e25ac46d6f8e4f416a2cedbf2,出典に記載がない事項,（本件は解説本文が「一次資料に記載がない」と明示している箇所であり、事実主張ではない）,needs_source,05302d744894bc98e0925c3034c75cf98f4f31976f8cc6f73fd0fc46b920017f
shinjuku-2026-r1-giin-5,easy,content,R1I05-E-23,条例の案を出した会派と議員は出典に書かれていない,https://www.city.shinjuku.lg.jp/content/000452334.pdf,22ba4f49b18c96bd1fa26241606257c05477f38e25ac46d6f8e4f416a2cedbf2,出典に記載がない事項,（本件は解説本文が「一次資料に記載がない」と明示している箇所であり、事実主張ではない）,needs_source,05302d744894bc98e0925c3034c75cf98f4f31976f8cc6f73fd0fc46b920017f
shinjuku-2026-r1-giin-5,normal,content,R1I05-N-23,条例案を提出した会派と議員は出典に書かれていない,https://www.city.shinjuku.lg.jp/content/000452334.pdf,22ba4f49b18c96bd1fa26241606257c05477f38e25ac46d6f8e4f416a2cedbf2,出典に記載がない事項,（本件は解説本文が「一次資料に記載がない」と明示している箇所であり、事実主張ではない）,needs_source,72e82be31aad7981db555bf8613e77c5fa128450299cfc243722edb7c4910134
shinjuku-2026-r1-giin-5,hard,content,R1I05-H-26,条例案を提出した会派と議員は出典に書かれていない,https://www.city.shinjuku.lg.jp/content/000452334.pdf,22ba4f49b18c96bd1fa26241606257c05477f38e25ac46d6f8e4f416a2cedbf2,出典に記載がない事項,（本件は解説本文が「一次資料に記載がない」と明示している箇所であり、事実主張ではない）,needs_source,e47f3c93e215fd7ef79a9e2411d7011da75f87b99021a35238315e7cb2b9140e
shinjuku-2026-r1-giin-5,easy,content,R1I05-E-24,委員会での質問への答えの中身は出典に書かれていない,https://www.city.shinjuku.lg.jp/content/000452334.pdf,22ba4f49b18c96bd1fa26241606257c05477f38e25ac46d6f8e4f416a2cedbf2,出典に記載がない事項,（本件は解説本文が「一次資料に記載がない」と明示している箇所であり、事実主張ではない）,needs_source,05302d744894bc98e0925c3034c75cf98f4f31976f8cc6f73fd0fc46b920017f
shinjuku-2026-r1-giin-5,normal,content,R1I05-N-24,委員会での質問への答弁の内容は出典に書かれていない,https://www.city.shinjuku.lg.jp/content/000452334.pdf,22ba4f49b18c96bd1fa26241606257c05477f38e25ac46d6f8e4f416a2cedbf2,出典に記載がない事項,（本件は解説本文が「一次資料に記載がない」と明示している箇所であり、事実主張ではない）,needs_source,72e82be31aad7981db555bf8613e77c5fa128450299cfc243722edb7c4910134
shinjuku-2026-r1-giin-5,hard,content,R1I05-H-27,委員会での質問への答弁の内容は出典に書かれていない,https://www.city.shinjuku.lg.jp/content/000452334.pdf,22ba4f49b18c96bd1fa26241606257c05477f38e25ac46d6f8e4f416a2cedbf2,出典に記載がない事項,（本件は解説本文が「一次資料に記載がない」と明示している箇所であり、事実主張ではない）,needs_source,e47f3c93e215fd7ef79a9e2411d7011da75f87b99021a35238315e7cb2b9140e
shinjuku-2026-r1-giin-5,easy,content,R1I05-E-25,反対した会派が反対した理由は出典に書かれていない,https://www.city.shinjuku.lg.jp/content/000452334.pdf,22ba4f49b18c96bd1fa26241606257c05477f38e25ac46d6f8e4f416a2cedbf2,出典に記載がない事項,（本件は解説本文が「一次資料に記載がない」と明示している箇所であり、事実主張ではない）,needs_source,05302d744894bc98e0925c3034c75cf98f4f31976f8cc6f73fd0fc46b920017f
shinjuku-2026-r1-giin-5,normal,content,R1I05-N-25,反対した会派の反対理由は出典に書かれていない,https://www.city.shinjuku.lg.jp/content/000452334.pdf,22ba4f49b18c96bd1fa26241606257c05477f38e25ac46d6f8e4f416a2cedbf2,出典に記載がない事項,（本件は解説本文が「一次資料に記載がない」と明示している箇所であり、事実主張ではない）,needs_source,72e82be31aad7981db555bf8613e77c5fa128450299cfc243722edb7c4910134
shinjuku-2026-r1-giin-5,hard,content,R1I05-H-28,反対した会派の反対理由は出典に書かれていない,https://www.city.shinjuku.lg.jp/content/000452334.pdf,22ba4f49b18c96bd1fa26241606257c05477f38e25ac46d6f8e4f416a2cedbf2,出典に記載がない事項,（本件は解説本文が「一次資料に記載がない」と明示している箇所であり、事実主張ではない）,needs_source,e47f3c93e215fd7ef79a9e2411d7011da75f87b99021a35238315e7cb2b9140e
