item_key,difficulty,content_field,claim_id,final_claim,source_url,source_sha256,page_or_section,evidence_excerpt,verdict,reviewed_content_sha256
shinjuku-2026-r1-gian-21,easy,title,OB21-ET-01,見出し: 乳児等通園支援事業の 決まりを 新しく 作ります,https://www.city.shinjuku.lg.jp/content/000447774.pdf,1dc3eaffcafb1b1c9e139e823182dc80dc0755624813ca87d8b274d15f5b6624,第21号議案,新宿区が実施する乳児等通園支援事業に関し、必要な事項を…定める,supported,d4eb9a990d29c8b2b8d92e2d503601e8dd66c4e51552a48bac89cea50df692d5
shinjuku-2026-r1-gian-21,easy,summary,OB21-ES-01,要約: 区が 行う 乳児等通園支援事業の 決まりを 新しく 決めます。,https://www.city.shinjuku.lg.jp/content/000447774.pdf,1dc3eaffcafb1b1c9e139e823182dc80dc0755624813ca87d8b274d15f5b6624,第21号議案,新宿区が実施する乳児等通園支援事業に関し、必要な事項を…定める,supported,d4eb9a990d29c8b2b8d92e2d503601e8dd66c4e51552a48bac89cea50df692d5
shinjuku-2026-r1-gian-21,easy,summary,OB21-ES-02,要約: 区に 住む 子どもの 利用料は 当分の 間 無料です。,https://www.city.shinjuku.lg.jp/content/000448437.pdf,f8e5a173c55e8c0b77fdd439fd4ec8354a5e539dd994a105fc5cdba025db417a,附則（経過措置）,当分の間、区の区域内に住所を有する対象乳幼児が乳児等通園支援事業を利用した場合において、第7条第1項の規定により納付する利用料は、同条第2項の規定にかかわらず、無料とする,supported,d4eb9a990d29c8b2b8d92e2d503601e8dd66c4e51552a48bac89cea50df692d5
shinjuku-2026-r1-gian-21,easy,summary,OB21-ES-03,要約: 2026年（令和8年）4月1日（水）から 始まります。,https://www.city.shinjuku.lg.jp/content/000448437.pdf,f8e5a173c55e8c0b77fdd439fd4ec8354a5e539dd994a105fc5cdba025db417a,附則（施行期日）,この条例は、令和8年4月1日から施行する,supported,d4eb9a990d29c8b2b8d92e2d503601e8dd66c4e51552a48bac89cea50df692d5
shinjuku-2026-r1-gian-21,easy,content,OB21-E-01,【新宿区乳児等通園支援事業の実施に関する条例】［しんじゅくくにゅうじとうつうえんしえんじぎょうのじっしにかんするじょうれい］（＝区の 乳児等通園支援事業の 決まり）を 新しく 決めます。,https://www.city.shinjuku.lg.jp/content/000448437.pdf,f8e5a173c55e8c0b77fdd439fd4ec8354a5e539dd994a105fc5cdba025db417a,件名,新宿区乳児等通園支援事業の実施に関する条例,supported,d4eb9a990d29c8b2b8d92e2d503601e8dd66c4e51552a48bac89cea50df692d5
shinjuku-2026-r1-gian-21,easy,content,OB21-E-02,区が 行う 乳児等通園支援事業に ついての 決まりです。,https://www.city.shinjuku.lg.jp/content/000447774.pdf,1dc3eaffcafb1b1c9e139e823182dc80dc0755624813ca87d8b274d15f5b6624,第21号議案,新宿区が実施する乳児等通園支援事業に関し、必要な事項を…定める,supported,d4eb9a990d29c8b2b8d92e2d503601e8dd66c4e51552a48bac89cea50df692d5
shinjuku-2026-r1-gian-21,easy,content,OB21-E-03,児童福祉法に もとづく 事業です。,https://www.city.shinjuku.lg.jp/content/000448437.pdf,f8e5a173c55e8c0b77fdd439fd4ec8354a5e539dd994a105fc5cdba025db417a,第1条（目的）,児童福祉法…第34条の15第1項の規定による…の実施に関し、別に定めるもののほか、必要な事項を定めることを目的とする,supported,d4eb9a990d29c8b2b8d92e2d503601e8dd66c4e51552a48bac89cea50df692d5
shinjuku-2026-r1-gian-21,easy,content,OB21-E-04,ほかの 決まりに ない ことを 定めます。,https://www.city.shinjuku.lg.jp/content/000448437.pdf,f8e5a173c55e8c0b77fdd439fd4ec8354a5e539dd994a105fc5cdba025db417a,第1条（目的）,児童福祉法…第34条の15第1項の規定による…の実施に関し、別に定めるもののほか、必要な事項を定めることを目的とする,supported,d4eb9a990d29c8b2b8d92e2d503601e8dd66c4e51552a48bac89cea50df692d5
shinjuku-2026-r1-gian-21,easy,content,OB21-E-05,事業を 行う 場所は 規則で 決めます。,https://www.city.shinjuku.lg.jp/content/000448437.pdf,f8e5a173c55e8c0b77fdd439fd4ec8354a5e539dd994a105fc5cdba025db417a,第2条（実施場所）,区長は、新宿区規則（以下「規則」という。）で定める場所において乳児等通園支援事業を実施するものとする,supported,d4eb9a990d29c8b2b8d92e2d503601e8dd66c4e51552a48bac89cea50df692d5
shinjuku-2026-r1-gian-21,easy,content,OB21-E-06,使い方は 2つ あります。,https://www.city.shinjuku.lg.jp/content/000448437.pdf,f8e5a173c55e8c0b77fdd439fd4ec8354a5e539dd994a105fc5cdba025db417a,第3条（利用区分）,乳児等通園支援事業の利用区分は、次のとおりとする…日ごとの単位による利用…時間ごとの単位による利用,supported,d4eb9a990d29c8b2b8d92e2d503601e8dd66c4e51552a48bac89cea50df692d5
shinjuku-2026-r1-gian-21,easy,content,OB21-E-07,日ごとに 使う 方法,https://www.city.shinjuku.lg.jp/content/000448437.pdf,f8e5a173c55e8c0b77fdd439fd4ec8354a5e539dd994a105fc5cdba025db417a,第3条（利用区分）,乳児等通園支援事業の利用区分は、次のとおりとする…日ごとの単位による利用…時間ごとの単位による利用,supported,d4eb9a990d29c8b2b8d92e2d503601e8dd66c4e51552a48bac89cea50df692d5
shinjuku-2026-r1-gian-21,easy,content,OB21-E-08,時間ごとに 使う 方法,https://www.city.shinjuku.lg.jp/content/000448437.pdf,f8e5a173c55e8c0b77fdd439fd4ec8354a5e539dd994a105fc5cdba025db417a,第3条（利用区分）,乳児等通園支援事業の利用区分は、次のとおりとする…日ごとの単位による利用…時間ごとの単位による利用,supported,d4eb9a990d29c8b2b8d92e2d503601e8dd66c4e51552a48bac89cea50df692d5
shinjuku-2026-r1-gian-21,easy,content,OB21-E-09,使える 時間は 月曜日から 金曜日の 午前9時から 午後5時です。,https://www.city.shinjuku.lg.jp/content/000448437.pdf,f8e5a173c55e8c0b77fdd439fd4ec8354a5e539dd994a105fc5cdba025db417a,第4条（利用時間）,乳児等通園支援事業の利用時間は、月曜日から金曜日までの日の午前9時から午後5時までとする,supported,d4eb9a990d29c8b2b8d92e2d503601e8dd66c4e51552a48bac89cea50df692d5
shinjuku-2026-r1-gian-21,easy,content,OB21-E-10,休みの 日は 次の とおりです。,https://www.city.shinjuku.lg.jp/content/000448437.pdf,f8e5a173c55e8c0b77fdd439fd4ec8354a5e539dd994a105fc5cdba025db417a,第5条（休業日）,日曜日及び土曜日…に規定する休日…12月29日から翌年の1月3日までの日（前号に掲げる日を除く。）,supported,d4eb9a990d29c8b2b8d92e2d503601e8dd66c4e51552a48bac89cea50df692d5
shinjuku-2026-r1-gian-21,easy,content,OB21-E-11,日曜日と 土曜日,https://www.city.shinjuku.lg.jp/content/000448437.pdf,f8e5a173c55e8c0b77fdd439fd4ec8354a5e539dd994a105fc5cdba025db417a,第5条（休業日）,日曜日及び土曜日…に規定する休日…12月29日から翌年の1月3日までの日（前号に掲げる日を除く。）,supported,d4eb9a990d29c8b2b8d92e2d503601e8dd66c4e51552a48bac89cea50df692d5
shinjuku-2026-r1-gian-21,easy,content,OB21-E-12,国民の 祝日,https://www.city.shinjuku.lg.jp/content/000448437.pdf,f8e5a173c55e8c0b77fdd439fd4ec8354a5e539dd994a105fc5cdba025db417a,第5条（休業日）,日曜日及び土曜日…に規定する休日…12月29日から翌年の1月3日までの日（前号に掲げる日を除く。）,supported,d4eb9a990d29c8b2b8d92e2d503601e8dd66c4e51552a48bac89cea50df692d5
shinjuku-2026-r1-gian-21,easy,content,OB21-E-13,12月29日から 1月3日までの 日,https://www.city.shinjuku.lg.jp/content/000448437.pdf,f8e5a173c55e8c0b77fdd439fd4ec8354a5e539dd994a105fc5cdba025db417a,第5条（休業日）,日曜日及び土曜日…に規定する休日…12月29日から翌年の1月3日までの日（前号に掲げる日を除く。）,supported,d4eb9a990d29c8b2b8d92e2d503601e8dd66c4e51552a48bac89cea50df692d5
shinjuku-2026-r1-gian-21,easy,content,OB21-E-14,使える 人は 次の 子どもです。,https://www.city.shinjuku.lg.jp/content/000448437.pdf,f8e5a173c55e8c0b77fdd439fd4ec8354a5e539dd994a105fc5cdba025db417a,第6条（利用できる者）,出生の日から6月を経過した乳児…又は幼児…3歳に達する日以後の最初の3月31日までの間にあるもの,supported,d4eb9a990d29c8b2b8d92e2d503601e8dd66c4e51552a48bac89cea50df692d5
shinjuku-2026-r1-gian-21,easy,content,OB21-E-15,生まれた 日から 6か月が たった 乳児か 幼児,https://www.city.shinjuku.lg.jp/content/000448437.pdf,f8e5a173c55e8c0b77fdd439fd4ec8354a5e539dd994a105fc5cdba025db417a,第6条（利用できる者）,出生の日から6月を経過した乳児…又は幼児…3歳に達する日以後の最初の3月31日までの間にあるもの,supported,d4eb9a990d29c8b2b8d92e2d503601e8dd66c4e51552a48bac89cea50df692d5
shinjuku-2026-r1-gian-21,easy,content,OB21-E-16,3歳に なった 日の あとの 最初の 3月31日までの 子ども,https://www.city.shinjuku.lg.jp/content/000448437.pdf,f8e5a173c55e8c0b77fdd439fd4ec8354a5e539dd994a105fc5cdba025db417a,第6条（利用できる者）,出生の日から6月を経過した乳児…又は幼児…3歳に達する日以後の最初の3月31日までの間にあるもの,supported,d4eb9a990d29c8b2b8d92e2d503601e8dd66c4e51552a48bac89cea50df692d5
shinjuku-2026-r1-gian-21,easy,content,OB21-E-17,保育所などに 入っていない 子ども,https://www.city.shinjuku.lg.jp/content/000448437.pdf,f8e5a173c55e8c0b77fdd439fd4ec8354a5e539dd994a105fc5cdba025db417a,第6条（利用できる者）,第1号、第2号若しくは第4号に掲げる施設に入所し、又は第3号に掲げる事業による保育を受けている者を除く…に規定する保育所…に規定する認定こども園…に規定する家庭的保育事業等…第1条に定める施設,supported,d4eb9a990d29c8b2b8d92e2d503601e8dd66c4e51552a48bac89cea50df692d5
shinjuku-2026-r1-gian-21,easy,content,OB21-E-18,区長が 別に 定める 人は 使えません。,https://www.city.shinjuku.lg.jp/content/000448437.pdf,f8e5a173c55e8c0b77fdd439fd4ec8354a5e539dd994a105fc5cdba025db417a,第6条（利用できる者）,区長が別に定める者を除く,supported,d4eb9a990d29c8b2b8d92e2d503601e8dd66c4e51552a48bac89cea50df692d5
shinjuku-2026-r1-gian-21,easy,content,OB21-E-19,"日ごとに 使うと 利用料は 1日 2,400円です。",https://www.city.shinjuku.lg.jp/content/000448437.pdf,f8e5a173c55e8c0b77fdd439fd4ec8354a5e539dd994a105fc5cdba025db417a,第7条第2項第1号,"第3条第1号に掲げる利用区分2,400円",supported,d4eb9a990d29c8b2b8d92e2d503601e8dd66c4e51552a48bac89cea50df692d5
shinjuku-2026-r1-gian-21,easy,content,OB21-E-20,時間ごとに 使うと 300円に 使った 時間を かけた 額です。,https://www.city.shinjuku.lg.jp/content/000448437.pdf,f8e5a173c55e8c0b77fdd439fd4ec8354a5e539dd994a105fc5cdba025db417a,第7条第2項第2号,第3条第2号に掲げる利用区分300円に乳児等通園支援事業を利用した時間を乗じた額,supported,d4eb9a990d29c8b2b8d92e2d503601e8dd66c4e51552a48bac89cea50df692d5
shinjuku-2026-r1-gian-21,easy,content,OB21-E-21,次の 場合は 利用料が 変わります。,https://www.city.shinjuku.lg.jp/content/000448437.pdf,f8e5a173c55e8c0b77fdd439fd4ec8354a5e539dd994a105fc5cdba025db417a,第7条第3項〜第6項,無料とする…第2項各号に定める額の2割に相当する額…第2項各号に定める額の3割に相当する額…第2項各号に定める額の5割に相当する額,supported,d4eb9a990d29c8b2b8d92e2d503601e8dd66c4e51552a48bac89cea50df692d5
shinjuku-2026-r1-gian-21,easy,content,OB21-E-22,生活保護を 受けて いる 保護者は 無料です,https://www.city.shinjuku.lg.jp/content/000448437.pdf,f8e5a173c55e8c0b77fdd439fd4ec8354a5e539dd994a105fc5cdba025db417a,第7条第3項,第6条第1項に規定する被保護者である場合は、第1項の規定により納付する利用料は、無料とする,supported,d4eb9a990d29c8b2b8d92e2d503601e8dd66c4e51552a48bac89cea50df692d5
shinjuku-2026-r1-gian-21,easy,content,OB21-E-23,保護者と 同じ 世帯の 人が 区市町村民税を 課されない 場合は 2割です,https://www.city.shinjuku.lg.jp/content/000448437.pdf,f8e5a173c55e8c0b77fdd439fd4ec8354a5e539dd994a105fc5cdba025db417a,第7条第4項,保護者及び保護者と同一の世帯に属する者が…区市町村民税を課されない者である場合…第2項各号に定める額の2割に相当する額,supported,d4eb9a990d29c8b2b8d92e2d503601e8dd66c4e51552a48bac89cea50df692d5
shinjuku-2026-r1-gian-21,easy,content,OB21-E-24,"同じ 世帯の 所得割額の 合計が 7万7,101円 未満の 場合は 3割です",https://www.city.shinjuku.lg.jp/content/000448437.pdf,f8e5a173c55e8c0b77fdd439fd4ec8354a5e539dd994a105fc5cdba025db417a,第7条第5項,"所得割の額を合算した額が7万7,101円未満である場合…第2項各号に定める額の3割に相当する額",supported,d4eb9a990d29c8b2b8d92e2d503601e8dd66c4e51552a48bac89cea50df692d5
shinjuku-2026-r1-gian-21,easy,content,OB21-E-25,区長が 軽くする ことが 適当と 認めた 場合は 5割です,https://www.city.shinjuku.lg.jp/content/000448437.pdf,f8e5a173c55e8c0b77fdd439fd4ec8354a5e539dd994a105fc5cdba025db417a,第7条第6項,区長が対象乳幼児及び保護者の心身の状況及び養育環境等を踏まえ、第1項の規定により納付する利用料を軽減することが適当であると認める場合…第2項各号に定める額の5割に相当する額,supported,d4eb9a990d29c8b2b8d92e2d503601e8dd66c4e51552a48bac89cea50df692d5
shinjuku-2026-r1-gian-21,easy,content,OB21-E-26,2割・3割・5割は 上の 利用料の 額に 対する 割合です。,https://www.city.shinjuku.lg.jp/content/000448437.pdf,f8e5a173c55e8c0b77fdd439fd4ec8354a5e539dd994a105fc5cdba025db417a,第7条第4項,保護者及び保護者と同一の世帯に属する者が…区市町村民税を課されない者である場合…第2項各号に定める額の2割に相当する額,supported,d4eb9a990d29c8b2b8d92e2d503601e8dd66c4e51552a48bac89cea50df692d5
shinjuku-2026-r1-gian-21,easy,content,OB21-E-27,保護者は 規則で 決める 納期限までに 利用料を はらいます。,https://www.city.shinjuku.lg.jp/content/000448437.pdf,f8e5a173c55e8c0b77fdd439fd4ec8354a5e539dd994a105fc5cdba025db417a,第7条第1項,利用料を規則で定める納期限までに納付しなければならない,supported,d4eb9a990d29c8b2b8d92e2d503601e8dd66c4e51552a48bac89cea50df692d5
shinjuku-2026-r1-gian-21,easy,content,OB21-E-28,区長は 利用料を 決めたら 保護者に 通知します。,https://www.city.shinjuku.lg.jp/content/000448437.pdf,f8e5a173c55e8c0b77fdd439fd4ec8354a5e539dd994a105fc5cdba025db417a,第8条（利用料の決定通知等）,区長は、利用料を決定し、又は変更したときは、規則で定めるところにより、保護者に通知しなければならない,supported,d4eb9a990d29c8b2b8d92e2d503601e8dd66c4e51552a48bac89cea50df692d5
shinjuku-2026-r1-gian-21,easy,content,OB21-E-29,ほかの ことは 規則で 決めます。,https://www.city.shinjuku.lg.jp/content/000448437.pdf,f8e5a173c55e8c0b77fdd439fd4ec8354a5e539dd994a105fc5cdba025db417a,第9条（規則への委任）,この条例に定めるもののほか、この条例の施行に関し必要な事項は、規則で定める,supported,d4eb9a990d29c8b2b8d92e2d503601e8dd66c4e51552a48bac89cea50df692d5
shinjuku-2026-r1-gian-21,easy,content,OB21-E-30,当分の 間は 区に 住む 子どもの 利用料が 無料に なります。,https://www.city.shinjuku.lg.jp/content/000448437.pdf,f8e5a173c55e8c0b77fdd439fd4ec8354a5e539dd994a105fc5cdba025db417a,附則（経過措置）,当分の間、区の区域内に住所を有する対象乳幼児が乳児等通園支援事業を利用した場合において、第7条第1項の規定により納付する利用料は、同条第2項の規定にかかわらず、無料とする,supported,d4eb9a990d29c8b2b8d92e2d503601e8dd66c4e51552a48bac89cea50df692d5
shinjuku-2026-r1-gian-21,easy,content,OB21-E-31,この 間は 利用料を 決めた 通知の 決まりは 使いません。,https://www.city.shinjuku.lg.jp/content/000448437.pdf,f8e5a173c55e8c0b77fdd439fd4ec8354a5e539dd994a105fc5cdba025db417a,附則（経過措置）,この場合において、第8条の規定は、適用しない,supported,d4eb9a990d29c8b2b8d92e2d503601e8dd66c4e51552a48bac89cea50df692d5
shinjuku-2026-r1-gian-21,easy,content,OB21-E-32,2026年（令和8年）4月1日（水）から 始まります。,https://www.city.shinjuku.lg.jp/content/000448437.pdf,f8e5a173c55e8c0b77fdd439fd4ec8354a5e539dd994a105fc5cdba025db417a,附則（施行期日）,この条例は、令和8年4月1日から施行する,supported,d4eb9a990d29c8b2b8d92e2d503601e8dd66c4e51552a48bac89cea50df692d5
shinjuku-2026-r1-gian-21,easy,content,OB21-E-33,無料の 特例は「当分の 間」の 決まりです。,https://www.city.shinjuku.lg.jp/content/000448437.pdf,f8e5a173c55e8c0b77fdd439fd4ec8354a5e539dd994a105fc5cdba025db417a,附則（経過措置）,当分の間、区の区域内に住所を有する対象乳幼児が乳児等通園支援事業を利用した場合において、第7条第1項の規定により納付する利用料は、同条第2項の規定にかかわらず、無料とする,supported,d4eb9a990d29c8b2b8d92e2d503601e8dd66c4e51552a48bac89cea50df692d5
shinjuku-2026-r1-gian-21,easy,content,OB21-E-34,【原案可決】［げんあんかけつ］（＝出した 通りの 内容で 決まること）です。,https://www.city.shinjuku.lg.jp/kusei/soumu01_002090_00015.html,7c2b6f68db1b433b860b35d176b4dd9211e78582ec9de718fcfefe68b22d896a,審議状況（議決結果ページ）,第21号議案新宿区乳児等通園支援事業の実施に関する条例原案可決,supported,d4eb9a990d29c8b2b8d92e2d503601e8dd66c4e51552a48bac89cea50df692d5
shinjuku-2026-r1-gian-21,easy,content,OB21-E-35,2026年（令和8年）の 第1回定例会で 決まりました。,https://www.city.shinjuku.lg.jp/content/000452334.pdf,22ba4f49b18c96bd1fa26241606257c05477f38e25ac46d6f8e4f416a2cedbf2,審議状況（会期）,令和８年第１回定例会…２月１７日～３月２４日,supported,d4eb9a990d29c8b2b8d92e2d503601e8dd66c4e51552a48bac89cea50df692d5
shinjuku-2026-r1-gian-21,easy,content,OB21-E-36,会期は 2026年2月17日（火）から 3月24日（火）まででした。,https://www.city.shinjuku.lg.jp/content/000452334.pdf,22ba4f49b18c96bd1fa26241606257c05477f38e25ac46d6f8e4f416a2cedbf2,審議状況（会期）,令和８年第１回定例会…２月１７日～３月２４日,supported,d4eb9a990d29c8b2b8d92e2d503601e8dd66c4e51552a48bac89cea50df692d5
shinjuku-2026-r1-gian-21,easy,content,OB21-E-37,本会議で 決まった 日は 2月17日（火）です。,https://ssp.kaigiroku.net/tenant/shinjuku/MinuteView.html?council_id=3163&schedule_id=2&minute_id=1,0b6ccdddbdb47e6b2667e9cc1a0b327151b8048623c89e453b5ce792cc977d6d,審議状況（本会議 2月17日 議長）,令和８年第１回定例会会議録（第１日）第１号令和８年２月１７日（火曜日）,supported,d4eb9a990d29c8b2b8d92e2d503601e8dd66c4e51552a48bac89cea50df692d5
shinjuku-2026-r1-gian-21,easy,content,OB21-E-38,この 日の 追加日程で 議題に なりました。,https://ssp.kaigiroku.net/tenant/shinjuku/MinuteView.html?council_id=3163&schedule_id=2&minute_id=28,0f88d96500617f7df3a71b18cd7522cc4bde9a3fcdbd9090b8b0e9ba317c6f05,審議状況（本会議 2月17日 議長）,追加日程第１を議題とします,supported,d4eb9a990d29c8b2b8d92e2d503601e8dd66c4e51552a48bac89cea50df692d5
shinjuku-2026-r1-gian-21,easy,content,OB21-E-39,文教子ども家庭委員会の 審査報告書は 可決でした。,https://ssp.kaigiroku.net/tenant/shinjuku/MinuteView.html?council_id=3163&schedule_id=2&minute_id=30,25e9f3ac91962b9b4b31efd7e235fd1ff73d82dbe6929238de1a47678504e95c,審議状況（本会議 2月17日 議長）,文教子ども家庭委員会審査報告書は、可決です,supported,d4eb9a990d29c8b2b8d92e2d503601e8dd66c4e51552a48bac89cea50df692d5
shinjuku-2026-r1-gian-21,easy,content,OB21-E-40,議長が 異議が ないか たずねました。,https://ssp.kaigiroku.net/tenant/shinjuku/MinuteView.html?council_id=3163&schedule_id=2&minute_id=30,25e9f3ac91962b9b4b31efd7e235fd1ff73d82dbe6929238de1a47678504e95c,審議状況（本会議 2月17日 議長）,文教子ども家庭委員会審査報告書は、可決です,supported,d4eb9a990d29c8b2b8d92e2d503601e8dd66c4e51552a48bac89cea50df692d5
shinjuku-2026-r1-gian-21,easy,content,OB21-E-41,異議なしと 認められて 可決しました。,https://ssp.kaigiroku.net/tenant/shinjuku/MinuteView.html?council_id=3163&schedule_id=2&minute_id=31,469517cb54ed833bfde88001efb60a72952500b0f78ebbde21767ee8e0561b75,審議状況（本会議 2月17日 議長）,異議なしと認めます…本案は、委員会審査報告のとおり可決されました,supported,d4eb9a990d29c8b2b8d92e2d503601e8dd66c4e51552a48bac89cea50df692d5
shinjuku-2026-r1-gian-21,easy,content,OB21-E-42,賛成したのは ８つの 会派 すべてです。,https://www.city.shinjuku.lg.jp/content/000452334.pdf,22ba4f49b18c96bd1fa26241606257c05477f38e25ac46d6f8e4f416a2cedbf2,審議状況（議案の概要と審議結果の採決結果行）,区が実施する乳児等通園支援事業に関し、必要な事項を定める。○○○○○○○○可決,supported,d4eb9a990d29c8b2b8d92e2d503601e8dd66c4e51552a48bac89cea50df692d5
shinjuku-2026-r1-gian-21,normal,title,OB21-NT-01,見出し: 乳児等通園支援事業の実施に関する条例を新たに制定,https://www.city.shinjuku.lg.jp/content/000447774.pdf,1dc3eaffcafb1b1c9e139e823182dc80dc0755624813ca87d8b274d15f5b6624,第21号議案,新宿区が実施する乳児等通園支援事業に関し、必要な事項を…定める,supported,cca93f6b9adbcf2cf3c965a2e028a67fb6b7ee6c8a80cd0f5725e67dabed12cf
shinjuku-2026-r1-gian-21,normal,summary,OB21-NS-01,要約: 区が実施する乳児等通園支援事業について、利用時間、利用できる者、利用料などを定める条例の新規制定です。,https://www.city.shinjuku.lg.jp/content/000448437.pdf,f8e5a173c55e8c0b77fdd439fd4ec8354a5e539dd994a105fc5cdba025db417a,（提案理由）,新宿区における乳児等通園支援事業の実施に関し、利用時間、利用できる者、利用料等必要な事項を定めるとともに、区民の利用料を無料とする特例措置を講ずる必要があるため,supported,cca93f6b9adbcf2cf3c965a2e028a67fb6b7ee6c8a80cd0f5725e67dabed12cf
shinjuku-2026-r1-gian-21,normal,summary,OB21-NS-02,要約: 区の区域内に住所を有する対象乳幼児の利用料を、当分の間無料とする特例が附則に設けられています。,https://www.city.shinjuku.lg.jp/content/000448437.pdf,f8e5a173c55e8c0b77fdd439fd4ec8354a5e539dd994a105fc5cdba025db417a,附則（経過措置）,当分の間、区の区域内に住所を有する対象乳幼児が乳児等通園支援事業を利用した場合において、第7条第1項の規定により納付する利用料は、同条第2項の規定にかかわらず、無料とする,supported,cca93f6b9adbcf2cf3c965a2e028a67fb6b7ee6c8a80cd0f5725e67dabed12cf
shinjuku-2026-r1-gian-21,normal,summary,OB21-NS-03,要約: 施行日は令和8年4月1日です。,https://www.city.shinjuku.lg.jp/content/000448437.pdf,f8e5a173c55e8c0b77fdd439fd4ec8354a5e539dd994a105fc5cdba025db417a,附則（施行期日）,この条例は、令和8年4月1日から施行する,supported,cca93f6b9adbcf2cf3c965a2e028a67fb6b7ee6c8a80cd0f5725e67dabed12cf
shinjuku-2026-r1-gian-21,normal,content,OB21-N-01,新宿区乳児等通園支援事業の実施に関する条例の新規制定です。,https://www.city.shinjuku.lg.jp/content/000448437.pdf,f8e5a173c55e8c0b77fdd439fd4ec8354a5e539dd994a105fc5cdba025db417a,件名,新宿区乳児等通園支援事業の実施に関する条例,supported,cca93f6b9adbcf2cf3c965a2e028a67fb6b7ee6c8a80cd0f5725e67dabed12cf
shinjuku-2026-r1-gian-21,normal,content,OB21-N-02,児童福祉法に基づく乳児等通園支援事業の実施について、別に定めるもののほか、必要な事項を定める条例です。,https://www.city.shinjuku.lg.jp/content/000448437.pdf,f8e5a173c55e8c0b77fdd439fd4ec8354a5e539dd994a105fc5cdba025db417a,第1条（目的）,児童福祉法…第34条の15第1項の規定による…の実施に関し、別に定めるもののほか、必要な事項を定めることを目的とする,supported,cca93f6b9adbcf2cf3c965a2e028a67fb6b7ee6c8a80cd0f5725e67dabed12cf
shinjuku-2026-r1-gian-21,normal,content,OB21-N-03,新宿区が実施する乳児等通園支援事業に関し、必要な事項を定める。,https://www.city.shinjuku.lg.jp/content/000447774.pdf,1dc3eaffcafb1b1c9e139e823182dc80dc0755624813ca87d8b274d15f5b6624,第21号議案,新宿区が実施する乳児等通園支援事業に関し、必要な事項を…定める,supported,cca93f6b9adbcf2cf3c965a2e028a67fb6b7ee6c8a80cd0f5725e67dabed12cf
shinjuku-2026-r1-gian-21,normal,content,OB21-N-04,議案本文の提案理由は、利用時間、利用できる者、利用料等必要な事項を定めるとともに、区民の利用料を無料とする特例措置を講ずる必要があるため、としています。,https://www.city.shinjuku.lg.jp/content/000448437.pdf,f8e5a173c55e8c0b77fdd439fd4ec8354a5e539dd994a105fc5cdba025db417a,（提案理由）,新宿区における乳児等通園支援事業の実施に関し、利用時間、利用できる者、利用料等必要な事項を定めるとともに、区民の利用料を無料とする特例措置を講ずる必要があるため,supported,cca93f6b9adbcf2cf3c965a2e028a67fb6b7ee6c8a80cd0f5725e67dabed12cf
shinjuku-2026-r1-gian-21,normal,content,OB21-N-05,実施場所: 区長が、規則で定める場所で実施します。,https://www.city.shinjuku.lg.jp/content/000448437.pdf,f8e5a173c55e8c0b77fdd439fd4ec8354a5e539dd994a105fc5cdba025db417a,第2条（実施場所）,区長は、新宿区規則（以下「規則」という。）で定める場所において乳児等通園支援事業を実施するものとする,supported,cca93f6b9adbcf2cf3c965a2e028a67fb6b7ee6c8a80cd0f5725e67dabed12cf
shinjuku-2026-r1-gian-21,normal,content,OB21-N-06,利用区分: 日ごとの単位による利用と、時間ごとの単位による利用の2つです。,https://www.city.shinjuku.lg.jp/content/000448437.pdf,f8e5a173c55e8c0b77fdd439fd4ec8354a5e539dd994a105fc5cdba025db417a,第3条（利用区分）,乳児等通園支援事業の利用区分は、次のとおりとする…日ごとの単位による利用…時間ごとの単位による利用,supported,cca93f6b9adbcf2cf3c965a2e028a67fb6b7ee6c8a80cd0f5725e67dabed12cf
shinjuku-2026-r1-gian-21,normal,content,OB21-N-07,利用時間: 月曜日から金曜日までの午前9時から午後5時までです。,https://www.city.shinjuku.lg.jp/content/000448437.pdf,f8e5a173c55e8c0b77fdd439fd4ec8354a5e539dd994a105fc5cdba025db417a,第4条（利用時間）,乳児等通園支援事業の利用時間は、月曜日から金曜日までの日の午前9時から午後5時までとする,supported,cca93f6b9adbcf2cf3c965a2e028a67fb6b7ee6c8a80cd0f5725e67dabed12cf
shinjuku-2026-r1-gian-21,normal,content,OB21-N-08,休業日: 日曜日・土曜日、国民の祝日に関する法律に規定する休日、12月29日から翌年の1月3日までの日（祝日を除く）です。,https://www.city.shinjuku.lg.jp/content/000448437.pdf,f8e5a173c55e8c0b77fdd439fd4ec8354a5e539dd994a105fc5cdba025db417a,第5条（休業日）,日曜日及び土曜日…に規定する休日…12月29日から翌年の1月3日までの日（前号に掲げる日を除く。）,supported,cca93f6b9adbcf2cf3c965a2e028a67fb6b7ee6c8a80cd0f5725e67dabed12cf
shinjuku-2026-r1-gian-21,normal,content,OB21-N-09,利用できる者: 出生の日から6月を経過した乳児または幼児で、3歳に達する日以後の最初の3月31日までの間にあるものです。,https://www.city.shinjuku.lg.jp/content/000448437.pdf,f8e5a173c55e8c0b77fdd439fd4ec8354a5e539dd994a105fc5cdba025db417a,第6条（利用できる者）,出生の日から6月を経過した乳児…又は幼児…3歳に達する日以後の最初の3月31日までの間にあるもの,supported,cca93f6b9adbcf2cf3c965a2e028a67fb6b7ee6c8a80cd0f5725e67dabed12cf
shinjuku-2026-r1-gian-21,normal,content,OB21-N-10,除かれる者: 保育所、認定こども園、子ども・子育て支援法施行令第1条に定める施設に入所している者と、家庭的保育事業等による保育を受けている者です。,https://www.city.shinjuku.lg.jp/content/000448437.pdf,f8e5a173c55e8c0b77fdd439fd4ec8354a5e539dd994a105fc5cdba025db417a,第6条（利用できる者）,第1号、第2号若しくは第4号に掲げる施設に入所し、又は第3号に掲げる事業による保育を受けている者を除く…に規定する保育所…に規定する認定こども園…に規定する家庭的保育事業等…第1条に定める施設,supported,cca93f6b9adbcf2cf3c965a2e028a67fb6b7ee6c8a80cd0f5725e67dabed12cf
shinjuku-2026-r1-gian-21,normal,content,OB21-N-11,除かれる者: 区長が別に定める者も除かれます。,https://www.city.shinjuku.lg.jp/content/000448437.pdf,f8e5a173c55e8c0b77fdd439fd4ec8354a5e539dd994a105fc5cdba025db417a,第6条（利用できる者）,区長が別に定める者を除く,supported,cca93f6b9adbcf2cf3c965a2e028a67fb6b7ee6c8a80cd0f5725e67dabed12cf
shinjuku-2026-r1-gian-21,normal,content,OB21-N-12,"利用料の日額（日ごとの単位による利用）: 2,400円です。",https://www.city.shinjuku.lg.jp/content/000448437.pdf,f8e5a173c55e8c0b77fdd439fd4ec8354a5e539dd994a105fc5cdba025db417a,第7条第2項第1号,"第3条第1号に掲げる利用区分2,400円",supported,cca93f6b9adbcf2cf3c965a2e028a67fb6b7ee6c8a80cd0f5725e67dabed12cf
shinjuku-2026-r1-gian-21,normal,content,OB21-N-13,利用料の日額（時間ごとの単位による利用）: 300円に乳児等通園支援事業を利用した時間を乗じた額です。,https://www.city.shinjuku.lg.jp/content/000448437.pdf,f8e5a173c55e8c0b77fdd439fd4ec8354a5e539dd994a105fc5cdba025db417a,第7条第2項第2号,第3条第2号に掲げる利用区分300円に乳児等通園支援事業を利用した時間を乗じた額,supported,cca93f6b9adbcf2cf3c965a2e028a67fb6b7ee6c8a80cd0f5725e67dabed12cf
shinjuku-2026-r1-gian-21,normal,content,OB21-N-14,利用料の日額は、次の場合に軽減されます。,https://www.city.shinjuku.lg.jp/content/000448437.pdf,f8e5a173c55e8c0b77fdd439fd4ec8354a5e539dd994a105fc5cdba025db417a,第7条第3項〜第6項,無料とする…第2項各号に定める額の2割に相当する額…第2項各号に定める額の3割に相当する額…第2項各号に定める額の5割に相当する額,supported,cca93f6b9adbcf2cf3c965a2e028a67fb6b7ee6c8a80cd0f5725e67dabed12cf
shinjuku-2026-r1-gian-21,normal,content,OB21-N-15,保護者が生活保護法に規定する被保護者である場合: 無料です。,https://www.city.shinjuku.lg.jp/content/000448437.pdf,f8e5a173c55e8c0b77fdd439fd4ec8354a5e539dd994a105fc5cdba025db417a,第7条第3項,第6条第1項に規定する被保護者である場合は、第1項の規定により納付する利用料は、無料とする,supported,cca93f6b9adbcf2cf3c965a2e028a67fb6b7ee6c8a80cd0f5725e67dabed12cf
shinjuku-2026-r1-gian-21,normal,content,OB21-N-16,保護者と同一の世帯に属する者が区市町村民税を課されない者である場合（前号を除く）: 上の額の2割です。,https://www.city.shinjuku.lg.jp/content/000448437.pdf,f8e5a173c55e8c0b77fdd439fd4ec8354a5e539dd994a105fc5cdba025db417a,第7条第4項,保護者及び保護者と同一の世帯に属する者が…区市町村民税を課されない者である場合…第2項各号に定める額の2割に相当する額,supported,cca93f6b9adbcf2cf3c965a2e028a67fb6b7ee6c8a80cd0f5725e67dabed12cf
shinjuku-2026-r1-gian-21,normal,content,OB21-N-17,"世帯の区市町村民税所得割額を合算した額が7万7,101円未満である場合（前2号を除く）: 上の額の3割です。",https://www.city.shinjuku.lg.jp/content/000448437.pdf,f8e5a173c55e8c0b77fdd439fd4ec8354a5e539dd994a105fc5cdba025db417a,第7条第5項,"所得割の額を合算した額が7万7,101円未満である場合…第2項各号に定める額の3割に相当する額",supported,cca93f6b9adbcf2cf3c965a2e028a67fb6b7ee6c8a80cd0f5725e67dabed12cf
shinjuku-2026-r1-gian-21,normal,content,OB21-N-18,区長が、心身の状況や養育環境等を踏まえて軽減が適当と認める場合（前3号を除く）: 上の額の5割です。,https://www.city.shinjuku.lg.jp/content/000448437.pdf,f8e5a173c55e8c0b77fdd439fd4ec8354a5e539dd994a105fc5cdba025db417a,第7条第6項,区長が対象乳幼児及び保護者の心身の状況及び養育環境等を踏まえ、第1項の規定により納付する利用料を軽減することが適当であると認める場合…第2項各号に定める額の5割に相当する額,supported,cca93f6b9adbcf2cf3c965a2e028a67fb6b7ee6c8a80cd0f5725e67dabed12cf
shinjuku-2026-r1-gian-21,normal,content,OB21-N-19,保護者は、利用料を規則で定める納期限までに納付します。,https://www.city.shinjuku.lg.jp/content/000448437.pdf,f8e5a173c55e8c0b77fdd439fd4ec8354a5e539dd994a105fc5cdba025db417a,第7条第1項,利用料を規則で定める納期限までに納付しなければならない,supported,cca93f6b9adbcf2cf3c965a2e028a67fb6b7ee6c8a80cd0f5725e67dabed12cf
shinjuku-2026-r1-gian-21,normal,content,OB21-N-20,区長は、利用料を決定または変更したときは、規則で定めるところにより保護者に通知します。,https://www.city.shinjuku.lg.jp/content/000448437.pdf,f8e5a173c55e8c0b77fdd439fd4ec8354a5e539dd994a105fc5cdba025db417a,第8条（利用料の決定通知等）,区長は、利用料を決定し、又は変更したときは、規則で定めるところにより、保護者に通知しなければならない,supported,cca93f6b9adbcf2cf3c965a2e028a67fb6b7ee6c8a80cd0f5725e67dabed12cf
shinjuku-2026-r1-gian-21,normal,content,OB21-N-21,このほか、条例の施行に必要な事項は規則で定めます。,https://www.city.shinjuku.lg.jp/content/000448437.pdf,f8e5a173c55e8c0b77fdd439fd4ec8354a5e539dd994a105fc5cdba025db417a,第9条（規則への委任）,この条例に定めるもののほか、この条例の施行に関し必要な事項は、規則で定める,supported,cca93f6b9adbcf2cf3c965a2e028a67fb6b7ee6c8a80cd0f5725e67dabed12cf
shinjuku-2026-r1-gian-21,normal,content,OB21-N-22,令和8年4月1日から施行されます。,https://www.city.shinjuku.lg.jp/content/000448437.pdf,f8e5a173c55e8c0b77fdd439fd4ec8354a5e539dd994a105fc5cdba025db417a,附則（施行期日）,この条例は、令和8年4月1日から施行する,supported,cca93f6b9adbcf2cf3c965a2e028a67fb6b7ee6c8a80cd0f5725e67dabed12cf
shinjuku-2026-r1-gian-21,normal,content,OB21-N-23,経過措置として、当分の間、区の区域内に住所を有する対象乳幼児が事業を利用した場合の利用料は、軽減の定めにかかわらず無料になります。,https://www.city.shinjuku.lg.jp/content/000448437.pdf,f8e5a173c55e8c0b77fdd439fd4ec8354a5e539dd994a105fc5cdba025db417a,附則（経過措置）,当分の間、区の区域内に住所を有する対象乳幼児が乳児等通園支援事業を利用した場合において、第7条第1項の規定により納付する利用料は、同条第2項の規定にかかわらず、無料とする,supported,cca93f6b9adbcf2cf3c965a2e028a67fb6b7ee6c8a80cd0f5725e67dabed12cf
shinjuku-2026-r1-gian-21,normal,content,OB21-N-24,この場合、利用料の決定通知等を定めた第8条は適用されません。,https://www.city.shinjuku.lg.jp/content/000448437.pdf,f8e5a173c55e8c0b77fdd439fd4ec8354a5e539dd994a105fc5cdba025db417a,附則（経過措置）,この場合において、第8条の規定は、適用しない,supported,cca93f6b9adbcf2cf3c965a2e028a67fb6b7ee6c8a80cd0f5725e67dabed12cf
shinjuku-2026-r1-gian-21,normal,content,OB21-N-25,令和8年第1回定例会（会期は2月17日から3月24日まで）で審議されました。,https://www.city.shinjuku.lg.jp/content/000452334.pdf,22ba4f49b18c96bd1fa26241606257c05477f38e25ac46d6f8e4f416a2cedbf2,審議状況（会期）,令和８年第１回定例会…２月１７日～３月２４日,supported,cca93f6b9adbcf2cf3c965a2e028a67fb6b7ee6c8a80cd0f5725e67dabed12cf
shinjuku-2026-r1-gian-21,normal,content,OB21-N-26,本会議は第1日にあたる2月17日（火曜日）でした。,https://ssp.kaigiroku.net/tenant/shinjuku/MinuteView.html?council_id=3163&schedule_id=2&minute_id=1,0b6ccdddbdb47e6b2667e9cc1a0b327151b8048623c89e453b5ce792cc977d6d,審議状況（本会議 2月17日 議長）,令和８年第１回定例会会議録（第１日）第１号令和８年２月１７日（火曜日）,supported,cca93f6b9adbcf2cf3c965a2e028a67fb6b7ee6c8a80cd0f5725e67dabed12cf
shinjuku-2026-r1-gian-21,normal,content,OB21-N-27,第21号議案は、この日の日程第2で議題となり、文教子ども家庭委員会に付託されました。,https://ssp.kaigiroku.net/tenant/shinjuku/MinuteView.html?council_id=3163&schedule_id=2&minute_id=16,74d0a6d02f087e176d5e9b77332db8611299c205d7b2ad96cbc43517d8618ef0,審議状況（本会議 2月17日 議長）,第21号議案は、議案付託表のとおり、文教子ども家庭委員会に付託します,supported,cca93f6b9adbcf2cf3c965a2e028a67fb6b7ee6c8a80cd0f5725e67dabed12cf
shinjuku-2026-r1-gian-21,normal,content,OB21-N-28,同じ日に委員会審査報告書が提出されて本日の日程に追加され、追加日程第1として議題となりました。,https://ssp.kaigiroku.net/tenant/shinjuku/MinuteView.html?council_id=3163&schedule_id=2&minute_id=28,0f88d96500617f7df3a71b18cd7522cc4bde9a3fcdbd9090b8b0e9ba317c6f05,審議状況（本会議 2月17日 議長）,追加日程第１を議題とします,supported,cca93f6b9adbcf2cf3c965a2e028a67fb6b7ee6c8a80cd0f5725e67dabed12cf
shinjuku-2026-r1-gian-21,normal,content,OB21-N-29,文教子ども家庭委員会の審査報告書は「可決」でした。,https://ssp.kaigiroku.net/tenant/shinjuku/MinuteView.html?council_id=3163&schedule_id=2&minute_id=30,25e9f3ac91962b9b4b31efd7e235fd1ff73d82dbe6929238de1a47678504e95c,審議状況（本会議 2月17日 議長）,文教子ども家庭委員会審査報告書は、可決です,supported,cca93f6b9adbcf2cf3c965a2e028a67fb6b7ee6c8a80cd0f5725e67dabed12cf
shinjuku-2026-r1-gian-21,normal,content,OB21-N-30,本会議は、異議なしと認めて、委員会審査報告のとおり可決しました。,https://ssp.kaigiroku.net/tenant/shinjuku/MinuteView.html?council_id=3163&schedule_id=2&minute_id=31,469517cb54ed833bfde88001efb60a72952500b0f78ebbde21767ee8e0561b75,審議状況（本会議 2月17日 議長）,異議なしと認めます…本案は、委員会審査報告のとおり可決されました,supported,cca93f6b9adbcf2cf3c965a2e028a67fb6b7ee6c8a80cd0f5725e67dabed12cf
shinjuku-2026-r1-gian-21,normal,content,OB21-N-31,議決結果ページの記載は「原案可決」です。,https://www.city.shinjuku.lg.jp/kusei/soumu01_002090_00015.html,7c2b6f68db1b433b860b35d176b4dd9211e78582ec9de718fcfefe68b22d896a,審議状況（議決結果ページ）,第21号議案新宿区乳児等通園支援事業の実施に関する条例原案可決,supported,cca93f6b9adbcf2cf3c965a2e028a67fb6b7ee6c8a80cd0f5725e67dabed12cf
shinjuku-2026-r1-gian-21,normal,content,OB21-N-32,「議案の概要と審議結果」の採決結果行では、8会派すべてが賛成（○）でした。,https://www.city.shinjuku.lg.jp/content/000452334.pdf,22ba4f49b18c96bd1fa26241606257c05477f38e25ac46d6f8e4f416a2cedbf2,審議状況（議案の概要と審議結果の採決結果行）,区が実施する乳児等通園支援事業に関し、必要な事項を定める。○○○○○○○○可決,supported,cca93f6b9adbcf2cf3c965a2e028a67fb6b7ee6c8a80cd0f5725e67dabed12cf
shinjuku-2026-r1-gian-21,hard,title,OB21-HT-01,見出し: 第21号議案 新宿区乳児等通園支援事業の実施に関する条例,https://www.city.shinjuku.lg.jp/content/000448437.pdf,f8e5a173c55e8c0b77fdd439fd4ec8354a5e539dd994a105fc5cdba025db417a,件名,新宿区乳児等通園支援事業の実施に関する条例,supported,268f337b900ed242571457107aef5b8071f985d3174aa9eded4840a09317d0a9
shinjuku-2026-r1-gian-21,hard,summary,OB21-HS-01,要約: 新宿区が実施する乳児等通園支援事業の実施場所、利用区分、利用時間、休業日、利用できる者、利用料等を定める条例の新規制定。,https://www.city.shinjuku.lg.jp/content/000448437.pdf,f8e5a173c55e8c0b77fdd439fd4ec8354a5e539dd994a105fc5cdba025db417a,（提案理由）,新宿区における乳児等通園支援事業の実施に関し、利用時間、利用できる者、利用料等必要な事項を定めるとともに、区民の利用料を無料とする特例措置を講ずる必要があるため,supported,268f337b900ed242571457107aef5b8071f985d3174aa9eded4840a09317d0a9
shinjuku-2026-r1-gian-21,hard,summary,OB21-HS-02,要約: 附則で、当分の間、区の区域内に住所を有する対象乳幼児の利用料を無料とする。,https://www.city.shinjuku.lg.jp/content/000448437.pdf,f8e5a173c55e8c0b77fdd439fd4ec8354a5e539dd994a105fc5cdba025db417a,附則（経過措置）,当分の間、区の区域内に住所を有する対象乳幼児が乳児等通園支援事業を利用した場合において、第7条第1項の規定により納付する利用料は、同条第2項の規定にかかわらず、無料とする,supported,268f337b900ed242571457107aef5b8071f985d3174aa9eded4840a09317d0a9
shinjuku-2026-r1-gian-21,hard,summary,OB21-HS-03,要約: 施行日は令和8年4月1日。,https://www.city.shinjuku.lg.jp/content/000448437.pdf,f8e5a173c55e8c0b77fdd439fd4ec8354a5e539dd994a105fc5cdba025db417a,附則（施行期日）,この条例は、令和8年4月1日から施行する,supported,268f337b900ed242571457107aef5b8071f985d3174aa9eded4840a09317d0a9
shinjuku-2026-r1-gian-21,hard,content,OB21-H-01,提出日: 令和8年2月17日,https://www.city.shinjuku.lg.jp/content/000448437.pdf,f8e5a173c55e8c0b77fdd439fd4ec8354a5e539dd994a105fc5cdba025db417a,提出日・提出者,令和８年２月１７日…新宿区長…吉住…健一,supported,268f337b900ed242571457107aef5b8071f985d3174aa9eded4840a09317d0a9
shinjuku-2026-r1-gian-21,hard,content,OB21-H-02,提出者: 新宿区長 吉住健一,https://www.city.shinjuku.lg.jp/content/000448437.pdf,f8e5a173c55e8c0b77fdd439fd4ec8354a5e539dd994a105fc5cdba025db417a,提出日・提出者,令和８年２月１７日…新宿区長…吉住…健一,supported,268f337b900ed242571457107aef5b8071f985d3174aa9eded4840a09317d0a9
shinjuku-2026-r1-gian-21,hard,content,OB21-H-03,制定する条例: 新宿区乳児等通園支援事業の実施に関する条例（新規制定）,https://www.city.shinjuku.lg.jp/content/000448437.pdf,f8e5a173c55e8c0b77fdd439fd4ec8354a5e539dd994a105fc5cdba025db417a,件名,新宿区乳児等通園支援事業の実施に関する条例,supported,268f337b900ed242571457107aef5b8071f985d3174aa9eded4840a09317d0a9
shinjuku-2026-r1-gian-21,hard,content,OB21-H-04,議決: 原案可決（議決結果ページの記載）,https://www.city.shinjuku.lg.jp/kusei/soumu01_002090_00015.html,7c2b6f68db1b433b860b35d176b4dd9211e78582ec9de718fcfefe68b22d896a,審議状況（議決結果ページ）,第21号議案新宿区乳児等通園支援事業の実施に関する条例原案可決,supported,268f337b900ed242571457107aef5b8071f985d3174aa9eded4840a09317d0a9
shinjuku-2026-r1-gian-21,hard,content,OB21-H-05,本会議: 令和8年2月17日（火曜日）、会議録 第1日第1号,https://ssp.kaigiroku.net/tenant/shinjuku/MinuteView.html?council_id=3163&schedule_id=2&minute_id=1,0b6ccdddbdb47e6b2667e9cc1a0b327151b8048623c89e453b5ce792cc977d6d,審議状況（本会議 2月17日 議長）,令和８年第１回定例会会議録（第１日）第１号令和８年２月１７日（火曜日）,supported,268f337b900ed242571457107aef5b8071f985d3174aa9eded4840a09317d0a9
shinjuku-2026-r1-gian-21,hard,content,OB21-H-06,上程: 日程第2で議題となり、区長が提案の説明をした,https://ssp.kaigiroku.net/tenant/shinjuku/MinuteView.html?council_id=3163&schedule_id=2&minute_id=12,ad105b894947afde52f8d745191d666d4f86352f11179b9d1cf3655d9d6fde02,審議状況（本会議 2月17日 議長）,次に、日程第２を議題とします,supported,268f337b900ed242571457107aef5b8071f985d3174aa9eded4840a09317d0a9
shinjuku-2026-r1-gian-21,hard,content,OB21-H-07,付託: 議案付託表のとおり、文教子ども家庭委員会に付託,https://ssp.kaigiroku.net/tenant/shinjuku/MinuteView.html?council_id=3163&schedule_id=2&minute_id=16,74d0a6d02f087e176d5e9b77332db8611299c205d7b2ad96cbc43517d8618ef0,審議状況（本会議 2月17日 議長）,第21号議案は、議案付託表のとおり、文教子ども家庭委員会に付託します,supported,268f337b900ed242571457107aef5b8071f985d3174aa9eded4840a09317d0a9
shinjuku-2026-r1-gian-21,hard,content,OB21-H-08,議題: 委員会審査報告書が提出されて本日の日程に追加され、追加日程第1として議題とした,https://ssp.kaigiroku.net/tenant/shinjuku/MinuteView.html?council_id=3163&schedule_id=2&minute_id=26,ef297365eb239197175b3469677dc1a25220f9219b4a4cdeda5d8c3383a2043c,審議状況（本会議 2月17日 議長）,第5号議案及び第21号議案の委員会審査報告書が提出されました…これを本日の日程に追加したい,supported,268f337b900ed242571457107aef5b8071f985d3174aa9eded4840a09317d0a9
shinjuku-2026-r1-gian-21,hard,content,OB21-H-09,会議録: 第21号議案の議題朗読が記載されている（追加日程第1）,https://ssp.kaigiroku.net/tenant/shinjuku/MinuteView.html?council_id=3163&schedule_id=2&minute_id=13,d4a085b1a848262b546ffd1065fe5f8a48d5073a5eaa85e0856c2994ac0d3fe4,審議状況（本会議 2月17日 議長）,第21号議案新宿区乳児等通園支援事業の実施に関する条例,supported,268f337b900ed242571457107aef5b8071f985d3174aa9eded4840a09317d0a9
shinjuku-2026-r1-gian-21,hard,content,OB21-H-10,委員会審査報告: 文教子ども家庭委員会の審査報告書は可決,https://ssp.kaigiroku.net/tenant/shinjuku/MinuteView.html?council_id=3163&schedule_id=2&minute_id=30,25e9f3ac91962b9b4b31efd7e235fd1ff73d82dbe6929238de1a47678504e95c,審議状況（本会議 2月17日 議長）,文教子ども家庭委員会審査報告書は、可決です,supported,268f337b900ed242571457107aef5b8071f985d3174aa9eded4840a09317d0a9
shinjuku-2026-r1-gian-21,hard,content,OB21-H-11,採決方法: 異議なし,https://ssp.kaigiroku.net/tenant/shinjuku/MinuteView.html?council_id=3163&schedule_id=2&minute_id=31,469517cb54ed833bfde88001efb60a72952500b0f78ebbde21767ee8e0561b75,審議状況（本会議 2月17日 議長）,異議なしと認めます…本案は、委員会審査報告のとおり可決されました,supported,268f337b900ed242571457107aef5b8071f985d3174aa9eded4840a09317d0a9
shinjuku-2026-r1-gian-21,hard,content,OB21-H-12,会派別の賛否: 全8会派が賛成（採決結果行は ○○○○○○○○）,https://www.city.shinjuku.lg.jp/content/000452334.pdf,22ba4f49b18c96bd1fa26241606257c05477f38e25ac46d6f8e4f416a2cedbf2,審議状況（議案の概要と審議結果の採決結果行）,区が実施する乳児等通園支援事業に関し、必要な事項を定める。○○○○○○○○可決,supported,268f337b900ed242571457107aef5b8071f985d3174aa9eded4840a09317d0a9
shinjuku-2026-r1-gian-21,hard,content,OB21-H-13,会派: 自民・参政クラブ、新宿区議会公明党、日本共産党新宿区議会議員団、新宿未来の会、立憲民主党・無所属クラブ、日本維新の会・新宿区議団、現役世代に優しい新宿・減税の会、れいわ新選組 新宿,https://www.city.shinjuku.lg.jp/content/000452334.pdf,22ba4f49b18c96bd1fa26241606257c05477f38e25ac46d6f8e4f416a2cedbf2,会派略称・列の並び,共産＝日本共産党新宿区議会議員団…れいわ＝れいわ新選組 新宿…自参ク＝自民・参政クラブ…公明＝新宿区議会公明党…新宿会＝新宿未来の会…民無ク＝立憲民主党・無所属クラブ…維新＝日本維新の会・新宿区議団…現役＝現役世代に優しい新宿・減税の会,supported,268f337b900ed242571457107aef5b8071f985d3174aa9eded4840a09317d0a9
shinjuku-2026-r1-gian-21,hard,content,OB21-H-14,新宿区における乳児等通園支援事業の実施に関し、利用時間、利用できる者、利用料等必要な事項を定めるとともに、区民の利用料を無料とする特例措置を講ずる必要があるため,https://www.city.shinjuku.lg.jp/content/000448437.pdf,f8e5a173c55e8c0b77fdd439fd4ec8354a5e539dd994a105fc5cdba025db417a,（提案理由）,新宿区における乳児等通園支援事業の実施に関し、利用時間、利用できる者、利用料等必要な事項を定めるとともに、区民の利用料を無料とする特例措置を講ずる必要があるため,supported,268f337b900ed242571457107aef5b8071f985d3174aa9eded4840a09317d0a9
shinjuku-2026-r1-gian-21,hard,content,OB21-H-15,第1条（目的） / 児童福祉法に基づく乳児等通園支援事業の実施に関し、別に定めるもののほか、必要な事項を定める,https://www.city.shinjuku.lg.jp/content/000448437.pdf,f8e5a173c55e8c0b77fdd439fd4ec8354a5e539dd994a105fc5cdba025db417a,第1条（目的）,児童福祉法…第34条の15第1項の規定による…の実施に関し、別に定めるもののほか、必要な事項を定めることを目的とする,supported,268f337b900ed242571457107aef5b8071f985d3174aa9eded4840a09317d0a9
shinjuku-2026-r1-gian-21,hard,content,OB21-H-16,第2条（実施場所） / 区長は、規則で定める場所において実施する,https://www.city.shinjuku.lg.jp/content/000448437.pdf,f8e5a173c55e8c0b77fdd439fd4ec8354a5e539dd994a105fc5cdba025db417a,第2条（実施場所）,区長は、新宿区規則（以下「規則」という。）で定める場所において乳児等通園支援事業を実施するものとする,supported,268f337b900ed242571457107aef5b8071f985d3174aa9eded4840a09317d0a9
shinjuku-2026-r1-gian-21,hard,content,OB21-H-17,第3条（利用区分） / 日ごとの単位による利用、時間ごとの単位による利用,https://www.city.shinjuku.lg.jp/content/000448437.pdf,f8e5a173c55e8c0b77fdd439fd4ec8354a5e539dd994a105fc5cdba025db417a,第3条（利用区分）,乳児等通園支援事業の利用区分は、次のとおりとする…日ごとの単位による利用…時間ごとの単位による利用,supported,268f337b900ed242571457107aef5b8071f985d3174aa9eded4840a09317d0a9
shinjuku-2026-r1-gian-21,hard,content,OB21-H-18,第4条（利用時間） / 月曜日から金曜日までの日の午前9時から午後5時まで,https://www.city.shinjuku.lg.jp/content/000448437.pdf,f8e5a173c55e8c0b77fdd439fd4ec8354a5e539dd994a105fc5cdba025db417a,第4条（利用時間）,乳児等通園支援事業の利用時間は、月曜日から金曜日までの日の午前9時から午後5時までとする,supported,268f337b900ed242571457107aef5b8071f985d3174aa9eded4840a09317d0a9
shinjuku-2026-r1-gian-21,hard,content,OB21-H-19,第5条（休業日） / 日曜日及び土曜日、国民の祝日に関する法律に規定する休日、12月29日から翌年の1月3日までの日（前号に掲げる日を除く。）,https://www.city.shinjuku.lg.jp/content/000448437.pdf,f8e5a173c55e8c0b77fdd439fd4ec8354a5e539dd994a105fc5cdba025db417a,第5条（休業日）,日曜日及び土曜日…に規定する休日…12月29日から翌年の1月3日までの日（前号に掲げる日を除く。）,supported,268f337b900ed242571457107aef5b8071f985d3174aa9eded4840a09317d0a9
shinjuku-2026-r1-gian-21,hard,content,OB21-H-20,第6条（利用できる者） / 出生の日から6月を経過した乳児又は幼児で、3歳に達する日以後の最初の3月31日までの間にあるもの,https://www.city.shinjuku.lg.jp/content/000448437.pdf,f8e5a173c55e8c0b77fdd439fd4ec8354a5e539dd994a105fc5cdba025db417a,第6条（利用できる者）,出生の日から6月を経過した乳児…又は幼児…3歳に達する日以後の最初の3月31日までの間にあるもの,supported,268f337b900ed242571457107aef5b8071f985d3174aa9eded4840a09317d0a9
shinjuku-2026-r1-gian-21,hard,content,OB21-H-21,第6条（除かれる者） / 保育所、認定こども園、家庭的保育事業等、子ども・子育て支援法施行令第1条に定める施設に係る者を除く（第1号、第2号若しくは第4号に掲げる施設に入所し、又は第3号に掲げる事業による保育を受けている者を除く）,https://www.city.shinjuku.lg.jp/content/000448437.pdf,f8e5a173c55e8c0b77fdd439fd4ec8354a5e539dd994a105fc5cdba025db417a,第6条（利用できる者）,第1号、第2号若しくは第4号に掲げる施設に入所し、又は第3号に掲げる事業による保育を受けている者を除く…に規定する保育所…に規定する認定こども園…に規定する家庭的保育事業等…第1条に定める施設,supported,268f337b900ed242571457107aef5b8071f985d3174aa9eded4840a09317d0a9
shinjuku-2026-r1-gian-21,hard,content,OB21-H-22,第6条（区長が別に定める者） / 区長が別に定める者を除く,https://www.city.shinjuku.lg.jp/content/000448437.pdf,f8e5a173c55e8c0b77fdd439fd4ec8354a5e539dd994a105fc5cdba025db417a,第6条（利用できる者）,区長が別に定める者を除く,supported,268f337b900ed242571457107aef5b8071f985d3174aa9eded4840a09317d0a9
shinjuku-2026-r1-gian-21,hard,content,OB21-H-23,第7条第1項 / 保護者は、利用料を規則で定める納期限までに納付しなければならない,https://www.city.shinjuku.lg.jp/content/000448437.pdf,f8e5a173c55e8c0b77fdd439fd4ec8354a5e539dd994a105fc5cdba025db417a,第7条第1項,利用料を規則で定める納期限までに納付しなければならない,supported,268f337b900ed242571457107aef5b8071f985d3174aa9eded4840a09317d0a9
shinjuku-2026-r1-gian-21,hard,content,OB21-H-24,"第7条第2項第1号 / 日ごとの単位による利用: 2,400円",https://www.city.shinjuku.lg.jp/content/000448437.pdf,f8e5a173c55e8c0b77fdd439fd4ec8354a5e539dd994a105fc5cdba025db417a,第7条第2項第1号,"第3条第1号に掲げる利用区分2,400円",supported,268f337b900ed242571457107aef5b8071f985d3174aa9eded4840a09317d0a9
shinjuku-2026-r1-gian-21,hard,content,OB21-H-25,第7条第2項第2号 / 時間ごとの単位による利用: 300円に乳児等通園支援事業を利用した時間を乗じた額,https://www.city.shinjuku.lg.jp/content/000448437.pdf,f8e5a173c55e8c0b77fdd439fd4ec8354a5e539dd994a105fc5cdba025db417a,第7条第2項第2号,第3条第2号に掲げる利用区分300円に乳児等通園支援事業を利用した時間を乗じた額,supported,268f337b900ed242571457107aef5b8071f985d3174aa9eded4840a09317d0a9
shinjuku-2026-r1-gian-21,hard,content,OB21-H-26,第7条第3項 / 保護者が生活保護法第6条第1項に規定する被保護者である場合: 無料,https://www.city.shinjuku.lg.jp/content/000448437.pdf,f8e5a173c55e8c0b77fdd439fd4ec8354a5e539dd994a105fc5cdba025db417a,第7条第3項,第6条第1項に規定する被保護者である場合は、第1項の規定により納付する利用料は、無料とする,supported,268f337b900ed242571457107aef5b8071f985d3174aa9eded4840a09317d0a9
shinjuku-2026-r1-gian-21,hard,content,OB21-H-27,第7条第4項 / 保護者及び保護者と同一の世帯に属する者が区市町村民税を課されない者である場合（前項を除く）: 第2項各号に定める額の2割に相当する額,https://www.city.shinjuku.lg.jp/content/000448437.pdf,f8e5a173c55e8c0b77fdd439fd4ec8354a5e539dd994a105fc5cdba025db417a,第7条第4項,保護者及び保護者と同一の世帯に属する者が…区市町村民税を課されない者である場合…第2項各号に定める額の2割に相当する額,supported,268f337b900ed242571457107aef5b8071f985d3174aa9eded4840a09317d0a9
shinjuku-2026-r1-gian-21,hard,content,OB21-H-28,"第7条第5項 / 保護者及び保護者と同一の世帯に属する者の区市町村民税所得割の額を合算した額が7万7,101円未満である場合（前2項を除く）: 第2項各号に定める額の3割に相当する額",https://www.city.shinjuku.lg.jp/content/000448437.pdf,f8e5a173c55e8c0b77fdd439fd4ec8354a5e539dd994a105fc5cdba025db417a,第7条第5項,"所得割の額を合算した額が7万7,101円未満である場合…第2項各号に定める額の3割に相当する額",supported,268f337b900ed242571457107aef5b8071f985d3174aa9eded4840a09317d0a9
shinjuku-2026-r1-gian-21,hard,content,OB21-H-29,第7条第6項 / 区長が対象乳幼児及び保護者の心身の状況及び養育環境等を踏まえ軽減することが適当であると認める場合（前3項を除く）: 第2項各号に定める額の5割に相当する額,https://www.city.shinjuku.lg.jp/content/000448437.pdf,f8e5a173c55e8c0b77fdd439fd4ec8354a5e539dd994a105fc5cdba025db417a,第7条第6項,区長が対象乳幼児及び保護者の心身の状況及び養育環境等を踏まえ、第1項の規定により納付する利用料を軽減することが適当であると認める場合…第2項各号に定める額の5割に相当する額,supported,268f337b900ed242571457107aef5b8071f985d3174aa9eded4840a09317d0a9
shinjuku-2026-r1-gian-21,hard,content,OB21-H-30,第8条 / 区長は、利用料を決定し、又は変更したときは、規則で定めるところにより、保護者に通知しなければならない,https://www.city.shinjuku.lg.jp/content/000448437.pdf,f8e5a173c55e8c0b77fdd439fd4ec8354a5e539dd994a105fc5cdba025db417a,第8条（利用料の決定通知等）,区長は、利用料を決定し、又は変更したときは、規則で定めるところにより、保護者に通知しなければならない,supported,268f337b900ed242571457107aef5b8071f985d3174aa9eded4840a09317d0a9
shinjuku-2026-r1-gian-21,hard,content,OB21-H-31,第9条 / この条例に定めるもののほか、施行に関し必要な事項は規則で定める,https://www.city.shinjuku.lg.jp/content/000448437.pdf,f8e5a173c55e8c0b77fdd439fd4ec8354a5e539dd994a105fc5cdba025db417a,第9条（規則への委任）,この条例に定めるもののほか、この条例の施行に関し必要な事項は、規則で定める,supported,268f337b900ed242571457107aef5b8071f985d3174aa9eded4840a09317d0a9
shinjuku-2026-r1-gian-21,hard,content,OB21-H-32,新宿区が実施する乳児等通園支援事業に関し、必要な事項を定める。,https://www.city.shinjuku.lg.jp/content/000447774.pdf,1dc3eaffcafb1b1c9e139e823182dc80dc0755624813ca87d8b274d15f5b6624,第21号議案,新宿区が実施する乳児等通園支援事業に関し、必要な事項を…定める,supported,268f337b900ed242571457107aef5b8071f985d3174aa9eded4840a09317d0a9
shinjuku-2026-r1-gian-21,hard,content,OB21-H-33,主な制定内容として、実施場所、利用区分、利用時間、休業日、利用できる者、利用料の日額が記載されている。,https://www.city.shinjuku.lg.jp/content/000447774.pdf,1dc3eaffcafb1b1c9e139e823182dc80dc0755624813ca87d8b274d15f5b6624,第21号議案［主な制定内容］,実施場所…利用区分…利用時間…休業日…利用できる者…利用料の日額,supported,268f337b900ed242571457107aef5b8071f985d3174aa9eded4840a09317d0a9
shinjuku-2026-r1-gian-21,hard,content,OB21-H-34,"利用料の日額は、日ごとの単位による利用の場合が2,400円、時間ごとの単位による利用の場合が300円に利用した時間を乗じた額と記載されている。",https://www.city.shinjuku.lg.jp/content/000447774.pdf,1dc3eaffcafb1b1c9e139e823182dc80dc0755624813ca87d8b274d15f5b6624,第21号議案［主な制定内容］,"日ごとの単位による利用の場合2,400円…時間ごとの単位による利用の場合300円に乳児等通園支援事業を利用した時間を乗じた額",supported,268f337b900ed242571457107aef5b8071f985d3174aa9eded4840a09317d0a9
shinjuku-2026-r1-gian-21,hard,content,OB21-H-35,施行日は令和8年4月1日と記載されている。,https://www.city.shinjuku.lg.jp/content/000447774.pdf,1dc3eaffcafb1b1c9e139e823182dc80dc0755624813ca87d8b274d15f5b6624,第21号議案［施行日］,令和8年4月1日,supported,268f337b900ed242571457107aef5b8071f985d3174aa9eded4840a09317d0a9
shinjuku-2026-r1-gian-21,hard,content,OB21-H-36,当分の間、新宿区の区域内に住所を有する者が乳児等通園支援事業を利用した場合においては、利用料は、無料とする。,https://www.city.shinjuku.lg.jp/content/000447774.pdf,1dc3eaffcafb1b1c9e139e823182dc80dc0755624813ca87d8b274d15f5b6624,第21号議案［経過措置］,当分の間、新宿区の区域内に住所を有する者が乳児等通園支援事業を利用した場合においては、利用料は、無料とする,supported,268f337b900ed242571457107aef5b8071f985d3174aa9eded4840a09317d0a9
shinjuku-2026-r1-gian-21,hard,content,OB21-H-37,「議案の概要と審議結果」も同旨の概要を記載している。,https://www.city.shinjuku.lg.jp/content/000452334.pdf,22ba4f49b18c96bd1fa26241606257c05477f38e25ac46d6f8e4f416a2cedbf2,第21号議案（議案の概要）,区が実施する乳児等通園支援事業に関し、必要な事項を定める。,supported,268f337b900ed242571457107aef5b8071f985d3174aa9eded4840a09317d0a9
shinjuku-2026-r1-gian-21,hard,content,OB21-H-38,この条例は、令和8年4月1日から施行する。,https://www.city.shinjuku.lg.jp/content/000448437.pdf,f8e5a173c55e8c0b77fdd439fd4ec8354a5e539dd994a105fc5cdba025db417a,附則（施行期日）,この条例は、令和8年4月1日から施行する,supported,268f337b900ed242571457107aef5b8071f985d3174aa9eded4840a09317d0a9
shinjuku-2026-r1-gian-21,hard,content,OB21-H-39,当分の間、区の区域内に住所を有する対象乳幼児が乳児等通園支援事業を利用した場合において、第7条第1項の規定により納付する利用料は、同条第2項の規定にかかわらず、無料とする。この場合において、第8条の規定は、適用しない。,https://www.city.shinjuku.lg.jp/content/000448437.pdf,f8e5a173c55e8c0b77fdd439fd4ec8354a5e539dd994a105fc5cdba025db417a,附則（経過措置）,当分の間、区の区域内に住所を有する対象乳幼児が乳児等通園支援事業を利用した場合において、第7条第1項の規定により納付する利用料は、同条第2項の規定にかかわらず、無料とする。この場合において、第8条の規定は、適用しない,supported,268f337b900ed242571457107aef5b8071f985d3174aa9eded4840a09317d0a9
shinjuku-2026-r1-gian-21,hard,content,OB21-H-40,特例の対象は、区の区域内に住所を有する対象乳幼児である。,https://www.city.shinjuku.lg.jp/content/000448437.pdf,f8e5a173c55e8c0b77fdd439fd4ec8354a5e539dd994a105fc5cdba025db417a,附則（経過措置）,当分の間、区の区域内に住所を有する対象乳幼児が乳児等通園支援事業を利用した場合において、第7条第1項の規定により納付する利用料は、同条第2項の規定にかかわらず、無料とする,supported,268f337b900ed242571457107aef5b8071f985d3174aa9eded4840a09317d0a9
shinjuku-2026-r1-gian-21,hard,content,OB21-H-41,提出案件概要が定める経過措置は、本文の附則第2項と同旨である。,https://www.city.shinjuku.lg.jp/content/000447774.pdf,1dc3eaffcafb1b1c9e139e823182dc80dc0755624813ca87d8b274d15f5b6624,第21号議案［経過措置］,当分の間、新宿区の区域内に住所を有する者が乳児等通園支援事業を利用した場合においては、利用料は、無料とする,supported,268f337b900ed242571457107aef5b8071f985d3174aa9eded4840a09317d0a9
shinjuku-2026-r1-gian-21,hard,content,OB21-H-42,第21号議案 全文 / https://www.city.shinjuku.lg.jp/content/000448437.pdf / f8e5a173c55e8c0b77fdd439fd4ec8354a5e539dd994a105fc5cdba025db417a,https://www.city.shinjuku.lg.jp/content/000448437.pdf,f8e5a173c55e8c0b77fdd439fd4ec8354a5e539dd994a105fc5cdba025db417a,件名,新宿区乳児等通園支援事業の実施に関する条例,supported,268f337b900ed242571457107aef5b8071f985d3174aa9eded4840a09317d0a9
shinjuku-2026-r1-gian-21,hard,content,OB21-H-43,提出案件概要（条例関係） / https://www.city.shinjuku.lg.jp/content/000447774.pdf / 1dc3eaffcafb1b1c9e139e823182dc80dc0755624813ca87d8b274d15f5b6624,https://www.city.shinjuku.lg.jp/content/000447774.pdf,1dc3eaffcafb1b1c9e139e823182dc80dc0755624813ca87d8b274d15f5b6624,提出案件概要（条例関係）,第1回区議会定例会提出案件概要…（条例関係）,supported,268f337b900ed242571457107aef5b8071f985d3174aa9eded4840a09317d0a9
shinjuku-2026-r1-gian-21,hard,content,OB21-H-44,議案の概要と審議結果 / https://www.city.shinjuku.lg.jp/content/000452334.pdf / 22ba4f49b18c96bd1fa26241606257c05477f38e25ac46d6f8e4f416a2cedbf2,https://www.city.shinjuku.lg.jp/content/000452334.pdf,22ba4f49b18c96bd1fa26241606257c05477f38e25ac46d6f8e4f416a2cedbf2,議案の概要と審議結果,議案の概要と審議結果,supported,268f337b900ed242571457107aef5b8071f985d3174aa9eded4840a09317d0a9
shinjuku-2026-r1-gian-21,hard,content,OB21-H-45,議決結果ページ（2026-10-04 取得） / https://www.city.shinjuku.lg.jp/kusei/soumu01_002090_00015.html / 7c2b6f68db1b433b860b35d176b4dd9211e78582ec9de718fcfefe68b22d896a,https://www.city.shinjuku.lg.jp/kusei/soumu01_002090_00015.html,7c2b6f68db1b433b860b35d176b4dd9211e78582ec9de718fcfefe68b22d896a,審議状況（議決結果ページ）,第21号議案新宿区乳児等通園支援事業の実施に関する条例原案可決,supported,268f337b900ed242571457107aef5b8071f985d3174aa9eded4840a09317d0a9
shinjuku-2026-r1-gian-21,hard,content,OB21-H-46,会議録 2月17日 議長（委員会審査報告） / https://ssp.kaigiroku.net/tenant/shinjuku/MinuteView.html?council_id=3163&schedule_id=2&minute_id=30 / 25e9f3ac91962b9b4b31efd7e235fd1ff73d82dbe6929238de1a47678504e95c,https://ssp.kaigiroku.net/tenant/shinjuku/MinuteView.html?council_id=3163&schedule_id=2&minute_id=30,25e9f3ac91962b9b4b31efd7e235fd1ff73d82dbe6929238de1a47678504e95c,審議状況（本会議 2月17日 議長）,文教子ども家庭委員会審査報告書は、可決です,supported,268f337b900ed242571457107aef5b8071f985d3174aa9eded4840a09317d0a9
shinjuku-2026-r1-gian-21,hard,content,OB21-H-47,会議録 2月17日 議長（採決） / https://ssp.kaigiroku.net/tenant/shinjuku/MinuteView.html?council_id=3163&schedule_id=2&minute_id=31 / 469517cb54ed833bfde88001efb60a72952500b0f78ebbde21767ee8e0561b75,https://ssp.kaigiroku.net/tenant/shinjuku/MinuteView.html?council_id=3163&schedule_id=2&minute_id=31,469517cb54ed833bfde88001efb60a72952500b0f78ebbde21767ee8e0561b75,審議状況（本会議 2月17日 議長）,異議なしと認めます…本案は、委員会審査報告のとおり可決されました,supported,268f337b900ed242571457107aef5b8071f985d3174aa9eded4840a09317d0a9
shinjuku-2026-r1-gian-22,easy,title,OB22-ET-01,見出し: 公示送達の 方法を 足します,https://www.city.shinjuku.lg.jp/content/000447774.pdf,1dc3eaffcafb1b1c9e139e823182dc80dc0755624813ca87d8b274d15f5b6624,第22号議案,地方税法の改正等に合わせ、現行の門前掲示場への掲示によ…公示送達の方法に加え、電磁的記録による公示送達の方法を…定める,supported,b2d103d4901d824e341070bca368f731920dc2948d4ed203179a47e653915676
shinjuku-2026-r1-gian-22,easy,summary,OB22-ES-01,要約: 掲示などで 知らせる 方法に 電磁的記録での 方法を 足します。,https://www.city.shinjuku.lg.jp/content/000447774.pdf,1dc3eaffcafb1b1c9e139e823182dc80dc0755624813ca87d8b274d15f5b6624,第22号議案,地方税法の改正等に合わせ、現行の門前掲示場への掲示によ…公示送達の方法に加え、電磁的記録による公示送達の方法を…定める,supported,b2d103d4901d824e341070bca368f731920dc2948d4ed203179a47e653915676
shinjuku-2026-r1-gian-22,easy,summary,OB22-ES-02,要約: 始まる 日は 法律の 決めた 日か 公布の 日の あとの 日です。,https://www.city.shinjuku.lg.jp/content/000448438.pdf,36ade53c93f48f69ed52c68f21f773a3cb2ec22c42195a113bde941ef1a15c7d,附則（施行期日）,地方税法等の一部を改正する法律（令和5年法律第1号）附則第1条第12号に掲げる規定の施行の日又はこの条例の公布の日のいずれか遅い日から施行する,supported,b2d103d4901d824e341070bca368f731920dc2948d4ed203179a47e653915676
shinjuku-2026-r1-gian-22,easy,content,OB22-E-01,【新宿区後期高齢者医療に関する条例】［しんじゅくくこうきこうれいしゃいりょうにかんするじょうれい］（＝区の 後期高齢者医療の 決まり）を 変えます。,https://www.city.shinjuku.lg.jp/content/000448438.pdf,36ade53c93f48f69ed52c68f21f773a3cb2ec22c42195a113bde941ef1a15c7d,改め文,新宿区後期高齢者医療に関する条例（平成20年新宿区条例第20号）の一部を次のように改正する,supported,b2d103d4901d824e341070bca368f731920dc2948d4ed203179a47e653915676
shinjuku-2026-r1-gian-22,easy,content,OB22-E-02,対象は 平成20年 新宿区条例 第20号です。,https://www.city.shinjuku.lg.jp/content/000448438.pdf,36ade53c93f48f69ed52c68f21f773a3cb2ec22c42195a113bde941ef1a15c7d,改め文,新宿区後期高齢者医療に関する条例（平成20年新宿区条例第20号）の一部を次のように改正する,supported,b2d103d4901d824e341070bca368f731920dc2948d4ed203179a47e653915676
shinjuku-2026-r1-gian-22,easy,content,OB22-E-03,この 条例の 第6条は【公示送達】［こうじそうたつ］（＝掲示などで 知らせる 方法）の 決まりです。,https://www.city.shinjuku.lg.jp/content/000448438.pdf,36ade53c93f48f69ed52c68f21f773a3cb2ec22c42195a113bde941ef1a15c7d,第6条,公示事項（同条第2項に規定する公示事項をいう。以下同じ。）を地方税法施行規則（昭和29年総理府令第23号）第1条の8第1項に規定する方法の例により不特定多数の者が閲覧することができる状態に置く措置をとるとともに、公示事項が記載された書面を,supported,b2d103d4901d824e341070bca368f731920dc2948d4ed203179a47e653915676
shinjuku-2026-r1-gian-22,easy,content,OB22-E-04,これまでの 公示送達は【門前掲示場】［もんぜんけいじじょう］（＝門の 前に ある 掲示場）への 掲示です。,https://www.city.shinjuku.lg.jp/content/000447774.pdf,1dc3eaffcafb1b1c9e139e823182dc80dc0755624813ca87d8b274d15f5b6624,第22号議案,地方税法の改正等に合わせ、現行の門前掲示場への掲示によ…公示送達の方法に加え、電磁的記録による公示送達の方法を…定める,supported,b2d103d4901d824e341070bca368f731920dc2948d4ed203179a47e653915676
shinjuku-2026-r1-gian-22,easy,content,OB22-E-05,新しく【電磁的記録】［でんじてききろく］（＝パソコンなどで 扱う 記録）でも 公示送達が できます。,https://www.city.shinjuku.lg.jp/content/000447774.pdf,1dc3eaffcafb1b1c9e139e823182dc80dc0755624813ca87d8b274d15f5b6624,第22号議案,地方税法の改正等に合わせ、現行の門前掲示場への掲示によ…公示送達の方法に加え、電磁的記録による公示送達の方法を…定める,supported,b2d103d4901d824e341070bca368f731920dc2948d4ed203179a47e653915676
shinjuku-2026-r1-gian-22,easy,content,OB22-E-06,新しい 方法では 区は 次の 2つを どちらも 行います。,https://www.city.shinjuku.lg.jp/content/000448438.pdf,36ade53c93f48f69ed52c68f21f773a3cb2ec22c42195a113bde941ef1a15c7d,第6条,公示事項（同条第2項に規定する公示事項をいう。以下同じ。）を地方税法施行規則（昭和29年総理府令第23号）第1条の8第1項に規定する方法の例により不特定多数の者が閲覧することができる状態に置く措置をとるとともに、公示事項が記載された書面を,supported,b2d103d4901d824e341070bca368f731920dc2948d4ed203179a47e653915676
shinjuku-2026-r1-gian-22,easy,content,OB22-E-07,公示する 内容を だれでも 見られる 状態に する,https://www.city.shinjuku.lg.jp/content/000448438.pdf,36ade53c93f48f69ed52c68f21f773a3cb2ec22c42195a113bde941ef1a15c7d,第6条,公示事項（同条第2項に規定する公示事項をいう。以下同じ。）を地方税法施行規則（昭和29年総理府令第23号）第1条の8第1項に規定する方法の例により不特定多数の者が閲覧することができる状態に置く措置をとるとともに、公示事項が記載された書面を,supported,b2d103d4901d824e341070bca368f731920dc2948d4ed203179a47e653915676
shinjuku-2026-r1-gian-22,easy,content,OB22-E-08,書面を 門前掲示場に 貼るか 区の 事務所の 画面に 表示する,https://www.city.shinjuku.lg.jp/content/000448438.pdf,36ade53c93f48f69ed52c68f21f773a3cb2ec22c42195a113bde941ef1a15c7d,第6条,「規定の例により行う」を「門前掲示場に掲示し、又は公示事項を区の事務所に設置した電子計算機の映像面に表示したものの閲覧をすることができる状態に置く措置をとることによってする」に改める,supported,b2d103d4901d824e341070bca368f731920dc2948d4ed203179a47e653915676
shinjuku-2026-r1-gian-22,easy,content,OB22-E-09,公示する 内容は「公示事項」と いいます。,https://www.city.shinjuku.lg.jp/content/000448438.pdf,36ade53c93f48f69ed52c68f21f773a3cb2ec22c42195a113bde941ef1a15c7d,第6条,公示事項（同条第2項に規定する公示事項をいう。以下同じ。）を地方税法施行規則（昭和29年総理府令第23号）第1条の8第1項に規定する方法の例により不特定多数の者が閲覧することができる状態に置く措置をとるとともに、公示事項が記載された書面を,supported,b2d103d4901d824e341070bca368f731920dc2948d4ed203179a47e653915676
shinjuku-2026-r1-gian-22,easy,content,OB22-E-10,見られる ようにする 方法は 地方税法施行規則の 例に よります。,https://www.city.shinjuku.lg.jp/content/000448438.pdf,36ade53c93f48f69ed52c68f21f773a3cb2ec22c42195a113bde941ef1a15c7d,第6条,公示事項（同条第2項に規定する公示事項をいう。以下同じ。）を地方税法施行規則（昭和29年総理府令第23号）第1条の8第1項に規定する方法の例により不特定多数の者が閲覧することができる状態に置く措置をとるとともに、公示事項が記載された書面を,supported,b2d103d4901d824e341070bca368f731920dc2948d4ed203179a47e653915676
shinjuku-2026-r1-gian-22,easy,content,OB22-E-11,第6条の 引用の ことばも 一部 合わせます。,https://www.city.shinjuku.lg.jp/content/000448438.pdf,36ade53c93f48f69ed52c68f21f773a3cb2ec22c42195a113bde941ef1a15c7d,第6条,第6条中「の規定に」を「に」に、「に規定する」を「の規定による」に改め,supported,b2d103d4901d824e341070bca368f731920dc2948d4ed203179a47e653915676
shinjuku-2026-r1-gian-22,easy,content,OB22-E-12,始まる 日は 次の 2つの うち あとの 日です。,https://www.city.shinjuku.lg.jp/content/000448438.pdf,36ade53c93f48f69ed52c68f21f773a3cb2ec22c42195a113bde941ef1a15c7d,附則（施行期日）,地方税法等の一部を改正する法律（令和5年法律第1号）附則第1条第12号に掲げる規定の施行の日又はこの条例の公布の日のいずれか遅い日から施行する,supported,b2d103d4901d824e341070bca368f731920dc2948d4ed203179a47e653915676
shinjuku-2026-r1-gian-22,easy,content,OB22-E-13,地方税法等の 一部を 改正する 法律の 決めた 日,https://www.city.shinjuku.lg.jp/content/000448438.pdf,36ade53c93f48f69ed52c68f21f773a3cb2ec22c42195a113bde941ef1a15c7d,附則（施行期日）,地方税法等の一部を改正する法律（令和5年法律第1号）附則第1条第12号に掲げる規定の施行の日又はこの条例の公布の日のいずれか遅い日から施行する,supported,b2d103d4901d824e341070bca368f731920dc2948d4ed203179a47e653915676
shinjuku-2026-r1-gian-22,easy,content,OB22-E-14,この 条例を 公布する 日,https://www.city.shinjuku.lg.jp/content/000448438.pdf,36ade53c93f48f69ed52c68f21f773a3cb2ec22c42195a113bde941ef1a15c7d,附則（施行期日）,地方税法等の一部を改正する法律（令和5年法律第1号）附則第1条第12号に掲げる規定の施行の日又はこの条例の公布の日のいずれか遅い日から施行する,supported,b2d103d4901d824e341070bca368f731920dc2948d4ed203179a47e653915676
shinjuku-2026-r1-gian-22,easy,content,OB22-E-15,この 日より 前に した 公示送達は これまでの 決まりの ままです。,https://www.city.shinjuku.lg.jp/content/000448438.pdf,36ade53c93f48f69ed52c68f21f773a3cb2ec22c42195a113bde941ef1a15c7d,附則（経過措置）,この条例による改正後の第6条の規定は、この条例の施行の日以後にする公示送達について適用し、同日前にした公示送達については、なお従前の例による,supported,b2d103d4901d824e341070bca368f731920dc2948d4ed203179a47e653915676
shinjuku-2026-r1-gian-22,easy,content,OB22-E-16,【原案可決】［げんあんかけつ］（＝出した 通りの 内容で 決まること）です。,https://www.city.shinjuku.lg.jp/kusei/soumu01_002090_00015.html,7c2b6f68db1b433b860b35d176b4dd9211e78582ec9de718fcfefe68b22d896a,審議状況（議決結果ページ）,第22号議案新宿区後期高齢者医療に関する条例の一部を改正する条例原案可決,supported,b2d103d4901d824e341070bca368f731920dc2948d4ed203179a47e653915676
shinjuku-2026-r1-gian-22,easy,content,OB22-E-17,2026年（令和8年）の 第1回定例会で 決まりました。,https://www.city.shinjuku.lg.jp/content/000452334.pdf,22ba4f49b18c96bd1fa26241606257c05477f38e25ac46d6f8e4f416a2cedbf2,審議状況（会期）,令和８年第１回定例会…２月１７日～３月２４日,supported,b2d103d4901d824e341070bca368f731920dc2948d4ed203179a47e653915676
shinjuku-2026-r1-gian-22,easy,content,OB22-E-18,会期は 2026年2月17日（火）から 3月24日（火）まででした。,https://www.city.shinjuku.lg.jp/content/000452334.pdf,22ba4f49b18c96bd1fa26241606257c05477f38e25ac46d6f8e4f416a2cedbf2,審議状況（会期）,令和８年第１回定例会…２月１７日～３月２４日,supported,b2d103d4901d824e341070bca368f731920dc2948d4ed203179a47e653915676
shinjuku-2026-r1-gian-22,easy,content,OB22-E-19,本会議で 決まった 日は 3月24日（火）です。,https://ssp.kaigiroku.net/tenant/shinjuku/MinuteView.html?council_id=3163&schedule_id=5&minute_id=1,bd058d36962b45d8d965e4625bb95ecd661a102a026175213f37ba9eb575424a,審議状況（本会議 3月24日 議長）,令和８年第１回定例会会議録（第４日）第４号令和８年３月２４日（火曜日）,supported,b2d103d4901d824e341070bca368f731920dc2948d4ed203179a47e653915676
shinjuku-2026-r1-gian-22,easy,content,OB22-E-20,ほかの 議案と まとめて 議題に なりました。,https://ssp.kaigiroku.net/tenant/shinjuku/MinuteView.html?council_id=3163&schedule_id=5&minute_id=36,f62d307ff988f42948ccd94da46c0327db63fb482871dca75b795822252a699f,審議状況（本会議 3月24日 議長）,日程第12から日程第14までを一括議題とします,supported,b2d103d4901d824e341070bca368f731920dc2948d4ed203179a47e653915676
shinjuku-2026-r1-gian-22,easy,content,OB22-E-21,福祉健康委員会の 審査報告書は 可決でした。,https://ssp.kaigiroku.net/tenant/shinjuku/MinuteView.html?council_id=3163&schedule_id=5&minute_id=40,7d01ce713a25eb3f8315ffb309af33adbc4eab16b69bdc1bed2d2bb3f38ab881,審議状況（本会議 3月24日 議長）,福祉健康委員会審査報告書は、可決です,supported,b2d103d4901d824e341070bca368f731920dc2948d4ed203179a47e653915676
shinjuku-2026-r1-gian-22,easy,content,OB22-E-22,議長が 異議が ないか たずねました。,https://ssp.kaigiroku.net/tenant/shinjuku/MinuteView.html?council_id=3163&schedule_id=5&minute_id=40,7d01ce713a25eb3f8315ffb309af33adbc4eab16b69bdc1bed2d2bb3f38ab881,審議状況（本会議 3月24日 議長）,福祉健康委員会審査報告書は、可決です,supported,b2d103d4901d824e341070bca368f731920dc2948d4ed203179a47e653915676
shinjuku-2026-r1-gian-22,easy,content,OB22-E-23,異議なしと 認められて 可決しました。,https://ssp.kaigiroku.net/tenant/shinjuku/MinuteView.html?council_id=3163&schedule_id=5&minute_id=41,970914f9ce4a28e423e8480a3d4ce175afafafeebd92448698df42d97cb2ec1d,審議状況（本会議 3月24日 議長）,異議なしと認めます…本案は、いずれも委員会審査報告のとおり可決されました,supported,b2d103d4901d824e341070bca368f731920dc2948d4ed203179a47e653915676
shinjuku-2026-r1-gian-22,easy,content,OB22-E-24,賛成したのは ８つの 会派 すべてです。,https://www.city.shinjuku.lg.jp/content/000452334.pdf,22ba4f49b18c96bd1fa26241606257c05477f38e25ac46d6f8e4f416a2cedbf2,審議状況（議案の概要と審議結果の採決結果行）,電磁的記録による公示送達の方法を定め…る。○○○○○○○○可決,supported,b2d103d4901d824e341070bca368f731920dc2948d4ed203179a47e653915676
shinjuku-2026-r1-gian-22,normal,title,OB22-NT-01,見出し: 公示送達の方法に、電磁的記録による方法を追加,https://www.city.shinjuku.lg.jp/content/000447774.pdf,1dc3eaffcafb1b1c9e139e823182dc80dc0755624813ca87d8b274d15f5b6624,第22号議案,地方税法の改正等に合わせ、現行の門前掲示場への掲示によ…公示送達の方法に加え、電磁的記録による公示送達の方法を…定める,supported,13ab6635e62c35191b2974dc7e5084da954a122394078bb5de1ce9ecb4b347e6
shinjuku-2026-r1-gian-22,normal,summary,OB22-NS-01,要約: 現行の門前掲示場への掲示による公示送達の方法に加え、電磁的記録による公示送達の方法を定める条例改正です。,https://www.city.shinjuku.lg.jp/content/000447774.pdf,1dc3eaffcafb1b1c9e139e823182dc80dc0755624813ca87d8b274d15f5b6624,第22号議案,地方税法の改正等に合わせ、現行の門前掲示場への掲示によ…公示送達の方法に加え、電磁的記録による公示送達の方法を…定める,supported,13ab6635e62c35191b2974dc7e5084da954a122394078bb5de1ce9ecb4b347e6
shinjuku-2026-r1-gian-22,normal,summary,OB22-NS-02,要約: 施行日は、地方税法等の一部を改正する法律附則第1条第12号に掲げる規定の施行の日または公布の日のいずれか遅い日です。,https://www.city.shinjuku.lg.jp/content/000447774.pdf,1dc3eaffcafb1b1c9e139e823182dc80dc0755624813ca87d8b274d15f5b6624,第22号議案［施行日］,地方税法等の一部を改正する法律附則第1条第12号に掲げる規定の施行の日又はこの条例の公布の日のいずれか遅い日,supported,13ab6635e62c35191b2974dc7e5084da954a122394078bb5de1ce9ecb4b347e6
shinjuku-2026-r1-gian-22,normal,content,OB22-N-01,新宿区後期高齢者医療に関する条例（平成20年新宿区条例第20号）の改正です。,https://www.city.shinjuku.lg.jp/content/000448438.pdf,36ade53c93f48f69ed52c68f21f773a3cb2ec22c42195a113bde941ef1a15c7d,改め文,新宿区後期高齢者医療に関する条例（平成20年新宿区条例第20号）の一部を次のように改正する,supported,13ab6635e62c35191b2974dc7e5084da954a122394078bb5de1ce9ecb4b347e6
shinjuku-2026-r1-gian-22,normal,content,OB22-N-02,第6条が定める公示送達の方法に、電磁的記録による方法を加える内容です。,https://www.city.shinjuku.lg.jp/content/000447774.pdf,1dc3eaffcafb1b1c9e139e823182dc80dc0755624813ca87d8b274d15f5b6624,第22号議案,地方税法の改正等に合わせ、現行の門前掲示場への掲示によ…公示送達の方法に加え、電磁的記録による公示送達の方法を…定める,supported,13ab6635e62c35191b2974dc7e5084da954a122394078bb5de1ce9ecb4b347e6
shinjuku-2026-r1-gian-22,normal,content,OB22-N-03,地方税法の改正等に合わせ、現行の門前掲示場への掲示による公示送達の方法に加え、電磁的記録による公示送達の方法を定める。,https://www.city.shinjuku.lg.jp/content/000447774.pdf,1dc3eaffcafb1b1c9e139e823182dc80dc0755624813ca87d8b274d15f5b6624,第22号議案,地方税法の改正等に合わせ、現行の門前掲示場への掲示によ…公示送達の方法に加え、電磁的記録による公示送達の方法を…定める,supported,13ab6635e62c35191b2974dc7e5084da954a122394078bb5de1ce9ecb4b347e6
shinjuku-2026-r1-gian-22,normal,content,OB22-N-04,議案本文の提案理由は、地方税法等の一部を改正する法律（令和5年法律第1号）の一部の施行による地方税法（昭和25年法律第226号）の改正等に合わせる、としています。,https://www.city.shinjuku.lg.jp/content/000448438.pdf,36ade53c93f48f69ed52c68f21f773a3cb2ec22c42195a113bde941ef1a15c7d,（提案理由）,地方税法等の一部を改正する法律（令和5年法律第1号）の一部の施行による地方税法（昭和25年法律第226号）の改正等に合わせ、電磁的記録による公示送達の方法を新たに定める必要があるため,supported,13ab6635e62c35191b2974dc7e5084da954a122394078bb5de1ce9ecb4b347e6
shinjuku-2026-r1-gian-22,normal,content,OB22-N-05,公示事項（同条第2項に規定する公示事項）を、地方税法施行規則第1条の8第1項に規定する方法の例により、不特定多数の者が閲覧することができる状態に置く措置をとること,https://www.city.shinjuku.lg.jp/content/000448438.pdf,36ade53c93f48f69ed52c68f21f773a3cb2ec22c42195a113bde941ef1a15c7d,第6条,公示事項（同条第2項に規定する公示事項をいう。以下同じ。）を地方税法施行規則（昭和29年総理府令第23号）第1条の8第1項に規定する方法の例により不特定多数の者が閲覧することができる状態に置く措置をとるとともに、公示事項が記載された書面を,supported,13ab6635e62c35191b2974dc7e5084da954a122394078bb5de1ce9ecb4b347e6
shinjuku-2026-r1-gian-22,normal,content,OB22-N-06,公示事項が記載された書面を門前掲示場に掲示するか、公示事項を区の事務所に設置した電子計算機の映像面に表示したものの閲覧をすることができる状態に置く措置をとること,https://www.city.shinjuku.lg.jp/content/000448438.pdf,36ade53c93f48f69ed52c68f21f773a3cb2ec22c42195a113bde941ef1a15c7d,第6条,「規定の例により行う」を「門前掲示場に掲示し、又は公示事項を区の事務所に設置した電子計算機の映像面に表示したものの閲覧をすることができる状態に置く措置をとることによってする」に改める,supported,13ab6635e62c35191b2974dc7e5084da954a122394078bb5de1ce9ecb4b347e6
shinjuku-2026-r1-gian-22,normal,content,OB22-N-07,あわせて、引用部分の文言（「の規定に」を「に」に、「に規定する」を「の規定による」に）が改められます。,https://www.city.shinjuku.lg.jp/content/000448438.pdf,36ade53c93f48f69ed52c68f21f773a3cb2ec22c42195a113bde941ef1a15c7d,第6条,第6条中「の規定に」を「に」に、「に規定する」を「の規定による」に改め,supported,13ab6635e62c35191b2974dc7e5084da954a122394078bb5de1ce9ecb4b347e6
shinjuku-2026-r1-gian-22,normal,content,OB22-N-08,次の2つの日のうち、いずれか遅い日から施行されます。,https://www.city.shinjuku.lg.jp/content/000448438.pdf,36ade53c93f48f69ed52c68f21f773a3cb2ec22c42195a113bde941ef1a15c7d,附則（施行期日）,地方税法等の一部を改正する法律（令和5年法律第1号）附則第1条第12号に掲げる規定の施行の日又はこの条例の公布の日のいずれか遅い日から施行する,supported,13ab6635e62c35191b2974dc7e5084da954a122394078bb5de1ce9ecb4b347e6
shinjuku-2026-r1-gian-22,normal,content,OB22-N-09,地方税法等の一部を改正する法律（令和5年法律第1号）附則第1条第12号に掲げる規定の施行の日,https://www.city.shinjuku.lg.jp/content/000448438.pdf,36ade53c93f48f69ed52c68f21f773a3cb2ec22c42195a113bde941ef1a15c7d,附則（施行期日）,地方税法等の一部を改正する法律（令和5年法律第1号）附則第1条第12号に掲げる規定の施行の日又はこの条例の公布の日のいずれか遅い日から施行する,supported,13ab6635e62c35191b2974dc7e5084da954a122394078bb5de1ce9ecb4b347e6
shinjuku-2026-r1-gian-22,normal,content,OB22-N-10,この条例の公布の日,https://www.city.shinjuku.lg.jp/content/000448438.pdf,36ade53c93f48f69ed52c68f21f773a3cb2ec22c42195a113bde941ef1a15c7d,附則（施行期日）,地方税法等の一部を改正する法律（令和5年法律第1号）附則第1条第12号に掲げる規定の施行の日又はこの条例の公布の日のいずれか遅い日から施行する,supported,13ab6635e62c35191b2974dc7e5084da954a122394078bb5de1ce9ecb4b347e6
shinjuku-2026-r1-gian-22,normal,content,OB22-N-11,改正後の第6条は、施行日以後にする公示送達に適用され、施行日前にした公示送達については、なお従前の例によります。,https://www.city.shinjuku.lg.jp/content/000448438.pdf,36ade53c93f48f69ed52c68f21f773a3cb2ec22c42195a113bde941ef1a15c7d,附則（経過措置）,この条例による改正後の第6条の規定は、この条例の施行の日以後にする公示送達について適用し、同日前にした公示送達については、なお従前の例による,supported,13ab6635e62c35191b2974dc7e5084da954a122394078bb5de1ce9ecb4b347e6
shinjuku-2026-r1-gian-22,normal,content,OB22-N-12,令和8年第1回定例会（会期は2月17日から3月24日まで）で審議されました。,https://www.city.shinjuku.lg.jp/content/000452334.pdf,22ba4f49b18c96bd1fa26241606257c05477f38e25ac46d6f8e4f416a2cedbf2,審議状況（会期）,令和８年第１回定例会…２月１７日～３月２４日,supported,13ab6635e62c35191b2974dc7e5084da954a122394078bb5de1ce9ecb4b347e6
shinjuku-2026-r1-gian-22,normal,content,OB22-N-13,本会議は第4日にあたる3月24日（火曜日）でした。,https://ssp.kaigiroku.net/tenant/shinjuku/MinuteView.html?council_id=3163&schedule_id=5&minute_id=1,bd058d36962b45d8d965e4625bb95ecd661a102a026175213f37ba9eb575424a,審議状況（本会議 3月24日 議長）,令和８年第１回定例会会議録（第４日）第４号令和８年３月２４日（火曜日）,supported,13ab6635e62c35191b2974dc7e5084da954a122394078bb5de1ce9ecb4b347e6
shinjuku-2026-r1-gian-22,normal,content,OB22-N-14,日程第12から日程第14までの議案とあわせて、一括して議題となりました。,https://ssp.kaigiroku.net/tenant/shinjuku/MinuteView.html?council_id=3163&schedule_id=5&minute_id=36,f62d307ff988f42948ccd94da46c0327db63fb482871dca75b795822252a699f,審議状況（本会議 3月24日 議長）,日程第12から日程第14までを一括議題とします,supported,13ab6635e62c35191b2974dc7e5084da954a122394078bb5de1ce9ecb4b347e6
shinjuku-2026-r1-gian-22,normal,content,OB22-N-15,福祉健康委員会の審査報告書は「可決」でした。,https://ssp.kaigiroku.net/tenant/shinjuku/MinuteView.html?council_id=3163&schedule_id=5&minute_id=40,7d01ce713a25eb3f8315ffb309af33adbc4eab16b69bdc1bed2d2bb3f38ab881,審議状況（本会議 3月24日 議長）,福祉健康委員会審査報告書は、可決です,supported,13ab6635e62c35191b2974dc7e5084da954a122394078bb5de1ce9ecb4b347e6
shinjuku-2026-r1-gian-22,normal,content,OB22-N-16,本会議は、異議なしと認めて、委員会審査報告のとおり可決しました。,https://ssp.kaigiroku.net/tenant/shinjuku/MinuteView.html?council_id=3163&schedule_id=5&minute_id=41,970914f9ce4a28e423e8480a3d4ce175afafafeebd92448698df42d97cb2ec1d,審議状況（本会議 3月24日 議長）,異議なしと認めます…本案は、いずれも委員会審査報告のとおり可決されました,supported,13ab6635e62c35191b2974dc7e5084da954a122394078bb5de1ce9ecb4b347e6
shinjuku-2026-r1-gian-22,normal,content,OB22-N-17,議決結果ページの記載は「原案可決」です。,https://www.city.shinjuku.lg.jp/kusei/soumu01_002090_00015.html,7c2b6f68db1b433b860b35d176b4dd9211e78582ec9de718fcfefe68b22d896a,審議状況（議決結果ページ）,第22号議案新宿区後期高齢者医療に関する条例の一部を改正する条例原案可決,supported,13ab6635e62c35191b2974dc7e5084da954a122394078bb5de1ce9ecb4b347e6
shinjuku-2026-r1-gian-22,normal,content,OB22-N-18,「議案の概要と審議結果」の採決結果行では、8会派すべてが賛成（○）でした。,https://www.city.shinjuku.lg.jp/content/000452334.pdf,22ba4f49b18c96bd1fa26241606257c05477f38e25ac46d6f8e4f416a2cedbf2,審議状況（議案の概要と審議結果の採決結果行）,電磁的記録による公示送達の方法を定め…る。○○○○○○○○可決,supported,13ab6635e62c35191b2974dc7e5084da954a122394078bb5de1ce9ecb4b347e6
shinjuku-2026-r1-gian-22,hard,title,OB22-HT-01,見出し: 第22号議案 新宿区後期高齢者医療に関する条例の一部を改正する条例,https://www.city.shinjuku.lg.jp/content/000448438.pdf,36ade53c93f48f69ed52c68f21f773a3cb2ec22c42195a113bde941ef1a15c7d,件名,新宿区後期高齢者医療に関する条例の一部を改正する条例,supported,a6d04bc64f888dd29017318ba1d566f88db95af6679cc13291cac8816b360c65
shinjuku-2026-r1-gian-22,hard,summary,OB22-HS-01,要約: 平成20年新宿区条例第20号について、第6条の公示送達の方法に電磁的記録による方法を加える改正。,https://www.city.shinjuku.lg.jp/content/000448438.pdf,36ade53c93f48f69ed52c68f21f773a3cb2ec22c42195a113bde941ef1a15c7d,第6条,公示事項（同条第2項に規定する公示事項をいう。以下同じ。）を地方税法施行規則（昭和29年総理府令第23号）第1条の8第1項に規定する方法の例により不特定多数の者が閲覧することができる状態に置く措置をとるとともに、公示事項が記載された書面を,supported,a6d04bc64f888dd29017318ba1d566f88db95af6679cc13291cac8816b360c65
shinjuku-2026-r1-gian-22,hard,summary,OB22-HS-02,要約: 施行日は、地方税法等の一部を改正する法律附則第1条第12号に掲げる規定の施行の日または公布の日のいずれか遅い日。,https://www.city.shinjuku.lg.jp/content/000448438.pdf,36ade53c93f48f69ed52c68f21f773a3cb2ec22c42195a113bde941ef1a15c7d,附則（施行期日）,地方税法等の一部を改正する法律（令和5年法律第1号）附則第1条第12号に掲げる規定の施行の日又はこの条例の公布の日のいずれか遅い日から施行する,supported,a6d04bc64f888dd29017318ba1d566f88db95af6679cc13291cac8816b360c65
shinjuku-2026-r1-gian-22,hard,content,OB22-H-01,提出日: 令和8年2月17日,https://www.city.shinjuku.lg.jp/content/000448438.pdf,36ade53c93f48f69ed52c68f21f773a3cb2ec22c42195a113bde941ef1a15c7d,提出日・提出者,令和８年２月１７日…新宿区長…吉住…健一,supported,a6d04bc64f888dd29017318ba1d566f88db95af6679cc13291cac8816b360c65
shinjuku-2026-r1-gian-22,hard,content,OB22-H-02,提出者: 新宿区長 吉住健一,https://www.city.shinjuku.lg.jp/content/000448438.pdf,36ade53c93f48f69ed52c68f21f773a3cb2ec22c42195a113bde941ef1a15c7d,提出日・提出者,令和８年２月１７日…新宿区長…吉住…健一,supported,a6d04bc64f888dd29017318ba1d566f88db95af6679cc13291cac8816b360c65
shinjuku-2026-r1-gian-22,hard,content,OB22-H-03,対象条例: 新宿区後期高齢者医療に関する条例（平成20年新宿区条例第20号）,https://www.city.shinjuku.lg.jp/content/000448438.pdf,36ade53c93f48f69ed52c68f21f773a3cb2ec22c42195a113bde941ef1a15c7d,件名,新宿区後期高齢者医療に関する条例の一部を改正する条例,supported,a6d04bc64f888dd29017318ba1d566f88db95af6679cc13291cac8816b360c65
shinjuku-2026-r1-gian-22,hard,content,OB22-H-04,議決: 原案可決（議決結果ページの記載）,https://www.city.shinjuku.lg.jp/kusei/soumu01_002090_00015.html,7c2b6f68db1b433b860b35d176b4dd9211e78582ec9de718fcfefe68b22d896a,審議状況（議決結果ページ）,第22号議案新宿区後期高齢者医療に関する条例の一部を改正する条例原案可決,supported,a6d04bc64f888dd29017318ba1d566f88db95af6679cc13291cac8816b360c65
shinjuku-2026-r1-gian-22,hard,content,OB22-H-05,本会議: 令和8年3月24日（火曜日）、会議録 第4日第4号,https://ssp.kaigiroku.net/tenant/shinjuku/MinuteView.html?council_id=3163&schedule_id=5&minute_id=1,bd058d36962b45d8d965e4625bb95ecd661a102a026175213f37ba9eb575424a,審議状況（本会議 3月24日 議長）,令和８年第１回定例会会議録（第４日）第４号令和８年３月２４日（火曜日）,supported,a6d04bc64f888dd29017318ba1d566f88db95af6679cc13291cac8816b360c65
shinjuku-2026-r1-gian-22,hard,content,OB22-H-06,議題: 日程第12から日程第14までを一括して議題とした,https://ssp.kaigiroku.net/tenant/shinjuku/MinuteView.html?council_id=3163&schedule_id=5&minute_id=36,f62d307ff988f42948ccd94da46c0327db63fb482871dca75b795822252a699f,審議状況（本会議 3月24日 議長）,日程第12から日程第14までを一括議題とします,supported,a6d04bc64f888dd29017318ba1d566f88db95af6679cc13291cac8816b360c65
shinjuku-2026-r1-gian-22,hard,content,OB22-H-07,会議録: 第22号議案の議題朗読が記載されている,https://ssp.kaigiroku.net/tenant/shinjuku/MinuteView.html?council_id=3163&schedule_id=5&minute_id=37,7e826e290316fb276d6716bf3cb550546d72b2774b77690d710184cb91d6f425,審議状況（本会議 3月24日 議長）,第22号議案新宿区後期高齢者医療に関する条例の一部を改正する条例,supported,a6d04bc64f888dd29017318ba1d566f88db95af6679cc13291cac8816b360c65
shinjuku-2026-r1-gian-22,hard,content,OB22-H-08,委員会審査報告: 福祉健康委員会の審査報告書は可決,https://ssp.kaigiroku.net/tenant/shinjuku/MinuteView.html?council_id=3163&schedule_id=5&minute_id=40,7d01ce713a25eb3f8315ffb309af33adbc4eab16b69bdc1bed2d2bb3f38ab881,審議状況（本会議 3月24日 議長）,福祉健康委員会審査報告書は、可決です,supported,a6d04bc64f888dd29017318ba1d566f88db95af6679cc13291cac8816b360c65
shinjuku-2026-r1-gian-22,hard,content,OB22-H-09,採決方法: 異議なし,https://ssp.kaigiroku.net/tenant/shinjuku/MinuteView.html?council_id=3163&schedule_id=5&minute_id=41,970914f9ce4a28e423e8480a3d4ce175afafafeebd92448698df42d97cb2ec1d,審議状況（本会議 3月24日 議長）,異議なしと認めます…本案は、いずれも委員会審査報告のとおり可決されました,supported,a6d04bc64f888dd29017318ba1d566f88db95af6679cc13291cac8816b360c65
shinjuku-2026-r1-gian-22,hard,content,OB22-H-10,会派別の賛否: 全8会派が賛成（採決結果行は ○○○○○○○○）,https://www.city.shinjuku.lg.jp/content/000452334.pdf,22ba4f49b18c96bd1fa26241606257c05477f38e25ac46d6f8e4f416a2cedbf2,審議状況（議案の概要と審議結果の採決結果行）,電磁的記録による公示送達の方法を定め…る。○○○○○○○○可決,supported,a6d04bc64f888dd29017318ba1d566f88db95af6679cc13291cac8816b360c65
shinjuku-2026-r1-gian-22,hard,content,OB22-H-11,会派: 自民・参政クラブ、新宿区議会公明党、日本共産党新宿区議会議員団、新宿未来の会、立憲民主党・無所属クラブ、日本維新の会・新宿区議団、現役世代に優しい新宿・減税の会、れいわ新選組 新宿,https://www.city.shinjuku.lg.jp/content/000452334.pdf,22ba4f49b18c96bd1fa26241606257c05477f38e25ac46d6f8e4f416a2cedbf2,会派略称・列の並び,共産＝日本共産党新宿区議会議員団…れいわ＝れいわ新選組 新宿…自参ク＝自民・参政クラブ…公明＝新宿区議会公明党…新宿会＝新宿未来の会…民無ク＝立憲民主党・無所属クラブ…維新＝日本維新の会・新宿区議団…現役＝現役世代に優しい新宿・減税の会,supported,a6d04bc64f888dd29017318ba1d566f88db95af6679cc13291cac8816b360c65
shinjuku-2026-r1-gian-22,hard,content,OB22-H-12,地方税法等の一部を改正する法律（令和5年法律第1号）の一部の施行による地方税法（昭和25年法律第226号）の改正等に合わせ、電磁的記録による公示送達の方法を新たに定める必要があるため,https://www.city.shinjuku.lg.jp/content/000448438.pdf,36ade53c93f48f69ed52c68f21f773a3cb2ec22c42195a113bde941ef1a15c7d,（提案理由）,地方税法等の一部を改正する法律（令和5年法律第1号）の一部の施行による地方税法（昭和25年法律第226号）の改正等に合わせ、電磁的記録による公示送達の方法を新たに定める必要があるため,supported,a6d04bc64f888dd29017318ba1d566f88db95af6679cc13291cac8816b360c65
shinjuku-2026-r1-gian-22,hard,content,OB22-H-13,第6条 / 「の規定に」を「に」に、「に規定する」を「の規定による」に改める,https://www.city.shinjuku.lg.jp/content/000448438.pdf,36ade53c93f48f69ed52c68f21f773a3cb2ec22c42195a113bde941ef1a15c7d,第6条,第6条中「の規定に」を「に」に、「に規定する」を「の規定による」に改め,supported,a6d04bc64f888dd29017318ba1d566f88db95af6679cc13291cac8816b360c65
shinjuku-2026-r1-gian-22,hard,content,OB22-H-14,第6条 / 「公示送達は、」の次に、公示事項（同条第2項に規定する公示事項をいう。以下同じ。）を地方税法施行規則（昭和29年総理府令第23号）第1条の8第1項に規定する方法の例により不特定多数の者が閲覧することができる状態に置く措置をとるとともに、公示事項が記載された書面を、を加える,https://www.city.shinjuku.lg.jp/content/000448438.pdf,36ade53c93f48f69ed52c68f21f773a3cb2ec22c42195a113bde941ef1a15c7d,第6条,公示事項（同条第2項に規定する公示事項をいう。以下同じ。）を地方税法施行規則（昭和29年総理府令第23号）第1条の8第1項に規定する方法の例により不特定多数の者が閲覧することができる状態に置く措置をとるとともに、公示事項が記載された書面を,supported,a6d04bc64f888dd29017318ba1d566f88db95af6679cc13291cac8816b360c65
shinjuku-2026-r1-gian-22,hard,content,OB22-H-15,第6条 / 「規定の例により行う」を「門前掲示場に掲示し、又は公示事項を区の事務所に設置した電子計算機の映像面に表示したものの閲覧をすることができる状態に置く措置をとることによってする」に改める,https://www.city.shinjuku.lg.jp/content/000448438.pdf,36ade53c93f48f69ed52c68f21f773a3cb2ec22c42195a113bde941ef1a15c7d,第6条,「規定の例により行う」を「門前掲示場に掲示し、又は公示事項を区の事務所に設置した電子計算機の映像面に表示したものの閲覧をすることができる状態に置く措置をとることによってする」に改める,supported,a6d04bc64f888dd29017318ba1d566f88db95af6679cc13291cac8816b360c65
shinjuku-2026-r1-gian-22,hard,content,OB22-H-16,地方税法の改正等に合わせ、現行の門前掲示場への掲示による公示送達の方法に加え、電磁的記録による公示送達の方法を定める。,https://www.city.shinjuku.lg.jp/content/000447774.pdf,1dc3eaffcafb1b1c9e139e823182dc80dc0755624813ca87d8b274d15f5b6624,第22号議案,地方税法の改正等に合わせ、現行の門前掲示場への掲示によ…公示送達の方法に加え、電磁的記録による公示送達の方法を…定める,supported,a6d04bc64f888dd29017318ba1d566f88db95af6679cc13291cac8816b360c65
shinjuku-2026-r1-gian-22,hard,content,OB22-H-17,地方税法等の一部を改正する法律附則第1条第12号に掲げる規定の施行の日又はこの条例の公布の日のいずれか遅い日,https://www.city.shinjuku.lg.jp/content/000447774.pdf,1dc3eaffcafb1b1c9e139e823182dc80dc0755624813ca87d8b274d15f5b6624,第22号議案［施行日］,地方税法等の一部を改正する法律附則第1条第12号に掲げる規定の施行の日又はこの条例の公布の日のいずれか遅い日,supported,a6d04bc64f888dd29017318ba1d566f88db95af6679cc13291cac8816b360c65
shinjuku-2026-r1-gian-22,hard,content,OB22-H-18,「議案の概要と審議結果」も同旨の概要を記載している。,https://www.city.shinjuku.lg.jp/content/000452334.pdf,22ba4f49b18c96bd1fa26241606257c05477f38e25ac46d6f8e4f416a2cedbf2,第22号議案（議案の概要）,『地方税法』の改正等に合わせ、現行の門前掲示場への掲示による公示送達の方法に加え、電磁的記録による公示送達の方法を定め…る,supported,a6d04bc64f888dd29017318ba1d566f88db95af6679cc13291cac8816b360c65
shinjuku-2026-r1-gian-22,hard,content,OB22-H-19,この条例は、地方税法等の一部を改正する法律（令和5年法律第1号）附則第1条第12号に掲げる規定の施行の日又はこの条例の公布の日のいずれか遅い日から施行する。,https://www.city.shinjuku.lg.jp/content/000448438.pdf,36ade53c93f48f69ed52c68f21f773a3cb2ec22c42195a113bde941ef1a15c7d,附則（施行期日）,地方税法等の一部を改正する法律（令和5年法律第1号）附則第1条第12号に掲げる規定の施行の日又はこの条例の公布の日のいずれか遅い日から施行する,supported,a6d04bc64f888dd29017318ba1d566f88db95af6679cc13291cac8816b360c65
shinjuku-2026-r1-gian-22,hard,content,OB22-H-20,この条例による改正後の第6条の規定は、この条例の施行の日以後にする公示送達について適用し、同日前にした公示送達については、なお従前の例による。,https://www.city.shinjuku.lg.jp/content/000448438.pdf,36ade53c93f48f69ed52c68f21f773a3cb2ec22c42195a113bde941ef1a15c7d,附則（経過措置）,この条例による改正後の第6条の規定は、この条例の施行の日以後にする公示送達について適用し、同日前にした公示送達については、なお従前の例による,supported,a6d04bc64f888dd29017318ba1d566f88db95af6679cc13291cac8816b360c65
shinjuku-2026-r1-gian-22,hard,content,OB22-H-21,第22号議案 全文 / https://www.city.shinjuku.lg.jp/content/000448438.pdf / 36ade53c93f48f69ed52c68f21f773a3cb2ec22c42195a113bde941ef1a15c7d,https://www.city.shinjuku.lg.jp/content/000448438.pdf,36ade53c93f48f69ed52c68f21f773a3cb2ec22c42195a113bde941ef1a15c7d,件名,新宿区後期高齢者医療に関する条例の一部を改正する条例,supported,a6d04bc64f888dd29017318ba1d566f88db95af6679cc13291cac8816b360c65
shinjuku-2026-r1-gian-22,hard,content,OB22-H-22,提出案件概要（条例関係） / https://www.city.shinjuku.lg.jp/content/000447774.pdf / 1dc3eaffcafb1b1c9e139e823182dc80dc0755624813ca87d8b274d15f5b6624,https://www.city.shinjuku.lg.jp/content/000447774.pdf,1dc3eaffcafb1b1c9e139e823182dc80dc0755624813ca87d8b274d15f5b6624,提出案件概要（条例関係）,第1回区議会定例会提出案件概要…（条例関係）,supported,a6d04bc64f888dd29017318ba1d566f88db95af6679cc13291cac8816b360c65
shinjuku-2026-r1-gian-22,hard,content,OB22-H-23,議案の概要と審議結果 / https://www.city.shinjuku.lg.jp/content/000452334.pdf / 22ba4f49b18c96bd1fa26241606257c05477f38e25ac46d6f8e4f416a2cedbf2,https://www.city.shinjuku.lg.jp/content/000452334.pdf,22ba4f49b18c96bd1fa26241606257c05477f38e25ac46d6f8e4f416a2cedbf2,議案の概要と審議結果,議案の概要と審議結果,supported,a6d04bc64f888dd29017318ba1d566f88db95af6679cc13291cac8816b360c65
shinjuku-2026-r1-gian-22,hard,content,OB22-H-24,議決結果ページ（2026-10-04 取得） / https://www.city.shinjuku.lg.jp/kusei/soumu01_002090_00015.html / 7c2b6f68db1b433b860b35d176b4dd9211e78582ec9de718fcfefe68b22d896a,https://www.city.shinjuku.lg.jp/kusei/soumu01_002090_00015.html,7c2b6f68db1b433b860b35d176b4dd9211e78582ec9de718fcfefe68b22d896a,審議状況（議決結果ページ）,第22号議案新宿区後期高齢者医療に関する条例の一部を改正する条例原案可決,supported,a6d04bc64f888dd29017318ba1d566f88db95af6679cc13291cac8816b360c65
shinjuku-2026-r1-gian-22,hard,content,OB22-H-25,会議録 3月24日 議長（委員会審査報告） / https://ssp.kaigiroku.net/tenant/shinjuku/MinuteView.html?council_id=3163&schedule_id=5&minute_id=40 / 7d01ce713a25eb3f8315ffb309af33adbc4eab16b69bdc1bed2d2bb3f38ab881,https://ssp.kaigiroku.net/tenant/shinjuku/MinuteView.html?council_id=3163&schedule_id=5&minute_id=40,7d01ce713a25eb3f8315ffb309af33adbc4eab16b69bdc1bed2d2bb3f38ab881,審議状況（本会議 3月24日 議長）,福祉健康委員会審査報告書は、可決です,supported,a6d04bc64f888dd29017318ba1d566f88db95af6679cc13291cac8816b360c65
shinjuku-2026-r1-gian-22,hard,content,OB22-H-26,会議録 3月24日 議長（採決） / https://ssp.kaigiroku.net/tenant/shinjuku/MinuteView.html?council_id=3163&schedule_id=5&minute_id=41 / 970914f9ce4a28e423e8480a3d4ce175afafafeebd92448698df42d97cb2ec1d,https://ssp.kaigiroku.net/tenant/shinjuku/MinuteView.html?council_id=3163&schedule_id=5&minute_id=41,970914f9ce4a28e423e8480a3d4ce175afafafeebd92448698df42d97cb2ec1d,審議状況（本会議 3月24日 議長）,異議なしと認めます…本案は、いずれも委員会審査報告のとおり可決されました,supported,a6d04bc64f888dd29017318ba1d566f88db95af6679cc13291cac8816b360c65
shinjuku-2026-r1-gian-23,easy,title,OB23-ET-01,見出し: がん検診の 特例の 期限を 延ばします,https://www.city.shinjuku.lg.jp/content/000447774.pdf,1dc3eaffcafb1b1c9e139e823182dc80dc0755624813ca87d8b274d15f5b6624,第23号議案,がん検診の利用の促進を図るため、その検診費用を無料とす…る時限的な特例措置を令和9年3月31日まで継続する,supported,4a5b197399801cf0bfb5c966318d1b1c1b10323cbf12e3bf6a23e8bc368f1d39
shinjuku-2026-r1-gian-23,easy,summary,OB23-ES-01,要約: がん検診の 費用を 無料に する 特例を 続けます。,https://www.city.shinjuku.lg.jp/content/000447774.pdf,1dc3eaffcafb1b1c9e139e823182dc80dc0755624813ca87d8b274d15f5b6624,第23号議案,がん検診の利用の促進を図るため、その検診費用を無料とす…る時限的な特例措置を令和9年3月31日まで継続する,supported,4a5b197399801cf0bfb5c966318d1b1c1b10323cbf12e3bf6a23e8bc368f1d39
shinjuku-2026-r1-gian-23,easy,summary,OB23-ES-02,要約: 特例は 2027年（令和9年）3月31日（水）までです。,https://www.city.shinjuku.lg.jp/content/000447774.pdf,1dc3eaffcafb1b1c9e139e823182dc80dc0755624813ca87d8b274d15f5b6624,第23号議案,がん検診の利用の促進を図るため、その検診費用を無料とす…る時限的な特例措置を令和9年3月31日まで継続する,supported,4a5b197399801cf0bfb5c966318d1b1c1b10323cbf12e3bf6a23e8bc368f1d39
shinjuku-2026-r1-gian-23,easy,summary,OB23-ES-03,要約: 2026年（令和8年）4月1日（水）から 始まります。,https://www.city.shinjuku.lg.jp/content/000448439.pdf,21edf8a5015b9c4a8ef453811539e2b8e7d1bd6d22adea5c996f41cedaf85026,附則（施行期日）,この条例は、令和8年4月1日から施行する,supported,4a5b197399801cf0bfb5c966318d1b1c1b10323cbf12e3bf6a23e8bc368f1d39
shinjuku-2026-r1-gian-23,easy,content,OB23-E-01,【新宿区保健事業の利用に係る使用料等を定める条例】［しんじゅくくほけんじぎょうのりようにかかるしようりょうとうをさだめるじょうれい］（＝区の 保健事業の 使用料などの 決まり）を 変えます。,https://www.city.shinjuku.lg.jp/content/000448439.pdf,21edf8a5015b9c4a8ef453811539e2b8e7d1bd6d22adea5c996f41cedaf85026,改め文,新宿区保健事業の利用に係る使用料等を定める条例（平成14年新宿区条例第43号）の一部を次のように改正する,supported,4a5b197399801cf0bfb5c966318d1b1c1b10323cbf12e3bf6a23e8bc368f1d39
shinjuku-2026-r1-gian-23,easy,content,OB23-E-02,対象は 平成14年 新宿区条例 第43号です。,https://www.city.shinjuku.lg.jp/content/000448439.pdf,21edf8a5015b9c4a8ef453811539e2b8e7d1bd6d22adea5c996f41cedaf85026,改め文,新宿区保健事業の利用に係る使用料等を定める条例（平成14年新宿区条例第43号）の一部を次のように改正する,supported,4a5b197399801cf0bfb5c966318d1b1c1b10323cbf12e3bf6a23e8bc368f1d39
shinjuku-2026-r1-gian-23,easy,content,OB23-E-03,区の 資料は がん検診の 利用を すすめる ための 決まりと 説明して います。,https://www.city.shinjuku.lg.jp/content/000447774.pdf,1dc3eaffcafb1b1c9e139e823182dc80dc0755624813ca87d8b274d15f5b6624,第23号議案,がん検診の利用の促進を図るため、その検診費用を無料とす…る時限的な特例措置を令和9年3月31日まで継続する,supported,4a5b197399801cf0bfb5c966318d1b1c1b10323cbf12e3bf6a23e8bc368f1d39
shinjuku-2026-r1-gian-23,easy,content,OB23-E-04,【附則】［ふそく］（＝本文の あとに 付ける 決まり）の 第4項の 日付を 変えます。,https://www.city.shinjuku.lg.jp/content/000448439.pdf,21edf8a5015b9c4a8ef453811539e2b8e7d1bd6d22adea5c996f41cedaf85026,附則第4項,附則第4項中「令和8年3月31日」を「令和9年3月31日」に改める,supported,4a5b197399801cf0bfb5c966318d1b1c1b10323cbf12e3bf6a23e8bc368f1d39
shinjuku-2026-r1-gian-23,easy,content,OB23-E-05,今の 日付: 2026年（令和8年）3月31日（火）,https://www.city.shinjuku.lg.jp/content/000448439.pdf,21edf8a5015b9c4a8ef453811539e2b8e7d1bd6d22adea5c996f41cedaf85026,附則第4項,附則第4項中「令和8年3月31日」を「令和9年3月31日」に改める,supported,4a5b197399801cf0bfb5c966318d1b1c1b10323cbf12e3bf6a23e8bc368f1d39
shinjuku-2026-r1-gian-23,easy,content,OB23-E-06,新しい 日付: 2027年（令和9年）3月31日（水）,https://www.city.shinjuku.lg.jp/content/000448439.pdf,21edf8a5015b9c4a8ef453811539e2b8e7d1bd6d22adea5c996f41cedaf85026,附則第4項,附則第4項中「令和8年3月31日」を「令和9年3月31日」に改める,supported,4a5b197399801cf0bfb5c966318d1b1c1b10323cbf12e3bf6a23e8bc368f1d39
shinjuku-2026-r1-gian-23,easy,content,OB23-E-07,区の 資料に よると がん検診の 費用を 無料に する 特例を 続けます。,https://www.city.shinjuku.lg.jp/content/000447774.pdf,1dc3eaffcafb1b1c9e139e823182dc80dc0755624813ca87d8b274d15f5b6624,第23号議案,がん検診の利用の促進を図るため、その検診費用を無料とす…る時限的な特例措置を令和9年3月31日まで継続する,supported,4a5b197399801cf0bfb5c966318d1b1c1b10323cbf12e3bf6a23e8bc368f1d39
shinjuku-2026-r1-gian-23,easy,content,OB23-E-08,この 特例は 期限の ある 決まりです。,https://www.city.shinjuku.lg.jp/content/000447774.pdf,1dc3eaffcafb1b1c9e139e823182dc80dc0755624813ca87d8b274d15f5b6624,第23号議案,がん検診の利用の促進を図るため、その検診費用を無料とす…る時限的な特例措置を令和9年3月31日まで継続する,supported,4a5b197399801cf0bfb5c966318d1b1c1b10323cbf12e3bf6a23e8bc368f1d39
shinjuku-2026-r1-gian-23,easy,content,OB23-E-09,特例は 2027年（令和9年）3月31日（水）まで 続きます。,https://www.city.shinjuku.lg.jp/content/000447774.pdf,1dc3eaffcafb1b1c9e139e823182dc80dc0755624813ca87d8b274d15f5b6624,第23号議案,がん検診の利用の促進を図るため、その検診費用を無料とす…る時限的な特例措置を令和9年3月31日まで継続する,supported,4a5b197399801cf0bfb5c966318d1b1c1b10323cbf12e3bf6a23e8bc368f1d39
shinjuku-2026-r1-gian-23,easy,content,OB23-E-10,2026年（令和8年）4月1日（水）から 始まります。,https://www.city.shinjuku.lg.jp/content/000448439.pdf,21edf8a5015b9c4a8ef453811539e2b8e7d1bd6d22adea5c996f41cedaf85026,附則（施行期日）,この条例は、令和8年4月1日から施行する,supported,4a5b197399801cf0bfb5c966318d1b1c1b10323cbf12e3bf6a23e8bc368f1d39
shinjuku-2026-r1-gian-23,easy,content,OB23-E-11,【原案可決】［げんあんかけつ］（＝出した 通りの 内容で 決まること）です。,https://www.city.shinjuku.lg.jp/kusei/soumu01_002090_00015.html,7c2b6f68db1b433b860b35d176b4dd9211e78582ec9de718fcfefe68b22d896a,審議状況（議決結果ページ）,第23号議案新宿区保健事業の利用に係る使用料等を定める条例の一部を改正する条例原案可決,supported,4a5b197399801cf0bfb5c966318d1b1c1b10323cbf12e3bf6a23e8bc368f1d39
shinjuku-2026-r1-gian-23,easy,content,OB23-E-12,2026年（令和8年）の 第1回定例会で 決まりました。,https://www.city.shinjuku.lg.jp/content/000452334.pdf,22ba4f49b18c96bd1fa26241606257c05477f38e25ac46d6f8e4f416a2cedbf2,審議状況（会期）,令和８年第１回定例会…２月１７日～３月２４日,supported,4a5b197399801cf0bfb5c966318d1b1c1b10323cbf12e3bf6a23e8bc368f1d39
shinjuku-2026-r1-gian-23,easy,content,OB23-E-13,会期は 2026年2月17日（火）から 3月24日（火）まででした。,https://www.city.shinjuku.lg.jp/content/000452334.pdf,22ba4f49b18c96bd1fa26241606257c05477f38e25ac46d6f8e4f416a2cedbf2,審議状況（会期）,令和８年第１回定例会…２月１７日～３月２４日,supported,4a5b197399801cf0bfb5c966318d1b1c1b10323cbf12e3bf6a23e8bc368f1d39
shinjuku-2026-r1-gian-23,easy,content,OB23-E-14,本会議で 決まった 日は 3月24日（火）です。,https://ssp.kaigiroku.net/tenant/shinjuku/MinuteView.html?council_id=3163&schedule_id=5&minute_id=1,bd058d36962b45d8d965e4625bb95ecd661a102a026175213f37ba9eb575424a,審議状況（本会議 3月24日 議長）,令和８年第１回定例会会議録（第４日）第４号令和８年３月２４日（火曜日）,supported,4a5b197399801cf0bfb5c966318d1b1c1b10323cbf12e3bf6a23e8bc368f1d39
shinjuku-2026-r1-gian-23,easy,content,OB23-E-15,ほかの 議案と まとめて 議題に なりました。,https://ssp.kaigiroku.net/tenant/shinjuku/MinuteView.html?council_id=3163&schedule_id=5&minute_id=36,f62d307ff988f42948ccd94da46c0327db63fb482871dca75b795822252a699f,審議状況（本会議 3月24日 議長）,日程第12から日程第14までを一括議題とします,supported,4a5b197399801cf0bfb5c966318d1b1c1b10323cbf12e3bf6a23e8bc368f1d39
shinjuku-2026-r1-gian-23,easy,content,OB23-E-16,福祉健康委員会の 審査報告書は 可決でした。,https://ssp.kaigiroku.net/tenant/shinjuku/MinuteView.html?council_id=3163&schedule_id=5&minute_id=40,7d01ce713a25eb3f8315ffb309af33adbc4eab16b69bdc1bed2d2bb3f38ab881,審議状況（本会議 3月24日 議長）,福祉健康委員会審査報告書は、可決です,supported,4a5b197399801cf0bfb5c966318d1b1c1b10323cbf12e3bf6a23e8bc368f1d39
shinjuku-2026-r1-gian-23,easy,content,OB23-E-17,議長が 異議が ないか たずねました。,https://ssp.kaigiroku.net/tenant/shinjuku/MinuteView.html?council_id=3163&schedule_id=5&minute_id=40,7d01ce713a25eb3f8315ffb309af33adbc4eab16b69bdc1bed2d2bb3f38ab881,審議状況（本会議 3月24日 議長）,福祉健康委員会審査報告書は、可決です,supported,4a5b197399801cf0bfb5c966318d1b1c1b10323cbf12e3bf6a23e8bc368f1d39
shinjuku-2026-r1-gian-23,easy,content,OB23-E-18,異議なしと 認められて 可決しました。,https://ssp.kaigiroku.net/tenant/shinjuku/MinuteView.html?council_id=3163&schedule_id=5&minute_id=41,970914f9ce4a28e423e8480a3d4ce175afafafeebd92448698df42d97cb2ec1d,審議状況（本会議 3月24日 議長）,異議なしと認めます…本案は、いずれも委員会審査報告のとおり可決されました,supported,4a5b197399801cf0bfb5c966318d1b1c1b10323cbf12e3bf6a23e8bc368f1d39
shinjuku-2026-r1-gian-23,easy,content,OB23-E-19,賛成したのは ８つの 会派 すべてです。,https://www.city.shinjuku.lg.jp/content/000452334.pdf,22ba4f49b18c96bd1fa26241606257c05477f38e25ac46d6f8e4f416a2cedbf2,審議状況（議案の概要と審議結果の採決結果行）,がん検診の利用の促進を図るため、その検診費用を無料とする時限的な特例措置を令和9年3月31日まで継続する。○○○○○○○○可決,supported,4a5b197399801cf0bfb5c966318d1b1c1b10323cbf12e3bf6a23e8bc368f1d39
shinjuku-2026-r1-gian-23,normal,title,OB23-NT-01,見出し: がん検診に係る時限的な特例措置の期限を令和9年3月31日まで延長,https://www.city.shinjuku.lg.jp/content/000447774.pdf,1dc3eaffcafb1b1c9e139e823182dc80dc0755624813ca87d8b274d15f5b6624,第23号議案,がん検診の利用の促進を図るため、その検診費用を無料とす…る時限的な特例措置を令和9年3月31日まで継続する,supported,632801151162ee9936ca5581134aa77ead37aaaba39bb3601e6ce09f47fadaa6
shinjuku-2026-r1-gian-23,normal,summary,OB23-NS-01,要約: がん検診の検診費用を無料とする時限的な特例措置を、令和9年3月31日まで継続する条例改正です。,https://www.city.shinjuku.lg.jp/content/000447774.pdf,1dc3eaffcafb1b1c9e139e823182dc80dc0755624813ca87d8b274d15f5b6624,第23号議案,がん検診の利用の促進を図るため、その検診費用を無料とす…る時限的な特例措置を令和9年3月31日まで継続する,supported,632801151162ee9936ca5581134aa77ead37aaaba39bb3601e6ce09f47fadaa6
shinjuku-2026-r1-gian-23,normal,summary,OB23-NS-02,要約: 施行日は令和8年4月1日です。,https://www.city.shinjuku.lg.jp/content/000448439.pdf,21edf8a5015b9c4a8ef453811539e2b8e7d1bd6d22adea5c996f41cedaf85026,附則（施行期日）,この条例は、令和8年4月1日から施行する,supported,632801151162ee9936ca5581134aa77ead37aaaba39bb3601e6ce09f47fadaa6
shinjuku-2026-r1-gian-23,normal,content,OB23-N-01,新宿区保健事業の利用に係る使用料等を定める条例（平成14年新宿区条例第43号）の改正です。,https://www.city.shinjuku.lg.jp/content/000448439.pdf,21edf8a5015b9c4a8ef453811539e2b8e7d1bd6d22adea5c996f41cedaf85026,改め文,新宿区保健事業の利用に係る使用料等を定める条例（平成14年新宿区条例第43号）の一部を次のように改正する,supported,632801151162ee9936ca5581134aa77ead37aaaba39bb3601e6ce09f47fadaa6
shinjuku-2026-r1-gian-23,normal,content,OB23-N-02,附則第4項の日付を、令和8年3月31日から令和9年3月31日に改める内容です。,https://www.city.shinjuku.lg.jp/content/000448439.pdf,21edf8a5015b9c4a8ef453811539e2b8e7d1bd6d22adea5c996f41cedaf85026,附則第4項,附則第4項中「令和8年3月31日」を「令和9年3月31日」に改める,supported,632801151162ee9936ca5581134aa77ead37aaaba39bb3601e6ce09f47fadaa6
shinjuku-2026-r1-gian-23,normal,content,OB23-N-03,がん検診の利用の促進を図るため、その検診費用を無料とする時限的な特例措置を令和9年3月31日まで継続する。,https://www.city.shinjuku.lg.jp/content/000447774.pdf,1dc3eaffcafb1b1c9e139e823182dc80dc0755624813ca87d8b274d15f5b6624,第23号議案,がん検診の利用の促進を図るため、その検診費用を無料とす…る時限的な特例措置を令和9年3月31日まで継続する,supported,632801151162ee9936ca5581134aa77ead37aaaba39bb3601e6ce09f47fadaa6
shinjuku-2026-r1-gian-23,normal,content,OB23-N-04,議案本文の提案理由は、がん検診の利用の促進を図るため、その利用に係る費用に関する時限的な特例措置を継続する必要があるため、としています。,https://www.city.shinjuku.lg.jp/content/000448439.pdf,21edf8a5015b9c4a8ef453811539e2b8e7d1bd6d22adea5c996f41cedaf85026,（提案理由）,がん検診の利用の促進を図るため、その利用に係る費用に関する時限的な特例措置を継続する必要があるため,supported,632801151162ee9936ca5581134aa77ead37aaaba39bb3601e6ce09f47fadaa6
shinjuku-2026-r1-gian-23,normal,content,OB23-N-05,附則第4項中の「令和8年3月31日」を「令和9年3月31日」に改めます。,https://www.city.shinjuku.lg.jp/content/000448439.pdf,21edf8a5015b9c4a8ef453811539e2b8e7d1bd6d22adea5c996f41cedaf85026,附則第4項,附則第4項中「令和8年3月31日」を「令和9年3月31日」に改める,supported,632801151162ee9936ca5581134aa77ead37aaaba39bb3601e6ce09f47fadaa6
shinjuku-2026-r1-gian-23,normal,content,OB23-N-06,区の概要資料は、この特例措置を、がん検診の検診費用を無料とする時限的な特例措置と説明しています。,https://www.city.shinjuku.lg.jp/content/000447774.pdf,1dc3eaffcafb1b1c9e139e823182dc80dc0755624813ca87d8b274d15f5b6624,第23号議案,がん検診の利用の促進を図るため、その検診費用を無料とす…る時限的な特例措置を令和9年3月31日まで継続する,supported,632801151162ee9936ca5581134aa77ead37aaaba39bb3601e6ce09f47fadaa6
shinjuku-2026-r1-gian-23,normal,content,OB23-N-07,改め文は日付の改正だけを定めていて、特例措置の内容（対象となる検診や費用など）は改め文に書かれていません。,https://www.city.shinjuku.lg.jp/content/000448439.pdf,21edf8a5015b9c4a8ef453811539e2b8e7d1bd6d22adea5c996f41cedaf85026,附則第4項,附則第4項中「令和8年3月31日」を「令和9年3月31日」に改める,supported,632801151162ee9936ca5581134aa77ead37aaaba39bb3601e6ce09f47fadaa6
shinjuku-2026-r1-gian-23,normal,content,OB23-N-08,令和8年4月1日から施行されます。,https://www.city.shinjuku.lg.jp/content/000448439.pdf,21edf8a5015b9c4a8ef453811539e2b8e7d1bd6d22adea5c996f41cedaf85026,附則（施行期日）,この条例は、令和8年4月1日から施行する,supported,632801151162ee9936ca5581134aa77ead37aaaba39bb3601e6ce09f47fadaa6
shinjuku-2026-r1-gian-23,normal,content,OB23-N-09,令和8年第1回定例会（会期は2月17日から3月24日まで）で審議されました。,https://www.city.shinjuku.lg.jp/content/000452334.pdf,22ba4f49b18c96bd1fa26241606257c05477f38e25ac46d6f8e4f416a2cedbf2,審議状況（会期）,令和８年第１回定例会…２月１７日～３月２４日,supported,632801151162ee9936ca5581134aa77ead37aaaba39bb3601e6ce09f47fadaa6
shinjuku-2026-r1-gian-23,normal,content,OB23-N-10,本会議は第4日にあたる3月24日（火曜日）でした。,https://ssp.kaigiroku.net/tenant/shinjuku/MinuteView.html?council_id=3163&schedule_id=5&minute_id=1,bd058d36962b45d8d965e4625bb95ecd661a102a026175213f37ba9eb575424a,審議状況（本会議 3月24日 議長）,令和８年第１回定例会会議録（第４日）第４号令和８年３月２４日（火曜日）,supported,632801151162ee9936ca5581134aa77ead37aaaba39bb3601e6ce09f47fadaa6
shinjuku-2026-r1-gian-23,normal,content,OB23-N-11,日程第12から日程第14までの議案とあわせて、一括して議題となりました。,https://ssp.kaigiroku.net/tenant/shinjuku/MinuteView.html?council_id=3163&schedule_id=5&minute_id=36,f62d307ff988f42948ccd94da46c0327db63fb482871dca75b795822252a699f,審議状況（本会議 3月24日 議長）,日程第12から日程第14までを一括議題とします,supported,632801151162ee9936ca5581134aa77ead37aaaba39bb3601e6ce09f47fadaa6
shinjuku-2026-r1-gian-23,normal,content,OB23-N-12,福祉健康委員会の審査報告書は「可決」でした。,https://ssp.kaigiroku.net/tenant/shinjuku/MinuteView.html?council_id=3163&schedule_id=5&minute_id=40,7d01ce713a25eb3f8315ffb309af33adbc4eab16b69bdc1bed2d2bb3f38ab881,審議状況（本会議 3月24日 議長）,福祉健康委員会審査報告書は、可決です,supported,632801151162ee9936ca5581134aa77ead37aaaba39bb3601e6ce09f47fadaa6
shinjuku-2026-r1-gian-23,normal,content,OB23-N-13,本会議は、異議なしと認めて、委員会審査報告のとおり可決しました。,https://ssp.kaigiroku.net/tenant/shinjuku/MinuteView.html?council_id=3163&schedule_id=5&minute_id=41,970914f9ce4a28e423e8480a3d4ce175afafafeebd92448698df42d97cb2ec1d,審議状況（本会議 3月24日 議長）,異議なしと認めます…本案は、いずれも委員会審査報告のとおり可決されました,supported,632801151162ee9936ca5581134aa77ead37aaaba39bb3601e6ce09f47fadaa6
shinjuku-2026-r1-gian-23,normal,content,OB23-N-14,議決結果ページの記載は「原案可決」です。,https://www.city.shinjuku.lg.jp/kusei/soumu01_002090_00015.html,7c2b6f68db1b433b860b35d176b4dd9211e78582ec9de718fcfefe68b22d896a,審議状況（議決結果ページ）,第23号議案新宿区保健事業の利用に係る使用料等を定める条例の一部を改正する条例原案可決,supported,632801151162ee9936ca5581134aa77ead37aaaba39bb3601e6ce09f47fadaa6
shinjuku-2026-r1-gian-23,normal,content,OB23-N-15,「議案の概要と審議結果」の採決結果行では、8会派すべてが賛成（○）でした。,https://www.city.shinjuku.lg.jp/content/000452334.pdf,22ba4f49b18c96bd1fa26241606257c05477f38e25ac46d6f8e4f416a2cedbf2,審議状況（議案の概要と審議結果の採決結果行）,がん検診の利用の促進を図るため、その検診費用を無料とする時限的な特例措置を令和9年3月31日まで継続する。○○○○○○○○可決,supported,632801151162ee9936ca5581134aa77ead37aaaba39bb3601e6ce09f47fadaa6
shinjuku-2026-r1-gian-23,hard,title,OB23-HT-01,見出し: 第23号議案 新宿区保健事業の利用に係る使用料等を定める条例の一部を改正する条例,https://www.city.shinjuku.lg.jp/content/000448439.pdf,21edf8a5015b9c4a8ef453811539e2b8e7d1bd6d22adea5c996f41cedaf85026,件名,新宿区保健事業の利用に係る使用料等を定める条例の一部を改正する条例,supported,1758efd039fb0bb92a596e7cb0fa27381897024a51d9db54ba08001eb3959437
shinjuku-2026-r1-gian-23,hard,summary,OB23-HS-01,要約: 平成14年新宿区条例第43号の附則第4項の「令和8年3月31日」を「令和9年3月31日」に改める改正。,https://www.city.shinjuku.lg.jp/content/000448439.pdf,21edf8a5015b9c4a8ef453811539e2b8e7d1bd6d22adea5c996f41cedaf85026,附則第4項,附則第4項中「令和8年3月31日」を「令和9年3月31日」に改める,supported,1758efd039fb0bb92a596e7cb0fa27381897024a51d9db54ba08001eb3959437
shinjuku-2026-r1-gian-23,hard,summary,OB23-HS-02,要約: 施行日は令和8年4月1日。,https://www.city.shinjuku.lg.jp/content/000448439.pdf,21edf8a5015b9c4a8ef453811539e2b8e7d1bd6d22adea5c996f41cedaf85026,附則（施行期日）,この条例は、令和8年4月1日から施行する,supported,1758efd039fb0bb92a596e7cb0fa27381897024a51d9db54ba08001eb3959437
shinjuku-2026-r1-gian-23,hard,content,OB23-H-01,提出日: 令和8年2月17日,https://www.city.shinjuku.lg.jp/content/000448439.pdf,21edf8a5015b9c4a8ef453811539e2b8e7d1bd6d22adea5c996f41cedaf85026,提出日・提出者,令和８年２月１７日…新宿区長…吉住…健一,supported,1758efd039fb0bb92a596e7cb0fa27381897024a51d9db54ba08001eb3959437
shinjuku-2026-r1-gian-23,hard,content,OB23-H-02,提出者: 新宿区長 吉住健一,https://www.city.shinjuku.lg.jp/content/000448439.pdf,21edf8a5015b9c4a8ef453811539e2b8e7d1bd6d22adea5c996f41cedaf85026,提出日・提出者,令和８年２月１７日…新宿区長…吉住…健一,supported,1758efd039fb0bb92a596e7cb0fa27381897024a51d9db54ba08001eb3959437
shinjuku-2026-r1-gian-23,hard,content,OB23-H-03,対象条例: 新宿区保健事業の利用に係る使用料等を定める条例（平成14年新宿区条例第43号）,https://www.city.shinjuku.lg.jp/content/000448439.pdf,21edf8a5015b9c4a8ef453811539e2b8e7d1bd6d22adea5c996f41cedaf85026,件名,新宿区保健事業の利用に係る使用料等を定める条例の一部を改正する条例,supported,1758efd039fb0bb92a596e7cb0fa27381897024a51d9db54ba08001eb3959437
shinjuku-2026-r1-gian-23,hard,content,OB23-H-04,議決: 原案可決（議決結果ページの記載）,https://www.city.shinjuku.lg.jp/kusei/soumu01_002090_00015.html,7c2b6f68db1b433b860b35d176b4dd9211e78582ec9de718fcfefe68b22d896a,審議状況（議決結果ページ）,第23号議案新宿区保健事業の利用に係る使用料等を定める条例の一部を改正する条例原案可決,supported,1758efd039fb0bb92a596e7cb0fa27381897024a51d9db54ba08001eb3959437
shinjuku-2026-r1-gian-23,hard,content,OB23-H-05,本会議: 令和8年3月24日（火曜日）、会議録 第4日第4号,https://ssp.kaigiroku.net/tenant/shinjuku/MinuteView.html?council_id=3163&schedule_id=5&minute_id=1,bd058d36962b45d8d965e4625bb95ecd661a102a026175213f37ba9eb575424a,審議状況（本会議 3月24日 議長）,令和８年第１回定例会会議録（第４日）第４号令和８年３月２４日（火曜日）,supported,1758efd039fb0bb92a596e7cb0fa27381897024a51d9db54ba08001eb3959437
shinjuku-2026-r1-gian-23,hard,content,OB23-H-06,議題: 日程第12から日程第14までを一括して議題とした,https://ssp.kaigiroku.net/tenant/shinjuku/MinuteView.html?council_id=3163&schedule_id=5&minute_id=36,f62d307ff988f42948ccd94da46c0327db63fb482871dca75b795822252a699f,審議状況（本会議 3月24日 議長）,日程第12から日程第14までを一括議題とします,supported,1758efd039fb0bb92a596e7cb0fa27381897024a51d9db54ba08001eb3959437
shinjuku-2026-r1-gian-23,hard,content,OB23-H-07,会議録: 第23号議案の議題朗読が記載されている,https://ssp.kaigiroku.net/tenant/shinjuku/MinuteView.html?council_id=3163&schedule_id=5&minute_id=38,06f1d72e75b688484e06c99214c6fa512a88fb9d7df246950a9994c0fe7c13c9,審議状況（本会議 3月24日 議長）,第23号議案新宿区保健事業の利用に係る使用料等を定める条例の一部を改正する条例,supported,1758efd039fb0bb92a596e7cb0fa27381897024a51d9db54ba08001eb3959437
shinjuku-2026-r1-gian-23,hard,content,OB23-H-08,委員会審査報告: 福祉健康委員会の審査報告書は可決,https://ssp.kaigiroku.net/tenant/shinjuku/MinuteView.html?council_id=3163&schedule_id=5&minute_id=40,7d01ce713a25eb3f8315ffb309af33adbc4eab16b69bdc1bed2d2bb3f38ab881,審議状況（本会議 3月24日 議長）,福祉健康委員会審査報告書は、可決です,supported,1758efd039fb0bb92a596e7cb0fa27381897024a51d9db54ba08001eb3959437
shinjuku-2026-r1-gian-23,hard,content,OB23-H-09,採決方法: 異議なし,https://ssp.kaigiroku.net/tenant/shinjuku/MinuteView.html?council_id=3163&schedule_id=5&minute_id=41,970914f9ce4a28e423e8480a3d4ce175afafafeebd92448698df42d97cb2ec1d,審議状況（本会議 3月24日 議長）,異議なしと認めます…本案は、いずれも委員会審査報告のとおり可決されました,supported,1758efd039fb0bb92a596e7cb0fa27381897024a51d9db54ba08001eb3959437
shinjuku-2026-r1-gian-23,hard,content,OB23-H-10,会派別の賛否: 全8会派が賛成（採決結果行は ○○○○○○○○）,https://www.city.shinjuku.lg.jp/content/000452334.pdf,22ba4f49b18c96bd1fa26241606257c05477f38e25ac46d6f8e4f416a2cedbf2,審議状況（議案の概要と審議結果の採決結果行）,がん検診の利用の促進を図るため、その検診費用を無料とする時限的な特例措置を令和9年3月31日まで継続する。○○○○○○○○可決,supported,1758efd039fb0bb92a596e7cb0fa27381897024a51d9db54ba08001eb3959437
shinjuku-2026-r1-gian-23,hard,content,OB23-H-11,会派: 自民・参政クラブ、新宿区議会公明党、日本共産党新宿区議会議員団、新宿未来の会、立憲民主党・無所属クラブ、日本維新の会・新宿区議団、現役世代に優しい新宿・減税の会、れいわ新選組 新宿,https://www.city.shinjuku.lg.jp/content/000452334.pdf,22ba4f49b18c96bd1fa26241606257c05477f38e25ac46d6f8e4f416a2cedbf2,会派略称・列の並び,共産＝日本共産党新宿区議会議員団…れいわ＝れいわ新選組 新宿…自参ク＝自民・参政クラブ…公明＝新宿区議会公明党…新宿会＝新宿未来の会…民無ク＝立憲民主党・無所属クラブ…維新＝日本維新の会・新宿区議団…現役＝現役世代に優しい新宿・減税の会,supported,1758efd039fb0bb92a596e7cb0fa27381897024a51d9db54ba08001eb3959437
shinjuku-2026-r1-gian-23,hard,content,OB23-H-12,がん検診の利用の促進を図るため、その利用に係る費用に関する時限的な特例措置を継続する必要があるため,https://www.city.shinjuku.lg.jp/content/000448439.pdf,21edf8a5015b9c4a8ef453811539e2b8e7d1bd6d22adea5c996f41cedaf85026,（提案理由）,がん検診の利用の促進を図るため、その利用に係る費用に関する時限的な特例措置を継続する必要があるため,supported,1758efd039fb0bb92a596e7cb0fa27381897024a51d9db54ba08001eb3959437
shinjuku-2026-r1-gian-23,hard,content,OB23-H-13,附則第4項 / 「令和8年3月31日」を「令和9年3月31日」に改める,https://www.city.shinjuku.lg.jp/content/000448439.pdf,21edf8a5015b9c4a8ef453811539e2b8e7d1bd6d22adea5c996f41cedaf85026,附則第4項,附則第4項中「令和8年3月31日」を「令和9年3月31日」に改める,supported,1758efd039fb0bb92a596e7cb0fa27381897024a51d9db54ba08001eb3959437
shinjuku-2026-r1-gian-23,hard,content,OB23-H-14,がん検診の利用の促進を図るため、その検診費用を無料とする時限的な特例措置を令和9年3月31日まで継続する。,https://www.city.shinjuku.lg.jp/content/000447774.pdf,1dc3eaffcafb1b1c9e139e823182dc80dc0755624813ca87d8b274d15f5b6624,第23号議案,がん検診の利用の促進を図るため、その検診費用を無料とす…る時限的な特例措置を令和9年3月31日まで継続する,supported,1758efd039fb0bb92a596e7cb0fa27381897024a51d9db54ba08001eb3959437
shinjuku-2026-r1-gian-23,hard,content,OB23-H-15,施行日は令和8年4月1日と記載されている。,https://www.city.shinjuku.lg.jp/content/000447774.pdf,1dc3eaffcafb1b1c9e139e823182dc80dc0755624813ca87d8b274d15f5b6624,第23号議案［施行日］,令和8年4月1日,supported,1758efd039fb0bb92a596e7cb0fa27381897024a51d9db54ba08001eb3959437
shinjuku-2026-r1-gian-23,hard,content,OB23-H-16,「議案の概要と審議結果」も同旨の概要を記載している。,https://www.city.shinjuku.lg.jp/content/000452334.pdf,22ba4f49b18c96bd1fa26241606257c05477f38e25ac46d6f8e4f416a2cedbf2,第23号議案（議案の概要）,がん検診の利用の促進を図るため、その検診費用を無料とする時限的な特例措置を令和9年3月31日まで継続する,supported,1758efd039fb0bb92a596e7cb0fa27381897024a51d9db54ba08001eb3959437
shinjuku-2026-r1-gian-23,hard,content,OB23-H-17,この条例は、令和8年4月1日から施行する。,https://www.city.shinjuku.lg.jp/content/000448439.pdf,21edf8a5015b9c4a8ef453811539e2b8e7d1bd6d22adea5c996f41cedaf85026,附則（施行期日）,この条例は、令和8年4月1日から施行する,supported,1758efd039fb0bb92a596e7cb0fa27381897024a51d9db54ba08001eb3959437
shinjuku-2026-r1-gian-23,hard,content,OB23-H-18,第23号議案 全文 / https://www.city.shinjuku.lg.jp/content/000448439.pdf / 21edf8a5015b9c4a8ef453811539e2b8e7d1bd6d22adea5c996f41cedaf85026,https://www.city.shinjuku.lg.jp/content/000448439.pdf,21edf8a5015b9c4a8ef453811539e2b8e7d1bd6d22adea5c996f41cedaf85026,件名,新宿区保健事業の利用に係る使用料等を定める条例の一部を改正する条例,supported,1758efd039fb0bb92a596e7cb0fa27381897024a51d9db54ba08001eb3959437
shinjuku-2026-r1-gian-23,hard,content,OB23-H-19,提出案件概要（条例関係） / https://www.city.shinjuku.lg.jp/content/000447774.pdf / 1dc3eaffcafb1b1c9e139e823182dc80dc0755624813ca87d8b274d15f5b6624,https://www.city.shinjuku.lg.jp/content/000447774.pdf,1dc3eaffcafb1b1c9e139e823182dc80dc0755624813ca87d8b274d15f5b6624,提出案件概要（条例関係）,第1回区議会定例会提出案件概要…（条例関係）,supported,1758efd039fb0bb92a596e7cb0fa27381897024a51d9db54ba08001eb3959437
shinjuku-2026-r1-gian-23,hard,content,OB23-H-20,議案の概要と審議結果 / https://www.city.shinjuku.lg.jp/content/000452334.pdf / 22ba4f49b18c96bd1fa26241606257c05477f38e25ac46d6f8e4f416a2cedbf2,https://www.city.shinjuku.lg.jp/content/000452334.pdf,22ba4f49b18c96bd1fa26241606257c05477f38e25ac46d6f8e4f416a2cedbf2,議案の概要と審議結果,議案の概要と審議結果,supported,1758efd039fb0bb92a596e7cb0fa27381897024a51d9db54ba08001eb3959437
shinjuku-2026-r1-gian-23,hard,content,OB23-H-21,議決結果ページ（2026-10-04 取得） / https://www.city.shinjuku.lg.jp/kusei/soumu01_002090_00015.html / 7c2b6f68db1b433b860b35d176b4dd9211e78582ec9de718fcfefe68b22d896a,https://www.city.shinjuku.lg.jp/kusei/soumu01_002090_00015.html,7c2b6f68db1b433b860b35d176b4dd9211e78582ec9de718fcfefe68b22d896a,審議状況（議決結果ページ）,第23号議案新宿区保健事業の利用に係る使用料等を定める条例の一部を改正する条例原案可決,supported,1758efd039fb0bb92a596e7cb0fa27381897024a51d9db54ba08001eb3959437
shinjuku-2026-r1-gian-23,hard,content,OB23-H-22,会議録 3月24日 議長（委員会審査報告） / https://ssp.kaigiroku.net/tenant/shinjuku/MinuteView.html?council_id=3163&schedule_id=5&minute_id=40 / 7d01ce713a25eb3f8315ffb309af33adbc4eab16b69bdc1bed2d2bb3f38ab881,https://ssp.kaigiroku.net/tenant/shinjuku/MinuteView.html?council_id=3163&schedule_id=5&minute_id=40,7d01ce713a25eb3f8315ffb309af33adbc4eab16b69bdc1bed2d2bb3f38ab881,審議状況（本会議 3月24日 議長）,福祉健康委員会審査報告書は、可決です,supported,1758efd039fb0bb92a596e7cb0fa27381897024a51d9db54ba08001eb3959437
shinjuku-2026-r1-gian-23,hard,content,OB23-H-23,会議録 3月24日 議長（採決） / https://ssp.kaigiroku.net/tenant/shinjuku/MinuteView.html?council_id=3163&schedule_id=5&minute_id=41 / 970914f9ce4a28e423e8480a3d4ce175afafafeebd92448698df42d97cb2ec1d,https://ssp.kaigiroku.net/tenant/shinjuku/MinuteView.html?council_id=3163&schedule_id=5&minute_id=41,970914f9ce4a28e423e8480a3d4ce175afafafeebd92448698df42d97cb2ec1d,審議状況（本会議 3月24日 議長）,異議なしと認めます…本案は、いずれも委員会審査報告のとおり可決されました,supported,1758efd039fb0bb92a596e7cb0fa27381897024a51d9db54ba08001eb3959437
shinjuku-2026-r1-gian-24,easy,title,OB24-ET-01,見出し: 手数料の 条例の 引用の 番号を 直します,https://www.city.shinjuku.lg.jp/content/000448440.pdf,b6261e96de29eed7bc9ed12b467ba8a6aa616849ecc8cb5d5b8c01952594b30c,別表64の項,別表64の項中「第14条第15項」を「第14条第13項」に改める,supported,645554c893e786c5f00ccc641bfc7ffa555749f9777472e5750174307134937a
shinjuku-2026-r1-gian-24,easy,summary,OB24-ES-01,要約: 別表 64の 項の 引用の 番号を 直します。,https://www.city.shinjuku.lg.jp/content/000448440.pdf,b6261e96de29eed7bc9ed12b467ba8a6aa616849ecc8cb5d5b8c01952594b30c,別表64の項,別表64の項中「第14条第15項」を「第14条第13項」に改める,supported,645554c893e786c5f00ccc641bfc7ffa555749f9777472e5750174307134937a
shinjuku-2026-r1-gian-24,easy,summary,OB24-ES-02,要約: 2026年（令和8年）5月1日（金）から 始まります。,https://www.city.shinjuku.lg.jp/content/000448440.pdf,b6261e96de29eed7bc9ed12b467ba8a6aa616849ecc8cb5d5b8c01952594b30c,附則（施行期日）,この条例は、令和8年5月1日から施行する,supported,645554c893e786c5f00ccc641bfc7ffa555749f9777472e5750174307134937a
shinjuku-2026-r1-gian-24,easy,content,OB24-E-01,【新宿区保健衛生事務手数料条例】［しんじゅくくほけんえいせいじむてすうりょうじょうれい］（＝区の 保健衛生の 手数料の 決まり）を 変えます。,https://www.city.shinjuku.lg.jp/content/000448440.pdf,b6261e96de29eed7bc9ed12b467ba8a6aa616849ecc8cb5d5b8c01952594b30c,改め文,新宿区保健衛生事務手数料条例（平成12年新宿区条例第43号）の一部を次のように改正する,supported,645554c893e786c5f00ccc641bfc7ffa555749f9777472e5750174307134937a
shinjuku-2026-r1-gian-24,easy,content,OB24-E-02,対象は 平成12年 新宿区条例 第43号です。,https://www.city.shinjuku.lg.jp/content/000448440.pdf,b6261e96de29eed7bc9ed12b467ba8a6aa616849ecc8cb5d5b8c01952594b30c,改め文,新宿区保健衛生事務手数料条例（平成12年新宿区条例第43号）の一部を次のように改正する,supported,645554c893e786c5f00ccc641bfc7ffa555749f9777472e5750174307134937a
shinjuku-2026-r1-gian-24,easy,content,OB24-E-03,区の 資料に よると 引用して いる 条文の 番号を 合わせる 改正です。,https://www.city.shinjuku.lg.jp/content/000447774.pdf,1dc3eaffcafb1b1c9e139e823182dc80dc0755624813ca87d8b274d15f5b6624,第24号議案,医薬品、医療機器等の品質、有効性及び安全性の確保等に関…する法律の改正により、希少疾病用医薬品等の臨床試験資料に…係る特例規定が削除されたこと等に伴い、引用条項を改める,supported,645554c893e786c5f00ccc641bfc7ffa555749f9777472e5750174307134937a
shinjuku-2026-r1-gian-24,easy,content,OB24-E-04,別表の 64の 項の 中の 条文の 番号を 変えます。,https://www.city.shinjuku.lg.jp/content/000448440.pdf,b6261e96de29eed7bc9ed12b467ba8a6aa616849ecc8cb5d5b8c01952594b30c,別表64の項,別表64の項中「第14条第15項」を「第14条第13項」に改める,supported,645554c893e786c5f00ccc641bfc7ffa555749f9777472e5750174307134937a
shinjuku-2026-r1-gian-24,easy,content,OB24-E-05,今の 番号: 第14条 第15項,https://www.city.shinjuku.lg.jp/content/000448440.pdf,b6261e96de29eed7bc9ed12b467ba8a6aa616849ecc8cb5d5b8c01952594b30c,別表64の項,別表64の項中「第14条第15項」を「第14条第13項」に改める,supported,645554c893e786c5f00ccc641bfc7ffa555749f9777472e5750174307134937a
shinjuku-2026-r1-gian-24,easy,content,OB24-E-06,新しい 番号: 第14条 第13項,https://www.city.shinjuku.lg.jp/content/000448440.pdf,b6261e96de29eed7bc9ed12b467ba8a6aa616849ecc8cb5d5b8c01952594b30c,別表64の項,別表64の項中「第14条第15項」を「第14条第13項」に改める,supported,645554c893e786c5f00ccc641bfc7ffa555749f9777472e5750174307134937a
shinjuku-2026-r1-gian-24,easy,content,OB24-E-07,医薬品などの 品質や 安全性に ついての 国の 法律が 改正されました。,https://www.city.shinjuku.lg.jp/content/000448440.pdf,b6261e96de29eed7bc9ed12b467ba8a6aa616849ecc8cb5d5b8c01952594b30c,（提案理由）,医薬品、医療機器等の品質、有効性及び安全性の確保等に関する法律等の一部を改正する法律（令和7年法律第37号）の一部の施行による医薬品、医療機器等の品質、有効性及び安全性の確保等に関する法律（昭和35年法律第145号）の改正に伴い、規定を整備する必要があるため,supported,645554c893e786c5f00ccc641bfc7ffa555749f9777472e5750174307134937a
shinjuku-2026-r1-gian-24,easy,content,OB24-E-08,その 法律の 改正で 特例の 規定が 削除されました。,https://www.city.shinjuku.lg.jp/content/000447774.pdf,1dc3eaffcafb1b1c9e139e823182dc80dc0755624813ca87d8b274d15f5b6624,第24号議案,医薬品、医療機器等の品質、有効性及び安全性の確保等に関…する法律の改正により、希少疾病用医薬品等の臨床試験資料に…係る特例規定が削除されたこと等に伴い、引用条項を改める,supported,645554c893e786c5f00ccc641bfc7ffa555749f9777472e5750174307134937a
shinjuku-2026-r1-gian-24,easy,content,OB24-E-09,この 特例は 希少疾病用医薬品等の 臨床試験資料に 係る ものです。,https://www.city.shinjuku.lg.jp/content/000447774.pdf,1dc3eaffcafb1b1c9e139e823182dc80dc0755624813ca87d8b274d15f5b6624,第24号議案,医薬品、医療機器等の品質、有効性及び安全性の確保等に関…する法律の改正により、希少疾病用医薬品等の臨床試験資料に…係る特例規定が削除されたこと等に伴い、引用条項を改める,supported,645554c893e786c5f00ccc641bfc7ffa555749f9777472e5750174307134937a
shinjuku-2026-r1-gian-24,easy,content,OB24-E-10,この 改正に あわせて 引用の 番号を 直します。,https://www.city.shinjuku.lg.jp/content/000447774.pdf,1dc3eaffcafb1b1c9e139e823182dc80dc0755624813ca87d8b274d15f5b6624,第24号議案,医薬品、医療機器等の品質、有効性及び安全性の確保等に関…する法律の改正により、希少疾病用医薬品等の臨床試験資料に…係る特例規定が削除されたこと等に伴い、引用条項を改める,supported,645554c893e786c5f00ccc641bfc7ffa555749f9777472e5750174307134937a
shinjuku-2026-r1-gian-24,easy,content,OB24-E-11,2026年（令和8年）5月1日（金）から 始まります。,https://www.city.shinjuku.lg.jp/content/000448440.pdf,b6261e96de29eed7bc9ed12b467ba8a6aa616849ecc8cb5d5b8c01952594b30c,附則（施行期日）,この条例は、令和8年5月1日から施行する,supported,645554c893e786c5f00ccc641bfc7ffa555749f9777472e5750174307134937a
shinjuku-2026-r1-gian-24,easy,content,OB24-E-12,【原案可決】［げんあんかけつ］（＝出した 通りの 内容で 決まること）です。,https://www.city.shinjuku.lg.jp/kusei/soumu01_002090_00015.html,7c2b6f68db1b433b860b35d176b4dd9211e78582ec9de718fcfefe68b22d896a,審議状況（議決結果ページ）,第24号議案新宿区保健衛生事務手数料条例の一部を改正する条例原案可決,supported,645554c893e786c5f00ccc641bfc7ffa555749f9777472e5750174307134937a
shinjuku-2026-r1-gian-24,easy,content,OB24-E-13,2026年（令和8年）の 第1回定例会で 決まりました。,https://www.city.shinjuku.lg.jp/content/000452334.pdf,22ba4f49b18c96bd1fa26241606257c05477f38e25ac46d6f8e4f416a2cedbf2,審議状況（会期）,令和８年第１回定例会…２月１７日～３月２４日,supported,645554c893e786c5f00ccc641bfc7ffa555749f9777472e5750174307134937a
shinjuku-2026-r1-gian-24,easy,content,OB24-E-14,会期は 2026年2月17日（火）から 3月24日（火）まででした。,https://www.city.shinjuku.lg.jp/content/000452334.pdf,22ba4f49b18c96bd1fa26241606257c05477f38e25ac46d6f8e4f416a2cedbf2,審議状況（会期）,令和８年第１回定例会…２月１７日～３月２４日,supported,645554c893e786c5f00ccc641bfc7ffa555749f9777472e5750174307134937a
shinjuku-2026-r1-gian-24,easy,content,OB24-E-15,本会議で 決まった 日は 3月24日（火）です。,https://ssp.kaigiroku.net/tenant/shinjuku/MinuteView.html?council_id=3163&schedule_id=5&minute_id=1,bd058d36962b45d8d965e4625bb95ecd661a102a026175213f37ba9eb575424a,審議状況（本会議 3月24日 議長）,令和８年第１回定例会会議録（第４日）第４号令和８年３月２４日（火曜日）,supported,645554c893e786c5f00ccc641bfc7ffa555749f9777472e5750174307134937a
shinjuku-2026-r1-gian-24,easy,content,OB24-E-16,ほかの 議案と まとめて 議題に なりました。,https://ssp.kaigiroku.net/tenant/shinjuku/MinuteView.html?council_id=3163&schedule_id=5&minute_id=36,f62d307ff988f42948ccd94da46c0327db63fb482871dca75b795822252a699f,審議状況（本会議 3月24日 議長）,日程第12から日程第14までを一括議題とします,supported,645554c893e786c5f00ccc641bfc7ffa555749f9777472e5750174307134937a
shinjuku-2026-r1-gian-24,easy,content,OB24-E-17,福祉健康委員会の 審査報告書は 可決でした。,https://ssp.kaigiroku.net/tenant/shinjuku/MinuteView.html?council_id=3163&schedule_id=5&minute_id=40,7d01ce713a25eb3f8315ffb309af33adbc4eab16b69bdc1bed2d2bb3f38ab881,審議状況（本会議 3月24日 議長）,福祉健康委員会審査報告書は、可決です,supported,645554c893e786c5f00ccc641bfc7ffa555749f9777472e5750174307134937a
shinjuku-2026-r1-gian-24,easy,content,OB24-E-18,議長が 異議が ないか たずねました。,https://ssp.kaigiroku.net/tenant/shinjuku/MinuteView.html?council_id=3163&schedule_id=5&minute_id=40,7d01ce713a25eb3f8315ffb309af33adbc4eab16b69bdc1bed2d2bb3f38ab881,審議状況（本会議 3月24日 議長）,福祉健康委員会審査報告書は、可決です,supported,645554c893e786c5f00ccc641bfc7ffa555749f9777472e5750174307134937a
shinjuku-2026-r1-gian-24,easy,content,OB24-E-19,異議なしと 認められて 可決しました。,https://ssp.kaigiroku.net/tenant/shinjuku/MinuteView.html?council_id=3163&schedule_id=5&minute_id=41,970914f9ce4a28e423e8480a3d4ce175afafafeebd92448698df42d97cb2ec1d,審議状況（本会議 3月24日 議長）,異議なしと認めます…本案は、いずれも委員会審査報告のとおり可決されました,supported,645554c893e786c5f00ccc641bfc7ffa555749f9777472e5750174307134937a
shinjuku-2026-r1-gian-24,easy,content,OB24-E-20,賛成したのは ８つの 会派 すべてです。,https://www.city.shinjuku.lg.jp/content/000452334.pdf,22ba4f49b18c96bd1fa26241606257c05477f38e25ac46d6f8e4f416a2cedbf2,審議状況（議案の概要と審議結果の採決結果行）,特例規定が削除されたこと等に伴い、引用条項を改める。○○○○○○○○可決,supported,645554c893e786c5f00ccc641bfc7ffa555749f9777472e5750174307134937a
shinjuku-2026-r1-gian-24,normal,title,OB24-NT-01,見出し: 保健衛生事務手数料条例の引用条項を整理,https://www.city.shinjuku.lg.jp/content/000448440.pdf,b6261e96de29eed7bc9ed12b467ba8a6aa616849ecc8cb5d5b8c01952594b30c,別表64の項,別表64の項中「第14条第15項」を「第14条第13項」に改める,supported,4bd45547eb846380c28324f7cf25e8247eb3007b603e98edfa34fddefba099e6
shinjuku-2026-r1-gian-24,normal,summary,OB24-NS-01,要約: 医薬品等に関する法律の改正に伴い、別表64の項の引用条項を改める条例改正です。,https://www.city.shinjuku.lg.jp/content/000447774.pdf,1dc3eaffcafb1b1c9e139e823182dc80dc0755624813ca87d8b274d15f5b6624,第24号議案,医薬品、医療機器等の品質、有効性及び安全性の確保等に関…する法律の改正により、希少疾病用医薬品等の臨床試験資料に…係る特例規定が削除されたこと等に伴い、引用条項を改める,supported,4bd45547eb846380c28324f7cf25e8247eb3007b603e98edfa34fddefba099e6
shinjuku-2026-r1-gian-24,normal,summary,OB24-NS-02,要約: 施行日は令和8年5月1日です。,https://www.city.shinjuku.lg.jp/content/000448440.pdf,b6261e96de29eed7bc9ed12b467ba8a6aa616849ecc8cb5d5b8c01952594b30c,附則（施行期日）,この条例は、令和8年5月1日から施行する,supported,4bd45547eb846380c28324f7cf25e8247eb3007b603e98edfa34fddefba099e6
shinjuku-2026-r1-gian-24,normal,content,OB24-N-01,新宿区保健衛生事務手数料条例（平成12年新宿区条例第43号）の改正です。,https://www.city.shinjuku.lg.jp/content/000448440.pdf,b6261e96de29eed7bc9ed12b467ba8a6aa616849ecc8cb5d5b8c01952594b30c,改め文,新宿区保健衛生事務手数料条例（平成12年新宿区条例第43号）の一部を次のように改正する,supported,4bd45547eb846380c28324f7cf25e8247eb3007b603e98edfa34fddefba099e6
shinjuku-2026-r1-gian-24,normal,content,OB24-N-02,別表64の項が引用している条項番号を改める内容です。,https://www.city.shinjuku.lg.jp/content/000448440.pdf,b6261e96de29eed7bc9ed12b467ba8a6aa616849ecc8cb5d5b8c01952594b30c,別表64の項,別表64の項中「第14条第15項」を「第14条第13項」に改める,supported,4bd45547eb846380c28324f7cf25e8247eb3007b603e98edfa34fddefba099e6
shinjuku-2026-r1-gian-24,normal,content,OB24-N-03,医薬品、医療機器等の品質、有効性及び安全性の確保等に関する法律の改正により、希少疾病用医薬品等の臨床試験資料に係る特例規定が削除されたこと等に伴い、引用条項を改める。,https://www.city.shinjuku.lg.jp/content/000447774.pdf,1dc3eaffcafb1b1c9e139e823182dc80dc0755624813ca87d8b274d15f5b6624,第24号議案,医薬品、医療機器等の品質、有効性及び安全性の確保等に関…する法律の改正により、希少疾病用医薬品等の臨床試験資料に…係る特例規定が削除されたこと等に伴い、引用条項を改める,supported,4bd45547eb846380c28324f7cf25e8247eb3007b603e98edfa34fddefba099e6
shinjuku-2026-r1-gian-24,normal,content,OB24-N-04,議案本文の提案理由は、医薬品、医療機器等の品質、有効性及び安全性の確保等に関する法律等の一部を改正する法律（令和7年法律第37号）の一部の施行による同法（昭和35年法律第145号）の改正に伴い、規定を整備する必要があるため、としています。,https://www.city.shinjuku.lg.jp/content/000448440.pdf,b6261e96de29eed7bc9ed12b467ba8a6aa616849ecc8cb5d5b8c01952594b30c,（提案理由）,医薬品、医療機器等の品質、有効性及び安全性の確保等に関する法律等の一部を改正する法律（令和7年法律第37号）の一部の施行による医薬品、医療機器等の品質、有効性及び安全性の確保等に関する法律（昭和35年法律第145号）の改正に伴い、規定を整備する必要があるため,supported,4bd45547eb846380c28324f7cf25e8247eb3007b603e98edfa34fddefba099e6
shinjuku-2026-r1-gian-24,normal,content,OB24-N-05,別表64の項中の「第14条第15項」を「第14条第13項」に改めます。,https://www.city.shinjuku.lg.jp/content/000448440.pdf,b6261e96de29eed7bc9ed12b467ba8a6aa616849ecc8cb5d5b8c01952594b30c,別表64の項,別表64の項中「第14条第15項」を「第14条第13項」に改める,supported,4bd45547eb846380c28324f7cf25e8247eb3007b603e98edfa34fddefba099e6
shinjuku-2026-r1-gian-24,normal,content,OB24-N-06,改め文は引用条項の番号の改正だけを定めていて、手数料の額を改める内容は含まれていません。,https://www.city.shinjuku.lg.jp/content/000448440.pdf,b6261e96de29eed7bc9ed12b467ba8a6aa616849ecc8cb5d5b8c01952594b30c,別表64の項,別表64の項中「第14条第15項」を「第14条第13項」に改める,supported,4bd45547eb846380c28324f7cf25e8247eb3007b603e98edfa34fddefba099e6
shinjuku-2026-r1-gian-24,normal,content,OB24-N-07,令和8年5月1日から施行されます。,https://www.city.shinjuku.lg.jp/content/000448440.pdf,b6261e96de29eed7bc9ed12b467ba8a6aa616849ecc8cb5d5b8c01952594b30c,附則（施行期日）,この条例は、令和8年5月1日から施行する,supported,4bd45547eb846380c28324f7cf25e8247eb3007b603e98edfa34fddefba099e6
shinjuku-2026-r1-gian-24,normal,content,OB24-N-08,令和8年第1回定例会（会期は2月17日から3月24日まで）で審議されました。,https://www.city.shinjuku.lg.jp/content/000452334.pdf,22ba4f49b18c96bd1fa26241606257c05477f38e25ac46d6f8e4f416a2cedbf2,審議状況（会期）,令和８年第１回定例会…２月１７日～３月２４日,supported,4bd45547eb846380c28324f7cf25e8247eb3007b603e98edfa34fddefba099e6
shinjuku-2026-r1-gian-24,normal,content,OB24-N-09,本会議は第4日にあたる3月24日（火曜日）でした。,https://ssp.kaigiroku.net/tenant/shinjuku/MinuteView.html?council_id=3163&schedule_id=5&minute_id=1,bd058d36962b45d8d965e4625bb95ecd661a102a026175213f37ba9eb575424a,審議状況（本会議 3月24日 議長）,令和８年第１回定例会会議録（第４日）第４号令和８年３月２４日（火曜日）,supported,4bd45547eb846380c28324f7cf25e8247eb3007b603e98edfa34fddefba099e6
shinjuku-2026-r1-gian-24,normal,content,OB24-N-10,日程第12から日程第14までの議案とあわせて、一括して議題となりました。,https://ssp.kaigiroku.net/tenant/shinjuku/MinuteView.html?council_id=3163&schedule_id=5&minute_id=36,f62d307ff988f42948ccd94da46c0327db63fb482871dca75b795822252a699f,審議状況（本会議 3月24日 議長）,日程第12から日程第14までを一括議題とします,supported,4bd45547eb846380c28324f7cf25e8247eb3007b603e98edfa34fddefba099e6
shinjuku-2026-r1-gian-24,normal,content,OB24-N-11,福祉健康委員会の審査報告書は「可決」でした。,https://ssp.kaigiroku.net/tenant/shinjuku/MinuteView.html?council_id=3163&schedule_id=5&minute_id=40,7d01ce713a25eb3f8315ffb309af33adbc4eab16b69bdc1bed2d2bb3f38ab881,審議状況（本会議 3月24日 議長）,福祉健康委員会審査報告書は、可決です,supported,4bd45547eb846380c28324f7cf25e8247eb3007b603e98edfa34fddefba099e6
shinjuku-2026-r1-gian-24,normal,content,OB24-N-12,本会議は、異議なしと認めて、委員会審査報告のとおり可決しました。,https://ssp.kaigiroku.net/tenant/shinjuku/MinuteView.html?council_id=3163&schedule_id=5&minute_id=41,970914f9ce4a28e423e8480a3d4ce175afafafeebd92448698df42d97cb2ec1d,審議状況（本会議 3月24日 議長）,異議なしと認めます…本案は、いずれも委員会審査報告のとおり可決されました,supported,4bd45547eb846380c28324f7cf25e8247eb3007b603e98edfa34fddefba099e6
shinjuku-2026-r1-gian-24,normal,content,OB24-N-13,議決結果ページの記載は「原案可決」です。,https://www.city.shinjuku.lg.jp/kusei/soumu01_002090_00015.html,7c2b6f68db1b433b860b35d176b4dd9211e78582ec9de718fcfefe68b22d896a,審議状況（議決結果ページ）,第24号議案新宿区保健衛生事務手数料条例の一部を改正する条例原案可決,supported,4bd45547eb846380c28324f7cf25e8247eb3007b603e98edfa34fddefba099e6
shinjuku-2026-r1-gian-24,normal,content,OB24-N-14,「議案の概要と審議結果」の採決結果行では、8会派すべてが賛成（○）でした。,https://www.city.shinjuku.lg.jp/content/000452334.pdf,22ba4f49b18c96bd1fa26241606257c05477f38e25ac46d6f8e4f416a2cedbf2,審議状況（議案の概要と審議結果の採決結果行）,特例規定が削除されたこと等に伴い、引用条項を改める。○○○○○○○○可決,supported,4bd45547eb846380c28324f7cf25e8247eb3007b603e98edfa34fddefba099e6
shinjuku-2026-r1-gian-24,hard,title,OB24-HT-01,見出し: 第24号議案 新宿区保健衛生事務手数料条例の一部を改正する条例,https://www.city.shinjuku.lg.jp/content/000448440.pdf,b6261e96de29eed7bc9ed12b467ba8a6aa616849ecc8cb5d5b8c01952594b30c,件名,新宿区保健衛生事務手数料条例の一部を改正する条例,supported,7037873adeb9ecd732d61c0145653b89f13b547504fe1f8dd30dab2103ebf000
shinjuku-2026-r1-gian-24,hard,summary,OB24-HS-01,要約: 平成12年新宿区条例第43号の別表64の項の「第14条第15項」を「第14条第13項」に改める改正。,https://www.city.shinjuku.lg.jp/content/000448440.pdf,b6261e96de29eed7bc9ed12b467ba8a6aa616849ecc8cb5d5b8c01952594b30c,別表64の項,別表64の項中「第14条第15項」を「第14条第13項」に改める,supported,7037873adeb9ecd732d61c0145653b89f13b547504fe1f8dd30dab2103ebf000
shinjuku-2026-r1-gian-24,hard,summary,OB24-HS-02,要約: 施行日は令和8年5月1日。,https://www.city.shinjuku.lg.jp/content/000448440.pdf,b6261e96de29eed7bc9ed12b467ba8a6aa616849ecc8cb5d5b8c01952594b30c,附則（施行期日）,この条例は、令和8年5月1日から施行する,supported,7037873adeb9ecd732d61c0145653b89f13b547504fe1f8dd30dab2103ebf000
shinjuku-2026-r1-gian-24,hard,content,OB24-H-01,提出日: 令和8年2月17日,https://www.city.shinjuku.lg.jp/content/000448440.pdf,b6261e96de29eed7bc9ed12b467ba8a6aa616849ecc8cb5d5b8c01952594b30c,提出日・提出者,令和８年２月１７日…新宿区長…吉住…健一,supported,7037873adeb9ecd732d61c0145653b89f13b547504fe1f8dd30dab2103ebf000
shinjuku-2026-r1-gian-24,hard,content,OB24-H-02,提出者: 新宿区長 吉住健一,https://www.city.shinjuku.lg.jp/content/000448440.pdf,b6261e96de29eed7bc9ed12b467ba8a6aa616849ecc8cb5d5b8c01952594b30c,提出日・提出者,令和８年２月１７日…新宿区長…吉住…健一,supported,7037873adeb9ecd732d61c0145653b89f13b547504fe1f8dd30dab2103ebf000
shinjuku-2026-r1-gian-24,hard,content,OB24-H-03,対象条例: 新宿区保健衛生事務手数料条例（平成12年新宿区条例第43号）,https://www.city.shinjuku.lg.jp/content/000448440.pdf,b6261e96de29eed7bc9ed12b467ba8a6aa616849ecc8cb5d5b8c01952594b30c,件名,新宿区保健衛生事務手数料条例の一部を改正する条例,supported,7037873adeb9ecd732d61c0145653b89f13b547504fe1f8dd30dab2103ebf000
shinjuku-2026-r1-gian-24,hard,content,OB24-H-04,議決: 原案可決（議決結果ページの記載）,https://www.city.shinjuku.lg.jp/kusei/soumu01_002090_00015.html,7c2b6f68db1b433b860b35d176b4dd9211e78582ec9de718fcfefe68b22d896a,審議状況（議決結果ページ）,第24号議案新宿区保健衛生事務手数料条例の一部を改正する条例原案可決,supported,7037873adeb9ecd732d61c0145653b89f13b547504fe1f8dd30dab2103ebf000
shinjuku-2026-r1-gian-24,hard,content,OB24-H-05,本会議: 令和8年3月24日（火曜日）、会議録 第4日第4号,https://ssp.kaigiroku.net/tenant/shinjuku/MinuteView.html?council_id=3163&schedule_id=5&minute_id=1,bd058d36962b45d8d965e4625bb95ecd661a102a026175213f37ba9eb575424a,審議状況（本会議 3月24日 議長）,令和８年第１回定例会会議録（第４日）第４号令和８年３月２４日（火曜日）,supported,7037873adeb9ecd732d61c0145653b89f13b547504fe1f8dd30dab2103ebf000
shinjuku-2026-r1-gian-24,hard,content,OB24-H-06,議題: 日程第12から日程第14までを一括して議題とした,https://ssp.kaigiroku.net/tenant/shinjuku/MinuteView.html?council_id=3163&schedule_id=5&minute_id=36,f62d307ff988f42948ccd94da46c0327db63fb482871dca75b795822252a699f,審議状況（本会議 3月24日 議長）,日程第12から日程第14までを一括議題とします,supported,7037873adeb9ecd732d61c0145653b89f13b547504fe1f8dd30dab2103ebf000
shinjuku-2026-r1-gian-24,hard,content,OB24-H-07,会議録: 第24号議案の議題朗読が記載されている,https://ssp.kaigiroku.net/tenant/shinjuku/MinuteView.html?council_id=3163&schedule_id=5&minute_id=39,567c2bda746b53eee9830daa7b813c65ead8af5fb189a3bbfae66beffddf1d5b,審議状況（本会議 3月24日 議長）,第24号議案新宿区保健衛生事務手数料条例の一部を改正する条例,supported,7037873adeb9ecd732d61c0145653b89f13b547504fe1f8dd30dab2103ebf000
shinjuku-2026-r1-gian-24,hard,content,OB24-H-08,委員会審査報告: 福祉健康委員会の審査報告書は可決,https://ssp.kaigiroku.net/tenant/shinjuku/MinuteView.html?council_id=3163&schedule_id=5&minute_id=40,7d01ce713a25eb3f8315ffb309af33adbc4eab16b69bdc1bed2d2bb3f38ab881,審議状況（本会議 3月24日 議長）,福祉健康委員会審査報告書は、可決です,supported,7037873adeb9ecd732d61c0145653b89f13b547504fe1f8dd30dab2103ebf000
shinjuku-2026-r1-gian-24,hard,content,OB24-H-09,採決方法: 異議なし,https://ssp.kaigiroku.net/tenant/shinjuku/MinuteView.html?council_id=3163&schedule_id=5&minute_id=41,970914f9ce4a28e423e8480a3d4ce175afafafeebd92448698df42d97cb2ec1d,審議状況（本会議 3月24日 議長）,異議なしと認めます…本案は、いずれも委員会審査報告のとおり可決されました,supported,7037873adeb9ecd732d61c0145653b89f13b547504fe1f8dd30dab2103ebf000
shinjuku-2026-r1-gian-24,hard,content,OB24-H-10,会派別の賛否: 全8会派が賛成（採決結果行は ○○○○○○○○）,https://www.city.shinjuku.lg.jp/content/000452334.pdf,22ba4f49b18c96bd1fa26241606257c05477f38e25ac46d6f8e4f416a2cedbf2,審議状況（議案の概要と審議結果の採決結果行）,特例規定が削除されたこと等に伴い、引用条項を改める。○○○○○○○○可決,supported,7037873adeb9ecd732d61c0145653b89f13b547504fe1f8dd30dab2103ebf000
shinjuku-2026-r1-gian-24,hard,content,OB24-H-11,会派: 自民・参政クラブ、新宿区議会公明党、日本共産党新宿区議会議員団、新宿未来の会、立憲民主党・無所属クラブ、日本維新の会・新宿区議団、現役世代に優しい新宿・減税の会、れいわ新選組 新宿,https://www.city.shinjuku.lg.jp/content/000452334.pdf,22ba4f49b18c96bd1fa26241606257c05477f38e25ac46d6f8e4f416a2cedbf2,会派略称・列の並び,共産＝日本共産党新宿区議会議員団…れいわ＝れいわ新選組 新宿…自参ク＝自民・参政クラブ…公明＝新宿区議会公明党…新宿会＝新宿未来の会…民無ク＝立憲民主党・無所属クラブ…維新＝日本維新の会・新宿区議団…現役＝現役世代に優しい新宿・減税の会,supported,7037873adeb9ecd732d61c0145653b89f13b547504fe1f8dd30dab2103ebf000
shinjuku-2026-r1-gian-24,hard,content,OB24-H-12,医薬品、医療機器等の品質、有効性及び安全性の確保等に関する法律等の一部を改正する法律（令和7年法律第37号）の一部の施行による医薬品、医療機器等の品質、有効性及び安全性の確保等に関する法律（昭和35年法律第145号）の改正に伴い、規定を整備する必要があるため,https://www.city.shinjuku.lg.jp/content/000448440.pdf,b6261e96de29eed7bc9ed12b467ba8a6aa616849ecc8cb5d5b8c01952594b30c,（提案理由）,医薬品、医療機器等の品質、有効性及び安全性の確保等に関する法律等の一部を改正する法律（令和7年法律第37号）の一部の施行による医薬品、医療機器等の品質、有効性及び安全性の確保等に関する法律（昭和35年法律第145号）の改正に伴い、規定を整備する必要があるため,supported,7037873adeb9ecd732d61c0145653b89f13b547504fe1f8dd30dab2103ebf000
shinjuku-2026-r1-gian-24,hard,content,OB24-H-13,別表64の項 / 「第14条第15項」を「第14条第13項」に改める,https://www.city.shinjuku.lg.jp/content/000448440.pdf,b6261e96de29eed7bc9ed12b467ba8a6aa616849ecc8cb5d5b8c01952594b30c,別表64の項,別表64の項中「第14条第15項」を「第14条第13項」に改める,supported,7037873adeb9ecd732d61c0145653b89f13b547504fe1f8dd30dab2103ebf000
shinjuku-2026-r1-gian-24,hard,content,OB24-H-14,医薬品、医療機器等の品質、有効性及び安全性の確保等に関する法律の改正により、希少疾病用医薬品等の臨床試験資料に係る特例規定が削除されたこと等に伴い、引用条項を改める。,https://www.city.shinjuku.lg.jp/content/000447774.pdf,1dc3eaffcafb1b1c9e139e823182dc80dc0755624813ca87d8b274d15f5b6624,第24号議案,医薬品、医療機器等の品質、有効性及び安全性の確保等に関…する法律の改正により、希少疾病用医薬品等の臨床試験資料に…係る特例規定が削除されたこと等に伴い、引用条項を改める,supported,7037873adeb9ecd732d61c0145653b89f13b547504fe1f8dd30dab2103ebf000
shinjuku-2026-r1-gian-24,hard,content,OB24-H-15,施行日は令和8年5月1日と記載されている。,https://www.city.shinjuku.lg.jp/content/000447774.pdf,1dc3eaffcafb1b1c9e139e823182dc80dc0755624813ca87d8b274d15f5b6624,第24号議案［施行日］,令和8年5月1日,supported,7037873adeb9ecd732d61c0145653b89f13b547504fe1f8dd30dab2103ebf000
shinjuku-2026-r1-gian-24,hard,content,OB24-H-16,「議案の概要と審議結果」も同旨の概要を記載している。,https://www.city.shinjuku.lg.jp/content/000452334.pdf,22ba4f49b18c96bd1fa26241606257c05477f38e25ac46d6f8e4f416a2cedbf2,第24号議案（議案の概要）,希少疾病用医薬品等の臨床試験資料に係…特例規定が削除されたこと等に伴い、引用条項を改める,supported,7037873adeb9ecd732d61c0145653b89f13b547504fe1f8dd30dab2103ebf000
shinjuku-2026-r1-gian-24,hard,content,OB24-H-17,この条例は、令和8年5月1日から施行する。,https://www.city.shinjuku.lg.jp/content/000448440.pdf,b6261e96de29eed7bc9ed12b467ba8a6aa616849ecc8cb5d5b8c01952594b30c,附則（施行期日）,この条例は、令和8年5月1日から施行する,supported,7037873adeb9ecd732d61c0145653b89f13b547504fe1f8dd30dab2103ebf000
shinjuku-2026-r1-gian-24,hard,content,OB24-H-18,第24号議案 全文 / https://www.city.shinjuku.lg.jp/content/000448440.pdf / b6261e96de29eed7bc9ed12b467ba8a6aa616849ecc8cb5d5b8c01952594b30c,https://www.city.shinjuku.lg.jp/content/000448440.pdf,b6261e96de29eed7bc9ed12b467ba8a6aa616849ecc8cb5d5b8c01952594b30c,件名,新宿区保健衛生事務手数料条例の一部を改正する条例,supported,7037873adeb9ecd732d61c0145653b89f13b547504fe1f8dd30dab2103ebf000
shinjuku-2026-r1-gian-24,hard,content,OB24-H-19,提出案件概要（条例関係） / https://www.city.shinjuku.lg.jp/content/000447774.pdf / 1dc3eaffcafb1b1c9e139e823182dc80dc0755624813ca87d8b274d15f5b6624,https://www.city.shinjuku.lg.jp/content/000447774.pdf,1dc3eaffcafb1b1c9e139e823182dc80dc0755624813ca87d8b274d15f5b6624,提出案件概要（条例関係）,第1回区議会定例会提出案件概要…（条例関係）,supported,7037873adeb9ecd732d61c0145653b89f13b547504fe1f8dd30dab2103ebf000
shinjuku-2026-r1-gian-24,hard,content,OB24-H-20,議案の概要と審議結果 / https://www.city.shinjuku.lg.jp/content/000452334.pdf / 22ba4f49b18c96bd1fa26241606257c05477f38e25ac46d6f8e4f416a2cedbf2,https://www.city.shinjuku.lg.jp/content/000452334.pdf,22ba4f49b18c96bd1fa26241606257c05477f38e25ac46d6f8e4f416a2cedbf2,議案の概要と審議結果,議案の概要と審議結果,supported,7037873adeb9ecd732d61c0145653b89f13b547504fe1f8dd30dab2103ebf000
shinjuku-2026-r1-gian-24,hard,content,OB24-H-21,議決結果ページ（2026-10-04 取得） / https://www.city.shinjuku.lg.jp/kusei/soumu01_002090_00015.html / 7c2b6f68db1b433b860b35d176b4dd9211e78582ec9de718fcfefe68b22d896a,https://www.city.shinjuku.lg.jp/kusei/soumu01_002090_00015.html,7c2b6f68db1b433b860b35d176b4dd9211e78582ec9de718fcfefe68b22d896a,審議状況（議決結果ページ）,第24号議案新宿区保健衛生事務手数料条例の一部を改正する条例原案可決,supported,7037873adeb9ecd732d61c0145653b89f13b547504fe1f8dd30dab2103ebf000
shinjuku-2026-r1-gian-24,hard,content,OB24-H-22,会議録 3月24日 議長（委員会審査報告） / https://ssp.kaigiroku.net/tenant/shinjuku/MinuteView.html?council_id=3163&schedule_id=5&minute_id=40 / 7d01ce713a25eb3f8315ffb309af33adbc4eab16b69bdc1bed2d2bb3f38ab881,https://ssp.kaigiroku.net/tenant/shinjuku/MinuteView.html?council_id=3163&schedule_id=5&minute_id=40,7d01ce713a25eb3f8315ffb309af33adbc4eab16b69bdc1bed2d2bb3f38ab881,審議状況（本会議 3月24日 議長）,福祉健康委員会審査報告書は、可決です,supported,7037873adeb9ecd732d61c0145653b89f13b547504fe1f8dd30dab2103ebf000
shinjuku-2026-r1-gian-24,hard,content,OB24-H-23,会議録 3月24日 議長（採決） / https://ssp.kaigiroku.net/tenant/shinjuku/MinuteView.html?council_id=3163&schedule_id=5&minute_id=41 / 970914f9ce4a28e423e8480a3d4ce175afafafeebd92448698df42d97cb2ec1d,https://ssp.kaigiroku.net/tenant/shinjuku/MinuteView.html?council_id=3163&schedule_id=5&minute_id=41,970914f9ce4a28e423e8480a3d4ce175afafafeebd92448698df42d97cb2ec1d,審議状況（本会議 3月24日 議長）,異議なしと認めます…本案は、いずれも委員会審査報告のとおり可決されました,supported,7037873adeb9ecd732d61c0145653b89f13b547504fe1f8dd30dab2103ebf000
shinjuku-2026-r1-gian-25,easy,title,OB25-ET-01,見出し: 自転車を とめる 場所の 決まりを 見直します,https://www.city.shinjuku.lg.jp/content/000447774.pdf,1dc3eaffcafb1b1c9e139e823182dc80dc0755624813ca87d8b274d15f5b6624,第25号議案（1）,自転車等駐輪場の設置義務について、次のとおり見直しを…行う,supported,3e80be14c86be8be23f78cee184fe7be1a0c3f828a392a7991e94edcf8151f4f
shinjuku-2026-r1-gian-25,easy,summary,OB25-ES-01,要約: 自転車等駐輪場を つくる 義務を 見直します。,https://www.city.shinjuku.lg.jp/content/000447774.pdf,1dc3eaffcafb1b1c9e139e823182dc80dc0755624813ca87d8b274d15f5b6624,第25号議案（1）,自転車等駐輪場の設置義務について、次のとおり見直しを…行う,supported,3e80be14c86be8be23f78cee184fe7be1a0c3f828a392a7991e94edcf8151f4f
shinjuku-2026-r1-gian-25,easy,summary,OB25-ES-02,要約: 位置と 使い方を 表示する 義務も 加えます。,https://www.city.shinjuku.lg.jp/content/000447774.pdf,1dc3eaffcafb1b1c9e139e823182dc80dc0755624813ca87d8b274d15f5b6624,第25号議案（3）,自転車等駐輪場を容易に利用することができるように位置及び利用方法を表示しなければならないこととする,supported,3e80be14c86be8be23f78cee184fe7be1a0c3f828a392a7991e94edcf8151f4f
shinjuku-2026-r1-gian-25,easy,summary,OB25-ES-03,要約: 2026年（令和8年）4月1日（水）から 始まります。,https://www.city.shinjuku.lg.jp/content/000448441.pdf,3148fa0c3f33d0a9ad6a6a5a45d0cd7be43150b2fdd6c247c0b4596213dd1133,附則（施行期日）,この条例は、令和8年4月1日から施行する。ただし、第2条及び次項の規定は、同年10月1日から施行する,supported,3e80be14c86be8be23f78cee184fe7be1a0c3f828a392a7991e94edcf8151f4f
shinjuku-2026-r1-gian-25,easy,summary,OB25-ES-04,要約: 一部は 2026年（令和8年）10月1日（木）からです。,https://www.city.shinjuku.lg.jp/content/000448441.pdf,3148fa0c3f33d0a9ad6a6a5a45d0cd7be43150b2fdd6c247c0b4596213dd1133,附則（施行期日）,この条例は、令和8年4月1日から施行する。ただし、第2条及び次項の規定は、同年10月1日から施行する,supported,3e80be14c86be8be23f78cee184fe7be1a0c3f828a392a7991e94edcf8151f4f
shinjuku-2026-r1-gian-25,easy,content,OB25-E-01,【新宿区自転車等の適正利用の推進及び自転車等駐輪場の整備に関する条例】［しんじゅくくじてんしゃとうのてきせいりようのすいしんおよびじてんしゃとうちゅうりんじょうのせいびにかんするじょうれい］（＝自転車を とめる 場所の 決まり）を 変えます。,https://www.city.shinjuku.lg.jp/content/000448441.pdf,3148fa0c3f33d0a9ad6a6a5a45d0cd7be43150b2fdd6c247c0b4596213dd1133,改め文（第1条）,新宿区自転車等の適正利用の推進及び自転車等駐輪場の整備に関する条例（平成7年新宿区条例第28号）の一部を次のように改正する,supported,3e80be14c86be8be23f78cee184fe7be1a0c3f828a392a7991e94edcf8151f4f
shinjuku-2026-r1-gian-25,easy,content,OB25-E-02,対象は 平成7年 新宿区条例 第28号です。,https://www.city.shinjuku.lg.jp/content/000448441.pdf,3148fa0c3f33d0a9ad6a6a5a45d0cd7be43150b2fdd6c247c0b4596213dd1133,改め文（第1条）,新宿区自転車等の適正利用の推進及び自転車等駐輪場の整備に関する条例（平成7年新宿区条例第28号）の一部を次のように改正する,supported,3e80be14c86be8be23f78cee184fe7be1a0c3f828a392a7991e94edcf8151f4f
shinjuku-2026-r1-gian-25,easy,content,OB25-E-03,【自転車等駐輪場】［じてんしゃとうちゅうりんじょう］（＝自転車を とめる 場所）の 決まりを 見直します。,https://www.city.shinjuku.lg.jp/content/000447774.pdf,1dc3eaffcafb1b1c9e139e823182dc80dc0755624813ca87d8b274d15f5b6624,第25号議案（1）,自転車等駐輪場の設置義務について、次のとおり見直しを…行う,supported,3e80be14c86be8be23f78cee184fe7be1a0c3f828a392a7991e94edcf8151f4f
shinjuku-2026-r1-gian-25,easy,content,OB25-E-04,この 改正は 2段階で 始まります。,https://www.city.shinjuku.lg.jp/content/000448441.pdf,3148fa0c3f33d0a9ad6a6a5a45d0cd7be43150b2fdd6c247c0b4596213dd1133,附則（施行期日）,この条例は、令和8年4月1日から施行する。ただし、第2条及び次項の規定は、同年10月1日から施行する,supported,3e80be14c86be8be23f78cee184fe7be1a0c3f828a392a7991e94edcf8151f4f
shinjuku-2026-r1-gian-25,easy,content,OB25-E-05,2026年（令和8年）4月1日（水）から 変わる ことです。,https://www.city.shinjuku.lg.jp/content/000448441.pdf,3148fa0c3f33d0a9ad6a6a5a45d0cd7be43150b2fdd6c247c0b4596213dd1133,附則（施行期日）,この条例は、令和8年4月1日から施行する。ただし、第2条及び次項の規定は、同年10月1日から施行する,supported,3e80be14c86be8be23f78cee184fe7be1a0c3f828a392a7991e94edcf8151f4f
shinjuku-2026-r1-gian-25,easy,content,OB25-E-06,駐輪場を つくる 規模を ゆるめます,https://www.city.shinjuku.lg.jp/content/000447774.pdf,1dc3eaffcafb1b1c9e139e823182dc80dc0755624813ca87d8b274d15f5b6624,第25号議案（1(1)）,設置しなければならない自転車等駐輪場の規模を緩和する,supported,3e80be14c86be8be23f78cee184fe7be1a0c3f828a392a7991e94edcf8151f4f
shinjuku-2026-r1-gian-25,easy,content,OB25-E-07,地区に よっては 設置の 義務の 対象外に します,https://www.city.shinjuku.lg.jp/content/000447774.pdf,1dc3eaffcafb1b1c9e139e823182dc80dc0755624813ca87d8b274d15f5b6624,第25号議案（2）,地区特性に応じた基準に基づき、必要な自転車等駐輪場の確保が図られている区域については、自転車等駐輪場の設置義務の対象外とする,supported,3e80be14c86be8be23f78cee184fe7be1a0c3f828a392a7991e94edcf8151f4f
shinjuku-2026-r1-gian-25,easy,content,OB25-E-08,駐輪場の 位置と 使い方を 表示する 義務を 加えます,https://www.city.shinjuku.lg.jp/content/000447774.pdf,1dc3eaffcafb1b1c9e139e823182dc80dc0755624813ca87d8b274d15f5b6624,第25号議案（3）,自転車等駐輪場を容易に利用することができるように位置及び利用方法を表示しなければならないこととする,supported,3e80be14c86be8be23f78cee184fe7be1a0c3f828a392a7991e94edcf8151f4f
shinjuku-2026-r1-gian-25,easy,content,OB25-E-09,協議会に 部会を 置く ことが できる ように します,https://www.city.shinjuku.lg.jp/content/000448441.pdf,3148fa0c3f33d0a9ad6a6a5a45d0cd7be43150b2fdd6c247c0b4596213dd1133,第1条（第32条の新設）,協議会は、調査検討を効率的に行うため、部会を置くことができる…部会の組織及び運営に関し必要な事項は、規則で定める,supported,3e80be14c86be8be23f78cee184fe7be1a0c3f828a392a7991e94edcf8151f4f
shinjuku-2026-r1-gian-25,easy,content,OB25-E-10,ゆるめる 例です。,https://www.city.shinjuku.lg.jp/content/000447774.pdf,1dc3eaffcafb1b1c9e139e823182dc80dc0755624813ca87d8b274d15f5b6624,第25号議案［例］,遊技場…原則床面積15㎡ごとに1…床面積70㎡ごとに1台…銀行そ…原則床面積25㎡ごとに1…床面積40㎡ごとに1台,supported,3e80be14c86be8be23f78cee184fe7be1a0c3f828a392a7991e94edcf8151f4f
shinjuku-2026-r1-gian-25,easy,content,OB25-E-11,遊技場は 原則 15㎡ごとに 1台から 70㎡ごとに 1台に なります,https://www.city.shinjuku.lg.jp/content/000447774.pdf,1dc3eaffcafb1b1c9e139e823182dc80dc0755624813ca87d8b274d15f5b6624,第25号議案［例］,遊技場…原則床面積15㎡ごとに1…床面積70㎡ごとに1台…銀行そ…原則床面積25㎡ごとに1…床面積40㎡ごとに1台,supported,3e80be14c86be8be23f78cee184fe7be1a0c3f828a392a7991e94edcf8151f4f
shinjuku-2026-r1-gian-25,easy,content,OB25-E-12,銀行などは 原則 25㎡ごとに 1台から 40㎡ごとに 1台に なります,https://www.city.shinjuku.lg.jp/content/000447774.pdf,1dc3eaffcafb1b1c9e139e823182dc80dc0755624813ca87d8b274d15f5b6624,第25号議案［例］,遊技場…原則床面積15㎡ごとに1…床面積70㎡ごとに1台…銀行そ…原則床面積25㎡ごとに1…床面積40㎡ごとに1台,supported,3e80be14c86be8be23f78cee184fe7be1a0c3f828a392a7991e94edcf8151f4f
shinjuku-2026-r1-gian-25,easy,content,OB25-E-13,ほかの 用途の 規模も 変わります。,https://www.city.shinjuku.lg.jp/content/000448441.pdf,3148fa0c3f33d0a9ad6a6a5a45d0cd7be43150b2fdd6c247c0b4596213dd1133,第1条（第17条第1項の表 百貨店等の項）,"百貨店、スーパ…ーマーケットそ…の他の小売店又…は飲食店…スーパーマーケ…ットを除く小売…飲食店…床面積20平方メート…床面積100平方メー…床面積40平方メート…ル（床面積が1,200平…ル（床面積が1,500平…積60平方メートル…積300平方メートル…積120平方メートル…積600平方メートル…積240平方メートル…5,000平方メ",supported,3e80be14c86be8be23f78cee184fe7be1a0c3f828a392a7991e94edcf8151f4f
shinjuku-2026-r1-gian-25,easy,content,OB25-E-14,2026年（令和8年）10月1日（木）から 変わる ことです。,https://www.city.shinjuku.lg.jp/content/000448441.pdf,3148fa0c3f33d0a9ad6a6a5a45d0cd7be43150b2fdd6c247c0b4596213dd1133,附則（施行期日）,この条例は、令和8年4月1日から施行する。ただし、第2条及び次項の規定は、同年10月1日から施行する,supported,3e80be14c86be8be23f78cee184fe7be1a0c3f828a392a7991e94edcf8151f4f
shinjuku-2026-r1-gian-25,easy,content,OB25-E-15,駐輪場を つくる 用途に 次の 2つを 加えます。,https://www.city.shinjuku.lg.jp/content/000447774.pdf,1dc3eaffcafb1b1c9e139e823182dc80dc0755624813ca87d8b274d15f5b6624,第25号議案（1(2)）,自転車等駐輪場を設置しなければならない施設の用途の区分を次のとおり追加する,supported,3e80be14c86be8be23f78cee184fe7be1a0c3f828a392a7991e94edcf8151f4f
shinjuku-2026-r1-gian-25,easy,content,OB25-E-16,"事務所（床面積が 3,000㎡を こえる もの）",https://www.city.shinjuku.lg.jp/content/000448441.pdf,3148fa0c3f33d0a9ad6a6a5a45d0cd7be43150b2fdd6c247c0b4596213dd1133,第2条（第17条第1項の表 事務所の項）,"事務所…床面積が3,000平方…床面積300平方メート…1,000平方メートル）ご",supported,3e80be14c86be8be23f78cee184fe7be1a0c3f828a392a7991e94edcf8151f4f
shinjuku-2026-r1-gian-25,easy,content,OB25-E-17,共同住宅（30㎡以上の 住戸が 10戸以上 ある もの）,https://www.city.shinjuku.lg.jp/content/000448441.pdf,3148fa0c3f33d0a9ad6a6a5a45d0cd7be43150b2fdd6c247c0b4596213dd1133,第2条（第17条第1項の表 共同住宅の項）,共同住宅…区画の専用面積が…30平方メートル以上…住戸の総数が10戸…戸1戸ごとに1台…以上のもの,supported,3e80be14c86be8be23f78cee184fe7be1a0c3f828a392a7991e94edcf8151f4f
shinjuku-2026-r1-gian-25,easy,content,OB25-E-18,事務所は 床面積300㎡ごとに 1台です。,https://www.city.shinjuku.lg.jp/content/000448441.pdf,3148fa0c3f33d0a9ad6a6a5a45d0cd7be43150b2fdd6c247c0b4596213dd1133,第2条（第17条第1項の表 事務所の項）,"事務所…床面積が3,000平方…床面積300平方メート…1,000平方メートル）ご",supported,3e80be14c86be8be23f78cee184fe7be1a0c3f828a392a7991e94edcf8151f4f
shinjuku-2026-r1-gian-25,easy,content,OB25-E-19,"ただし 3,000㎡を こえた 部分は 1,000㎡ごとです。",https://www.city.shinjuku.lg.jp/content/000448441.pdf,3148fa0c3f33d0a9ad6a6a5a45d0cd7be43150b2fdd6c247c0b4596213dd1133,第2条（第17条第1項の表 事務所の項）,"事務所…床面積が3,000平方…床面積300平方メート…1,000平方メートル）ご",supported,3e80be14c86be8be23f78cee184fe7be1a0c3f828a392a7991e94edcf8151f4f
shinjuku-2026-r1-gian-25,easy,content,OB25-E-20,共同住宅は 30㎡以上の 住戸 1戸ごとに 1台です。,https://www.city.shinjuku.lg.jp/content/000448441.pdf,3148fa0c3f33d0a9ad6a6a5a45d0cd7be43150b2fdd6c247c0b4596213dd1133,第2条（第17条第1項の表 共同住宅の項）,共同住宅…区画の専用面積が…30平方メートル以上…住戸の総数が10戸…戸1戸ごとに1台…以上のもの,supported,3e80be14c86be8be23f78cee184fe7be1a0c3f828a392a7991e94edcf8151f4f
shinjuku-2026-r1-gian-25,easy,content,OB25-E-21,2026年（令和8年）4月1日（水）から 始まります。,https://www.city.shinjuku.lg.jp/content/000448441.pdf,3148fa0c3f33d0a9ad6a6a5a45d0cd7be43150b2fdd6c247c0b4596213dd1133,附則（施行期日）,この条例は、令和8年4月1日から施行する。ただし、第2条及び次項の規定は、同年10月1日から施行する,supported,3e80be14c86be8be23f78cee184fe7be1a0c3f828a392a7991e94edcf8151f4f
shinjuku-2026-r1-gian-25,easy,content,OB25-E-22,事務所と 共同住宅を 加える 第2条の 改正は 別です。,https://www.city.shinjuku.lg.jp/content/000448441.pdf,3148fa0c3f33d0a9ad6a6a5a45d0cd7be43150b2fdd6c247c0b4596213dd1133,附則（施行期日）,この条例は、令和8年4月1日から施行する。ただし、第2条及び次項の規定は、同年10月1日から施行する,supported,3e80be14c86be8be23f78cee184fe7be1a0c3f828a392a7991e94edcf8151f4f
shinjuku-2026-r1-gian-25,easy,content,OB25-E-23,第2条の 改正は 2026年（令和8年）10月1日（木）からです。,https://www.city.shinjuku.lg.jp/content/000448441.pdf,3148fa0c3f33d0a9ad6a6a5a45d0cd7be43150b2fdd6c247c0b4596213dd1133,附則（施行期日）,この条例は、令和8年4月1日から施行する。ただし、第2条及び次項の規定は、同年10月1日から施行する,supported,3e80be14c86be8be23f78cee184fe7be1a0c3f828a392a7991e94edcf8151f4f
shinjuku-2026-r1-gian-25,easy,content,OB25-E-24,10月1日前に 確認申請などを した 施設は これまでの 決まりの ままです。,https://www.city.shinjuku.lg.jp/content/000448441.pdf,3148fa0c3f33d0a9ad6a6a5a45d0cd7be43150b2fdd6c247c0b4596213dd1133,附則（経過措置）,第2条の規定による改正後の…第3章の規定は、前項ただし書に規定する規定の施行の日以後に建築基準法…第6条第1項若しくは第6条の2第1項…の規定による確認の申請又は同法第18条第2項若しくは第4項…の規定による計画の通知（以下これらを「確認申請等」という。）を行う施設について適用し、同日前に確認申請等を行った施設については、なお従前の例による,supported,3e80be14c86be8be23f78cee184fe7be1a0c3f828a392a7991e94edcf8151f4f
shinjuku-2026-r1-gian-25,easy,content,OB25-E-25,【原案可決】［げんあんかけつ］（＝出した 通りの 内容で 決まること）です。,https://www.city.shinjuku.lg.jp/kusei/soumu01_002090_00015.html,7c2b6f68db1b433b860b35d176b4dd9211e78582ec9de718fcfefe68b22d896a,審議状況（議決結果ページ）,第25号議案新宿区自転車等の適正利用の推進及び自転車等駐輪場の整備に関する条例の一部を改正する条例原案可決,supported,3e80be14c86be8be23f78cee184fe7be1a0c3f828a392a7991e94edcf8151f4f
shinjuku-2026-r1-gian-25,easy,content,OB25-E-26,2026年（令和8年）の 第1回定例会で 決まりました。,https://www.city.shinjuku.lg.jp/content/000452334.pdf,22ba4f49b18c96bd1fa26241606257c05477f38e25ac46d6f8e4f416a2cedbf2,審議状況（会期）,令和８年第１回定例会…２月１７日～３月２４日,supported,3e80be14c86be8be23f78cee184fe7be1a0c3f828a392a7991e94edcf8151f4f
shinjuku-2026-r1-gian-25,easy,content,OB25-E-27,会期は 2026年2月17日（火）から 3月24日（火）まででした。,https://www.city.shinjuku.lg.jp/content/000452334.pdf,22ba4f49b18c96bd1fa26241606257c05477f38e25ac46d6f8e4f416a2cedbf2,審議状況（会期）,令和８年第１回定例会…２月１７日～３月２４日,supported,3e80be14c86be8be23f78cee184fe7be1a0c3f828a392a7991e94edcf8151f4f
shinjuku-2026-r1-gian-25,easy,content,OB25-E-28,本会議で 決まった 日は 3月24日（火）です。,https://ssp.kaigiroku.net/tenant/shinjuku/MinuteView.html?council_id=3163&schedule_id=5&minute_id=1,bd058d36962b45d8d965e4625bb95ecd661a102a026175213f37ba9eb575424a,審議状況（本会議 3月24日 議長）,令和８年第１回定例会会議録（第４日）第４号令和８年３月２４日（火曜日）,supported,3e80be14c86be8be23f78cee184fe7be1a0c3f828a392a7991e94edcf8151f4f
shinjuku-2026-r1-gian-25,easy,content,OB25-E-29,ほかの 議案と まとめて 議題に なりました。,https://ssp.kaigiroku.net/tenant/shinjuku/MinuteView.html?council_id=3163&schedule_id=5&minute_id=42,78d3acb86854b2a4bc9466207a60576ca68f1c71da42fb097c6101c02e08bb29,審議状況（本会議 3月24日 議長）,日程第15から日程第21までを一括議題とします,supported,3e80be14c86be8be23f78cee184fe7be1a0c3f828a392a7991e94edcf8151f4f
shinjuku-2026-r1-gian-25,easy,content,OB25-E-30,環境建設委員会の 審査報告書は 可決でした。,https://ssp.kaigiroku.net/tenant/shinjuku/MinuteView.html?council_id=3163&schedule_id=5&minute_id=50,315b6d8358728f38ebe14b658491fdda972f57c9899a0a3184c84579e8c8b62c,審議状況（本会議 3月24日 議長）,環境建設委員会審査報告書は、可決です,supported,3e80be14c86be8be23f78cee184fe7be1a0c3f828a392a7991e94edcf8151f4f
shinjuku-2026-r1-gian-25,easy,content,OB25-E-31,議長が 異議が ないか たずねました。,https://ssp.kaigiroku.net/tenant/shinjuku/MinuteView.html?council_id=3163&schedule_id=5&minute_id=50,315b6d8358728f38ebe14b658491fdda972f57c9899a0a3184c84579e8c8b62c,審議状況（本会議 3月24日 議長）,環境建設委員会審査報告書は、可決です,supported,3e80be14c86be8be23f78cee184fe7be1a0c3f828a392a7991e94edcf8151f4f
shinjuku-2026-r1-gian-25,easy,content,OB25-E-32,異議なしと 認められて 可決しました。,https://ssp.kaigiroku.net/tenant/shinjuku/MinuteView.html?council_id=3163&schedule_id=5&minute_id=51,970914f9ce4a28e423e8480a3d4ce175afafafeebd92448698df42d97cb2ec1d,審議状況（本会議 3月24日 議長）,異議なしと認めます…本案は、いずれも委員会審査報告のとおり可決されました,supported,3e80be14c86be8be23f78cee184fe7be1a0c3f828a392a7991e94edcf8151f4f
shinjuku-2026-r1-gian-25,easy,content,OB25-E-33,賛成したのは ８つの 会派 すべてです。,https://www.city.shinjuku.lg.jp/content/000452334.pdf,22ba4f49b18c96bd1fa26241606257c05477f38e25ac46d6f8e4f416a2cedbf2,審議状況（議案の概要と審議結果の採決結果行）,象外とする。○○○○○○○○可決,supported,3e80be14c86be8be23f78cee184fe7be1a0c3f828a392a7991e94edcf8151f4f
shinjuku-2026-r1-gian-25,normal,title,OB25-NT-01,見出し: 自転車等駐輪場の設置義務の見直しと表示の義務づけ,https://www.city.shinjuku.lg.jp/content/000447774.pdf,1dc3eaffcafb1b1c9e139e823182dc80dc0755624813ca87d8b274d15f5b6624,第25号議案（1）,自転車等駐輪場の設置義務について、次のとおり見直しを…行う,supported,9c43a406de930da5a4b8b934dcc7f10d1e98c08bea1f3f4a2e7cec048031bcb7
shinjuku-2026-r1-gian-25,normal,summary,OB25-NS-01,要約: 自転車等駐輪場の設置義務の規模を緩和し、設置義務のある施設の用途の区分に事務所と共同住宅を加える条例改正です。,https://www.city.shinjuku.lg.jp/content/000447774.pdf,1dc3eaffcafb1b1c9e139e823182dc80dc0755624813ca87d8b274d15f5b6624,第25号議案（1(2)）,自転車等駐輪場を設置しなければならない施設の用途の区分を次のとおり追加する,supported,9c43a406de930da5a4b8b934dcc7f10d1e98c08bea1f3f4a2e7cec048031bcb7
shinjuku-2026-r1-gian-25,normal,summary,OB25-NS-02,要約: 駐輪場の位置及び利用方法の表示も義務づけます。,https://www.city.shinjuku.lg.jp/content/000447774.pdf,1dc3eaffcafb1b1c9e139e823182dc80dc0755624813ca87d8b274d15f5b6624,第25号議案（3）,自転車等駐輪場を容易に利用することができるように位置及び利用方法を表示しなければならないこととする,supported,9c43a406de930da5a4b8b934dcc7f10d1e98c08bea1f3f4a2e7cec048031bcb7
shinjuku-2026-r1-gian-25,normal,summary,OB25-NS-03,要約: 施行日は令和8年4月1日で、事務所と共同住宅を加える第2条の改正は同年10月1日です。,https://www.city.shinjuku.lg.jp/content/000448441.pdf,3148fa0c3f33d0a9ad6a6a5a45d0cd7be43150b2fdd6c247c0b4596213dd1133,附則（施行期日）,この条例は、令和8年4月1日から施行する。ただし、第2条及び次項の規定は、同年10月1日から施行する,supported,9c43a406de930da5a4b8b934dcc7f10d1e98c08bea1f3f4a2e7cec048031bcb7
shinjuku-2026-r1-gian-25,normal,content,OB25-N-01,新宿区自転車等の適正利用の推進及び自転車等駐輪場の整備に関する条例（平成7年新宿区条例第28号）の改正です。,https://www.city.shinjuku.lg.jp/content/000448441.pdf,3148fa0c3f33d0a9ad6a6a5a45d0cd7be43150b2fdd6c247c0b4596213dd1133,改め文（第1条）,新宿区自転車等の適正利用の推進及び自転車等駐輪場の整備に関する条例（平成7年新宿区条例第28号）の一部を次のように改正する,supported,9c43a406de930da5a4b8b934dcc7f10d1e98c08bea1f3f4a2e7cec048031bcb7
shinjuku-2026-r1-gian-25,normal,content,OB25-N-02,自転車等駐輪場の設置義務の見直しと、位置・利用方法の表示の義務づけを中心とする改正です。,https://www.city.shinjuku.lg.jp/content/000448441.pdf,3148fa0c3f33d0a9ad6a6a5a45d0cd7be43150b2fdd6c247c0b4596213dd1133,（提案理由）,自転車等駐輪場の設置義務の緩和及び新たな指定用途の設定を行うとともに、自転車等駐輪場の位置及び利用方法の表示を義務付ける等所要の改正を行う必要があるため,supported,9c43a406de930da5a4b8b934dcc7f10d1e98c08bea1f3f4a2e7cec048031bcb7
shinjuku-2026-r1-gian-25,normal,content,OB25-N-03,改正は2つの条に分かれ、第1条は令和8年4月1日、第2条は令和8年10月1日に施行されます。,https://www.city.shinjuku.lg.jp/content/000448441.pdf,3148fa0c3f33d0a9ad6a6a5a45d0cd7be43150b2fdd6c247c0b4596213dd1133,附則（施行期日）,この条例は、令和8年4月1日から施行する。ただし、第2条及び次項の規定は、同年10月1日から施行する,supported,9c43a406de930da5a4b8b934dcc7f10d1e98c08bea1f3f4a2e7cec048031bcb7
shinjuku-2026-r1-gian-25,normal,content,OB25-N-04,自転車等駐輪場の設置義務について、次のとおり見直しを行う。,https://www.city.shinjuku.lg.jp/content/000447774.pdf,1dc3eaffcafb1b1c9e139e823182dc80dc0755624813ca87d8b274d15f5b6624,第25号議案（1）,自転車等駐輪場の設置義務について、次のとおり見直しを…行う,supported,9c43a406de930da5a4b8b934dcc7f10d1e98c08bea1f3f4a2e7cec048031bcb7
shinjuku-2026-r1-gian-25,normal,content,OB25-N-05,設置しなければならない自転車等駐輪場の規模を緩和する。,https://www.city.shinjuku.lg.jp/content/000447774.pdf,1dc3eaffcafb1b1c9e139e823182dc80dc0755624813ca87d8b274d15f5b6624,第25号議案（1(1)）,設置しなければならない自転車等駐輪場の規模を緩和する,supported,9c43a406de930da5a4b8b934dcc7f10d1e98c08bea1f3f4a2e7cec048031bcb7
shinjuku-2026-r1-gian-25,normal,content,OB25-N-06,自転車等駐輪場を設置しなければならない施設の用途の区分を次のとおり追加する。,https://www.city.shinjuku.lg.jp/content/000447774.pdf,1dc3eaffcafb1b1c9e139e823182dc80dc0755624813ca87d8b274d15f5b6624,第25号議案（1(2)）,自転車等駐輪場を設置しなければならない施設の用途の区分を次のとおり追加する,supported,9c43a406de930da5a4b8b934dcc7f10d1e98c08bea1f3f4a2e7cec048031bcb7
shinjuku-2026-r1-gian-25,normal,content,OB25-N-07,地区特性に応じた基準に基づき、必要な自転車等駐輪場の確保が図られている区域については、自転車等駐輪場の設置義務の対象外とする。,https://www.city.shinjuku.lg.jp/content/000447774.pdf,1dc3eaffcafb1b1c9e139e823182dc80dc0755624813ca87d8b274d15f5b6624,第25号議案（2）,地区特性に応じた基準に基づき、必要な自転車等駐輪場の確保が図られている区域については、自転車等駐輪場の設置義務の対象外とする,supported,9c43a406de930da5a4b8b934dcc7f10d1e98c08bea1f3f4a2e7cec048031bcb7
shinjuku-2026-r1-gian-25,normal,content,OB25-N-08,自転車等駐輪場を容易に利用することができるように位置及び利用方法を表示しなければならないこととする。,https://www.city.shinjuku.lg.jp/content/000447774.pdf,1dc3eaffcafb1b1c9e139e823182dc80dc0755624813ca87d8b274d15f5b6624,第25号議案（3）,自転車等駐輪場を容易に利用することができるように位置及び利用方法を表示しなければならないこととする,supported,9c43a406de930da5a4b8b934dcc7f10d1e98c08bea1f3f4a2e7cec048031bcb7
shinjuku-2026-r1-gian-25,normal,content,OB25-N-09,議案本文の提案理由は、自転車等駐輪場の設置義務の緩和及び新たな指定用途の設定を行うとともに、位置及び利用方法の表示を義務付ける等所要の改正を行う必要があるため、としています。,https://www.city.shinjuku.lg.jp/content/000448441.pdf,3148fa0c3f33d0a9ad6a6a5a45d0cd7be43150b2fdd6c247c0b4596213dd1133,（提案理由）,自転車等駐輪場の設置義務の緩和及び新たな指定用途の設定を行うとともに、自転車等駐輪場の位置及び利用方法の表示を義務付ける等所要の改正を行う必要があるため,supported,9c43a406de930da5a4b8b934dcc7f10d1e98c08bea1f3f4a2e7cec048031bcb7
shinjuku-2026-r1-gian-25,normal,content,OB25-N-10,第1条による改正（令和8年4月1日施行）は次のとおりです。,https://www.city.shinjuku.lg.jp/content/000448441.pdf,3148fa0c3f33d0a9ad6a6a5a45d0cd7be43150b2fdd6c247c0b4596213dd1133,附則（施行期日）,この条例は、令和8年4月1日から施行する。ただし、第2条及び次項の規定は、同年10月1日から施行する,supported,9c43a406de930da5a4b8b934dcc7f10d1e98c08bea1f3f4a2e7cec048031bcb7
shinjuku-2026-r1-gian-25,normal,content,OB25-N-11,第17条第1項にただし書を加え、区長が別に定める地区特性に応じた基準に基づき、必要な自転車等駐輪場の確保が図られていると認める区域については、設置義務を適用しないこととします。,https://www.city.shinjuku.lg.jp/content/000448441.pdf,3148fa0c3f33d0a9ad6a6a5a45d0cd7be43150b2fdd6c247c0b4596213dd1133,第1条（第17条第1項ただし書）,ただし、区長が別に定める地区特性に応じた基準に基づき、必要な自転車等駐輪場の確保が図られていると認める区域については、この限りでない,supported,9c43a406de930da5a4b8b934dcc7f10d1e98c08bea1f3f4a2e7cec048031bcb7
shinjuku-2026-r1-gian-25,normal,content,OB25-N-12,"遊技場: 「15平方メートル（床面積が5,000平方メートルを超える部分については、床面積30平方メートル）」を「70平方メートル」に改めます。",https://www.city.shinjuku.lg.jp/content/000448441.pdf,3148fa0c3f33d0a9ad6a6a5a45d0cd7be43150b2fdd6c247c0b4596213dd1133,第1条（第17条第1項の表 遊技場の項）,"遊技場の項中「15平方メートル（床面積が5,000平方メートルを超える部分については、床面積30平方メートル）」を「70平方メートル」に改め",supported,9c43a406de930da5a4b8b934dcc7f10d1e98c08bea1f3f4a2e7cec048031bcb7
shinjuku-2026-r1-gian-25,normal,content,OB25-N-13,"銀行その他の金融機関: 「25平方メートル（床面積が5,000平方メートルを超える部分については、床面積50平方メートル）」を「40平方メートル」に改めます。",https://www.city.shinjuku.lg.jp/content/000448441.pdf,3148fa0c3f33d0a9ad6a6a5a45d0cd7be43150b2fdd6c247c0b4596213dd1133,第1条（第17条第1項の表 銀行等の項）,"銀行その他の金融機関の項中「25平方メートル（床面積が5,000平方メートルを超える部分については、床面積50平方メートル）」を「40平方メートル」に改め",supported,9c43a406de930da5a4b8b934dcc7f10d1e98c08bea1f3f4a2e7cec048031bcb7
shinjuku-2026-r1-gian-25,normal,content,OB25-N-14,スポーツ、体育その他の健康の増進を目的とする施設: 「25平方メートル」を「400平方メートル」に改めます。,https://www.city.shinjuku.lg.jp/content/000448441.pdf,3148fa0c3f33d0a9ad6a6a5a45d0cd7be43150b2fdd6c247c0b4596213dd1133,第1条（第17条第1項の表 スポーツ施設等の項）,スポーツ、体育その他の健康の増進を目的とする施設の項中「25平方メートル」を「400平方メートル」に改め,supported,9c43a406de930da5a4b8b934dcc7f10d1e98c08bea1f3f4a2e7cec048031bcb7
shinjuku-2026-r1-gian-25,normal,content,OB25-N-15,学習、教養、趣味等の教授を目的とする施設: 「15平方メートル」の次に「（床面積が600平方メートルを超える部分については、床面積300平方メートル）」を加えます。,https://www.city.shinjuku.lg.jp/content/000448441.pdf,3148fa0c3f33d0a9ad6a6a5a45d0cd7be43150b2fdd6c247c0b4596213dd1133,第1条（第17条第1項の表 学習等の教授の項）,学習、教養、趣味等の教授を目的とする施設の項中「15平方メートル」の次に「（床面積が600平方メートルを超える部分については、床面積300平方メートル）」を加える,supported,9c43a406de930da5a4b8b934dcc7f10d1e98c08bea1f3f4a2e7cec048031bcb7
shinjuku-2026-r1-gian-25,normal,content,OB25-N-16,百貨店、スーパーマーケットその他の小売店又は飲食店の項: スーパーマーケット、スーパーマーケットを除く小売店、飲食店の3つの項に改めます。,https://www.city.shinjuku.lg.jp/content/000448441.pdf,3148fa0c3f33d0a9ad6a6a5a45d0cd7be43150b2fdd6c247c0b4596213dd1133,第1条（第17条第1項の表 百貨店等の項）,"百貨店、スーパ…ーマーケットそ…の他の小売店又…は飲食店…スーパーマーケ…ットを除く小売…飲食店…床面積20平方メート…床面積100平方メー…床面積40平方メート…ル（床面積が1,200平…ル（床面積が1,500平…積60平方メートル…積300平方メートル…積120平方メートル…積600平方メートル…積240平方メートル…5,000平方メ",supported,9c43a406de930da5a4b8b934dcc7f10d1e98c08bea1f3f4a2e7cec048031bcb7
shinjuku-2026-r1-gian-25,normal,content,OB25-N-17,第23条に第3項を加え、駐輪場を設置する者に、位置及び利用方法の表示を義務づけます。,https://www.city.shinjuku.lg.jp/content/000448441.pdf,3148fa0c3f33d0a9ad6a6a5a45d0cd7be43150b2fdd6c247c0b4596213dd1133,第1条（第23条第3項の新設）,第17条又は第18条の規定により自転車等駐輪場を設置する者は、利用者が当該自転車等駐輪場を容易に利用することができるようその位置及び利用方法を表示しなければならない,supported,9c43a406de930da5a4b8b934dcc7f10d1e98c08bea1f3f4a2e7cec048031bcb7
shinjuku-2026-r1-gian-25,normal,content,OB25-N-18,第5章に第32条（部会）を加え、協議会が調査検討を効率的に行うため部会を置くことができるとします。,https://www.city.shinjuku.lg.jp/content/000448441.pdf,3148fa0c3f33d0a9ad6a6a5a45d0cd7be43150b2fdd6c247c0b4596213dd1133,第1条（第32条の新設）,協議会は、調査検討を効率的に行うため、部会を置くことができる…部会の組織及び運営に関し必要な事項は、規則で定める,supported,9c43a406de930da5a4b8b934dcc7f10d1e98c08bea1f3f4a2e7cec048031bcb7
shinjuku-2026-r1-gian-25,normal,content,OB25-N-19,第2条による改正（令和8年10月1日施行）は次のとおりです。,https://www.city.shinjuku.lg.jp/content/000448441.pdf,3148fa0c3f33d0a9ad6a6a5a45d0cd7be43150b2fdd6c247c0b4596213dd1133,附則（施行期日）,この条例は、令和8年4月1日から施行する。ただし、第2条及び次項の規定は、同年10月1日から施行する,supported,9c43a406de930da5a4b8b934dcc7f10d1e98c08bea1f3f4a2e7cec048031bcb7
shinjuku-2026-r1-gian-25,normal,content,OB25-N-20,"第17条第1項の表に、事務所（床面積が3,000平方メートルを超えるもの）を加えます。床面積300平方メートル（3,000平方メートルを超える部分については1,000平方メートル）ごとに1台です。",https://www.city.shinjuku.lg.jp/content/000448441.pdf,3148fa0c3f33d0a9ad6a6a5a45d0cd7be43150b2fdd6c247c0b4596213dd1133,第2条（第17条第1項の表 事務所の項）,"事務所…床面積が3,000平方…床面積300平方メート…1,000平方メートル）ご",supported,9c43a406de930da5a4b8b934dcc7f10d1e98c08bea1f3f4a2e7cec048031bcb7
shinjuku-2026-r1-gian-25,normal,content,OB25-N-21,第17条第1項の表に、共同住宅（1区画の専用面積が30平方メートル以上の住戸の総数が10戸以上のもの）を加えます。1区画の専用面積が30平方メートル以上の住戸1戸ごとに1台です。,https://www.city.shinjuku.lg.jp/content/000448441.pdf,3148fa0c3f33d0a9ad6a6a5a45d0cd7be43150b2fdd6c247c0b4596213dd1133,第2条（第17条第1項の表 共同住宅の項）,共同住宅…区画の専用面積が…30平方メートル以上…住戸の総数が10戸…戸1戸ごとに1台…以上のもの,supported,9c43a406de930da5a4b8b934dcc7f10d1e98c08bea1f3f4a2e7cec048031bcb7
shinjuku-2026-r1-gian-25,normal,content,OB25-N-22,第17条第1項の「以内」の次に、共同住宅（ワンルームマンション等を除く）の用途に供する施設に係る自転車等駐輪場にあっては、当該施設又はその敷地内とする旨のかっこ書を加えます。,https://www.city.shinjuku.lg.jp/content/000448441.pdf,3148fa0c3f33d0a9ad6a6a5a45d0cd7be43150b2fdd6c247c0b4596213dd1133,第2条（第17条第1項）,第17条第1項中「以内」の次に「（共同住宅（新宿区ワンルームマンション等の建築及び管理に関する条例（平成15年新宿区条例第72号）第2条第2号に規定するワンルームマンション等を除く。以下同じ。）の用途に供する施設に係る自転車等駐輪場にあっては、当該施設又はその敷地内）」を加え,supported,9c43a406de930da5a4b8b934dcc7f10d1e98c08bea1f3f4a2e7cec048031bcb7
shinjuku-2026-r1-gian-25,normal,content,OB25-N-23,第18条: 「指定用途」の次に「（事務所及び共同住宅を除く。）」を加えます。,https://www.city.shinjuku.lg.jp/content/000448441.pdf,3148fa0c3f33d0a9ad6a6a5a45d0cd7be43150b2fdd6c247c0b4596213dd1133,第2条（第18条）,第18条中「指定用途」の次に「（事務所及び共同住宅を除く。）」を加え、「当該用途」を「当該指定用途」に改める,supported,9c43a406de930da5a4b8b934dcc7f10d1e98c08bea1f3f4a2e7cec048031bcb7
shinjuku-2026-r1-gian-25,normal,content,OB25-N-24,第21条: 「指定用途（共同住宅を除く。以下同じ。）に供する施設又は混合用途施設に係る」を加えます。,https://www.city.shinjuku.lg.jp/content/000448441.pdf,3148fa0c3f33d0a9ad6a6a5a45d0cd7be43150b2fdd6c247c0b4596213dd1133,第2条（第21条）,第21条中「までの規定により」の次に「指定用途（共同住宅を除く。以下同じ。）に供する施設又は混合用途施設に係る」を加える,supported,9c43a406de930da5a4b8b934dcc7f10d1e98c08bea1f3f4a2e7cec048031bcb7
shinjuku-2026-r1-gian-25,normal,content,OB25-N-25,第23条第3項: 「指定用途に供する施設又は混合用途施設に係る」を加えます。,https://www.city.shinjuku.lg.jp/content/000448441.pdf,3148fa0c3f33d0a9ad6a6a5a45d0cd7be43150b2fdd6c247c0b4596213dd1133,第2条（第23条第3項）,第23条第3項中「より」の次に「指定用途に供する施設又は混合用途施設に係る」を加える,supported,9c43a406de930da5a4b8b934dcc7f10d1e98c08bea1f3f4a2e7cec048031bcb7
shinjuku-2026-r1-gian-25,normal,content,OB25-N-26,第1条による改正は、令和8年4月1日から施行されます。,https://www.city.shinjuku.lg.jp/content/000448441.pdf,3148fa0c3f33d0a9ad6a6a5a45d0cd7be43150b2fdd6c247c0b4596213dd1133,附則（施行期日）,この条例は、令和8年4月1日から施行する。ただし、第2条及び次項の規定は、同年10月1日から施行する,supported,9c43a406de930da5a4b8b934dcc7f10d1e98c08bea1f3f4a2e7cec048031bcb7
shinjuku-2026-r1-gian-25,normal,content,OB25-N-27,第2条による改正と附則第2項は、同年10月1日から施行されます。,https://www.city.shinjuku.lg.jp/content/000448441.pdf,3148fa0c3f33d0a9ad6a6a5a45d0cd7be43150b2fdd6c247c0b4596213dd1133,附則（施行期日）,この条例は、令和8年4月1日から施行する。ただし、第2条及び次項の規定は、同年10月1日から施行する,supported,9c43a406de930da5a4b8b934dcc7f10d1e98c08bea1f3f4a2e7cec048031bcb7
shinjuku-2026-r1-gian-25,normal,content,OB25-N-28,経過措置として、第2条による改正後の第3章の規定は、10月1日以後に建築基準法の確認の申請または計画の通知（確認申請等）を行う施設に適用されます。同日前に確認申請等を行った施設は、なお従前の例によります。,https://www.city.shinjuku.lg.jp/content/000448441.pdf,3148fa0c3f33d0a9ad6a6a5a45d0cd7be43150b2fdd6c247c0b4596213dd1133,附則（経過措置）,第2条の規定による改正後の…第3章の規定は、前項ただし書に規定する規定の施行の日以後に建築基準法…第6条第1項若しくは第6条の2第1項…の規定による確認の申請又は同法第18条第2項若しくは第4項…の規定による計画の通知（以下これらを「確認申請等」という。）を行う施設について適用し、同日前に確認申請等を行った施設については、なお従前の例による,supported,9c43a406de930da5a4b8b934dcc7f10d1e98c08bea1f3f4a2e7cec048031bcb7
shinjuku-2026-r1-gian-25,normal,content,OB25-N-29,令和8年第1回定例会（会期は2月17日から3月24日まで）で審議されました。,https://www.city.shinjuku.lg.jp/content/000452334.pdf,22ba4f49b18c96bd1fa26241606257c05477f38e25ac46d6f8e4f416a2cedbf2,審議状況（会期）,令和８年第１回定例会…２月１７日～３月２４日,supported,9c43a406de930da5a4b8b934dcc7f10d1e98c08bea1f3f4a2e7cec048031bcb7
shinjuku-2026-r1-gian-25,normal,content,OB25-N-30,本会議は第4日にあたる3月24日（火曜日）でした。,https://ssp.kaigiroku.net/tenant/shinjuku/MinuteView.html?council_id=3163&schedule_id=5&minute_id=1,bd058d36962b45d8d965e4625bb95ecd661a102a026175213f37ba9eb575424a,審議状況（本会議 3月24日 議長）,令和８年第１回定例会会議録（第４日）第４号令和８年３月２４日（火曜日）,supported,9c43a406de930da5a4b8b934dcc7f10d1e98c08bea1f3f4a2e7cec048031bcb7
shinjuku-2026-r1-gian-25,normal,content,OB25-N-31,日程第15から日程第21までの議案とあわせて、一括して議題となりました。,https://ssp.kaigiroku.net/tenant/shinjuku/MinuteView.html?council_id=3163&schedule_id=5&minute_id=42,78d3acb86854b2a4bc9466207a60576ca68f1c71da42fb097c6101c02e08bb29,審議状況（本会議 3月24日 議長）,日程第15から日程第21までを一括議題とします,supported,9c43a406de930da5a4b8b934dcc7f10d1e98c08bea1f3f4a2e7cec048031bcb7
shinjuku-2026-r1-gian-25,normal,content,OB25-N-32,環境建設委員会の審査報告書は「可決」でした。,https://ssp.kaigiroku.net/tenant/shinjuku/MinuteView.html?council_id=3163&schedule_id=5&minute_id=50,315b6d8358728f38ebe14b658491fdda972f57c9899a0a3184c84579e8c8b62c,審議状況（本会議 3月24日 議長）,環境建設委員会審査報告書は、可決です,supported,9c43a406de930da5a4b8b934dcc7f10d1e98c08bea1f3f4a2e7cec048031bcb7
shinjuku-2026-r1-gian-25,normal,content,OB25-N-33,本会議は、異議なしと認めて、委員会審査報告のとおり可決しました。,https://ssp.kaigiroku.net/tenant/shinjuku/MinuteView.html?council_id=3163&schedule_id=5&minute_id=51,970914f9ce4a28e423e8480a3d4ce175afafafeebd92448698df42d97cb2ec1d,審議状況（本会議 3月24日 議長）,異議なしと認めます…本案は、いずれも委員会審査報告のとおり可決されました,supported,9c43a406de930da5a4b8b934dcc7f10d1e98c08bea1f3f4a2e7cec048031bcb7
shinjuku-2026-r1-gian-25,normal,content,OB25-N-34,議決結果ページの記載は「原案可決」です。,https://www.city.shinjuku.lg.jp/kusei/soumu01_002090_00015.html,7c2b6f68db1b433b860b35d176b4dd9211e78582ec9de718fcfefe68b22d896a,審議状況（議決結果ページ）,第25号議案新宿区自転車等の適正利用の推進及び自転車等駐輪場の整備に関する条例の一部を改正する条例原案可決,supported,9c43a406de930da5a4b8b934dcc7f10d1e98c08bea1f3f4a2e7cec048031bcb7
shinjuku-2026-r1-gian-25,normal,content,OB25-N-35,「議案の概要と審議結果」の採決結果行では、8会派すべてが賛成（○）でした。,https://www.city.shinjuku.lg.jp/content/000452334.pdf,22ba4f49b18c96bd1fa26241606257c05477f38e25ac46d6f8e4f416a2cedbf2,審議状況（議案の概要と審議結果の採決結果行）,象外とする。○○○○○○○○可決,supported,9c43a406de930da5a4b8b934dcc7f10d1e98c08bea1f3f4a2e7cec048031bcb7
shinjuku-2026-r1-gian-25,hard,title,OB25-HT-01,見出し: 第25号議案 新宿区自転車等の適正利用の推進及び自転車等駐輪場の整備に関する条例の一部を改正する条例,https://www.city.shinjuku.lg.jp/content/000448441.pdf,3148fa0c3f33d0a9ad6a6a5a45d0cd7be43150b2fdd6c247c0b4596213dd1133,件名,新宿区自転車等の適正利用の推進及び自転車等駐輪場の整備に関する条例の一部を改正する条例,supported,558872998d9d1dcfa358f9a3ac0727e2d121d9f96f6a7ac8d22c3a9775652dcd
shinjuku-2026-r1-gian-25,hard,summary,OB25-HS-01,要約: 平成7年新宿区条例第28号について、第17条第1項の表の設置規模を見直し、地区特性に応じた基準による適用除外を設ける。,https://www.city.shinjuku.lg.jp/content/000448441.pdf,3148fa0c3f33d0a9ad6a6a5a45d0cd7be43150b2fdd6c247c0b4596213dd1133,第1条（第17条第1項ただし書）,ただし、区長が別に定める地区特性に応じた基準に基づき、必要な自転車等駐輪場の確保が図られていると認める区域については、この限りでない,supported,558872998d9d1dcfa358f9a3ac0727e2d121d9f96f6a7ac8d22c3a9775652dcd
shinjuku-2026-r1-gian-25,hard,summary,OB25-HS-02,要約: 第23条第3項で位置及び利用方法の表示を義務づける。,https://www.city.shinjuku.lg.jp/content/000448441.pdf,3148fa0c3f33d0a9ad6a6a5a45d0cd7be43150b2fdd6c247c0b4596213dd1133,第1条（第23条第3項の新設）,第17条又は第18条の規定により自転車等駐輪場を設置する者は、利用者が当該自転車等駐輪場を容易に利用することができるようその位置及び利用方法を表示しなければならない,supported,558872998d9d1dcfa358f9a3ac0727e2d121d9f96f6a7ac8d22c3a9775652dcd
shinjuku-2026-r1-gian-25,hard,summary,OB25-HS-03,要約: 令和8年10月1日施行の第2条で、事務所と共同住宅を加える。,https://www.city.shinjuku.lg.jp/content/000448441.pdf,3148fa0c3f33d0a9ad6a6a5a45d0cd7be43150b2fdd6c247c0b4596213dd1133,第2条（第17条第1項の表 事務所の項）,"事務所…床面積が3,000平方…床面積300平方メート…1,000平方メートル）ご",supported,558872998d9d1dcfa358f9a3ac0727e2d121d9f96f6a7ac8d22c3a9775652dcd
shinjuku-2026-r1-gian-25,hard,summary,OB25-HS-04,要約: 施行日は第1条が令和8年4月1日、第2条が同年10月1日。,https://www.city.shinjuku.lg.jp/content/000448441.pdf,3148fa0c3f33d0a9ad6a6a5a45d0cd7be43150b2fdd6c247c0b4596213dd1133,附則（施行期日）,この条例は、令和8年4月1日から施行する。ただし、第2条及び次項の規定は、同年10月1日から施行する,supported,558872998d9d1dcfa358f9a3ac0727e2d121d9f96f6a7ac8d22c3a9775652dcd
shinjuku-2026-r1-gian-25,hard,content,OB25-H-01,提出日: 令和8年2月17日,https://www.city.shinjuku.lg.jp/content/000448441.pdf,3148fa0c3f33d0a9ad6a6a5a45d0cd7be43150b2fdd6c247c0b4596213dd1133,提出日・提出者,令和８年２月１７日…新宿区長…吉住…健一,supported,558872998d9d1dcfa358f9a3ac0727e2d121d9f96f6a7ac8d22c3a9775652dcd
shinjuku-2026-r1-gian-25,hard,content,OB25-H-02,提出者: 新宿区長 吉住健一,https://www.city.shinjuku.lg.jp/content/000448441.pdf,3148fa0c3f33d0a9ad6a6a5a45d0cd7be43150b2fdd6c247c0b4596213dd1133,提出日・提出者,令和８年２月１７日…新宿区長…吉住…健一,supported,558872998d9d1dcfa358f9a3ac0727e2d121d9f96f6a7ac8d22c3a9775652dcd
shinjuku-2026-r1-gian-25,hard,content,OB25-H-03,対象条例: 新宿区自転車等の適正利用の推進及び自転車等駐輪場の整備に関する条例（平成7年新宿区条例第28号）,https://www.city.shinjuku.lg.jp/content/000448441.pdf,3148fa0c3f33d0a9ad6a6a5a45d0cd7be43150b2fdd6c247c0b4596213dd1133,件名,新宿区自転車等の適正利用の推進及び自転車等駐輪場の整備に関する条例の一部を改正する条例,supported,558872998d9d1dcfa358f9a3ac0727e2d121d9f96f6a7ac8d22c3a9775652dcd
shinjuku-2026-r1-gian-25,hard,content,OB25-H-04,議決: 原案可決（議決結果ページの記載）,https://www.city.shinjuku.lg.jp/kusei/soumu01_002090_00015.html,7c2b6f68db1b433b860b35d176b4dd9211e78582ec9de718fcfefe68b22d896a,審議状況（議決結果ページ）,第25号議案新宿区自転車等の適正利用の推進及び自転車等駐輪場の整備に関する条例の一部を改正する条例原案可決,supported,558872998d9d1dcfa358f9a3ac0727e2d121d9f96f6a7ac8d22c3a9775652dcd
shinjuku-2026-r1-gian-25,hard,content,OB25-H-05,本会議: 令和8年3月24日（火曜日）、会議録 第4日第4号,https://ssp.kaigiroku.net/tenant/shinjuku/MinuteView.html?council_id=3163&schedule_id=5&minute_id=1,bd058d36962b45d8d965e4625bb95ecd661a102a026175213f37ba9eb575424a,審議状況（本会議 3月24日 議長）,令和８年第１回定例会会議録（第４日）第４号令和８年３月２４日（火曜日）,supported,558872998d9d1dcfa358f9a3ac0727e2d121d9f96f6a7ac8d22c3a9775652dcd
shinjuku-2026-r1-gian-25,hard,content,OB25-H-06,議題: 日程第15から日程第21までを一括して議題とした,https://ssp.kaigiroku.net/tenant/shinjuku/MinuteView.html?council_id=3163&schedule_id=5&minute_id=42,78d3acb86854b2a4bc9466207a60576ca68f1c71da42fb097c6101c02e08bb29,審議状況（本会議 3月24日 議長）,日程第15から日程第21までを一括議題とします,supported,558872998d9d1dcfa358f9a3ac0727e2d121d9f96f6a7ac8d22c3a9775652dcd
shinjuku-2026-r1-gian-25,hard,content,OB25-H-07,会議録: 第25号議案の議題朗読が記載されている,https://ssp.kaigiroku.net/tenant/shinjuku/MinuteView.html?council_id=3163&schedule_id=5&minute_id=43,63bc2bcee210ec1ac7e2ee0b8eb21e60cbe641e7b87154b387b5f30e341470e2,審議状況（本会議 3月24日 議長）,第25号議案新宿区自転車等の適正利用の推進及び自転車等駐輪場の整備に関する条例の一部を改正する条例,supported,558872998d9d1dcfa358f9a3ac0727e2d121d9f96f6a7ac8d22c3a9775652dcd
shinjuku-2026-r1-gian-25,hard,content,OB25-H-08,委員会審査報告: 環境建設委員会の審査報告書は可決,https://ssp.kaigiroku.net/tenant/shinjuku/MinuteView.html?council_id=3163&schedule_id=5&minute_id=50,315b6d8358728f38ebe14b658491fdda972f57c9899a0a3184c84579e8c8b62c,審議状況（本会議 3月24日 議長）,環境建設委員会審査報告書は、可決です,supported,558872998d9d1dcfa358f9a3ac0727e2d121d9f96f6a7ac8d22c3a9775652dcd
shinjuku-2026-r1-gian-25,hard,content,OB25-H-09,採決方法: 異議なし,https://ssp.kaigiroku.net/tenant/shinjuku/MinuteView.html?council_id=3163&schedule_id=5&minute_id=51,970914f9ce4a28e423e8480a3d4ce175afafafeebd92448698df42d97cb2ec1d,審議状況（本会議 3月24日 議長）,異議なしと認めます…本案は、いずれも委員会審査報告のとおり可決されました,supported,558872998d9d1dcfa358f9a3ac0727e2d121d9f96f6a7ac8d22c3a9775652dcd
shinjuku-2026-r1-gian-25,hard,content,OB25-H-10,会派別の賛否: 全8会派が賛成（採決結果行は ○○○○○○○○）,https://www.city.shinjuku.lg.jp/content/000452334.pdf,22ba4f49b18c96bd1fa26241606257c05477f38e25ac46d6f8e4f416a2cedbf2,審議状況（議案の概要と審議結果の採決結果行）,象外とする。○○○○○○○○可決,supported,558872998d9d1dcfa358f9a3ac0727e2d121d9f96f6a7ac8d22c3a9775652dcd
shinjuku-2026-r1-gian-25,hard,content,OB25-H-11,会派: 自民・参政クラブ、新宿区議会公明党、日本共産党新宿区議会議員団、新宿未来の会、立憲民主党・無所属クラブ、日本維新の会・新宿区議団、現役世代に優しい新宿・減税の会、れいわ新選組 新宿,https://www.city.shinjuku.lg.jp/content/000452334.pdf,22ba4f49b18c96bd1fa26241606257c05477f38e25ac46d6f8e4f416a2cedbf2,会派略称・列の並び,共産＝日本共産党新宿区議会議員団…れいわ＝れいわ新選組 新宿…自参ク＝自民・参政クラブ…公明＝新宿区議会公明党…新宿会＝新宿未来の会…民無ク＝立憲民主党・無所属クラブ…維新＝日本維新の会・新宿区議団…現役＝現役世代に優しい新宿・減税の会,supported,558872998d9d1dcfa358f9a3ac0727e2d121d9f96f6a7ac8d22c3a9775652dcd
shinjuku-2026-r1-gian-25,hard,content,OB25-H-12,自転車等駐輪場の設置義務の緩和及び新たな指定用途の設定を行うとともに、自転車等駐輪場の位置及び利用方法の表示を義務付ける等所要の改正を行う必要があるため,https://www.city.shinjuku.lg.jp/content/000448441.pdf,3148fa0c3f33d0a9ad6a6a5a45d0cd7be43150b2fdd6c247c0b4596213dd1133,（提案理由）,自転車等駐輪場の設置義務の緩和及び新たな指定用途の設定を行うとともに、自転車等駐輪場の位置及び利用方法の表示を義務付ける等所要の改正を行う必要があるため,supported,558872998d9d1dcfa358f9a3ac0727e2d121d9f96f6a7ac8d22c3a9775652dcd
shinjuku-2026-r1-gian-25,hard,content,OB25-H-13,目次 / 「・第31条」を「－第32条」に、「第32条・第33条」を「第33条・第34条」に改める,https://www.city.shinjuku.lg.jp/content/000448441.pdf,3148fa0c3f33d0a9ad6a6a5a45d0cd7be43150b2fdd6c247c0b4596213dd1133,第1条（目次）,目次中「・第31条」を「－第32条」に、「第32条・第33条」を「第33条・第34条」に改める,supported,558872998d9d1dcfa358f9a3ac0727e2d121d9f96f6a7ac8d22c3a9775652dcd
shinjuku-2026-r1-gian-25,hard,content,OB25-H-14,第17条の見出し / 「規模」を「規模等」に改める,https://www.city.shinjuku.lg.jp/content/000448441.pdf,3148fa0c3f33d0a9ad6a6a5a45d0cd7be43150b2fdd6c247c0b4596213dd1133,第1条（第17条の見出し）,第17条の見出し中「規模」を「規模等」に改め,supported,558872998d9d1dcfa358f9a3ac0727e2d121d9f96f6a7ac8d22c3a9775652dcd
shinjuku-2026-r1-gian-25,hard,content,OB25-H-15,第17条第1項（ただし書の追加） / 区長が別に定める地区特性に応じた基準に基づき、必要な自転車等駐輪場の確保が図られていると認める区域については、この限りでない旨のただし書を加える,https://www.city.shinjuku.lg.jp/content/000448441.pdf,3148fa0c3f33d0a9ad6a6a5a45d0cd7be43150b2fdd6c247c0b4596213dd1133,第1条（第17条第1項ただし書）,ただし、区長が別に定める地区特性に応じた基準に基づき、必要な自転車等駐輪場の確保が図られていると認める区域については、この限りでない,supported,558872998d9d1dcfa358f9a3ac0727e2d121d9f96f6a7ac8d22c3a9775652dcd
shinjuku-2026-r1-gian-25,hard,content,OB25-H-16,"第17条第1項の表 遊技場の項 / 「15平方メートル（床面積が5,000平方メートルを超える部分については、床面積30平方メートル）」を「70平方メートル」に改める",https://www.city.shinjuku.lg.jp/content/000448441.pdf,3148fa0c3f33d0a9ad6a6a5a45d0cd7be43150b2fdd6c247c0b4596213dd1133,第1条（第17条第1項の表 遊技場の項）,"遊技場の項中「15平方メートル（床面積が5,000平方メートルを超える部分については、床面積30平方メートル）」を「70平方メートル」に改め",supported,558872998d9d1dcfa358f9a3ac0727e2d121d9f96f6a7ac8d22c3a9775652dcd
shinjuku-2026-r1-gian-25,hard,content,OB25-H-17,"第17条第1項の表 百貨店、スーパーマーケットその他の小売店又は飲食店の項 / スーパーマーケット（床面積20平方メートル。1,500平方メートルを超える部分は60平方メートル、5,000平方メートルを超える部分は120平方メートルごとに1台）、スーパーマーケットを除く小売店（床面積100平方メートル。1,500平方メートルを超える部分は300平方メートル、5,000平方メートルを超える部分は600平方メートルごとに1台）、飲食店（床面積40平方メートル。1,500平方メートルを超える部分は120平方メートル、5,000平方メートルを超える部分は240平方メートルごとに1台）の3項に改める（いずれも床面積が400平方メートルを超えるもの）",https://www.city.shinjuku.lg.jp/content/000448441.pdf,3148fa0c3f33d0a9ad6a6a5a45d0cd7be43150b2fdd6c247c0b4596213dd1133,第1条（第17条第1項の表 百貨店等の項）,"百貨店、スーパ…ーマーケットそ…の他の小売店又…は飲食店…スーパーマーケ…ットを除く小売…飲食店…床面積20平方メート…床面積100平方メー…床面積40平方メート…ル（床面積が1,200平…ル（床面積が1,500平…積60平方メートル…積300平方メートル…積120平方メートル…積600平方メートル…積240平方メートル…5,000平方メ",supported,558872998d9d1dcfa358f9a3ac0727e2d121d9f96f6a7ac8d22c3a9775652dcd
shinjuku-2026-r1-gian-25,hard,content,OB25-H-18,"第17条第1項の表 銀行その他の金融機関の項 / 「25平方メートル（床面積が5,000平方メートルを超える部分については、床面積50平方メートル）」を「40平方メートル」に改める",https://www.city.shinjuku.lg.jp/content/000448441.pdf,3148fa0c3f33d0a9ad6a6a5a45d0cd7be43150b2fdd6c247c0b4596213dd1133,第1条（第17条第1項の表 銀行等の項）,"銀行その他の金融機関の項中「25平方メートル（床面積が5,000平方メートルを超える部分については、床面積50平方メートル）」を「40平方メートル」に改め",supported,558872998d9d1dcfa358f9a3ac0727e2d121d9f96f6a7ac8d22c3a9775652dcd
shinjuku-2026-r1-gian-25,hard,content,OB25-H-19,第17条第1項の表 スポーツ、体育その他の健康の増進を目的とする施設の項 / 「25平方メートル」を「400平方メートル」に改める,https://www.city.shinjuku.lg.jp/content/000448441.pdf,3148fa0c3f33d0a9ad6a6a5a45d0cd7be43150b2fdd6c247c0b4596213dd1133,第1条（第17条第1項の表 スポーツ施設等の項）,スポーツ、体育その他の健康の増進を目的とする施設の項中「25平方メートル」を「400平方メートル」に改め,supported,558872998d9d1dcfa358f9a3ac0727e2d121d9f96f6a7ac8d22c3a9775652dcd
shinjuku-2026-r1-gian-25,hard,content,OB25-H-20,第17条第1項の表 学習、教養、趣味等の教授を目的とする施設の項 / 「15平方メートル」の次に「（床面積が600平方メートルを超える部分については、床面積300平方メートル）」を加える,https://www.city.shinjuku.lg.jp/content/000448441.pdf,3148fa0c3f33d0a9ad6a6a5a45d0cd7be43150b2fdd6c247c0b4596213dd1133,第1条（第17条第1項の表 学習等の教授の項）,学習、教養、趣味等の教授を目的とする施設の項中「15平方メートル」の次に「（床面積が600平方メートルを超える部分については、床面積300平方メートル）」を加える,supported,558872998d9d1dcfa358f9a3ac0727e2d121d9f96f6a7ac8d22c3a9775652dcd
shinjuku-2026-r1-gian-25,hard,content,OB25-H-21,第23条第3項（新設） / 第17条又は第18条の規定により自転車等駐輪場を設置する者は、その位置及び利用方法を表示しなければならない,https://www.city.shinjuku.lg.jp/content/000448441.pdf,3148fa0c3f33d0a9ad6a6a5a45d0cd7be43150b2fdd6c247c0b4596213dd1133,第1条（第23条第3項の新設）,第17条又は第18条の規定により自転車等駐輪場を設置する者は、利用者が当該自転車等駐輪場を容易に利用することができるようその位置及び利用方法を表示しなければならない,supported,558872998d9d1dcfa358f9a3ac0727e2d121d9f96f6a7ac8d22c3a9775652dcd
shinjuku-2026-r1-gian-25,hard,content,OB25-H-22,第5章 第32条（新設・部会） / 協議会は、調査検討を効率的に行うため、部会を置くことができる。部会の組織及び運営に関し必要な事項は、規則で定める,https://www.city.shinjuku.lg.jp/content/000448441.pdf,3148fa0c3f33d0a9ad6a6a5a45d0cd7be43150b2fdd6c247c0b4596213dd1133,第1条（第32条の新設）,協議会は、調査検討を効率的に行うため、部会を置くことができる…部会の組織及び運営に関し必要な事項は、規則で定める,supported,558872998d9d1dcfa358f9a3ac0727e2d121d9f96f6a7ac8d22c3a9775652dcd
shinjuku-2026-r1-gian-25,hard,content,OB25-H-23,第32条・第33条 / 第33条を第34条とし、第32条を第33条とする,https://www.city.shinjuku.lg.jp/content/000448441.pdf,3148fa0c3f33d0a9ad6a6a5a45d0cd7be43150b2fdd6c247c0b4596213dd1133,第1条（条の繰下げ）,第33条を第34条とし、第32条を第33条とし、第5章中第31条の次に次の1条を加える,supported,558872998d9d1dcfa358f9a3ac0727e2d121d9f96f6a7ac8d22c3a9775652dcd
shinjuku-2026-r1-gian-25,hard,content,OB25-H-24,第17条第1項 / 「以内」の次に、共同住宅（新宿区ワンルームマンション等の建築及び管理に関する条例第2条第2号に規定するワンルームマンション等を除く。）の用途に供する施設に係る自転車等駐輪場にあっては、当該施設又はその敷地内とする旨のかっこ書を加える,https://www.city.shinjuku.lg.jp/content/000448441.pdf,3148fa0c3f33d0a9ad6a6a5a45d0cd7be43150b2fdd6c247c0b4596213dd1133,第2条（第17条第1項）,第17条第1項中「以内」の次に「（共同住宅（新宿区ワンルームマンション等の建築及び管理に関する条例（平成15年新宿区条例第72号）第2条第2号に規定するワンルームマンション等を除く。以下同じ。）の用途に供する施設に係る自転車等駐輪場にあっては、当該施設又はその敷地内）」を加え,supported,558872998d9d1dcfa358f9a3ac0727e2d121d9f96f6a7ac8d22c3a9775652dcd
shinjuku-2026-r1-gian-25,hard,content,OB25-H-25,"第17条第1項の表 事務所の項（新設） / 床面積が3,000平方メートルを超えるもの: 床面積300平方メートル（3,000平方メートルを超える部分については、床面積1,000平方メートル）ごとに1台",https://www.city.shinjuku.lg.jp/content/000448441.pdf,3148fa0c3f33d0a9ad6a6a5a45d0cd7be43150b2fdd6c247c0b4596213dd1133,第2条（第17条第1項の表 事務所の項）,"事務所…床面積が3,000平方…床面積300平方メート…1,000平方メートル）ご",supported,558872998d9d1dcfa358f9a3ac0727e2d121d9f96f6a7ac8d22c3a9775652dcd
shinjuku-2026-r1-gian-25,hard,content,OB25-H-26,第17条第1項の表 共同住宅の項（新設） / 1区画の専用面積が30平方メートル以上の住戸の総数が10戸以上のもの: 1区画の専用面積が30平方メートル以上の住戸1戸ごとに1台,https://www.city.shinjuku.lg.jp/content/000448441.pdf,3148fa0c3f33d0a9ad6a6a5a45d0cd7be43150b2fdd6c247c0b4596213dd1133,第2条（第17条第1項の表 共同住宅の項）,共同住宅…区画の専用面積が…30平方メートル以上…住戸の総数が10戸…戸1戸ごとに1台…以上のもの,supported,558872998d9d1dcfa358f9a3ac0727e2d121d9f96f6a7ac8d22c3a9775652dcd
shinjuku-2026-r1-gian-25,hard,content,OB25-H-27,第18条 / 「指定用途」の次に「（事務所及び共同住宅を除く。）」を加え、「当該用途」を「当該指定用途」に改める,https://www.city.shinjuku.lg.jp/content/000448441.pdf,3148fa0c3f33d0a9ad6a6a5a45d0cd7be43150b2fdd6c247c0b4596213dd1133,第2条（第18条）,第18条中「指定用途」の次に「（事務所及び共同住宅を除く。）」を加え、「当該用途」を「当該指定用途」に改める,supported,558872998d9d1dcfa358f9a3ac0727e2d121d9f96f6a7ac8d22c3a9775652dcd
shinjuku-2026-r1-gian-25,hard,content,OB25-H-28,第21条 / 「までの規定により」の次に「指定用途（共同住宅を除く。以下同じ。）に供する施設又は混合用途施設に係る」を加える,https://www.city.shinjuku.lg.jp/content/000448441.pdf,3148fa0c3f33d0a9ad6a6a5a45d0cd7be43150b2fdd6c247c0b4596213dd1133,第2条（第21条）,第21条中「までの規定により」の次に「指定用途（共同住宅を除く。以下同じ。）に供する施設又は混合用途施設に係る」を加える,supported,558872998d9d1dcfa358f9a3ac0727e2d121d9f96f6a7ac8d22c3a9775652dcd
shinjuku-2026-r1-gian-25,hard,content,OB25-H-29,第23条第3項 / 「より」の次に「指定用途に供する施設又は混合用途施設に係る」を加える,https://www.city.shinjuku.lg.jp/content/000448441.pdf,3148fa0c3f33d0a9ad6a6a5a45d0cd7be43150b2fdd6c247c0b4596213dd1133,第2条（第23条第3項）,第23条第3項中「より」の次に「指定用途に供する施設又は混合用途施設に係る」を加える,supported,558872998d9d1dcfa358f9a3ac0727e2d121d9f96f6a7ac8d22c3a9775652dcd
shinjuku-2026-r1-gian-25,hard,content,OB25-H-30,自転車等駐輪場の設置義務について、次のとおり見直しを行う。,https://www.city.shinjuku.lg.jp/content/000447774.pdf,1dc3eaffcafb1b1c9e139e823182dc80dc0755624813ca87d8b274d15f5b6624,第25号議案（1）,自転車等駐輪場の設置義務について、次のとおり見直しを…行う,supported,558872998d9d1dcfa358f9a3ac0727e2d121d9f96f6a7ac8d22c3a9775652dcd
shinjuku-2026-r1-gian-25,hard,content,OB25-H-31,設置しなければならない自転車等駐輪場の規模を緩和する。,https://www.city.shinjuku.lg.jp/content/000447774.pdf,1dc3eaffcafb1b1c9e139e823182dc80dc0755624813ca87d8b274d15f5b6624,第25号議案（1(1)）,設置しなければならない自転車等駐輪場の規模を緩和する,supported,558872998d9d1dcfa358f9a3ac0727e2d121d9f96f6a7ac8d22c3a9775652dcd
shinjuku-2026-r1-gian-25,hard,content,OB25-H-32,自転車等駐輪場を設置しなければならない施設の用途の区分を次のとおり追加する。,https://www.city.shinjuku.lg.jp/content/000447774.pdf,1dc3eaffcafb1b1c9e139e823182dc80dc0755624813ca87d8b274d15f5b6624,第25号議案（1(2)）,自転車等駐輪場を設置しなければならない施設の用途の区分を次のとおり追加する,supported,558872998d9d1dcfa358f9a3ac0727e2d121d9f96f6a7ac8d22c3a9775652dcd
shinjuku-2026-r1-gian-25,hard,content,OB25-H-33,地区特性に応じた基準に基づき、必要な自転車等駐輪場の確保が図られている区域については、自転車等駐輪場の設置義務の対象外とする。,https://www.city.shinjuku.lg.jp/content/000447774.pdf,1dc3eaffcafb1b1c9e139e823182dc80dc0755624813ca87d8b274d15f5b6624,第25号議案（2）,地区特性に応じた基準に基づき、必要な自転車等駐輪場の確保が図られている区域については、自転車等駐輪場の設置義務の対象外とする,supported,558872998d9d1dcfa358f9a3ac0727e2d121d9f96f6a7ac8d22c3a9775652dcd
shinjuku-2026-r1-gian-25,hard,content,OB25-H-34,自転車等駐輪場を容易に利用することができるように位置及び利用方法を表示しなければならないこととする。,https://www.city.shinjuku.lg.jp/content/000447774.pdf,1dc3eaffcafb1b1c9e139e823182dc80dc0755624813ca87d8b274d15f5b6624,第25号議案（3）,自転車等駐輪場を容易に利用することができるように位置及び利用方法を表示しなければならないこととする,supported,558872998d9d1dcfa358f9a3ac0727e2d121d9f96f6a7ac8d22c3a9775652dcd
shinjuku-2026-r1-gian-25,hard,content,OB25-H-35,規模の緩和の例として、遊技場（原則床面積15㎡ごとに1台から床面積70㎡ごとに1台）と銀行その他の金融機関（原則床面積25㎡ごとに1台から床面積40㎡ごとに1台）が示されている。,https://www.city.shinjuku.lg.jp/content/000447774.pdf,1dc3eaffcafb1b1c9e139e823182dc80dc0755624813ca87d8b274d15f5b6624,第25号議案［例］,遊技場…原則床面積15㎡ごとに1…床面積70㎡ごとに1台…銀行そ…原則床面積25㎡ごとに1…床面積40㎡ごとに1台,supported,558872998d9d1dcfa358f9a3ac0727e2d121d9f96f6a7ac8d22c3a9775652dcd
shinjuku-2026-r1-gian-25,hard,content,OB25-H-36,"追加する用途として、事務所（床面積が3,000㎡を超えるもの）と共同住宅（1区画の専用面積が30㎡以上の住戸の総数が10以上のもの）が示されている。",https://www.city.shinjuku.lg.jp/content/000447774.pdf,1dc3eaffcafb1b1c9e139e823182dc80dc0755624813ca87d8b274d15f5b6624,第25号議案（1(2)）,"事務所…床面積が3,000㎡を超え…床面積300㎡（床面積が…3,000㎡を超える部分に…ついては、床面積1,000",supported,558872998d9d1dcfa358f9a3ac0727e2d121d9f96f6a7ac8d22c3a9775652dcd
shinjuku-2026-r1-gian-25,hard,content,OB25-H-37,令和8年4月1日。ただし、１⑵については、同年10月1日,https://www.city.shinjuku.lg.jp/content/000447774.pdf,1dc3eaffcafb1b1c9e139e823182dc80dc0755624813ca87d8b274d15f5b6624,第25号議案［施行日］,令和8年4月1日。ただし、1(2)については、同年10月1日,supported,558872998d9d1dcfa358f9a3ac0727e2d121d9f96f6a7ac8d22c3a9775652dcd
shinjuku-2026-r1-gian-25,hard,content,OB25-H-38,「議案の概要と審議結果」は、設置義務の見直し、地区特性に応じた基準による設置義務の対象外、位置及び利用方法の表示を記載している。,https://www.city.shinjuku.lg.jp/content/000452334.pdf,22ba4f49b18c96bd1fa26241606257c05477f38e25ac46d6f8e4f416a2cedbf2,第25号議案（議案の概要）,自転車等駐輪場の設置義務について、見直しを行う…設置義務の対…象外とする…位置及び利用方法を表示しなければならないこととする,supported,558872998d9d1dcfa358f9a3ac0727e2d121d9f96f6a7ac8d22c3a9775652dcd
shinjuku-2026-r1-gian-25,hard,content,OB25-H-39,この条例は、令和8年4月1日から施行する。ただし、第2条及び次項の規定は、同年10月1日から施行する。,https://www.city.shinjuku.lg.jp/content/000448441.pdf,3148fa0c3f33d0a9ad6a6a5a45d0cd7be43150b2fdd6c247c0b4596213dd1133,附則（施行期日）,この条例は、令和8年4月1日から施行する。ただし、第2条及び次項の規定は、同年10月1日から施行する,supported,558872998d9d1dcfa358f9a3ac0727e2d121d9f96f6a7ac8d22c3a9775652dcd
shinjuku-2026-r1-gian-25,hard,content,OB25-H-40,第2条の規定による改正後の新宿区自転車等の適正利用の推進及び自転車等駐輪場の整備に関する条例第3章の規定は、前項ただし書に規定する規定の施行の日以後に建築基準法（昭和25年法律第201号）第6条第1項若しくは第6条の2第1項（これらの規定を同法第87条第1項において準用する場合を含む。）の規定による確認の申請又は同法第18条第2項若しくは第4項（これらの規定を同法第87条第1項において準用する場合を含む。）の規定による計画の通知（以下これらを「確認申請等」という。）を行う施設について適用し、同日前に確認申請等を行った施設については、なお従前の例による。,https://www.city.shinjuku.lg.jp/content/000448441.pdf,3148fa0c3f33d0a9ad6a6a5a45d0cd7be43150b2fdd6c247c0b4596213dd1133,附則（経過措置）,第2条の規定による改正後の…第3章の規定は、前項ただし書に規定する規定の施行の日以後に建築基準法…第6条第1項若しくは第6条の2第1項…の規定による確認の申請又は同法第18条第2項若しくは第4項…の規定による計画の通知（以下これらを「確認申請等」という。）を行う施設について適用し、同日前に確認申請等を行った施設については、なお従前の例による,supported,558872998d9d1dcfa358f9a3ac0727e2d121d9f96f6a7ac8d22c3a9775652dcd
shinjuku-2026-r1-gian-25,hard,content,OB25-H-41,第25号議案 全文 / https://www.city.shinjuku.lg.jp/content/000448441.pdf / 3148fa0c3f33d0a9ad6a6a5a45d0cd7be43150b2fdd6c247c0b4596213dd1133,https://www.city.shinjuku.lg.jp/content/000448441.pdf,3148fa0c3f33d0a9ad6a6a5a45d0cd7be43150b2fdd6c247c0b4596213dd1133,件名,新宿区自転車等の適正利用の推進及び自転車等駐輪場の整備に関する条例の一部を改正する条例,supported,558872998d9d1dcfa358f9a3ac0727e2d121d9f96f6a7ac8d22c3a9775652dcd
shinjuku-2026-r1-gian-25,hard,content,OB25-H-42,提出案件概要（条例関係） / https://www.city.shinjuku.lg.jp/content/000447774.pdf / 1dc3eaffcafb1b1c9e139e823182dc80dc0755624813ca87d8b274d15f5b6624,https://www.city.shinjuku.lg.jp/content/000447774.pdf,1dc3eaffcafb1b1c9e139e823182dc80dc0755624813ca87d8b274d15f5b6624,提出案件概要（条例関係）,第1回区議会定例会提出案件概要…（条例関係）,supported,558872998d9d1dcfa358f9a3ac0727e2d121d9f96f6a7ac8d22c3a9775652dcd
shinjuku-2026-r1-gian-25,hard,content,OB25-H-43,議案の概要と審議結果 / https://www.city.shinjuku.lg.jp/content/000452334.pdf / 22ba4f49b18c96bd1fa26241606257c05477f38e25ac46d6f8e4f416a2cedbf2,https://www.city.shinjuku.lg.jp/content/000452334.pdf,22ba4f49b18c96bd1fa26241606257c05477f38e25ac46d6f8e4f416a2cedbf2,議案の概要と審議結果,議案の概要と審議結果,supported,558872998d9d1dcfa358f9a3ac0727e2d121d9f96f6a7ac8d22c3a9775652dcd
shinjuku-2026-r1-gian-25,hard,content,OB25-H-44,議決結果ページ（2026-10-04 取得） / https://www.city.shinjuku.lg.jp/kusei/soumu01_002090_00015.html / 7c2b6f68db1b433b860b35d176b4dd9211e78582ec9de718fcfefe68b22d896a,https://www.city.shinjuku.lg.jp/kusei/soumu01_002090_00015.html,7c2b6f68db1b433b860b35d176b4dd9211e78582ec9de718fcfefe68b22d896a,審議状況（議決結果ページ）,第25号議案新宿区自転車等の適正利用の推進及び自転車等駐輪場の整備に関する条例の一部を改正する条例原案可決,supported,558872998d9d1dcfa358f9a3ac0727e2d121d9f96f6a7ac8d22c3a9775652dcd
shinjuku-2026-r1-gian-25,hard,content,OB25-H-45,会議録 3月24日 議長（委員会審査報告） / https://ssp.kaigiroku.net/tenant/shinjuku/MinuteView.html?council_id=3163&schedule_id=5&minute_id=50 / 315b6d8358728f38ebe14b658491fdda972f57c9899a0a3184c84579e8c8b62c,https://ssp.kaigiroku.net/tenant/shinjuku/MinuteView.html?council_id=3163&schedule_id=5&minute_id=50,315b6d8358728f38ebe14b658491fdda972f57c9899a0a3184c84579e8c8b62c,審議状況（本会議 3月24日 議長）,環境建設委員会審査報告書は、可決です,supported,558872998d9d1dcfa358f9a3ac0727e2d121d9f96f6a7ac8d22c3a9775652dcd
shinjuku-2026-r1-gian-25,hard,content,OB25-H-46,会議録 3月24日 議長（採決） / https://ssp.kaigiroku.net/tenant/shinjuku/MinuteView.html?council_id=3163&schedule_id=5&minute_id=51 / 970914f9ce4a28e423e8480a3d4ce175afafafeebd92448698df42d97cb2ec1d,https://ssp.kaigiroku.net/tenant/shinjuku/MinuteView.html?council_id=3163&schedule_id=5&minute_id=51,970914f9ce4a28e423e8480a3d4ce175afafafeebd92448698df42d97cb2ec1d,審議状況（本会議 3月24日 議長）,異議なしと認めます…本案は、いずれも委員会審査報告のとおり可決されました,supported,558872998d9d1dcfa358f9a3ac0727e2d121d9f96f6a7ac8d22c3a9775652dcd
shinjuku-2026-r1-gian-26,easy,title,OB26-ET-01,見出し: ごみの 条例の 引用の 番号を 直します,https://www.city.shinjuku.lg.jp/content/000448442.pdf,8877a73ddb1c0b5dcd7790a7328e7f867702c9774048a24b415003dbef0dc046,第2条第2項第11号,第2条第2項第11号中「第6条」を「第7条」に改める,supported,4b8e4da6fc1f9d2698fc35570655b54ea1bec93503bd4dde9b5467fe51c21852
shinjuku-2026-r1-gian-26,easy,summary,OB26-ES-01,要約: 第2条 第2項 第11号の 引用の 番号を 直します。,https://www.city.shinjuku.lg.jp/content/000448442.pdf,8877a73ddb1c0b5dcd7790a7328e7f867702c9774048a24b415003dbef0dc046,第2条第2項第11号,第2条第2項第11号中「第6条」を「第7条」に改める,supported,4b8e4da6fc1f9d2698fc35570655b54ea1bec93503bd4dde9b5467fe51c21852
shinjuku-2026-r1-gian-26,easy,summary,OB26-ES-02,要約: 2026年（令和8年）4月1日（水）から 始まります。,https://www.city.shinjuku.lg.jp/content/000448442.pdf,8877a73ddb1c0b5dcd7790a7328e7f867702c9774048a24b415003dbef0dc046,附則（施行期日）,この条例は、令和8年4月1日から施行する,supported,4b8e4da6fc1f9d2698fc35570655b54ea1bec93503bd4dde9b5467fe51c21852
shinjuku-2026-r1-gian-26,easy,content,OB26-E-01,【新宿区リサイクル及び一般廃棄物の処理に関する条例】［しんじゅくくりさいくるおよびいっぱんはいきぶつのしょりにかんするじょうれい］（＝区の リサイクルと ごみの 処理の 決まり）を 変えます。,https://www.city.shinjuku.lg.jp/content/000448442.pdf,8877a73ddb1c0b5dcd7790a7328e7f867702c9774048a24b415003dbef0dc046,改め文,新宿区リサイクル及び一般廃棄物の処理に関する条例（平成11年新宿区条例第51号）の一部を次のように改正する,supported,4b8e4da6fc1f9d2698fc35570655b54ea1bec93503bd4dde9b5467fe51c21852
shinjuku-2026-r1-gian-26,easy,content,OB26-E-02,対象は 平成11年 新宿区条例 第51号です。,https://www.city.shinjuku.lg.jp/content/000448442.pdf,8877a73ddb1c0b5dcd7790a7328e7f867702c9774048a24b415003dbef0dc046,改め文,新宿区リサイクル及び一般廃棄物の処理に関する条例（平成11年新宿区条例第51号）の一部を次のように改正する,supported,4b8e4da6fc1f9d2698fc35570655b54ea1bec93503bd4dde9b5467fe51c21852
shinjuku-2026-r1-gian-26,easy,content,OB26-E-03,区の 資料に よると 引用して いる 条文の 番号を 合わせる 改正です。,https://www.city.shinjuku.lg.jp/content/000447774.pdf,1dc3eaffcafb1b1c9e139e823182dc80dc0755624813ca87d8b274d15f5b6624,第26号議案,資源の有効な利用の促進に関する法律施行令の改正により、…指定脱炭素化再生資源利用促進製品の定義規定が追加された…ことに伴い、引用条項を改める,supported,4b8e4da6fc1f9d2698fc35570655b54ea1bec93503bd4dde9b5467fe51c21852
shinjuku-2026-r1-gian-26,easy,content,OB26-E-04,第2条 第2項 第11号の 条文の 番号を 変えます。,https://www.city.shinjuku.lg.jp/content/000448442.pdf,8877a73ddb1c0b5dcd7790a7328e7f867702c9774048a24b415003dbef0dc046,第2条第2項第11号,第2条第2項第11号中「第6条」を「第7条」に改める,supported,4b8e4da6fc1f9d2698fc35570655b54ea1bec93503bd4dde9b5467fe51c21852
shinjuku-2026-r1-gian-26,easy,content,OB26-E-05,今の 番号: 第6条,https://www.city.shinjuku.lg.jp/content/000448442.pdf,8877a73ddb1c0b5dcd7790a7328e7f867702c9774048a24b415003dbef0dc046,第2条第2項第11号,第2条第2項第11号中「第6条」を「第7条」に改める,supported,4b8e4da6fc1f9d2698fc35570655b54ea1bec93503bd4dde9b5467fe51c21852
shinjuku-2026-r1-gian-26,easy,content,OB26-E-06,新しい 番号: 第7条,https://www.city.shinjuku.lg.jp/content/000448442.pdf,8877a73ddb1c0b5dcd7790a7328e7f867702c9774048a24b415003dbef0dc046,第2条第2項第11号,第2条第2項第11号中「第6条」を「第7条」に改める,supported,4b8e4da6fc1f9d2698fc35570655b54ea1bec93503bd4dde9b5467fe51c21852
shinjuku-2026-r1-gian-26,easy,content,OB26-E-07,国の 政令が 改正されました。,https://www.city.shinjuku.lg.jp/content/000448442.pdf,8877a73ddb1c0b5dcd7790a7328e7f867702c9774048a24b415003dbef0dc046,（提案理由）,脱炭素成長型経済構造への円滑な移行の推進に関する法律及び資源の有効な利用の促進に関する法律の一部を改正する法律の施行に伴う関係政令の整備等に関する政令（令和7年政令第412号）の施行による資源の有効な利用の促進に関する法律施行令（平成3年政令第327号）の改正に伴い、規定を整備する必要があるため,supported,4b8e4da6fc1f9d2698fc35570655b54ea1bec93503bd4dde9b5467fe51c21852
shinjuku-2026-r1-gian-26,easy,content,OB26-E-08,この 政令は 資源の 有効な 利用の 促進に 関する 法律施行令です。,https://www.city.shinjuku.lg.jp/content/000447774.pdf,1dc3eaffcafb1b1c9e139e823182dc80dc0755624813ca87d8b274d15f5b6624,第26号議案,資源の有効な利用の促進に関する法律施行令の改正により、…指定脱炭素化再生資源利用促進製品の定義規定が追加された…ことに伴い、引用条項を改める,supported,4b8e4da6fc1f9d2698fc35570655b54ea1bec93503bd4dde9b5467fe51c21852
shinjuku-2026-r1-gian-26,easy,content,OB26-E-09,改正で 新しい 定義の 規定が 追加されました。,https://www.city.shinjuku.lg.jp/content/000447774.pdf,1dc3eaffcafb1b1c9e139e823182dc80dc0755624813ca87d8b274d15f5b6624,第26号議案,資源の有効な利用の促進に関する法律施行令の改正により、…指定脱炭素化再生資源利用促進製品の定義規定が追加された…ことに伴い、引用条項を改める,supported,4b8e4da6fc1f9d2698fc35570655b54ea1bec93503bd4dde9b5467fe51c21852
shinjuku-2026-r1-gian-26,easy,content,OB26-E-10,定義されるのは 指定脱炭素化再生資源利用促進製品です。,https://www.city.shinjuku.lg.jp/content/000447774.pdf,1dc3eaffcafb1b1c9e139e823182dc80dc0755624813ca87d8b274d15f5b6624,第26号議案,資源の有効な利用の促進に関する法律施行令の改正により、…指定脱炭素化再生資源利用促進製品の定義規定が追加された…ことに伴い、引用条項を改める,supported,4b8e4da6fc1f9d2698fc35570655b54ea1bec93503bd4dde9b5467fe51c21852
shinjuku-2026-r1-gian-26,easy,content,OB26-E-11,この 改正に あわせて 引用の 番号を 直します。,https://www.city.shinjuku.lg.jp/content/000447774.pdf,1dc3eaffcafb1b1c9e139e823182dc80dc0755624813ca87d8b274d15f5b6624,第26号議案,資源の有効な利用の促進に関する法律施行令の改正により、…指定脱炭素化再生資源利用促進製品の定義規定が追加された…ことに伴い、引用条項を改める,supported,4b8e4da6fc1f9d2698fc35570655b54ea1bec93503bd4dde9b5467fe51c21852
shinjuku-2026-r1-gian-26,easy,content,OB26-E-12,2026年（令和8年）4月1日（水）から 始まります。,https://www.city.shinjuku.lg.jp/content/000448442.pdf,8877a73ddb1c0b5dcd7790a7328e7f867702c9774048a24b415003dbef0dc046,附則（施行期日）,この条例は、令和8年4月1日から施行する,supported,4b8e4da6fc1f9d2698fc35570655b54ea1bec93503bd4dde9b5467fe51c21852
shinjuku-2026-r1-gian-26,easy,content,OB26-E-13,【原案可決】［げんあんかけつ］（＝出した 通りの 内容で 決まること）です。,https://www.city.shinjuku.lg.jp/kusei/soumu01_002090_00015.html,7c2b6f68db1b433b860b35d176b4dd9211e78582ec9de718fcfefe68b22d896a,審議状況（議決結果ページ）,第26号議案新宿区リサイクル及び一般廃棄物の処理に関する条例の一部を改正する条例原案可決,supported,4b8e4da6fc1f9d2698fc35570655b54ea1bec93503bd4dde9b5467fe51c21852
shinjuku-2026-r1-gian-26,easy,content,OB26-E-14,2026年（令和8年）の 第1回定例会で 決まりました。,https://www.city.shinjuku.lg.jp/content/000452334.pdf,22ba4f49b18c96bd1fa26241606257c05477f38e25ac46d6f8e4f416a2cedbf2,審議状況（会期）,令和８年第１回定例会…２月１７日～３月２４日,supported,4b8e4da6fc1f9d2698fc35570655b54ea1bec93503bd4dde9b5467fe51c21852
shinjuku-2026-r1-gian-26,easy,content,OB26-E-15,会期は 2026年2月17日（火）から 3月24日（火）まででした。,https://www.city.shinjuku.lg.jp/content/000452334.pdf,22ba4f49b18c96bd1fa26241606257c05477f38e25ac46d6f8e4f416a2cedbf2,審議状況（会期）,令和８年第１回定例会…２月１７日～３月２４日,supported,4b8e4da6fc1f9d2698fc35570655b54ea1bec93503bd4dde9b5467fe51c21852
shinjuku-2026-r1-gian-26,easy,content,OB26-E-16,本会議で 決まった 日は 3月24日（火）です。,https://ssp.kaigiroku.net/tenant/shinjuku/MinuteView.html?council_id=3163&schedule_id=5&minute_id=1,bd058d36962b45d8d965e4625bb95ecd661a102a026175213f37ba9eb575424a,審議状況（本会議 3月24日 議長）,令和８年第１回定例会会議録（第４日）第４号令和８年３月２４日（火曜日）,supported,4b8e4da6fc1f9d2698fc35570655b54ea1bec93503bd4dde9b5467fe51c21852
shinjuku-2026-r1-gian-26,easy,content,OB26-E-17,ほかの 議案と まとめて 議題に なりました。,https://ssp.kaigiroku.net/tenant/shinjuku/MinuteView.html?council_id=3163&schedule_id=5&minute_id=42,78d3acb86854b2a4bc9466207a60576ca68f1c71da42fb097c6101c02e08bb29,審議状況（本会議 3月24日 議長）,日程第15から日程第21までを一括議題とします,supported,4b8e4da6fc1f9d2698fc35570655b54ea1bec93503bd4dde9b5467fe51c21852
shinjuku-2026-r1-gian-26,easy,content,OB26-E-18,環境建設委員会の 審査報告書は 可決でした。,https://ssp.kaigiroku.net/tenant/shinjuku/MinuteView.html?council_id=3163&schedule_id=5&minute_id=50,315b6d8358728f38ebe14b658491fdda972f57c9899a0a3184c84579e8c8b62c,審議状況（本会議 3月24日 議長）,環境建設委員会審査報告書は、可決です,supported,4b8e4da6fc1f9d2698fc35570655b54ea1bec93503bd4dde9b5467fe51c21852
shinjuku-2026-r1-gian-26,easy,content,OB26-E-19,議長が 異議が ないか たずねました。,https://ssp.kaigiroku.net/tenant/shinjuku/MinuteView.html?council_id=3163&schedule_id=5&minute_id=50,315b6d8358728f38ebe14b658491fdda972f57c9899a0a3184c84579e8c8b62c,審議状況（本会議 3月24日 議長）,環境建設委員会審査報告書は、可決です,supported,4b8e4da6fc1f9d2698fc35570655b54ea1bec93503bd4dde9b5467fe51c21852
shinjuku-2026-r1-gian-26,easy,content,OB26-E-20,異議なしと 認められて 可決しました。,https://ssp.kaigiroku.net/tenant/shinjuku/MinuteView.html?council_id=3163&schedule_id=5&minute_id=51,970914f9ce4a28e423e8480a3d4ce175afafafeebd92448698df42d97cb2ec1d,審議状況（本会議 3月24日 議長）,異議なしと認めます…本案は、いずれも委員会審査報告のとおり可決されました,supported,4b8e4da6fc1f9d2698fc35570655b54ea1bec93503bd4dde9b5467fe51c21852
shinjuku-2026-r1-gian-26,easy,content,OB26-E-21,賛成したのは ８つの 会派 すべてです。,https://www.city.shinjuku.lg.jp/content/000452334.pdf,22ba4f49b18c96bd1fa26241606257c05477f38e25ac46d6f8e4f416a2cedbf2,審議状況（議案の概要と審議結果の採決結果行）,伴い、引用条項を改める。○○○○○○○○可決,supported,4b8e4da6fc1f9d2698fc35570655b54ea1bec93503bd4dde9b5467fe51c21852
shinjuku-2026-r1-gian-26,normal,title,OB26-NT-01,見出し: リサイクル・一般廃棄物条例の引用条項を整理,https://www.city.shinjuku.lg.jp/content/000448442.pdf,8877a73ddb1c0b5dcd7790a7328e7f867702c9774048a24b415003dbef0dc046,第2条第2項第11号,第2条第2項第11号中「第6条」を「第7条」に改める,supported,687f70a339102e46797a6184cc999520ba60ca59d6779d432eeea36bf42fcb1d
shinjuku-2026-r1-gian-26,normal,summary,OB26-NS-01,要約: 資源の有効な利用の促進に関する法律施行令の改正に伴い、第2条第2項第11号の引用条項を改める条例改正です。,https://www.city.shinjuku.lg.jp/content/000447774.pdf,1dc3eaffcafb1b1c9e139e823182dc80dc0755624813ca87d8b274d15f5b6624,第26号議案,資源の有効な利用の促進に関する法律施行令の改正により、…指定脱炭素化再生資源利用促進製品の定義規定が追加された…ことに伴い、引用条項を改める,supported,687f70a339102e46797a6184cc999520ba60ca59d6779d432eeea36bf42fcb1d
shinjuku-2026-r1-gian-26,normal,summary,OB26-NS-02,要約: 施行日は令和8年4月1日です。,https://www.city.shinjuku.lg.jp/content/000448442.pdf,8877a73ddb1c0b5dcd7790a7328e7f867702c9774048a24b415003dbef0dc046,附則（施行期日）,この条例は、令和8年4月1日から施行する,supported,687f70a339102e46797a6184cc999520ba60ca59d6779d432eeea36bf42fcb1d
shinjuku-2026-r1-gian-26,normal,content,OB26-N-01,新宿区リサイクル及び一般廃棄物の処理に関する条例（平成11年新宿区条例第51号）の改正です。,https://www.city.shinjuku.lg.jp/content/000448442.pdf,8877a73ddb1c0b5dcd7790a7328e7f867702c9774048a24b415003dbef0dc046,改め文,新宿区リサイクル及び一般廃棄物の処理に関する条例（平成11年新宿区条例第51号）の一部を次のように改正する,supported,687f70a339102e46797a6184cc999520ba60ca59d6779d432eeea36bf42fcb1d
shinjuku-2026-r1-gian-26,normal,content,OB26-N-02,第2条第2項第11号が引用している条項番号を改める内容です。,https://www.city.shinjuku.lg.jp/content/000448442.pdf,8877a73ddb1c0b5dcd7790a7328e7f867702c9774048a24b415003dbef0dc046,第2条第2項第11号,第2条第2項第11号中「第6条」を「第7条」に改める,supported,687f70a339102e46797a6184cc999520ba60ca59d6779d432eeea36bf42fcb1d
shinjuku-2026-r1-gian-26,normal,content,OB26-N-03,資源の有効な利用の促進に関する法律施行令の改正により、指定脱炭素化再生資源利用促進製品の定義規定が追加されたことに伴い、引用条項を改める。,https://www.city.shinjuku.lg.jp/content/000447774.pdf,1dc3eaffcafb1b1c9e139e823182dc80dc0755624813ca87d8b274d15f5b6624,第26号議案,資源の有効な利用の促進に関する法律施行令の改正により、…指定脱炭素化再生資源利用促進製品の定義規定が追加された…ことに伴い、引用条項を改める,supported,687f70a339102e46797a6184cc999520ba60ca59d6779d432eeea36bf42fcb1d
shinjuku-2026-r1-gian-26,normal,content,OB26-N-04,議案本文の提案理由は、資源の有効な利用の促進に関する法律施行令（平成3年政令第327号）の改正に伴い、規定を整備する必要があるため、としています。,https://www.city.shinjuku.lg.jp/content/000448442.pdf,8877a73ddb1c0b5dcd7790a7328e7f867702c9774048a24b415003dbef0dc046,（提案理由）,脱炭素成長型経済構造への円滑な移行の推進に関する法律及び資源の有効な利用の促進に関する法律の一部を改正する法律の施行に伴う関係政令の整備等に関する政令（令和7年政令第412号）の施行による資源の有効な利用の促進に関する法律施行令（平成3年政令第327号）の改正に伴い、規定を整備する必要があるため,supported,687f70a339102e46797a6184cc999520ba60ca59d6779d432eeea36bf42fcb1d
shinjuku-2026-r1-gian-26,normal,content,OB26-N-05,第2条第2項第11号中の「第6条」を「第7条」に改めます。,https://www.city.shinjuku.lg.jp/content/000448442.pdf,8877a73ddb1c0b5dcd7790a7328e7f867702c9774048a24b415003dbef0dc046,第2条第2項第11号,第2条第2項第11号中「第6条」を「第7条」に改める,supported,687f70a339102e46797a6184cc999520ba60ca59d6779d432eeea36bf42fcb1d
shinjuku-2026-r1-gian-26,normal,content,OB26-N-06,改め文は引用条項の番号の改正だけを定めていて、区民の義務や手数料などを新たに定める内容は含まれていません。,https://www.city.shinjuku.lg.jp/content/000448442.pdf,8877a73ddb1c0b5dcd7790a7328e7f867702c9774048a24b415003dbef0dc046,第2条第2項第11号,第2条第2項第11号中「第6条」を「第7条」に改める,supported,687f70a339102e46797a6184cc999520ba60ca59d6779d432eeea36bf42fcb1d
shinjuku-2026-r1-gian-26,normal,content,OB26-N-07,令和8年4月1日から施行されます。,https://www.city.shinjuku.lg.jp/content/000448442.pdf,8877a73ddb1c0b5dcd7790a7328e7f867702c9774048a24b415003dbef0dc046,附則（施行期日）,この条例は、令和8年4月1日から施行する,supported,687f70a339102e46797a6184cc999520ba60ca59d6779d432eeea36bf42fcb1d
shinjuku-2026-r1-gian-26,normal,content,OB26-N-08,令和8年第1回定例会（会期は2月17日から3月24日まで）で審議されました。,https://www.city.shinjuku.lg.jp/content/000452334.pdf,22ba4f49b18c96bd1fa26241606257c05477f38e25ac46d6f8e4f416a2cedbf2,審議状況（会期）,令和８年第１回定例会…２月１７日～３月２４日,supported,687f70a339102e46797a6184cc999520ba60ca59d6779d432eeea36bf42fcb1d
shinjuku-2026-r1-gian-26,normal,content,OB26-N-09,本会議は第4日にあたる3月24日（火曜日）でした。,https://ssp.kaigiroku.net/tenant/shinjuku/MinuteView.html?council_id=3163&schedule_id=5&minute_id=1,bd058d36962b45d8d965e4625bb95ecd661a102a026175213f37ba9eb575424a,審議状況（本会議 3月24日 議長）,令和８年第１回定例会会議録（第４日）第４号令和８年３月２４日（火曜日）,supported,687f70a339102e46797a6184cc999520ba60ca59d6779d432eeea36bf42fcb1d
shinjuku-2026-r1-gian-26,normal,content,OB26-N-10,日程第15から日程第21までの議案とあわせて、一括して議題となりました。,https://ssp.kaigiroku.net/tenant/shinjuku/MinuteView.html?council_id=3163&schedule_id=5&minute_id=42,78d3acb86854b2a4bc9466207a60576ca68f1c71da42fb097c6101c02e08bb29,審議状況（本会議 3月24日 議長）,日程第15から日程第21までを一括議題とします,supported,687f70a339102e46797a6184cc999520ba60ca59d6779d432eeea36bf42fcb1d
shinjuku-2026-r1-gian-26,normal,content,OB26-N-11,環境建設委員会の審査報告書は「可決」でした。,https://ssp.kaigiroku.net/tenant/shinjuku/MinuteView.html?council_id=3163&schedule_id=5&minute_id=50,315b6d8358728f38ebe14b658491fdda972f57c9899a0a3184c84579e8c8b62c,審議状況（本会議 3月24日 議長）,環境建設委員会審査報告書は、可決です,supported,687f70a339102e46797a6184cc999520ba60ca59d6779d432eeea36bf42fcb1d
shinjuku-2026-r1-gian-26,normal,content,OB26-N-12,本会議は、異議なしと認めて、委員会審査報告のとおり可決しました。,https://ssp.kaigiroku.net/tenant/shinjuku/MinuteView.html?council_id=3163&schedule_id=5&minute_id=51,970914f9ce4a28e423e8480a3d4ce175afafafeebd92448698df42d97cb2ec1d,審議状況（本会議 3月24日 議長）,異議なしと認めます…本案は、いずれも委員会審査報告のとおり可決されました,supported,687f70a339102e46797a6184cc999520ba60ca59d6779d432eeea36bf42fcb1d
shinjuku-2026-r1-gian-26,normal,content,OB26-N-13,議決結果ページの記載は「原案可決」です。,https://www.city.shinjuku.lg.jp/kusei/soumu01_002090_00015.html,7c2b6f68db1b433b860b35d176b4dd9211e78582ec9de718fcfefe68b22d896a,審議状況（議決結果ページ）,第26号議案新宿区リサイクル及び一般廃棄物の処理に関する条例の一部を改正する条例原案可決,supported,687f70a339102e46797a6184cc999520ba60ca59d6779d432eeea36bf42fcb1d
shinjuku-2026-r1-gian-26,normal,content,OB26-N-14,「議案の概要と審議結果」の採決結果行では、8会派すべてが賛成（○）でした。,https://www.city.shinjuku.lg.jp/content/000452334.pdf,22ba4f49b18c96bd1fa26241606257c05477f38e25ac46d6f8e4f416a2cedbf2,審議状況（議案の概要と審議結果の採決結果行）,伴い、引用条項を改める。○○○○○○○○可決,supported,687f70a339102e46797a6184cc999520ba60ca59d6779d432eeea36bf42fcb1d
shinjuku-2026-r1-gian-26,hard,title,OB26-HT-01,見出し: 第26号議案 新宿区リサイクル及び一般廃棄物の処理に関する条例の一部を改正する条例,https://www.city.shinjuku.lg.jp/content/000448442.pdf,8877a73ddb1c0b5dcd7790a7328e7f867702c9774048a24b415003dbef0dc046,件名,新宿区リサイクル及び一般廃棄物の処理に関する条例の一部を改正する条例,supported,1c89019bb0f590f754435cca3cd27e2805d0e006fb7b1f85afe287693aa86048
shinjuku-2026-r1-gian-26,hard,summary,OB26-HS-01,要約: 平成11年新宿区条例第51号の第2条第2項第11号の「第6条」を「第7条」に改める改正。,https://www.city.shinjuku.lg.jp/content/000448442.pdf,8877a73ddb1c0b5dcd7790a7328e7f867702c9774048a24b415003dbef0dc046,第2条第2項第11号,第2条第2項第11号中「第6条」を「第7条」に改める,supported,1c89019bb0f590f754435cca3cd27e2805d0e006fb7b1f85afe287693aa86048
shinjuku-2026-r1-gian-26,hard,summary,OB26-HS-02,要約: 施行日は令和8年4月1日。,https://www.city.shinjuku.lg.jp/content/000448442.pdf,8877a73ddb1c0b5dcd7790a7328e7f867702c9774048a24b415003dbef0dc046,附則（施行期日）,この条例は、令和8年4月1日から施行する,supported,1c89019bb0f590f754435cca3cd27e2805d0e006fb7b1f85afe287693aa86048
shinjuku-2026-r1-gian-26,hard,content,OB26-H-01,提出日: 令和8年2月17日,https://www.city.shinjuku.lg.jp/content/000448442.pdf,8877a73ddb1c0b5dcd7790a7328e7f867702c9774048a24b415003dbef0dc046,提出日・提出者,令和８年２月１７日…新宿区長…吉住…健一,supported,1c89019bb0f590f754435cca3cd27e2805d0e006fb7b1f85afe287693aa86048
shinjuku-2026-r1-gian-26,hard,content,OB26-H-02,提出者: 新宿区長 吉住健一,https://www.city.shinjuku.lg.jp/content/000448442.pdf,8877a73ddb1c0b5dcd7790a7328e7f867702c9774048a24b415003dbef0dc046,提出日・提出者,令和８年２月１７日…新宿区長…吉住…健一,supported,1c89019bb0f590f754435cca3cd27e2805d0e006fb7b1f85afe287693aa86048
shinjuku-2026-r1-gian-26,hard,content,OB26-H-03,対象条例: 新宿区リサイクル及び一般廃棄物の処理に関する条例（平成11年新宿区条例第51号）,https://www.city.shinjuku.lg.jp/content/000448442.pdf,8877a73ddb1c0b5dcd7790a7328e7f867702c9774048a24b415003dbef0dc046,件名,新宿区リサイクル及び一般廃棄物の処理に関する条例の一部を改正する条例,supported,1c89019bb0f590f754435cca3cd27e2805d0e006fb7b1f85afe287693aa86048
shinjuku-2026-r1-gian-26,hard,content,OB26-H-04,議決: 原案可決（議決結果ページの記載）,https://www.city.shinjuku.lg.jp/kusei/soumu01_002090_00015.html,7c2b6f68db1b433b860b35d176b4dd9211e78582ec9de718fcfefe68b22d896a,審議状況（議決結果ページ）,第26号議案新宿区リサイクル及び一般廃棄物の処理に関する条例の一部を改正する条例原案可決,supported,1c89019bb0f590f754435cca3cd27e2805d0e006fb7b1f85afe287693aa86048
shinjuku-2026-r1-gian-26,hard,content,OB26-H-05,本会議: 令和8年3月24日（火曜日）、会議録 第4日第4号,https://ssp.kaigiroku.net/tenant/shinjuku/MinuteView.html?council_id=3163&schedule_id=5&minute_id=1,bd058d36962b45d8d965e4625bb95ecd661a102a026175213f37ba9eb575424a,審議状況（本会議 3月24日 議長）,令和８年第１回定例会会議録（第４日）第４号令和８年３月２４日（火曜日）,supported,1c89019bb0f590f754435cca3cd27e2805d0e006fb7b1f85afe287693aa86048
shinjuku-2026-r1-gian-26,hard,content,OB26-H-06,議題: 日程第15から日程第21までを一括して議題とした,https://ssp.kaigiroku.net/tenant/shinjuku/MinuteView.html?council_id=3163&schedule_id=5&minute_id=42,78d3acb86854b2a4bc9466207a60576ca68f1c71da42fb097c6101c02e08bb29,審議状況（本会議 3月24日 議長）,日程第15から日程第21までを一括議題とします,supported,1c89019bb0f590f754435cca3cd27e2805d0e006fb7b1f85afe287693aa86048
shinjuku-2026-r1-gian-26,hard,content,OB26-H-07,会議録: 第26号議案の議題朗読が記載されている,https://ssp.kaigiroku.net/tenant/shinjuku/MinuteView.html?council_id=3163&schedule_id=5&minute_id=44,d2a700ea43d26a099f9f98d8edee069b78e6317d7a3576f7f515997e86241f5c,審議状況（本会議 3月24日 議長）,第26号議案新宿区リサイクル及び一般廃棄物の処理に関する条例の一部を改正する条例,supported,1c89019bb0f590f754435cca3cd27e2805d0e006fb7b1f85afe287693aa86048
shinjuku-2026-r1-gian-26,hard,content,OB26-H-08,委員会審査報告: 環境建設委員会の審査報告書は可決,https://ssp.kaigiroku.net/tenant/shinjuku/MinuteView.html?council_id=3163&schedule_id=5&minute_id=50,315b6d8358728f38ebe14b658491fdda972f57c9899a0a3184c84579e8c8b62c,審議状況（本会議 3月24日 議長）,環境建設委員会審査報告書は、可決です,supported,1c89019bb0f590f754435cca3cd27e2805d0e006fb7b1f85afe287693aa86048
shinjuku-2026-r1-gian-26,hard,content,OB26-H-09,採決方法: 異議なし,https://ssp.kaigiroku.net/tenant/shinjuku/MinuteView.html?council_id=3163&schedule_id=5&minute_id=51,970914f9ce4a28e423e8480a3d4ce175afafafeebd92448698df42d97cb2ec1d,審議状況（本会議 3月24日 議長）,異議なしと認めます…本案は、いずれも委員会審査報告のとおり可決されました,supported,1c89019bb0f590f754435cca3cd27e2805d0e006fb7b1f85afe287693aa86048
shinjuku-2026-r1-gian-26,hard,content,OB26-H-10,会派別の賛否: 全8会派が賛成（採決結果行は ○○○○○○○○）,https://www.city.shinjuku.lg.jp/content/000452334.pdf,22ba4f49b18c96bd1fa26241606257c05477f38e25ac46d6f8e4f416a2cedbf2,審議状況（議案の概要と審議結果の採決結果行）,伴い、引用条項を改める。○○○○○○○○可決,supported,1c89019bb0f590f754435cca3cd27e2805d0e006fb7b1f85afe287693aa86048
shinjuku-2026-r1-gian-26,hard,content,OB26-H-11,会派: 自民・参政クラブ、新宿区議会公明党、日本共産党新宿区議会議員団、新宿未来の会、立憲民主党・無所属クラブ、日本維新の会・新宿区議団、現役世代に優しい新宿・減税の会、れいわ新選組 新宿,https://www.city.shinjuku.lg.jp/content/000452334.pdf,22ba4f49b18c96bd1fa26241606257c05477f38e25ac46d6f8e4f416a2cedbf2,会派略称・列の並び,共産＝日本共産党新宿区議会議員団…れいわ＝れいわ新選組 新宿…自参ク＝自民・参政クラブ…公明＝新宿区議会公明党…新宿会＝新宿未来の会…民無ク＝立憲民主党・無所属クラブ…維新＝日本維新の会・新宿区議団…現役＝現役世代に優しい新宿・減税の会,supported,1c89019bb0f590f754435cca3cd27e2805d0e006fb7b1f85afe287693aa86048
shinjuku-2026-r1-gian-26,hard,content,OB26-H-12,脱炭素成長型経済構造への円滑な移行の推進に関する法律及び資源の有効な利用の促進に関する法律の一部を改正する法律の施行に伴う関係政令の整備等に関する政令（令和7年政令第412号）の施行による資源の有効な利用の促進に関する法律施行令（平成3年政令第327号）の改正に伴い、規定を整備する必要があるため,https://www.city.shinjuku.lg.jp/content/000448442.pdf,8877a73ddb1c0b5dcd7790a7328e7f867702c9774048a24b415003dbef0dc046,（提案理由）,脱炭素成長型経済構造への円滑な移行の推進に関する法律及び資源の有効な利用の促進に関する法律の一部を改正する法律の施行に伴う関係政令の整備等に関する政令（令和7年政令第412号）の施行による資源の有効な利用の促進に関する法律施行令（平成3年政令第327号）の改正に伴い、規定を整備する必要があるため,supported,1c89019bb0f590f754435cca3cd27e2805d0e006fb7b1f85afe287693aa86048
shinjuku-2026-r1-gian-26,hard,content,OB26-H-13,第2条第2項第11号 / 「第6条」を「第7条」に改める,https://www.city.shinjuku.lg.jp/content/000448442.pdf,8877a73ddb1c0b5dcd7790a7328e7f867702c9774048a24b415003dbef0dc046,第2条第2項第11号,第2条第2項第11号中「第6条」を「第7条」に改める,supported,1c89019bb0f590f754435cca3cd27e2805d0e006fb7b1f85afe287693aa86048
shinjuku-2026-r1-gian-26,hard,content,OB26-H-14,資源の有効な利用の促進に関する法律施行令の改正により、指定脱炭素化再生資源利用促進製品の定義規定が追加されたことに伴い、引用条項を改める。,https://www.city.shinjuku.lg.jp/content/000447774.pdf,1dc3eaffcafb1b1c9e139e823182dc80dc0755624813ca87d8b274d15f5b6624,第26号議案,資源の有効な利用の促進に関する法律施行令の改正により、…指定脱炭素化再生資源利用促進製品の定義規定が追加された…ことに伴い、引用条項を改める,supported,1c89019bb0f590f754435cca3cd27e2805d0e006fb7b1f85afe287693aa86048
shinjuku-2026-r1-gian-26,hard,content,OB26-H-15,施行日は令和8年4月1日と記載されている。,https://www.city.shinjuku.lg.jp/content/000447774.pdf,1dc3eaffcafb1b1c9e139e823182dc80dc0755624813ca87d8b274d15f5b6624,第26号議案［施行日］,令和8年4月1日,supported,1c89019bb0f590f754435cca3cd27e2805d0e006fb7b1f85afe287693aa86048
shinjuku-2026-r1-gian-26,hard,content,OB26-H-16,「議案の概要と審議結果」も同旨の概要を記載している。,https://www.city.shinjuku.lg.jp/content/000452334.pdf,22ba4f49b18c96bd1fa26241606257c05477f38e25ac46d6f8e4f416a2cedbf2,第26号議案（議案の概要）,指定脱炭素化再生資源利用促進製品の定義規定が追加されたことに…伴い、引用条項を改める,supported,1c89019bb0f590f754435cca3cd27e2805d0e006fb7b1f85afe287693aa86048
shinjuku-2026-r1-gian-26,hard,content,OB26-H-17,この条例は、令和8年4月1日から施行する。,https://www.city.shinjuku.lg.jp/content/000448442.pdf,8877a73ddb1c0b5dcd7790a7328e7f867702c9774048a24b415003dbef0dc046,附則（施行期日）,この条例は、令和8年4月1日から施行する,supported,1c89019bb0f590f754435cca3cd27e2805d0e006fb7b1f85afe287693aa86048
shinjuku-2026-r1-gian-26,hard,content,OB26-H-18,第26号議案 全文 / https://www.city.shinjuku.lg.jp/content/000448442.pdf / 8877a73ddb1c0b5dcd7790a7328e7f867702c9774048a24b415003dbef0dc046,https://www.city.shinjuku.lg.jp/content/000448442.pdf,8877a73ddb1c0b5dcd7790a7328e7f867702c9774048a24b415003dbef0dc046,件名,新宿区リサイクル及び一般廃棄物の処理に関する条例の一部を改正する条例,supported,1c89019bb0f590f754435cca3cd27e2805d0e006fb7b1f85afe287693aa86048
shinjuku-2026-r1-gian-26,hard,content,OB26-H-19,提出案件概要（条例関係） / https://www.city.shinjuku.lg.jp/content/000447774.pdf / 1dc3eaffcafb1b1c9e139e823182dc80dc0755624813ca87d8b274d15f5b6624,https://www.city.shinjuku.lg.jp/content/000447774.pdf,1dc3eaffcafb1b1c9e139e823182dc80dc0755624813ca87d8b274d15f5b6624,提出案件概要（条例関係）,第1回区議会定例会提出案件概要…（条例関係）,supported,1c89019bb0f590f754435cca3cd27e2805d0e006fb7b1f85afe287693aa86048
shinjuku-2026-r1-gian-26,hard,content,OB26-H-20,議案の概要と審議結果 / https://www.city.shinjuku.lg.jp/content/000452334.pdf / 22ba4f49b18c96bd1fa26241606257c05477f38e25ac46d6f8e4f416a2cedbf2,https://www.city.shinjuku.lg.jp/content/000452334.pdf,22ba4f49b18c96bd1fa26241606257c05477f38e25ac46d6f8e4f416a2cedbf2,議案の概要と審議結果,議案の概要と審議結果,supported,1c89019bb0f590f754435cca3cd27e2805d0e006fb7b1f85afe287693aa86048
shinjuku-2026-r1-gian-26,hard,content,OB26-H-21,議決結果ページ（2026-10-04 取得） / https://www.city.shinjuku.lg.jp/kusei/soumu01_002090_00015.html / 7c2b6f68db1b433b860b35d176b4dd9211e78582ec9de718fcfefe68b22d896a,https://www.city.shinjuku.lg.jp/kusei/soumu01_002090_00015.html,7c2b6f68db1b433b860b35d176b4dd9211e78582ec9de718fcfefe68b22d896a,審議状況（議決結果ページ）,第26号議案新宿区リサイクル及び一般廃棄物の処理に関する条例の一部を改正する条例原案可決,supported,1c89019bb0f590f754435cca3cd27e2805d0e006fb7b1f85afe287693aa86048
shinjuku-2026-r1-gian-26,hard,content,OB26-H-22,会議録 3月24日 議長（委員会審査報告） / https://ssp.kaigiroku.net/tenant/shinjuku/MinuteView.html?council_id=3163&schedule_id=5&minute_id=50 / 315b6d8358728f38ebe14b658491fdda972f57c9899a0a3184c84579e8c8b62c,https://ssp.kaigiroku.net/tenant/shinjuku/MinuteView.html?council_id=3163&schedule_id=5&minute_id=50,315b6d8358728f38ebe14b658491fdda972f57c9899a0a3184c84579e8c8b62c,審議状況（本会議 3月24日 議長）,環境建設委員会審査報告書は、可決です,supported,1c89019bb0f590f754435cca3cd27e2805d0e006fb7b1f85afe287693aa86048
shinjuku-2026-r1-gian-26,hard,content,OB26-H-23,会議録 3月24日 議長（採決） / https://ssp.kaigiroku.net/tenant/shinjuku/MinuteView.html?council_id=3163&schedule_id=5&minute_id=51 / 970914f9ce4a28e423e8480a3d4ce175afafafeebd92448698df42d97cb2ec1d,https://ssp.kaigiroku.net/tenant/shinjuku/MinuteView.html?council_id=3163&schedule_id=5&minute_id=51,970914f9ce4a28e423e8480a3d4ce175afafafeebd92448698df42d97cb2ec1d,審議状況（本会議 3月24日 議長）,異議なしと認めます…本案は、いずれも委員会審査報告のとおり可決されました,supported,1c89019bb0f590f754435cca3cd27e2805d0e006fb7b1f85afe287693aa86048
shinjuku-2026-r1-gian-27,easy,title,OB27-ET-01,見出し: 手数料の 条例の 法律名などを 直します,https://www.city.shinjuku.lg.jp/content/000448443.pdf,1ac582a3a4c40a2cf047489891a4841dc1e2916900cd1b32df1a4441ed4b098b,別表第2 都市計画事務の部71の項,別表2都市計画事務の部71の項中「マンションの建替え等の円滑化に関する法律」を「マンションの再生等の円滑化に関する法律」に、「第105条第1項」を「第163条の59第1項」に改め、「容積率」の次に「又は各部分の高さ」を加え、「要除却認定マンション」を「要除却等認定マンション」に改め、「建築されるマンション」の次に「又は要除却等認定マンションの更新がされるマンション」を加える,supported,44aac5a7a1fe9404d89d940027064d6efbe263af084ac8373c1bb8636bbe6a18
shinjuku-2026-r1-gian-27,easy,summary,OB27-ES-01,要約: 別表の 71の 項の 法律の 名前や 番号を 直します。,https://www.city.shinjuku.lg.jp/content/000448443.pdf,1ac582a3a4c40a2cf047489891a4841dc1e2916900cd1b32df1a4441ed4b098b,別表第2 都市計画事務の部71の項,別表2都市計画事務の部71の項中「マンションの建替え等の円滑化に関する法律」を「マンションの再生等の円滑化に関する法律」に、「第105条第1項」を「第163条の59第1項」に改め、「容積率」の次に「又は各部分の高さ」を加え、「要除却認定マンション」を「要除却等認定マンション」に改め、「建築されるマンション」の次に「又は要除却等認定マンションの更新がされるマンション」を加える,supported,44aac5a7a1fe9404d89d940027064d6efbe263af084ac8373c1bb8636bbe6a18
shinjuku-2026-r1-gian-27,easy,summary,OB27-ES-02,要約: 2026年（令和8年）4月1日（水）から 始まります。,https://www.city.shinjuku.lg.jp/content/000448443.pdf,1ac582a3a4c40a2cf047489891a4841dc1e2916900cd1b32df1a4441ed4b098b,附則（施行期日）,この条例は、令和8年4月1日から施行する,supported,44aac5a7a1fe9404d89d940027064d6efbe263af084ac8373c1bb8636bbe6a18
shinjuku-2026-r1-gian-27,easy,content,OB27-E-01,【新宿区環境土木・都市計画事務手数料条例】［しんじゅくくかんきょうどぼく・としけいかくじむてすうりょうじょうれい］（＝区の 環境土木や 都市計画の 手数料の 決まり）を 変えます。,https://www.city.shinjuku.lg.jp/content/000448443.pdf,1ac582a3a4c40a2cf047489891a4841dc1e2916900cd1b32df1a4441ed4b098b,改め文,新宿区環境土木・都市計画事務手数料条例（平成12年新宿区条例第48号）の一部を次のように改正する,supported,44aac5a7a1fe9404d89d940027064d6efbe263af084ac8373c1bb8636bbe6a18
shinjuku-2026-r1-gian-27,easy,content,OB27-E-02,対象は 平成12年 新宿区条例 第48号です。,https://www.city.shinjuku.lg.jp/content/000448443.pdf,1ac582a3a4c40a2cf047489891a4841dc1e2916900cd1b32df1a4441ed4b098b,改め文,新宿区環境土木・都市計画事務手数料条例（平成12年新宿区条例第48号）の一部を次のように改正する,supported,44aac5a7a1fe9404d89d940027064d6efbe263af084ac8373c1bb8636bbe6a18
shinjuku-2026-r1-gian-27,easy,content,OB27-E-03,区の 資料に よると 国の 法律の 改正に あわせて 規定を 整える 改正です。,https://www.city.shinjuku.lg.jp/content/000447774.pdf,1dc3eaffcafb1b1c9e139e823182dc80dc0755624813ca87d8b274d15f5b6624,第27号議案,マンションの建替え等の円滑化に関する法律の改正により、…要除却等認定マンションの建替え・更新後のマンションに係る…高さ制限の緩和特例が創設されたこと等に伴い、規定を整備す,supported,44aac5a7a1fe9404d89d940027064d6efbe263af084ac8373c1bb8636bbe6a18
shinjuku-2026-r1-gian-27,easy,content,OB27-E-04,別表第2 都市計画事務の 部の 71の 項を 直します。,https://www.city.shinjuku.lg.jp/content/000448443.pdf,1ac582a3a4c40a2cf047489891a4841dc1e2916900cd1b32df1a4441ed4b098b,別表第2 都市計画事務の部71の項,別表2都市計画事務の部71の項中「マンションの建替え等の円滑化に関する法律」を「マンションの再生等の円滑化に関する法律」に、「第105条第1項」を「第163条の59第1項」に改め、「容積率」の次に「又は各部分の高さ」を加え、「要除却認定マンション」を「要除却等認定マンション」に改め、「建築されるマンション」の次に「又は要除却等認定マンションの更新がされるマンション」を加える,supported,44aac5a7a1fe9404d89d940027064d6efbe263af084ac8373c1bb8636bbe6a18
shinjuku-2026-r1-gian-27,easy,content,OB27-E-05,法律の 名前を「マンションの 再生等の 円滑化に 関する 法律」に 変えます,https://www.city.shinjuku.lg.jp/content/000448443.pdf,1ac582a3a4c40a2cf047489891a4841dc1e2916900cd1b32df1a4441ed4b098b,別表第2 都市計画事務の部71の項,「マンションの建替え等の円滑化に関する法律」を「マンションの再生等の円滑化に関する法律」に,supported,44aac5a7a1fe9404d89d940027064d6efbe263af084ac8373c1bb8636bbe6a18
shinjuku-2026-r1-gian-27,easy,content,OB27-E-06,条文の 番号を「第105条 第1項」から「第163条の59 第1項」に 変えます,https://www.city.shinjuku.lg.jp/content/000448443.pdf,1ac582a3a4c40a2cf047489891a4841dc1e2916900cd1b32df1a4441ed4b098b,別表第2 都市計画事務の部71の項,「第105条第1項」を「第163条の59第1項」に改め,supported,44aac5a7a1fe9404d89d940027064d6efbe263af084ac8373c1bb8636bbe6a18
shinjuku-2026-r1-gian-27,easy,content,OB27-E-07,「容積率」の あとに「又は 各部分の 高さ」を 加えます,https://www.city.shinjuku.lg.jp/content/000448443.pdf,1ac582a3a4c40a2cf047489891a4841dc1e2916900cd1b32df1a4441ed4b098b,別表第2 都市計画事務の部71の項,「容積率」の次に「又は各部分の高さ」を加え,supported,44aac5a7a1fe9404d89d940027064d6efbe263af084ac8373c1bb8636bbe6a18
shinjuku-2026-r1-gian-27,easy,content,OB27-E-08,「要除却認定マンション」を【要除却等認定マンション】［ようじょきゃくとうにんていまんしょん］（＝法律に 出て くる マンションの 種類）に 変えます,https://www.city.shinjuku.lg.jp/content/000448443.pdf,1ac582a3a4c40a2cf047489891a4841dc1e2916900cd1b32df1a4441ed4b098b,別表第2 都市計画事務の部71の項,「要除却認定マンション」を「要除却等認定マンション」に改め,supported,44aac5a7a1fe9404d89d940027064d6efbe263af084ac8373c1bb8636bbe6a18
shinjuku-2026-r1-gian-27,easy,content,OB27-E-09,「建築されるマンション」の あとに 次の ことばを 加えます。,https://www.city.shinjuku.lg.jp/content/000448443.pdf,1ac582a3a4c40a2cf047489891a4841dc1e2916900cd1b32df1a4441ed4b098b,別表第2 都市計画事務の部71の項,「建築されるマンション」の次に「又は要除却等認定マンションの更新がされるマンション」を加える,supported,44aac5a7a1fe9404d89d940027064d6efbe263af084ac8373c1bb8636bbe6a18
shinjuku-2026-r1-gian-27,easy,content,OB27-E-10,又は 要除却等認定マンションの 更新が される マンション,https://www.city.shinjuku.lg.jp/content/000448443.pdf,1ac582a3a4c40a2cf047489891a4841dc1e2916900cd1b32df1a4441ed4b098b,別表第2 都市計画事務の部71の項,「建築されるマンション」の次に「又は要除却等認定マンションの更新がされるマンション」を加える,supported,44aac5a7a1fe9404d89d940027064d6efbe263af084ac8373c1bb8636bbe6a18
shinjuku-2026-r1-gian-27,easy,content,OB27-E-11,区の 資料に よると 法律の 改正で 高さ制限を ゆるめる 特例が できました。,https://www.city.shinjuku.lg.jp/content/000447774.pdf,1dc3eaffcafb1b1c9e139e823182dc80dc0755624813ca87d8b274d15f5b6624,第27号議案,マンションの建替え等の円滑化に関する法律の改正により、…要除却等認定マンションの建替え・更新後のマンションに係る…高さ制限の緩和特例が創設されたこと等に伴い、規定を整備す,supported,44aac5a7a1fe9404d89d940027064d6efbe263af084ac8373c1bb8636bbe6a18
shinjuku-2026-r1-gian-27,easy,content,OB27-E-12,この 特例は 建替えや 更新の あとの マンションに 係る ものです。,https://www.city.shinjuku.lg.jp/content/000447774.pdf,1dc3eaffcafb1b1c9e139e823182dc80dc0755624813ca87d8b274d15f5b6624,第27号議案,マンションの建替え等の円滑化に関する法律の改正により、…要除却等認定マンションの建替え・更新後のマンションに係る…高さ制限の緩和特例が創設されたこと等に伴い、規定を整備す,supported,44aac5a7a1fe9404d89d940027064d6efbe263af084ac8373c1bb8636bbe6a18
shinjuku-2026-r1-gian-27,easy,content,OB27-E-13,2026年（令和8年）4月1日（水）から 始まります。,https://www.city.shinjuku.lg.jp/content/000448443.pdf,1ac582a3a4c40a2cf047489891a4841dc1e2916900cd1b32df1a4441ed4b098b,附則（施行期日）,この条例は、令和8年4月1日から施行する,supported,44aac5a7a1fe9404d89d940027064d6efbe263af084ac8373c1bb8636bbe6a18
shinjuku-2026-r1-gian-27,easy,content,OB27-E-14,【原案可決】［げんあんかけつ］（＝出した 通りの 内容で 決まること）です。,https://www.city.shinjuku.lg.jp/kusei/soumu01_002090_00015.html,7c2b6f68db1b433b860b35d176b4dd9211e78582ec9de718fcfefe68b22d896a,審議状況（議決結果ページ）,第27号議案新宿区環境土木・都市計画事務手数料条例の一部を改正する条例原案可決,supported,44aac5a7a1fe9404d89d940027064d6efbe263af084ac8373c1bb8636bbe6a18
shinjuku-2026-r1-gian-27,easy,content,OB27-E-15,2026年（令和8年）の 第1回定例会で 決まりました。,https://www.city.shinjuku.lg.jp/content/000452334.pdf,22ba4f49b18c96bd1fa26241606257c05477f38e25ac46d6f8e4f416a2cedbf2,審議状況（会期）,令和８年第１回定例会…２月１７日～３月２４日,supported,44aac5a7a1fe9404d89d940027064d6efbe263af084ac8373c1bb8636bbe6a18
shinjuku-2026-r1-gian-27,easy,content,OB27-E-16,会期は 2026年2月17日（火）から 3月24日（火）まででした。,https://www.city.shinjuku.lg.jp/content/000452334.pdf,22ba4f49b18c96bd1fa26241606257c05477f38e25ac46d6f8e4f416a2cedbf2,審議状況（会期）,令和８年第１回定例会…２月１７日～３月２４日,supported,44aac5a7a1fe9404d89d940027064d6efbe263af084ac8373c1bb8636bbe6a18
shinjuku-2026-r1-gian-27,easy,content,OB27-E-17,本会議で 決まった 日は 3月24日（火）です。,https://ssp.kaigiroku.net/tenant/shinjuku/MinuteView.html?council_id=3163&schedule_id=5&minute_id=1,bd058d36962b45d8d965e4625bb95ecd661a102a026175213f37ba9eb575424a,審議状況（本会議 3月24日 議長）,令和８年第１回定例会会議録（第４日）第４号令和８年３月２４日（火曜日）,supported,44aac5a7a1fe9404d89d940027064d6efbe263af084ac8373c1bb8636bbe6a18
shinjuku-2026-r1-gian-27,easy,content,OB27-E-18,ほかの 議案と まとめて 議題に なりました。,https://ssp.kaigiroku.net/tenant/shinjuku/MinuteView.html?council_id=3163&schedule_id=5&minute_id=42,78d3acb86854b2a4bc9466207a60576ca68f1c71da42fb097c6101c02e08bb29,審議状況（本会議 3月24日 議長）,日程第15から日程第21までを一括議題とします,supported,44aac5a7a1fe9404d89d940027064d6efbe263af084ac8373c1bb8636bbe6a18
shinjuku-2026-r1-gian-27,easy,content,OB27-E-19,環境建設委員会の 審査報告書は 可決でした。,https://ssp.kaigiroku.net/tenant/shinjuku/MinuteView.html?council_id=3163&schedule_id=5&minute_id=50,315b6d8358728f38ebe14b658491fdda972f57c9899a0a3184c84579e8c8b62c,審議状況（本会議 3月24日 議長）,環境建設委員会審査報告書は、可決です,supported,44aac5a7a1fe9404d89d940027064d6efbe263af084ac8373c1bb8636bbe6a18
shinjuku-2026-r1-gian-27,easy,content,OB27-E-20,議長が 異議が ないか たずねました。,https://ssp.kaigiroku.net/tenant/shinjuku/MinuteView.html?council_id=3163&schedule_id=5&minute_id=50,315b6d8358728f38ebe14b658491fdda972f57c9899a0a3184c84579e8c8b62c,審議状況（本会議 3月24日 議長）,環境建設委員会審査報告書は、可決です,supported,44aac5a7a1fe9404d89d940027064d6efbe263af084ac8373c1bb8636bbe6a18
shinjuku-2026-r1-gian-27,easy,content,OB27-E-21,異議なしと 認められて 可決しました。,https://ssp.kaigiroku.net/tenant/shinjuku/MinuteView.html?council_id=3163&schedule_id=5&minute_id=51,970914f9ce4a28e423e8480a3d4ce175afafafeebd92448698df42d97cb2ec1d,審議状況（本会議 3月24日 議長）,異議なしと認めます…本案は、いずれも委員会審査報告のとおり可決されました,supported,44aac5a7a1fe9404d89d940027064d6efbe263af084ac8373c1bb8636bbe6a18
shinjuku-2026-r1-gian-27,easy,content,OB27-E-22,賛成したのは ８つの 会派 すべてです。,https://www.city.shinjuku.lg.jp/content/000452334.pdf,22ba4f49b18c96bd1fa26241606257c05477f38e25ac46d6f8e4f416a2cedbf2,審議状況（議案の概要と審議結果の採決結果行）,緩和特例が創設されたこと等に伴い、規定を整備する。○○○○○○○○可決,supported,44aac5a7a1fe9404d89d940027064d6efbe263af084ac8373c1bb8636bbe6a18
shinjuku-2026-r1-gian-27,normal,title,OB27-NT-01,見出し: 環境土木・都市計画事務手数料条例の規定を整備,https://www.city.shinjuku.lg.jp/content/000448443.pdf,1ac582a3a4c40a2cf047489891a4841dc1e2916900cd1b32df1a4441ed4b098b,別表第2 都市計画事務の部71の項,別表2都市計画事務の部71の項中「マンションの建替え等の円滑化に関する法律」を「マンションの再生等の円滑化に関する法律」に、「第105条第1項」を「第163条の59第1項」に改め、「容積率」の次に「又は各部分の高さ」を加え、「要除却認定マンション」を「要除却等認定マンション」に改め、「建築されるマンション」の次に「又は要除却等認定マンションの更新がされるマンション」を加える,supported,de0df7536bc916350f8bba6d31b970d9c1f233a702b944c68a9324fbdf5ff440
shinjuku-2026-r1-gian-27,normal,summary,OB27-NS-01,要約: マンションの建替え等の円滑化に関する法律の改正に伴い、別表第2の71の項の法律名・条項・用語を改める条例改正です。,https://www.city.shinjuku.lg.jp/content/000447774.pdf,1dc3eaffcafb1b1c9e139e823182dc80dc0755624813ca87d8b274d15f5b6624,第27号議案,マンションの建替え等の円滑化に関する法律の改正により、…要除却等認定マンションの建替え・更新後のマンションに係る…高さ制限の緩和特例が創設されたこと等に伴い、規定を整備す,supported,de0df7536bc916350f8bba6d31b970d9c1f233a702b944c68a9324fbdf5ff440
shinjuku-2026-r1-gian-27,normal,summary,OB27-NS-02,要約: 施行日は令和8年4月1日です。,https://www.city.shinjuku.lg.jp/content/000448443.pdf,1ac582a3a4c40a2cf047489891a4841dc1e2916900cd1b32df1a4441ed4b098b,附則（施行期日）,この条例は、令和8年4月1日から施行する,supported,de0df7536bc916350f8bba6d31b970d9c1f233a702b944c68a9324fbdf5ff440
shinjuku-2026-r1-gian-27,normal,content,OB27-N-01,新宿区環境土木・都市計画事務手数料条例（平成12年新宿区条例第48号）の改正です。,https://www.city.shinjuku.lg.jp/content/000448443.pdf,1ac582a3a4c40a2cf047489891a4841dc1e2916900cd1b32df1a4441ed4b098b,改め文,新宿区環境土木・都市計画事務手数料条例（平成12年新宿区条例第48号）の一部を次のように改正する,supported,de0df7536bc916350f8bba6d31b970d9c1f233a702b944c68a9324fbdf5ff440
shinjuku-2026-r1-gian-27,normal,content,OB27-N-02,別表第2の都市計画事務の部71の項について、法律名・条項番号・用語を改める内容です。,https://www.city.shinjuku.lg.jp/content/000448443.pdf,1ac582a3a4c40a2cf047489891a4841dc1e2916900cd1b32df1a4441ed4b098b,別表第2 都市計画事務の部71の項,別表2都市計画事務の部71の項中「マンションの建替え等の円滑化に関する法律」を「マンションの再生等の円滑化に関する法律」に、「第105条第1項」を「第163条の59第1項」に改め、「容積率」の次に「又は各部分の高さ」を加え、「要除却認定マンション」を「要除却等認定マンション」に改め、「建築されるマンション」の次に「又は要除却等認定マンションの更新がされるマンション」を加える,supported,de0df7536bc916350f8bba6d31b970d9c1f233a702b944c68a9324fbdf5ff440
shinjuku-2026-r1-gian-27,normal,content,OB27-N-03,マンションの建替え等の円滑化に関する法律の改正により、要除却等認定マンションの建替え・更新後のマンションに係る高さ制限の緩和特例が創設されたこと等に伴い、規定を整備する。,https://www.city.shinjuku.lg.jp/content/000447774.pdf,1dc3eaffcafb1b1c9e139e823182dc80dc0755624813ca87d8b274d15f5b6624,第27号議案,マンションの建替え等の円滑化に関する法律の改正により、…要除却等認定マンションの建替え・更新後のマンションに係る…高さ制限の緩和特例が創設されたこと等に伴い、規定を整備す,supported,de0df7536bc916350f8bba6d31b970d9c1f233a702b944c68a9324fbdf5ff440
shinjuku-2026-r1-gian-27,normal,content,OB27-N-04,議案本文の提案理由は、老朽化マンション等の管理及び再生の円滑化等を図るための建物の区分所有等に関する法律等の一部を改正する法律（令和7年法律第47号）の施行によるマンションの建替え等の円滑化に関する法律（平成14年法律第78号）の改正に伴い、規定を整備する必要があるため、としています。,https://www.city.shinjuku.lg.jp/content/000448443.pdf,1ac582a3a4c40a2cf047489891a4841dc1e2916900cd1b32df1a4441ed4b098b,（提案理由）,老朽化マンション等の管理及び再生の円滑化等を図るための建物の区分所有等に関する法律等の一部を改正する法律（令和7年法律第47号）の施行によるマンションの建替え等の円滑化に関する法律（平成14年法律第78号）の改正に伴い、規定を整備する必要があるため,supported,de0df7536bc916350f8bba6d31b970d9c1f233a702b944c68a9324fbdf5ff440
shinjuku-2026-r1-gian-27,normal,content,OB27-N-05,「マンションの建替え等の円滑化に関する法律」を「マンションの再生等の円滑化に関する法律」に改めます。,https://www.city.shinjuku.lg.jp/content/000448443.pdf,1ac582a3a4c40a2cf047489891a4841dc1e2916900cd1b32df1a4441ed4b098b,別表第2 都市計画事務の部71の項,「マンションの建替え等の円滑化に関する法律」を「マンションの再生等の円滑化に関する法律」に,supported,de0df7536bc916350f8bba6d31b970d9c1f233a702b944c68a9324fbdf5ff440
shinjuku-2026-r1-gian-27,normal,content,OB27-N-06,「第105条第1項」を「第163条の59第1項」に改めます。,https://www.city.shinjuku.lg.jp/content/000448443.pdf,1ac582a3a4c40a2cf047489891a4841dc1e2916900cd1b32df1a4441ed4b098b,別表第2 都市計画事務の部71の項,「第105条第1項」を「第163条の59第1項」に改め,supported,de0df7536bc916350f8bba6d31b970d9c1f233a702b944c68a9324fbdf5ff440
shinjuku-2026-r1-gian-27,normal,content,OB27-N-07,「容積率」の次に「又は各部分の高さ」を加えます。,https://www.city.shinjuku.lg.jp/content/000448443.pdf,1ac582a3a4c40a2cf047489891a4841dc1e2916900cd1b32df1a4441ed4b098b,別表第2 都市計画事務の部71の項,「容積率」の次に「又は各部分の高さ」を加え,supported,de0df7536bc916350f8bba6d31b970d9c1f233a702b944c68a9324fbdf5ff440
shinjuku-2026-r1-gian-27,normal,content,OB27-N-08,「要除却認定マンション」を「要除却等認定マンション」に改めます。,https://www.city.shinjuku.lg.jp/content/000448443.pdf,1ac582a3a4c40a2cf047489891a4841dc1e2916900cd1b32df1a4441ed4b098b,別表第2 都市計画事務の部71の項,「要除却認定マンション」を「要除却等認定マンション」に改め,supported,de0df7536bc916350f8bba6d31b970d9c1f233a702b944c68a9324fbdf5ff440
shinjuku-2026-r1-gian-27,normal,content,OB27-N-09,「建築されるマンション」の次に「又は要除却等認定マンションの更新がされるマンション」を加えます。,https://www.city.shinjuku.lg.jp/content/000448443.pdf,1ac582a3a4c40a2cf047489891a4841dc1e2916900cd1b32df1a4441ed4b098b,別表第2 都市計画事務の部71の項,「建築されるマンション」の次に「又は要除却等認定マンションの更新がされるマンション」を加える,supported,de0df7536bc916350f8bba6d31b970d9c1f233a702b944c68a9324fbdf5ff440
shinjuku-2026-r1-gian-27,normal,content,OB27-N-10,改め文には、手数料の額を改める内容は含まれていません。,https://www.city.shinjuku.lg.jp/content/000448443.pdf,1ac582a3a4c40a2cf047489891a4841dc1e2916900cd1b32df1a4441ed4b098b,別表第2 都市計画事務の部71の項,別表2都市計画事務の部71の項中「マンションの建替え等の円滑化に関する法律」を「マンションの再生等の円滑化に関する法律」に、「第105条第1項」を「第163条の59第1項」に改め、「容積率」の次に「又は各部分の高さ」を加え、「要除却認定マンション」を「要除却等認定マンション」に改め、「建築されるマンション」の次に「又は要除却等認定マンションの更新がされるマンション」を加える,supported,de0df7536bc916350f8bba6d31b970d9c1f233a702b944c68a9324fbdf5ff440
shinjuku-2026-r1-gian-27,normal,content,OB27-N-11,令和8年4月1日から施行されます。,https://www.city.shinjuku.lg.jp/content/000448443.pdf,1ac582a3a4c40a2cf047489891a4841dc1e2916900cd1b32df1a4441ed4b098b,附則（施行期日）,この条例は、令和8年4月1日から施行する,supported,de0df7536bc916350f8bba6d31b970d9c1f233a702b944c68a9324fbdf5ff440
shinjuku-2026-r1-gian-27,normal,content,OB27-N-12,令和8年第1回定例会（会期は2月17日から3月24日まで）で審議されました。,https://www.city.shinjuku.lg.jp/content/000452334.pdf,22ba4f49b18c96bd1fa26241606257c05477f38e25ac46d6f8e4f416a2cedbf2,審議状況（会期）,令和８年第１回定例会…２月１７日～３月２４日,supported,de0df7536bc916350f8bba6d31b970d9c1f233a702b944c68a9324fbdf5ff440
shinjuku-2026-r1-gian-27,normal,content,OB27-N-13,本会議は第4日にあたる3月24日（火曜日）でした。,https://ssp.kaigiroku.net/tenant/shinjuku/MinuteView.html?council_id=3163&schedule_id=5&minute_id=1,bd058d36962b45d8d965e4625bb95ecd661a102a026175213f37ba9eb575424a,審議状況（本会議 3月24日 議長）,令和８年第１回定例会会議録（第４日）第４号令和８年３月２４日（火曜日）,supported,de0df7536bc916350f8bba6d31b970d9c1f233a702b944c68a9324fbdf5ff440
shinjuku-2026-r1-gian-27,normal,content,OB27-N-14,日程第15から日程第21までの議案とあわせて、一括して議題となりました。,https://ssp.kaigiroku.net/tenant/shinjuku/MinuteView.html?council_id=3163&schedule_id=5&minute_id=42,78d3acb86854b2a4bc9466207a60576ca68f1c71da42fb097c6101c02e08bb29,審議状況（本会議 3月24日 議長）,日程第15から日程第21までを一括議題とします,supported,de0df7536bc916350f8bba6d31b970d9c1f233a702b944c68a9324fbdf5ff440
shinjuku-2026-r1-gian-27,normal,content,OB27-N-15,環境建設委員会の審査報告書は「可決」でした。,https://ssp.kaigiroku.net/tenant/shinjuku/MinuteView.html?council_id=3163&schedule_id=5&minute_id=50,315b6d8358728f38ebe14b658491fdda972f57c9899a0a3184c84579e8c8b62c,審議状況（本会議 3月24日 議長）,環境建設委員会審査報告書は、可決です,supported,de0df7536bc916350f8bba6d31b970d9c1f233a702b944c68a9324fbdf5ff440
shinjuku-2026-r1-gian-27,normal,content,OB27-N-16,本会議は、異議なしと認めて、委員会審査報告のとおり可決しました。,https://ssp.kaigiroku.net/tenant/shinjuku/MinuteView.html?council_id=3163&schedule_id=5&minute_id=51,970914f9ce4a28e423e8480a3d4ce175afafafeebd92448698df42d97cb2ec1d,審議状況（本会議 3月24日 議長）,異議なしと認めます…本案は、いずれも委員会審査報告のとおり可決されました,supported,de0df7536bc916350f8bba6d31b970d9c1f233a702b944c68a9324fbdf5ff440
shinjuku-2026-r1-gian-27,normal,content,OB27-N-17,議決結果ページの記載は「原案可決」です。,https://www.city.shinjuku.lg.jp/kusei/soumu01_002090_00015.html,7c2b6f68db1b433b860b35d176b4dd9211e78582ec9de718fcfefe68b22d896a,審議状況（議決結果ページ）,第27号議案新宿区環境土木・都市計画事務手数料条例の一部を改正する条例原案可決,supported,de0df7536bc916350f8bba6d31b970d9c1f233a702b944c68a9324fbdf5ff440
shinjuku-2026-r1-gian-27,normal,content,OB27-N-18,「議案の概要と審議結果」の採決結果行では、8会派すべてが賛成（○）でした。,https://www.city.shinjuku.lg.jp/content/000452334.pdf,22ba4f49b18c96bd1fa26241606257c05477f38e25ac46d6f8e4f416a2cedbf2,審議状況（議案の概要と審議結果の採決結果行）,緩和特例が創設されたこと等に伴い、規定を整備する。○○○○○○○○可決,supported,de0df7536bc916350f8bba6d31b970d9c1f233a702b944c68a9324fbdf5ff440
shinjuku-2026-r1-gian-27,hard,title,OB27-HT-01,見出し: 第27号議案 新宿区環境土木・都市計画事務手数料条例の一部を改正する条例,https://www.city.shinjuku.lg.jp/content/000448443.pdf,1ac582a3a4c40a2cf047489891a4841dc1e2916900cd1b32df1a4441ed4b098b,件名,新宿区環境土木・都市計画事務手数料条例の一部を改正する条例,supported,5e7fd1f90d02ec260cbbb484a64ade16c2416c388bdc6c31297dd1749d6382e9
shinjuku-2026-r1-gian-27,hard,summary,OB27-HS-01,要約: 平成12年新宿区条例第48号の別表第2 都市計画事務の部71の項について、法律名・条項番号・用語を改める改正。,https://www.city.shinjuku.lg.jp/content/000448443.pdf,1ac582a3a4c40a2cf047489891a4841dc1e2916900cd1b32df1a4441ed4b098b,別表第2 都市計画事務の部71の項,別表2都市計画事務の部71の項中「マンションの建替え等の円滑化に関する法律」を「マンションの再生等の円滑化に関する法律」に、「第105条第1項」を「第163条の59第1項」に改め、「容積率」の次に「又は各部分の高さ」を加え、「要除却認定マンション」を「要除却等認定マンション」に改め、「建築されるマンション」の次に「又は要除却等認定マンションの更新がされるマンション」を加える,supported,5e7fd1f90d02ec260cbbb484a64ade16c2416c388bdc6c31297dd1749d6382e9
shinjuku-2026-r1-gian-27,hard,summary,OB27-HS-02,要約: 施行日は令和8年4月1日。,https://www.city.shinjuku.lg.jp/content/000448443.pdf,1ac582a3a4c40a2cf047489891a4841dc1e2916900cd1b32df1a4441ed4b098b,附則（施行期日）,この条例は、令和8年4月1日から施行する,supported,5e7fd1f90d02ec260cbbb484a64ade16c2416c388bdc6c31297dd1749d6382e9
shinjuku-2026-r1-gian-27,hard,content,OB27-H-01,提出日: 令和8年2月17日,https://www.city.shinjuku.lg.jp/content/000448443.pdf,1ac582a3a4c40a2cf047489891a4841dc1e2916900cd1b32df1a4441ed4b098b,提出日・提出者,令和８年２月１７日…新宿区長…吉住…健一,supported,5e7fd1f90d02ec260cbbb484a64ade16c2416c388bdc6c31297dd1749d6382e9
shinjuku-2026-r1-gian-27,hard,content,OB27-H-02,提出者: 新宿区長 吉住健一,https://www.city.shinjuku.lg.jp/content/000448443.pdf,1ac582a3a4c40a2cf047489891a4841dc1e2916900cd1b32df1a4441ed4b098b,提出日・提出者,令和８年２月１７日…新宿区長…吉住…健一,supported,5e7fd1f90d02ec260cbbb484a64ade16c2416c388bdc6c31297dd1749d6382e9
shinjuku-2026-r1-gian-27,hard,content,OB27-H-03,対象条例: 新宿区環境土木・都市計画事務手数料条例（平成12年新宿区条例第48号）,https://www.city.shinjuku.lg.jp/content/000448443.pdf,1ac582a3a4c40a2cf047489891a4841dc1e2916900cd1b32df1a4441ed4b098b,件名,新宿区環境土木・都市計画事務手数料条例の一部を改正する条例,supported,5e7fd1f90d02ec260cbbb484a64ade16c2416c388bdc6c31297dd1749d6382e9
shinjuku-2026-r1-gian-27,hard,content,OB27-H-04,議決: 原案可決（議決結果ページの記載）,https://www.city.shinjuku.lg.jp/kusei/soumu01_002090_00015.html,7c2b6f68db1b433b860b35d176b4dd9211e78582ec9de718fcfefe68b22d896a,審議状況（議決結果ページ）,第27号議案新宿区環境土木・都市計画事務手数料条例の一部を改正する条例原案可決,supported,5e7fd1f90d02ec260cbbb484a64ade16c2416c388bdc6c31297dd1749d6382e9
shinjuku-2026-r1-gian-27,hard,content,OB27-H-05,本会議: 令和8年3月24日（火曜日）、会議録 第4日第4号,https://ssp.kaigiroku.net/tenant/shinjuku/MinuteView.html?council_id=3163&schedule_id=5&minute_id=1,bd058d36962b45d8d965e4625bb95ecd661a102a026175213f37ba9eb575424a,審議状況（本会議 3月24日 議長）,令和８年第１回定例会会議録（第４日）第４号令和８年３月２４日（火曜日）,supported,5e7fd1f90d02ec260cbbb484a64ade16c2416c388bdc6c31297dd1749d6382e9
shinjuku-2026-r1-gian-27,hard,content,OB27-H-06,議題: 日程第15から日程第21までを一括して議題とした,https://ssp.kaigiroku.net/tenant/shinjuku/MinuteView.html?council_id=3163&schedule_id=5&minute_id=42,78d3acb86854b2a4bc9466207a60576ca68f1c71da42fb097c6101c02e08bb29,審議状況（本会議 3月24日 議長）,日程第15から日程第21までを一括議題とします,supported,5e7fd1f90d02ec260cbbb484a64ade16c2416c388bdc6c31297dd1749d6382e9
shinjuku-2026-r1-gian-27,hard,content,OB27-H-07,会議録: 第27号議案の議題朗読が記載されている,https://ssp.kaigiroku.net/tenant/shinjuku/MinuteView.html?council_id=3163&schedule_id=5&minute_id=45,b69db82a00340064e234b24628828848af6cd38b8af9f0833f24f0dade4e5716,審議状況（本会議 3月24日 議長）,第27号議案新宿区環境土木・都市計画事務手数料条例の一部を改正する条例,supported,5e7fd1f90d02ec260cbbb484a64ade16c2416c388bdc6c31297dd1749d6382e9
shinjuku-2026-r1-gian-27,hard,content,OB27-H-08,委員会審査報告: 環境建設委員会の審査報告書は可決,https://ssp.kaigiroku.net/tenant/shinjuku/MinuteView.html?council_id=3163&schedule_id=5&minute_id=50,315b6d8358728f38ebe14b658491fdda972f57c9899a0a3184c84579e8c8b62c,審議状況（本会議 3月24日 議長）,環境建設委員会審査報告書は、可決です,supported,5e7fd1f90d02ec260cbbb484a64ade16c2416c388bdc6c31297dd1749d6382e9
shinjuku-2026-r1-gian-27,hard,content,OB27-H-09,採決方法: 異議なし,https://ssp.kaigiroku.net/tenant/shinjuku/MinuteView.html?council_id=3163&schedule_id=5&minute_id=51,970914f9ce4a28e423e8480a3d4ce175afafafeebd92448698df42d97cb2ec1d,審議状況（本会議 3月24日 議長）,異議なしと認めます…本案は、いずれも委員会審査報告のとおり可決されました,supported,5e7fd1f90d02ec260cbbb484a64ade16c2416c388bdc6c31297dd1749d6382e9
shinjuku-2026-r1-gian-27,hard,content,OB27-H-10,会派別の賛否: 全8会派が賛成（採決結果行は ○○○○○○○○）,https://www.city.shinjuku.lg.jp/content/000452334.pdf,22ba4f49b18c96bd1fa26241606257c05477f38e25ac46d6f8e4f416a2cedbf2,審議状況（議案の概要と審議結果の採決結果行）,緩和特例が創設されたこと等に伴い、規定を整備する。○○○○○○○○可決,supported,5e7fd1f90d02ec260cbbb484a64ade16c2416c388bdc6c31297dd1749d6382e9
shinjuku-2026-r1-gian-27,hard,content,OB27-H-11,会派: 自民・参政クラブ、新宿区議会公明党、日本共産党新宿区議会議員団、新宿未来の会、立憲民主党・無所属クラブ、日本維新の会・新宿区議団、現役世代に優しい新宿・減税の会、れいわ新選組 新宿,https://www.city.shinjuku.lg.jp/content/000452334.pdf,22ba4f49b18c96bd1fa26241606257c05477f38e25ac46d6f8e4f416a2cedbf2,会派略称・列の並び,共産＝日本共産党新宿区議会議員団…れいわ＝れいわ新選組 新宿…自参ク＝自民・参政クラブ…公明＝新宿区議会公明党…新宿会＝新宿未来の会…民無ク＝立憲民主党・無所属クラブ…維新＝日本維新の会・新宿区議団…現役＝現役世代に優しい新宿・減税の会,supported,5e7fd1f90d02ec260cbbb484a64ade16c2416c388bdc6c31297dd1749d6382e9
shinjuku-2026-r1-gian-27,hard,content,OB27-H-12,老朽化マンション等の管理及び再生の円滑化等を図るための建物の区分所有等に関する法律等の一部を改正する法律（令和7年法律第47号）の施行によるマンションの建替え等の円滑化に関する法律（平成14年法律第78号）の改正に伴い、規定を整備する必要があるため,https://www.city.shinjuku.lg.jp/content/000448443.pdf,1ac582a3a4c40a2cf047489891a4841dc1e2916900cd1b32df1a4441ed4b098b,（提案理由）,老朽化マンション等の管理及び再生の円滑化等を図るための建物の区分所有等に関する法律等の一部を改正する法律（令和7年法律第47号）の施行によるマンションの建替え等の円滑化に関する法律（平成14年法律第78号）の改正に伴い、規定を整備する必要があるため,supported,5e7fd1f90d02ec260cbbb484a64ade16c2416c388bdc6c31297dd1749d6382e9
shinjuku-2026-r1-gian-27,hard,content,OB27-H-13,別表第2 都市計画事務の部71の項 / 「マンションの建替え等の円滑化に関する法律」を「マンションの再生等の円滑化に関する法律」に改める,https://www.city.shinjuku.lg.jp/content/000448443.pdf,1ac582a3a4c40a2cf047489891a4841dc1e2916900cd1b32df1a4441ed4b098b,別表第2 都市計画事務の部71の項,「マンションの建替え等の円滑化に関する法律」を「マンションの再生等の円滑化に関する法律」に,supported,5e7fd1f90d02ec260cbbb484a64ade16c2416c388bdc6c31297dd1749d6382e9
shinjuku-2026-r1-gian-27,hard,content,OB27-H-14,別表第2 都市計画事務の部71の項 / 「第105条第1項」を「第163条の59第1項」に改める,https://www.city.shinjuku.lg.jp/content/000448443.pdf,1ac582a3a4c40a2cf047489891a4841dc1e2916900cd1b32df1a4441ed4b098b,別表第2 都市計画事務の部71の項,「第105条第1項」を「第163条の59第1項」に改め,supported,5e7fd1f90d02ec260cbbb484a64ade16c2416c388bdc6c31297dd1749d6382e9
shinjuku-2026-r1-gian-27,hard,content,OB27-H-15,別表第2 都市計画事務の部71の項 / 「容積率」の次に「又は各部分の高さ」を加える,https://www.city.shinjuku.lg.jp/content/000448443.pdf,1ac582a3a4c40a2cf047489891a4841dc1e2916900cd1b32df1a4441ed4b098b,別表第2 都市計画事務の部71の項,「容積率」の次に「又は各部分の高さ」を加え,supported,5e7fd1f90d02ec260cbbb484a64ade16c2416c388bdc6c31297dd1749d6382e9
shinjuku-2026-r1-gian-27,hard,content,OB27-H-16,別表第2 都市計画事務の部71の項 / 「要除却認定マンション」を「要除却等認定マンション」に改める,https://www.city.shinjuku.lg.jp/content/000448443.pdf,1ac582a3a4c40a2cf047489891a4841dc1e2916900cd1b32df1a4441ed4b098b,別表第2 都市計画事務の部71の項,「要除却認定マンション」を「要除却等認定マンション」に改め,supported,5e7fd1f90d02ec260cbbb484a64ade16c2416c388bdc6c31297dd1749d6382e9
shinjuku-2026-r1-gian-27,hard,content,OB27-H-17,別表第2 都市計画事務の部71の項 / 「建築されるマンション」の次に「又は要除却等認定マンションの更新がされるマンション」を加える,https://www.city.shinjuku.lg.jp/content/000448443.pdf,1ac582a3a4c40a2cf047489891a4841dc1e2916900cd1b32df1a4441ed4b098b,別表第2 都市計画事務の部71の項,「建築されるマンション」の次に「又は要除却等認定マンションの更新がされるマンション」を加える,supported,5e7fd1f90d02ec260cbbb484a64ade16c2416c388bdc6c31297dd1749d6382e9
shinjuku-2026-r1-gian-27,hard,content,OB27-H-18,マンションの建替え等の円滑化に関する法律の改正により、要除却等認定マンションの建替え・更新後のマンションに係る高さ制限の緩和特例が創設されたこと等に伴い、規定を整備する。,https://www.city.shinjuku.lg.jp/content/000447774.pdf,1dc3eaffcafb1b1c9e139e823182dc80dc0755624813ca87d8b274d15f5b6624,第27号議案,マンションの建替え等の円滑化に関する法律の改正により、…要除却等認定マンションの建替え・更新後のマンションに係る…高さ制限の緩和特例が創設されたこと等に伴い、規定を整備す,supported,5e7fd1f90d02ec260cbbb484a64ade16c2416c388bdc6c31297dd1749d6382e9
shinjuku-2026-r1-gian-27,hard,content,OB27-H-19,施行日は令和8年4月1日と記載されている。,https://www.city.shinjuku.lg.jp/content/000447774.pdf,1dc3eaffcafb1b1c9e139e823182dc80dc0755624813ca87d8b274d15f5b6624,第27号議案［施行日］,令和8年4月1日,supported,5e7fd1f90d02ec260cbbb484a64ade16c2416c388bdc6c31297dd1749d6382e9
shinjuku-2026-r1-gian-27,hard,content,OB27-H-20,「議案の概要と審議結果」も同旨の概要を記載している。,https://www.city.shinjuku.lg.jp/content/000452334.pdf,22ba4f49b18c96bd1fa26241606257c05477f38e25ac46d6f8e4f416a2cedbf2,第27号議案（議案の概要）,要除却等認定マンションの建替え・更新後のマンションに係る高さ制限の…緩和特例が創設されたこと等に伴い、規定を整備する,supported,5e7fd1f90d02ec260cbbb484a64ade16c2416c388bdc6c31297dd1749d6382e9
shinjuku-2026-r1-gian-27,hard,content,OB27-H-21,この条例は、令和8年4月1日から施行する。,https://www.city.shinjuku.lg.jp/content/000448443.pdf,1ac582a3a4c40a2cf047489891a4841dc1e2916900cd1b32df1a4441ed4b098b,附則（施行期日）,この条例は、令和8年4月1日から施行する,supported,5e7fd1f90d02ec260cbbb484a64ade16c2416c388bdc6c31297dd1749d6382e9
shinjuku-2026-r1-gian-27,hard,content,OB27-H-22,第27号議案 全文 / https://www.city.shinjuku.lg.jp/content/000448443.pdf / 1ac582a3a4c40a2cf047489891a4841dc1e2916900cd1b32df1a4441ed4b098b,https://www.city.shinjuku.lg.jp/content/000448443.pdf,1ac582a3a4c40a2cf047489891a4841dc1e2916900cd1b32df1a4441ed4b098b,件名,新宿区環境土木・都市計画事務手数料条例の一部を改正する条例,supported,5e7fd1f90d02ec260cbbb484a64ade16c2416c388bdc6c31297dd1749d6382e9
shinjuku-2026-r1-gian-27,hard,content,OB27-H-23,提出案件概要（条例関係） / https://www.city.shinjuku.lg.jp/content/000447774.pdf / 1dc3eaffcafb1b1c9e139e823182dc80dc0755624813ca87d8b274d15f5b6624,https://www.city.shinjuku.lg.jp/content/000447774.pdf,1dc3eaffcafb1b1c9e139e823182dc80dc0755624813ca87d8b274d15f5b6624,提出案件概要（条例関係）,第1回区議会定例会提出案件概要…（条例関係）,supported,5e7fd1f90d02ec260cbbb484a64ade16c2416c388bdc6c31297dd1749d6382e9
shinjuku-2026-r1-gian-27,hard,content,OB27-H-24,議案の概要と審議結果 / https://www.city.shinjuku.lg.jp/content/000452334.pdf / 22ba4f49b18c96bd1fa26241606257c05477f38e25ac46d6f8e4f416a2cedbf2,https://www.city.shinjuku.lg.jp/content/000452334.pdf,22ba4f49b18c96bd1fa26241606257c05477f38e25ac46d6f8e4f416a2cedbf2,議案の概要と審議結果,議案の概要と審議結果,supported,5e7fd1f90d02ec260cbbb484a64ade16c2416c388bdc6c31297dd1749d6382e9
shinjuku-2026-r1-gian-27,hard,content,OB27-H-25,議決結果ページ（2026-10-04 取得） / https://www.city.shinjuku.lg.jp/kusei/soumu01_002090_00015.html / 7c2b6f68db1b433b860b35d176b4dd9211e78582ec9de718fcfefe68b22d896a,https://www.city.shinjuku.lg.jp/kusei/soumu01_002090_00015.html,7c2b6f68db1b433b860b35d176b4dd9211e78582ec9de718fcfefe68b22d896a,審議状況（議決結果ページ）,第27号議案新宿区環境土木・都市計画事務手数料条例の一部を改正する条例原案可決,supported,5e7fd1f90d02ec260cbbb484a64ade16c2416c388bdc6c31297dd1749d6382e9
shinjuku-2026-r1-gian-27,hard,content,OB27-H-26,会議録 3月24日 議長（委員会審査報告） / https://ssp.kaigiroku.net/tenant/shinjuku/MinuteView.html?council_id=3163&schedule_id=5&minute_id=50 / 315b6d8358728f38ebe14b658491fdda972f57c9899a0a3184c84579e8c8b62c,https://ssp.kaigiroku.net/tenant/shinjuku/MinuteView.html?council_id=3163&schedule_id=5&minute_id=50,315b6d8358728f38ebe14b658491fdda972f57c9899a0a3184c84579e8c8b62c,審議状況（本会議 3月24日 議長）,環境建設委員会審査報告書は、可決です,supported,5e7fd1f90d02ec260cbbb484a64ade16c2416c388bdc6c31297dd1749d6382e9
shinjuku-2026-r1-gian-27,hard,content,OB27-H-27,会議録 3月24日 議長（採決） / https://ssp.kaigiroku.net/tenant/shinjuku/MinuteView.html?council_id=3163&schedule_id=5&minute_id=51 / 970914f9ce4a28e423e8480a3d4ce175afafafeebd92448698df42d97cb2ec1d,https://ssp.kaigiroku.net/tenant/shinjuku/MinuteView.html?council_id=3163&schedule_id=5&minute_id=51,970914f9ce4a28e423e8480a3d4ce175afafafeebd92448698df42d97cb2ec1d,審議状況（本会議 3月24日 議長）,異議なしと認めます…本案は、いずれも委員会審査報告のとおり可決されました,supported,5e7fd1f90d02ec260cbbb484a64ade16c2416c388bdc6c31297dd1749d6382e9
shinjuku-2026-r1-gian-28,easy,title,OB28-ET-01,見出し: 中高層階の 住環境を まもる 決まりを 新しく 作ります,https://www.city.shinjuku.lg.jp/content/000448444.pdf,58455d19f06d67df93980638de711e34c59cdcb61e16ef5d7d643630b3e62950,第1条（目的）,第49条第1項の規定に基づき…第8条第1項第2号に掲げる特別用途地区として定められた中高層階住環境保全地区の区域内における建築物の建築の制限に関し必要な事項を定め、建築物の中高層階における住環境の保全を図ることを目的とする,supported,c17938f700c41b8d0e7f5d307a4ab406b5e8a9d4312dbc901191a394ec891cc3
shinjuku-2026-r1-gian-28,easy,summary,OB28-ES-01,要約: 中高層階住環境保全地区に ついての 決まりを 新しく 決めます。,https://www.city.shinjuku.lg.jp/content/000448444.pdf,58455d19f06d67df93980638de711e34c59cdcb61e16ef5d7d643630b3e62950,第1条（目的）,第49条第1項の規定に基づき…第8条第1項第2号に掲げる特別用途地区として定められた中高層階住環境保全地区の区域内における建築物の建築の制限に関し必要な事項を定め、建築物の中高層階における住環境の保全を図ることを目的とする,supported,c17938f700c41b8d0e7f5d307a4ab406b5e8a9d4312dbc901191a394ec891cc3
shinjuku-2026-r1-gian-28,easy,summary,OB28-ES-02,要約: 風俗営業などを 3階以上か 4階以上の 部分で 制限します。,https://www.city.shinjuku.lg.jp/content/000448444.pdf,58455d19f06d67df93980638de711e34c59cdcb61e16ef5d7d643630b3e62950,別表（第3条関係）,3階以上の部分を風俗営業等の規制及び業務の適…4階以上の部分を風俗営業、性風俗特殊営業又は特…定遊興飲食店営業の用に供するもの,supported,c17938f700c41b8d0e7f5d307a4ab406b5e8a9d4312dbc901191a394ec891cc3
shinjuku-2026-r1-gian-28,easy,summary,OB28-ES-03,要約: 公布の 日から 始まります。,https://www.city.shinjuku.lg.jp/content/000448444.pdf,58455d19f06d67df93980638de711e34c59cdcb61e16ef5d7d643630b3e62950,附則（施行期日）,この条例は、公布の日から施行する,supported,c17938f700c41b8d0e7f5d307a4ab406b5e8a9d4312dbc901191a394ec891cc3
shinjuku-2026-r1-gian-28,easy,content,OB28-E-01,【新宿区中高層階住環境保全地区の区域内における建築物の制限に関する条例】［しんじゅくくちゅうこうそうかいじゅうかんきょうほぜんちくのくいきないにおけるけんちくぶつのせいげんにかんするじょうれい］（＝中高層階の 住環境を まもる 地区の 決まり）を 決めます。,https://www.city.shinjuku.lg.jp/content/000448444.pdf,58455d19f06d67df93980638de711e34c59cdcb61e16ef5d7d643630b3e62950,件名,新宿区中高層階住環境保全地区の区域内における建築物の制限に関する条例,supported,c17938f700c41b8d0e7f5d307a4ab406b5e8a9d4312dbc901191a394ec891cc3
shinjuku-2026-r1-gian-28,easy,content,OB28-E-02,【中高層階住環境保全地区】［ちゅうこうそうかいじゅうかんきょうほぜんちく］（＝中高層階の 住環境を まもる 地区）に ついての 決まりです。,https://www.city.shinjuku.lg.jp/content/000448444.pdf,58455d19f06d67df93980638de711e34c59cdcb61e16ef5d7d643630b3e62950,第1条（目的）,第49条第1項の規定に基づき…第8条第1項第2号に掲げる特別用途地区として定められた中高層階住環境保全地区の区域内における建築物の建築の制限に関し必要な事項を定め、建築物の中高層階における住環境の保全を図ることを目的とする,supported,c17938f700c41b8d0e7f5d307a4ab406b5e8a9d4312dbc901191a394ec891cc3
shinjuku-2026-r1-gian-28,easy,content,OB28-E-03,この 条例は 建築基準法に もとづきます。,https://www.city.shinjuku.lg.jp/content/000448444.pdf,58455d19f06d67df93980638de711e34c59cdcb61e16ef5d7d643630b3e62950,第1条（目的）,第49条第1項の規定に基づき…第8条第1項第2号に掲げる特別用途地区として定められた中高層階住環境保全地区の区域内における建築物の建築の制限に関し必要な事項を定め、建築物の中高層階における住環境の保全を図ることを目的とする,supported,c17938f700c41b8d0e7f5d307a4ab406b5e8a9d4312dbc901191a394ec891cc3
shinjuku-2026-r1-gian-28,easy,content,OB28-E-04,目的は 建物の 中高層階の 住環境を まもる ことです。,https://www.city.shinjuku.lg.jp/content/000448444.pdf,58455d19f06d67df93980638de711e34c59cdcb61e16ef5d7d643630b3e62950,第1条（目的）,第49条第1項の規定に基づき…第8条第1項第2号に掲げる特別用途地区として定められた中高層階住環境保全地区の区域内における建築物の建築の制限に関し必要な事項を定め、建築物の中高層階における住環境の保全を図ることを目的とする,supported,c17938f700c41b8d0e7f5d307a4ab406b5e8a9d4312dbc901191a394ec891cc3
shinjuku-2026-r1-gian-28,easy,content,OB28-E-05,区の 資料に よると 中高層階住居専用地区を 廃止します。,https://www.city.shinjuku.lg.jp/content/000447774.pdf,1dc3eaffcafb1b1c9e139e823182dc80dc0755624813ca87d8b274d15f5b6624,第28号議案,中高層階住居専用地区を廃止するとともに、引き続き指定階…以上の階における風俗営業等を制限する中高層階住環境保全…地区を指定することに伴い、中高層階住環境保全地区の区域内…における建築物の建築の制限に関し必要な事項を定める,supported,c17938f700c41b8d0e7f5d307a4ab406b5e8a9d4312dbc901191a394ec891cc3
shinjuku-2026-r1-gian-28,easy,content,OB28-E-06,同じ 区域で この 地区を 指定する ことに 伴う 決まりです。,https://www.city.shinjuku.lg.jp/content/000448444.pdf,58455d19f06d67df93980638de711e34c59cdcb61e16ef5d7d643630b3e62950,（提案理由）,中高層階住居専用地区を廃止し、同一の区域において中高層階住環境保全地区を指定することに伴い、中高層階住環境保全地区の区域内における建築物の建築の制限に関し必要な事項を定める必要があるため,supported,c17938f700c41b8d0e7f5d307a4ab406b5e8a9d4312dbc901191a394ec891cc3
shinjuku-2026-r1-gian-28,easy,content,OB28-E-07,地区は 2つに 分かれます。,https://www.city.shinjuku.lg.jp/content/000448444.pdf,58455d19f06d67df93980638de711e34c59cdcb61e16ef5d7d643630b3e62950,第2条（区分）,中高層階住環境保全地区は、建築制限の程度により、第1種中高層階住環境保全地区及び第2種中高層階住環境保全地区に分ける,supported,c17938f700c41b8d0e7f5d307a4ab406b5e8a9d4312dbc901191a394ec891cc3
shinjuku-2026-r1-gian-28,easy,content,OB28-E-08,第1種 中高層階住環境保全地区,https://www.city.shinjuku.lg.jp/content/000448444.pdf,58455d19f06d67df93980638de711e34c59cdcb61e16ef5d7d643630b3e62950,第2条（区分）,中高層階住環境保全地区は、建築制限の程度により、第1種中高層階住環境保全地区及び第2種中高層階住環境保全地区に分ける,supported,c17938f700c41b8d0e7f5d307a4ab406b5e8a9d4312dbc901191a394ec891cc3
shinjuku-2026-r1-gian-28,easy,content,OB28-E-09,第2種 中高層階住環境保全地区,https://www.city.shinjuku.lg.jp/content/000448444.pdf,58455d19f06d67df93980638de711e34c59cdcb61e16ef5d7d643630b3e62950,第2条（区分）,中高層階住環境保全地区は、建築制限の程度により、第1種中高層階住環境保全地区及び第2種中高層階住環境保全地区に分ける,supported,c17938f700c41b8d0e7f5d307a4ab406b5e8a9d4312dbc901191a394ec891cc3
shinjuku-2026-r1-gian-28,easy,content,OB28-E-10,次の 建物は 建てては いけません。,https://www.city.shinjuku.lg.jp/content/000448444.pdf,58455d19f06d67df93980638de711e34c59cdcb61e16ef5d7d643630b3e62950,第3条（建築制限）,中高層階住環境保全地区においては、前条に規定する区分に従い、別表に掲げる建築物は、建築してはならない,supported,c17938f700c41b8d0e7f5d307a4ab406b5e8a9d4312dbc901191a394ec891cc3
shinjuku-2026-r1-gian-28,easy,content,OB28-E-11,第1種では 3階以上の 部分を 次の 営業に 使う もの,https://www.city.shinjuku.lg.jp/content/000448444.pdf,58455d19f06d67df93980638de711e34c59cdcb61e16ef5d7d643630b3e62950,別表（第3条関係）第1種,3階以上の部分を風俗営業等の規制及び業務の適…以下「風俗営業」という。…以下「性風俗特殊営業」という。…以下「特定遊興飲食店営業」という。）の用に供するもの,supported,c17938f700c41b8d0e7f5d307a4ab406b5e8a9d4312dbc901191a394ec891cc3
shinjuku-2026-r1-gian-28,easy,content,OB28-E-12,第2種では 4階以上の 部分を 次の 営業に 使う もの,https://www.city.shinjuku.lg.jp/content/000448444.pdf,58455d19f06d67df93980638de711e34c59cdcb61e16ef5d7d643630b3e62950,別表（第3条関係）第2種,4階以上の部分を風俗営業、性風俗特殊営業又は特…定遊興飲食店営業の用に供するもの,supported,c17938f700c41b8d0e7f5d307a4ab406b5e8a9d4312dbc901191a394ec891cc3
shinjuku-2026-r1-gian-28,easy,content,OB28-E-13,営業は 次の 3つです。,https://www.city.shinjuku.lg.jp/content/000448444.pdf,58455d19f06d67df93980638de711e34c59cdcb61e16ef5d7d643630b3e62950,別表（第3条関係）第1種,3階以上の部分を風俗営業等の規制及び業務の適…以下「風俗営業」という。…以下「性風俗特殊営業」という。…以下「特定遊興飲食店営業」という。）の用に供するもの,supported,c17938f700c41b8d0e7f5d307a4ab406b5e8a9d4312dbc901191a394ec891cc3
shinjuku-2026-r1-gian-28,easy,content,OB28-E-14,風俗営業,https://www.city.shinjuku.lg.jp/content/000448444.pdf,58455d19f06d67df93980638de711e34c59cdcb61e16ef5d7d643630b3e62950,別表（第3条関係）第1種,3階以上の部分を風俗営業等の規制及び業務の適…以下「風俗営業」という。…以下「性風俗特殊営業」という。…以下「特定遊興飲食店営業」という。）の用に供するもの,supported,c17938f700c41b8d0e7f5d307a4ab406b5e8a9d4312dbc901191a394ec891cc3
shinjuku-2026-r1-gian-28,easy,content,OB28-E-15,性風俗特殊営業,https://www.city.shinjuku.lg.jp/content/000448444.pdf,58455d19f06d67df93980638de711e34c59cdcb61e16ef5d7d643630b3e62950,別表（第3条関係）第1種,3階以上の部分を風俗営業等の規制及び業務の適…以下「風俗営業」という。…以下「性風俗特殊営業」という。…以下「特定遊興飲食店営業」という。）の用に供するもの,supported,c17938f700c41b8d0e7f5d307a4ab406b5e8a9d4312dbc901191a394ec891cc3
shinjuku-2026-r1-gian-28,easy,content,OB28-E-16,特定遊興飲食店営業,https://www.city.shinjuku.lg.jp/content/000448444.pdf,58455d19f06d67df93980638de711e34c59cdcb61e16ef5d7d643630b3e62950,別表（第3条関係）第1種,3階以上の部分を風俗営業等の規制及び業務の適…以下「風俗営業」という。…以下「性風俗特殊営業」という。…以下「特定遊興飲食店営業」という。）の用に供するもの,supported,c17938f700c41b8d0e7f5d307a4ab406b5e8a9d4312dbc901191a394ec891cc3
shinjuku-2026-r1-gian-28,easy,content,OB28-E-17,特定遊興飲食店営業は 客に 遊興と 酒を 出す 営業です。,https://www.city.shinjuku.lg.jp/content/000447774.pdf,1dc3eaffcafb1b1c9e139e823182dc80dc0755624813ca87d8b274d15f5b6624,第28号議案［主な制定内容］（※）,特定遊興飲食店営業客に遊興及び酒類を提供して飲食をさせる…営業で、午前0時から6時までの時間を営業時間に含むもの,supported,c17938f700c41b8d0e7f5d307a4ab406b5e8a9d4312dbc901191a394ec891cc3
shinjuku-2026-r1-gian-28,easy,content,OB28-E-18,午前0時から 6時までを 営業時間に 含む ものです。,https://www.city.shinjuku.lg.jp/content/000447774.pdf,1dc3eaffcafb1b1c9e139e823182dc80dc0755624813ca87d8b274d15f5b6624,第28号議案［主な制定内容］（※）,特定遊興飲食店営業客に遊興及び酒類を提供して飲食をさせる…営業で、午前0時から6時までの時間を営業時間に含むもの,supported,c17938f700c41b8d0e7f5d307a4ab406b5e8a9d4312dbc901191a394ec891cc3
shinjuku-2026-r1-gian-28,easy,content,OB28-E-19,すでに ある 建物の 増築や 改築には ゆるめる 決まりが あります。,https://www.city.shinjuku.lg.jp/content/000448444.pdf,58455d19f06d67df93980638de711e34c59cdcb61e16ef5d7d643630b3e62950,第4条（既存の建築物に対する制限の緩和）,法第3条第2項の規定により前条の規定の適用を受けない建築物について、次の各号に定める範囲内において増築又は改築をする場合においては…前条の規定は適用しない,supported,c17938f700c41b8d0e7f5d307a4ab406b5e8a9d4312dbc901191a394ec891cc3
shinjuku-2026-r1-gian-28,easy,content,OB28-E-20,条件の 一つは 床面積の 合計が 基準時の 1.2倍以内です。,https://www.city.shinjuku.lg.jp/content/000448444.pdf,58455d19f06d67df93980638de711e34c59cdcb61e16ef5d7d643630b3e62950,第4条第2号,増築後の床面積の合計は、基準時における床面積の合計の1.2倍を超えないこと,supported,c17938f700c41b8d0e7f5d307a4ab406b5e8a9d4312dbc901191a394ec891cc3
shinjuku-2026-r1-gian-28,easy,content,OB28-E-21,敷地が 地区の 内と 外に またがる 場合の 決まりも あります。,https://www.city.shinjuku.lg.jp/content/000448444.pdf,58455d19f06d67df93980638de711e34c59cdcb61e16ef5d7d643630b3e62950,第5条第1項,建築物の敷地が中高層階住環境保全地区の内外にわたる場合において、当該敷地の過半が中高層階住環境保全地区に属するときは、当該建築物の全部についてこの条例の規定を適用する,supported,c17938f700c41b8d0e7f5d307a4ab406b5e8a9d4312dbc901191a394ec891cc3
shinjuku-2026-r1-gian-28,easy,content,OB28-E-22,敷地の 過半が 地区に 入る ときは 建物の 全部に この 条例を 当てはめます。,https://www.city.shinjuku.lg.jp/content/000448444.pdf,58455d19f06d67df93980638de711e34c59cdcb61e16ef5d7d643630b3e62950,第5条第1項,建築物の敷地が中高層階住環境保全地区の内外にわたる場合において、当該敷地の過半が中高層階住環境保全地区に属するときは、当該建築物の全部についてこの条例の規定を適用する,supported,c17938f700c41b8d0e7f5d307a4ab406b5e8a9d4312dbc901191a394ec891cc3
shinjuku-2026-r1-gian-28,easy,content,OB28-E-23,決まりを 破ると 建築主などは 20万円以下の 罰金です。,https://www.city.shinjuku.lg.jp/content/000448444.pdf,58455d19f06d67df93980638de711e34c59cdcb61e16ef5d7d643630b3e62950,第6条第1項（罰則）,第3条の規定に違反した場合における当該建築物の建築主、所有者、管理者又は占有者は、20万円以下の罰金に処する,supported,c17938f700c41b8d0e7f5d307a4ab406b5e8a9d4312dbc901191a394ec891cc3
shinjuku-2026-r1-gian-28,easy,content,OB28-E-24,法人の 場合は 法人にも 罰金が かかります。,https://www.city.shinjuku.lg.jp/content/000448444.pdf,58455d19f06d67df93980638de711e34c59cdcb61e16ef5d7d643630b3e62950,第6条第2項（罰則）,法人の代表者又は法人若しくは人の代理人、使用人その他の従業者がその法人又は人の業務に関して、前項の違反行為をしたときは、その行為者を罰するほか、その法人又は人に対しても同項の罰金刑を科する,supported,c17938f700c41b8d0e7f5d307a4ab406b5e8a9d4312dbc901191a394ec891cc3
shinjuku-2026-r1-gian-28,easy,content,OB28-E-25,ほかの ことは 区長が 別に 定めます。,https://www.city.shinjuku.lg.jp/content/000448444.pdf,58455d19f06d67df93980638de711e34c59cdcb61e16ef5d7d643630b3e62950,第7条（委任）,この条例に定めるもののほか、この条例の施行に関し必要な事項は、区長が別に定める,supported,c17938f700c41b8d0e7f5d307a4ab406b5e8a9d4312dbc901191a394ec891cc3
shinjuku-2026-r1-gian-28,easy,content,OB28-E-26,【附則】［ふそく］（＝本文の あとに 付ける 決まり）で 次の 条例を 廃止します。,https://www.city.shinjuku.lg.jp/content/000448444.pdf,58455d19f06d67df93980638de711e34c59cdcb61e16ef5d7d643630b3e62950,附則第2項（廃止）,新宿区中高層階住居専用地区内における建築物の制限に関する条例（平成6年新宿区条例第48号）は、廃止する,supported,c17938f700c41b8d0e7f5d307a4ab406b5e8a9d4312dbc901191a394ec891cc3
shinjuku-2026-r1-gian-28,easy,content,OB28-E-27,新宿区中高層階住居専用地区内における建築物の制限に関する条例です。,https://www.city.shinjuku.lg.jp/content/000448444.pdf,58455d19f06d67df93980638de711e34c59cdcb61e16ef5d7d643630b3e62950,附則第2項（廃止）,新宿区中高層階住居専用地区内における建築物の制限に関する条例（平成6年新宿区条例第48号）は、廃止する,supported,c17938f700c41b8d0e7f5d307a4ab406b5e8a9d4312dbc901191a394ec891cc3
shinjuku-2026-r1-gian-28,easy,content,OB28-E-28,対象は 平成6年 新宿区条例 第48号です。,https://www.city.shinjuku.lg.jp/content/000448444.pdf,58455d19f06d67df93980638de711e34c59cdcb61e16ef5d7d643630b3e62950,附則第2項（廃止）,新宿区中高層階住居専用地区内における建築物の制限に関する条例（平成6年新宿区条例第48号）は、廃止する,supported,c17938f700c41b8d0e7f5d307a4ab406b5e8a9d4312dbc901191a394ec891cc3
shinjuku-2026-r1-gian-28,easy,content,OB28-E-29,公布の 日から 始まります。,https://www.city.shinjuku.lg.jp/content/000448444.pdf,58455d19f06d67df93980638de711e34c59cdcb61e16ef5d7d643630b3e62950,附則（施行期日）,この条例は、公布の日から施行する,supported,c17938f700c41b8d0e7f5d307a4ab406b5e8a9d4312dbc901191a394ec891cc3
shinjuku-2026-r1-gian-28,easy,content,OB28-E-30,1996年5月31日に あった 建物には 経過措置が あります。,https://www.city.shinjuku.lg.jp/content/000448444.pdf,58455d19f06d67df93980638de711e34c59cdcb61e16ef5d7d643630b3e62950,附則第3項（経過措置）,平成8年5月31日（以下「基準時」という。）に存していた建築物であって、基準時からこの条例の施行の日（以下「施行日」という。）の前日までの間に次の各号に定める範囲内において増築又は改築をしたものについて、施行日以後に当該範囲を超える増築又は改築をする場合には、第4条の規定にかかわらず、第3条の規定を適用する,supported,c17938f700c41b8d0e7f5d307a4ab406b5e8a9d4312dbc901191a394ec891cc3
shinjuku-2026-r1-gian-28,easy,content,OB28-E-31,この 条例が 始まる 前に した 行為の 罰則は これまでの 決まりです。,https://www.city.shinjuku.lg.jp/content/000448444.pdf,58455d19f06d67df93980638de711e34c59cdcb61e16ef5d7d643630b3e62950,附則第4項（経過措置）,この条例の施行前にした行為に対する罰則の適用については、なお従前の例による,supported,c17938f700c41b8d0e7f5d307a4ab406b5e8a9d4312dbc901191a394ec891cc3
shinjuku-2026-r1-gian-28,easy,content,OB28-E-32,【原案可決】［げんあんかけつ］（＝出した 通りの 内容で 決まること）です。,https://www.city.shinjuku.lg.jp/kusei/soumu01_002090_00015.html,7c2b6f68db1b433b860b35d176b4dd9211e78582ec9de718fcfefe68b22d896a,審議状況（議決結果ページ）,第28号議案新宿区中高層階住環境保全地区の区域内における建築物の制限に関する条例原案可決,supported,c17938f700c41b8d0e7f5d307a4ab406b5e8a9d4312dbc901191a394ec891cc3
shinjuku-2026-r1-gian-28,easy,content,OB28-E-33,2026年（令和8年）の 第1回定例会で 決まりました。,https://www.city.shinjuku.lg.jp/content/000452334.pdf,22ba4f49b18c96bd1fa26241606257c05477f38e25ac46d6f8e4f416a2cedbf2,審議状況（会期）,令和８年第１回定例会…２月１７日～３月２４日,supported,c17938f700c41b8d0e7f5d307a4ab406b5e8a9d4312dbc901191a394ec891cc3
shinjuku-2026-r1-gian-28,easy,content,OB28-E-34,会期は 2026年2月17日（火）から 3月24日（火）まででした。,https://www.city.shinjuku.lg.jp/content/000452334.pdf,22ba4f49b18c96bd1fa26241606257c05477f38e25ac46d6f8e4f416a2cedbf2,審議状況（会期）,令和８年第１回定例会…２月１７日～３月２４日,supported,c17938f700c41b8d0e7f5d307a4ab406b5e8a9d4312dbc901191a394ec891cc3
shinjuku-2026-r1-gian-28,easy,content,OB28-E-35,本会議で 決まった 日は 3月24日（火）です。,https://ssp.kaigiroku.net/tenant/shinjuku/MinuteView.html?council_id=3163&schedule_id=5&minute_id=1,bd058d36962b45d8d965e4625bb95ecd661a102a026175213f37ba9eb575424a,審議状況（本会議 3月24日 議長）,令和８年第１回定例会会議録（第４日）第４号令和８年３月２４日（火曜日）,supported,c17938f700c41b8d0e7f5d307a4ab406b5e8a9d4312dbc901191a394ec891cc3
shinjuku-2026-r1-gian-28,easy,content,OB28-E-36,ほかの 議案と まとめて 議題に なりました。,https://ssp.kaigiroku.net/tenant/shinjuku/MinuteView.html?council_id=3163&schedule_id=5&minute_id=42,78d3acb86854b2a4bc9466207a60576ca68f1c71da42fb097c6101c02e08bb29,審議状況（本会議 3月24日 議長）,日程第15から日程第21までを一括議題とします,supported,c17938f700c41b8d0e7f5d307a4ab406b5e8a9d4312dbc901191a394ec891cc3
shinjuku-2026-r1-gian-28,easy,content,OB28-E-37,環境建設委員会の 審査報告書は 可決でした。,https://ssp.kaigiroku.net/tenant/shinjuku/MinuteView.html?council_id=3163&schedule_id=5&minute_id=50,315b6d8358728f38ebe14b658491fdda972f57c9899a0a3184c84579e8c8b62c,審議状況（本会議 3月24日 議長）,環境建設委員会審査報告書は、可決です,supported,c17938f700c41b8d0e7f5d307a4ab406b5e8a9d4312dbc901191a394ec891cc3
shinjuku-2026-r1-gian-28,easy,content,OB28-E-38,議長が 異議が ないか たずねました。,https://ssp.kaigiroku.net/tenant/shinjuku/MinuteView.html?council_id=3163&schedule_id=5&minute_id=50,315b6d8358728f38ebe14b658491fdda972f57c9899a0a3184c84579e8c8b62c,審議状況（本会議 3月24日 議長）,環境建設委員会審査報告書は、可決です,supported,c17938f700c41b8d0e7f5d307a4ab406b5e8a9d4312dbc901191a394ec891cc3
shinjuku-2026-r1-gian-28,easy,content,OB28-E-39,異議なしと 認められて 可決しました。,https://ssp.kaigiroku.net/tenant/shinjuku/MinuteView.html?council_id=3163&schedule_id=5&minute_id=51,970914f9ce4a28e423e8480a3d4ce175afafafeebd92448698df42d97cb2ec1d,審議状況（本会議 3月24日 議長）,異議なしと認めます…本案は、いずれも委員会審査報告のとおり可決されました,supported,c17938f700c41b8d0e7f5d307a4ab406b5e8a9d4312dbc901191a394ec891cc3
shinjuku-2026-r1-gian-28,easy,content,OB28-E-40,賛成したのは ８つの 会派 すべてです。,https://www.city.shinjuku.lg.jp/content/000452334.pdf,22ba4f49b18c96bd1fa26241606257c05477f38e25ac46d6f8e4f416a2cedbf2,審議状況（議案の概要と審議結果の採決結果行）,建築物の建築の制限に関し必要な事項を定める。○○○○○○○○可決,supported,c17938f700c41b8d0e7f5d307a4ab406b5e8a9d4312dbc901191a394ec891cc3
shinjuku-2026-r1-gian-28,normal,title,OB28-NT-01,見出し: 中高層階住環境保全地区の建築制限に関する条例を新たに制定,https://www.city.shinjuku.lg.jp/content/000448444.pdf,58455d19f06d67df93980638de711e34c59cdcb61e16ef5d7d643630b3e62950,第1条（目的）,第49条第1項の規定に基づき…第8条第1項第2号に掲げる特別用途地区として定められた中高層階住環境保全地区の区域内における建築物の建築の制限に関し必要な事項を定め、建築物の中高層階における住環境の保全を図ることを目的とする,supported,39d3808220ae06d47ac7f868dd3c8c63a09bca7b7877451c08078d129bf1f6a6
shinjuku-2026-r1-gian-28,normal,summary,OB28-NS-01,要約: 中高層階住居専用地区を廃止し、中高層階住環境保全地区の区域内における建築物の建築の制限を定める条例の新規制定です。,https://www.city.shinjuku.lg.jp/content/000447774.pdf,1dc3eaffcafb1b1c9e139e823182dc80dc0755624813ca87d8b274d15f5b6624,第28号議案,中高層階住居専用地区を廃止するとともに、引き続き指定階…以上の階における風俗営業等を制限する中高層階住環境保全…地区を指定することに伴い、中高層階住環境保全地区の区域内…における建築物の建築の制限に関し必要な事項を定める,supported,39d3808220ae06d47ac7f868dd3c8c63a09bca7b7877451c08078d129bf1f6a6
shinjuku-2026-r1-gian-28,normal,summary,OB28-NS-02,要約: 第1種は3階以上、第2種は4階以上の部分を風俗営業などの用に供する建築物が対象です。,https://www.city.shinjuku.lg.jp/content/000448444.pdf,58455d19f06d67df93980638de711e34c59cdcb61e16ef5d7d643630b3e62950,別表（第3条関係）,3階以上の部分を風俗営業等の規制及び業務の適…4階以上の部分を風俗営業、性風俗特殊営業又は特…定遊興飲食店営業の用に供するもの,supported,39d3808220ae06d47ac7f868dd3c8c63a09bca7b7877451c08078d129bf1f6a6
shinjuku-2026-r1-gian-28,normal,summary,OB28-NS-03,要約: 施行日は公布の日です。,https://www.city.shinjuku.lg.jp/content/000448444.pdf,58455d19f06d67df93980638de711e34c59cdcb61e16ef5d7d643630b3e62950,附則（施行期日）,この条例は、公布の日から施行する,supported,39d3808220ae06d47ac7f868dd3c8c63a09bca7b7877451c08078d129bf1f6a6
shinjuku-2026-r1-gian-28,normal,content,OB28-N-01,新宿区中高層階住環境保全地区の区域内における建築物の制限に関する条例の新規制定です。,https://www.city.shinjuku.lg.jp/content/000448444.pdf,58455d19f06d67df93980638de711e34c59cdcb61e16ef5d7d643630b3e62950,件名,新宿区中高層階住環境保全地区の区域内における建築物の制限に関する条例,supported,39d3808220ae06d47ac7f868dd3c8c63a09bca7b7877451c08078d129bf1f6a6
shinjuku-2026-r1-gian-28,normal,content,OB28-N-02,建築基準法第49条第1項に基づき、特別用途地区として定められた中高層階住環境保全地区の区域内における建築物の建築の制限に関し必要な事項を定める条例です。,https://www.city.shinjuku.lg.jp/content/000448444.pdf,58455d19f06d67df93980638de711e34c59cdcb61e16ef5d7d643630b3e62950,第1条（目的）,第49条第1項の規定に基づき…第8条第1項第2号に掲げる特別用途地区として定められた中高層階住環境保全地区の区域内における建築物の建築の制限に関し必要な事項を定め、建築物の中高層階における住環境の保全を図ることを目的とする,supported,39d3808220ae06d47ac7f868dd3c8c63a09bca7b7877451c08078d129bf1f6a6
shinjuku-2026-r1-gian-28,normal,content,OB28-N-03,中高層階住居専用地区を廃止するとともに、引き続き指定階以上の階における風俗営業等を制限する中高層階住環境保全地区を指定することに伴い、中高層階住環境保全地区の区域内における建築物の建築の制限に関し必要な事項を定める。,https://www.city.shinjuku.lg.jp/content/000447774.pdf,1dc3eaffcafb1b1c9e139e823182dc80dc0755624813ca87d8b274d15f5b6624,第28号議案,中高層階住居専用地区を廃止するとともに、引き続き指定階…以上の階における風俗営業等を制限する中高層階住環境保全…地区を指定することに伴い、中高層階住環境保全地区の区域内…における建築物の建築の制限に関し必要な事項を定める,supported,39d3808220ae06d47ac7f868dd3c8c63a09bca7b7877451c08078d129bf1f6a6
shinjuku-2026-r1-gian-28,normal,content,OB28-N-04,議案本文の提案理由は、中高層階住居専用地区を廃止し、同一の区域において中高層階住環境保全地区を指定することに伴い、必要な事項を定める必要があるため、としています。,https://www.city.shinjuku.lg.jp/content/000448444.pdf,58455d19f06d67df93980638de711e34c59cdcb61e16ef5d7d643630b3e62950,（提案理由）,中高層階住居専用地区を廃止し、同一の区域において中高層階住環境保全地区を指定することに伴い、中高層階住環境保全地区の区域内における建築物の建築の制限に関し必要な事項を定める必要があるため,supported,39d3808220ae06d47ac7f868dd3c8c63a09bca7b7877451c08078d129bf1f6a6
shinjuku-2026-r1-gian-28,normal,content,OB28-N-05,区分: 中高層階住環境保全地区は、建築制限の程度により、第1種と第2種に分けます。,https://www.city.shinjuku.lg.jp/content/000448444.pdf,58455d19f06d67df93980638de711e34c59cdcb61e16ef5d7d643630b3e62950,第2条（区分）,中高層階住環境保全地区は、建築制限の程度により、第1種中高層階住環境保全地区及び第2種中高層階住環境保全地区に分ける,supported,39d3808220ae06d47ac7f868dd3c8c63a09bca7b7877451c08078d129bf1f6a6
shinjuku-2026-r1-gian-28,normal,content,OB28-N-06,建築制限: 別表に掲げる建築物は、区分に従い、建築してはなりません。,https://www.city.shinjuku.lg.jp/content/000448444.pdf,58455d19f06d67df93980638de711e34c59cdcb61e16ef5d7d643630b3e62950,第3条（建築制限）,中高層階住環境保全地区においては、前条に規定する区分に従い、別表に掲げる建築物は、建築してはならない,supported,39d3808220ae06d47ac7f868dd3c8c63a09bca7b7877451c08078d129bf1f6a6
shinjuku-2026-r1-gian-28,normal,content,OB28-N-07,第1種中高層階住環境保全地区: 3階以上の部分を風俗営業、性風俗特殊営業または特定遊興飲食店営業の用に供するもの,https://www.city.shinjuku.lg.jp/content/000447774.pdf,1dc3eaffcafb1b1c9e139e823182dc80dc0755624813ca87d8b274d15f5b6624,第28号議案［主な制定内容］建築してはならない建築物,第1種中高層階…3階以上の部分を風俗営業、性風俗特殊営業…又は特定遊興飲食店営業（※）の用に供する,supported,39d3808220ae06d47ac7f868dd3c8c63a09bca7b7877451c08078d129bf1f6a6
shinjuku-2026-r1-gian-28,normal,content,OB28-N-08,第2種中高層階住環境保全地区: 4階以上の部分を風俗営業、性風俗特殊営業または特定遊興飲食店営業の用に供するもの,https://www.city.shinjuku.lg.jp/content/000447774.pdf,1dc3eaffcafb1b1c9e139e823182dc80dc0755624813ca87d8b274d15f5b6624,第28号議案［主な制定内容］建築してはならない建築物,第2種中高層階…4階以上の部分を風俗営業、性風俗特殊営業…又は特定遊興飲食店営業の用に供するもの,supported,39d3808220ae06d47ac7f868dd3c8c63a09bca7b7877451c08078d129bf1f6a6
shinjuku-2026-r1-gian-28,normal,content,OB28-N-09,区の概要資料は、特定遊興飲食店営業を「客に遊興及び酒類を提供して飲食をさせる営業で、午前0時から6時までの時間を営業時間に含むもの」と説明しています。,https://www.city.shinjuku.lg.jp/content/000447774.pdf,1dc3eaffcafb1b1c9e139e823182dc80dc0755624813ca87d8b274d15f5b6624,第28号議案［主な制定内容］（※）,特定遊興飲食店営業客に遊興及び酒類を提供して飲食をさせる…営業で、午前0時から6時までの時間を営業時間に含むもの,supported,39d3808220ae06d47ac7f868dd3c8c63a09bca7b7877451c08078d129bf1f6a6
shinjuku-2026-r1-gian-28,normal,content,OB28-N-10,既存の建築物に対する緩和（第4条）: 建築基準法第3条第2項により制限の適用を受けない建築物の増築・改築は、次の範囲内であれば、制限の規定を適用しません。,https://www.city.shinjuku.lg.jp/content/000448444.pdf,58455d19f06d67df93980638de711e34c59cdcb61e16ef5d7d643630b3e62950,第4条（既存の建築物に対する制限の緩和）,法第3条第2項の規定により前条の規定の適用を受けない建築物について、次の各号に定める範囲内において増築又は改築をする場合においては…前条の規定は適用しない,supported,39d3808220ae06d47ac7f868dd3c8c63a09bca7b7877451c08078d129bf1f6a6
shinjuku-2026-r1-gian-28,normal,content,OB28-N-11,条件: 増築・改築が基準時における敷地内で行われ、延べ面積と建築面積が、基準時における敷地面積に対して建築基準法第52条第1項・第2項・第7項及び第53条の規定に適合すること,https://www.city.shinjuku.lg.jp/content/000448444.pdf,58455d19f06d67df93980638de711e34c59cdcb61e16ef5d7d643630b3e62950,第4条第1号,基準時における敷地内におけるものであり…基準時における敷地面積に対してそれぞれ法第52条第1項、第2項及び第7項並びに第53条の規定に適合すること,supported,39d3808220ae06d47ac7f868dd3c8c63a09bca7b7877451c08078d129bf1f6a6
shinjuku-2026-r1-gian-28,normal,content,OB28-N-12,条件: 増築後の床面積の合計が、基準時における床面積の合計の1.2倍を超えないこと,https://www.city.shinjuku.lg.jp/content/000448444.pdf,58455d19f06d67df93980638de711e34c59cdcb61e16ef5d7d643630b3e62950,第4条第2号,増築後の床面積の合計は、基準時における床面積の合計の1.2倍を超えないこと,supported,39d3808220ae06d47ac7f868dd3c8c63a09bca7b7877451c08078d129bf1f6a6
shinjuku-2026-r1-gian-28,normal,content,OB28-N-13,条件: 増築後の制限に適合しない用途の部分の床面積の合計が、基準時におけるその部分の床面積の合計の1.2倍を超えないこと,https://www.city.shinjuku.lg.jp/content/000448444.pdf,58455d19f06d67df93980638de711e34c59cdcb61e16ef5d7d643630b3e62950,第4条第3号,増築後の前条の規定に適合しない用途に供する建築物の部分の床面積の合計は、基準時におけるその部分の床面積の合計の1.2倍を超えないこと,supported,39d3808220ae06d47ac7f868dd3c8c63a09bca7b7877451c08078d129bf1f6a6
shinjuku-2026-r1-gian-28,normal,content,OB28-N-14,敷地が地区の内外にわたる場合（第5条第1項）: 敷地の過半が地区に属するときは、建築物の全部にこの条例の規定を適用します。,https://www.city.shinjuku.lg.jp/content/000448444.pdf,58455d19f06d67df93980638de711e34c59cdcb61e16ef5d7d643630b3e62950,第5条第1項,建築物の敷地が中高層階住環境保全地区の内外にわたる場合において、当該敷地の過半が中高層階住環境保全地区に属するときは、当該建築物の全部についてこの条例の規定を適用する,supported,39d3808220ae06d47ac7f868dd3c8c63a09bca7b7877451c08078d129bf1f6a6
shinjuku-2026-r1-gian-28,normal,content,OB28-N-15,敷地が区分の異なる地区にわたる場合（第5条第2項）: 敷地の過半の属する区分の規定を、建築物の全部に適用します。,https://www.city.shinjuku.lg.jp/content/000448444.pdf,58455d19f06d67df93980638de711e34c59cdcb61e16ef5d7d643630b3e62950,第5条第2項,建築物の敷地が区分の異なる中高層階住環境保全地区にわたる場合は、当該建築物の全部について、当該敷地の過半の属する区分の中高層階住環境保全地区に係る規定を適用する,supported,39d3808220ae06d47ac7f868dd3c8c63a09bca7b7877451c08078d129bf1f6a6
shinjuku-2026-r1-gian-28,normal,content,OB28-N-16,罰則（第6条第1項）: 第3条に違反した場合、建築主、所有者、管理者または占有者は、20万円以下の罰金に処されます。,https://www.city.shinjuku.lg.jp/content/000448444.pdf,58455d19f06d67df93980638de711e34c59cdcb61e16ef5d7d643630b3e62950,第6条第1項（罰則）,第3条の規定に違反した場合における当該建築物の建築主、所有者、管理者又は占有者は、20万円以下の罰金に処する,supported,39d3808220ae06d47ac7f868dd3c8c63a09bca7b7877451c08078d129bf1f6a6
shinjuku-2026-r1-gian-28,normal,content,OB28-N-17,両罰規定（第6条第2項）: 法人の代表者や従業者などが業務に関して違反行為をしたときは、行為者を罰するほか、その法人または人にも罰金刑が科されます。,https://www.city.shinjuku.lg.jp/content/000448444.pdf,58455d19f06d67df93980638de711e34c59cdcb61e16ef5d7d643630b3e62950,第6条第2項（罰則）,法人の代表者又は法人若しくは人の代理人、使用人その他の従業者がその法人又は人の業務に関して、前項の違反行為をしたときは、その行為者を罰するほか、その法人又は人に対しても同項の罰金刑を科する,supported,39d3808220ae06d47ac7f868dd3c8c63a09bca7b7877451c08078d129bf1f6a6
shinjuku-2026-r1-gian-28,normal,content,OB28-N-18,委任（第7条）: 条例の施行に必要な事項は、区長が別に定めます。,https://www.city.shinjuku.lg.jp/content/000448444.pdf,58455d19f06d67df93980638de711e34c59cdcb61e16ef5d7d643630b3e62950,第7条（委任）,この条例に定めるもののほか、この条例の施行に関し必要な事項は、区長が別に定める,supported,39d3808220ae06d47ac7f868dd3c8c63a09bca7b7877451c08078d129bf1f6a6
shinjuku-2026-r1-gian-28,normal,content,OB28-N-19,公布の日から施行されます。,https://www.city.shinjuku.lg.jp/content/000448444.pdf,58455d19f06d67df93980638de711e34c59cdcb61e16ef5d7d643630b3e62950,附則（施行期日）,この条例は、公布の日から施行する,supported,39d3808220ae06d47ac7f868dd3c8c63a09bca7b7877451c08078d129bf1f6a6
shinjuku-2026-r1-gian-28,normal,content,OB28-N-20,附則第2項により、新宿区中高層階住居専用地区内における建築物の制限に関する条例（平成6年新宿区条例第48号）は廃止されます。,https://www.city.shinjuku.lg.jp/content/000448444.pdf,58455d19f06d67df93980638de711e34c59cdcb61e16ef5d7d643630b3e62950,附則第2項（廃止）,新宿区中高層階住居専用地区内における建築物の制限に関する条例（平成6年新宿区条例第48号）は、廃止する,supported,39d3808220ae06d47ac7f868dd3c8c63a09bca7b7877451c08078d129bf1f6a6
shinjuku-2026-r1-gian-28,normal,content,OB28-N-21,区の概要資料も、中高層階住居専用地区の廃止に伴い、同条例を廃止すると記載しています。,https://www.city.shinjuku.lg.jp/content/000447774.pdf,1dc3eaffcafb1b1c9e139e823182dc80dc0755624813ca87d8b274d15f5b6624,第28号議案［附則による他の条例の廃止］,中高層階住居専用地区の廃止に伴い、新宿区中高層階住居専用…地区内における建築物の制限に関する条例を廃止する,supported,39d3808220ae06d47ac7f868dd3c8c63a09bca7b7877451c08078d129bf1f6a6
shinjuku-2026-r1-gian-28,normal,content,OB28-N-22,経過措置（附則第3項）として、平成8年5月31日（基準時）に存していた建築物で、基準時から施行日の前日までに一定の範囲内で増築・改築をしたものが、施行日以後にその範囲を超えて増築・改築をする場合は、第4条の緩和にかかわらず第3条の規定を適用します。,https://www.city.shinjuku.lg.jp/content/000448444.pdf,58455d19f06d67df93980638de711e34c59cdcb61e16ef5d7d643630b3e62950,附則第3項（経過措置）,平成8年5月31日（以下「基準時」という。）に存していた建築物であって、基準時からこの条例の施行の日（以下「施行日」という。）の前日までの間に次の各号に定める範囲内において増築又は改築をしたものについて、施行日以後に当該範囲を超える増築又は改築をする場合には、第4条の規定にかかわらず、第3条の規定を適用する,supported,39d3808220ae06d47ac7f868dd3c8c63a09bca7b7877451c08078d129bf1f6a6
shinjuku-2026-r1-gian-28,normal,content,OB28-N-23,この条例の施行前にした行為に対する罰則の適用については、なお従前の例によります（附則第4項）。,https://www.city.shinjuku.lg.jp/content/000448444.pdf,58455d19f06d67df93980638de711e34c59cdcb61e16ef5d7d643630b3e62950,附則第4項（経過措置）,この条例の施行前にした行為に対する罰則の適用については、なお従前の例による,supported,39d3808220ae06d47ac7f868dd3c8c63a09bca7b7877451c08078d129bf1f6a6
shinjuku-2026-r1-gian-28,normal,content,OB28-N-24,令和8年第1回定例会（会期は2月17日から3月24日まで）で審議されました。,https://www.city.shinjuku.lg.jp/content/000452334.pdf,22ba4f49b18c96bd1fa26241606257c05477f38e25ac46d6f8e4f416a2cedbf2,審議状況（会期）,令和８年第１回定例会…２月１７日～３月２４日,supported,39d3808220ae06d47ac7f868dd3c8c63a09bca7b7877451c08078d129bf1f6a6
shinjuku-2026-r1-gian-28,normal,content,OB28-N-25,本会議は第4日にあたる3月24日（火曜日）でした。,https://ssp.kaigiroku.net/tenant/shinjuku/MinuteView.html?council_id=3163&schedule_id=5&minute_id=1,bd058d36962b45d8d965e4625bb95ecd661a102a026175213f37ba9eb575424a,審議状況（本会議 3月24日 議長）,令和８年第１回定例会会議録（第４日）第４号令和８年３月２４日（火曜日）,supported,39d3808220ae06d47ac7f868dd3c8c63a09bca7b7877451c08078d129bf1f6a6
shinjuku-2026-r1-gian-28,normal,content,OB28-N-26,日程第15から日程第21までの議案とあわせて、一括して議題となりました。,https://ssp.kaigiroku.net/tenant/shinjuku/MinuteView.html?council_id=3163&schedule_id=5&minute_id=42,78d3acb86854b2a4bc9466207a60576ca68f1c71da42fb097c6101c02e08bb29,審議状況（本会議 3月24日 議長）,日程第15から日程第21までを一括議題とします,supported,39d3808220ae06d47ac7f868dd3c8c63a09bca7b7877451c08078d129bf1f6a6
shinjuku-2026-r1-gian-28,normal,content,OB28-N-27,環境建設委員会の審査報告書は「可決」でした。,https://ssp.kaigiroku.net/tenant/shinjuku/MinuteView.html?council_id=3163&schedule_id=5&minute_id=50,315b6d8358728f38ebe14b658491fdda972f57c9899a0a3184c84579e8c8b62c,審議状況（本会議 3月24日 議長）,環境建設委員会審査報告書は、可決です,supported,39d3808220ae06d47ac7f868dd3c8c63a09bca7b7877451c08078d129bf1f6a6
shinjuku-2026-r1-gian-28,normal,content,OB28-N-28,本会議は、異議なしと認めて、委員会審査報告のとおり可決しました。,https://ssp.kaigiroku.net/tenant/shinjuku/MinuteView.html?council_id=3163&schedule_id=5&minute_id=51,970914f9ce4a28e423e8480a3d4ce175afafafeebd92448698df42d97cb2ec1d,審議状況（本会議 3月24日 議長）,異議なしと認めます…本案は、いずれも委員会審査報告のとおり可決されました,supported,39d3808220ae06d47ac7f868dd3c8c63a09bca7b7877451c08078d129bf1f6a6
shinjuku-2026-r1-gian-28,normal,content,OB28-N-29,議決結果ページの記載は「原案可決」です。,https://www.city.shinjuku.lg.jp/kusei/soumu01_002090_00015.html,7c2b6f68db1b433b860b35d176b4dd9211e78582ec9de718fcfefe68b22d896a,審議状況（議決結果ページ）,第28号議案新宿区中高層階住環境保全地区の区域内における建築物の制限に関する条例原案可決,supported,39d3808220ae06d47ac7f868dd3c8c63a09bca7b7877451c08078d129bf1f6a6
shinjuku-2026-r1-gian-28,normal,content,OB28-N-30,「議案の概要と審議結果」の採決結果行では、8会派すべてが賛成（○）でした。,https://www.city.shinjuku.lg.jp/content/000452334.pdf,22ba4f49b18c96bd1fa26241606257c05477f38e25ac46d6f8e4f416a2cedbf2,審議状況（議案の概要と審議結果の採決結果行）,建築物の建築の制限に関し必要な事項を定める。○○○○○○○○可決,supported,39d3808220ae06d47ac7f868dd3c8c63a09bca7b7877451c08078d129bf1f6a6
shinjuku-2026-r1-gian-28,hard,title,OB28-HT-01,見出し: 第28号議案 新宿区中高層階住環境保全地区の区域内における建築物の制限に関する条例,https://www.city.shinjuku.lg.jp/content/000448444.pdf,58455d19f06d67df93980638de711e34c59cdcb61e16ef5d7d643630b3e62950,件名,新宿区中高層階住環境保全地区の区域内における建築物の制限に関する条例,supported,1fb49bb2ef4474e42a2479db0067bbccb43d3386321b65850b4a44fcad31b947
shinjuku-2026-r1-gian-28,hard,summary,OB28-HS-01,要約: 建築基準法第49条第1項に基づく中高層階住環境保全地区の区域内における建築物の建築の制限を定める条例の新規制定。,https://www.city.shinjuku.lg.jp/content/000448444.pdf,58455d19f06d67df93980638de711e34c59cdcb61e16ef5d7d643630b3e62950,第1条（目的）,第49条第1項の規定に基づき…第8条第1項第2号に掲げる特別用途地区として定められた中高層階住環境保全地区の区域内における建築物の建築の制限に関し必要な事項を定め、建築物の中高層階における住環境の保全を図ることを目的とする,supported,1fb49bb2ef4474e42a2479db0067bbccb43d3386321b65850b4a44fcad31b947
shinjuku-2026-r1-gian-28,hard,summary,OB28-HS-02,要約: 別表に掲げる建築物の建築を禁止し、違反に20万円以下の罰金を定める。,https://www.city.shinjuku.lg.jp/content/000448444.pdf,58455d19f06d67df93980638de711e34c59cdcb61e16ef5d7d643630b3e62950,第6条第1項（罰則）,第3条の規定に違反した場合における当該建築物の建築主、所有者、管理者又は占有者は、20万円以下の罰金に処する,supported,1fb49bb2ef4474e42a2479db0067bbccb43d3386321b65850b4a44fcad31b947
shinjuku-2026-r1-gian-28,hard,summary,OB28-HS-03,要約: 附則で、新宿区中高層階住居専用地区内における建築物の制限に関する条例を廃止する。,https://www.city.shinjuku.lg.jp/content/000448444.pdf,58455d19f06d67df93980638de711e34c59cdcb61e16ef5d7d643630b3e62950,附則第2項（廃止）,新宿区中高層階住居専用地区内における建築物の制限に関する条例（平成6年新宿区条例第48号）は、廃止する,supported,1fb49bb2ef4474e42a2479db0067bbccb43d3386321b65850b4a44fcad31b947
shinjuku-2026-r1-gian-28,hard,summary,OB28-HS-04,要約: 施行日は公布の日。,https://www.city.shinjuku.lg.jp/content/000448444.pdf,58455d19f06d67df93980638de711e34c59cdcb61e16ef5d7d643630b3e62950,附則（施行期日）,この条例は、公布の日から施行する,supported,1fb49bb2ef4474e42a2479db0067bbccb43d3386321b65850b4a44fcad31b947
shinjuku-2026-r1-gian-28,hard,content,OB28-H-01,提出日: 令和8年2月17日,https://www.city.shinjuku.lg.jp/content/000448444.pdf,58455d19f06d67df93980638de711e34c59cdcb61e16ef5d7d643630b3e62950,提出日・提出者,令和８年２月１７日…新宿区長…吉住…健一,supported,1fb49bb2ef4474e42a2479db0067bbccb43d3386321b65850b4a44fcad31b947
shinjuku-2026-r1-gian-28,hard,content,OB28-H-02,提出者: 新宿区長 吉住健一,https://www.city.shinjuku.lg.jp/content/000448444.pdf,58455d19f06d67df93980638de711e34c59cdcb61e16ef5d7d643630b3e62950,提出日・提出者,令和８年２月１７日…新宿区長…吉住…健一,supported,1fb49bb2ef4474e42a2479db0067bbccb43d3386321b65850b4a44fcad31b947
shinjuku-2026-r1-gian-28,hard,content,OB28-H-03,制定する条例: 新宿区中高層階住環境保全地区の区域内における建築物の制限に関する条例（新規制定）,https://www.city.shinjuku.lg.jp/content/000448444.pdf,58455d19f06d67df93980638de711e34c59cdcb61e16ef5d7d643630b3e62950,件名,新宿区中高層階住環境保全地区の区域内における建築物の制限に関する条例,supported,1fb49bb2ef4474e42a2479db0067bbccb43d3386321b65850b4a44fcad31b947
shinjuku-2026-r1-gian-28,hard,content,OB28-H-04,議決: 原案可決（議決結果ページの記載）,https://www.city.shinjuku.lg.jp/kusei/soumu01_002090_00015.html,7c2b6f68db1b433b860b35d176b4dd9211e78582ec9de718fcfefe68b22d896a,審議状況（議決結果ページ）,第28号議案新宿区中高層階住環境保全地区の区域内における建築物の制限に関する条例原案可決,supported,1fb49bb2ef4474e42a2479db0067bbccb43d3386321b65850b4a44fcad31b947
shinjuku-2026-r1-gian-28,hard,content,OB28-H-05,本会議: 令和8年3月24日（火曜日）、会議録 第4日第4号,https://ssp.kaigiroku.net/tenant/shinjuku/MinuteView.html?council_id=3163&schedule_id=5&minute_id=1,bd058d36962b45d8d965e4625bb95ecd661a102a026175213f37ba9eb575424a,審議状況（本会議 3月24日 議長）,令和８年第１回定例会会議録（第４日）第４号令和８年３月２４日（火曜日）,supported,1fb49bb2ef4474e42a2479db0067bbccb43d3386321b65850b4a44fcad31b947
shinjuku-2026-r1-gian-28,hard,content,OB28-H-06,議題: 日程第15から日程第21までを一括して議題とした,https://ssp.kaigiroku.net/tenant/shinjuku/MinuteView.html?council_id=3163&schedule_id=5&minute_id=42,78d3acb86854b2a4bc9466207a60576ca68f1c71da42fb097c6101c02e08bb29,審議状況（本会議 3月24日 議長）,日程第15から日程第21までを一括議題とします,supported,1fb49bb2ef4474e42a2479db0067bbccb43d3386321b65850b4a44fcad31b947
shinjuku-2026-r1-gian-28,hard,content,OB28-H-07,会議録: 第28号議案の議題朗読が記載されている,https://ssp.kaigiroku.net/tenant/shinjuku/MinuteView.html?council_id=3163&schedule_id=5&minute_id=46,bc902974ccf5c28d58ba34c187ae226a18b03f802c73d9614a5fecc5f0602282,審議状況（本会議 3月24日 議長）,第28号議案新宿区中高層階住環境保全地区の区域内における建築物の制限に関する条例,supported,1fb49bb2ef4474e42a2479db0067bbccb43d3386321b65850b4a44fcad31b947
shinjuku-2026-r1-gian-28,hard,content,OB28-H-08,委員会審査報告: 環境建設委員会の審査報告書は可決,https://ssp.kaigiroku.net/tenant/shinjuku/MinuteView.html?council_id=3163&schedule_id=5&minute_id=50,315b6d8358728f38ebe14b658491fdda972f57c9899a0a3184c84579e8c8b62c,審議状況（本会議 3月24日 議長）,環境建設委員会審査報告書は、可決です,supported,1fb49bb2ef4474e42a2479db0067bbccb43d3386321b65850b4a44fcad31b947
shinjuku-2026-r1-gian-28,hard,content,OB28-H-09,採決方法: 異議なし,https://ssp.kaigiroku.net/tenant/shinjuku/MinuteView.html?council_id=3163&schedule_id=5&minute_id=51,970914f9ce4a28e423e8480a3d4ce175afafafeebd92448698df42d97cb2ec1d,審議状況（本会議 3月24日 議長）,異議なしと認めます…本案は、いずれも委員会審査報告のとおり可決されました,supported,1fb49bb2ef4474e42a2479db0067bbccb43d3386321b65850b4a44fcad31b947
shinjuku-2026-r1-gian-28,hard,content,OB28-H-10,会派別の賛否: 全8会派が賛成（採決結果行は ○○○○○○○○）,https://www.city.shinjuku.lg.jp/content/000452334.pdf,22ba4f49b18c96bd1fa26241606257c05477f38e25ac46d6f8e4f416a2cedbf2,審議状況（議案の概要と審議結果の採決結果行）,建築物の建築の制限に関し必要な事項を定める。○○○○○○○○可決,supported,1fb49bb2ef4474e42a2479db0067bbccb43d3386321b65850b4a44fcad31b947
shinjuku-2026-r1-gian-28,hard,content,OB28-H-11,会派: 自民・参政クラブ、新宿区議会公明党、日本共産党新宿区議会議員団、新宿未来の会、立憲民主党・無所属クラブ、日本維新の会・新宿区議団、現役世代に優しい新宿・減税の会、れいわ新選組 新宿,https://www.city.shinjuku.lg.jp/content/000452334.pdf,22ba4f49b18c96bd1fa26241606257c05477f38e25ac46d6f8e4f416a2cedbf2,会派略称・列の並び,共産＝日本共産党新宿区議会議員団…れいわ＝れいわ新選組 新宿…自参ク＝自民・参政クラブ…公明＝新宿区議会公明党…新宿会＝新宿未来の会…民無ク＝立憲民主党・無所属クラブ…維新＝日本維新の会・新宿区議団…現役＝現役世代に優しい新宿・減税の会,supported,1fb49bb2ef4474e42a2479db0067bbccb43d3386321b65850b4a44fcad31b947
shinjuku-2026-r1-gian-28,hard,content,OB28-H-12,中高層階住居専用地区を廃止し、同一の区域において中高層階住環境保全地区を指定することに伴い、中高層階住環境保全地区の区域内における建築物の建築の制限に関し必要な事項を定める必要があるため,https://www.city.shinjuku.lg.jp/content/000448444.pdf,58455d19f06d67df93980638de711e34c59cdcb61e16ef5d7d643630b3e62950,（提案理由）,中高層階住居専用地区を廃止し、同一の区域において中高層階住環境保全地区を指定することに伴い、中高層階住環境保全地区の区域内における建築物の建築の制限に関し必要な事項を定める必要があるため,supported,1fb49bb2ef4474e42a2479db0067bbccb43d3386321b65850b4a44fcad31b947
shinjuku-2026-r1-gian-28,hard,content,OB28-H-13,第1条（目的） / 建築基準法第49条第1項の規定に基づき、都市計画法第8条第1項第2号に掲げる特別用途地区として定められた中高層階住環境保全地区の区域内における建築物の建築の制限に関し必要な事項を定め、建築物の中高層階における住環境の保全を図る,https://www.city.shinjuku.lg.jp/content/000448444.pdf,58455d19f06d67df93980638de711e34c59cdcb61e16ef5d7d643630b3e62950,第1条（目的）,第49条第1項の規定に基づき…第8条第1項第2号に掲げる特別用途地区として定められた中高層階住環境保全地区の区域内における建築物の建築の制限に関し必要な事項を定め、建築物の中高層階における住環境の保全を図ることを目的とする,supported,1fb49bb2ef4474e42a2479db0067bbccb43d3386321b65850b4a44fcad31b947
shinjuku-2026-r1-gian-28,hard,content,OB28-H-14,第2条（区分） / 建築制限の程度により、第1種中高層階住環境保全地区及び第2種中高層階住環境保全地区に分ける,https://www.city.shinjuku.lg.jp/content/000448444.pdf,58455d19f06d67df93980638de711e34c59cdcb61e16ef5d7d643630b3e62950,第2条（区分）,中高層階住環境保全地区は、建築制限の程度により、第1種中高層階住環境保全地区及び第2種中高層階住環境保全地区に分ける,supported,1fb49bb2ef4474e42a2479db0067bbccb43d3386321b65850b4a44fcad31b947
shinjuku-2026-r1-gian-28,hard,content,OB28-H-15,第3条（建築制限） / 区分に従い、別表に掲げる建築物は、建築してはならない,https://www.city.shinjuku.lg.jp/content/000448444.pdf,58455d19f06d67df93980638de711e34c59cdcb61e16ef5d7d643630b3e62950,第3条（建築制限）,中高層階住環境保全地区においては、前条に規定する区分に従い、別表に掲げる建築物は、建築してはならない,supported,1fb49bb2ef4474e42a2479db0067bbccb43d3386321b65850b4a44fcad31b947
shinjuku-2026-r1-gian-28,hard,content,OB28-H-16,別表 第1種 / 3階以上の部分を風俗営業、性風俗特殊営業又は特定遊興飲食店営業の用に供するもの,https://www.city.shinjuku.lg.jp/content/000448444.pdf,58455d19f06d67df93980638de711e34c59cdcb61e16ef5d7d643630b3e62950,別表（第3条関係）第1種,3階以上の部分を風俗営業等の規制及び業務の適…以下「風俗営業」という。…以下「性風俗特殊営業」という。…以下「特定遊興飲食店営業」という。）の用に供するもの,supported,1fb49bb2ef4474e42a2479db0067bbccb43d3386321b65850b4a44fcad31b947
shinjuku-2026-r1-gian-28,hard,content,OB28-H-17,別表 第2種 / 4階以上の部分を風俗営業、性風俗特殊営業又は特定遊興飲食店営業の用に供するもの,https://www.city.shinjuku.lg.jp/content/000448444.pdf,58455d19f06d67df93980638de711e34c59cdcb61e16ef5d7d643630b3e62950,別表（第3条関係）第2種,4階以上の部分を風俗営業、性風俗特殊営業又は特…定遊興飲食店営業の用に供するもの,supported,1fb49bb2ef4474e42a2479db0067bbccb43d3386321b65850b4a44fcad31b947
shinjuku-2026-r1-gian-28,hard,content,OB28-H-18,第4条（既存の建築物に対する制限の緩和） / 建築基準法第3条第2項の規定により前条の規定の適用を受けない建築物について、次の各号に定める範囲内において増築又は改築をする場合においては、前条の規定は適用しない,https://www.city.shinjuku.lg.jp/content/000448444.pdf,58455d19f06d67df93980638de711e34c59cdcb61e16ef5d7d643630b3e62950,第4条（既存の建築物に対する制限の緩和）,法第3条第2項の規定により前条の規定の適用を受けない建築物について、次の各号に定める範囲内において増築又は改築をする場合においては…前条の規定は適用しない,supported,1fb49bb2ef4474e42a2479db0067bbccb43d3386321b65850b4a44fcad31b947
shinjuku-2026-r1-gian-28,hard,content,OB28-H-19,第4条第1号 / 基準時における敷地内におけるものであり、増築又は改築後における延べ面積及び建築面積が、基準時における敷地面積に対してそれぞれ法第52条第1項、第2項及び第7項並びに第53条の規定に適合すること,https://www.city.shinjuku.lg.jp/content/000448444.pdf,58455d19f06d67df93980638de711e34c59cdcb61e16ef5d7d643630b3e62950,第4条第1号,基準時における敷地内におけるものであり…基準時における敷地面積に対してそれぞれ法第52条第1項、第2項及び第7項並びに第53条の規定に適合すること,supported,1fb49bb2ef4474e42a2479db0067bbccb43d3386321b65850b4a44fcad31b947
shinjuku-2026-r1-gian-28,hard,content,OB28-H-20,第4条第2号 / 増築後の床面積の合計は、基準時における床面積の合計の1.2倍を超えないこと,https://www.city.shinjuku.lg.jp/content/000448444.pdf,58455d19f06d67df93980638de711e34c59cdcb61e16ef5d7d643630b3e62950,第4条第2号,増築後の床面積の合計は、基準時における床面積の合計の1.2倍を超えないこと,supported,1fb49bb2ef4474e42a2479db0067bbccb43d3386321b65850b4a44fcad31b947
shinjuku-2026-r1-gian-28,hard,content,OB28-H-21,第4条第3号 / 増築後の前条の規定に適合しない用途に供する建築物の部分の床面積の合計は、基準時におけるその部分の床面積の合計の1.2倍を超えないこと,https://www.city.shinjuku.lg.jp/content/000448444.pdf,58455d19f06d67df93980638de711e34c59cdcb61e16ef5d7d643630b3e62950,第4条第3号,増築後の前条の規定に適合しない用途に供する建築物の部分の床面積の合計は、基準時におけるその部分の床面積の合計の1.2倍を超えないこと,supported,1fb49bb2ef4474e42a2479db0067bbccb43d3386321b65850b4a44fcad31b947
shinjuku-2026-r1-gian-28,hard,content,OB28-H-22,第5条第1項 / 建築物の敷地が地区の内外にわたる場合において、当該敷地の過半が地区に属するときは、当該建築物の全部についてこの条例の規定を適用する,https://www.city.shinjuku.lg.jp/content/000448444.pdf,58455d19f06d67df93980638de711e34c59cdcb61e16ef5d7d643630b3e62950,第5条第1項,建築物の敷地が中高層階住環境保全地区の内外にわたる場合において、当該敷地の過半が中高層階住環境保全地区に属するときは、当該建築物の全部についてこの条例の規定を適用する,supported,1fb49bb2ef4474e42a2479db0067bbccb43d3386321b65850b4a44fcad31b947
shinjuku-2026-r1-gian-28,hard,content,OB28-H-23,第5条第2項 / 建築物の敷地が区分の異なる地区にわたる場合は、当該建築物の全部について、当該敷地の過半の属する区分の規定を適用する,https://www.city.shinjuku.lg.jp/content/000448444.pdf,58455d19f06d67df93980638de711e34c59cdcb61e16ef5d7d643630b3e62950,第5条第2項,建築物の敷地が区分の異なる中高層階住環境保全地区にわたる場合は、当該建築物の全部について、当該敷地の過半の属する区分の中高層階住環境保全地区に係る規定を適用する,supported,1fb49bb2ef4474e42a2479db0067bbccb43d3386321b65850b4a44fcad31b947
shinjuku-2026-r1-gian-28,hard,content,OB28-H-24,第6条第1項（罰則） / 第3条の規定に違反した場合における当該建築物の建築主、所有者、管理者又は占有者は、20万円以下の罰金に処する,https://www.city.shinjuku.lg.jp/content/000448444.pdf,58455d19f06d67df93980638de711e34c59cdcb61e16ef5d7d643630b3e62950,第6条第1項（罰則）,第3条の規定に違反した場合における当該建築物の建築主、所有者、管理者又は占有者は、20万円以下の罰金に処する,supported,1fb49bb2ef4474e42a2479db0067bbccb43d3386321b65850b4a44fcad31b947
shinjuku-2026-r1-gian-28,hard,content,OB28-H-25,第6条第2項（罰則） / 法人の代表者又は法人若しくは人の代理人、使用人その他の従業者がその法人又は人の業務に関して前項の違反行為をしたときは、その行為者を罰するほか、その法人又は人に対しても同項の罰金刑を科する,https://www.city.shinjuku.lg.jp/content/000448444.pdf,58455d19f06d67df93980638de711e34c59cdcb61e16ef5d7d643630b3e62950,第6条第2項（罰則）,法人の代表者又は法人若しくは人の代理人、使用人その他の従業者がその法人又は人の業務に関して、前項の違反行為をしたときは、その行為者を罰するほか、その法人又は人に対しても同項の罰金刑を科する,supported,1fb49bb2ef4474e42a2479db0067bbccb43d3386321b65850b4a44fcad31b947
shinjuku-2026-r1-gian-28,hard,content,OB28-H-26,第7条（委任） / この条例に定めるもののほか、この条例の施行に関し必要な事項は、区長が別に定める,https://www.city.shinjuku.lg.jp/content/000448444.pdf,58455d19f06d67df93980638de711e34c59cdcb61e16ef5d7d643630b3e62950,第7条（委任）,この条例に定めるもののほか、この条例の施行に関し必要な事項は、区長が別に定める,supported,1fb49bb2ef4474e42a2479db0067bbccb43d3386321b65850b4a44fcad31b947
shinjuku-2026-r1-gian-28,hard,content,OB28-H-27,中高層階住居専用地区を廃止するとともに、引き続き指定階以上の階における風俗営業等を制限する中高層階住環境保全地区を指定することに伴い、中高層階住環境保全地区の区域内における建築物の建築の制限に関し必要な事項を定める。,https://www.city.shinjuku.lg.jp/content/000447774.pdf,1dc3eaffcafb1b1c9e139e823182dc80dc0755624813ca87d8b274d15f5b6624,第28号議案,中高層階住居専用地区を廃止するとともに、引き続き指定階…以上の階における風俗営業等を制限する中高層階住環境保全…地区を指定することに伴い、中高層階住環境保全地区の区域内…における建築物の建築の制限に関し必要な事項を定める,supported,1fb49bb2ef4474e42a2479db0067bbccb43d3386321b65850b4a44fcad31b947
shinjuku-2026-r1-gian-28,hard,content,OB28-H-28,区分として、中高層階住環境保全地区は建築制限の程度により第1種と第2種に分けるとされている。,https://www.city.shinjuku.lg.jp/content/000447774.pdf,1dc3eaffcafb1b1c9e139e823182dc80dc0755624813ca87d8b274d15f5b6624,第28号議案［主な制定内容］区分,中高層階住環境保全地区は、建築制限の程度により、第1種中高層階住環境保全地区及び第2種中高層階住環境保全地区に分けることとする,supported,1fb49bb2ef4474e42a2479db0067bbccb43d3386321b65850b4a44fcad31b947
shinjuku-2026-r1-gian-28,hard,content,OB28-H-29,第1種中高層階住環境保全地区は、3階以上の部分を風俗営業、性風俗特殊営業又は特定遊興飲食店営業の用に供するものが、建築してはならない建築物とされている。,https://www.city.shinjuku.lg.jp/content/000447774.pdf,1dc3eaffcafb1b1c9e139e823182dc80dc0755624813ca87d8b274d15f5b6624,第28号議案［主な制定内容］建築してはならない建築物,第1種中高層階…3階以上の部分を風俗営業、性風俗特殊営業…又は特定遊興飲食店営業（※）の用に供する,supported,1fb49bb2ef4474e42a2479db0067bbccb43d3386321b65850b4a44fcad31b947
shinjuku-2026-r1-gian-28,hard,content,OB28-H-30,第2種中高層階住環境保全地区は、4階以上の部分を風俗営業、性風俗特殊営業又は特定遊興飲食店営業の用に供するものが、建築してはならない建築物とされている。,https://www.city.shinjuku.lg.jp/content/000447774.pdf,1dc3eaffcafb1b1c9e139e823182dc80dc0755624813ca87d8b274d15f5b6624,第28号議案［主な制定内容］建築してはならない建築物,第2種中高層階…4階以上の部分を風俗営業、性風俗特殊営業…又は特定遊興飲食店営業の用に供するもの,supported,1fb49bb2ef4474e42a2479db0067bbccb43d3386321b65850b4a44fcad31b947
shinjuku-2026-r1-gian-28,hard,content,OB28-H-31,客に遊興及び酒類を提供して飲食をさせる営業で、午前0時から6時までの時間を営業時間に含むもの,https://www.city.shinjuku.lg.jp/content/000447774.pdf,1dc3eaffcafb1b1c9e139e823182dc80dc0755624813ca87d8b274d15f5b6624,第28号議案［主な制定内容］（※）,特定遊興飲食店営業客に遊興及び酒類を提供して飲食をさせる…営業で、午前0時から6時までの時間を営業時間に含むもの,supported,1fb49bb2ef4474e42a2479db0067bbccb43d3386321b65850b4a44fcad31b947
shinjuku-2026-r1-gian-28,hard,content,OB28-H-32,附則による他の条例の廃止として、中高層階住居専用地区の廃止に伴い、新宿区中高層階住居専用地区内における建築物の制限に関する条例を廃止すると記載されている。,https://www.city.shinjuku.lg.jp/content/000447774.pdf,1dc3eaffcafb1b1c9e139e823182dc80dc0755624813ca87d8b274d15f5b6624,第28号議案［附則による他の条例の廃止］,中高層階住居専用地区の廃止に伴い、新宿区中高層階住居専用…地区内における建築物の制限に関する条例を廃止する,supported,1fb49bb2ef4474e42a2479db0067bbccb43d3386321b65850b4a44fcad31b947
shinjuku-2026-r1-gian-28,hard,content,OB28-H-33,施行日は公布の日と記載されている。,https://www.city.shinjuku.lg.jp/content/000447774.pdf,1dc3eaffcafb1b1c9e139e823182dc80dc0755624813ca87d8b274d15f5b6624,第28号議案［施行日］,［施行日］公布の日,supported,1fb49bb2ef4474e42a2479db0067bbccb43d3386321b65850b4a44fcad31b947
shinjuku-2026-r1-gian-28,hard,content,OB28-H-34,「議案の概要と審議結果」も同旨の概要を記載している。,https://www.city.shinjuku.lg.jp/content/000452334.pdf,22ba4f49b18c96bd1fa26241606257c05477f38e25ac46d6f8e4f416a2cedbf2,第28号議案（議案の概要）,中高層階住居専用地区を廃止するとともに、引き続き指定階以上の階における風俗営業等を制限する中高層階住環境保全地区を指定,supported,1fb49bb2ef4474e42a2479db0067bbccb43d3386321b65850b4a44fcad31b947
shinjuku-2026-r1-gian-28,hard,content,OB28-H-35,この条例は、公布の日から施行する。,https://www.city.shinjuku.lg.jp/content/000448444.pdf,58455d19f06d67df93980638de711e34c59cdcb61e16ef5d7d643630b3e62950,附則（施行期日）,この条例は、公布の日から施行する,supported,1fb49bb2ef4474e42a2479db0067bbccb43d3386321b65850b4a44fcad31b947
shinjuku-2026-r1-gian-28,hard,content,OB28-H-36,新宿区中高層階住居専用地区内における建築物の制限に関する条例（平成6年新宿区条例第48号）は、廃止する。,https://www.city.shinjuku.lg.jp/content/000448444.pdf,58455d19f06d67df93980638de711e34c59cdcb61e16ef5d7d643630b3e62950,附則第2項（廃止）,新宿区中高層階住居専用地区内における建築物の制限に関する条例（平成6年新宿区条例第48号）は、廃止する,supported,1fb49bb2ef4474e42a2479db0067bbccb43d3386321b65850b4a44fcad31b947
shinjuku-2026-r1-gian-28,hard,content,OB28-H-37,平成8年5月31日（以下「基準時」という。）に存していた建築物であって、基準時からこの条例の施行の日（以下「施行日」という。）の前日までの間に次の各号に定める範囲内において増築又は改築をしたものについて、施行日以後に当該範囲を超える増築又は改築をする場合には、第4条の規定にかかわらず、第3条の規定を適用する。,https://www.city.shinjuku.lg.jp/content/000448444.pdf,58455d19f06d67df93980638de711e34c59cdcb61e16ef5d7d643630b3e62950,附則第3項（経過措置）,平成8年5月31日（以下「基準時」という。）に存していた建築物であって、基準時からこの条例の施行の日（以下「施行日」という。）の前日までの間に次の各号に定める範囲内において増築又は改築をしたものについて、施行日以後に当該範囲を超える増築又は改築をする場合には、第4条の規定にかかわらず、第3条の規定を適用する,supported,1fb49bb2ef4474e42a2479db0067bbccb43d3386321b65850b4a44fcad31b947
shinjuku-2026-r1-gian-28,hard,content,OB28-H-38,この条例の施行前にした行為に対する罰則の適用については、なお従前の例による。,https://www.city.shinjuku.lg.jp/content/000448444.pdf,58455d19f06d67df93980638de711e34c59cdcb61e16ef5d7d643630b3e62950,附則第4項（経過措置）,この条例の施行前にした行為に対する罰則の適用については、なお従前の例による,supported,1fb49bb2ef4474e42a2479db0067bbccb43d3386321b65850b4a44fcad31b947
shinjuku-2026-r1-gian-28,hard,content,OB28-H-39,第28号議案 全文 / https://www.city.shinjuku.lg.jp/content/000448444.pdf / 58455d19f06d67df93980638de711e34c59cdcb61e16ef5d7d643630b3e62950,https://www.city.shinjuku.lg.jp/content/000448444.pdf,58455d19f06d67df93980638de711e34c59cdcb61e16ef5d7d643630b3e62950,件名,新宿区中高層階住環境保全地区の区域内における建築物の制限に関する条例,supported,1fb49bb2ef4474e42a2479db0067bbccb43d3386321b65850b4a44fcad31b947
shinjuku-2026-r1-gian-28,hard,content,OB28-H-40,提出案件概要（条例関係） / https://www.city.shinjuku.lg.jp/content/000447774.pdf / 1dc3eaffcafb1b1c9e139e823182dc80dc0755624813ca87d8b274d15f5b6624,https://www.city.shinjuku.lg.jp/content/000447774.pdf,1dc3eaffcafb1b1c9e139e823182dc80dc0755624813ca87d8b274d15f5b6624,提出案件概要（条例関係）,第1回区議会定例会提出案件概要…（条例関係）,supported,1fb49bb2ef4474e42a2479db0067bbccb43d3386321b65850b4a44fcad31b947
shinjuku-2026-r1-gian-28,hard,content,OB28-H-41,議案の概要と審議結果 / https://www.city.shinjuku.lg.jp/content/000452334.pdf / 22ba4f49b18c96bd1fa26241606257c05477f38e25ac46d6f8e4f416a2cedbf2,https://www.city.shinjuku.lg.jp/content/000452334.pdf,22ba4f49b18c96bd1fa26241606257c05477f38e25ac46d6f8e4f416a2cedbf2,議案の概要と審議結果,議案の概要と審議結果,supported,1fb49bb2ef4474e42a2479db0067bbccb43d3386321b65850b4a44fcad31b947
shinjuku-2026-r1-gian-28,hard,content,OB28-H-42,議決結果ページ（2026-10-04 取得） / https://www.city.shinjuku.lg.jp/kusei/soumu01_002090_00015.html / 7c2b6f68db1b433b860b35d176b4dd9211e78582ec9de718fcfefe68b22d896a,https://www.city.shinjuku.lg.jp/kusei/soumu01_002090_00015.html,7c2b6f68db1b433b860b35d176b4dd9211e78582ec9de718fcfefe68b22d896a,審議状況（議決結果ページ）,第28号議案新宿区中高層階住環境保全地区の区域内における建築物の制限に関する条例原案可決,supported,1fb49bb2ef4474e42a2479db0067bbccb43d3386321b65850b4a44fcad31b947
shinjuku-2026-r1-gian-28,hard,content,OB28-H-43,会議録 3月24日 議長（委員会審査報告） / https://ssp.kaigiroku.net/tenant/shinjuku/MinuteView.html?council_id=3163&schedule_id=5&minute_id=50 / 315b6d8358728f38ebe14b658491fdda972f57c9899a0a3184c84579e8c8b62c,https://ssp.kaigiroku.net/tenant/shinjuku/MinuteView.html?council_id=3163&schedule_id=5&minute_id=50,315b6d8358728f38ebe14b658491fdda972f57c9899a0a3184c84579e8c8b62c,審議状況（本会議 3月24日 議長）,環境建設委員会審査報告書は、可決です,supported,1fb49bb2ef4474e42a2479db0067bbccb43d3386321b65850b4a44fcad31b947
shinjuku-2026-r1-gian-28,hard,content,OB28-H-44,会議録 3月24日 議長（採決） / https://ssp.kaigiroku.net/tenant/shinjuku/MinuteView.html?council_id=3163&schedule_id=5&minute_id=51 / 970914f9ce4a28e423e8480a3d4ce175afafafeebd92448698df42d97cb2ec1d,https://ssp.kaigiroku.net/tenant/shinjuku/MinuteView.html?council_id=3163&schedule_id=5&minute_id=51,970914f9ce4a28e423e8480a3d4ce175afafafeebd92448698df42d97cb2ec1d,審議状況（本会議 3月24日 議長）,異議なしと認めます…本案は、いずれも委員会審査報告のとおり可決されました,supported,1fb49bb2ef4474e42a2479db0067bbccb43d3386321b65850b4a44fcad31b947
shinjuku-2026-r1-gian-29,easy,title,OB29-ET-01,見出し: ワンルームマンション等の 範囲を ひろげます,https://www.city.shinjuku.lg.jp/content/000448445.pdf,fa6a5e98d5a03007d771bc34e055aa418ea9b490daa44f4bb97f6036663353d2,（提案理由）,ワンルームマンション等の範囲を拡大するとともに、ワンルームマンション等の建築及び管理に当たって実施すべき事項を追加するほか、規定を整備する必要があるため,supported,c4955d46982a8b4cbfe24e35c19cf948e36ddb1dba9cd569cbd7cc69f8b05331
shinjuku-2026-r1-gian-29,easy,summary,OB29-ES-01,要約: ワンルームマンション等の 範囲を ひろげます。,https://www.city.shinjuku.lg.jp/content/000448445.pdf,fa6a5e98d5a03007d771bc34e055aa418ea9b490daa44f4bb97f6036663353d2,（提案理由）,ワンルームマンション等の範囲を拡大するとともに、ワンルームマンション等の建築及び管理に当たって実施すべき事項を追加するほか、規定を整備する必要があるため,supported,c4955d46982a8b4cbfe24e35c19cf948e36ddb1dba9cd569cbd7cc69f8b05331
shinjuku-2026-r1-gian-29,easy,summary,OB29-ES-02,要約: 再配達を 減らす 措置も 足します。,https://www.city.shinjuku.lg.jp/content/000447774.pdf,1dc3eaffcafb1b1c9e139e823182dc80dc0755624813ca87d8b274d15f5b6624,第29号議案（2）,ワンルームマンション等の建築主は、再配達の削減に関し必要な措置を講ずるよう努めなければならないこととする,supported,c4955d46982a8b4cbfe24e35c19cf948e36ddb1dba9cd569cbd7cc69f8b05331
shinjuku-2026-r1-gian-29,easy,summary,OB29-ES-03,要約: 管理人への 連絡の 措置も 足します。,https://www.city.shinjuku.lg.jp/content/000447774.pdf,1dc3eaffcafb1b1c9e139e823182dc80dc0755624813ca87d8b274d15f5b6624,第29号議案（3）,ワンルームマンション等の所有者等は、管理人のための郵便受けを設置する措置その他の管理人への申入れ、連絡等を円滑に行うことができると区長が認める措置を講じなければならないこととする,supported,c4955d46982a8b4cbfe24e35c19cf948e36ddb1dba9cd569cbd7cc69f8b05331
shinjuku-2026-r1-gian-29,easy,summary,OB29-ES-04,要約: 2026年（令和8年）10月1日（木）から 始まります。,https://www.city.shinjuku.lg.jp/content/000448445.pdf,fa6a5e98d5a03007d771bc34e055aa418ea9b490daa44f4bb97f6036663353d2,附則（施行期日）,この条例は、令和8年10月1日から施行する,supported,c4955d46982a8b4cbfe24e35c19cf948e36ddb1dba9cd569cbd7cc69f8b05331
shinjuku-2026-r1-gian-29,easy,content,OB29-E-01,【新宿区ワンルームマンション等の建築及び管理に関する条例】［しんじゅくくわんるーむまんしょんとうのけんちくおよびかんりにかんするじょうれい］（＝区の ワンルームマンションの 建築と 管理の 決まり）を 変えます。,https://www.city.shinjuku.lg.jp/content/000448445.pdf,fa6a5e98d5a03007d771bc34e055aa418ea9b490daa44f4bb97f6036663353d2,改め文,新宿区ワンルームマンション等の建築及び管理に関する条例（平成15年新宿区条例第72号）の一部を次のように改正する,supported,c4955d46982a8b4cbfe24e35c19cf948e36ddb1dba9cd569cbd7cc69f8b05331
shinjuku-2026-r1-gian-29,easy,content,OB29-E-02,対象は 平成15年 新宿区条例 第72号です。,https://www.city.shinjuku.lg.jp/content/000448445.pdf,fa6a5e98d5a03007d771bc34e055aa418ea9b490daa44f4bb97f6036663353d2,改め文,新宿区ワンルームマンション等の建築及び管理に関する条例（平成15年新宿区条例第72号）の一部を次のように改正する,supported,c4955d46982a8b4cbfe24e35c19cf948e36ddb1dba9cd569cbd7cc69f8b05331
shinjuku-2026-r1-gian-29,easy,content,OB29-E-03,区の 資料に よると【ワンルームマンション等】［わんるーむまんしょんとう］（＝この 条例の 対象に なる 建物）の 範囲を ひろげます。,https://www.city.shinjuku.lg.jp/content/000448445.pdf,fa6a5e98d5a03007d771bc34e055aa418ea9b490daa44f4bb97f6036663353d2,（提案理由）,ワンルームマンション等の範囲を拡大するとともに、ワンルームマンション等の建築及び管理に当たって実施すべき事項を追加するほか、規定を整備する必要があるため,supported,c4955d46982a8b4cbfe24e35c19cf948e36ddb1dba9cd569cbd7cc69f8b05331
shinjuku-2026-r1-gian-29,easy,content,OB29-E-04,建築と 管理で する ことも 足します。,https://www.city.shinjuku.lg.jp/content/000448445.pdf,fa6a5e98d5a03007d771bc34e055aa418ea9b490daa44f4bb97f6036663353d2,（提案理由）,ワンルームマンション等の範囲を拡大するとともに、ワンルームマンション等の建築及び管理に当たって実施すべき事項を追加するほか、規定を整備する必要があるため,supported,c4955d46982a8b4cbfe24e35c19cf948e36ddb1dba9cd569cbd7cc69f8b05331
shinjuku-2026-r1-gian-29,easy,content,OB29-E-05,ワンルームマンション等の 決め方を 変えます。,https://www.city.shinjuku.lg.jp/content/000447774.pdf,1dc3eaffcafb1b1c9e139e823182dc80dc0755624813ca87d8b274d15f5b6624,第29号議案（1）,ワンルームマンション等の定義を次のとおり改める,supported,c4955d46982a8b4cbfe24e35c19cf948e36ddb1dba9cd569cbd7cc69f8b05331
shinjuku-2026-r1-gian-29,easy,content,OB29-E-06,今の 決め方は 次の とおりです。,https://www.city.shinjuku.lg.jp/content/000447774.pdf,1dc3eaffcafb1b1c9e139e823182dc80dc0755624813ca87d8b274d15f5b6624,第29号議案（1）現行,地階を除く階数が3以上の共…同住宅等で、ワンルーム形式の…住戸を10戸以上有するもの,supported,c4955d46982a8b4cbfe24e35c19cf948e36ddb1dba9cd569cbd7cc69f8b05331
shinjuku-2026-r1-gian-29,easy,content,OB29-E-07,地階を のぞいて 3階以上の 共同住宅など,https://www.city.shinjuku.lg.jp/content/000447774.pdf,1dc3eaffcafb1b1c9e139e823182dc80dc0755624813ca87d8b274d15f5b6624,第29号議案（1）現行,地階を除く階数が3以上の共…同住宅等で、ワンルーム形式の…住戸を10戸以上有するもの,supported,c4955d46982a8b4cbfe24e35c19cf948e36ddb1dba9cd569cbd7cc69f8b05331
shinjuku-2026-r1-gian-29,easy,content,OB29-E-08,ワンルーム形式の 住戸が 10戸以上 ある もの,https://www.city.shinjuku.lg.jp/content/000447774.pdf,1dc3eaffcafb1b1c9e139e823182dc80dc0755624813ca87d8b274d15f5b6624,第29号議案（1）現行,地階を除く階数が3以上の共…同住宅等で、ワンルーム形式の…住戸を10戸以上有するもの,supported,c4955d46982a8b4cbfe24e35c19cf948e36ddb1dba9cd569cbd7cc69f8b05331
shinjuku-2026-r1-gian-29,easy,content,OB29-E-09,改正の あとは 地階を ふくめて 3階以上の 共同住宅・寮・寄宿舎・長屋です。,https://www.city.shinjuku.lg.jp/content/000448445.pdf,fa6a5e98d5a03007d771bc34e055aa418ea9b490daa44f4bb97f6036663353d2,第2条第2号,第2条第2号を次のように改める…地階を含む階数が3以上の共同住宅、寮、寄宿舎及び長屋（以下「共同住宅等」という。）であって、次のいずれかに該当するものをいう,supported,c4955d46982a8b4cbfe24e35c19cf948e36ddb1dba9cd569cbd7cc69f8b05331
shinjuku-2026-r1-gian-29,easy,content,OB29-E-10,その うえで 次の どちらかに 当てはまる ものです。,https://www.city.shinjuku.lg.jp/content/000448445.pdf,fa6a5e98d5a03007d771bc34e055aa418ea9b490daa44f4bb97f6036663353d2,第2条第2号,第2条第2号を次のように改める…地階を含む階数が3以上の共同住宅、寮、寄宿舎及び長屋（以下「共同住宅等」という。）であって、次のいずれかに該当するものをいう,supported,c4955d46982a8b4cbfe24e35c19cf948e36ddb1dba9cd569cbd7cc69f8b05331
shinjuku-2026-r1-gian-29,easy,content,OB29-E-11,ワンルーム形式の 住戸が 10戸以上 ある もの,https://www.city.shinjuku.lg.jp/content/000448445.pdf,fa6a5e98d5a03007d771bc34e055aa418ea9b490daa44f4bb97f6036663353d2,第2条第2号ア,ワンルーム形式の住戸を10戸以上有するもの,supported,c4955d46982a8b4cbfe24e35c19cf948e36ddb1dba9cd569cbd7cc69f8b05331
shinjuku-2026-r1-gian-29,easy,content,OB29-E-12,ワンルーム形式の 住戸が 全部の 住戸の 3分の1 以上 ある もの,https://www.city.shinjuku.lg.jp/content/000448445.pdf,fa6a5e98d5a03007d771bc34e055aa418ea9b490daa44f4bb97f6036663353d2,第2条第2号イ,ワンルーム形式の住戸の数が総住戸の数の3分の1に相当する数（1未満の端数があるときは、これを切り上げた数）以上であるもの（地階を含む階数が3の共同住宅等にあっては、総住戸の数が10戸未満のものを除く。）,supported,c4955d46982a8b4cbfe24e35c19cf948e36ddb1dba9cd569cbd7cc69f8b05331
shinjuku-2026-r1-gian-29,easy,content,OB29-E-13,3分の1に 端数が 出たら 切り上げます。,https://www.city.shinjuku.lg.jp/content/000448445.pdf,fa6a5e98d5a03007d771bc34e055aa418ea9b490daa44f4bb97f6036663353d2,第2条第2号イ,ワンルーム形式の住戸の数が総住戸の数の3分の1に相当する数（1未満の端数があるときは、これを切り上げた数）以上であるもの（地階を含む階数が3の共同住宅等にあっては、総住戸の数が10戸未満のものを除く。）,supported,c4955d46982a8b4cbfe24e35c19cf948e36ddb1dba9cd569cbd7cc69f8b05331
shinjuku-2026-r1-gian-29,easy,content,OB29-E-14,地階を ふくめて 3階の 場合は 住戸が 10戸未満の ものを のぞきます。,https://www.city.shinjuku.lg.jp/content/000448445.pdf,fa6a5e98d5a03007d771bc34e055aa418ea9b490daa44f4bb97f6036663353d2,第2条第2号イ,ワンルーム形式の住戸の数が総住戸の数の3分の1に相当する数（1未満の端数があるときは、これを切り上げた数）以上であるもの（地階を含む階数が3の共同住宅等にあっては、総住戸の数が10戸未満のものを除く。）,supported,c4955d46982a8b4cbfe24e35c19cf948e36ddb1dba9cd569cbd7cc69f8b05331
shinjuku-2026-r1-gian-29,easy,content,OB29-E-15,建築主は 再配達を 減らす ために 必要な 措置を 講ずる よう 努めます。,https://www.city.shinjuku.lg.jp/content/000447774.pdf,1dc3eaffcafb1b1c9e139e823182dc80dc0755624813ca87d8b274d15f5b6624,第29号議案（2）,ワンルームマンション等の建築主は、再配達の削減に関し必要な措置を講ずるよう努めなければならないこととする,supported,c4955d46982a8b4cbfe24e35c19cf948e36ddb1dba9cd569cbd7cc69f8b05331
shinjuku-2026-r1-gian-29,easy,content,OB29-E-16,措置の 中身は 規則で 決めます。,https://www.city.shinjuku.lg.jp/content/000448445.pdf,fa6a5e98d5a03007d771bc34e055aa418ea9b490daa44f4bb97f6036663353d2,第10条第2項（第5号の新設）,第10条第2項に次の1号を加える…再配達（荷受人の不在その他の事由により配達することができなかった物品を再度配達することをいう。）の削減に関し、規則で定めるところにより、必要な措置を講ずること,supported,c4955d46982a8b4cbfe24e35c19cf948e36ddb1dba9cd569cbd7cc69f8b05331
shinjuku-2026-r1-gian-29,easy,content,OB29-E-17,所有者などは 次の ような 措置を 講じなければ なりません。,https://www.city.shinjuku.lg.jp/content/000447774.pdf,1dc3eaffcafb1b1c9e139e823182dc80dc0755624813ca87d8b274d15f5b6624,第29号議案（3）,ワンルームマンション等の所有者等は、管理人のための郵便受けを設置する措置その他の管理人への申入れ、連絡等を円滑に行うことができると区長が認める措置を講じなければならないこととする,supported,c4955d46982a8b4cbfe24e35c19cf948e36ddb1dba9cd569cbd7cc69f8b05331
shinjuku-2026-r1-gian-29,easy,content,OB29-E-18,管理人の ための 郵便受けを 設置する 措置,https://www.city.shinjuku.lg.jp/content/000447774.pdf,1dc3eaffcafb1b1c9e139e823182dc80dc0755624813ca87d8b274d15f5b6624,第29号議案（3）,ワンルームマンション等の所有者等は、管理人のための郵便受けを設置する措置その他の管理人への申入れ、連絡等を円滑に行うことができると区長が認める措置を講じなければならないこととする,supported,c4955d46982a8b4cbfe24e35c19cf948e36ddb1dba9cd569cbd7cc69f8b05331
shinjuku-2026-r1-gian-29,easy,content,OB29-E-19,管理人への 連絡を 円滑に できる 措置,https://www.city.shinjuku.lg.jp/content/000448445.pdf,fa6a5e98d5a03007d771bc34e055aa418ea9b490daa44f4bb97f6036663353d2,第11条第1項,第11条第1項中「を定め」の次に「、郵便受けを設置する措置その他の当該管理人への申入れ、連絡等を円滑に行うことができると区長が認める措置を講ずるとともに」を加える,supported,c4955d46982a8b4cbfe24e35c19cf948e36ddb1dba9cd569cbd7cc69f8b05331
shinjuku-2026-r1-gian-29,easy,content,OB29-E-20,区長が 認める 措置に かぎります。,https://www.city.shinjuku.lg.jp/content/000448445.pdf,fa6a5e98d5a03007d771bc34e055aa418ea9b490daa44f4bb97f6036663353d2,第11条第1項,第11条第1項中「を定め」の次に「、郵便受けを設置する措置その他の当該管理人への申入れ、連絡等を円滑に行うことができると区長が認める措置を講ずるとともに」を加える,supported,c4955d46982a8b4cbfe24e35c19cf948e36ddb1dba9cd569cbd7cc69f8b05331
shinjuku-2026-r1-gian-29,easy,content,OB29-E-21,第2条 第3号に 計画の 通知を 加えます。,https://www.city.shinjuku.lg.jp/content/000448445.pdf,fa6a5e98d5a03007d771bc34e055aa418ea9b490daa44f4bb97f6036663353d2,第2条第3号,第2条第3号中「確認」の次に「並びに法第87条第1項において準用する法第18条第2項及び第4項の規定による計画の通知」を加える,supported,c4955d46982a8b4cbfe24e35c19cf948e36ddb1dba9cd569cbd7cc69f8b05331
shinjuku-2026-r1-gian-29,easy,content,OB29-E-22,第6条 第2項の 条例名を「中高層建築物等」に 合わせます。,https://www.city.shinjuku.lg.jp/content/000448445.pdf,fa6a5e98d5a03007d771bc34e055aa418ea9b490daa44f4bb97f6036663353d2,第6条第2項,第6条第2項中「新宿区中高層建築物の建築に係る紛争の予防と調整に関する条例」を「新宿区中高層建築物等の建築に係る紛争の予防と調整に関する条例」に改める,supported,c4955d46982a8b4cbfe24e35c19cf948e36ddb1dba9cd569cbd7cc69f8b05331
shinjuku-2026-r1-gian-29,easy,content,OB29-E-23,2026年（令和8年）10月1日（木）から 始まります。,https://www.city.shinjuku.lg.jp/content/000448445.pdf,fa6a5e98d5a03007d771bc34e055aa418ea9b490daa44f4bb97f6036663353d2,附則（施行期日）,この条例は、令和8年10月1日から施行する,supported,c4955d46982a8b4cbfe24e35c19cf948e36ddb1dba9cd569cbd7cc69f8b05331
shinjuku-2026-r1-gian-29,easy,content,OB29-E-24,この 日より 前に 標識の 設置を 始める 建物は 別です。,https://www.city.shinjuku.lg.jp/content/000448445.pdf,fa6a5e98d5a03007d771bc34e055aa418ea9b490daa44f4bb97f6036663353d2,附則（経過措置）,この条例による改正後の新宿区ワンルームマンション等の建築及び管理に関する条例の規定は、この条例の施行の日以後に標識の設置を開始すべきワンルームマンション等について適用し、同日前に標識の設置を開始すべきこととなるワンルームマンション等については、なお従前の例による,supported,c4955d46982a8b4cbfe24e35c19cf948e36ddb1dba9cd569cbd7cc69f8b05331
shinjuku-2026-r1-gian-29,easy,content,OB29-E-25,その 建物は これまでの 決まりの ままです。,https://www.city.shinjuku.lg.jp/content/000448445.pdf,fa6a5e98d5a03007d771bc34e055aa418ea9b490daa44f4bb97f6036663353d2,附則（経過措置）,この条例による改正後の新宿区ワンルームマンション等の建築及び管理に関する条例の規定は、この条例の施行の日以後に標識の設置を開始すべきワンルームマンション等について適用し、同日前に標識の設置を開始すべきこととなるワンルームマンション等については、なお従前の例による,supported,c4955d46982a8b4cbfe24e35c19cf948e36ddb1dba9cd569cbd7cc69f8b05331
shinjuku-2026-r1-gian-29,easy,content,OB29-E-26,【原案可決】［げんあんかけつ］（＝出した 通りの 内容で 決まること）です。,https://www.city.shinjuku.lg.jp/kusei/soumu01_002090_00015.html,7c2b6f68db1b433b860b35d176b4dd9211e78582ec9de718fcfefe68b22d896a,審議状況（議決結果ページ）,第29号議案新宿区ワンルームマンション等の建築及び管理に関する条例の一部を改正する条例原案可決,supported,c4955d46982a8b4cbfe24e35c19cf948e36ddb1dba9cd569cbd7cc69f8b05331
shinjuku-2026-r1-gian-29,easy,content,OB29-E-27,2026年（令和8年）の 第1回定例会で 決まりました。,https://www.city.shinjuku.lg.jp/content/000452334.pdf,22ba4f49b18c96bd1fa26241606257c05477f38e25ac46d6f8e4f416a2cedbf2,審議状況（会期）,令和８年第１回定例会…２月１７日～３月２４日,supported,c4955d46982a8b4cbfe24e35c19cf948e36ddb1dba9cd569cbd7cc69f8b05331
shinjuku-2026-r1-gian-29,easy,content,OB29-E-28,会期は 2026年2月17日（火）から 3月24日（火）まででした。,https://www.city.shinjuku.lg.jp/content/000452334.pdf,22ba4f49b18c96bd1fa26241606257c05477f38e25ac46d6f8e4f416a2cedbf2,審議状況（会期）,令和８年第１回定例会…２月１７日～３月２４日,supported,c4955d46982a8b4cbfe24e35c19cf948e36ddb1dba9cd569cbd7cc69f8b05331
shinjuku-2026-r1-gian-29,easy,content,OB29-E-29,本会議で 決まった 日は 3月24日（火）です。,https://ssp.kaigiroku.net/tenant/shinjuku/MinuteView.html?council_id=3163&schedule_id=5&minute_id=1,bd058d36962b45d8d965e4625bb95ecd661a102a026175213f37ba9eb575424a,審議状況（本会議 3月24日 議長）,令和８年第１回定例会会議録（第４日）第４号令和８年３月２４日（火曜日）,supported,c4955d46982a8b4cbfe24e35c19cf948e36ddb1dba9cd569cbd7cc69f8b05331
shinjuku-2026-r1-gian-29,easy,content,OB29-E-30,ほかの 議案と まとめて 議題に なりました。,https://ssp.kaigiroku.net/tenant/shinjuku/MinuteView.html?council_id=3163&schedule_id=5&minute_id=42,78d3acb86854b2a4bc9466207a60576ca68f1c71da42fb097c6101c02e08bb29,審議状況（本会議 3月24日 議長）,日程第15から日程第21までを一括議題とします,supported,c4955d46982a8b4cbfe24e35c19cf948e36ddb1dba9cd569cbd7cc69f8b05331
shinjuku-2026-r1-gian-29,easy,content,OB29-E-31,環境建設委員会の 審査報告書は 可決でした。,https://ssp.kaigiroku.net/tenant/shinjuku/MinuteView.html?council_id=3163&schedule_id=5&minute_id=50,315b6d8358728f38ebe14b658491fdda972f57c9899a0a3184c84579e8c8b62c,審議状況（本会議 3月24日 議長）,環境建設委員会審査報告書は、可決です,supported,c4955d46982a8b4cbfe24e35c19cf948e36ddb1dba9cd569cbd7cc69f8b05331
shinjuku-2026-r1-gian-29,easy,content,OB29-E-32,議長が 異議が ないか たずねました。,https://ssp.kaigiroku.net/tenant/shinjuku/MinuteView.html?council_id=3163&schedule_id=5&minute_id=50,315b6d8358728f38ebe14b658491fdda972f57c9899a0a3184c84579e8c8b62c,審議状況（本会議 3月24日 議長）,環境建設委員会審査報告書は、可決です,supported,c4955d46982a8b4cbfe24e35c19cf948e36ddb1dba9cd569cbd7cc69f8b05331
shinjuku-2026-r1-gian-29,easy,content,OB29-E-33,異議なしと 認められて 可決しました。,https://ssp.kaigiroku.net/tenant/shinjuku/MinuteView.html?council_id=3163&schedule_id=5&minute_id=51,970914f9ce4a28e423e8480a3d4ce175afafafeebd92448698df42d97cb2ec1d,審議状況（本会議 3月24日 議長）,異議なしと認めます…本案は、いずれも委員会審査報告のとおり可決されました,supported,c4955d46982a8b4cbfe24e35c19cf948e36ddb1dba9cd569cbd7cc69f8b05331
shinjuku-2026-r1-gian-29,easy,content,OB29-E-34,賛成したのは ８つの 会派 すべてです。,https://www.city.shinjuku.lg.jp/content/000452334.pdf,22ba4f49b18c96bd1fa26241606257c05477f38e25ac46d6f8e4f416a2cedbf2,審議状況（議案の概要と審議結果の採決結果行）,連絡等を円滑に行う○○○○○○○○可決,supported,c4955d46982a8b4cbfe24e35c19cf948e36ddb1dba9cd569cbd7cc69f8b05331
shinjuku-2026-r1-gian-29,normal,title,OB29-NT-01,見出し: ワンルームマンション等の定義の拡大と、建築・管理で実施すべき事項の追加,https://www.city.shinjuku.lg.jp/content/000448445.pdf,fa6a5e98d5a03007d771bc34e055aa418ea9b490daa44f4bb97f6036663353d2,（提案理由）,ワンルームマンション等の範囲を拡大するとともに、ワンルームマンション等の建築及び管理に当たって実施すべき事項を追加するほか、規定を整備する必要があるため,supported,2a07bb63b78e977152c8e83257f051d4eab46e5eae64ba639906896477dca5f6
shinjuku-2026-r1-gian-29,normal,summary,OB29-NS-01,要約: ワンルームマンション等の範囲を拡大するとともに、建築及び管理に当たって実施すべき事項を追加する条例改正です。,https://www.city.shinjuku.lg.jp/content/000448445.pdf,fa6a5e98d5a03007d771bc34e055aa418ea9b490daa44f4bb97f6036663353d2,（提案理由）,ワンルームマンション等の範囲を拡大するとともに、ワンルームマンション等の建築及び管理に当たって実施すべき事項を追加するほか、規定を整備する必要があるため,supported,2a07bb63b78e977152c8e83257f051d4eab46e5eae64ba639906896477dca5f6
shinjuku-2026-r1-gian-29,normal,summary,OB29-NS-02,要約: 施行日は令和8年10月1日です。,https://www.city.shinjuku.lg.jp/content/000448445.pdf,fa6a5e98d5a03007d771bc34e055aa418ea9b490daa44f4bb97f6036663353d2,附則（施行期日）,この条例は、令和8年10月1日から施行する,supported,2a07bb63b78e977152c8e83257f051d4eab46e5eae64ba639906896477dca5f6
shinjuku-2026-r1-gian-29,normal,content,OB29-N-01,新宿区ワンルームマンション等の建築及び管理に関する条例（平成15年新宿区条例第72号）の改正です。,https://www.city.shinjuku.lg.jp/content/000448445.pdf,fa6a5e98d5a03007d771bc34e055aa418ea9b490daa44f4bb97f6036663353d2,改め文,新宿区ワンルームマンション等の建築及び管理に関する条例（平成15年新宿区条例第72号）の一部を次のように改正する,supported,2a07bb63b78e977152c8e83257f051d4eab46e5eae64ba639906896477dca5f6
shinjuku-2026-r1-gian-29,normal,content,OB29-N-02,ワンルームマンション等の範囲を拡大するとともに、建築及び管理に当たって実施すべき事項を追加する内容です。,https://www.city.shinjuku.lg.jp/content/000448445.pdf,fa6a5e98d5a03007d771bc34e055aa418ea9b490daa44f4bb97f6036663353d2,（提案理由）,ワンルームマンション等の範囲を拡大するとともに、ワンルームマンション等の建築及び管理に当たって実施すべき事項を追加するほか、規定を整備する必要があるため,supported,2a07bb63b78e977152c8e83257f051d4eab46e5eae64ba639906896477dca5f6
shinjuku-2026-r1-gian-29,normal,content,OB29-N-03,ワンルームマンション等の定義を次のとおり改める。,https://www.city.shinjuku.lg.jp/content/000447774.pdf,1dc3eaffcafb1b1c9e139e823182dc80dc0755624813ca87d8b274d15f5b6624,第29号議案（1）,ワンルームマンション等の定義を次のとおり改める,supported,2a07bb63b78e977152c8e83257f051d4eab46e5eae64ba639906896477dca5f6
shinjuku-2026-r1-gian-29,normal,content,OB29-N-04,ワンルームマンション等の建築主は、再配達の削減に関し必要な措置を講ずるよう努めなければならないこととする。,https://www.city.shinjuku.lg.jp/content/000447774.pdf,1dc3eaffcafb1b1c9e139e823182dc80dc0755624813ca87d8b274d15f5b6624,第29号議案（2）,ワンルームマンション等の建築主は、再配達の削減に関し必要な措置を講ずるよう努めなければならないこととする,supported,2a07bb63b78e977152c8e83257f051d4eab46e5eae64ba639906896477dca5f6
shinjuku-2026-r1-gian-29,normal,content,OB29-N-05,ワンルームマンション等の所有者等は、管理人のための郵便受けを設置する措置その他の管理人への申入れ、連絡等を円滑に行うことができると区長が認める措置を講じなければならないこととする。,https://www.city.shinjuku.lg.jp/content/000447774.pdf,1dc3eaffcafb1b1c9e139e823182dc80dc0755624813ca87d8b274d15f5b6624,第29号議案（3）,ワンルームマンション等の所有者等は、管理人のための郵便受けを設置する措置その他の管理人への申入れ、連絡等を円滑に行うことができると区長が認める措置を講じなければならないこととする,supported,2a07bb63b78e977152c8e83257f051d4eab46e5eae64ba639906896477dca5f6
shinjuku-2026-r1-gian-29,normal,content,OB29-N-06,議案本文の提案理由は、ワンルームマンション等の範囲を拡大するとともに、建築及び管理に当たって実施すべき事項を追加するほか、規定を整備する必要があるため、としています。,https://www.city.shinjuku.lg.jp/content/000448445.pdf,fa6a5e98d5a03007d771bc34e055aa418ea9b490daa44f4bb97f6036663353d2,（提案理由）,ワンルームマンション等の範囲を拡大するとともに、ワンルームマンション等の建築及び管理に当たって実施すべき事項を追加するほか、規定を整備する必要があるため,supported,2a07bb63b78e977152c8e83257f051d4eab46e5eae64ba639906896477dca5f6
shinjuku-2026-r1-gian-29,normal,content,OB29-N-07,第2条第2号: ワンルームマンション等の定義を、地階を含む階数が3以上の共同住宅、寮、寄宿舎及び長屋（共同住宅等）であって、次のいずれかに該当するものに改めます。,https://www.city.shinjuku.lg.jp/content/000448445.pdf,fa6a5e98d5a03007d771bc34e055aa418ea9b490daa44f4bb97f6036663353d2,第2条第2号,第2条第2号を次のように改める…地階を含む階数が3以上の共同住宅、寮、寄宿舎及び長屋（以下「共同住宅等」という。）であって、次のいずれかに該当するものをいう,supported,2a07bb63b78e977152c8e83257f051d4eab46e5eae64ba639906896477dca5f6
shinjuku-2026-r1-gian-29,normal,content,OB29-N-08,ワンルーム形式の住戸を10戸以上有するもの,https://www.city.shinjuku.lg.jp/content/000448445.pdf,fa6a5e98d5a03007d771bc34e055aa418ea9b490daa44f4bb97f6036663353d2,第2条第2号ア,ワンルーム形式の住戸を10戸以上有するもの,supported,2a07bb63b78e977152c8e83257f051d4eab46e5eae64ba639906896477dca5f6
shinjuku-2026-r1-gian-29,normal,content,OB29-N-09,ワンルーム形式の住戸の数が総住戸の数の3分の1に相当する数（1未満の端数は切り上げ）以上であるもの（地階を含む階数が3の共同住宅等にあっては、総住戸の数が10戸未満のものを除く）,https://www.city.shinjuku.lg.jp/content/000448445.pdf,fa6a5e98d5a03007d771bc34e055aa418ea9b490daa44f4bb97f6036663353d2,第2条第2号イ,ワンルーム形式の住戸の数が総住戸の数の3分の1に相当する数（1未満の端数があるときは、これを切り上げた数）以上であるもの（地階を含む階数が3の共同住宅等にあっては、総住戸の数が10戸未満のものを除く。）,supported,2a07bb63b78e977152c8e83257f051d4eab46e5eae64ba639906896477dca5f6
shinjuku-2026-r1-gian-29,normal,content,OB29-N-10,区の概要資料は、現行の定義を「地階を除く階数が3以上の共同住宅等で、ワンルーム形式の住戸を10戸以上有するもの」と記載しています。,https://www.city.shinjuku.lg.jp/content/000447774.pdf,1dc3eaffcafb1b1c9e139e823182dc80dc0755624813ca87d8b274d15f5b6624,第29号議案（1）現行,地階を除く階数が3以上の共…同住宅等で、ワンルーム形式の…住戸を10戸以上有するもの,supported,2a07bb63b78e977152c8e83257f051d4eab46e5eae64ba639906896477dca5f6
shinjuku-2026-r1-gian-29,normal,content,OB29-N-11,第2条第3号: 「確認」の次に、建築基準法第87条第1項において準用する同法第18条第2項及び第4項の規定による計画の通知を加えます。,https://www.city.shinjuku.lg.jp/content/000448445.pdf,fa6a5e98d5a03007d771bc34e055aa418ea9b490daa44f4bb97f6036663353d2,第2条第3号,第2条第3号中「確認」の次に「並びに法第87条第1項において準用する法第18条第2項及び第4項の規定による計画の通知」を加える,supported,2a07bb63b78e977152c8e83257f051d4eab46e5eae64ba639906896477dca5f6
shinjuku-2026-r1-gian-29,normal,content,OB29-N-12,第6条第2項: 引用する条例名を「新宿区中高層建築物等の建築に係る紛争の予防と調整に関する条例」に改めます。,https://www.city.shinjuku.lg.jp/content/000448445.pdf,fa6a5e98d5a03007d771bc34e055aa418ea9b490daa44f4bb97f6036663353d2,第6条第2項,第6条第2項中「新宿区中高層建築物の建築に係る紛争の予防と調整に関する条例」を「新宿区中高層建築物等の建築に係る紛争の予防と調整に関する条例」に改める,supported,2a07bb63b78e977152c8e83257f051d4eab46e5eae64ba639906896477dca5f6
shinjuku-2026-r1-gian-29,normal,content,OB29-N-13,第10条第2項に第5号を加え、再配達の削減に関し、規則で定めるところにより、必要な措置を講ずることを加えます。,https://www.city.shinjuku.lg.jp/content/000448445.pdf,fa6a5e98d5a03007d771bc34e055aa418ea9b490daa44f4bb97f6036663353d2,第10条第2項（第5号の新設）,第10条第2項に次の1号を加える…再配達（荷受人の不在その他の事由により配達することができなかった物品を再度配達することをいう。）の削減に関し、規則で定めるところにより、必要な措置を講ずること,supported,2a07bb63b78e977152c8e83257f051d4eab46e5eae64ba639906896477dca5f6
shinjuku-2026-r1-gian-29,normal,content,OB29-N-14,第11条第1項: 管理人を定めることに加え、郵便受けを設置する措置その他の管理人への申入れ、連絡等を円滑に行うことができると区長が認める措置を講ずることを加えます。,https://www.city.shinjuku.lg.jp/content/000448445.pdf,fa6a5e98d5a03007d771bc34e055aa418ea9b490daa44f4bb97f6036663353d2,第11条第1項,第11条第1項中「を定め」の次に「、郵便受けを設置する措置その他の当該管理人への申入れ、連絡等を円滑に行うことができると区長が認める措置を講ずるとともに」を加える,supported,2a07bb63b78e977152c8e83257f051d4eab46e5eae64ba639906896477dca5f6
shinjuku-2026-r1-gian-29,normal,content,OB29-N-15,令和8年10月1日から施行されます。,https://www.city.shinjuku.lg.jp/content/000448445.pdf,fa6a5e98d5a03007d771bc34e055aa418ea9b490daa44f4bb97f6036663353d2,附則（施行期日）,この条例は、令和8年10月1日から施行する,supported,2a07bb63b78e977152c8e83257f051d4eab46e5eae64ba639906896477dca5f6
shinjuku-2026-r1-gian-29,normal,content,OB29-N-16,改正後の規定は、施行日以後に標識の設置を開始すべきワンルームマンション等に適用されます。,https://www.city.shinjuku.lg.jp/content/000448445.pdf,fa6a5e98d5a03007d771bc34e055aa418ea9b490daa44f4bb97f6036663353d2,附則（経過措置）,この条例による改正後の新宿区ワンルームマンション等の建築及び管理に関する条例の規定は、この条例の施行の日以後に標識の設置を開始すべきワンルームマンション等について適用し、同日前に標識の設置を開始すべきこととなるワンルームマンション等については、なお従前の例による,supported,2a07bb63b78e977152c8e83257f051d4eab46e5eae64ba639906896477dca5f6
shinjuku-2026-r1-gian-29,normal,content,OB29-N-17,施行日前に標識の設置を開始すべきこととなるワンルームマンション等については、なお従前の例によります。,https://www.city.shinjuku.lg.jp/content/000448445.pdf,fa6a5e98d5a03007d771bc34e055aa418ea9b490daa44f4bb97f6036663353d2,附則（経過措置）,この条例による改正後の新宿区ワンルームマンション等の建築及び管理に関する条例の規定は、この条例の施行の日以後に標識の設置を開始すべきワンルームマンション等について適用し、同日前に標識の設置を開始すべきこととなるワンルームマンション等については、なお従前の例による,supported,2a07bb63b78e977152c8e83257f051d4eab46e5eae64ba639906896477dca5f6
shinjuku-2026-r1-gian-29,normal,content,OB29-N-18,令和8年第1回定例会（会期は2月17日から3月24日まで）で審議されました。,https://www.city.shinjuku.lg.jp/content/000452334.pdf,22ba4f49b18c96bd1fa26241606257c05477f38e25ac46d6f8e4f416a2cedbf2,審議状況（会期）,令和８年第１回定例会…２月１７日～３月２４日,supported,2a07bb63b78e977152c8e83257f051d4eab46e5eae64ba639906896477dca5f6
shinjuku-2026-r1-gian-29,normal,content,OB29-N-19,本会議は第4日にあたる3月24日（火曜日）でした。,https://ssp.kaigiroku.net/tenant/shinjuku/MinuteView.html?council_id=3163&schedule_id=5&minute_id=1,bd058d36962b45d8d965e4625bb95ecd661a102a026175213f37ba9eb575424a,審議状況（本会議 3月24日 議長）,令和８年第１回定例会会議録（第４日）第４号令和８年３月２４日（火曜日）,supported,2a07bb63b78e977152c8e83257f051d4eab46e5eae64ba639906896477dca5f6
shinjuku-2026-r1-gian-29,normal,content,OB29-N-20,日程第15から日程第21までの議案とあわせて、一括して議題となりました。,https://ssp.kaigiroku.net/tenant/shinjuku/MinuteView.html?council_id=3163&schedule_id=5&minute_id=42,78d3acb86854b2a4bc9466207a60576ca68f1c71da42fb097c6101c02e08bb29,審議状況（本会議 3月24日 議長）,日程第15から日程第21までを一括議題とします,supported,2a07bb63b78e977152c8e83257f051d4eab46e5eae64ba639906896477dca5f6
shinjuku-2026-r1-gian-29,normal,content,OB29-N-21,環境建設委員会の審査報告書は「可決」でした。,https://ssp.kaigiroku.net/tenant/shinjuku/MinuteView.html?council_id=3163&schedule_id=5&minute_id=50,315b6d8358728f38ebe14b658491fdda972f57c9899a0a3184c84579e8c8b62c,審議状況（本会議 3月24日 議長）,環境建設委員会審査報告書は、可決です,supported,2a07bb63b78e977152c8e83257f051d4eab46e5eae64ba639906896477dca5f6
shinjuku-2026-r1-gian-29,normal,content,OB29-N-22,本会議は、異議なしと認めて、委員会審査報告のとおり可決しました。,https://ssp.kaigiroku.net/tenant/shinjuku/MinuteView.html?council_id=3163&schedule_id=5&minute_id=51,970914f9ce4a28e423e8480a3d4ce175afafafeebd92448698df42d97cb2ec1d,審議状況（本会議 3月24日 議長）,異議なしと認めます…本案は、いずれも委員会審査報告のとおり可決されました,supported,2a07bb63b78e977152c8e83257f051d4eab46e5eae64ba639906896477dca5f6
shinjuku-2026-r1-gian-29,normal,content,OB29-N-23,議決結果ページの記載は「原案可決」です。,https://www.city.shinjuku.lg.jp/kusei/soumu01_002090_00015.html,7c2b6f68db1b433b860b35d176b4dd9211e78582ec9de718fcfefe68b22d896a,審議状況（議決結果ページ）,第29号議案新宿区ワンルームマンション等の建築及び管理に関する条例の一部を改正する条例原案可決,supported,2a07bb63b78e977152c8e83257f051d4eab46e5eae64ba639906896477dca5f6
shinjuku-2026-r1-gian-29,normal,content,OB29-N-24,「議案の概要と審議結果」の採決結果行では、8会派すべてが賛成（○）でした。,https://www.city.shinjuku.lg.jp/content/000452334.pdf,22ba4f49b18c96bd1fa26241606257c05477f38e25ac46d6f8e4f416a2cedbf2,審議状況（議案の概要と審議結果の採決結果行）,連絡等を円滑に行う○○○○○○○○可決,supported,2a07bb63b78e977152c8e83257f051d4eab46e5eae64ba639906896477dca5f6
shinjuku-2026-r1-gian-29,hard,title,OB29-HT-01,見出し: 第29号議案 新宿区ワンルームマンション等の建築及び管理に関する条例の一部を改正する条例,https://www.city.shinjuku.lg.jp/content/000448445.pdf,fa6a5e98d5a03007d771bc34e055aa418ea9b490daa44f4bb97f6036663353d2,件名,新宿区ワンルームマンション等の建築及び管理に関する条例の一部を改正する条例,supported,f8815bb00a350645c0dff244d04e5982e5f1a11c8f85ef6a5e708f6bf512aa5f
shinjuku-2026-r1-gian-29,hard,summary,OB29-HS-01,要約: 平成15年新宿区条例第72号について、第2条第2号のワンルームマンション等の定義を改める。,https://www.city.shinjuku.lg.jp/content/000448445.pdf,fa6a5e98d5a03007d771bc34e055aa418ea9b490daa44f4bb97f6036663353d2,第2条第2号,第2条第2号を次のように改める…地階を含む階数が3以上の共同住宅、寮、寄宿舎及び長屋（以下「共同住宅等」という。）であって、次のいずれかに該当するものをいう,supported,f8815bb00a350645c0dff244d04e5982e5f1a11c8f85ef6a5e708f6bf512aa5f
shinjuku-2026-r1-gian-29,hard,summary,OB29-HS-02,要約: 第10条第2項に、再配達の削減に関する措置を加える。,https://www.city.shinjuku.lg.jp/content/000448445.pdf,fa6a5e98d5a03007d771bc34e055aa418ea9b490daa44f4bb97f6036663353d2,第10条第2項（第5号の新設）,第10条第2項に次の1号を加える…再配達（荷受人の不在その他の事由により配達することができなかった物品を再度配達することをいう。）の削減に関し、規則で定めるところにより、必要な措置を講ずること,supported,f8815bb00a350645c0dff244d04e5982e5f1a11c8f85ef6a5e708f6bf512aa5f
shinjuku-2026-r1-gian-29,hard,summary,OB29-HS-03,要約: 第11条第1項に、管理人への申入れ、連絡等を円滑に行うことができる措置を加える。,https://www.city.shinjuku.lg.jp/content/000448445.pdf,fa6a5e98d5a03007d771bc34e055aa418ea9b490daa44f4bb97f6036663353d2,第11条第1項,第11条第1項中「を定め」の次に「、郵便受けを設置する措置その他の当該管理人への申入れ、連絡等を円滑に行うことができると区長が認める措置を講ずるとともに」を加える,supported,f8815bb00a350645c0dff244d04e5982e5f1a11c8f85ef6a5e708f6bf512aa5f
shinjuku-2026-r1-gian-29,hard,summary,OB29-HS-04,要約: 施行日は令和8年10月1日。,https://www.city.shinjuku.lg.jp/content/000448445.pdf,fa6a5e98d5a03007d771bc34e055aa418ea9b490daa44f4bb97f6036663353d2,附則（施行期日）,この条例は、令和8年10月1日から施行する,supported,f8815bb00a350645c0dff244d04e5982e5f1a11c8f85ef6a5e708f6bf512aa5f
shinjuku-2026-r1-gian-29,hard,content,OB29-H-01,提出日: 令和8年2月17日,https://www.city.shinjuku.lg.jp/content/000448445.pdf,fa6a5e98d5a03007d771bc34e055aa418ea9b490daa44f4bb97f6036663353d2,提出日・提出者,令和８年２月１７日…新宿区長…吉住…健一,supported,f8815bb00a350645c0dff244d04e5982e5f1a11c8f85ef6a5e708f6bf512aa5f
shinjuku-2026-r1-gian-29,hard,content,OB29-H-02,提出者: 新宿区長 吉住健一,https://www.city.shinjuku.lg.jp/content/000448445.pdf,fa6a5e98d5a03007d771bc34e055aa418ea9b490daa44f4bb97f6036663353d2,提出日・提出者,令和８年２月１７日…新宿区長…吉住…健一,supported,f8815bb00a350645c0dff244d04e5982e5f1a11c8f85ef6a5e708f6bf512aa5f
shinjuku-2026-r1-gian-29,hard,content,OB29-H-03,対象条例: 新宿区ワンルームマンション等の建築及び管理に関する条例（平成15年新宿区条例第72号）,https://www.city.shinjuku.lg.jp/content/000448445.pdf,fa6a5e98d5a03007d771bc34e055aa418ea9b490daa44f4bb97f6036663353d2,件名,新宿区ワンルームマンション等の建築及び管理に関する条例の一部を改正する条例,supported,f8815bb00a350645c0dff244d04e5982e5f1a11c8f85ef6a5e708f6bf512aa5f
shinjuku-2026-r1-gian-29,hard,content,OB29-H-04,議決: 原案可決（議決結果ページの記載）,https://www.city.shinjuku.lg.jp/kusei/soumu01_002090_00015.html,7c2b6f68db1b433b860b35d176b4dd9211e78582ec9de718fcfefe68b22d896a,審議状況（議決結果ページ）,第29号議案新宿区ワンルームマンション等の建築及び管理に関する条例の一部を改正する条例原案可決,supported,f8815bb00a350645c0dff244d04e5982e5f1a11c8f85ef6a5e708f6bf512aa5f
shinjuku-2026-r1-gian-29,hard,content,OB29-H-05,本会議: 令和8年3月24日（火曜日）、会議録 第4日第4号,https://ssp.kaigiroku.net/tenant/shinjuku/MinuteView.html?council_id=3163&schedule_id=5&minute_id=1,bd058d36962b45d8d965e4625bb95ecd661a102a026175213f37ba9eb575424a,審議状況（本会議 3月24日 議長）,令和８年第１回定例会会議録（第４日）第４号令和８年３月２４日（火曜日）,supported,f8815bb00a350645c0dff244d04e5982e5f1a11c8f85ef6a5e708f6bf512aa5f
shinjuku-2026-r1-gian-29,hard,content,OB29-H-06,議題: 日程第15から日程第21までを一括して議題とした,https://ssp.kaigiroku.net/tenant/shinjuku/MinuteView.html?council_id=3163&schedule_id=5&minute_id=42,78d3acb86854b2a4bc9466207a60576ca68f1c71da42fb097c6101c02e08bb29,審議状況（本会議 3月24日 議長）,日程第15から日程第21までを一括議題とします,supported,f8815bb00a350645c0dff244d04e5982e5f1a11c8f85ef6a5e708f6bf512aa5f
shinjuku-2026-r1-gian-29,hard,content,OB29-H-07,会議録: 第29号議案の議題朗読が記載されている,https://ssp.kaigiroku.net/tenant/shinjuku/MinuteView.html?council_id=3163&schedule_id=5&minute_id=47,c341891b8c4b29dea471aed45d882a670000aef8b6b2902a7cd600b4d35f2b96,審議状況（本会議 3月24日 議長）,第29号議案新宿区ワンルームマンション等の建築及び管理に関する条例の一部を改正する条例,supported,f8815bb00a350645c0dff244d04e5982e5f1a11c8f85ef6a5e708f6bf512aa5f
shinjuku-2026-r1-gian-29,hard,content,OB29-H-08,委員会審査報告: 環境建設委員会の審査報告書は可決,https://ssp.kaigiroku.net/tenant/shinjuku/MinuteView.html?council_id=3163&schedule_id=5&minute_id=50,315b6d8358728f38ebe14b658491fdda972f57c9899a0a3184c84579e8c8b62c,審議状況（本会議 3月24日 議長）,環境建設委員会審査報告書は、可決です,supported,f8815bb00a350645c0dff244d04e5982e5f1a11c8f85ef6a5e708f6bf512aa5f
shinjuku-2026-r1-gian-29,hard,content,OB29-H-09,採決方法: 異議なし,https://ssp.kaigiroku.net/tenant/shinjuku/MinuteView.html?council_id=3163&schedule_id=5&minute_id=51,970914f9ce4a28e423e8480a3d4ce175afafafeebd92448698df42d97cb2ec1d,審議状況（本会議 3月24日 議長）,異議なしと認めます…本案は、いずれも委員会審査報告のとおり可決されました,supported,f8815bb00a350645c0dff244d04e5982e5f1a11c8f85ef6a5e708f6bf512aa5f
shinjuku-2026-r1-gian-29,hard,content,OB29-H-10,会派別の賛否: 全8会派が賛成（採決結果行は ○○○○○○○○）,https://www.city.shinjuku.lg.jp/content/000452334.pdf,22ba4f49b18c96bd1fa26241606257c05477f38e25ac46d6f8e4f416a2cedbf2,審議状況（議案の概要と審議結果の採決結果行）,連絡等を円滑に行う○○○○○○○○可決,supported,f8815bb00a350645c0dff244d04e5982e5f1a11c8f85ef6a5e708f6bf512aa5f
shinjuku-2026-r1-gian-29,hard,content,OB29-H-11,会派: 自民・参政クラブ、新宿区議会公明党、日本共産党新宿区議会議員団、新宿未来の会、立憲民主党・無所属クラブ、日本維新の会・新宿区議団、現役世代に優しい新宿・減税の会、れいわ新選組 新宿,https://www.city.shinjuku.lg.jp/content/000452334.pdf,22ba4f49b18c96bd1fa26241606257c05477f38e25ac46d6f8e4f416a2cedbf2,会派略称・列の並び,共産＝日本共産党新宿区議会議員団…れいわ＝れいわ新選組 新宿…自参ク＝自民・参政クラブ…公明＝新宿区議会公明党…新宿会＝新宿未来の会…民無ク＝立憲民主党・無所属クラブ…維新＝日本維新の会・新宿区議団…現役＝現役世代に優しい新宿・減税の会,supported,f8815bb00a350645c0dff244d04e5982e5f1a11c8f85ef6a5e708f6bf512aa5f
shinjuku-2026-r1-gian-29,hard,content,OB29-H-12,ワンルームマンション等の範囲を拡大するとともに、ワンルームマンション等の建築及び管理に当たって実施すべき事項を追加するほか、規定を整備する必要があるため,https://www.city.shinjuku.lg.jp/content/000448445.pdf,fa6a5e98d5a03007d771bc34e055aa418ea9b490daa44f4bb97f6036663353d2,（提案理由）,ワンルームマンション等の範囲を拡大するとともに、ワンルームマンション等の建築及び管理に当たって実施すべき事項を追加するほか、規定を整備する必要があるため,supported,f8815bb00a350645c0dff244d04e5982e5f1a11c8f85ef6a5e708f6bf512aa5f
shinjuku-2026-r1-gian-29,hard,content,OB29-H-13,第2条第2号（ワンルームマンション等） / 地階を含む階数が3以上の共同住宅、寮、寄宿舎及び長屋（以下「共同住宅等」という。）であって、次のいずれかに該当するものをいう,https://www.city.shinjuku.lg.jp/content/000448445.pdf,fa6a5e98d5a03007d771bc34e055aa418ea9b490daa44f4bb97f6036663353d2,第2条第2号,第2条第2号を次のように改める…地階を含む階数が3以上の共同住宅、寮、寄宿舎及び長屋（以下「共同住宅等」という。）であって、次のいずれかに該当するものをいう,supported,f8815bb00a350645c0dff244d04e5982e5f1a11c8f85ef6a5e708f6bf512aa5f
shinjuku-2026-r1-gian-29,hard,content,OB29-H-14,第2条第2号ア / ワンルーム形式の住戸を10戸以上有するもの,https://www.city.shinjuku.lg.jp/content/000448445.pdf,fa6a5e98d5a03007d771bc34e055aa418ea9b490daa44f4bb97f6036663353d2,第2条第2号ア,ワンルーム形式の住戸を10戸以上有するもの,supported,f8815bb00a350645c0dff244d04e5982e5f1a11c8f85ef6a5e708f6bf512aa5f
shinjuku-2026-r1-gian-29,hard,content,OB29-H-15,第2条第2号イ / ワンルーム形式の住戸の数が総住戸の数の3分の1に相当する数（1未満の端数があるときは、これを切り上げた数）以上であるもの（地階を含む階数が3の共同住宅等にあっては、総住戸の数が10戸未満のものを除く。）,https://www.city.shinjuku.lg.jp/content/000448445.pdf,fa6a5e98d5a03007d771bc34e055aa418ea9b490daa44f4bb97f6036663353d2,第2条第2号イ,ワンルーム形式の住戸の数が総住戸の数の3分の1に相当する数（1未満の端数があるときは、これを切り上げた数）以上であるもの（地階を含む階数が3の共同住宅等にあっては、総住戸の数が10戸未満のものを除く。）,supported,f8815bb00a350645c0dff244d04e5982e5f1a11c8f85ef6a5e708f6bf512aa5f
shinjuku-2026-r1-gian-29,hard,content,OB29-H-16,第2条第3号 / 「確認」の次に「並びに法第87条第1項において準用する法第18条第2項及び第4項の規定による計画の通知」を加える,https://www.city.shinjuku.lg.jp/content/000448445.pdf,fa6a5e98d5a03007d771bc34e055aa418ea9b490daa44f4bb97f6036663353d2,第2条第3号,第2条第3号中「確認」の次に「並びに法第87条第1項において準用する法第18条第2項及び第4項の規定による計画の通知」を加える,supported,f8815bb00a350645c0dff244d04e5982e5f1a11c8f85ef6a5e708f6bf512aa5f
shinjuku-2026-r1-gian-29,hard,content,OB29-H-17,第6条第2項 / 「新宿区中高層建築物の建築に係る紛争の予防と調整に関する条例」を「新宿区中高層建築物等の建築に係る紛争の予防と調整に関する条例」に改める,https://www.city.shinjuku.lg.jp/content/000448445.pdf,fa6a5e98d5a03007d771bc34e055aa418ea9b490daa44f4bb97f6036663353d2,第6条第2項,第6条第2項中「新宿区中高層建築物の建築に係る紛争の予防と調整に関する条例」を「新宿区中高層建築物等の建築に係る紛争の予防と調整に関する条例」に改める,supported,f8815bb00a350645c0dff244d04e5982e5f1a11c8f85ef6a5e708f6bf512aa5f
shinjuku-2026-r1-gian-29,hard,content,OB29-H-18,第10条第2項（第5号を新設） / 再配達（荷受人の不在その他の事由により配達することができなかった物品を再度配達することをいう。）の削減に関し、規則で定めるところにより、必要な措置を講ずること,https://www.city.shinjuku.lg.jp/content/000448445.pdf,fa6a5e98d5a03007d771bc34e055aa418ea9b490daa44f4bb97f6036663353d2,第10条第2項（第5号の新設）,第10条第2項に次の1号を加える…再配達（荷受人の不在その他の事由により配達することができなかった物品を再度配達することをいう。）の削減に関し、規則で定めるところにより、必要な措置を講ずること,supported,f8815bb00a350645c0dff244d04e5982e5f1a11c8f85ef6a5e708f6bf512aa5f
shinjuku-2026-r1-gian-29,hard,content,OB29-H-19,第11条第1項 / 「を定め」の次に「、郵便受けを設置する措置その他の当該管理人への申入れ、連絡等を円滑に行うことができると区長が認める措置を講ずるとともに」を加える,https://www.city.shinjuku.lg.jp/content/000448445.pdf,fa6a5e98d5a03007d771bc34e055aa418ea9b490daa44f4bb97f6036663353d2,第11条第1項,第11条第1項中「を定め」の次に「、郵便受けを設置する措置その他の当該管理人への申入れ、連絡等を円滑に行うことができると区長が認める措置を講ずるとともに」を加える,supported,f8815bb00a350645c0dff244d04e5982e5f1a11c8f85ef6a5e708f6bf512aa5f
shinjuku-2026-r1-gian-29,hard,content,OB29-H-20,ワンルームマンション等の定義を次のとおり改める。,https://www.city.shinjuku.lg.jp/content/000447774.pdf,1dc3eaffcafb1b1c9e139e823182dc80dc0755624813ca87d8b274d15f5b6624,第29号議案（1）,ワンルームマンション等の定義を次のとおり改める,supported,f8815bb00a350645c0dff244d04e5982e5f1a11c8f85ef6a5e708f6bf512aa5f
shinjuku-2026-r1-gian-29,hard,content,OB29-H-21,現行の定義は「地階を除く階数が3以上の共同住宅等で、ワンルーム形式の住戸を10戸以上有するもの」と記載されている。,https://www.city.shinjuku.lg.jp/content/000447774.pdf,1dc3eaffcafb1b1c9e139e823182dc80dc0755624813ca87d8b274d15f5b6624,第29号議案（1）現行,地階を除く階数が3以上の共…同住宅等で、ワンルーム形式の…住戸を10戸以上有するもの,supported,f8815bb00a350645c0dff244d04e5982e5f1a11c8f85ef6a5e708f6bf512aa5f
shinjuku-2026-r1-gian-29,hard,content,OB29-H-22,ワンルームマンション等の建築主は、再配達の削減に関し必要な措置を講ずるよう努めなければならないこととする。,https://www.city.shinjuku.lg.jp/content/000447774.pdf,1dc3eaffcafb1b1c9e139e823182dc80dc0755624813ca87d8b274d15f5b6624,第29号議案（2）,ワンルームマンション等の建築主は、再配達の削減に関し必要な措置を講ずるよう努めなければならないこととする,supported,f8815bb00a350645c0dff244d04e5982e5f1a11c8f85ef6a5e708f6bf512aa5f
shinjuku-2026-r1-gian-29,hard,content,OB29-H-23,ワンルームマンション等の所有者等は、管理人のための郵便受けを設置する措置その他の管理人への申入れ、連絡等を円滑に行うことができると区長が認める措置を講じなければならないこととする。,https://www.city.shinjuku.lg.jp/content/000447774.pdf,1dc3eaffcafb1b1c9e139e823182dc80dc0755624813ca87d8b274d15f5b6624,第29号議案（3）,ワンルームマンション等の所有者等は、管理人のための郵便受けを設置する措置その他の管理人への申入れ、連絡等を円滑に行うことができると区長が認める措置を講じなければならないこととする,supported,f8815bb00a350645c0dff244d04e5982e5f1a11c8f85ef6a5e708f6bf512aa5f
shinjuku-2026-r1-gian-29,hard,content,OB29-H-24,施行日は令和8年10月1日と記載されている。,https://www.city.shinjuku.lg.jp/content/000447774.pdf,1dc3eaffcafb1b1c9e139e823182dc80dc0755624813ca87d8b274d15f5b6624,第29号議案［施行日］,令和8年10月1日,supported,f8815bb00a350645c0dff244d04e5982e5f1a11c8f85ef6a5e708f6bf512aa5f
shinjuku-2026-r1-gian-29,hard,content,OB29-H-25,「議案の概要と審議結果」は、ワンルームマンション等の定義の改正と、再配達の削減及び管理人への連絡等に関する措置の追加を記載している。,https://www.city.shinjuku.lg.jp/content/000452334.pdf,22ba4f49b18c96bd1fa26241606257c05477f38e25ac46d6f8e4f416a2cedbf2,第29号議案（議案の概要）,ワンルームマンション等の定義を改める,supported,f8815bb00a350645c0dff244d04e5982e5f1a11c8f85ef6a5e708f6bf512aa5f
shinjuku-2026-r1-gian-29,hard,content,OB29-H-26,この条例は、令和8年10月1日から施行する。,https://www.city.shinjuku.lg.jp/content/000448445.pdf,fa6a5e98d5a03007d771bc34e055aa418ea9b490daa44f4bb97f6036663353d2,附則（施行期日）,この条例は、令和8年10月1日から施行する,supported,f8815bb00a350645c0dff244d04e5982e5f1a11c8f85ef6a5e708f6bf512aa5f
shinjuku-2026-r1-gian-29,hard,content,OB29-H-27,この条例による改正後の新宿区ワンルームマンション等の建築及び管理に関する条例の規定は、この条例の施行の日以後に標識の設置を開始すべきワンルームマンション等について適用し、同日前に標識の設置を開始すべきこととなるワンルームマンション等については、なお従前の例による。,https://www.city.shinjuku.lg.jp/content/000448445.pdf,fa6a5e98d5a03007d771bc34e055aa418ea9b490daa44f4bb97f6036663353d2,附則（経過措置）,この条例による改正後の新宿区ワンルームマンション等の建築及び管理に関する条例の規定は、この条例の施行の日以後に標識の設置を開始すべきワンルームマンション等について適用し、同日前に標識の設置を開始すべきこととなるワンルームマンション等については、なお従前の例による,supported,f8815bb00a350645c0dff244d04e5982e5f1a11c8f85ef6a5e708f6bf512aa5f
shinjuku-2026-r1-gian-29,hard,content,OB29-H-28,第29号議案 全文 / https://www.city.shinjuku.lg.jp/content/000448445.pdf / fa6a5e98d5a03007d771bc34e055aa418ea9b490daa44f4bb97f6036663353d2,https://www.city.shinjuku.lg.jp/content/000448445.pdf,fa6a5e98d5a03007d771bc34e055aa418ea9b490daa44f4bb97f6036663353d2,件名,新宿区ワンルームマンション等の建築及び管理に関する条例の一部を改正する条例,supported,f8815bb00a350645c0dff244d04e5982e5f1a11c8f85ef6a5e708f6bf512aa5f
shinjuku-2026-r1-gian-29,hard,content,OB29-H-29,提出案件概要（条例関係） / https://www.city.shinjuku.lg.jp/content/000447774.pdf / 1dc3eaffcafb1b1c9e139e823182dc80dc0755624813ca87d8b274d15f5b6624,https://www.city.shinjuku.lg.jp/content/000447774.pdf,1dc3eaffcafb1b1c9e139e823182dc80dc0755624813ca87d8b274d15f5b6624,提出案件概要（条例関係）,第1回区議会定例会提出案件概要…（条例関係）,supported,f8815bb00a350645c0dff244d04e5982e5f1a11c8f85ef6a5e708f6bf512aa5f
shinjuku-2026-r1-gian-29,hard,content,OB29-H-30,議案の概要と審議結果 / https://www.city.shinjuku.lg.jp/content/000452334.pdf / 22ba4f49b18c96bd1fa26241606257c05477f38e25ac46d6f8e4f416a2cedbf2,https://www.city.shinjuku.lg.jp/content/000452334.pdf,22ba4f49b18c96bd1fa26241606257c05477f38e25ac46d6f8e4f416a2cedbf2,議案の概要と審議結果,議案の概要と審議結果,supported,f8815bb00a350645c0dff244d04e5982e5f1a11c8f85ef6a5e708f6bf512aa5f
shinjuku-2026-r1-gian-29,hard,content,OB29-H-31,議決結果ページ（2026-10-04 取得） / https://www.city.shinjuku.lg.jp/kusei/soumu01_002090_00015.html / 7c2b6f68db1b433b860b35d176b4dd9211e78582ec9de718fcfefe68b22d896a,https://www.city.shinjuku.lg.jp/kusei/soumu01_002090_00015.html,7c2b6f68db1b433b860b35d176b4dd9211e78582ec9de718fcfefe68b22d896a,審議状況（議決結果ページ）,第29号議案新宿区ワンルームマンション等の建築及び管理に関する条例の一部を改正する条例原案可決,supported,f8815bb00a350645c0dff244d04e5982e5f1a11c8f85ef6a5e708f6bf512aa5f
shinjuku-2026-r1-gian-29,hard,content,OB29-H-32,会議録 3月24日 議長（委員会審査報告） / https://ssp.kaigiroku.net/tenant/shinjuku/MinuteView.html?council_id=3163&schedule_id=5&minute_id=50 / 315b6d8358728f38ebe14b658491fdda972f57c9899a0a3184c84579e8c8b62c,https://ssp.kaigiroku.net/tenant/shinjuku/MinuteView.html?council_id=3163&schedule_id=5&minute_id=50,315b6d8358728f38ebe14b658491fdda972f57c9899a0a3184c84579e8c8b62c,審議状況（本会議 3月24日 議長）,環境建設委員会審査報告書は、可決です,supported,f8815bb00a350645c0dff244d04e5982e5f1a11c8f85ef6a5e708f6bf512aa5f
shinjuku-2026-r1-gian-29,hard,content,OB29-H-33,会議録 3月24日 議長（採決） / https://ssp.kaigiroku.net/tenant/shinjuku/MinuteView.html?council_id=3163&schedule_id=5&minute_id=51 / 970914f9ce4a28e423e8480a3d4ce175afafafeebd92448698df42d97cb2ec1d,https://ssp.kaigiroku.net/tenant/shinjuku/MinuteView.html?council_id=3163&schedule_id=5&minute_id=51,970914f9ce4a28e423e8480a3d4ce175afafafeebd92448698df42d97cb2ec1d,審議状況（本会議 3月24日 議長）,異議なしと認めます…本案は、いずれも委員会審査報告のとおり可決されました,supported,f8815bb00a350645c0dff244d04e5982e5f1a11c8f85ef6a5e708f6bf512aa5f
shinjuku-2026-r1-gian-30,easy,title,OB30-ET-01,見出し: ワンルームマンション等を 紛争の 予防の 対象に 加えます,https://www.city.shinjuku.lg.jp/content/000447774.pdf,1dc3eaffcafb1b1c9e139e823182dc80dc0755624813ca87d8b274d15f5b6624,第30号議案,新宿区ワンルームマンション等の建築及び管理に関する条…例の改正により同条例の対象を拡大することを踏まえ、ワンル…ームマンション等を新たに本条例の対象とするとともに、題名…を「新宿区中高層建築物等の建築に係る紛争の予防と調整に関…する条例」に改める,supported,e9cb24092a497def1816e649c540256d5aa4f883f4f3bcaa58b89e404e1dce8c
shinjuku-2026-r1-gian-30,easy,summary,OB30-ES-01,要約: ワンルームマンション等を 新しく 対象に 加えます。,https://www.city.shinjuku.lg.jp/content/000447774.pdf,1dc3eaffcafb1b1c9e139e823182dc80dc0755624813ca87d8b274d15f5b6624,第30号議案,新宿区ワンルームマンション等の建築及び管理に関する条…例の改正により同条例の対象を拡大することを踏まえ、ワンル…ームマンション等を新たに本条例の対象とするとともに、題名…を「新宿区中高層建築物等の建築に係る紛争の予防と調整に関…する条例」に改める,supported,e9cb24092a497def1816e649c540256d5aa4f883f4f3bcaa58b89e404e1dce8c
shinjuku-2026-r1-gian-30,easy,summary,OB30-ES-02,要約: 題名に「等」を 加えます。,https://www.city.shinjuku.lg.jp/content/000447774.pdf,1dc3eaffcafb1b1c9e139e823182dc80dc0755624813ca87d8b274d15f5b6624,第30号議案,題名を「新宿区中高層建築物等の建築に係る紛争の予防と調整に関…する条例」に改める,supported,e9cb24092a497def1816e649c540256d5aa4f883f4f3bcaa58b89e404e1dce8c
shinjuku-2026-r1-gian-30,easy,summary,OB30-ES-03,要約: 2026年（令和8年）10月1日（木）から 始まります。,https://www.city.shinjuku.lg.jp/content/000448446.pdf,dda18586b96c0282fdb7e80ae645695f710588a20c96fad09742c3a811f4ca39,附則（施行期日）,この条例は、令和8年10月1日から施行する,supported,e9cb24092a497def1816e649c540256d5aa4f883f4f3bcaa58b89e404e1dce8c
shinjuku-2026-r1-gian-30,easy,content,OB30-E-01,【新宿区中高層建築物の建築に係る紛争の予防と調整に関する条例】［しんじゅくくちゅうこうそうけんちくぶつのけんちくにかかるふんそうのよぼうとちょうせいにかんするじょうれい］（＝中高層建築物の 紛争を 防ぐ 決まり）を 変えます。,https://www.city.shinjuku.lg.jp/content/000448446.pdf,dda18586b96c0282fdb7e80ae645695f710588a20c96fad09742c3a811f4ca39,改め文,新宿区中高層建築物の建築に係る紛争の予防と調整に関する条例（昭和53年新宿区条例第30号）の一部を次のように改正する,supported,e9cb24092a497def1816e649c540256d5aa4f883f4f3bcaa58b89e404e1dce8c
shinjuku-2026-r1-gian-30,easy,content,OB30-E-02,対象は 昭和53年 新宿区条例 第30号です。,https://www.city.shinjuku.lg.jp/content/000448446.pdf,dda18586b96c0282fdb7e80ae645695f710588a20c96fad09742c3a811f4ca39,改め文,新宿区中高層建築物の建築に係る紛争の予防と調整に関する条例（昭和53年新宿区条例第30号）の一部を次のように改正する,supported,e9cb24092a497def1816e649c540256d5aa4f883f4f3bcaa58b89e404e1dce8c
shinjuku-2026-r1-gian-30,easy,content,OB30-E-03,区の 資料に よると ワンルームマンション等を 新しく 対象に 加えます。,https://www.city.shinjuku.lg.jp/content/000447774.pdf,1dc3eaffcafb1b1c9e139e823182dc80dc0755624813ca87d8b274d15f5b6624,第30号議案,新宿区ワンルームマンション等の建築及び管理に関する条…例の改正により同条例の対象を拡大することを踏まえ、ワンル…ームマンション等を新たに本条例の対象とするとともに、題名…を「新宿区中高層建築物等の建築に係る紛争の予防と調整に関…する条例」に改める,supported,e9cb24092a497def1816e649c540256d5aa4f883f4f3bcaa58b89e404e1dce8c
shinjuku-2026-r1-gian-30,easy,content,OB30-E-04,ワンルームマンション等の 建築が 紛争の 予防と 調整の 対象に なります。,https://www.city.shinjuku.lg.jp/content/000448446.pdf,dda18586b96c0282fdb7e80ae645695f710588a20c96fad09742c3a811f4ca39,（提案理由）,新宿区ワンルームマンション等の建築及び管理に関する条例（平成15年新宿区条例第72号）に定めるワンルームマンション等の建築について、新たに紛争の予防及び調整の対象とする必要があるため,supported,e9cb24092a497def1816e649c540256d5aa4f883f4f3bcaa58b89e404e1dce8c
shinjuku-2026-r1-gian-30,easy,content,OB30-E-05,条例の 題名と 第1条の「中高層建築物」を「中高層建築物等」に 変えます。,https://www.city.shinjuku.lg.jp/content/000448446.pdf,dda18586b96c0282fdb7e80ae645695f710588a20c96fad09742c3a811f4ca39,題名・第1条,題名及び第1条中「中高層建築物」を「中高層建築物等」に改める,supported,e9cb24092a497def1816e649c540256d5aa4f883f4f3bcaa58b89e404e1dce8c
shinjuku-2026-r1-gian-30,easy,content,OB30-E-06,新しい 題名は 次の とおりです。,https://www.city.shinjuku.lg.jp/content/000447774.pdf,1dc3eaffcafb1b1c9e139e823182dc80dc0755624813ca87d8b274d15f5b6624,第30号議案,題名を「新宿区中高層建築物等の建築に係る紛争の予防と調整に関…する条例」に改める,supported,e9cb24092a497def1816e649c540256d5aa4f883f4f3bcaa58b89e404e1dce8c
shinjuku-2026-r1-gian-30,easy,content,OB30-E-07,新宿区中高層建築物等の建築に係る紛争の予防と調整に関する条例,https://www.city.shinjuku.lg.jp/content/000447774.pdf,1dc3eaffcafb1b1c9e139e823182dc80dc0755624813ca87d8b274d15f5b6624,第30号議案,題名を「新宿区中高層建築物等の建築に係る紛争の予防と調整に関…する条例」に改める,supported,e9cb24092a497def1816e649c540256d5aa4f883f4f3bcaa58b89e404e1dce8c
shinjuku-2026-r1-gian-30,easy,content,OB30-E-08,中高層建築物等は 次の どちらかです。,https://www.city.shinjuku.lg.jp/content/000448446.pdf,dda18586b96c0282fdb7e80ae645695f710588a20c96fad09742c3a811f4ca39,第2条第1号,第2条第1号を次のように改める…中高層建築物等次のア又はイのいずれかに該当する建築物をいう,supported,e9cb24092a497def1816e649c540256d5aa4f883f4f3bcaa58b89e404e1dce8c
shinjuku-2026-r1-gian-30,easy,content,OB30-E-09,高さが 10メートルを こえる 建物か 地階を のぞいて 4階以上の 建物,https://www.city.shinjuku.lg.jp/content/000448446.pdf,dda18586b96c0282fdb7e80ae645695f710588a20c96fad09742c3a811f4ca39,第2条第1号ア,高さが10メートルを超える建築物又は地階を除く階数が4以上の建築物（第1種低層住居専用地域、第2種低層住居専用地域及び田園住居地域（都市計画法（昭和43年法律第100号）第8条第1項第1号に掲げる第1種低層住居専用地域、第2種低層住居専用地域及び田園住居地域をいう。）にあつては、軒の高さが7メートルを超える建築物又は地階を除く階数が3以上の建築物）,supported,e9cb24092a497def1816e649c540256d5aa4f883f4f3bcaa58b89e404e1dce8c
shinjuku-2026-r1-gian-30,easy,content,OB30-E-10,ワンルームマンション等（区の ほかの 条例で 決めた もの）,https://www.city.shinjuku.lg.jp/content/000448446.pdf,dda18586b96c0282fdb7e80ae645695f710588a20c96fad09742c3a811f4ca39,第2条第1号イ,新宿区ワンルームマンション等の建築及び管理に関する条例（平成15年新宿区条例第72号）第2条第2号に規定するワンルームマンション等,supported,e9cb24092a497def1816e649c540256d5aa4f883f4f3bcaa58b89e404e1dce8c
shinjuku-2026-r1-gian-30,easy,content,OB30-E-11,次の 3つの 地域では 基準が ちがいます。,https://www.city.shinjuku.lg.jp/content/000448446.pdf,dda18586b96c0282fdb7e80ae645695f710588a20c96fad09742c3a811f4ca39,第2条第1号ア,高さが10メートルを超える建築物又は地階を除く階数が4以上の建築物（第1種低層住居専用地域、第2種低層住居専用地域及び田園住居地域（都市計画法（昭和43年法律第100号）第8条第1項第1号に掲げる第1種低層住居専用地域、第2種低層住居専用地域及び田園住居地域をいう。）にあつては、軒の高さが7メートルを超える建築物又は地階を除く階数が3以上の建築物）,supported,e9cb24092a497def1816e649c540256d5aa4f883f4f3bcaa58b89e404e1dce8c
shinjuku-2026-r1-gian-30,easy,content,OB30-E-12,第1種低層住居専用地域,https://www.city.shinjuku.lg.jp/content/000448446.pdf,dda18586b96c0282fdb7e80ae645695f710588a20c96fad09742c3a811f4ca39,第2条第1号ア,高さが10メートルを超える建築物又は地階を除く階数が4以上の建築物（第1種低層住居専用地域、第2種低層住居専用地域及び田園住居地域（都市計画法（昭和43年法律第100号）第8条第1項第1号に掲げる第1種低層住居専用地域、第2種低層住居専用地域及び田園住居地域をいう。）にあつては、軒の高さが7メートルを超える建築物又は地階を除く階数が3以上の建築物）,supported,e9cb24092a497def1816e649c540256d5aa4f883f4f3bcaa58b89e404e1dce8c
shinjuku-2026-r1-gian-30,easy,content,OB30-E-13,第2種低層住居専用地域,https://www.city.shinjuku.lg.jp/content/000448446.pdf,dda18586b96c0282fdb7e80ae645695f710588a20c96fad09742c3a811f4ca39,第2条第1号ア,高さが10メートルを超える建築物又は地階を除く階数が4以上の建築物（第1種低層住居専用地域、第2種低層住居専用地域及び田園住居地域（都市計画法（昭和43年法律第100号）第8条第1項第1号に掲げる第1種低層住居専用地域、第2種低層住居専用地域及び田園住居地域をいう。）にあつては、軒の高さが7メートルを超える建築物又は地階を除く階数が3以上の建築物）,supported,e9cb24092a497def1816e649c540256d5aa4f883f4f3bcaa58b89e404e1dce8c
shinjuku-2026-r1-gian-30,easy,content,OB30-E-14,田園住居地域,https://www.city.shinjuku.lg.jp/content/000448446.pdf,dda18586b96c0282fdb7e80ae645695f710588a20c96fad09742c3a811f4ca39,第2条第1号ア,高さが10メートルを超える建築物又は地階を除く階数が4以上の建築物（第1種低層住居専用地域、第2種低層住居専用地域及び田園住居地域（都市計画法（昭和43年法律第100号）第8条第1項第1号に掲げる第1種低層住居専用地域、第2種低層住居専用地域及び田園住居地域をいう。）にあつては、軒の高さが7メートルを超える建築物又は地階を除く階数が3以上の建築物）,supported,e9cb24092a497def1816e649c540256d5aa4f883f4f3bcaa58b89e404e1dce8c
shinjuku-2026-r1-gian-30,easy,content,OB30-E-15,この 地域では 軒の 高さが 7メートルを こえる 建物が 対象です。,https://www.city.shinjuku.lg.jp/content/000448446.pdf,dda18586b96c0282fdb7e80ae645695f710588a20c96fad09742c3a811f4ca39,第2条第1号ア,高さが10メートルを超える建築物又は地階を除く階数が4以上の建築物（第1種低層住居専用地域、第2種低層住居専用地域及び田園住居地域（都市計画法（昭和43年法律第100号）第8条第1項第1号に掲げる第1種低層住居専用地域、第2種低層住居専用地域及び田園住居地域をいう。）にあつては、軒の高さが7メートルを超える建築物又は地階を除く階数が3以上の建築物）,supported,e9cb24092a497def1816e649c540256d5aa4f883f4f3bcaa58b89e404e1dce8c
shinjuku-2026-r1-gian-30,easy,content,OB30-E-16,または 地階を のぞいて 3階以上の 建物です。,https://www.city.shinjuku.lg.jp/content/000448446.pdf,dda18586b96c0282fdb7e80ae645695f710588a20c96fad09742c3a811f4ca39,第2条第1号ア,高さが10メートルを超える建築物又は地階を除く階数が4以上の建築物（第1種低層住居専用地域、第2種低層住居専用地域及び田園住居地域（都市計画法（昭和43年法律第100号）第8条第1項第1号に掲げる第1種低層住居専用地域、第2種低層住居専用地域及び田園住居地域をいう。）にあつては、軒の高さが7メートルを超える建築物又は地階を除く階数が3以上の建築物）,supported,e9cb24092a497def1816e649c540256d5aa4f883f4f3bcaa58b89e404e1dce8c
shinjuku-2026-r1-gian-30,easy,content,OB30-E-17,ほかの 条文の「中高層建築物」も「中高層建築物等」に 変えます。,https://www.city.shinjuku.lg.jp/content/000448446.pdf,dda18586b96c0282fdb7e80ae645695f710588a20c96fad09742c3a811f4ca39,第2条第2号から第5号まで、第4条第1項、第5条第1項、第6条第1項及び第2項、附則第2項,第2条第2号から第5号まで、第4条第1項、第5条第1項、第6条第1項及び第2項並びに附則第2項中「中高層建築物」を「中高層建築物等」に改める,supported,e9cb24092a497def1816e649c540256d5aa4f883f4f3bcaa58b89e404e1dce8c
shinjuku-2026-r1-gian-30,easy,content,OB30-E-18,2026年（令和8年）10月1日（木）から 始まります。,https://www.city.shinjuku.lg.jp/content/000448446.pdf,dda18586b96c0282fdb7e80ae645695f710588a20c96fad09742c3a811f4ca39,附則（施行期日）,この条例は、令和8年10月1日から施行する,supported,e9cb24092a497def1816e649c540256d5aa4f883f4f3bcaa58b89e404e1dce8c
shinjuku-2026-r1-gian-30,easy,content,OB30-E-19,この 日より 前に 標識の 設置を 始める 建物は 別です。,https://www.city.shinjuku.lg.jp/content/000448446.pdf,dda18586b96c0282fdb7e80ae645695f710588a20c96fad09742c3a811f4ca39,附則（経過措置）,この条例による改正後の新宿区中高層建築物等の建築に係る紛争の予防と調整に関する条例の規定は、この条例の施行の日以後に標識の設置を開始すべき中高層建築物等について適用し、同日前に標識の設置を開始すべきこととなる中高層建築物等については、なお従前の例による,supported,e9cb24092a497def1816e649c540256d5aa4f883f4f3bcaa58b89e404e1dce8c
shinjuku-2026-r1-gian-30,easy,content,OB30-E-20,その 建物は これまでの 決まりの ままです。,https://www.city.shinjuku.lg.jp/content/000448446.pdf,dda18586b96c0282fdb7e80ae645695f710588a20c96fad09742c3a811f4ca39,附則（経過措置）,この条例による改正後の新宿区中高層建築物等の建築に係る紛争の予防と調整に関する条例の規定は、この条例の施行の日以後に標識の設置を開始すべき中高層建築物等について適用し、同日前に標識の設置を開始すべきこととなる中高層建築物等については、なお従前の例による,supported,e9cb24092a497def1816e649c540256d5aa4f883f4f3bcaa58b89e404e1dce8c
shinjuku-2026-r1-gian-30,easy,content,OB30-E-21,【原案可決】［げんあんかけつ］（＝出した 通りの 内容で 決まること）です。,https://www.city.shinjuku.lg.jp/kusei/soumu01_002090_00015.html,7c2b6f68db1b433b860b35d176b4dd9211e78582ec9de718fcfefe68b22d896a,審議状況（議決結果ページ）,第30号議案新宿区中高層建築物の建築に係る紛争の予防と調整に関する条例の一部を改正する条例原案可決,supported,e9cb24092a497def1816e649c540256d5aa4f883f4f3bcaa58b89e404e1dce8c
shinjuku-2026-r1-gian-30,easy,content,OB30-E-22,2026年（令和8年）の 第1回定例会で 決まりました。,https://www.city.shinjuku.lg.jp/content/000452334.pdf,22ba4f49b18c96bd1fa26241606257c05477f38e25ac46d6f8e4f416a2cedbf2,審議状況（会期）,令和８年第１回定例会…２月１７日～３月２４日,supported,e9cb24092a497def1816e649c540256d5aa4f883f4f3bcaa58b89e404e1dce8c
shinjuku-2026-r1-gian-30,easy,content,OB30-E-23,会期は 2026年2月17日（火）から 3月24日（火）まででした。,https://www.city.shinjuku.lg.jp/content/000452334.pdf,22ba4f49b18c96bd1fa26241606257c05477f38e25ac46d6f8e4f416a2cedbf2,審議状況（会期）,令和８年第１回定例会…２月１７日～３月２４日,supported,e9cb24092a497def1816e649c540256d5aa4f883f4f3bcaa58b89e404e1dce8c
shinjuku-2026-r1-gian-30,easy,content,OB30-E-24,本会議で 決まった 日は 3月24日（火）です。,https://ssp.kaigiroku.net/tenant/shinjuku/MinuteView.html?council_id=3163&schedule_id=5&minute_id=1,bd058d36962b45d8d965e4625bb95ecd661a102a026175213f37ba9eb575424a,審議状況（本会議 3月24日 議長）,令和８年第１回定例会会議録（第４日）第４号令和８年３月２４日（火曜日）,supported,e9cb24092a497def1816e649c540256d5aa4f883f4f3bcaa58b89e404e1dce8c
shinjuku-2026-r1-gian-30,easy,content,OB30-E-25,ほかの 議案と まとめて 議題に なりました。,https://ssp.kaigiroku.net/tenant/shinjuku/MinuteView.html?council_id=3163&schedule_id=5&minute_id=42,78d3acb86854b2a4bc9466207a60576ca68f1c71da42fb097c6101c02e08bb29,審議状況（本会議 3月24日 議長）,日程第15から日程第21までを一括議題とします,supported,e9cb24092a497def1816e649c540256d5aa4f883f4f3bcaa58b89e404e1dce8c
shinjuku-2026-r1-gian-30,easy,content,OB30-E-26,環境建設委員会の 審査報告書は 可決でした。,https://ssp.kaigiroku.net/tenant/shinjuku/MinuteView.html?council_id=3163&schedule_id=5&minute_id=50,315b6d8358728f38ebe14b658491fdda972f57c9899a0a3184c84579e8c8b62c,審議状況（本会議 3月24日 議長）,環境建設委員会審査報告書は、可決です,supported,e9cb24092a497def1816e649c540256d5aa4f883f4f3bcaa58b89e404e1dce8c
shinjuku-2026-r1-gian-30,easy,content,OB30-E-27,議長が 異議が ないか たずねました。,https://ssp.kaigiroku.net/tenant/shinjuku/MinuteView.html?council_id=3163&schedule_id=5&minute_id=50,315b6d8358728f38ebe14b658491fdda972f57c9899a0a3184c84579e8c8b62c,審議状況（本会議 3月24日 議長）,環境建設委員会審査報告書は、可決です,supported,e9cb24092a497def1816e649c540256d5aa4f883f4f3bcaa58b89e404e1dce8c
shinjuku-2026-r1-gian-30,easy,content,OB30-E-28,異議なしと 認められて 可決しました。,https://ssp.kaigiroku.net/tenant/shinjuku/MinuteView.html?council_id=3163&schedule_id=5&minute_id=51,970914f9ce4a28e423e8480a3d4ce175afafafeebd92448698df42d97cb2ec1d,審議状況（本会議 3月24日 議長）,異議なしと認めます…本案は、いずれも委員会審査報告のとおり可決されました,supported,e9cb24092a497def1816e649c540256d5aa4f883f4f3bcaa58b89e404e1dce8c
shinjuku-2026-r1-gian-30,easy,content,OB30-E-29,賛成したのは ８つの 会派 すべてです。,https://www.city.shinjuku.lg.jp/content/000452334.pdf,22ba4f49b18c96bd1fa26241606257c05477f38e25ac46d6f8e4f416a2cedbf2,審議状況（議案の概要と審議結果の採決結果行）,題名を『新宿区中高層建築物等の建築に係る紛争の予防と調整に関する条例』に改める。○○○○○○○○可決,supported,e9cb24092a497def1816e649c540256d5aa4f883f4f3bcaa58b89e404e1dce8c
shinjuku-2026-r1-gian-30,normal,title,OB30-NT-01,見出し: ワンルームマンション等を紛争の予防と調整の対象に追加,https://www.city.shinjuku.lg.jp/content/000447774.pdf,1dc3eaffcafb1b1c9e139e823182dc80dc0755624813ca87d8b274d15f5b6624,第30号議案,新宿区ワンルームマンション等の建築及び管理に関する条…例の改正により同条例の対象を拡大することを踏まえ、ワンル…ームマンション等を新たに本条例の対象とするとともに、題名…を「新宿区中高層建築物等の建築に係る紛争の予防と調整に関…する条例」に改める,supported,f1f5ba4280641d1fed8e73e2fd148a7bfc7c04aa023f7081e8e36d83300d9286
shinjuku-2026-r1-gian-30,normal,summary,OB30-NS-01,要約: ワンルームマンション等を新たに紛争の予防と調整の対象とし、題名を「中高層建築物等」に改める条例改正です。,https://www.city.shinjuku.lg.jp/content/000447774.pdf,1dc3eaffcafb1b1c9e139e823182dc80dc0755624813ca87d8b274d15f5b6624,第30号議案,新宿区ワンルームマンション等の建築及び管理に関する条…例の改正により同条例の対象を拡大することを踏まえ、ワンル…ームマンション等を新たに本条例の対象とするとともに、題名…を「新宿区中高層建築物等の建築に係る紛争の予防と調整に関…する条例」に改める,supported,f1f5ba4280641d1fed8e73e2fd148a7bfc7c04aa023f7081e8e36d83300d9286
shinjuku-2026-r1-gian-30,normal,summary,OB30-NS-02,要約: 施行日は令和8年10月1日です。,https://www.city.shinjuku.lg.jp/content/000448446.pdf,dda18586b96c0282fdb7e80ae645695f710588a20c96fad09742c3a811f4ca39,附則（施行期日）,この条例は、令和8年10月1日から施行する,supported,f1f5ba4280641d1fed8e73e2fd148a7bfc7c04aa023f7081e8e36d83300d9286
shinjuku-2026-r1-gian-30,normal,content,OB30-N-01,新宿区中高層建築物の建築に係る紛争の予防と調整に関する条例（昭和53年新宿区条例第30号）の改正です。,https://www.city.shinjuku.lg.jp/content/000448446.pdf,dda18586b96c0282fdb7e80ae645695f710588a20c96fad09742c3a811f4ca39,改め文,新宿区中高層建築物の建築に係る紛争の予防と調整に関する条例（昭和53年新宿区条例第30号）の一部を次のように改正する,supported,f1f5ba4280641d1fed8e73e2fd148a7bfc7c04aa023f7081e8e36d83300d9286
shinjuku-2026-r1-gian-30,normal,content,OB30-N-02,ワンルームマンション等を新たに、紛争の予防及び調整の対象に加える内容です。,https://www.city.shinjuku.lg.jp/content/000448446.pdf,dda18586b96c0282fdb7e80ae645695f710588a20c96fad09742c3a811f4ca39,（提案理由）,新宿区ワンルームマンション等の建築及び管理に関する条例（平成15年新宿区条例第72号）に定めるワンルームマンション等の建築について、新たに紛争の予防及び調整の対象とする必要があるため,supported,f1f5ba4280641d1fed8e73e2fd148a7bfc7c04aa023f7081e8e36d83300d9286
shinjuku-2026-r1-gian-30,normal,content,OB30-N-03,新宿区ワンルームマンション等の建築及び管理に関する条例の改正により同条例の対象を拡大することを踏まえ、ワンルームマンション等を新たに本条例の対象とするとともに、題名を「新宿区中高層建築物等の建築に係る紛争の予防と調整に関する条例」に改める。,https://www.city.shinjuku.lg.jp/content/000447774.pdf,1dc3eaffcafb1b1c9e139e823182dc80dc0755624813ca87d8b274d15f5b6624,第30号議案,新宿区ワンルームマンション等の建築及び管理に関する条…例の改正により同条例の対象を拡大することを踏まえ、ワンル…ームマンション等を新たに本条例の対象とするとともに、題名…を「新宿区中高層建築物等の建築に係る紛争の予防と調整に関…する条例」に改める,supported,f1f5ba4280641d1fed8e73e2fd148a7bfc7c04aa023f7081e8e36d83300d9286
shinjuku-2026-r1-gian-30,normal,content,OB30-N-04,議案本文の提案理由は、新宿区ワンルームマンション等の建築及び管理に関する条例（平成15年新宿区条例第72号）に定めるワンルームマンション等の建築について、新たに紛争の予防及び調整の対象とする必要があるため、としています。,https://www.city.shinjuku.lg.jp/content/000448446.pdf,dda18586b96c0282fdb7e80ae645695f710588a20c96fad09742c3a811f4ca39,（提案理由）,新宿区ワンルームマンション等の建築及び管理に関する条例（平成15年新宿区条例第72号）に定めるワンルームマンション等の建築について、新たに紛争の予防及び調整の対象とする必要があるため,supported,f1f5ba4280641d1fed8e73e2fd148a7bfc7c04aa023f7081e8e36d83300d9286
shinjuku-2026-r1-gian-30,normal,content,OB30-N-05,題名と第1条: 「中高層建築物」を「中高層建築物等」に改めます。新しい題名は「新宿区中高層建築物等の建築に係る紛争の予防と調整に関する条例」です。,https://www.city.shinjuku.lg.jp/content/000448446.pdf,dda18586b96c0282fdb7e80ae645695f710588a20c96fad09742c3a811f4ca39,題名・第1条,題名及び第1条中「中高層建築物」を「中高層建築物等」に改める,supported,f1f5ba4280641d1fed8e73e2fd148a7bfc7c04aa023f7081e8e36d83300d9286
shinjuku-2026-r1-gian-30,normal,content,OB30-N-06,第2条第1号: 「中高層建築物等」を、次のア又はイのいずれかに該当する建築物と定めます。,https://www.city.shinjuku.lg.jp/content/000448446.pdf,dda18586b96c0282fdb7e80ae645695f710588a20c96fad09742c3a811f4ca39,第2条第1号,第2条第1号を次のように改める…中高層建築物等次のア又はイのいずれかに該当する建築物をいう,supported,f1f5ba4280641d1fed8e73e2fd148a7bfc7c04aa023f7081e8e36d83300d9286
shinjuku-2026-r1-gian-30,normal,content,OB30-N-07,ア: 高さが10メートルを超える建築物又は地階を除く階数が4以上の建築物（第1種低層住居専用地域、第2種低層住居専用地域及び田園住居地域では、軒の高さが7メートルを超える建築物又は地階を除く階数が3以上の建築物）,https://www.city.shinjuku.lg.jp/content/000448446.pdf,dda18586b96c0282fdb7e80ae645695f710588a20c96fad09742c3a811f4ca39,第2条第1号ア,高さが10メートルを超える建築物又は地階を除く階数が4以上の建築物（第1種低層住居専用地域、第2種低層住居専用地域及び田園住居地域（都市計画法（昭和43年法律第100号）第8条第1項第1号に掲げる第1種低層住居専用地域、第2種低層住居専用地域及び田園住居地域をいう。）にあつては、軒の高さが7メートルを超える建築物又は地階を除く階数が3以上の建築物）,supported,f1f5ba4280641d1fed8e73e2fd148a7bfc7c04aa023f7081e8e36d83300d9286
shinjuku-2026-r1-gian-30,normal,content,OB30-N-08,イ: 新宿区ワンルームマンション等の建築及び管理に関する条例（平成15年新宿区条例第72号）第2条第2号に規定するワンルームマンション等,https://www.city.shinjuku.lg.jp/content/000448446.pdf,dda18586b96c0282fdb7e80ae645695f710588a20c96fad09742c3a811f4ca39,第2条第1号イ,新宿区ワンルームマンション等の建築及び管理に関する条例（平成15年新宿区条例第72号）第2条第2号に規定するワンルームマンション等,supported,f1f5ba4280641d1fed8e73e2fd148a7bfc7c04aa023f7081e8e36d83300d9286
shinjuku-2026-r1-gian-30,normal,content,OB30-N-09,第2条第2号から第5号まで、第4条第1項、第5条第1項、第6条第1項及び第2項、附則第2項: 「中高層建築物」を「中高層建築物等」に改めます。,https://www.city.shinjuku.lg.jp/content/000448446.pdf,dda18586b96c0282fdb7e80ae645695f710588a20c96fad09742c3a811f4ca39,第2条第2号から第5号まで、第4条第1項、第5条第1項、第6条第1項及び第2項、附則第2項,第2条第2号から第5号まで、第4条第1項、第5条第1項、第6条第1項及び第2項並びに附則第2項中「中高層建築物」を「中高層建築物等」に改める,supported,f1f5ba4280641d1fed8e73e2fd148a7bfc7c04aa023f7081e8e36d83300d9286
shinjuku-2026-r1-gian-30,normal,content,OB30-N-10,令和8年10月1日から施行されます。,https://www.city.shinjuku.lg.jp/content/000448446.pdf,dda18586b96c0282fdb7e80ae645695f710588a20c96fad09742c3a811f4ca39,附則（施行期日）,この条例は、令和8年10月1日から施行する,supported,f1f5ba4280641d1fed8e73e2fd148a7bfc7c04aa023f7081e8e36d83300d9286
shinjuku-2026-r1-gian-30,normal,content,OB30-N-11,改正後の規定は、施行日以後に標識の設置を開始すべき中高層建築物等に適用されます。,https://www.city.shinjuku.lg.jp/content/000448446.pdf,dda18586b96c0282fdb7e80ae645695f710588a20c96fad09742c3a811f4ca39,附則（経過措置）,この条例による改正後の新宿区中高層建築物等の建築に係る紛争の予防と調整に関する条例の規定は、この条例の施行の日以後に標識の設置を開始すべき中高層建築物等について適用し、同日前に標識の設置を開始すべきこととなる中高層建築物等については、なお従前の例による,supported,f1f5ba4280641d1fed8e73e2fd148a7bfc7c04aa023f7081e8e36d83300d9286
shinjuku-2026-r1-gian-30,normal,content,OB30-N-12,施行日前に標識の設置を開始すべきこととなる中高層建築物等については、なお従前の例によります。,https://www.city.shinjuku.lg.jp/content/000448446.pdf,dda18586b96c0282fdb7e80ae645695f710588a20c96fad09742c3a811f4ca39,附則（経過措置）,この条例による改正後の新宿区中高層建築物等の建築に係る紛争の予防と調整に関する条例の規定は、この条例の施行の日以後に標識の設置を開始すべき中高層建築物等について適用し、同日前に標識の設置を開始すべきこととなる中高層建築物等については、なお従前の例による,supported,f1f5ba4280641d1fed8e73e2fd148a7bfc7c04aa023f7081e8e36d83300d9286
shinjuku-2026-r1-gian-30,normal,content,OB30-N-13,令和8年第1回定例会（会期は2月17日から3月24日まで）で審議されました。,https://www.city.shinjuku.lg.jp/content/000452334.pdf,22ba4f49b18c96bd1fa26241606257c05477f38e25ac46d6f8e4f416a2cedbf2,審議状況（会期）,令和８年第１回定例会…２月１７日～３月２４日,supported,f1f5ba4280641d1fed8e73e2fd148a7bfc7c04aa023f7081e8e36d83300d9286
shinjuku-2026-r1-gian-30,normal,content,OB30-N-14,本会議は第4日にあたる3月24日（火曜日）でした。,https://ssp.kaigiroku.net/tenant/shinjuku/MinuteView.html?council_id=3163&schedule_id=5&minute_id=1,bd058d36962b45d8d965e4625bb95ecd661a102a026175213f37ba9eb575424a,審議状況（本会議 3月24日 議長）,令和８年第１回定例会会議録（第４日）第４号令和８年３月２４日（火曜日）,supported,f1f5ba4280641d1fed8e73e2fd148a7bfc7c04aa023f7081e8e36d83300d9286
shinjuku-2026-r1-gian-30,normal,content,OB30-N-15,日程第15から日程第21までの議案とあわせて、一括して議題となりました。,https://ssp.kaigiroku.net/tenant/shinjuku/MinuteView.html?council_id=3163&schedule_id=5&minute_id=42,78d3acb86854b2a4bc9466207a60576ca68f1c71da42fb097c6101c02e08bb29,審議状況（本会議 3月24日 議長）,日程第15から日程第21までを一括議題とします,supported,f1f5ba4280641d1fed8e73e2fd148a7bfc7c04aa023f7081e8e36d83300d9286
shinjuku-2026-r1-gian-30,normal,content,OB30-N-16,環境建設委員会の審査報告書は「可決」でした。,https://ssp.kaigiroku.net/tenant/shinjuku/MinuteView.html?council_id=3163&schedule_id=5&minute_id=50,315b6d8358728f38ebe14b658491fdda972f57c9899a0a3184c84579e8c8b62c,審議状況（本会議 3月24日 議長）,環境建設委員会審査報告書は、可決です,supported,f1f5ba4280641d1fed8e73e2fd148a7bfc7c04aa023f7081e8e36d83300d9286
shinjuku-2026-r1-gian-30,normal,content,OB30-N-17,本会議は、異議なしと認めて、委員会審査報告のとおり可決しました。,https://ssp.kaigiroku.net/tenant/shinjuku/MinuteView.html?council_id=3163&schedule_id=5&minute_id=51,970914f9ce4a28e423e8480a3d4ce175afafafeebd92448698df42d97cb2ec1d,審議状況（本会議 3月24日 議長）,異議なしと認めます…本案は、いずれも委員会審査報告のとおり可決されました,supported,f1f5ba4280641d1fed8e73e2fd148a7bfc7c04aa023f7081e8e36d83300d9286
shinjuku-2026-r1-gian-30,normal,content,OB30-N-18,議決結果ページの記載は「原案可決」です。,https://www.city.shinjuku.lg.jp/kusei/soumu01_002090_00015.html,7c2b6f68db1b433b860b35d176b4dd9211e78582ec9de718fcfefe68b22d896a,審議状況（議決結果ページ）,第30号議案新宿区中高層建築物の建築に係る紛争の予防と調整に関する条例の一部を改正する条例原案可決,supported,f1f5ba4280641d1fed8e73e2fd148a7bfc7c04aa023f7081e8e36d83300d9286
shinjuku-2026-r1-gian-30,normal,content,OB30-N-19,「議案の概要と審議結果」の採決結果行では、8会派すべてが賛成（○）でした。,https://www.city.shinjuku.lg.jp/content/000452334.pdf,22ba4f49b18c96bd1fa26241606257c05477f38e25ac46d6f8e4f416a2cedbf2,審議状況（議案の概要と審議結果の採決結果行）,題名を『新宿区中高層建築物等の建築に係る紛争の予防と調整に関する条例』に改める。○○○○○○○○可決,supported,f1f5ba4280641d1fed8e73e2fd148a7bfc7c04aa023f7081e8e36d83300d9286
shinjuku-2026-r1-gian-30,hard,title,OB30-HT-01,見出し: 第30号議案 新宿区中高層建築物の建築に係る紛争の予防と調整に関する条例の一部を改正する条例,https://www.city.shinjuku.lg.jp/content/000448446.pdf,dda18586b96c0282fdb7e80ae645695f710588a20c96fad09742c3a811f4ca39,題名・第1条,題名及び第1条中「中高層建築物」を「中高層建築物等」に改める,supported,ef31ed80b6871a82ab3d1e056f782d4aa0d49c6927cb1222b199f73759eff3c0
shinjuku-2026-r1-gian-30,hard,summary,OB30-HS-01,要約: 昭和53年新宿区条例第30号について、第2条第1号の「中高層建築物等」に、新宿区ワンルームマンション等の建築及び管理に関する条例第2条第2号のワンルームマンション等を加える。,https://www.city.shinjuku.lg.jp/content/000448446.pdf,dda18586b96c0282fdb7e80ae645695f710588a20c96fad09742c3a811f4ca39,第2条第1号イ,新宿区ワンルームマンション等の建築及び管理に関する条例（平成15年新宿区条例第72号）第2条第2号に規定するワンルームマンション等,supported,ef31ed80b6871a82ab3d1e056f782d4aa0d49c6927cb1222b199f73759eff3c0
shinjuku-2026-r1-gian-30,hard,summary,OB30-HS-02,要約: 題名及び第1条の「中高層建築物」を「中高層建築物等」に改める。,https://www.city.shinjuku.lg.jp/content/000448446.pdf,dda18586b96c0282fdb7e80ae645695f710588a20c96fad09742c3a811f4ca39,題名・第1条,題名及び第1条中「中高層建築物」を「中高層建築物等」に改める,supported,ef31ed80b6871a82ab3d1e056f782d4aa0d49c6927cb1222b199f73759eff3c0
shinjuku-2026-r1-gian-30,hard,summary,OB30-HS-03,要約: 施行日は令和8年10月1日。,https://www.city.shinjuku.lg.jp/content/000448446.pdf,dda18586b96c0282fdb7e80ae645695f710588a20c96fad09742c3a811f4ca39,附則（施行期日）,この条例は、令和8年10月1日から施行する,supported,ef31ed80b6871a82ab3d1e056f782d4aa0d49c6927cb1222b199f73759eff3c0
shinjuku-2026-r1-gian-30,hard,content,OB30-H-01,提出日: 令和8年2月17日,https://www.city.shinjuku.lg.jp/content/000448446.pdf,dda18586b96c0282fdb7e80ae645695f710588a20c96fad09742c3a811f4ca39,提出日・提出者,令和８年２月１７日…新宿区長…吉住…健一,supported,ef31ed80b6871a82ab3d1e056f782d4aa0d49c6927cb1222b199f73759eff3c0
shinjuku-2026-r1-gian-30,hard,content,OB30-H-02,提出者: 新宿区長 吉住健一,https://www.city.shinjuku.lg.jp/content/000448446.pdf,dda18586b96c0282fdb7e80ae645695f710588a20c96fad09742c3a811f4ca39,提出日・提出者,令和８年２月１７日…新宿区長…吉住…健一,supported,ef31ed80b6871a82ab3d1e056f782d4aa0d49c6927cb1222b199f73759eff3c0
shinjuku-2026-r1-gian-30,hard,content,OB30-H-03,対象条例: 新宿区中高層建築物の建築に係る紛争の予防と調整に関する条例（昭和53年新宿区条例第30号）,https://www.city.shinjuku.lg.jp/content/000448446.pdf,dda18586b96c0282fdb7e80ae645695f710588a20c96fad09742c3a811f4ca39,題名・第1条,題名及び第1条中「中高層建築物」を「中高層建築物等」に改める,supported,ef31ed80b6871a82ab3d1e056f782d4aa0d49c6927cb1222b199f73759eff3c0
shinjuku-2026-r1-gian-30,hard,content,OB30-H-04,議決: 原案可決（議決結果ページの記載）,https://www.city.shinjuku.lg.jp/kusei/soumu01_002090_00015.html,7c2b6f68db1b433b860b35d176b4dd9211e78582ec9de718fcfefe68b22d896a,審議状況（議決結果ページ）,第30号議案新宿区中高層建築物の建築に係る紛争の予防と調整に関する条例の一部を改正する条例原案可決,supported,ef31ed80b6871a82ab3d1e056f782d4aa0d49c6927cb1222b199f73759eff3c0
shinjuku-2026-r1-gian-30,hard,content,OB30-H-05,本会議: 令和8年3月24日（火曜日）、会議録 第4日第4号,https://ssp.kaigiroku.net/tenant/shinjuku/MinuteView.html?council_id=3163&schedule_id=5&minute_id=1,bd058d36962b45d8d965e4625bb95ecd661a102a026175213f37ba9eb575424a,審議状況（本会議 3月24日 議長）,令和８年第１回定例会会議録（第４日）第４号令和８年３月２４日（火曜日）,supported,ef31ed80b6871a82ab3d1e056f782d4aa0d49c6927cb1222b199f73759eff3c0
shinjuku-2026-r1-gian-30,hard,content,OB30-H-06,議題: 日程第15から日程第21までを一括して議題とした,https://ssp.kaigiroku.net/tenant/shinjuku/MinuteView.html?council_id=3163&schedule_id=5&minute_id=42,78d3acb86854b2a4bc9466207a60576ca68f1c71da42fb097c6101c02e08bb29,審議状況（本会議 3月24日 議長）,日程第15から日程第21までを一括議題とします,supported,ef31ed80b6871a82ab3d1e056f782d4aa0d49c6927cb1222b199f73759eff3c0
shinjuku-2026-r1-gian-30,hard,content,OB30-H-07,会議録: 第30号議案の議題朗読が記載されている,https://ssp.kaigiroku.net/tenant/shinjuku/MinuteView.html?council_id=3163&schedule_id=5&minute_id=48,6e1f8c607fcb05093c78d939de59b99e12051e098d912ee8d76af345dda454c1,審議状況（本会議 3月24日 議長）,第30号議案新宿区中高層建築物の建築に係る紛争の予防と調整に関する条例の一部を改正する条例,supported,ef31ed80b6871a82ab3d1e056f782d4aa0d49c6927cb1222b199f73759eff3c0
shinjuku-2026-r1-gian-30,hard,content,OB30-H-08,委員会審査報告: 環境建設委員会の審査報告書は可決,https://ssp.kaigiroku.net/tenant/shinjuku/MinuteView.html?council_id=3163&schedule_id=5&minute_id=50,315b6d8358728f38ebe14b658491fdda972f57c9899a0a3184c84579e8c8b62c,審議状況（本会議 3月24日 議長）,環境建設委員会審査報告書は、可決です,supported,ef31ed80b6871a82ab3d1e056f782d4aa0d49c6927cb1222b199f73759eff3c0
shinjuku-2026-r1-gian-30,hard,content,OB30-H-09,採決方法: 異議なし,https://ssp.kaigiroku.net/tenant/shinjuku/MinuteView.html?council_id=3163&schedule_id=5&minute_id=51,970914f9ce4a28e423e8480a3d4ce175afafafeebd92448698df42d97cb2ec1d,審議状況（本会議 3月24日 議長）,異議なしと認めます…本案は、いずれも委員会審査報告のとおり可決されました,supported,ef31ed80b6871a82ab3d1e056f782d4aa0d49c6927cb1222b199f73759eff3c0
shinjuku-2026-r1-gian-30,hard,content,OB30-H-10,会派別の賛否: 全8会派が賛成（採決結果行は ○○○○○○○○）,https://www.city.shinjuku.lg.jp/content/000452334.pdf,22ba4f49b18c96bd1fa26241606257c05477f38e25ac46d6f8e4f416a2cedbf2,審議状況（議案の概要と審議結果の採決結果行）,題名を『新宿区中高層建築物等の建築に係る紛争の予防と調整に関する条例』に改める。○○○○○○○○可決,supported,ef31ed80b6871a82ab3d1e056f782d4aa0d49c6927cb1222b199f73759eff3c0
shinjuku-2026-r1-gian-30,hard,content,OB30-H-11,会派: 自民・参政クラブ、新宿区議会公明党、日本共産党新宿区議会議員団、新宿未来の会、立憲民主党・無所属クラブ、日本維新の会・新宿区議団、現役世代に優しい新宿・減税の会、れいわ新選組 新宿,https://www.city.shinjuku.lg.jp/content/000452334.pdf,22ba4f49b18c96bd1fa26241606257c05477f38e25ac46d6f8e4f416a2cedbf2,会派略称・列の並び,共産＝日本共産党新宿区議会議員団…れいわ＝れいわ新選組 新宿…自参ク＝自民・参政クラブ…公明＝新宿区議会公明党…新宿会＝新宿未来の会…民無ク＝立憲民主党・無所属クラブ…維新＝日本維新の会・新宿区議団…現役＝現役世代に優しい新宿・減税の会,supported,ef31ed80b6871a82ab3d1e056f782d4aa0d49c6927cb1222b199f73759eff3c0
shinjuku-2026-r1-gian-30,hard,content,OB30-H-12,新宿区ワンルームマンション等の建築及び管理に関する条例（平成15年新宿区条例第72号）に定めるワンルームマンション等の建築について、新たに紛争の予防及び調整の対象とする必要があるため,https://www.city.shinjuku.lg.jp/content/000448446.pdf,dda18586b96c0282fdb7e80ae645695f710588a20c96fad09742c3a811f4ca39,（提案理由）,新宿区ワンルームマンション等の建築及び管理に関する条例（平成15年新宿区条例第72号）に定めるワンルームマンション等の建築について、新たに紛争の予防及び調整の対象とする必要があるため,supported,ef31ed80b6871a82ab3d1e056f782d4aa0d49c6927cb1222b199f73759eff3c0
shinjuku-2026-r1-gian-30,hard,content,OB30-H-13,題名・第1条 / 「中高層建築物」を「中高層建築物等」に改める,https://www.city.shinjuku.lg.jp/content/000448446.pdf,dda18586b96c0282fdb7e80ae645695f710588a20c96fad09742c3a811f4ca39,題名・第1条,題名及び第1条中「中高層建築物」を「中高層建築物等」に改める,supported,ef31ed80b6871a82ab3d1e056f782d4aa0d49c6927cb1222b199f73759eff3c0
shinjuku-2026-r1-gian-30,hard,content,OB30-H-14,第2条第1号（中高層建築物等） / 次のア又はイのいずれかに該当する建築物をいう,https://www.city.shinjuku.lg.jp/content/000448446.pdf,dda18586b96c0282fdb7e80ae645695f710588a20c96fad09742c3a811f4ca39,第2条第1号,第2条第1号を次のように改める…中高層建築物等次のア又はイのいずれかに該当する建築物をいう,supported,ef31ed80b6871a82ab3d1e056f782d4aa0d49c6927cb1222b199f73759eff3c0
shinjuku-2026-r1-gian-30,hard,content,OB30-H-15,第2条第1号ア / 高さが10メートルを超える建築物又は地階を除く階数が4以上の建築物（第1種低層住居専用地域、第2種低層住居専用地域及び田園住居地域（都市計画法（昭和43年法律第100号）第8条第1項第1号に掲げる第1種低層住居専用地域、第2種低層住居専用地域及び田園住居地域をいう。）にあつては、軒の高さが7メートルを超える建築物又は地階を除く階数が3以上の建築物）,https://www.city.shinjuku.lg.jp/content/000448446.pdf,dda18586b96c0282fdb7e80ae645695f710588a20c96fad09742c3a811f4ca39,第2条第1号ア,高さが10メートルを超える建築物又は地階を除く階数が4以上の建築物（第1種低層住居専用地域、第2種低層住居専用地域及び田園住居地域（都市計画法（昭和43年法律第100号）第8条第1項第1号に掲げる第1種低層住居専用地域、第2種低層住居専用地域及び田園住居地域をいう。）にあつては、軒の高さが7メートルを超える建築物又は地階を除く階数が3以上の建築物）,supported,ef31ed80b6871a82ab3d1e056f782d4aa0d49c6927cb1222b199f73759eff3c0
shinjuku-2026-r1-gian-30,hard,content,OB30-H-16,第2条第1号イ / 新宿区ワンルームマンション等の建築及び管理に関する条例（平成15年新宿区条例第72号）第2条第2号に規定するワンルームマンション等,https://www.city.shinjuku.lg.jp/content/000448446.pdf,dda18586b96c0282fdb7e80ae645695f710588a20c96fad09742c3a811f4ca39,第2条第1号イ,新宿区ワンルームマンション等の建築及び管理に関する条例（平成15年新宿区条例第72号）第2条第2号に規定するワンルームマンション等,supported,ef31ed80b6871a82ab3d1e056f782d4aa0d49c6927cb1222b199f73759eff3c0
shinjuku-2026-r1-gian-30,hard,content,OB30-H-17,第2条第2号から第5号まで、第4条第1項、第5条第1項、第6条第1項及び第2項、附則第2項 / 「中高層建築物」を「中高層建築物等」に改める,https://www.city.shinjuku.lg.jp/content/000448446.pdf,dda18586b96c0282fdb7e80ae645695f710588a20c96fad09742c3a811f4ca39,第2条第2号から第5号まで、第4条第1項、第5条第1項、第6条第1項及び第2項、附則第2項,第2条第2号から第5号まで、第4条第1項、第5条第1項、第6条第1項及び第2項並びに附則第2項中「中高層建築物」を「中高層建築物等」に改める,supported,ef31ed80b6871a82ab3d1e056f782d4aa0d49c6927cb1222b199f73759eff3c0
shinjuku-2026-r1-gian-30,hard,content,OB30-H-18,新宿区ワンルームマンション等の建築及び管理に関する条例の改正により同条例の対象を拡大することを踏まえ、ワンルームマンション等を新たに本条例の対象とするとともに、題名を「新宿区中高層建築物等の建築に係る紛争の予防と調整に関する条例」に改める。,https://www.city.shinjuku.lg.jp/content/000447774.pdf,1dc3eaffcafb1b1c9e139e823182dc80dc0755624813ca87d8b274d15f5b6624,第30号議案,新宿区ワンルームマンション等の建築及び管理に関する条…例の改正により同条例の対象を拡大することを踏まえ、ワンル…ームマンション等を新たに本条例の対象とするとともに、題名…を「新宿区中高層建築物等の建築に係る紛争の予防と調整に関…する条例」に改める,supported,ef31ed80b6871a82ab3d1e056f782d4aa0d49c6927cb1222b199f73759eff3c0
shinjuku-2026-r1-gian-30,hard,content,OB30-H-19,施行日は令和8年10月1日と記載されている。,https://www.city.shinjuku.lg.jp/content/000447774.pdf,1dc3eaffcafb1b1c9e139e823182dc80dc0755624813ca87d8b274d15f5b6624,第30号議案［施行日］,令和8年10月1日,supported,ef31ed80b6871a82ab3d1e056f782d4aa0d49c6927cb1222b199f73759eff3c0
shinjuku-2026-r1-gian-30,hard,content,OB30-H-20,「議案の概要と審議結果」も同旨の概要を記載している。,https://www.city.shinjuku.lg.jp/content/000452334.pdf,22ba4f49b18c96bd1fa26241606257c05477f38e25ac46d6f8e4f416a2cedbf2,第30号議案（議案の概要）,『新宿区ワンルームマンション等の建築及び管理に関する条例』の改正により同条例の対象を拡大することを踏まえ、ワンルームマンショ…ン等を新たに本条例の対象とするとともに,supported,ef31ed80b6871a82ab3d1e056f782d4aa0d49c6927cb1222b199f73759eff3c0
shinjuku-2026-r1-gian-30,hard,content,OB30-H-21,この条例は、令和8年10月1日から施行する。,https://www.city.shinjuku.lg.jp/content/000448446.pdf,dda18586b96c0282fdb7e80ae645695f710588a20c96fad09742c3a811f4ca39,附則（施行期日）,この条例は、令和8年10月1日から施行する,supported,ef31ed80b6871a82ab3d1e056f782d4aa0d49c6927cb1222b199f73759eff3c0
shinjuku-2026-r1-gian-30,hard,content,OB30-H-22,この条例による改正後の新宿区中高層建築物等の建築に係る紛争の予防と調整に関する条例の規定は、この条例の施行の日以後に標識の設置を開始すべき中高層建築物等について適用し、同日前に標識の設置を開始すべきこととなる中高層建築物等については、なお従前の例による。,https://www.city.shinjuku.lg.jp/content/000448446.pdf,dda18586b96c0282fdb7e80ae645695f710588a20c96fad09742c3a811f4ca39,附則（経過措置）,この条例による改正後の新宿区中高層建築物等の建築に係る紛争の予防と調整に関する条例の規定は、この条例の施行の日以後に標識の設置を開始すべき中高層建築物等について適用し、同日前に標識の設置を開始すべきこととなる中高層建築物等については、なお従前の例による,supported,ef31ed80b6871a82ab3d1e056f782d4aa0d49c6927cb1222b199f73759eff3c0
shinjuku-2026-r1-gian-30,hard,content,OB30-H-23,第30号議案 全文 / https://www.city.shinjuku.lg.jp/content/000448446.pdf / dda18586b96c0282fdb7e80ae645695f710588a20c96fad09742c3a811f4ca39,https://www.city.shinjuku.lg.jp/content/000448446.pdf,dda18586b96c0282fdb7e80ae645695f710588a20c96fad09742c3a811f4ca39,件名,新宿区中高層建築物の建築に係る紛争の予防と調整に関する条例の一部を改正する条例,supported,ef31ed80b6871a82ab3d1e056f782d4aa0d49c6927cb1222b199f73759eff3c0
shinjuku-2026-r1-gian-30,hard,content,OB30-H-24,提出案件概要（条例関係） / https://www.city.shinjuku.lg.jp/content/000447774.pdf / 1dc3eaffcafb1b1c9e139e823182dc80dc0755624813ca87d8b274d15f5b6624,https://www.city.shinjuku.lg.jp/content/000447774.pdf,1dc3eaffcafb1b1c9e139e823182dc80dc0755624813ca87d8b274d15f5b6624,提出案件概要（条例関係）,第1回区議会定例会提出案件概要…（条例関係）,supported,ef31ed80b6871a82ab3d1e056f782d4aa0d49c6927cb1222b199f73759eff3c0
shinjuku-2026-r1-gian-30,hard,content,OB30-H-25,議案の概要と審議結果 / https://www.city.shinjuku.lg.jp/content/000452334.pdf / 22ba4f49b18c96bd1fa26241606257c05477f38e25ac46d6f8e4f416a2cedbf2,https://www.city.shinjuku.lg.jp/content/000452334.pdf,22ba4f49b18c96bd1fa26241606257c05477f38e25ac46d6f8e4f416a2cedbf2,議案の概要と審議結果,議案の概要と審議結果,supported,ef31ed80b6871a82ab3d1e056f782d4aa0d49c6927cb1222b199f73759eff3c0
shinjuku-2026-r1-gian-30,hard,content,OB30-H-26,議決結果ページ（2026-10-04 取得） / https://www.city.shinjuku.lg.jp/kusei/soumu01_002090_00015.html / 7c2b6f68db1b433b860b35d176b4dd9211e78582ec9de718fcfefe68b22d896a,https://www.city.shinjuku.lg.jp/kusei/soumu01_002090_00015.html,7c2b6f68db1b433b860b35d176b4dd9211e78582ec9de718fcfefe68b22d896a,審議状況（議決結果ページ）,第30号議案新宿区中高層建築物の建築に係る紛争の予防と調整に関する条例の一部を改正する条例原案可決,supported,ef31ed80b6871a82ab3d1e056f782d4aa0d49c6927cb1222b199f73759eff3c0
shinjuku-2026-r1-gian-30,hard,content,OB30-H-27,会議録 3月24日 議長（委員会審査報告） / https://ssp.kaigiroku.net/tenant/shinjuku/MinuteView.html?council_id=3163&schedule_id=5&minute_id=50 / 315b6d8358728f38ebe14b658491fdda972f57c9899a0a3184c84579e8c8b62c,https://ssp.kaigiroku.net/tenant/shinjuku/MinuteView.html?council_id=3163&schedule_id=5&minute_id=50,315b6d8358728f38ebe14b658491fdda972f57c9899a0a3184c84579e8c8b62c,審議状況（本会議 3月24日 議長）,環境建設委員会審査報告書は、可決です,supported,ef31ed80b6871a82ab3d1e056f782d4aa0d49c6927cb1222b199f73759eff3c0
shinjuku-2026-r1-gian-30,hard,content,OB30-H-28,会議録 3月24日 議長（採決） / https://ssp.kaigiroku.net/tenant/shinjuku/MinuteView.html?council_id=3163&schedule_id=5&minute_id=51 / 970914f9ce4a28e423e8480a3d4ce175afafafeebd92448698df42d97cb2ec1d,https://ssp.kaigiroku.net/tenant/shinjuku/MinuteView.html?council_id=3163&schedule_id=5&minute_id=51,970914f9ce4a28e423e8480a3d4ce175afafafeebd92448698df42d97cb2ec1d,審議状況（本会議 3月24日 議長）,異議なしと認めます…本案は、いずれも委員会審査報告のとおり可決されました,supported,ef31ed80b6871a82ab3d1e056f782d4aa0d49c6927cb1222b199f73759eff3c0
