item_key,difficulty,content_field,claim_id,final_claim,source_url,source_sha256,page_or_section,evidence_excerpt,verdict,reviewed_content_sha256
shinjuku-2026-r1-gian-1,easy,title,R1G01-ET-01,見出し: 2026年度（令和8年度）の 区の お金の 使いみち（一般会計予算）,https://www.city.shinjuku.lg.jp/content/000448420.pdf,5a93c8ea6e8da97a4e2db6fb8d05e3bf5de17f67220d3ad35986b68a7b3baa27,件名,令和８年度新宿区一般会計予算,supported,e6b8edae439be9ae77c5187ca6155fc719c4d7907a7523e75f749821ae3e19c8
shinjuku-2026-r1-gian-1,normal,title,R1G01-NT-01,見出し: 令和8年度の一般会計予算,https://www.city.shinjuku.lg.jp/content/000448420.pdf,5a93c8ea6e8da97a4e2db6fb8d05e3bf5de17f67220d3ad35986b68a7b3baa27,件名,令和８年度新宿区一般会計予算,supported,a99b1d5f0deed09e655026bc8b0889dd8f473cc7aa2257c17b9544e46fed35ad
shinjuku-2026-r1-gian-1,hard,title,R1G01-HT-01,見出し: 令和8年度新宿区一般会計予算,https://www.city.shinjuku.lg.jp/content/000448420.pdf,5a93c8ea6e8da97a4e2db6fb8d05e3bf5de17f67220d3ad35986b68a7b3baa27,件名,令和８年度新宿区一般会計予算,supported,19fbe9e5253dc17de888e6eeb5732c110d9596d19afc781cd25e84257533462a
shinjuku-2026-r1-gian-1,normal,title,R1G01-NT-02,"見出し: 総額1,878億3,556万円",https://www.city.shinjuku.lg.jp/content/000448420.pdf,5a93c8ea6e8da97a4e2db6fb8d05e3bf5de17f67220d3ad35986b68a7b3baa27,第1条,"歳入歳出予算の総額は、歳入歳出それぞれ 187,835,560 千円と定める",supported,a99b1d5f0deed09e655026bc8b0889dd8f473cc7aa2257c17b9544e46fed35ad
shinjuku-2026-r1-gian-1,easy,summary,R1G01-ES-01,"要約: 入る お金も 出る お金も 1,878億3,556万円",https://www.city.shinjuku.lg.jp/content/000448420.pdf,5a93c8ea6e8da97a4e2db6fb8d05e3bf5de17f67220d3ad35986b68a7b3baa27,第1条,"歳入歳出予算の総額は、歳入歳出それぞれ 187,835,560 千円と定める",supported,e6b8edae439be9ae77c5187ca6155fc719c4d7907a7523e75f749821ae3e19c8
shinjuku-2026-r1-gian-1,normal,summary,R1G01-NS-01,"要約: 歳入歳出の総額は1,878億3,556万円",https://www.city.shinjuku.lg.jp/content/000448420.pdf,5a93c8ea6e8da97a4e2db6fb8d05e3bf5de17f67220d3ad35986b68a7b3baa27,第1条,"歳入歳出予算の総額は、歳入歳出それぞれ 187,835,560 千円と定める",supported,a99b1d5f0deed09e655026bc8b0889dd8f473cc7aa2257c17b9544e46fed35ad
shinjuku-2026-r1-gian-1,hard,summary,R1G01-HS-01,"要約: 歳入歳出予算の総額を187,835,560千円と定める",https://www.city.shinjuku.lg.jp/content/000448420.pdf,5a93c8ea6e8da97a4e2db6fb8d05e3bf5de17f67220d3ad35986b68a7b3baa27,第1条,"歳入歳出予算の総額は、歳入歳出それぞれ 187,835,560 千円と定める",supported,19fbe9e5253dc17de888e6eeb5732c110d9596d19afc781cd25e84257533462a
shinjuku-2026-r1-gian-1,easy,summary,R1G01-ES-02,"要約: いちばん 多く 使うのは 福祉費の 496億8,465万7千円",https://www.city.shinjuku.lg.jp/content/000448420.pdf,5a93c8ea6e8da97a4e2db6fb8d05e3bf5de17f67220d3ad35986b68a7b3baa27,第1表 歳出,"福祉費 49,684,657…子ども家庭費 39,422,789…教育費 19,004,593…健康費 17,372,674…総務費 17,338,365…土木費 12,816,293…環境清掃費 10,983,940…地域振興費 10,256,666…文化観光産業費 5,061,883…公債費 2,612,333…諸支出金 2,191,905…議会費 789,462…予備費 300,000",supported,e6b8edae439be9ae77c5187ca6155fc719c4d7907a7523e75f749821ae3e19c8
shinjuku-2026-r1-gian-1,normal,summary,R1G01-NS-02,"要約: 歳出は福祉費（496億8,465万7千円）と子ども家庭費（394億2,278万9千円）が大きい",https://www.city.shinjuku.lg.jp/content/000448420.pdf,5a93c8ea6e8da97a4e2db6fb8d05e3bf5de17f67220d3ad35986b68a7b3baa27,第1表 歳出,"福祉費 49,684,657…子ども家庭費 39,422,789…教育費 19,004,593…健康費 17,372,674…総務費 17,338,365…土木費 12,816,293…環境清掃費 10,983,940…地域振興費 10,256,666…文化観光産業費 5,061,883…公債費 2,612,333…諸支出金 2,191,905…議会費 789,462…予備費 300,000",supported,a99b1d5f0deed09e655026bc8b0889dd8f473cc7aa2257c17b9544e46fed35ad
shinjuku-2026-r1-gian-1,normal,summary,R1G01-NS-03,"要約: 特別区債の限度額は24億4,300万円",https://www.city.shinjuku.lg.jp/content/000448420.pdf,5a93c8ea6e8da97a4e2db6fb8d05e3bf5de17f67220d3ad35986b68a7b3baa27,第4表 特別区債,地 域 振 興 施 設 整 備 １，１９４，０００…子 ど も 家 庭 施 設 整 備 ５０，０００…道 路 整 備 ５５６，０００…公 園 整 備 ８９，０００…学 校 施 設 整 備 ５５４，０００…合 計 ２，４４３，０００,supported,a99b1d5f0deed09e655026bc8b0889dd8f473cc7aa2257c17b9544e46fed35ad
shinjuku-2026-r1-gian-1,hard,summary,R1G01-HS-02,"要約: 特別区債の限度額（第4表）は合計2,443,000千円",https://www.city.shinjuku.lg.jp/content/000448420.pdf,5a93c8ea6e8da97a4e2db6fb8d05e3bf5de17f67220d3ad35986b68a7b3baa27,第4表 特別区債,地 域 振 興 施 設 整 備 １，１９４，０００…子 ど も 家 庭 施 設 整 備 ５０，０００…道 路 整 備 ５５６，０００…公 園 整 備 ８９，０００…学 校 施 設 整 備 ５５４，０００…合 計 ２，４４３，０００,supported,19fbe9e5253dc17de888e6eeb5732c110d9596d19afc781cd25e84257533462a
shinjuku-2026-r1-gian-1,hard,summary,R1G01-HS-03,"要約: 一時借入金の最高額15,000,000千円",https://www.city.shinjuku.lg.jp/content/000448420.pdf,5a93c8ea6e8da97a4e2db6fb8d05e3bf5de17f67220d3ad35986b68a7b3baa27,第4条,"一時借入金の借入れの最高額は、15,000,000 千円と定める",supported,19fbe9e5253dc17de888e6eeb5732c110d9596d19afc781cd25e84257533462a
shinjuku-2026-r1-gian-1,hard,summary,R1G01-HS-04,要約: 第2表で債務負担行為（工事請負契約等）を定める,https://www.city.shinjuku.lg.jp/content/000448420.pdf,5a93c8ea6e8da97a4e2db6fb8d05e3bf5de17f67220d3ad35986b68a7b3baa27,第2表 債務負担行為（工事請負契約等）,"債務負担行為（工事請負契約等）…合 計 ２,７０７,６３１",supported,19fbe9e5253dc17de888e6eeb5732c110d9596d19afc781cd25e84257533462a
shinjuku-2026-r1-gian-1,hard,summary,R1G01-HS-05,要約: 第3表で債務負担行為（債務保証）を定める,https://www.city.shinjuku.lg.jp/content/000448420.pdf,5a93c8ea6e8da97a4e2db6fb8d05e3bf5de17f67220d3ad35986b68a7b3baa27,第3表 債務負担行為（債務保証）,"債務負担行為（債務保証）…新宿区土地開発公社債務保証…５５９,３７７…令和15年度",supported,19fbe9e5253dc17de888e6eeb5732c110d9596d19afc781cd25e84257533462a
shinjuku-2026-r1-gian-1,hard,summary,R1G01-HS-06,要約: 歳出予算の流用についても定める,https://www.city.shinjuku.lg.jp/content/000448420.pdf,5a93c8ea6e8da97a4e2db6fb8d05e3bf5de17f67220d3ad35986b68a7b3baa27,第5条,地方自治法第２２０条第２項ただし書の規定により歳出予算の各項の経費の金額を流用することができる場合…各項に計上した給料、職員手当等及び共済費に係る予算額に過不足を生じた場合における同一款内でのこれらの経費の各項の間の流用,supported,19fbe9e5253dc17de888e6eeb5732c110d9596d19afc781cd25e84257533462a
shinjuku-2026-r1-gian-1,easy,content,R1G01-E-01,この議案は 2026年度（令和8年度）の 一般会計予算,https://www.city.shinjuku.lg.jp/content/000448420.pdf,5a93c8ea6e8da97a4e2db6fb8d05e3bf5de17f67220d3ad35986b68a7b3baa27,件名,令和８年度新宿区一般会計予算,supported,e6b8edae439be9ae77c5187ca6155fc719c4d7907a7523e75f749821ae3e19c8
shinjuku-2026-r1-gian-1,normal,content,R1G01-N-01,令和8年度の一般会計の予算,https://www.city.shinjuku.lg.jp/content/000448420.pdf,5a93c8ea6e8da97a4e2db6fb8d05e3bf5de17f67220d3ad35986b68a7b3baa27,件名,令和８年度新宿区一般会計予算,supported,a99b1d5f0deed09e655026bc8b0889dd8f473cc7aa2257c17b9544e46fed35ad
shinjuku-2026-r1-gian-1,hard,content,R1G01-H-01,件名は令和8年度新宿区一般会計予算,https://www.city.shinjuku.lg.jp/content/000448420.pdf,5a93c8ea6e8da97a4e2db6fb8d05e3bf5de17f67220d3ad35986b68a7b3baa27,件名,令和８年度新宿区一般会計予算,supported,19fbe9e5253dc17de888e6eeb5732c110d9596d19afc781cd25e84257533462a
shinjuku-2026-r1-gian-1,easy,content,R1G01-E-02,区長が 2026年2月17日に 出した,https://www.city.shinjuku.lg.jp/content/000448420.pdf,5a93c8ea6e8da97a4e2db6fb8d05e3bf5de17f67220d3ad35986b68a7b3baa27,提出日・提出者,令和８年２月１７日 提出…新宿区長 吉 住 健 一,supported,e6b8edae439be9ae77c5187ca6155fc719c4d7907a7523e75f749821ae3e19c8
shinjuku-2026-r1-gian-1,normal,content,R1G01-N-02,令和8年2月17日に区長が提出した,https://www.city.shinjuku.lg.jp/content/000448420.pdf,5a93c8ea6e8da97a4e2db6fb8d05e3bf5de17f67220d3ad35986b68a7b3baa27,提出日・提出者,令和８年２月１７日 提出…新宿区長 吉 住 健 一,supported,a99b1d5f0deed09e655026bc8b0889dd8f473cc7aa2257c17b9544e46fed35ad
shinjuku-2026-r1-gian-1,hard,content,R1G01-H-02,提出日は令和8年2月17日、提出者は新宿区長 吉住健一,https://www.city.shinjuku.lg.jp/content/000448420.pdf,5a93c8ea6e8da97a4e2db6fb8d05e3bf5de17f67220d3ad35986b68a7b3baa27,提出日・提出者,令和８年２月１７日 提出…新宿区長 吉 住 健 一,supported,19fbe9e5253dc17de888e6eeb5732c110d9596d19afc781cd25e84257533462a
shinjuku-2026-r1-gian-1,easy,content,R1G01-E-03,"入る お金と 出る お金は どちらも 1,878億3,556万円",https://www.city.shinjuku.lg.jp/content/000448420.pdf,5a93c8ea6e8da97a4e2db6fb8d05e3bf5de17f67220d3ad35986b68a7b3baa27,第1条,"歳入歳出予算の総額は、歳入歳出それぞれ 187,835,560 千円と定める",supported,e6b8edae439be9ae77c5187ca6155fc719c4d7907a7523e75f749821ae3e19c8
shinjuku-2026-r1-gian-1,normal,content,R1G01-N-03,"歳入歳出の総額は187,835,560千円（約1,878億3,556万円）",https://www.city.shinjuku.lg.jp/content/000448420.pdf,5a93c8ea6e8da97a4e2db6fb8d05e3bf5de17f67220d3ad35986b68a7b3baa27,第1条,"歳入歳出予算の総額は、歳入歳出それぞれ 187,835,560 千円と定める",supported,a99b1d5f0deed09e655026bc8b0889dd8f473cc7aa2257c17b9544e46fed35ad
shinjuku-2026-r1-gian-1,hard,content,R1G01-H-03,"第1条: 総額を歳入歳出それぞれ187,835,560千円と定める",https://www.city.shinjuku.lg.jp/content/000448420.pdf,5a93c8ea6e8da97a4e2db6fb8d05e3bf5de17f67220d3ad35986b68a7b3baa27,第1条,"歳入歳出予算の総額は、歳入歳出それぞれ 187,835,560 千円と定める",supported,19fbe9e5253dc17de888e6eeb5732c110d9596d19afc781cd25e84257533462a
shinjuku-2026-r1-gian-1,hard,content,R1G01-H-04,第2条〜第4条: 債務負担行為は第2表・第3表、特別区債は第4表、一時借入金の最高額は別に定める,https://www.city.shinjuku.lg.jp/content/000448420.pdf,5a93c8ea6e8da97a4e2db6fb8d05e3bf5de17f67220d3ad35986b68a7b3baa27,第2条〜第3条,地方自治法第２１４条の規定による債務負担行為…地方自治法第２３０条第１項の規定により起こすことができる特別区債…地方自治法第２３５条の３第２項の規定による一時借入金,supported,19fbe9e5253dc17de888e6eeb5732c110d9596d19afc781cd25e84257533462a
shinjuku-2026-r1-gian-1,easy,content,R1G01-E-04,"歳入の大きい お金: 特別区税609億833万4千円、国庫支出金342億9,642万4千円、特別区交付金331億300万円、都支出金167億1,276万1千円",https://www.city.shinjuku.lg.jp/content/000448420.pdf,5a93c8ea6e8da97a4e2db6fb8d05e3bf5de17f67220d3ad35986b68a7b3baa27,第1表 歳入,"特別区税 60,908,334…国庫支出金 34,296,424…特別区交付金 33,103,000…都支出金 16,712,761",supported,e6b8edae439be9ae77c5187ca6155fc719c4d7907a7523e75f749821ae3e19c8
shinjuku-2026-r1-gian-1,normal,content,R1G01-N-04,歳入の款: 特別区税、国庫支出金、特別区交付金、都支出金の金額,https://www.city.shinjuku.lg.jp/content/000448420.pdf,5a93c8ea6e8da97a4e2db6fb8d05e3bf5de17f67220d3ad35986b68a7b3baa27,第1表 歳入,"特別区税 60,908,334…国庫支出金 34,296,424…特別区交付金 33,103,000…都支出金 16,712,761",supported,a99b1d5f0deed09e655026bc8b0889dd8f473cc7aa2257c17b9544e46fed35ad
shinjuku-2026-r1-gian-1,hard,content,R1G01-H-05,第1表 歳入: 款1〜20の金額と、国庫支出金・都支出金の項,https://www.city.shinjuku.lg.jp/content/000448420.pdf,5a93c8ea6e8da97a4e2db6fb8d05e3bf5de17f67220d3ad35986b68a7b3baa27,第1表 歳入,"特別区税 60,908,334…国庫支出金 34,296,424…特別区交付金 33,103,000…都支出金 16,712,761",supported,19fbe9e5253dc17de888e6eeb5732c110d9596d19afc781cd25e84257533462a
shinjuku-2026-r1-gian-1,easy,content,R1G01-E-05,"繰入金29億1,777万7千円、繰越金20億円、特別区債24億4,300万円",https://www.city.shinjuku.lg.jp/content/000448420.pdf,5a93c8ea6e8da97a4e2db6fb8d05e3bf5de17f67220d3ad35986b68a7b3baa27,第1表 歳入,"繰入金 2,917,777…繰越金 2,000,000…特別区債 2,443,000",supported,e6b8edae439be9ae77c5187ca6155fc719c4d7907a7523e75f749821ae3e19c8
shinjuku-2026-r1-gian-1,normal,content,R1G01-N-05,繰入金・特別区債・繰越金の金額,https://www.city.shinjuku.lg.jp/content/000448420.pdf,5a93c8ea6e8da97a4e2db6fb8d05e3bf5de17f67220d3ad35986b68a7b3baa27,第1表 歳入,"繰入金 2,917,777…繰越金 2,000,000…特別区債 2,443,000",supported,a99b1d5f0deed09e655026bc8b0889dd8f473cc7aa2257c17b9544e46fed35ad
shinjuku-2026-r1-gian-1,normal,content,R1G01-N-06,地方消費税交付金ほか、使用料及び手数料・財産収入・寄附金・諸収入などがある,https://www.city.shinjuku.lg.jp/content/000448420.pdf,5a93c8ea6e8da97a4e2db6fb8d05e3bf5de17f67220d3ad35986b68a7b3baa27,第1表 歳入,"地方消費税交付金 16,312,002…使用料及び手数料…財産収入…寄附金…諸収入",supported,a99b1d5f0deed09e655026bc8b0889dd8f473cc7aa2257c17b9544e46fed35ad
shinjuku-2026-r1-gian-1,normal,content,R1G01-N-07,特別区税の内訳（特別区民税・軽自動車税・特別区たばこ税・入湯税）,https://www.city.shinjuku.lg.jp/content/000448420.pdf,5a93c8ea6e8da97a4e2db6fb8d05e3bf5de17f67220d3ad35986b68a7b3baa27,第1表 歳入 款1 特別区税,"特別区民税 54,943,041…軽自動車税 113,420…特別区たばこ税 5,792,702…入湯税 59,171",supported,a99b1d5f0deed09e655026bc8b0889dd8f473cc7aa2257c17b9544e46fed35ad
shinjuku-2026-r1-gian-1,easy,content,R1G01-E-06,"歳出は福祉費496億8,465万7千円ほか13の款（金額順の表）",https://www.city.shinjuku.lg.jp/content/000448420.pdf,5a93c8ea6e8da97a4e2db6fb8d05e3bf5de17f67220d3ad35986b68a7b3baa27,第1表 歳出,"福祉費 49,684,657…子ども家庭費 39,422,789…教育費 19,004,593…健康費 17,372,674…総務費 17,338,365…土木費 12,816,293…環境清掃費 10,983,940…地域振興費 10,256,666…文化観光産業費 5,061,883…公債費 2,612,333…諸支出金 2,191,905…議会費 789,462…予備費 300,000",supported,e6b8edae439be9ae77c5187ca6155fc719c4d7907a7523e75f749821ae3e19c8
shinjuku-2026-r1-gian-1,normal,content,R1G01-N-08,歳出の款の金額（福祉費から予備費まで13款）,https://www.city.shinjuku.lg.jp/content/000448420.pdf,5a93c8ea6e8da97a4e2db6fb8d05e3bf5de17f67220d3ad35986b68a7b3baa27,第1表 歳出,"福祉費 49,684,657…子ども家庭費 39,422,789…教育費 19,004,593…健康費 17,372,674…総務費 17,338,365…土木費 12,816,293…環境清掃費 10,983,940…地域振興費 10,256,666…文化観光産業費 5,061,883…公債費 2,612,333…諸支出金 2,191,905…議会費 789,462…予備費 300,000",supported,a99b1d5f0deed09e655026bc8b0889dd8f473cc7aa2257c17b9544e46fed35ad
shinjuku-2026-r1-gian-1,hard,content,R1G01-H-06,第1表 歳出: 款1〜13の金額と歳出合計,https://www.city.shinjuku.lg.jp/content/000448420.pdf,5a93c8ea6e8da97a4e2db6fb8d05e3bf5de17f67220d3ad35986b68a7b3baa27,第1表 歳出,"福祉費 49,684,657…子ども家庭費 39,422,789…教育費 19,004,593…健康費 17,372,674…総務費 17,338,365…土木費 12,816,293…環境清掃費 10,983,940…地域振興費 10,256,666…文化観光産業費 5,061,883…公債費 2,612,333…諸支出金 2,191,905…議会費 789,462…予備費 300,000",supported,19fbe9e5253dc17de888e6eeb5732c110d9596d19afc781cd25e84257533462a
shinjuku-2026-r1-gian-1,easy,content,R1G01-E-07,"福祉費の中の生活保護費は251億3,070万6千円",https://www.city.shinjuku.lg.jp/content/000448420.pdf,5a93c8ea6e8da97a4e2db6fb8d05e3bf5de17f67220d3ad35986b68a7b3baa27,第1表 歳出 款5 福祉費 項4,"生活保護費 25,130,706",supported,e6b8edae439be9ae77c5187ca6155fc719c4d7907a7523e75f749821ae3e19c8
shinjuku-2026-r1-gian-1,normal,content,R1G01-N-09,福祉費の内訳（社会福祉費・障害者福祉費・高齢者福祉費・生活保護費）,https://www.city.shinjuku.lg.jp/content/000448420.pdf,5a93c8ea6e8da97a4e2db6fb8d05e3bf5de17f67220d3ad35986b68a7b3baa27,第1表 歳出 款5 福祉費,"社会福祉費 1,565,769…障害者福祉費 14,390,878…高齢者福祉費 8,597,304…生活保護費 25,130,706",supported,a99b1d5f0deed09e655026bc8b0889dd8f473cc7aa2257c17b9544e46fed35ad
shinjuku-2026-r1-gian-1,easy,content,R1G01-E-08,工事などの契約の債務負担行為の上限は合計27億763万1千円,https://www.city.shinjuku.lg.jp/content/000448420.pdf,5a93c8ea6e8da97a4e2db6fb8d05e3bf5de17f67220d3ad35986b68a7b3baa27,第2表 債務負担行為（工事請負契約等）,"債務負担行為（工事請負契約等）…合 計 ２,７０７,６３１",supported,e6b8edae439be9ae77c5187ca6155fc719c4d7907a7523e75f749821ae3e19c8
shinjuku-2026-r1-gian-1,normal,content,R1G01-N-10,"債務負担行為（工事請負契約等）の限度額の合計は2,707,631千円",https://www.city.shinjuku.lg.jp/content/000448420.pdf,5a93c8ea6e8da97a4e2db6fb8d05e3bf5de17f67220d3ad35986b68a7b3baa27,第2表 債務負担行為（工事請負契約等）,"債務負担行為（工事請負契約等）…合 計 ２,７０７,６３１",supported,a99b1d5f0deed09e655026bc8b0889dd8f473cc7aa2257c17b9544e46fed35ad
shinjuku-2026-r1-gian-1,hard,content,R1G01-H-07,"第2表の限度額の合計は2,707,631千円",https://www.city.shinjuku.lg.jp/content/000448420.pdf,5a93c8ea6e8da97a4e2db6fb8d05e3bf5de17f67220d3ad35986b68a7b3baa27,第2表 債務負担行為（工事請負契約等）,"債務負担行為（工事請負契約等）…合 計 ２,７０７,６３１",supported,19fbe9e5253dc17de888e6eeb5732c110d9596d19afc781cd25e84257533462a
shinjuku-2026-r1-gian-1,easy,content,R1G01-E-09,公共施設等総合管理計画改定業務委託の期間は2027年度（令和9年度）,https://www.city.shinjuku.lg.jp/content/000448420.pdf,5a93c8ea6e8da97a4e2db6fb8d05e3bf5de17f67220d3ad35986b68a7b3baa27,第2表 債務負担行為（工事請負契約等）,令和９年度…公共施設等総合管理計画改定業務委託,supported,e6b8edae439be9ae77c5187ca6155fc719c4d7907a7523e75f749821ae3e19c8
shinjuku-2026-r1-gian-1,normal,content,R1G01-N-11,公共施設等総合管理計画改定業務委託の期間は令和9年度,https://www.city.shinjuku.lg.jp/content/000448420.pdf,5a93c8ea6e8da97a4e2db6fb8d05e3bf5de17f67220d3ad35986b68a7b3baa27,第2表 債務負担行為（工事請負契約等）,令和９年度…公共施設等総合管理計画改定業務委託,supported,a99b1d5f0deed09e655026bc8b0889dd8f473cc7aa2257c17b9544e46fed35ad
shinjuku-2026-r1-gian-1,hard,content,R1G01-H-08,第2表の主な事項と期間・限度額,https://www.city.shinjuku.lg.jp/content/000448420.pdf,5a93c8ea6e8da97a4e2db6fb8d05e3bf5de17f67220d3ad35986b68a7b3baa27,第2表 債務負担行為（工事請負契約等）,"新宿区土地開発公社取得用地買収…５５９,３７７…特別出張所等区民施設照明設備改修工事等…５４８,５９４…牛込第一中学校埋蔵文化財調査業務委託…２３１,０２１…公衆浴場資金利子補給…１４,６５７…令和29年度…商工業融資資金利子補給…１３３,０７３…令和18年度",supported,19fbe9e5253dc17de888e6eeb5732c110d9596d19afc781cd25e84257533462a
shinjuku-2026-r1-gian-1,easy,content,R1G01-E-10,"債務保証（新宿区土地開発公社）の上限は5億5,937万7千円、期間は2027年度（令和9年度）から2033年度（令和15年度）",https://www.city.shinjuku.lg.jp/content/000448420.pdf,5a93c8ea6e8da97a4e2db6fb8d05e3bf5de17f67220d3ad35986b68a7b3baa27,第3表 債務負担行為（債務保証）,"債務負担行為（債務保証）…新宿区土地開発公社債務保証…５５９,３７７…令和15年度",supported,e6b8edae439be9ae77c5187ca6155fc719c4d7907a7523e75f749821ae3e19c8
shinjuku-2026-r1-gian-1,normal,content,R1G01-N-12,"債務保証は新宿区土地開発公社債務保証で、令和9年度から令和15年度、限度額559,377千円",https://www.city.shinjuku.lg.jp/content/000448420.pdf,5a93c8ea6e8da97a4e2db6fb8d05e3bf5de17f67220d3ad35986b68a7b3baa27,第3表 債務負担行為（債務保証）,"債務負担行為（債務保証）…新宿区土地開発公社債務保証…５５９,３７７…令和15年度",supported,a99b1d5f0deed09e655026bc8b0889dd8f473cc7aa2257c17b9544e46fed35ad
shinjuku-2026-r1-gian-1,hard,content,R1G01-H-09,"第3表は新宿区土地開発公社債務保証（令和9年度〜令和15年度）559,377千円のみ",https://www.city.shinjuku.lg.jp/content/000448420.pdf,5a93c8ea6e8da97a4e2db6fb8d05e3bf5de17f67220d3ad35986b68a7b3baa27,第3表 債務負担行為（債務保証）,"債務負担行為（債務保証）…新宿区土地開発公社債務保証…５５９,３７７…令和15年度",supported,19fbe9e5253dc17de888e6eeb5732c110d9596d19afc781cd25e84257533462a
shinjuku-2026-r1-gian-1,easy,content,R1G01-E-11,"特別区債の上限24億4,300万円と、使いみち別の上限（地域振興施設11億9,400万円、子ども家庭施設5,000万円、道路5億5,600万円、公園8,900万円、学校施設5億5,400万円）",https://www.city.shinjuku.lg.jp/content/000448420.pdf,5a93c8ea6e8da97a4e2db6fb8d05e3bf5de17f67220d3ad35986b68a7b3baa27,第4表 特別区債,地 域 振 興 施 設 整 備 １，１９４，０００…子 ど も 家 庭 施 設 整 備 ５０，０００…道 路 整 備 ５５６，０００…公 園 整 備 ８９，０００…学 校 施 設 整 備 ５５４，０００…合 計 ２，４４３，０００,supported,e6b8edae439be9ae77c5187ca6155fc719c4d7907a7523e75f749821ae3e19c8
shinjuku-2026-r1-gian-1,normal,content,R1G01-N-13,特別区債の限度額の合計と内訳（地域振興施設整備・子ども家庭施設整備・道路整備・公園整備・学校施設整備）,https://www.city.shinjuku.lg.jp/content/000448420.pdf,5a93c8ea6e8da97a4e2db6fb8d05e3bf5de17f67220d3ad35986b68a7b3baa27,第4表 特別区債,地 域 振 興 施 設 整 備 １，１９４，０００…子 ど も 家 庭 施 設 整 備 ５０，０００…道 路 整 備 ５５６，０００…公 園 整 備 ８９，０００…学 校 施 設 整 備 ５５４，０００…合 計 ２，４４３，０００,supported,a99b1d5f0deed09e655026bc8b0889dd8f473cc7aa2257c17b9544e46fed35ad
shinjuku-2026-r1-gian-1,hard,content,R1G01-H-10,"第4表の起債目的別の限度額と合計2,443,000千円",https://www.city.shinjuku.lg.jp/content/000448420.pdf,5a93c8ea6e8da97a4e2db6fb8d05e3bf5de17f67220d3ad35986b68a7b3baa27,第4表 特別区債,地 域 振 興 施 設 整 備 １，１９４，０００…子 ど も 家 庭 施 設 整 備 ５０，０００…道 路 整 備 ５５６，０００…公 園 整 備 ８９，０００…学 校 施 設 整 備 ５５４，０００…合 計 ２，４４３，０００,supported,19fbe9e5253dc17de888e6eeb5732c110d9596d19afc781cd25e84257533462a
shinjuku-2026-r1-gian-1,easy,content,R1G01-E-12,利率は年5.0%以内、返す期間は25年以内,https://www.city.shinjuku.lg.jp/content/000448420.pdf,5a93c8ea6e8da97a4e2db6fb8d05e3bf5de17f67220d3ad35986b68a7b3baa27,第4表 特別区債,年 5.0 ％ 以 内…据置期間を含め 25 年以内…額 面 100 円 に つ き 98 円 以 上,supported,e6b8edae439be9ae77c5187ca6155fc719c4d7907a7523e75f749821ae3e19c8
shinjuku-2026-r1-gian-1,normal,content,R1G01-N-14,利率は年5.0%以内、償還は据置期間を含め25年以内,https://www.city.shinjuku.lg.jp/content/000448420.pdf,5a93c8ea6e8da97a4e2db6fb8d05e3bf5de17f67220d3ad35986b68a7b3baa27,第4表 特別区債,年 5.0 ％ 以 内…据置期間を含め 25 年以内…額 面 100 円 に つ き 98 円 以 上,supported,a99b1d5f0deed09e655026bc8b0889dd8f473cc7aa2257c17b9544e46fed35ad
shinjuku-2026-r1-gian-1,hard,content,R1G01-H-11,起債の方法・発行価格（額面100円につき98円以上）・利率（年5.0%以内）・償還（25年以内）,https://www.city.shinjuku.lg.jp/content/000448420.pdf,5a93c8ea6e8da97a4e2db6fb8d05e3bf5de17f67220d3ad35986b68a7b3baa27,第4表 特別区債,年 5.0 ％ 以 内…据置期間を含め 25 年以内…額 面 100 円 に つ き 98 円 以 上,supported,19fbe9e5253dc17de888e6eeb5732c110d9596d19afc781cd25e84257533462a
shinjuku-2026-r1-gian-1,easy,content,R1G01-E-13,一時借入金は最高で150億円,https://www.city.shinjuku.lg.jp/content/000448420.pdf,5a93c8ea6e8da97a4e2db6fb8d05e3bf5de17f67220d3ad35986b68a7b3baa27,第4条,"一時借入金の借入れの最高額は、15,000,000 千円と定める",supported,e6b8edae439be9ae77c5187ca6155fc719c4d7907a7523e75f749821ae3e19c8
shinjuku-2026-r1-gian-1,normal,content,R1G01-N-15,"一時借入金の最高額は15,000,000千円（150億円）",https://www.city.shinjuku.lg.jp/content/000448420.pdf,5a93c8ea6e8da97a4e2db6fb8d05e3bf5de17f67220d3ad35986b68a7b3baa27,第4条,"一時借入金の借入れの最高額は、15,000,000 千円と定める",supported,a99b1d5f0deed09e655026bc8b0889dd8f473cc7aa2257c17b9544e46fed35ad
shinjuku-2026-r1-gian-1,hard,content,R1G01-H-12,"第4条: 借入れの最高額15,000,000千円",https://www.city.shinjuku.lg.jp/content/000448420.pdf,5a93c8ea6e8da97a4e2db6fb8d05e3bf5de17f67220d3ad35986b68a7b3baa27,第4条,"一時借入金の借入れの最高額は、15,000,000 千円と定める",supported,19fbe9e5253dc17de888e6eeb5732c110d9596d19afc781cd25e84257533462a
shinjuku-2026-r1-gian-1,hard,content,R1G01-H-13,第5条: 歳出予算の流用ができる場合（給料・職員手当等・共済費の過不足）,https://www.city.shinjuku.lg.jp/content/000448420.pdf,5a93c8ea6e8da97a4e2db6fb8d05e3bf5de17f67220d3ad35986b68a7b3baa27,第5条,地方自治法第２２０条第２項ただし書の規定により歳出予算の各項の経費の金額を流用することができる場合…各項に計上した給料、職員手当等及び共済費に係る予算額に過不足を生じた場合における同一款内でのこれらの経費の各項の間の流用,supported,19fbe9e5253dc17de888e6eeb5732c110d9596d19afc781cd25e84257533462a
shinjuku-2026-r1-gian-1,easy,content,R1G01-E-14,個々の事業の名前と内容、前の年度の予算との比較、特別区交付金の意味、賛否の理由は出典に書かれていない,https://www.city.shinjuku.lg.jp/content/000448420.pdf,5a93c8ea6e8da97a4e2db6fb8d05e3bf5de17f67220d3ad35986b68a7b3baa27,出典に記載がない事項,（本件は解説本文が「一次資料に記載がない」と明示している箇所であり、事実主張ではない）,needs_source,e6b8edae439be9ae77c5187ca6155fc719c4d7907a7523e75f749821ae3e19c8
shinjuku-2026-r1-gian-1,normal,content,R1G01-N-16,個々の事業の名称と内容、前年度予算との比較、各款の説明、賛否の理由は出典に書かれていない,https://www.city.shinjuku.lg.jp/content/000448420.pdf,5a93c8ea6e8da97a4e2db6fb8d05e3bf5de17f67220d3ad35986b68a7b3baa27,出典に記載がない事項,（本件は解説本文が「一次資料に記載がない」と明示している箇所であり、事実主張ではない）,needs_source,a99b1d5f0deed09e655026bc8b0889dd8f473cc7aa2257c17b9544e46fed35ad
shinjuku-2026-r1-gian-1,hard,content,R1G01-H-14,個々の事業の名称・内容、前年度予算との比較、各款の説明、賛否の理由は書かれていない,https://www.city.shinjuku.lg.jp/content/000448420.pdf,5a93c8ea6e8da97a4e2db6fb8d05e3bf5de17f67220d3ad35986b68a7b3baa27,出典に記載がない事項,（本件は解説本文が「一次資料に記載がない」と明示している箇所であり、事実主張ではない）,needs_source,19fbe9e5253dc17de888e6eeb5732c110d9596d19afc781cd25e84257533462a
shinjuku-2026-r1-gian-1,easy,content,R1G01-E-15,原案可決,https://www.city.shinjuku.lg.jp/kusei/soumu01_002090_00015.html,7c2b6f68db1b433b860b35d176b4dd9211e78582ec9de718fcfefe68b22d896a,審議状況（第1号議案）,第1号議案令和8年度新宿区一般会計予算原案可決,supported,e6b8edae439be9ae77c5187ca6155fc719c4d7907a7523e75f749821ae3e19c8
shinjuku-2026-r1-gian-1,normal,content,R1G01-N-17,原案可決,https://www.city.shinjuku.lg.jp/kusei/soumu01_002090_00015.html,7c2b6f68db1b433b860b35d176b4dd9211e78582ec9de718fcfefe68b22d896a,審議状況（第1号議案）,第1号議案令和8年度新宿区一般会計予算原案可決,supported,a99b1d5f0deed09e655026bc8b0889dd8f473cc7aa2257c17b9544e46fed35ad
shinjuku-2026-r1-gian-1,hard,content,R1G01-H-15,原案可決（議決結果ページの記載）,https://www.city.shinjuku.lg.jp/kusei/soumu01_002090_00015.html,7c2b6f68db1b433b860b35d176b4dd9211e78582ec9de718fcfefe68b22d896a,審議状況（第1号議案）,第1号議案令和8年度新宿区一般会計予算原案可決,supported,19fbe9e5253dc17de888e6eeb5732c110d9596d19afc781cd25e84257533462a
shinjuku-2026-r1-gian-1,easy,content,R1G01-E-16,会議録は第1回定例会の第4日（2026年3月24日）,https://ssp.kaigiroku.net/tenant/shinjuku/MinuteView.html?council_id=3163&schedule_id=5&minute_id=1,bd058d36962b45d8d965e4625bb95ecd661a102a026175213f37ba9eb575424a,審議状況（本会議 3月24日 会議録の冒頭）,令和８年第１回定例会会議録（第４日）第４号…令和８年３月２４日（火曜日）,supported,e6b8edae439be9ae77c5187ca6155fc719c4d7907a7523e75f749821ae3e19c8
shinjuku-2026-r1-gian-1,normal,content,R1G01-N-18,会議録は第4日（令和8年3月24日）,https://ssp.kaigiroku.net/tenant/shinjuku/MinuteView.html?council_id=3163&schedule_id=5&minute_id=1,bd058d36962b45d8d965e4625bb95ecd661a102a026175213f37ba9eb575424a,審議状況（本会議 3月24日 会議録の冒頭）,令和８年第１回定例会会議録（第４日）第４号…令和８年３月２４日（火曜日）,supported,a99b1d5f0deed09e655026bc8b0889dd8f473cc7aa2257c17b9544e46fed35ad
shinjuku-2026-r1-gian-1,hard,content,R1G01-H-16,会議録は第4日第4号、令和8年3月24日（火曜日）,https://ssp.kaigiroku.net/tenant/shinjuku/MinuteView.html?council_id=3163&schedule_id=5&minute_id=1,bd058d36962b45d8d965e4625bb95ecd661a102a026175213f37ba9eb575424a,審議状況（本会議 3月24日 会議録の冒頭）,令和８年第１回定例会会議録（第４日）第４号…令和８年３月２４日（火曜日）,supported,19fbe9e5253dc17de888e6eeb5732c110d9596d19afc781cd25e84257533462a
shinjuku-2026-r1-gian-1,hard,content,R1G01-H-17,会議録: 第1号議案について起立により採決する,https://ssp.kaigiroku.net/tenant/shinjuku/MinuteView.html?council_id=3163&schedule_id=5&minute_id=92,8c6c06ac6bd7ff42bf82ccdf3f47931971857bd629a0c7861120203dbbed3d56,審議状況（本会議 3月24日 議長）,最初に、第1号議案について採決します…賛成の方は御起立願います,supported,19fbe9e5253dc17de888e6eeb5732c110d9596d19afc781cd25e84257533462a
shinjuku-2026-r1-gian-1,easy,content,R1G01-E-17,本案は可決された,https://ssp.kaigiroku.net/tenant/shinjuku/MinuteView.html?council_id=3163&schedule_id=5&minute_id=93,6b9a442fe1b8e9b3e365ca3bdcd03f968a410bb5ce7e2dce917f806ea80be5d2,審議状況（本会議 3月24日 議長）,起立多数と認めます。本案は、委員会審査報告のとおり可決されました,supported,e6b8edae439be9ae77c5187ca6155fc719c4d7907a7523e75f749821ae3e19c8
shinjuku-2026-r1-gian-1,normal,content,R1G01-N-19,本案は委員会審査報告のとおり可決された,https://ssp.kaigiroku.net/tenant/shinjuku/MinuteView.html?council_id=3163&schedule_id=5&minute_id=93,6b9a442fe1b8e9b3e365ca3bdcd03f968a410bb5ce7e2dce917f806ea80be5d2,審議状況（本会議 3月24日 議長）,起立多数と認めます。本案は、委員会審査報告のとおり可決されました,supported,a99b1d5f0deed09e655026bc8b0889dd8f473cc7aa2257c17b9544e46fed35ad
shinjuku-2026-r1-gian-1,hard,content,R1G01-H-18,第1号議案は起立多数で、委員会審査報告のとおり可決された,https://ssp.kaigiroku.net/tenant/shinjuku/MinuteView.html?council_id=3163&schedule_id=5&minute_id=93,6b9a442fe1b8e9b3e365ca3bdcd03f968a410bb5ce7e2dce917f806ea80be5d2,審議状況（本会議 3月24日 議長）,起立多数と認めます。本案は、委員会審査報告のとおり可決されました,supported,19fbe9e5253dc17de888e6eeb5732c110d9596d19afc781cd25e84257533462a
shinjuku-2026-r1-gian-1,easy,content,R1G01-E-18,第1回定例会の会期は2026年2月17日（火）から3月24日（火）まで,https://www.city.shinjuku.lg.jp/kusei/file08_05_0003820210204_00013.html,869549fe3ba94ac28c6e8fd003d4ad71484501a78203fc7a885109aae4ab487c,審議状況（会期と日程）,令和8年2月17日（火曜日）から3月24日（火曜日）まで,supported,e6b8edae439be9ae77c5187ca6155fc719c4d7907a7523e75f749821ae3e19c8
shinjuku-2026-r1-gian-1,normal,content,R1G01-N-20,会期は2月17日〜3月24日,https://www.city.shinjuku.lg.jp/kusei/file08_05_0003820210204_00013.html,869549fe3ba94ac28c6e8fd003d4ad71484501a78203fc7a885109aae4ab487c,審議状況（会期と日程）,令和8年2月17日（火曜日）から3月24日（火曜日）まで,supported,a99b1d5f0deed09e655026bc8b0889dd8f473cc7aa2257c17b9544e46fed35ad
shinjuku-2026-r1-gian-1,hard,content,R1G01-H-19,議決結果ページの最終更新日は令和8年3月24日,https://www.city.shinjuku.lg.jp/kusei/soumu01_002090_00015.html,7c2b6f68db1b433b860b35d176b4dd9211e78582ec9de718fcfefe68b22d896a,審議状況（最終更新日）,最終更新日：2026年3月24日,supported,19fbe9e5253dc17de888e6eeb5732c110d9596d19afc781cd25e84257533462a
shinjuku-2026-r1-gian-1,easy,content,R1G01-E-19,反対したのは日本共産党新宿区議会議員団とれいわ新選組 新宿の2会派で、ほかの6会派は賛成,https://www.city.shinjuku.lg.jp/content/000452334.pdf,22ba4f49b18c96bd1fa26241606257c05477f38e25ac46d6f8e4f416a2cedbf2,審議状況（令和8年度新宿区一般会計予算）,"令和8年度新宿区一般会計予算予算額：1,878億3,556万円○○×○○○○×可決",supported,e6b8edae439be9ae77c5187ca6155fc719c4d7907a7523e75f749821ae3e19c8
shinjuku-2026-r1-gian-1,normal,content,R1G01-N-21,日本共産党新宿区議会議員団とれいわ新選組 新宿が反対し、ほかの6会派が賛成,https://www.city.shinjuku.lg.jp/content/000452334.pdf,22ba4f49b18c96bd1fa26241606257c05477f38e25ac46d6f8e4f416a2cedbf2,審議状況（令和8年度新宿区一般会計予算）,"令和8年度新宿区一般会計予算予算額：1,878億3,556万円○○×○○○○×可決",supported,a99b1d5f0deed09e655026bc8b0889dd8f473cc7aa2257c17b9544e46fed35ad
shinjuku-2026-r1-gian-1,hard,content,R1G01-H-20,"共産・れいわが反対、ほかの6会派が賛成。予算額は1,878億3,556万円",https://www.city.shinjuku.lg.jp/content/000452334.pdf,22ba4f49b18c96bd1fa26241606257c05477f38e25ac46d6f8e4f416a2cedbf2,審議状況（令和8年度新宿区一般会計予算）,"令和8年度新宿区一般会計予算予算額：1,878億3,556万円○○×○○○○×可決",supported,19fbe9e5253dc17de888e6eeb5732c110d9596d19afc781cd25e84257533462a
shinjuku-2026-r1-gian-1,hard,content,R1G01-H-21,会派略称と会派名の対応,https://www.city.shinjuku.lg.jp/content/000452334.pdf,22ba4f49b18c96bd1fa26241606257c05477f38e25ac46d6f8e4f416a2cedbf2,審議状況（会派略称・列の並び）,共産＝日本共産党新宿区議会議員団…れいわ＝れいわ新選組 新宿…自参ク＝自民・参政クラブ…公明＝新宿区議会公明党…新宿会＝新宿未来の会…民無ク＝立憲民主党・無所属クラブ…維新＝日本維新の会・新宿区議団…現役＝現役世代に優しい新宿・減税の会…自参ク 公明 共産 新宿会 民無ク 維新 現役 れいわ,supported,19fbe9e5253dc17de888e6eeb5732c110d9596d19afc781cd25e84257533462a
shinjuku-2026-r1-gian-5,easy,title,R1G05-ET-01,"見出し: 2025年度（令和7年度）の 予算を 3億2,123万8千円 足します",https://www.city.shinjuku.lg.jp/content/000448415.pdf,709aef207f70d219b4ba0b8a33be8f41a0b83ff74120ac9caa0dcf839156c385,第1条,"歳入歳出予算の総額に歳入歳出それぞれ 321,238 千円を追加し、歳入歳出予算の総額を歳入歳出それぞれ 198,631,536 千円とする",supported,02f41636aa56d3e26bac179656aeac9b1d323493aac898e32ddfc51de2731636
shinjuku-2026-r1-gian-5,normal,title,R1G05-NT-01,見出し: 令和7年度一般会計補正予算（第12号）,https://www.city.shinjuku.lg.jp/content/000448415.pdf,709aef207f70d219b4ba0b8a33be8f41a0b83ff74120ac9caa0dcf839156c385,第1条,"歳入歳出予算の総額に歳入歳出それぞれ 321,238 千円を追加し、歳入歳出予算の総額を歳入歳出それぞれ 198,631,536 千円とする",supported,a10232b405d3edb0d69947d06e50bb9f5a0ab265725eaf8253b5a3c8bf03bdaf
shinjuku-2026-r1-gian-5,hard,title,R1G05-HT-01,見出し: 令和7年度新宿区一般会計補正予算（第12号）の款項別内訳,https://www.city.shinjuku.lg.jp/content/000448415.pdf,709aef207f70d219b4ba0b8a33be8f41a0b83ff74120ac9caa0dcf839156c385,第1条,"歳入歳出予算の総額に歳入歳出それぞれ 321,238 千円を追加し、歳入歳出予算の総額を歳入歳出それぞれ 198,631,536 千円とする",supported,c6aa0b5f3f6d0cee2081c769b3144906b6bdcb846f4a8ac0055cc998ae0f4f66
shinjuku-2026-r1-gian-5,normal,title,R1G05-NT-02,見出し: 保育の単価改定,https://www.city.shinjuku.lg.jp/content/000447772.pdf,aaa515b53e3932878681e1cd7227929fce5fc0e0b629fff5d11789ef0393c597,歳出 6 子ども家庭費,"保育所への保育委託等 87,175千円…保育士等の処遇改善のための単価改定…に伴う保育委託費の増等",supported,a10232b405d3edb0d69947d06e50bb9f5a0ab265725eaf8253b5a3c8bf03bdaf
shinjuku-2026-r1-gian-5,normal,title,R1G05-NT-03,見出し: 生活保護の追加給付業務,https://www.city.shinjuku.lg.jp/content/000447772.pdf,aaa515b53e3932878681e1cd7227929fce5fc0e0b629fff5d11789ef0393c597,歳出 5 福祉費,"電子計算機賃借料等 14,080千円…保護費等の追加給付業務…生活保護システム改修委託等",supported,a10232b405d3edb0d69947d06e50bb9f5a0ab265725eaf8253b5a3c8bf03bdaf
shinjuku-2026-r1-gian-5,easy,summary,R1G05-ES-01,"要約: 区の お金を 3億2,123万8千円 足します",https://www.city.shinjuku.lg.jp/content/000448415.pdf,709aef207f70d219b4ba0b8a33be8f41a0b83ff74120ac9caa0dcf839156c385,第1条,"歳入歳出予算の総額に歳入歳出それぞれ 321,238 千円を追加し、歳入歳出予算の総額を歳入歳出それぞれ 198,631,536 千円とする",supported,02f41636aa56d3e26bac179656aeac9b1d323493aac898e32ddfc51de2731636
shinjuku-2026-r1-gian-5,normal,summary,R1G05-NS-01,"要約: 一般会計に3億2,123万8千円を追加する",https://www.city.shinjuku.lg.jp/content/000448415.pdf,709aef207f70d219b4ba0b8a33be8f41a0b83ff74120ac9caa0dcf839156c385,第1条,"歳入歳出予算の総額に歳入歳出それぞれ 321,238 千円を追加し、歳入歳出予算の総額を歳入歳出それぞれ 198,631,536 千円とする",supported,a10232b405d3edb0d69947d06e50bb9f5a0ab265725eaf8253b5a3c8bf03bdaf
shinjuku-2026-r1-gian-5,hard,summary,R1G05-HS-01,"要約: 歳入歳出予算の総額にそれぞれ321,238千円を追加し198,631,536千円とする",https://www.city.shinjuku.lg.jp/content/000448415.pdf,709aef207f70d219b4ba0b8a33be8f41a0b83ff74120ac9caa0dcf839156c385,第1条,"歳入歳出予算の総額に歳入歳出それぞれ 321,238 千円を追加し、歳入歳出予算の総額を歳入歳出それぞれ 198,631,536 千円とする",supported,c6aa0b5f3f6d0cee2081c769b3144906b6bdcb846f4a8ac0055cc998ae0f4f66
shinjuku-2026-r1-gian-5,easy,summary,R1G05-ES-02,要約: 生活保護の 追加の 給付の 仕事に 使います,https://www.city.shinjuku.lg.jp/content/000447772.pdf,aaa515b53e3932878681e1cd7227929fce5fc0e0b629fff5d11789ef0393c597,歳出 5 福祉費,"電子計算機賃借料等 14,080千円…保護費等の追加給付業務…生活保護システム改修委託等",supported,02f41636aa56d3e26bac179656aeac9b1d323493aac898e32ddfc51de2731636
shinjuku-2026-r1-gian-5,normal,summary,R1G05-NS-02,要約: 福祉費は保護費等の追加給付業務,https://www.city.shinjuku.lg.jp/content/000447772.pdf,aaa515b53e3932878681e1cd7227929fce5fc0e0b629fff5d11789ef0393c597,歳出 5 福祉費,"電子計算機賃借料等 14,080千円…保護費等の追加給付業務…生活保護システム改修委託等",supported,a10232b405d3edb0d69947d06e50bb9f5a0ab265725eaf8253b5a3c8bf03bdaf
shinjuku-2026-r1-gian-5,hard,summary,R1G05-HS-02,"要約: 歳出に福祉費141,207千円を追加する",https://www.city.shinjuku.lg.jp/content/000448415.pdf,709aef207f70d219b4ba0b8a33be8f41a0b83ff74120ac9caa0dcf839156c385,第1表 歳出,"5 福祉費 49,351,255 141,207 49,492,462…1 社会福祉費 1,872,971 14,080 1,887,051…4 生活保護費 23,914,914 127,127 24,042,041",supported,c6aa0b5f3f6d0cee2081c769b3144906b6bdcb846f4a8ac0055cc998ae0f4f66
shinjuku-2026-r1-gian-5,hard,summary,R1G05-HS-03,"要約: 歳出に子ども家庭費180,031千円を追加する",https://www.city.shinjuku.lg.jp/content/000448415.pdf,709aef207f70d219b4ba0b8a33be8f41a0b83ff74120ac9caa0dcf839156c385,第1表 歳出,"6 子ども家庭費 41,014,496 180,031 41,194,527…歳 出 合 計 198,310,298 321,238 198,631,536",supported,c6aa0b5f3f6d0cee2081c769b3144906b6bdcb846f4a8ac0055cc998ae0f4f66
shinjuku-2026-r1-gian-5,easy,summary,R1G05-ES-03,要約: 保育士などの 処遇改善の ための 単価の 見直しにも 使います,https://www.city.shinjuku.lg.jp/content/000447772.pdf,aaa515b53e3932878681e1cd7227929fce5fc0e0b629fff5d11789ef0393c597,歳出 6 子ども家庭費,"保育所への保育委託等 87,175千円…保育士等の処遇改善のための単価改定…に伴う保育委託費の増等",supported,02f41636aa56d3e26bac179656aeac9b1d323493aac898e32ddfc51de2731636
shinjuku-2026-r1-gian-5,normal,summary,R1G05-NS-03,要約: 子ども家庭費には保育委託費の単価改定分を計上する,https://www.city.shinjuku.lg.jp/content/000447772.pdf,aaa515b53e3932878681e1cd7227929fce5fc0e0b629fff5d11789ef0393c597,歳出 6 子ども家庭費,"保育所への保育委託等 87,175千円…保育士等の処遇改善のための単価改定…に伴う保育委託費の増等",supported,a10232b405d3edb0d69947d06e50bb9f5a0ab265725eaf8253b5a3c8bf03bdaf
shinjuku-2026-r1-gian-5,normal,summary,R1G05-NS-04,要約: 子ども家庭費には施設型給付費の単価改定分を計上する,https://www.city.shinjuku.lg.jp/content/000447772.pdf,aaa515b53e3932878681e1cd7227929fce5fc0e0b629fff5d11789ef0393c597,歳出 6 子ども家庭費,"子ども園等への施設型給付等 62,404千円…保育士等の処遇改善のための単価改定…に伴う給付費の増等",supported,a10232b405d3edb0d69947d06e50bb9f5a0ab265725eaf8253b5a3c8bf03bdaf
shinjuku-2026-r1-gian-5,normal,summary,R1G05-NS-05,要約: 子ども家庭費には乳児等通園支援事業の周知費を計上する,https://www.city.shinjuku.lg.jp/content/000447772.pdf,aaa515b53e3932878681e1cd7227929fce5fc0e0b629fff5d11789ef0393c597,歳出 6 子ども家庭費,"乳児等通園支援事業の周知 1,358千円…新宿区乳児等通園支援事業の周知…周知用ポスター作成等",supported,a10232b405d3edb0d69947d06e50bb9f5a0ab265725eaf8253b5a3c8bf03bdaf
shinjuku-2026-r1-gian-5,hard,summary,R1G05-HS-04,要約: 歳入は国庫支出金・都支出金・繰入金,https://www.city.shinjuku.lg.jp/content/000448415.pdf,709aef207f70d219b4ba0b8a33be8f41a0b83ff74120ac9caa0dcf839156c385,第1表 歳入,"14 国庫支出金 34,095,609 253,442 34,349,051…1 国庫負担金 29,772,078 112,235 29,884,313…2 国庫補助金 4,198,235 141,207 4,339,442…15 都支出金 19,633,609 108,888 19,742,497…1 都負担金 7,409,353 △21,524 7,387,829…2 都補助金 10,350,976 130,412 10,481,388…18 繰入金 8,998,142 △41,092 8,957,050…歳 入 合 計 198,310,298 321,238 198,631,536",supported,c6aa0b5f3f6d0cee2081c769b3144906b6bdcb846f4a8ac0055cc998ae0f4f66
shinjuku-2026-r1-gian-5,hard,summary,R1G05-HS-05,"要約: 福祉費141,207千円の繰越明許費を設定する",https://www.city.shinjuku.lg.jp/content/000447772.pdf,aaa515b53e3932878681e1cd7227929fce5fc0e0b629fff5d11789ef0393c597,繰越明許費,"繰越明許費】 141,207千円…保護費等の追加給付業務の年度内完了が困難であるため",supported,c6aa0b5f3f6d0cee2081c769b3144906b6bdcb846f4a8ac0055cc998ae0f4f66
shinjuku-2026-r1-gian-5,easy,content,R1G05-E-01,この議案は 2025年度（令和7年度）の 一般会計の 補正予算,https://www.city.shinjuku.lg.jp/content/000448415.pdf,709aef207f70d219b4ba0b8a33be8f41a0b83ff74120ac9caa0dcf839156c385,件名,令和７年度新宿区一般会計補正予算（第１２号）,supported,02f41636aa56d3e26bac179656aeac9b1d323493aac898e32ddfc51de2731636
shinjuku-2026-r1-gian-5,normal,content,R1G05-N-01,令和7年度一般会計の補正予算,https://www.city.shinjuku.lg.jp/content/000448415.pdf,709aef207f70d219b4ba0b8a33be8f41a0b83ff74120ac9caa0dcf839156c385,件名,令和７年度新宿区一般会計補正予算（第１２号）,supported,a10232b405d3edb0d69947d06e50bb9f5a0ab265725eaf8253b5a3c8bf03bdaf
shinjuku-2026-r1-gian-5,hard,content,R1G05-H-01,件名は令和7年度新宿区一般会計補正予算（第12号）,https://www.city.shinjuku.lg.jp/content/000448415.pdf,709aef207f70d219b4ba0b8a33be8f41a0b83ff74120ac9caa0dcf839156c385,件名,令和７年度新宿区一般会計補正予算（第１２号）,supported,c6aa0b5f3f6d0cee2081c769b3144906b6bdcb846f4a8ac0055cc998ae0f4f66
shinjuku-2026-r1-gian-5,easy,content,R1G05-E-02,区長が 2026年2月17日に 出した,https://www.city.shinjuku.lg.jp/content/000448415.pdf,709aef207f70d219b4ba0b8a33be8f41a0b83ff74120ac9caa0dcf839156c385,提出日・提出者,令和８年２月１７日 提出…新宿区長 吉 住 健 一,supported,02f41636aa56d3e26bac179656aeac9b1d323493aac898e32ddfc51de2731636
shinjuku-2026-r1-gian-5,normal,content,R1G05-N-02,令和8年2月17日に区長が提出した,https://www.city.shinjuku.lg.jp/content/000448415.pdf,709aef207f70d219b4ba0b8a33be8f41a0b83ff74120ac9caa0dcf839156c385,提出日・提出者,令和８年２月１７日 提出…新宿区長 吉 住 健 一,supported,a10232b405d3edb0d69947d06e50bb9f5a0ab265725eaf8253b5a3c8bf03bdaf
shinjuku-2026-r1-gian-5,hard,content,R1G05-H-02,提出日は令和8年2月17日、提出者は新宿区長 吉住健一,https://www.city.shinjuku.lg.jp/content/000448415.pdf,709aef207f70d219b4ba0b8a33be8f41a0b83ff74120ac9caa0dcf839156c385,提出日・提出者,令和８年２月１７日 提出…新宿区長 吉 住 健 一,supported,c6aa0b5f3f6d0cee2081c769b3144906b6bdcb846f4a8ac0055cc998ae0f4f66
shinjuku-2026-r1-gian-5,easy,content,R1G05-E-03,"3億2,123万8千円を 足し、ぜんぶで 1,986億3,153万6千円に なる",https://www.city.shinjuku.lg.jp/content/000448415.pdf,709aef207f70d219b4ba0b8a33be8f41a0b83ff74120ac9caa0dcf839156c385,第1条,"歳入歳出予算の総額に歳入歳出それぞれ 321,238 千円を追加し、歳入歳出予算の総額を歳入歳出それぞれ 198,631,536 千円とする",supported,02f41636aa56d3e26bac179656aeac9b1d323493aac898e32ddfc51de2731636
shinjuku-2026-r1-gian-5,normal,content,R1G05-N-03,"歳入歳出それぞれに321,238千円を追加し、総額を198,631,536千円とする",https://www.city.shinjuku.lg.jp/content/000448415.pdf,709aef207f70d219b4ba0b8a33be8f41a0b83ff74120ac9caa0dcf839156c385,第1条,"歳入歳出予算の総額に歳入歳出それぞれ 321,238 千円を追加し、歳入歳出予算の総額を歳入歳出それぞれ 198,631,536 千円とする",supported,a10232b405d3edb0d69947d06e50bb9f5a0ab265725eaf8253b5a3c8bf03bdaf
shinjuku-2026-r1-gian-5,hard,content,R1G05-H-03,"第1条: 総額にそれぞれ321,238千円を追加し198,631,536千円とする",https://www.city.shinjuku.lg.jp/content/000448415.pdf,709aef207f70d219b4ba0b8a33be8f41a0b83ff74120ac9caa0dcf839156c385,第1条,"歳入歳出予算の総額に歳入歳出それぞれ 321,238 千円を追加し、歳入歳出予算の総額を歳入歳出それぞれ 198,631,536 千円とする",supported,c6aa0b5f3f6d0cee2081c769b3144906b6bdcb846f4a8ac0055cc998ae0f4f66
shinjuku-2026-r1-gian-5,hard,content,R1G05-H-04,第2条: 繰越明許費の追加は第2表による,https://www.city.shinjuku.lg.jp/content/000448415.pdf,709aef207f70d219b4ba0b8a33be8f41a0b83ff74120ac9caa0dcf839156c385,第2条,繰越明許費の追加は、「第２表繰越明許費補正」による,supported,c6aa0b5f3f6d0cee2081c769b3144906b6bdcb846f4a8ac0055cc998ae0f4f66
shinjuku-2026-r1-gian-5,hard,content,R1G05-H-05,"概要資料の補正後予算額は198,631,536千円",https://www.city.shinjuku.lg.jp/content/000447772.pdf,aaa515b53e3932878681e1cd7227929fce5fc0e0b629fff5d11789ef0393c597,補正後予算額,"１２号補正後予算額 198,631,536千円",supported,c6aa0b5f3f6d0cee2081c769b3144906b6bdcb846f4a8ac0055cc998ae0f4f66
shinjuku-2026-r1-gian-5,easy,content,R1G05-E-04,"福祉費は1億4,120万7千円",https://www.city.shinjuku.lg.jp/content/000447772.pdf,aaa515b53e3932878681e1cd7227929fce5fc0e0b629fff5d11789ef0393c597,歳出 5 福祉費,"５ 福祉費 141,207千円",supported,02f41636aa56d3e26bac179656aeac9b1d323493aac898e32ddfc51de2731636
shinjuku-2026-r1-gian-5,normal,content,R1G05-N-04,"福祉費は141,207千円",https://www.city.shinjuku.lg.jp/content/000447772.pdf,aaa515b53e3932878681e1cd7227929fce5fc0e0b629fff5d11789ef0393c597,歳出 5 福祉費,"５ 福祉費 141,207千円",supported,a10232b405d3edb0d69947d06e50bb9f5a0ab265725eaf8253b5a3c8bf03bdaf
shinjuku-2026-r1-gian-5,easy,content,R1G05-E-05,"電子計算機賃借料等1,408万円は生活保護システムの改修の委託など（追加の給付の仕事）",https://www.city.shinjuku.lg.jp/content/000447772.pdf,aaa515b53e3932878681e1cd7227929fce5fc0e0b629fff5d11789ef0393c597,歳出 5 福祉費,"電子計算機賃借料等 14,080千円…保護費等の追加給付業務…生活保護システム改修委託等",supported,02f41636aa56d3e26bac179656aeac9b1d323493aac898e32ddfc51de2731636
shinjuku-2026-r1-gian-5,normal,content,R1G05-N-05,"電子計算機賃借料等14,080千円は生活保護システム改修委託等で、保護費等の追加給付業務",https://www.city.shinjuku.lg.jp/content/000447772.pdf,aaa515b53e3932878681e1cd7227929fce5fc0e0b629fff5d11789ef0393c597,歳出 5 福祉費,"電子計算機賃借料等 14,080千円…保護費等の追加給付業務…生活保護システム改修委託等",supported,a10232b405d3edb0d69947d06e50bb9f5a0ab265725eaf8253b5a3c8bf03bdaf
shinjuku-2026-r1-gian-5,hard,content,R1G05-H-06,"福祉費の電子計算機賃借料等14,080千円（生活保護システム改修委託等）は保護費等の追加給付業務",https://www.city.shinjuku.lg.jp/content/000447772.pdf,aaa515b53e3932878681e1cd7227929fce5fc0e0b629fff5d11789ef0393c597,歳出 5 福祉費,"電子計算機賃借料等 14,080千円…保護費等の追加給付業務…生活保護システム改修委託等",supported,c6aa0b5f3f6d0cee2081c769b3144906b6bdcb846f4a8ac0055cc998ae0f4f66
shinjuku-2026-r1-gian-5,easy,content,R1G05-E-06,"生活保護法施行事務1億2,712万7千円は相談窓口と書類審査の委託など",https://www.city.shinjuku.lg.jp/content/000447772.pdf,aaa515b53e3932878681e1cd7227929fce5fc0e0b629fff5d11789ef0393c597,歳出 5 福祉費,"生活保護法施行事務 127,127千円…保護費等の追加給付業務…相談窓口及び書類審査委託等",supported,02f41636aa56d3e26bac179656aeac9b1d323493aac898e32ddfc51de2731636
shinjuku-2026-r1-gian-5,normal,content,R1G05-N-06,"生活保護法施行事務127,127千円は相談窓口及び書類審査委託等で、保護費等の追加給付業務",https://www.city.shinjuku.lg.jp/content/000447772.pdf,aaa515b53e3932878681e1cd7227929fce5fc0e0b629fff5d11789ef0393c597,歳出 5 福祉費,"生活保護法施行事務 127,127千円…保護費等の追加給付業務…相談窓口及び書類審査委託等",supported,a10232b405d3edb0d69947d06e50bb9f5a0ab265725eaf8253b5a3c8bf03bdaf
shinjuku-2026-r1-gian-5,hard,content,R1G05-H-07,"生活保護法施行事務127,127千円（相談窓口及び書類審査委託等）は保護費等の追加給付業務",https://www.city.shinjuku.lg.jp/content/000447772.pdf,aaa515b53e3932878681e1cd7227929fce5fc0e0b629fff5d11789ef0393c597,歳出 5 福祉費,"生活保護法施行事務 127,127千円…保護費等の追加給付業務…相談窓口及び書類審査委託等",supported,c6aa0b5f3f6d0cee2081c769b3144906b6bdcb846f4a8ac0055cc998ae0f4f66
shinjuku-2026-r1-gian-5,hard,content,R1G05-H-08,第1表 歳出: 福祉費・社会福祉費・生活保護費の補正前・補正額・計,https://www.city.shinjuku.lg.jp/content/000448415.pdf,709aef207f70d219b4ba0b8a33be8f41a0b83ff74120ac9caa0dcf839156c385,第1表 歳出,"5 福祉費 49,351,255 141,207 49,492,462…1 社会福祉費 1,872,971 14,080 1,887,051…4 生活保護費 23,914,914 127,127 24,042,041",supported,c6aa0b5f3f6d0cee2081c769b3144906b6bdcb846f4a8ac0055cc998ae0f4f66
shinjuku-2026-r1-gian-5,easy,content,R1G05-E-07,"子ども家庭費は1億8,003万1千円",https://www.city.shinjuku.lg.jp/content/000447772.pdf,aaa515b53e3932878681e1cd7227929fce5fc0e0b629fff5d11789ef0393c597,歳出 6 子ども家庭費,"６ 子ども家庭費 180,031千円",supported,02f41636aa56d3e26bac179656aeac9b1d323493aac898e32ddfc51de2731636
shinjuku-2026-r1-gian-5,normal,content,R1G05-N-07,"子ども家庭費は180,031千円",https://www.city.shinjuku.lg.jp/content/000447772.pdf,aaa515b53e3932878681e1cd7227929fce5fc0e0b629fff5d11789ef0393c597,歳出 6 子ども家庭費,"６ 子ども家庭費 180,031千円",supported,a10232b405d3edb0d69947d06e50bb9f5a0ab265725eaf8253b5a3c8bf03bdaf
shinjuku-2026-r1-gian-5,easy,content,R1G05-E-08,乳児等通園支援事業の周知は135万8千円（ポスターを作るお金など）,https://www.city.shinjuku.lg.jp/content/000447772.pdf,aaa515b53e3932878681e1cd7227929fce5fc0e0b629fff5d11789ef0393c597,歳出 6 子ども家庭費,"乳児等通園支援事業の周知 1,358千円…新宿区乳児等通園支援事業の周知…周知用ポスター作成等",supported,02f41636aa56d3e26bac179656aeac9b1d323493aac898e32ddfc51de2731636
shinjuku-2026-r1-gian-5,normal,content,R1G05-N-08,"乳児等通園支援事業の周知1,358千円は周知用ポスター作成等",https://www.city.shinjuku.lg.jp/content/000447772.pdf,aaa515b53e3932878681e1cd7227929fce5fc0e0b629fff5d11789ef0393c597,歳出 6 子ども家庭費,"乳児等通園支援事業の周知 1,358千円…新宿区乳児等通園支援事業の周知…周知用ポスター作成等",supported,a10232b405d3edb0d69947d06e50bb9f5a0ab265725eaf8253b5a3c8bf03bdaf
shinjuku-2026-r1-gian-5,hard,content,R1G05-H-09,"乳児等通園支援事業の周知1,358千円（周知用ポスター作成等）",https://www.city.shinjuku.lg.jp/content/000447772.pdf,aaa515b53e3932878681e1cd7227929fce5fc0e0b629fff5d11789ef0393c597,歳出 6 子ども家庭費,"乳児等通園支援事業の周知 1,358千円…新宿区乳児等通園支援事業の周知…周知用ポスター作成等",supported,c6aa0b5f3f6d0cee2081c769b3144906b6bdcb846f4a8ac0055cc998ae0f4f66
shinjuku-2026-r1-gian-5,easy,content,R1G05-E-09,"保育所への保育委託などは8,717万5千円",https://www.city.shinjuku.lg.jp/content/000447772.pdf,aaa515b53e3932878681e1cd7227929fce5fc0e0b629fff5d11789ef0393c597,歳出 6 子ども家庭費,"保育所への保育委託等 87,175千円…保育士等の処遇改善のための単価改定…に伴う保育委託費の増等",supported,02f41636aa56d3e26bac179656aeac9b1d323493aac898e32ddfc51de2731636
shinjuku-2026-r1-gian-5,normal,content,R1G05-N-09,"保育所への保育委託等（私立保育所等委託）87,175千円は保育士等の処遇改善のための単価改定に伴う増等",https://www.city.shinjuku.lg.jp/content/000447772.pdf,aaa515b53e3932878681e1cd7227929fce5fc0e0b629fff5d11789ef0393c597,歳出 6 子ども家庭費,"保育所への保育委託等 87,175千円…保育士等の処遇改善のための単価改定…に伴う保育委託費の増等",supported,a10232b405d3edb0d69947d06e50bb9f5a0ab265725eaf8253b5a3c8bf03bdaf
shinjuku-2026-r1-gian-5,hard,content,R1G05-H-10,"保育所への保育委託等87,175千円は単価改定に伴う増",https://www.city.shinjuku.lg.jp/content/000447772.pdf,aaa515b53e3932878681e1cd7227929fce5fc0e0b629fff5d11789ef0393c597,歳出 6 子ども家庭費,"保育所への保育委託等 87,175千円…保育士等の処遇改善のための単価改定…に伴う保育委託費の増等",supported,c6aa0b5f3f6d0cee2081c769b3144906b6bdcb846f4a8ac0055cc998ae0f4f66
shinjuku-2026-r1-gian-5,easy,content,R1G05-E-10,"子ども園などへの施設型給付などは6,240万4千円",https://www.city.shinjuku.lg.jp/content/000447772.pdf,aaa515b53e3932878681e1cd7227929fce5fc0e0b629fff5d11789ef0393c597,歳出 6 子ども家庭費,"子ども園等への施設型給付等 62,404千円…保育士等の処遇改善のための単価改定…に伴う給付費の増等",supported,02f41636aa56d3e26bac179656aeac9b1d323493aac898e32ddfc51de2731636
shinjuku-2026-r1-gian-5,normal,content,R1G05-N-10,"子ども園等への施設型給付等62,404千円は単価改定に伴う給付費の増等",https://www.city.shinjuku.lg.jp/content/000447772.pdf,aaa515b53e3932878681e1cd7227929fce5fc0e0b629fff5d11789ef0393c597,歳出 6 子ども家庭費,"子ども園等への施設型給付等 62,404千円…保育士等の処遇改善のための単価改定…に伴う給付費の増等",supported,a10232b405d3edb0d69947d06e50bb9f5a0ab265725eaf8253b5a3c8bf03bdaf
shinjuku-2026-r1-gian-5,hard,content,R1G05-H-11,"子ども園等への施設型給付等62,404千円は単価改定に伴う増",https://www.city.shinjuku.lg.jp/content/000447772.pdf,aaa515b53e3932878681e1cd7227929fce5fc0e0b629fff5d11789ef0393c597,歳出 6 子ども家庭費,"子ども園等への施設型給付等 62,404千円…保育士等の処遇改善のための単価改定…に伴う給付費の増等",supported,c6aa0b5f3f6d0cee2081c769b3144906b6bdcb846f4a8ac0055cc998ae0f4f66
shinjuku-2026-r1-gian-5,easy,content,R1G05-E-11,"地域型保育給付など（家庭的保育事業）759万7千円と（事業所内保育事業）2,149万7千円は、保育士などの処遇改善のための単価の見直しに合わせた お金",https://www.city.shinjuku.lg.jp/content/000447772.pdf,aaa515b53e3932878681e1cd7227929fce5fc0e0b629fff5d11789ef0393c597,歳出 6 子ども家庭費,"地域型保育給付等 7,597千円…（家庭的保育事業）…地域型保育給付等 21,497千円…（事業所内保育事業）…保育士等の処遇改善のための単価改定",supported,02f41636aa56d3e26bac179656aeac9b1d323493aac898e32ddfc51de2731636
shinjuku-2026-r1-gian-5,normal,content,R1G05-N-11,"地域型保育給付等7,597千円（家庭的保育事業）と21,497千円（事業所内保育事業）は単価改定に伴う増等",https://www.city.shinjuku.lg.jp/content/000447772.pdf,aaa515b53e3932878681e1cd7227929fce5fc0e0b629fff5d11789ef0393c597,歳出 6 子ども家庭費,"地域型保育給付等 7,597千円…（家庭的保育事業）…地域型保育給付等 21,497千円…（事業所内保育事業）…保育士等の処遇改善のための単価改定",supported,a10232b405d3edb0d69947d06e50bb9f5a0ab265725eaf8253b5a3c8bf03bdaf
shinjuku-2026-r1-gian-5,hard,content,R1G05-H-12,"地域型保育給付等7,597千円（家庭的保育事業）・21,497千円（事業所内保育事業）は単価改定に伴う増",https://www.city.shinjuku.lg.jp/content/000447772.pdf,aaa515b53e3932878681e1cd7227929fce5fc0e0b629fff5d11789ef0393c597,歳出 6 子ども家庭費,"地域型保育給付等 7,597千円…（家庭的保育事業）…地域型保育給付等 21,497千円…（事業所内保育事業）…保育士等の処遇改善のための単価改定",supported,c6aa0b5f3f6d0cee2081c769b3144906b6bdcb846f4a8ac0055cc998ae0f4f66
shinjuku-2026-r1-gian-5,hard,content,R1G05-H-13,第1表 歳出: 子ども家庭費と歳出合計の補正前・補正額・計,https://www.city.shinjuku.lg.jp/content/000448415.pdf,709aef207f70d219b4ba0b8a33be8f41a0b83ff74120ac9caa0dcf839156c385,第1表 歳出,"6 子ども家庭費 41,014,496 180,031 41,194,527…歳 出 合 計 198,310,298 321,238 198,631,536",supported,c6aa0b5f3f6d0cee2081c769b3144906b6bdcb846f4a8ac0055cc998ae0f4f66
shinjuku-2026-r1-gian-5,easy,content,R1G05-E-12,"国庫支出金は2億5,344万2千円",https://www.city.shinjuku.lg.jp/content/000447772.pdf,aaa515b53e3932878681e1cd7227929fce5fc0e0b629fff5d11789ef0393c597,歳入 14 国庫支出金,"国庫支出金 253,442千円…委託保育費 54,753千円…施設型給付費 49,737千円…地域型保育給付費 7,745千円…生活困窮者就労準備支援等事業費 141,207千円",supported,02f41636aa56d3e26bac179656aeac9b1d323493aac898e32ddfc51de2731636
shinjuku-2026-r1-gian-5,normal,content,R1G05-N-12,"国庫支出金253,442千円の内訳（委託保育費・施設型給付費・地域型保育給付費・生活困窮者就労準備支援等事業費）",https://www.city.shinjuku.lg.jp/content/000447772.pdf,aaa515b53e3932878681e1cd7227929fce5fc0e0b629fff5d11789ef0393c597,歳入 14 国庫支出金,"国庫支出金 253,442千円…委託保育費 54,753千円…施設型給付費 49,737千円…地域型保育給付費 7,745千円…生活困窮者就労準備支援等事業費 141,207千円",supported,a10232b405d3edb0d69947d06e50bb9f5a0ab265725eaf8253b5a3c8bf03bdaf
shinjuku-2026-r1-gian-5,hard,content,R1G05-H-14,国庫支出金の負担金・補助金の内訳,https://www.city.shinjuku.lg.jp/content/000447772.pdf,aaa515b53e3932878681e1cd7227929fce5fc0e0b629fff5d11789ef0393c597,歳入 14 国庫支出金,"国庫支出金 253,442千円…委託保育費 54,753千円…施設型給付費 49,737千円…地域型保育給付費 7,745千円…生活困窮者就労準備支援等事業費 141,207千円",supported,c6aa0b5f3f6d0cee2081c769b3144906b6bdcb846f4a8ac0055cc998ae0f4f66
shinjuku-2026-r1-gian-5,easy,content,R1G05-E-13,都支出金は1億888万8千円,https://www.city.shinjuku.lg.jp/content/000447772.pdf,aaa515b53e3932878681e1cd7227929fce5fc0e0b629fff5d11789ef0393c597,歳入 15 都支出金,"都支出金 108,888千円…委託保育費 △31,026千円…施設型給付費 8,361千円…地域型保育給付費 1,141千円…施設型給付費 △2,431千円…保育所等利用世帯負担軽減事業費 132,843千円",supported,02f41636aa56d3e26bac179656aeac9b1d323493aac898e32ddfc51de2731636
shinjuku-2026-r1-gian-5,normal,content,R1G05-N-13,"都支出金108,888千円の内訳（負担金△21,524千円、補助金130,412千円など）",https://www.city.shinjuku.lg.jp/content/000447772.pdf,aaa515b53e3932878681e1cd7227929fce5fc0e0b629fff5d11789ef0393c597,歳入 15 都支出金,"都支出金 108,888千円…委託保育費 △31,026千円…施設型給付費 8,361千円…地域型保育給付費 1,141千円…施設型給付費 △2,431千円…保育所等利用世帯負担軽減事業費 132,843千円",supported,a10232b405d3edb0d69947d06e50bb9f5a0ab265725eaf8253b5a3c8bf03bdaf
shinjuku-2026-r1-gian-5,hard,content,R1G05-H-15,都支出金の負担金・補助金の内訳,https://www.city.shinjuku.lg.jp/content/000447772.pdf,aaa515b53e3932878681e1cd7227929fce5fc0e0b629fff5d11789ef0393c597,歳入 15 都支出金,"都支出金 108,888千円…委託保育費 △31,026千円…施設型給付費 8,361千円…地域型保育給付費 1,141千円…施設型給付費 △2,431千円…保育所等利用世帯負担軽減事業費 132,843千円",supported,c6aa0b5f3f6d0cee2081c769b3144906b6bdcb846f4a8ac0055cc998ae0f4f66
shinjuku-2026-r1-gian-5,easy,content,R1G05-E-14,"貯金（財政調整基金）から出す額が4,109万2千円へる",https://www.city.shinjuku.lg.jp/content/000447772.pdf,aaa515b53e3932878681e1cd7227929fce5fc0e0b629fff5d11789ef0393c597,歳入 18 繰入金,"繰入金 △41,092千円…財政調整基金繰入金 △41,092千円",supported,02f41636aa56d3e26bac179656aeac9b1d323493aac898e32ddfc51de2731636
shinjuku-2026-r1-gian-5,normal,content,R1G05-N-14,"繰入金△41,092千円は財政調整基金繰入金",https://www.city.shinjuku.lg.jp/content/000447772.pdf,aaa515b53e3932878681e1cd7227929fce5fc0e0b629fff5d11789ef0393c597,歳入 18 繰入金,"繰入金 △41,092千円…財政調整基金繰入金 △41,092千円",supported,a10232b405d3edb0d69947d06e50bb9f5a0ab265725eaf8253b5a3c8bf03bdaf
shinjuku-2026-r1-gian-5,hard,content,R1G05-H-16,"繰入金△41,092千円",https://www.city.shinjuku.lg.jp/content/000447772.pdf,aaa515b53e3932878681e1cd7227929fce5fc0e0b629fff5d11789ef0393c597,歳入 18 繰入金,"繰入金 △41,092千円…財政調整基金繰入金 △41,092千円",supported,c6aa0b5f3f6d0cee2081c769b3144906b6bdcb846f4a8ac0055cc998ae0f4f66
shinjuku-2026-r1-gian-5,hard,content,R1G05-H-17,第1表 歳入: 国庫支出金・都支出金・繰入金と歳入合計の補正前・補正額・計,https://www.city.shinjuku.lg.jp/content/000448415.pdf,709aef207f70d219b4ba0b8a33be8f41a0b83ff74120ac9caa0dcf839156c385,第1表 歳入,"14 国庫支出金 34,095,609 253,442 34,349,051…1 国庫負担金 29,772,078 112,235 29,884,313…2 国庫補助金 4,198,235 141,207 4,339,442…15 都支出金 19,633,609 108,888 19,742,497…1 都負担金 7,409,353 △21,524 7,387,829…2 都補助金 10,350,976 130,412 10,481,388…18 繰入金 8,998,142 △41,092 8,957,050…歳 入 合 計 198,310,298 321,238 198,631,536",supported,c6aa0b5f3f6d0cee2081c769b3144906b6bdcb846f4a8ac0055cc998ae0f4f66
shinjuku-2026-r1-gian-5,easy,content,R1G05-E-15,"財政調整基金の2025年度（令和7年度）の終わりの見こみは238億1,374万2千円",https://www.city.shinjuku.lg.jp/content/000447772.pdf,aaa515b53e3932878681e1cd7227929fce5fc0e0b629fff5d11789ef0393c597,財政調整基金,"補正前予算額 6,378,960千円…補正後予算額 6,337,868千円…年度末現在高見込額 23,813,742千円",supported,02f41636aa56d3e26bac179656aeac9b1d323493aac898e32ddfc51de2731636
shinjuku-2026-r1-gian-5,normal,content,R1G05-N-15,"財政調整基金の繰入額は6,378,960千円から6,337,868千円に減り、令和7年度末現在高見込額は23,813,742千円",https://www.city.shinjuku.lg.jp/content/000447772.pdf,aaa515b53e3932878681e1cd7227929fce5fc0e0b629fff5d11789ef0393c597,財政調整基金,"補正前予算額 6,378,960千円…補正後予算額 6,337,868千円…年度末現在高見込額 23,813,742千円",supported,a10232b405d3edb0d69947d06e50bb9f5a0ab265725eaf8253b5a3c8bf03bdaf
shinjuku-2026-r1-gian-5,hard,content,R1G05-H-18,財政調整基金繰入金の補正前・補正後と令和7年度末現在高見込額,https://www.city.shinjuku.lg.jp/content/000447772.pdf,aaa515b53e3932878681e1cd7227929fce5fc0e0b629fff5d11789ef0393c597,財政調整基金,"補正前予算額 6,378,960千円…補正後予算額 6,337,868千円…年度末現在高見込額 23,813,742千円",supported,c6aa0b5f3f6d0cee2081c769b3144906b6bdcb846f4a8ac0055cc998ae0f4f66
shinjuku-2026-r1-gian-5,hard,content,R1G05-H-19,令和6年度末現在高・既計上積立額・既計上取崩額・今回取崩額,https://www.city.shinjuku.lg.jp/content/000447772.pdf,aaa515b53e3932878681e1cd7227929fce5fc0e0b629fff5d11789ef0393c597,財政調整基金,"６年度末現在高 27,095,782千円…既計上積立額 3,055,828千円…既計上取崩額 6,378,960千円…今回取崩額 △41,092千円",supported,c6aa0b5f3f6d0cee2081c769b3144906b6bdcb846f4a8ac0055cc998ae0f4f66
shinjuku-2026-r1-gian-5,easy,content,R1G05-E-16,"福祉費の1億4,120万7千円は追加の給付の仕事を年度内に終えるのが難しいため次の年度に回す（繰越明許費）",https://www.city.shinjuku.lg.jp/content/000447772.pdf,aaa515b53e3932878681e1cd7227929fce5fc0e0b629fff5d11789ef0393c597,繰越明許費,"繰越明許費】 141,207千円…保護費等の追加給付業務の年度内完了が困難であるため",supported,02f41636aa56d3e26bac179656aeac9b1d323493aac898e32ddfc51de2731636
shinjuku-2026-r1-gian-5,normal,content,R1G05-N-16,"福祉費141,207千円を繰越明許費とし、理由は保護費等の追加給付業務の年度内完了が困難であるため",https://www.city.shinjuku.lg.jp/content/000447772.pdf,aaa515b53e3932878681e1cd7227929fce5fc0e0b629fff5d11789ef0393c597,繰越明許費,"繰越明許費】 141,207千円…保護費等の追加給付業務の年度内完了が困難であるため",supported,a10232b405d3edb0d69947d06e50bb9f5a0ab265725eaf8253b5a3c8bf03bdaf
shinjuku-2026-r1-gian-5,hard,content,R1G05-H-20,"福祉費141,207千円は保護費等の追加給付業務の年度内完了が困難なため繰越明許費とする",https://www.city.shinjuku.lg.jp/content/000447772.pdf,aaa515b53e3932878681e1cd7227929fce5fc0e0b629fff5d11789ef0393c597,繰越明許費,"繰越明許費】 141,207千円…保護費等の追加給付業務の年度内完了が困難であるため",supported,c6aa0b5f3f6d0cee2081c769b3144906b6bdcb846f4a8ac0055cc998ae0f4f66
shinjuku-2026-r1-gian-5,normal,content,R1G05-N-17,"繰越明許費の合計は2,636,965千円から2,778,172千円になる",https://www.city.shinjuku.lg.jp/content/000448415.pdf,709aef207f70d219b4ba0b8a33be8f41a0b83ff74120ac9caa0dcf839156c385,第2表 繰越明許費補正,５ 福 祉 費 ０ １４１，２０７…１ 社会福祉費 ０ １４，０８０…電子計算機賃借料等…４ 生活保護費 ０ １２７，１２７…生活保護法施行事務…合 計 ２，６３６，９６５ ２，７７８，１７２,supported,a10232b405d3edb0d69947d06e50bb9f5a0ab265725eaf8253b5a3c8bf03bdaf
shinjuku-2026-r1-gian-5,hard,content,R1G05-H-21,"第2表: 福祉費141,207千円（電子計算機賃借料等14,080千円、生活保護法施行事務127,127千円）と合計の補正前・補正後",https://www.city.shinjuku.lg.jp/content/000448415.pdf,709aef207f70d219b4ba0b8a33be8f41a0b83ff74120ac9caa0dcf839156c385,第2表 繰越明許費補正,５ 福 祉 費 ０ １４１，２０７…１ 社会福祉費 ０ １４，０８０…電子計算機賃借料等…４ 生活保護費 ０ １２７，１２７…生活保護法施行事務…合 計 ２，６３６，９６５ ２，７７８，１７２,supported,c6aa0b5f3f6d0cee2081c769b3144906b6bdcb846f4a8ac0055cc998ae0f4f66
shinjuku-2026-r1-gian-5,easy,content,R1G05-E-17,追加の給付を もらう 人と 金額、単価の 変わりかた、乳児等通園支援事業の 内容、賛否の 理由は 出典に 書かれていない,https://www.city.shinjuku.lg.jp/content/000448415.pdf,709aef207f70d219b4ba0b8a33be8f41a0b83ff74120ac9caa0dcf839156c385,出典に記載がない事項,（本件は解説本文が「一次資料に記載がない」と明示している箇所であり、事実主張ではない）,needs_source,02f41636aa56d3e26bac179656aeac9b1d323493aac898e32ddfc51de2731636
shinjuku-2026-r1-gian-5,normal,content,R1G05-N-18,追加給付の対象者・金額・時期、単価改定の具体的な金額、乳児等通園支援事業の内容、賛否の理由は出典に書かれていない,https://www.city.shinjuku.lg.jp/content/000448415.pdf,709aef207f70d219b4ba0b8a33be8f41a0b83ff74120ac9caa0dcf839156c385,出典に記載がない事項,（本件は解説本文が「一次資料に記載がない」と明示している箇所であり、事実主張ではない）,needs_source,a10232b405d3edb0d69947d06e50bb9f5a0ab265725eaf8253b5a3c8bf03bdaf
shinjuku-2026-r1-gian-5,hard,content,R1G05-H-22,追加給付の対象者・金額・時期、単価改定の具体的な金額、乳児等通園支援事業の内容、賛否の理由は書かれていない,https://www.city.shinjuku.lg.jp/content/000448415.pdf,709aef207f70d219b4ba0b8a33be8f41a0b83ff74120ac9caa0dcf839156c385,出典に記載がない事項,（本件は解説本文が「一次資料に記載がない」と明示している箇所であり、事実主張ではない）,needs_source,c6aa0b5f3f6d0cee2081c769b3144906b6bdcb846f4a8ac0055cc998ae0f4f66
shinjuku-2026-r1-gian-5,easy,content,R1G05-E-18,原案可決,https://www.city.shinjuku.lg.jp/kusei/soumu01_002090_00015.html,7c2b6f68db1b433b860b35d176b4dd9211e78582ec9de718fcfefe68b22d896a,審議状況（第5号議案）,第5号議案令和7年度新宿区一般会計補正予算（第12号）原案可決,supported,02f41636aa56d3e26bac179656aeac9b1d323493aac898e32ddfc51de2731636
shinjuku-2026-r1-gian-5,normal,content,R1G05-N-19,原案可決,https://www.city.shinjuku.lg.jp/kusei/soumu01_002090_00015.html,7c2b6f68db1b433b860b35d176b4dd9211e78582ec9de718fcfefe68b22d896a,審議状況（第5号議案）,第5号議案令和7年度新宿区一般会計補正予算（第12号）原案可決,supported,a10232b405d3edb0d69947d06e50bb9f5a0ab265725eaf8253b5a3c8bf03bdaf
shinjuku-2026-r1-gian-5,hard,content,R1G05-H-23,原案可決（議決結果ページの記載）,https://www.city.shinjuku.lg.jp/kusei/soumu01_002090_00015.html,7c2b6f68db1b433b860b35d176b4dd9211e78582ec9de718fcfefe68b22d896a,審議状況（第5号議案）,第5号議案令和7年度新宿区一般会計補正予算（第12号）原案可決,supported,c6aa0b5f3f6d0cee2081c769b3144906b6bdcb846f4a8ac0055cc998ae0f4f66
shinjuku-2026-r1-gian-5,easy,content,R1G05-E-19,会議録は第1回定例会の第1日（2026年2月17日）,https://ssp.kaigiroku.net/tenant/shinjuku/MinuteView.html?council_id=3163&schedule_id=2&minute_id=1,0b6ccdddbdb47e6b2667e9cc1a0b327151b8048623c89e453b5ce792cc977d6d,審議状況（本会議 2月17日 会議録の冒頭）,令和８年第１回定例会会議録（第１日）第１号…令和８年２月１７日（火曜日）,supported,02f41636aa56d3e26bac179656aeac9b1d323493aac898e32ddfc51de2731636
shinjuku-2026-r1-gian-5,normal,content,R1G05-N-20,会議録は第1日（令和8年2月17日）,https://ssp.kaigiroku.net/tenant/shinjuku/MinuteView.html?council_id=3163&schedule_id=2&minute_id=1,0b6ccdddbdb47e6b2667e9cc1a0b327151b8048623c89e453b5ce792cc977d6d,審議状況（本会議 2月17日 会議録の冒頭）,令和８年第１回定例会会議録（第１日）第１号…令和８年２月１７日（火曜日）,supported,a10232b405d3edb0d69947d06e50bb9f5a0ab265725eaf8253b5a3c8bf03bdaf
shinjuku-2026-r1-gian-5,hard,content,R1G05-H-24,会議録は第1日第1号、令和8年2月17日（火曜日）,https://ssp.kaigiroku.net/tenant/shinjuku/MinuteView.html?council_id=3163&schedule_id=2&minute_id=1,0b6ccdddbdb47e6b2667e9cc1a0b327151b8048623c89e453b5ce792cc977d6d,審議状況（本会議 2月17日 会議録の冒頭）,令和８年第１回定例会会議録（第１日）第１号…令和８年２月１７日（火曜日）,supported,c6aa0b5f3f6d0cee2081c769b3144906b6bdcb846f4a8ac0055cc998ae0f4f66
shinjuku-2026-r1-gian-5,normal,content,R1G05-N-21,第5号議案の委員会審査報告書が提出され、本日の日程への追加が提案された,https://ssp.kaigiroku.net/tenant/shinjuku/MinuteView.html?council_id=3163&schedule_id=2&minute_id=26,ef297365eb239197175b3469677dc1a25220f9219b4a4cdeda5d8c3383a2043c,審議状況（本会議 2月17日 議長）,第5号議案及び第21号議案の委員会審査報告書が提出されました…本日の日程に追加したい,supported,a10232b405d3edb0d69947d06e50bb9f5a0ab265725eaf8253b5a3c8bf03bdaf
shinjuku-2026-r1-gian-5,hard,content,R1G05-H-25,第5号議案の委員会審査報告書が提出され、本日の日程への追加が提案された,https://ssp.kaigiroku.net/tenant/shinjuku/MinuteView.html?council_id=3163&schedule_id=2&minute_id=26,ef297365eb239197175b3469677dc1a25220f9219b4a4cdeda5d8c3383a2043c,審議状況（本会議 2月17日 議長）,第5号議案及び第21号議案の委員会審査報告書が提出されました…本日の日程に追加したい,supported,c6aa0b5f3f6d0cee2081c769b3144906b6bdcb846f4a8ac0055cc998ae0f4f66
shinjuku-2026-r1-gian-5,hard,content,R1G05-H-26,会議録: 追加日程第2として第5号議案（委員会審査報告書）を議題とする,https://ssp.kaigiroku.net/tenant/shinjuku/MinuteView.html?council_id=3163&schedule_id=2&minute_id=33,b6e8cd312afe965b624f39be65e439f36aa8f9b368b968a1aab4b2e986bd069d,審議状況（本会議 2月17日 議題）,第5号議案 令和7年度新宿区一般会計補正予算（第12号）…委員会審査報告書の部参照,supported,c6aa0b5f3f6d0cee2081c769b3144906b6bdcb846f4a8ac0055cc998ae0f4f66
shinjuku-2026-r1-gian-5,hard,content,R1G05-H-27,会議録: 総務区民・福祉健康・文教子ども家庭の各委員会審査報告書はいずれも可決,https://ssp.kaigiroku.net/tenant/shinjuku/MinuteView.html?council_id=3163&schedule_id=2&minute_id=34,3a67b679650ac05689f384d042747443b4bfc2905dc4cbb82c0d00ec16f6c56e,審議状況（本会議 2月17日 議長）,総務区民、福祉健康、文教子ども家庭の各委員会審査報告書は、いずれも可決です,supported,c6aa0b5f3f6d0cee2081c769b3144906b6bdcb846f4a8ac0055cc998ae0f4f66
shinjuku-2026-r1-gian-5,easy,content,R1G05-E-20,本案は可決された,https://ssp.kaigiroku.net/tenant/shinjuku/MinuteView.html?council_id=3163&schedule_id=2&minute_id=35,469517cb54ed833bfde88001efb60a72952500b0f78ebbde21767ee8e0561b75,審議状況（本会議 2月17日 議長）,異議なしと認めます。本案は、委員会審査報告のとおり可決されました,supported,02f41636aa56d3e26bac179656aeac9b1d323493aac898e32ddfc51de2731636
shinjuku-2026-r1-gian-5,normal,content,R1G05-N-22,本案は委員会審査報告のとおり可決された,https://ssp.kaigiroku.net/tenant/shinjuku/MinuteView.html?council_id=3163&schedule_id=2&minute_id=35,469517cb54ed833bfde88001efb60a72952500b0f78ebbde21767ee8e0561b75,審議状況（本会議 2月17日 議長）,異議なしと認めます。本案は、委員会審査報告のとおり可決されました,supported,a10232b405d3edb0d69947d06e50bb9f5a0ab265725eaf8253b5a3c8bf03bdaf
shinjuku-2026-r1-gian-5,hard,content,R1G05-H-28,第5号議案は異議なしと認められ、委員会審査報告のとおり可決された,https://ssp.kaigiroku.net/tenant/shinjuku/MinuteView.html?council_id=3163&schedule_id=2&minute_id=35,469517cb54ed833bfde88001efb60a72952500b0f78ebbde21767ee8e0561b75,審議状況（本会議 2月17日 議長）,異議なしと認めます。本案は、委員会審査報告のとおり可決されました,supported,c6aa0b5f3f6d0cee2081c769b3144906b6bdcb846f4a8ac0055cc998ae0f4f66
shinjuku-2026-r1-gian-5,easy,content,R1G05-E-21,第1回定例会の会期は2026年2月17日（火）から3月24日（火）まで,https://www.city.shinjuku.lg.jp/kusei/file08_05_0003820210204_00013.html,869549fe3ba94ac28c6e8fd003d4ad71484501a78203fc7a885109aae4ab487c,審議状況（会期と日程）,令和8年2月17日（火曜日）から3月24日（火曜日）まで,supported,02f41636aa56d3e26bac179656aeac9b1d323493aac898e32ddfc51de2731636
shinjuku-2026-r1-gian-5,normal,content,R1G05-N-23,会期は2月17日〜3月24日,https://www.city.shinjuku.lg.jp/kusei/file08_05_0003820210204_00013.html,869549fe3ba94ac28c6e8fd003d4ad71484501a78203fc7a885109aae4ab487c,審議状況（会期と日程）,令和8年2月17日（火曜日）から3月24日（火曜日）まで,supported,a10232b405d3edb0d69947d06e50bb9f5a0ab265725eaf8253b5a3c8bf03bdaf
shinjuku-2026-r1-gian-5,hard,content,R1G05-H-29,議決結果ページの最終更新日は令和8年3月24日,https://www.city.shinjuku.lg.jp/kusei/soumu01_002090_00015.html,7c2b6f68db1b433b860b35d176b4dd9211e78582ec9de718fcfefe68b22d896a,審議状況（最終更新日）,最終更新日：2026年3月24日,supported,c6aa0b5f3f6d0cee2081c769b3144906b6bdcb846f4a8ac0055cc998ae0f4f66
shinjuku-2026-r1-gian-5,easy,content,R1G05-E-22,8つの会派すべてが賛成,https://www.city.shinjuku.lg.jp/content/000452334.pdf,22ba4f49b18c96bd1fa26241606257c05477f38e25ac46d6f8e4f416a2cedbf2,審議状況（令和7年度新宿区一般会計補正予算（第12号））,令和7年度新宿区一般会計補正予算（第12号）…補正の理由：保育士等の処遇改善のための単価改定に伴う保育委託費及び給付費、生活保護費等の追加給付業務に係る経費、新宿区乳児等通園支援事業の周知に係る経費…等を計上○○○○○○○○可決,supported,02f41636aa56d3e26bac179656aeac9b1d323493aac898e32ddfc51de2731636
shinjuku-2026-r1-gian-5,normal,content,R1G05-N-24,「議案の概要と審議結果」に記載の8会派はすべて賛成,https://www.city.shinjuku.lg.jp/content/000452334.pdf,22ba4f49b18c96bd1fa26241606257c05477f38e25ac46d6f8e4f416a2cedbf2,審議状況（令和7年度新宿区一般会計補正予算（第12号））,令和7年度新宿区一般会計補正予算（第12号）…補正の理由：保育士等の処遇改善のための単価改定に伴う保育委託費及び給付費、生活保護費等の追加給付業務に係る経費、新宿区乳児等通園支援事業の周知に係る経費…等を計上○○○○○○○○可決,supported,a10232b405d3edb0d69947d06e50bb9f5a0ab265725eaf8253b5a3c8bf03bdaf
shinjuku-2026-r1-gian-5,hard,content,R1G05-H-30,補正の理由は保育士等の処遇改善のための単価改定に伴う保育委託費及び給付費、生活保護費等の追加給付業務に係る経費、乳児等通園支援事業の周知に係る経費等で、8会派はすべて賛成,https://www.city.shinjuku.lg.jp/content/000452334.pdf,22ba4f49b18c96bd1fa26241606257c05477f38e25ac46d6f8e4f416a2cedbf2,審議状況（令和7年度新宿区一般会計補正予算（第12号））,令和7年度新宿区一般会計補正予算（第12号）…補正の理由：保育士等の処遇改善のための単価改定に伴う保育委託費及び給付費、生活保護費等の追加給付業務に係る経費、新宿区乳児等通園支援事業の周知に係る経費…等を計上○○○○○○○○可決,supported,c6aa0b5f3f6d0cee2081c769b3144906b6bdcb846f4a8ac0055cc998ae0f4f66
shinjuku-2026-r1-gian-20,easy,title,R1G20-ET-01,見出し: 特定乳児等通園支援事業の 運営の ルールを 決める 条例,https://www.city.shinjuku.lg.jp/content/000448436.pdf,26dae45a5333cc5c50c88c6411ee1016da151a63bcb086ad412980ff79b94fa4,件名,第２０号議案…新宿区特定乳児等通園支援事業の運営に関する基準を定める条例,supported,6cdef2cc2a0f2f9813eabaa47efdd883645ed08e79154130b73795ffd530b079
shinjuku-2026-r1-gian-20,normal,title,R1G20-NT-01,見出し: 特定乳児等通園支援事業の運営基準を定める新条例,https://www.city.shinjuku.lg.jp/content/000448436.pdf,26dae45a5333cc5c50c88c6411ee1016da151a63bcb086ad412980ff79b94fa4,件名,第２０号議案…新宿区特定乳児等通園支援事業の運営に関する基準を定める条例,supported,cc866ddf8b8c38dcc8a7453115531cefe96892b7a7845a0684b15fe6b4e6e4a6
shinjuku-2026-r1-gian-20,hard,title,R1G20-HT-01,見出し: 新宿区特定乳児等通園支援事業の運営に関する基準を定める条例の条文構成,https://www.city.shinjuku.lg.jp/content/000448436.pdf,26dae45a5333cc5c50c88c6411ee1016da151a63bcb086ad412980ff79b94fa4,件名,第２０号議案…新宿区特定乳児等通園支援事業の運営に関する基準を定める条例,supported,5fcc7b1b59521e17445a4faa7d4e2bd1f657f0a91ebb7dfec4186f4297753c3d
shinjuku-2026-r1-gian-20,easy,summary,R1G20-ES-01,要約: 法律の 改正で 新しく 始まる 事業,https://www.city.shinjuku.lg.jp/content/000447774.pdf,1dc3eaffcafb1b1c9e139e823182dc80dc0755624813ca87d8b274d15f5b6624,条例関係 第18号議案,子ども・子育て支援法の改正により、新たに特定乳児等通園支援事業が開始されることに伴い,supported,6cdef2cc2a0f2f9813eabaa47efdd883645ed08e79154130b73795ffd530b079
shinjuku-2026-r1-gian-20,normal,summary,R1G20-NS-01,要約: 子ども・子育て支援法の改正で新たに始まる特定乳児等通園支援事業,https://www.city.shinjuku.lg.jp/content/000447774.pdf,1dc3eaffcafb1b1c9e139e823182dc80dc0755624813ca87d8b274d15f5b6624,条例関係 第18号議案,子ども・子育て支援法の改正により、新たに特定乳児等通園支援事業が開始されることに伴い,supported,cc866ddf8b8c38dcc8a7453115531cefe96892b7a7845a0684b15fe6b4e6e4a6
shinjuku-2026-r1-gian-20,easy,summary,R1G20-ES-02,要約: 事業の 運営の ルールを 決めます,https://www.city.shinjuku.lg.jp/content/000447774.pdf,1dc3eaffcafb1b1c9e139e823182dc80dc0755624813ca87d8b274d15f5b6624,条例関係 第20号議案,特定乳児等通園支援事業の開始に向け、新宿区における特定…乳児等通園支援事業の運営に関する基準（確認基準）を定める,supported,6cdef2cc2a0f2f9813eabaa47efdd883645ed08e79154130b73795ffd530b079
shinjuku-2026-r1-gian-20,normal,summary,R1G20-NS-02,要約: 新宿区の運営基準（確認基準）を定める条例,https://www.city.shinjuku.lg.jp/content/000447774.pdf,1dc3eaffcafb1b1c9e139e823182dc80dc0755624813ca87d8b274d15f5b6624,条例関係 第20号議案,特定乳児等通園支援事業の開始に向け、新宿区における特定…乳児等通園支援事業の運営に関する基準（確認基準）を定める,supported,cc866ddf8b8c38dcc8a7453115531cefe96892b7a7845a0684b15fe6b4e6e4a6
shinjuku-2026-r1-gian-20,easy,summary,R1G20-ES-03,要約: 事業者は 正当な 理由なく 利用を ことわれません,https://www.city.shinjuku.lg.jp/content/000448436.pdf,26dae45a5333cc5c50c88c6411ee1016da151a63bcb086ad412980ff79b94fa4,第6条,利用の申込みを受けたときは、正当な理由がなければ、これを拒んではならない,supported,6cdef2cc2a0f2f9813eabaa47efdd883645ed08e79154130b73795ffd530b079
shinjuku-2026-r1-gian-20,normal,summary,R1G20-NS-03,要約: 正当な理由のない提供拒否の禁止を定める,https://www.city.shinjuku.lg.jp/content/000448436.pdf,26dae45a5333cc5c50c88c6411ee1016da151a63bcb086ad412980ff79b94fa4,第6条,利用の申込みを受けたときは、正当な理由がなければ、これを拒んではならない,supported,cc866ddf8b8c38dcc8a7453115531cefe96892b7a7845a0684b15fe6b4e6e4a6
shinjuku-2026-r1-gian-20,normal,summary,R1G20-NS-04,要約: 利用定員の設定を定める,https://www.city.shinjuku.lg.jp/content/000448436.pdf,26dae45a5333cc5c50c88c6411ee1016da151a63bcb086ad412980ff79b94fa4,第4条,１時間当たりの利用定員…定めるものとする…特定乳児等通園支援事業所が開所する日数及び時間その他の事情を考慮して１月当たりの利用定員を定めるものとする,supported,cc866ddf8b8c38dcc8a7453115531cefe96892b7a7845a0684b15fe6b4e6e4a6
shinjuku-2026-r1-gian-20,normal,summary,R1G20-NS-05,要約: 利用前の面談を定める,https://www.city.shinjuku.lg.jp/content/000448436.pdf,26dae45a5333cc5c50c88c6411ee1016da151a63bcb086ad412980ff79b94fa4,第5条,最初に特定乳児等通園支援を提供しようとするときに…保護者との面談（映像及び音声の送受信により相手の状態を相互に認識しながらする通話を含む。）を行わなければならない…重要事項を記載した文書を交付しなければならない…保護者の同意を得なければならない,supported,cc866ddf8b8c38dcc8a7453115531cefe96892b7a7845a0684b15fe6b4e6e4a6
shinjuku-2026-r1-gian-20,easy,summary,R1G20-ES-04,要約: 2026年（令和8年）4月1日から 始まります,https://www.city.shinjuku.lg.jp/content/000448436.pdf,26dae45a5333cc5c50c88c6411ee1016da151a63bcb086ad412980ff79b94fa4,附則,この条例は、令和８年４月１日から施行する,supported,6cdef2cc2a0f2f9813eabaa47efdd883645ed08e79154130b73795ffd530b079
shinjuku-2026-r1-gian-20,normal,summary,R1G20-NS-06,要約: 令和8年4月1日に施行,https://www.city.shinjuku.lg.jp/content/000448436.pdf,26dae45a5333cc5c50c88c6411ee1016da151a63bcb086ad412980ff79b94fa4,附則,この条例は、令和８年４月１日から施行する,supported,cc866ddf8b8c38dcc8a7453115531cefe96892b7a7845a0684b15fe6b4e6e4a6
shinjuku-2026-r1-gian-20,hard,summary,R1G20-HS-01,要約: 附則で令和8年4月1日施行とする,https://www.city.shinjuku.lg.jp/content/000448436.pdf,26dae45a5333cc5c50c88c6411ee1016da151a63bcb086ad412980ff79b94fa4,附則,この条例は、令和８年４月１日から施行する,supported,5fcc7b1b59521e17445a4faa7d4e2bd1f657f0a91ebb7dfec4186f4297753c3d
shinjuku-2026-r1-gian-20,hard,summary,R1G20-HS-02,要約: 子ども・子育て支援法第54条の3で準用する同法第46条第2項に基づく運営基準,https://www.city.shinjuku.lg.jp/content/000448436.pdf,26dae45a5333cc5c50c88c6411ee1016da151a63bcb086ad412980ff79b94fa4,第1条,第54条の3において準用する法第46条第2項の規定に基づき…の運営に関する基準を定めるものとする,supported,5fcc7b1b59521e17445a4faa7d4e2bd1f657f0a91ebb7dfec4186f4297753c3d
shinjuku-2026-r1-gian-20,hard,summary,R1G20-HS-03,要約: 全34条。第2章に利用定員（第4条）と運営（第5条〜第33条）の基準を置く,https://www.city.shinjuku.lg.jp/content/000448436.pdf,26dae45a5333cc5c50c88c6411ee1016da151a63bcb086ad412980ff79b94fa4,目次,第１章 総則（第１条－第３条）…第１節 利用定員に関する基準（第４条）…第２節 運営に関する基準（第５条－第33条）…第３章 雑則（第34条）,supported,5fcc7b1b59521e17445a4faa7d4e2bd1f657f0a91ebb7dfec4186f4297753c3d
shinjuku-2026-r1-gian-20,easy,content,R1G20-E-01,子ども・子育て支援法が変わり、新しく特定乳児等通園支援事業が始まる,https://www.city.shinjuku.lg.jp/content/000447774.pdf,1dc3eaffcafb1b1c9e139e823182dc80dc0755624813ca87d8b274d15f5b6624,条例関係 第18号議案,子ども・子育て支援法の改正により、新たに特定乳児等通園支援事業が開始されることに伴い,supported,6cdef2cc2a0f2f9813eabaa47efdd883645ed08e79154130b73795ffd530b079
shinjuku-2026-r1-gian-20,normal,content,R1G20-N-01,子ども・子育て支援法の改正により新たに特定乳児等通園支援事業が開始される,https://www.city.shinjuku.lg.jp/content/000447774.pdf,1dc3eaffcafb1b1c9e139e823182dc80dc0755624813ca87d8b274d15f5b6624,条例関係 第18号議案,子ども・子育て支援法の改正により、新たに特定乳児等通園支援事業が開始されることに伴い,supported,cc866ddf8b8c38dcc8a7453115531cefe96892b7a7845a0684b15fe6b4e6e4a6
shinjuku-2026-r1-gian-20,easy,content,R1G20-E-02,区はこの事業の運営のルールを条例で決める。このルールは確認基準,https://www.city.shinjuku.lg.jp/content/000447774.pdf,1dc3eaffcafb1b1c9e139e823182dc80dc0755624813ca87d8b274d15f5b6624,条例関係 第20号議案,特定乳児等通園支援事業の開始に向け、新宿区における特定…乳児等通園支援事業の運営に関する基準（確認基準）を定める,supported,6cdef2cc2a0f2f9813eabaa47efdd883645ed08e79154130b73795ffd530b079
shinjuku-2026-r1-gian-20,normal,content,R1G20-N-02,事業の開始に向け、新宿区における運営に関する基準（確認基準）を定める,https://www.city.shinjuku.lg.jp/content/000447774.pdf,1dc3eaffcafb1b1c9e139e823182dc80dc0755624813ca87d8b274d15f5b6624,条例関係 第20号議案,特定乳児等通園支援事業の開始に向け、新宿区における特定…乳児等通園支援事業の運営に関する基準（確認基準）を定める,supported,cc866ddf8b8c38dcc8a7453115531cefe96892b7a7845a0684b15fe6b4e6e4a6
shinjuku-2026-r1-gian-20,hard,content,R1G20-H-01,概要資料の記載: 運営に関する基準（確認基準）を定める,https://www.city.shinjuku.lg.jp/content/000447774.pdf,1dc3eaffcafb1b1c9e139e823182dc80dc0755624813ca87d8b274d15f5b6624,条例関係 第20号議案,特定乳児等通園支援事業の開始に向け、新宿区における特定…乳児等通園支援事業の運営に関する基準（確認基準）を定める,supported,5fcc7b1b59521e17445a4faa7d4e2bd1f657f0a91ebb7dfec4186f4297753c3d
shinjuku-2026-r1-gian-20,easy,content,R1G20-E-03,区長が 2026年2月17日に 出した,https://www.city.shinjuku.lg.jp/content/000448436.pdf,26dae45a5333cc5c50c88c6411ee1016da151a63bcb086ad412980ff79b94fa4,提出日・提出者,令和８年２月１７日…提出者 新宿区長 吉住 健一,supported,6cdef2cc2a0f2f9813eabaa47efdd883645ed08e79154130b73795ffd530b079
shinjuku-2026-r1-gian-20,normal,content,R1G20-N-03,令和8年2月17日に区長が提出した,https://www.city.shinjuku.lg.jp/content/000448436.pdf,26dae45a5333cc5c50c88c6411ee1016da151a63bcb086ad412980ff79b94fa4,提出日・提出者,令和８年２月１７日…提出者 新宿区長 吉住 健一,supported,cc866ddf8b8c38dcc8a7453115531cefe96892b7a7845a0684b15fe6b4e6e4a6
shinjuku-2026-r1-gian-20,hard,content,R1G20-H-02,提出日は令和8年2月17日、提出者は新宿区長 吉住健一,https://www.city.shinjuku.lg.jp/content/000448436.pdf,26dae45a5333cc5c50c88c6411ee1016da151a63bcb086ad412980ff79b94fa4,提出日・提出者,令和８年２月１７日…提出者 新宿区長 吉住 健一,supported,5fcc7b1b59521e17445a4faa7d4e2bd1f657f0a91ebb7dfec4186f4297753c3d
shinjuku-2026-r1-gian-20,easy,content,R1G20-E-04,2026年4月1日（水）から 始まる,https://www.city.shinjuku.lg.jp/content/000448436.pdf,26dae45a5333cc5c50c88c6411ee1016da151a63bcb086ad412980ff79b94fa4,附則,この条例は、令和８年４月１日から施行する,supported,6cdef2cc2a0f2f9813eabaa47efdd883645ed08e79154130b73795ffd530b079
shinjuku-2026-r1-gian-20,normal,content,R1G20-N-04,令和8年4月1日から施行する,https://www.city.shinjuku.lg.jp/content/000448436.pdf,26dae45a5333cc5c50c88c6411ee1016da151a63bcb086ad412980ff79b94fa4,附則,この条例は、令和８年４月１日から施行する,supported,cc866ddf8b8c38dcc8a7453115531cefe96892b7a7845a0684b15fe6b4e6e4a6
shinjuku-2026-r1-gian-20,hard,content,R1G20-H-03,附則: この条例は令和8年4月1日から施行する,https://www.city.shinjuku.lg.jp/content/000448436.pdf,26dae45a5333cc5c50c88c6411ee1016da151a63bcb086ad412980ff79b94fa4,附則,この条例は、令和８年４月１日から施行する,supported,5fcc7b1b59521e17445a4faa7d4e2bd1f657f0a91ebb7dfec4186f4297753c3d
shinjuku-2026-r1-gian-20,hard,content,R1G20-H-04,提案理由は、法改正に伴い新宿区における運営基準を定める必要があるため,https://www.city.shinjuku.lg.jp/content/000448436.pdf,26dae45a5333cc5c50c88c6411ee1016da151a63bcb086ad412980ff79b94fa4,提案理由,子ども・子育て支援法等の一部を改正する法律（令和６年法律第４７号）の一部の施行による子ども・子育て支援法（平成２４年法律第６５号）の改正に伴い、新宿区における特定乳児等通園支援事業の運営に関する基準を定める必要があるため,supported,5fcc7b1b59521e17445a4faa7d4e2bd1f657f0a91ebb7dfec4186f4297753c3d
shinjuku-2026-r1-gian-20,hard,content,R1G20-H-05,概要資料: 基準の主な項目は利用定員の設定、面談、提供拒否の禁止、平等取扱い、虐待の禁止等,https://www.city.shinjuku.lg.jp/content/000447774.pdf,1dc3eaffcafb1b1c9e139e823182dc80dc0755624813ca87d8b274d15f5b6624,条例関係 第20号議案,1 時間当たり及び 1 月当たりの利用定員の設定、利用に当たっての面談の実施、正当な理由のない提供拒否の禁止、平等取扱いの原則、虐待の禁止等,supported,5fcc7b1b59521e17445a4faa7d4e2bd1f657f0a91ebb7dfec4186f4297753c3d
shinjuku-2026-r1-gian-20,hard,content,R1G20-H-06,概要資料: 施行日は令和8年4月1日,https://www.city.shinjuku.lg.jp/content/000447774.pdf,1dc3eaffcafb1b1c9e139e823182dc80dc0755624813ca87d8b274d15f5b6624,条例関係 第20号議案,［施行日］…令和 8 年 4 月 1 日,supported,5fcc7b1b59521e17445a4faa7d4e2bd1f657f0a91ebb7dfec4186f4297753c3d
shinjuku-2026-r1-gian-20,hard,content,R1G20-H-07,条文の構成（第1章〜第3章、附則）,https://www.city.shinjuku.lg.jp/content/000448436.pdf,26dae45a5333cc5c50c88c6411ee1016da151a63bcb086ad412980ff79b94fa4,目次,第１章 総則（第１条－第３条）…第１節 利用定員に関する基準（第４条）…第２節 運営に関する基準（第５条－第33条）…第３章 雑則（第34条）,supported,5fcc7b1b59521e17445a4faa7d4e2bd1f657f0a91ebb7dfec4186f4297753c3d
shinjuku-2026-r1-gian-20,hard,content,R1G20-H-08,第1条: 法第54条の3で準用する法第46条第2項の規定に基づき区における運営の基準を定める,https://www.city.shinjuku.lg.jp/content/000448436.pdf,26dae45a5333cc5c50c88c6411ee1016da151a63bcb086ad412980ff79b94fa4,第1条,第54条の3において準用する法第46条第2項の規定に基づき…の運営に関する基準を定めるものとする,supported,5fcc7b1b59521e17445a4faa7d4e2bd1f657f0a91ebb7dfec4186f4297753c3d
shinjuku-2026-r1-gian-20,hard,content,R1G20-H-09,第2条: 用語は法の例による,https://www.city.shinjuku.lg.jp/content/000448436.pdf,26dae45a5333cc5c50c88c6411ee1016da151a63bcb086ad412980ff79b94fa4,第2条,この条例で使用する用語の意義は、法で使用する用語の例による,supported,5fcc7b1b59521e17445a4faa7d4e2bd1f657f0a91ebb7dfec4186f4297753c3d
shinjuku-2026-r1-gian-20,normal,content,R1G20-N-05,一般原則（第3条）など,https://www.city.shinjuku.lg.jp/content/000448436.pdf,26dae45a5333cc5c50c88c6411ee1016da151a63bcb086ad412980ff79b94fa4,第3条,子どもの保護者の経済的負担の軽減について適切に配慮された内容及び水準の特定乳児等通園支援の提供を行う…全ての子どもが健やかに成長するために適切な環境が等しく確保されることを目指さなければならない…意思及び人格を尊重して…地域及び家庭との結び付きを重視した運営を行い…人権の擁護、虐待の防止等のため、責任者を設置する等必要な体制の整備,supported,cc866ddf8b8c38dcc8a7453115531cefe96892b7a7845a0684b15fe6b4e6e4a6
shinjuku-2026-r1-gian-20,hard,content,R1G20-H-10,第3条: 一般原則,https://www.city.shinjuku.lg.jp/content/000448436.pdf,26dae45a5333cc5c50c88c6411ee1016da151a63bcb086ad412980ff79b94fa4,第3条,子どもの保護者の経済的負担の軽減について適切に配慮された内容及び水準の特定乳児等通園支援の提供を行う…全ての子どもが健やかに成長するために適切な環境が等しく確保されることを目指さなければならない…意思及び人格を尊重して…地域及び家庭との結び付きを重視した運営を行い…人権の擁護、虐待の防止等のため、責任者を設置する等必要な体制の整備,supported,5fcc7b1b59521e17445a4faa7d4e2bd1f657f0a91ebb7dfec4186f4297753c3d
shinjuku-2026-r1-gian-20,easy,content,R1G20-E-05,第4条: 1時間あたりと1か月あたりの利用定員を決める,https://www.city.shinjuku.lg.jp/content/000448436.pdf,26dae45a5333cc5c50c88c6411ee1016da151a63bcb086ad412980ff79b94fa4,第4条,１時間当たりの利用定員…定めるものとする…特定乳児等通園支援事業所が開所する日数及び時間その他の事情を考慮して１月当たりの利用定員を定めるものとする,supported,6cdef2cc2a0f2f9813eabaa47efdd883645ed08e79154130b73795ffd530b079
shinjuku-2026-r1-gian-20,normal,content,R1G20-N-06,利用定員（第4条）: 1時間当たりと1月当たりの利用定員を定める,https://www.city.shinjuku.lg.jp/content/000448436.pdf,26dae45a5333cc5c50c88c6411ee1016da151a63bcb086ad412980ff79b94fa4,第4条,１時間当たりの利用定員…定めるものとする…特定乳児等通園支援事業所が開所する日数及び時間その他の事情を考慮して１月当たりの利用定員を定めるものとする,supported,cc866ddf8b8c38dcc8a7453115531cefe96892b7a7845a0684b15fe6b4e6e4a6
shinjuku-2026-r1-gian-20,hard,content,R1G20-H-11,第4条: 利用定員,https://www.city.shinjuku.lg.jp/content/000448436.pdf,26dae45a5333cc5c50c88c6411ee1016da151a63bcb086ad412980ff79b94fa4,第4条,１時間当たりの利用定員…定めるものとする…特定乳児等通園支援事業所が開所する日数及び時間その他の事情を考慮して１月当たりの利用定員を定めるものとする,supported,5fcc7b1b59521e17445a4faa7d4e2bd1f657f0a91ebb7dfec4186f4297753c3d
shinjuku-2026-r1-gian-20,easy,content,R1G20-E-06,第5条: 最初の面談、事前の文書、説明と同意,https://www.city.shinjuku.lg.jp/content/000448436.pdf,26dae45a5333cc5c50c88c6411ee1016da151a63bcb086ad412980ff79b94fa4,第5条,最初に特定乳児等通園支援を提供しようとするときに…保護者との面談（映像及び音声の送受信により相手の状態を相互に認識しながらする通話を含む。）を行わなければならない…重要事項を記載した文書を交付しなければならない…保護者の同意を得なければならない,supported,6cdef2cc2a0f2f9813eabaa47efdd883645ed08e79154130b73795ffd530b079
shinjuku-2026-r1-gian-20,normal,content,R1G20-N-07,面談（第5条）: 面談、事前の文書交付、説明と同意,https://www.city.shinjuku.lg.jp/content/000448436.pdf,26dae45a5333cc5c50c88c6411ee1016da151a63bcb086ad412980ff79b94fa4,第5条,最初に特定乳児等通園支援を提供しようとするときに…保護者との面談（映像及び音声の送受信により相手の状態を相互に認識しながらする通話を含む。）を行わなければならない…重要事項を記載した文書を交付しなければならない…保護者の同意を得なければならない,supported,cc866ddf8b8c38dcc8a7453115531cefe96892b7a7845a0684b15fe6b4e6e4a6
shinjuku-2026-r1-gian-20,hard,content,R1G20-H-12,第5条: 面談,https://www.city.shinjuku.lg.jp/content/000448436.pdf,26dae45a5333cc5c50c88c6411ee1016da151a63bcb086ad412980ff79b94fa4,第5条,最初に特定乳児等通園支援を提供しようとするときに…保護者との面談（映像及び音声の送受信により相手の状態を相互に認識しながらする通話を含む。）を行わなければならない…重要事項を記載した文書を交付しなければならない…保護者の同意を得なければならない,supported,5fcc7b1b59521e17445a4faa7d4e2bd1f657f0a91ebb7dfec4186f4297753c3d
shinjuku-2026-r1-gian-20,easy,content,R1G20-E-07,第6条: 正当な理由がなければ申し込みをことわれない,https://www.city.shinjuku.lg.jp/content/000448436.pdf,26dae45a5333cc5c50c88c6411ee1016da151a63bcb086ad412980ff79b94fa4,第6条,利用の申込みを受けたときは、正当な理由がなければ、これを拒んではならない,supported,6cdef2cc2a0f2f9813eabaa47efdd883645ed08e79154130b73795ffd530b079
shinjuku-2026-r1-gian-20,normal,content,R1G20-N-08,提供拒否の禁止（第6条）,https://www.city.shinjuku.lg.jp/content/000448436.pdf,26dae45a5333cc5c50c88c6411ee1016da151a63bcb086ad412980ff79b94fa4,第6条,利用の申込みを受けたときは、正当な理由がなければ、これを拒んではならない,supported,cc866ddf8b8c38dcc8a7453115531cefe96892b7a7845a0684b15fe6b4e6e4a6
shinjuku-2026-r1-gian-20,hard,content,R1G20-H-13,第6条: 提供拒否の禁止,https://www.city.shinjuku.lg.jp/content/000448436.pdf,26dae45a5333cc5c50c88c6411ee1016da151a63bcb086ad412980ff79b94fa4,第6条,利用の申込みを受けたときは、正当な理由がなければ、これを拒んではならない,supported,5fcc7b1b59521e17445a4faa7d4e2bd1f657f0a91ebb7dfec4186f4297753c3d
shinjuku-2026-r1-gian-20,normal,content,R1G20-N-09,第8条〜第11条ほか（認定証の確認・申請の援助・把握・連携）,https://www.city.shinjuku.lg.jp/content/000448436.pdf,26dae45a5333cc5c50c88c6411ee1016da151a63bcb086ad412980ff79b94fa4,第7条〜第11条,あっせん及び要請に対し、できる限り協力しなければならない…乳児等支援支給認定証…速やかに乳児等支援給付認定の申請が行われるよう必要な援助を行わなければならない…把握に努めなければならない…情報の提供その他特定教育・保育施設等との密接な連携に努めなければならない,supported,cc866ddf8b8c38dcc8a7453115531cefe96892b7a7845a0684b15fe6b4e6e4a6
shinjuku-2026-r1-gian-20,hard,content,R1G20-H-14,第7条〜第11条: 協力、認定証の確認、申請の援助、状況の把握、連携,https://www.city.shinjuku.lg.jp/content/000448436.pdf,26dae45a5333cc5c50c88c6411ee1016da151a63bcb086ad412980ff79b94fa4,第7条〜第11条,あっせん及び要請に対し、できる限り協力しなければならない…乳児等支援支給認定証…速やかに乳児等支援給付認定の申請が行われるよう必要な援助を行わなければならない…把握に努めなければならない…情報の提供その他特定教育・保育施設等との密接な連携に努めなければならない,supported,5fcc7b1b59521e17445a4faa7d4e2bd1f657f0a91ebb7dfec4186f4297753c3d
shinjuku-2026-r1-gian-20,easy,content,R1G20-E-08,第12条: 支援を行った日・時間・内容などを記録する,https://www.city.shinjuku.lg.jp/content/000448436.pdf,26dae45a5333cc5c50c88c6411ee1016da151a63bcb086ad412980ff79b94fa4,第12条,提供した日、時間、内容その他必要な事項を記録しなければならない,supported,6cdef2cc2a0f2f9813eabaa47efdd883645ed08e79154130b73795ffd530b079
shinjuku-2026-r1-gian-20,normal,content,R1G20-N-10,第12条（提供の記録）,https://www.city.shinjuku.lg.jp/content/000448436.pdf,26dae45a5333cc5c50c88c6411ee1016da151a63bcb086ad412980ff79b94fa4,第12条,提供した日、時間、内容その他必要な事項を記録しなければならない,supported,cc866ddf8b8c38dcc8a7453115531cefe96892b7a7845a0684b15fe6b4e6e4a6
shinjuku-2026-r1-gian-20,hard,content,R1G20-H-15,第12条: 提供の記録,https://www.city.shinjuku.lg.jp/content/000448436.pdf,26dae45a5333cc5c50c88c6411ee1016da151a63bcb086ad412980ff79b94fa4,第12条,提供した日、時間、内容その他必要な事項を記録しなければならない,supported,5fcc7b1b59521e17445a4faa7d4e2bd1f657f0a91ebb7dfec4186f4297753c3d
shinjuku-2026-r1-gian-20,normal,content,R1G20-N-11,費用の支払（第13条）,https://www.city.shinjuku.lg.jp/content/000448436.pdf,26dae45a5333cc5c50c88c6411ee1016da151a63bcb086ad412980ff79b94fa4,第13条,特定乳児等通園支援費用基準額…の支払を受けるものとする…質の確保及び向上を図る上で必要であると認められる対価…差額に相当する金額の範囲内で設定する額…日用品、文房具その他の特定乳児等通園支援に必要な物品の購入に要する費用…行事への参加に要する費用…食事の提供に要する費用…特定乳児等通園支援事業所に通う際に提供される便宜に要する費用…領収証を交付しなければならない…使途及び額並びに…支払を求める理由について書面によって明らかにする…文書による同意を得なければならない,supported,cc866ddf8b8c38dcc8a7453115531cefe96892b7a7845a0684b15fe6b4e6e4a6
shinjuku-2026-r1-gian-20,hard,content,R1G20-H-16,第13条: 費用の支払等,https://www.city.shinjuku.lg.jp/content/000448436.pdf,26dae45a5333cc5c50c88c6411ee1016da151a63bcb086ad412980ff79b94fa4,第13条,特定乳児等通園支援費用基準額…の支払を受けるものとする…質の確保及び向上を図る上で必要であると認められる対価…差額に相当する金額の範囲内で設定する額…日用品、文房具その他の特定乳児等通園支援に必要な物品の購入に要する費用…行事への参加に要する費用…食事の提供に要する費用…特定乳児等通園支援事業所に通う際に提供される便宜に要する費用…領収証を交付しなければならない…使途及び額並びに…支払を求める理由について書面によって明らかにする…文書による同意を得なければならない,supported,5fcc7b1b59521e17445a4faa7d4e2bd1f657f0a91ebb7dfec4186f4297753c3d
shinjuku-2026-r1-gian-20,hard,content,R1G20-H-17,第14条: 給付費の額の通知・証明書の交付,https://www.city.shinjuku.lg.jp/content/000448436.pdf,26dae45a5333cc5c50c88c6411ee1016da151a63bcb086ad412980ff79b94fa4,第14条,乳児等支援給付費の額を通知しなければならない…証明書を乳児等支援給付認定保護者に対して交付しなければならない,supported,5fcc7b1b59521e17445a4faa7d4e2bd1f657f0a91ebb7dfec4186f4297753c3d
shinjuku-2026-r1-gian-20,normal,content,R1G20-N-12,質の評価（第16条）,https://www.city.shinjuku.lg.jp/content/000448436.pdf,26dae45a5333cc5c50c88c6411ee1016da151a63bcb086ad412980ff79b94fa4,第15条・第16条,内閣総理大臣が定める指針に準じ…特定乳児等通園支援の提供を適切に行わなければならない…自らその提供する特定乳児等通園支援の質の評価を行い、常にその改善を図らなければならない…定期的に外部の者による評価を受けて、その結果を公表し、常にその改善を図るよう努めなければならない,supported,cc866ddf8b8c38dcc8a7453115531cefe96892b7a7845a0684b15fe6b4e6e4a6
shinjuku-2026-r1-gian-20,hard,content,R1G20-H-18,第15条・第16条: 取扱方針、評価等,https://www.city.shinjuku.lg.jp/content/000448436.pdf,26dae45a5333cc5c50c88c6411ee1016da151a63bcb086ad412980ff79b94fa4,第15条・第16条,内閣総理大臣が定める指針に準じ…特定乳児等通園支援の提供を適切に行わなければならない…自らその提供する特定乳児等通園支援の質の評価を行い、常にその改善を図らなければならない…定期的に外部の者による評価を受けて、その結果を公表し、常にその改善を図るよう努めなければならない,supported,5fcc7b1b59521e17445a4faa7d4e2bd1f657f0a91ebb7dfec4186f4297753c3d
shinjuku-2026-r1-gian-20,hard,content,R1G20-H-19,第17条〜第19条: 相談及び援助、緊急時等の対応、区への通知,https://www.city.shinjuku.lg.jp/content/000448436.pdf,26dae45a5333cc5c50c88c6411ee1016da151a63bcb086ad412980ff79b94fa4,第17条〜第19条,必要な助言その他の援助を行わなければならない…体調の急変が生じた場合その他必要な場合は、速やかに…保護者又は医療機関への連絡を行う等の必要な措置を講じなければならない…遅滞なく、意見を付してその旨を区に通知しなければならない,supported,5fcc7b1b59521e17445a4faa7d4e2bd1f657f0a91ebb7dfec4186f4297753c3d
shinjuku-2026-r1-gian-20,normal,content,R1G20-N-13,運営規程（第20条）、勤務体制（第21条）、掲示（第23条）,https://www.city.shinjuku.lg.jp/content/000448436.pdf,26dae45a5333cc5c50c88c6411ee1016da151a63bcb086ad412980ff79b94fa4,第20条〜第23条,運営についての重要事項に関する規程…１時間当たりの利用定員…非常災害対策…虐待の防止のための措置に関する事項…職員の勤務の体制を定めておかなければならない…その研修の機会を確保しなければならない…利用定員を超えて特定乳児等通園支援の提供を行ってはならない…見やすい場所に、運営規程の概要、職員の勤務の体制…公衆の閲覧に供しなければならない,supported,cc866ddf8b8c38dcc8a7453115531cefe96892b7a7845a0684b15fe6b4e6e4a6
shinjuku-2026-r1-gian-20,hard,content,R1G20-H-20,第20条〜第23条: 運営規程、勤務体制、利用定員の遵守、掲示等,https://www.city.shinjuku.lg.jp/content/000448436.pdf,26dae45a5333cc5c50c88c6411ee1016da151a63bcb086ad412980ff79b94fa4,第20条〜第23条,運営についての重要事項に関する規程…１時間当たりの利用定員…非常災害対策…虐待の防止のための措置に関する事項…職員の勤務の体制を定めておかなければならない…その研修の機会を確保しなければならない…利用定員を超えて特定乳児等通園支援の提供を行ってはならない…見やすい場所に、運営規程の概要、職員の勤務の体制…公衆の閲覧に供しなければならない,supported,5fcc7b1b59521e17445a4faa7d4e2bd1f657f0a91ebb7dfec4186f4297753c3d
shinjuku-2026-r1-gian-20,easy,content,R1G20-E-09,第22条: 定員をこえて支援を行わない,https://www.city.shinjuku.lg.jp/content/000448436.pdf,26dae45a5333cc5c50c88c6411ee1016da151a63bcb086ad412980ff79b94fa4,第22条,利用定員を超えて特定乳児等通園支援の提供を行ってはならない,supported,6cdef2cc2a0f2f9813eabaa47efdd883645ed08e79154130b73795ffd530b079
shinjuku-2026-r1-gian-20,normal,content,R1G20-N-14,利用定員の遵守（第22条）,https://www.city.shinjuku.lg.jp/content/000448436.pdf,26dae45a5333cc5c50c88c6411ee1016da151a63bcb086ad412980ff79b94fa4,第22条,利用定員を超えて特定乳児等通園支援の提供を行ってはならない,supported,cc866ddf8b8c38dcc8a7453115531cefe96892b7a7845a0684b15fe6b4e6e4a6
shinjuku-2026-r1-gian-20,easy,content,R1G20-E-10,第23条: 運営規程の概要や職員の勤務体制を掲示し、インターネットでも見られるようにする,https://www.city.shinjuku.lg.jp/content/000448436.pdf,26dae45a5333cc5c50c88c6411ee1016da151a63bcb086ad412980ff79b94fa4,第23条,見やすい場所に、運営規程の概要、職員の勤務の体制…掲示するとともに…電気通信回線に接続して行う自動公衆送信…公衆の閲覧に供しなければならない,supported,6cdef2cc2a0f2f9813eabaa47efdd883645ed08e79154130b73795ffd530b079
shinjuku-2026-r1-gian-20,normal,content,R1G20-N-15,掲示（第23条）,https://www.city.shinjuku.lg.jp/content/000448436.pdf,26dae45a5333cc5c50c88c6411ee1016da151a63bcb086ad412980ff79b94fa4,第23条,見やすい場所に、運営規程の概要、職員の勤務の体制…掲示するとともに…電気通信回線に接続して行う自動公衆送信…公衆の閲覧に供しなければならない,supported,cc866ddf8b8c38dcc8a7453115531cefe96892b7a7845a0684b15fe6b4e6e4a6
shinjuku-2026-r1-gian-20,easy,content,R1G20-E-11,第24条: 国籍・信条・社会的身分・費用の支払の状況で差別しない,https://www.city.shinjuku.lg.jp/content/000448436.pdf,26dae45a5333cc5c50c88c6411ee1016da151a63bcb086ad412980ff79b94fa4,第24条,国籍、信条、社会的身分又は第13条の規定による支払の状況によって、差別的取扱いをしてはならない,supported,6cdef2cc2a0f2f9813eabaa47efdd883645ed08e79154130b73795ffd530b079
shinjuku-2026-r1-gian-20,normal,content,R1G20-N-16,平等取扱い（第24条）,https://www.city.shinjuku.lg.jp/content/000448436.pdf,26dae45a5333cc5c50c88c6411ee1016da151a63bcb086ad412980ff79b94fa4,第24条,国籍、信条、社会的身分又は第13条の規定による支払の状況によって、差別的取扱いをしてはならない,supported,cc866ddf8b8c38dcc8a7453115531cefe96892b7a7845a0684b15fe6b4e6e4a6
shinjuku-2026-r1-gian-20,hard,content,R1G20-H-21,第24条: 平等取扱い,https://www.city.shinjuku.lg.jp/content/000448436.pdf,26dae45a5333cc5c50c88c6411ee1016da151a63bcb086ad412980ff79b94fa4,第24条,国籍、信条、社会的身分又は第13条の規定による支払の状況によって、差別的取扱いをしてはならない,supported,5fcc7b1b59521e17445a4faa7d4e2bd1f657f0a91ebb7dfec4186f4297753c3d
shinjuku-2026-r1-gian-20,easy,content,R1G20-E-12,第25条: 職員は心身に有害な影響を与えることをしない,https://www.city.shinjuku.lg.jp/content/000448436.pdf,26dae45a5333cc5c50c88c6411ee1016da151a63bcb086ad412980ff79b94fa4,第25条,心身に有害な影響を与える行為をしてはならない,supported,6cdef2cc2a0f2f9813eabaa47efdd883645ed08e79154130b73795ffd530b079
shinjuku-2026-r1-gian-20,normal,content,R1G20-N-17,虐待等の禁止（第25条）,https://www.city.shinjuku.lg.jp/content/000448436.pdf,26dae45a5333cc5c50c88c6411ee1016da151a63bcb086ad412980ff79b94fa4,第25条,心身に有害な影響を与える行為をしてはならない,supported,cc866ddf8b8c38dcc8a7453115531cefe96892b7a7845a0684b15fe6b4e6e4a6
shinjuku-2026-r1-gian-20,hard,content,R1G20-H-22,第25条: 虐待等の禁止,https://www.city.shinjuku.lg.jp/content/000448436.pdf,26dae45a5333cc5c50c88c6411ee1016da151a63bcb086ad412980ff79b94fa4,第25条,心身に有害な影響を与える行為をしてはならない,supported,5fcc7b1b59521e17445a4faa7d4e2bd1f657f0a91ebb7dfec4186f4297753c3d
shinjuku-2026-r1-gian-20,easy,content,R1G20-E-13,第26条: 職員は秘密をもらさない,https://www.city.shinjuku.lg.jp/content/000448436.pdf,26dae45a5333cc5c50c88c6411ee1016da151a63bcb086ad412980ff79b94fa4,第26条,正当な理由がなく、その業務上知り得た乳児等支援給付認定子ども又はその家族の秘密を漏らしてはならない…あらかじめ文書により…保護者の同意を得ておかなければならない,supported,6cdef2cc2a0f2f9813eabaa47efdd883645ed08e79154130b73795ffd530b079
shinjuku-2026-r1-gian-20,normal,content,R1G20-N-18,秘密保持（第26条）,https://www.city.shinjuku.lg.jp/content/000448436.pdf,26dae45a5333cc5c50c88c6411ee1016da151a63bcb086ad412980ff79b94fa4,第26条,正当な理由がなく、その業務上知り得た乳児等支援給付認定子ども又はその家族の秘密を漏らしてはならない…あらかじめ文書により…保護者の同意を得ておかなければならない,supported,cc866ddf8b8c38dcc8a7453115531cefe96892b7a7845a0684b15fe6b4e6e4a6
shinjuku-2026-r1-gian-20,hard,content,R1G20-H-23,第26条: 秘密保持等,https://www.city.shinjuku.lg.jp/content/000448436.pdf,26dae45a5333cc5c50c88c6411ee1016da151a63bcb086ad412980ff79b94fa4,第26条,正当な理由がなく、その業務上知り得た乳児等支援給付認定子ども又はその家族の秘密を漏らしてはならない…あらかじめ文書により…保護者の同意を得ておかなければならない,supported,5fcc7b1b59521e17445a4faa7d4e2bd1f657f0a91ebb7dfec4186f4297753c3d
shinjuku-2026-r1-gian-20,hard,content,R1G20-H-24,第27条・第28条: 情報の提供等、利益供与等の禁止,https://www.city.shinjuku.lg.jp/content/000448436.pdf,26dae45a5333cc5c50c88c6411ee1016da151a63bcb086ad412980ff79b94fa4,第27条・第28条,情報の提供を行うよう努めなければならない…虚偽のもの又は誇大なものとしてはならない…対償として、金品その他の財産上の利益を供与してはならない,supported,5fcc7b1b59521e17445a4faa7d4e2bd1f657f0a91ebb7dfec4186f4297753c3d
shinjuku-2026-r1-gian-20,easy,content,R1G20-E-14,第29条: 苦情を受け付ける窓口をつくる,https://www.city.shinjuku.lg.jp/content/000448436.pdf,26dae45a5333cc5c50c88c6411ee1016da151a63bcb086ad412980ff79b94fa4,第29条,苦情を受け付けるための窓口を設置する措置その他の必要な措置を講じなければならない…苦情の内容その他の事項を記録しなければならない,supported,6cdef2cc2a0f2f9813eabaa47efdd883645ed08e79154130b73795ffd530b079
shinjuku-2026-r1-gian-20,normal,content,R1G20-N-19,苦情への対応（第29条）,https://www.city.shinjuku.lg.jp/content/000448436.pdf,26dae45a5333cc5c50c88c6411ee1016da151a63bcb086ad412980ff79b94fa4,第29条,苦情を受け付けるための窓口を設置する措置その他の必要な措置を講じなければならない…苦情の内容その他の事項を記録しなければならない,supported,cc866ddf8b8c38dcc8a7453115531cefe96892b7a7845a0684b15fe6b4e6e4a6
shinjuku-2026-r1-gian-20,hard,content,R1G20-H-25,第29条・第30条: 苦情への対応、地域との連携等,https://www.city.shinjuku.lg.jp/content/000448436.pdf,26dae45a5333cc5c50c88c6411ee1016da151a63bcb086ad412980ff79b94fa4,第29条・第30条,苦情に関して区が実施する事業に協力するよう努めなければならない…地域住民又はその自発的な活動等との連携及び協力を行う等の地域との交流に努めなければならない,supported,5fcc7b1b59521e17445a4faa7d4e2bd1f657f0a91ebb7dfec4186f4297753c3d
shinjuku-2026-r1-gian-20,easy,content,R1G20-E-15,第31条: 事故が起きたら速やかに区と家族に連絡し、必要な措置をとる,https://www.city.shinjuku.lg.jp/content/000448436.pdf,26dae45a5333cc5c50c88c6411ee1016da151a63bcb086ad412980ff79b94fa4,第31条,事故発生の防止のための指針を整備すること…速やかに、区、当該乳児等支援給付認定子どもの家族等に連絡を行うとともに、必要な措置を講じなければならない…損害賠償を速やかに行わなければならない,supported,6cdef2cc2a0f2f9813eabaa47efdd883645ed08e79154130b73795ffd530b079
shinjuku-2026-r1-gian-20,normal,content,R1G20-N-20,事故への対応（第31条）,https://www.city.shinjuku.lg.jp/content/000448436.pdf,26dae45a5333cc5c50c88c6411ee1016da151a63bcb086ad412980ff79b94fa4,第31条,事故発生の防止のための指針を整備すること…速やかに、区、当該乳児等支援給付認定子どもの家族等に連絡を行うとともに、必要な措置を講じなければならない…損害賠償を速やかに行わなければならない,supported,cc866ddf8b8c38dcc8a7453115531cefe96892b7a7845a0684b15fe6b4e6e4a6
shinjuku-2026-r1-gian-20,hard,content,R1G20-H-26,第31条: 事故発生の防止及び発生時の対応,https://www.city.shinjuku.lg.jp/content/000448436.pdf,26dae45a5333cc5c50c88c6411ee1016da151a63bcb086ad412980ff79b94fa4,第31条,事故発生の防止のための指針を整備すること…速やかに、区、当該乳児等支援給付認定子どもの家族等に連絡を行うとともに、必要な措置を講じなければならない…損害賠償を速やかに行わなければならない,supported,5fcc7b1b59521e17445a4faa7d4e2bd1f657f0a91ebb7dfec4186f4297753c3d
shinjuku-2026-r1-gian-20,easy,content,R1G20-E-16,第33条: 記録は完結の日から5年間保存する,https://www.city.shinjuku.lg.jp/content/000448436.pdf,26dae45a5333cc5c50c88c6411ee1016da151a63bcb086ad412980ff79b94fa4,第32条・第33条,会計をその他の事業の会計と区分しなければならない…その完結の日から５年間保存しなければならない,supported,6cdef2cc2a0f2f9813eabaa47efdd883645ed08e79154130b73795ffd530b079
shinjuku-2026-r1-gian-20,normal,content,R1G20-N-21,記録の整備（第33条）、会計の区分（第32条）,https://www.city.shinjuku.lg.jp/content/000448436.pdf,26dae45a5333cc5c50c88c6411ee1016da151a63bcb086ad412980ff79b94fa4,第32条・第33条,会計をその他の事業の会計と区分しなければならない…その完結の日から５年間保存しなければならない,supported,cc866ddf8b8c38dcc8a7453115531cefe96892b7a7845a0684b15fe6b4e6e4a6
shinjuku-2026-r1-gian-20,hard,content,R1G20-H-27,第32条・第33条: 会計の区分、記録の整備等,https://www.city.shinjuku.lg.jp/content/000448436.pdf,26dae45a5333cc5c50c88c6411ee1016da151a63bcb086ad412980ff79b94fa4,第32条・第33条,会計をその他の事業の会計と区分しなければならない…その完結の日から５年間保存しなければならない,supported,5fcc7b1b59521e17445a4faa7d4e2bd1f657f0a91ebb7dfec4186f4297753c3d
shinjuku-2026-r1-gian-20,normal,content,R1G20-N-22,電磁的記録（第34条）,https://www.city.shinjuku.lg.jp/content/000448436.pdf,26dae45a5333cc5c50c88c6411ee1016da151a63bcb086ad412980ff79b94fa4,第34条,により行うことができる…乳児等支援給付認定保護者の承諾を得て…電磁的方法,supported,cc866ddf8b8c38dcc8a7453115531cefe96892b7a7845a0684b15fe6b4e6e4a6
shinjuku-2026-r1-gian-20,hard,content,R1G20-H-28,第34条: 電磁的記録等,https://www.city.shinjuku.lg.jp/content/000448436.pdf,26dae45a5333cc5c50c88c6411ee1016da151a63bcb086ad412980ff79b94fa4,第34条,により行うことができる…乳児等支援給付認定保護者の承諾を得て…電磁的方法,supported,5fcc7b1b59521e17445a4faa7d4e2bd1f657f0a91ebb7dfec4186f4297753c3d
shinjuku-2026-r1-gian-20,easy,content,R1G20-E-17,利用料の金額、利用できる子どもの年齢、事業者の数や場所、賛否の理由は条例の本文に書かれていない,https://www.city.shinjuku.lg.jp/content/000448436.pdf,26dae45a5333cc5c50c88c6411ee1016da151a63bcb086ad412980ff79b94fa4,出典に記載がない事項,（本件は解説本文が「一次資料に記載がない」と明示している箇所であり、事実主張ではない）,needs_source,6cdef2cc2a0f2f9813eabaa47efdd883645ed08e79154130b73795ffd530b079
shinjuku-2026-r1-gian-20,normal,content,R1G20-N-23,利用料の金額、利用できる子どもの年齢などの範囲、事業者の数・場所、賛否の理由は出典に書かれていない,https://www.city.shinjuku.lg.jp/content/000448436.pdf,26dae45a5333cc5c50c88c6411ee1016da151a63bcb086ad412980ff79b94fa4,出典に記載がない事項,（本件は解説本文が「一次資料に記載がない」と明示している箇所であり、事実主張ではない）,needs_source,cc866ddf8b8c38dcc8a7453115531cefe96892b7a7845a0684b15fe6b4e6e4a6
shinjuku-2026-r1-gian-20,hard,content,R1G20-H-29,利用料の金額、利用できる子どもの年齢などの範囲、事業者の数・場所、賛否の理由は条例の本文に書かれていない,https://www.city.shinjuku.lg.jp/content/000448436.pdf,26dae45a5333cc5c50c88c6411ee1016da151a63bcb086ad412980ff79b94fa4,出典に記載がない事項,（本件は解説本文が「一次資料に記載がない」と明示している箇所であり、事実主張ではない）,needs_source,5fcc7b1b59521e17445a4faa7d4e2bd1f657f0a91ebb7dfec4186f4297753c3d
shinjuku-2026-r1-gian-20,easy,content,R1G20-E-18,原案可決,https://www.city.shinjuku.lg.jp/kusei/soumu01_002090_00015.html,7c2b6f68db1b433b860b35d176b4dd9211e78582ec9de718fcfefe68b22d896a,審議状況（第20号議案）,第20号議案新宿区特定乳児等通園支援事業の運営に関する基準を定める条例原案可決,supported,6cdef2cc2a0f2f9813eabaa47efdd883645ed08e79154130b73795ffd530b079
shinjuku-2026-r1-gian-20,normal,content,R1G20-N-24,原案可決,https://www.city.shinjuku.lg.jp/kusei/soumu01_002090_00015.html,7c2b6f68db1b433b860b35d176b4dd9211e78582ec9de718fcfefe68b22d896a,審議状況（第20号議案）,第20号議案新宿区特定乳児等通園支援事業の運営に関する基準を定める条例原案可決,supported,cc866ddf8b8c38dcc8a7453115531cefe96892b7a7845a0684b15fe6b4e6e4a6
shinjuku-2026-r1-gian-20,hard,content,R1G20-H-30,原案可決（議決結果ページの記載）,https://www.city.shinjuku.lg.jp/kusei/soumu01_002090_00015.html,7c2b6f68db1b433b860b35d176b4dd9211e78582ec9de718fcfefe68b22d896a,審議状況（第20号議案）,第20号議案新宿区特定乳児等通園支援事業の運営に関する基準を定める条例原案可決,supported,5fcc7b1b59521e17445a4faa7d4e2bd1f657f0a91ebb7dfec4186f4297753c3d
shinjuku-2026-r1-gian-20,easy,content,R1G20-E-19,会議録は第1回定例会の第4日（2026年3月24日）,https://ssp.kaigiroku.net/tenant/shinjuku/MinuteView.html?council_id=3163&schedule_id=5&minute_id=1,bd058d36962b45d8d965e4625bb95ecd661a102a026175213f37ba9eb575424a,審議状況（本会議 3月24日 会議録の冒頭）,令和８年第１回定例会会議録（第４日）第４号…令和８年３月２４日（火曜日）,supported,6cdef2cc2a0f2f9813eabaa47efdd883645ed08e79154130b73795ffd530b079
shinjuku-2026-r1-gian-20,normal,content,R1G20-N-25,会議録は第4日（令和8年3月24日）,https://ssp.kaigiroku.net/tenant/shinjuku/MinuteView.html?council_id=3163&schedule_id=5&minute_id=1,bd058d36962b45d8d965e4625bb95ecd661a102a026175213f37ba9eb575424a,審議状況（本会議 3月24日 会議録の冒頭）,令和８年第１回定例会会議録（第４日）第４号…令和８年３月２４日（火曜日）,supported,cc866ddf8b8c38dcc8a7453115531cefe96892b7a7845a0684b15fe6b4e6e4a6
shinjuku-2026-r1-gian-20,hard,content,R1G20-H-31,会議録は第4日第4号、令和8年3月24日（火曜日）,https://ssp.kaigiroku.net/tenant/shinjuku/MinuteView.html?council_id=3163&schedule_id=5&minute_id=1,bd058d36962b45d8d965e4625bb95ecd661a102a026175213f37ba9eb575424a,審議状況（本会議 3月24日 会議録の冒頭）,令和８年第１回定例会会議録（第４日）第４号…令和８年３月２４日（火曜日）,supported,5fcc7b1b59521e17445a4faa7d4e2bd1f657f0a91ebb7dfec4186f4297753c3d
shinjuku-2026-r1-gian-20,hard,content,R1G20-H-32,会議録の議題は第20号議案,https://ssp.kaigiroku.net/tenant/shinjuku/MinuteView.html?council_id=3163&schedule_id=5&minute_id=55,6b1f1d806d603df66407bd4b2d323ba898454a1cbee3912c82f1e6ee2504a227,審議状況（本会議 3月24日 議題）,第20号議案 新宿区特定乳児等通園支援事業の運営に関する基準を定める条例,supported,5fcc7b1b59521e17445a4faa7d4e2bd1f657f0a91ebb7dfec4186f4297753c3d
shinjuku-2026-r1-gian-20,hard,content,R1G20-H-33,会議録: 文教子ども家庭委員会審査報告書は可決との報告,https://ssp.kaigiroku.net/tenant/shinjuku/MinuteView.html?council_id=3163&schedule_id=5&minute_id=58,69368f14e256835f225802d7539f39260bf2106b46b6e0ee675d011db724582f,審議状況（本会議 3月24日 議長）,文教子ども家庭委員会審査報告書は、可決です,supported,5fcc7b1b59521e17445a4faa7d4e2bd1f657f0a91ebb7dfec4186f4297753c3d
shinjuku-2026-r1-gian-20,easy,content,R1G20-E-20,本案は可決された,https://ssp.kaigiroku.net/tenant/shinjuku/MinuteView.html?council_id=3163&schedule_id=5&minute_id=59,970914f9ce4a28e423e8480a3d4ce175afafafeebd92448698df42d97cb2ec1d,審議状況（本会議 3月24日 議長）,異議なしと認めます。本案は、いずれも委員会審査報告のとおり可決されました,supported,6cdef2cc2a0f2f9813eabaa47efdd883645ed08e79154130b73795ffd530b079
shinjuku-2026-r1-gian-20,normal,content,R1G20-N-26,本案は委員会審査報告のとおり可決された,https://ssp.kaigiroku.net/tenant/shinjuku/MinuteView.html?council_id=3163&schedule_id=5&minute_id=59,970914f9ce4a28e423e8480a3d4ce175afafafeebd92448698df42d97cb2ec1d,審議状況（本会議 3月24日 議長）,異議なしと認めます。本案は、いずれも委員会審査報告のとおり可決されました,supported,cc866ddf8b8c38dcc8a7453115531cefe96892b7a7845a0684b15fe6b4e6e4a6
shinjuku-2026-r1-gian-20,hard,content,R1G20-H-34,本案は異議なしと認められ、委員会審査報告のとおり可決された,https://ssp.kaigiroku.net/tenant/shinjuku/MinuteView.html?council_id=3163&schedule_id=5&minute_id=59,970914f9ce4a28e423e8480a3d4ce175afafafeebd92448698df42d97cb2ec1d,審議状況（本会議 3月24日 議長）,異議なしと認めます。本案は、いずれも委員会審査報告のとおり可決されました,supported,5fcc7b1b59521e17445a4faa7d4e2bd1f657f0a91ebb7dfec4186f4297753c3d
shinjuku-2026-r1-gian-20,easy,content,R1G20-E-21,第1回定例会の会期は2026年2月17日（火）から3月24日（火）まで,https://www.city.shinjuku.lg.jp/kusei/file08_05_0003820210204_00013.html,869549fe3ba94ac28c6e8fd003d4ad71484501a78203fc7a885109aae4ab487c,審議状況（会期と日程）,令和8年2月17日（火曜日）から3月24日（火曜日）まで,supported,6cdef2cc2a0f2f9813eabaa47efdd883645ed08e79154130b73795ffd530b079
shinjuku-2026-r1-gian-20,normal,content,R1G20-N-27,会期は2月17日〜3月24日,https://www.city.shinjuku.lg.jp/kusei/file08_05_0003820210204_00013.html,869549fe3ba94ac28c6e8fd003d4ad71484501a78203fc7a885109aae4ab487c,審議状況（会期と日程）,令和8年2月17日（火曜日）から3月24日（火曜日）まで,supported,cc866ddf8b8c38dcc8a7453115531cefe96892b7a7845a0684b15fe6b4e6e4a6
shinjuku-2026-r1-gian-20,hard,content,R1G20-H-35,議決結果ページの最終更新日は令和8年3月24日,https://www.city.shinjuku.lg.jp/kusei/soumu01_002090_00015.html,7c2b6f68db1b433b860b35d176b4dd9211e78582ec9de718fcfefe68b22d896a,審議状況（最終更新日）,最終更新日：2026年3月24日,supported,5fcc7b1b59521e17445a4faa7d4e2bd1f657f0a91ebb7dfec4186f4297753c3d
shinjuku-2026-r1-gian-20,easy,content,R1G20-E-22,8つの会派すべてが賛成,https://www.city.shinjuku.lg.jp/content/000452334.pdf,22ba4f49b18c96bd1fa26241606257c05477f38e25ac46d6f8e4f416a2cedbf2,審議状況（新宿区特定乳児等通園支援事業の運営に関する基準を定める条例）,特定乳児等通園支援事業の開始に向け、新宿区における『特定乳児等通園支援事業の運営に関する基準（確認基準）』を定める。○○○○○○○○可決,supported,6cdef2cc2a0f2f9813eabaa47efdd883645ed08e79154130b73795ffd530b079
shinjuku-2026-r1-gian-20,normal,content,R1G20-N-28,「議案の概要と審議結果」に記載の8会派はすべて賛成,https://www.city.shinjuku.lg.jp/content/000452334.pdf,22ba4f49b18c96bd1fa26241606257c05477f38e25ac46d6f8e4f416a2cedbf2,審議状況（新宿区特定乳児等通園支援事業の運営に関する基準を定める条例）,特定乳児等通園支援事業の開始に向け、新宿区における『特定乳児等通園支援事業の運営に関する基準（確認基準）』を定める。○○○○○○○○可決,supported,cc866ddf8b8c38dcc8a7453115531cefe96892b7a7845a0684b15fe6b4e6e4a6
shinjuku-2026-r1-gian-20,hard,content,R1G20-H-36,8会派はすべて賛成,https://www.city.shinjuku.lg.jp/content/000452334.pdf,22ba4f49b18c96bd1fa26241606257c05477f38e25ac46d6f8e4f416a2cedbf2,審議状況（新宿区特定乳児等通園支援事業の運営に関する基準を定める条例）,特定乳児等通園支援事業の開始に向け、新宿区における『特定乳児等通園支援事業の運営に関する基準（確認基準）』を定める。○○○○○○○○可決,supported,5fcc7b1b59521e17445a4faa7d4e2bd1f657f0a91ebb7dfec4186f4297753c3d
shinjuku-2026-r1-gian-20,hard,content,R1G20-H-37,会派略称と会派名の対応,https://www.city.shinjuku.lg.jp/content/000452334.pdf,22ba4f49b18c96bd1fa26241606257c05477f38e25ac46d6f8e4f416a2cedbf2,審議状況（会派略称・列の並び）,共産＝日本共産党新宿区議会議員団…れいわ＝れいわ新選組 新宿…自参ク＝自民・参政クラブ…公明＝新宿区議会公明党…新宿会＝新宿未来の会…民無ク＝立憲民主党・無所属クラブ…維新＝日本維新の会・新宿区議団…現役＝現役世代に優しい新宿・減税の会…自参ク 公明 共産 新宿会 民無ク 維新 現役 れいわ,supported,5fcc7b1b59521e17445a4faa7d4e2bd1f657f0a91ebb7dfec4186f4297753c3d
shinjuku-2026-r1-gian-31,easy,title,R1G31-ET-01,見出し: 大規模マンションと 開発事業の 環境づくりの 条例,https://www.city.shinjuku.lg.jp/content/000448447.pdf,80fb21345b307f476abc29b7de3200ef659d23b703a72d6b6c3e9482207aaef5,件名,第３１号議案…新宿区大規模マンション及び開発事業に係る市街地環境の整備に関する条例,supported,5fbf0baa2ceec5292731e63342d33e929d56956b8e134865d34385e434a3799a
shinjuku-2026-r1-gian-31,normal,title,R1G31-NT-01,見出し: 大規模マンションと開発事業の市街地環境整備条例（新設）,https://www.city.shinjuku.lg.jp/content/000448447.pdf,80fb21345b307f476abc29b7de3200ef659d23b703a72d6b6c3e9482207aaef5,件名,第３１号議案…新宿区大規模マンション及び開発事業に係る市街地環境の整備に関する条例,supported,8eb89f77dd395f70417d2028bf8407c4f0e63ca9edd4656153883c3fb7f1f6d3
shinjuku-2026-r1-gian-31,hard,title,R1G31-HT-01,見出し: 新宿区大規模マンション及び開発事業に係る市街地環境の整備に関する条例の条文構成,https://www.city.shinjuku.lg.jp/content/000448447.pdf,80fb21345b307f476abc29b7de3200ef659d23b703a72d6b6c3e9482207aaef5,件名,第３１号議案…新宿区大規模マンション及び開発事業に係る市街地環境の整備に関する条例,supported,e263c87c78d1a1bf297ebb2f9b3dc69eb2c340da3823158798d85222961638c3
shinjuku-2026-r1-gian-31,easy,summary,R1G31-ES-01,要約: 大きな マンションや 開発事業を する 人は 区に 届け出ます。区長と 話し合います,https://www.city.shinjuku.lg.jp/content/000448447.pdf,80fb21345b307f476abc29b7de3200ef659d23b703a72d6b6c3e9482207aaef5,第5条,あらかじめ、規則で定めるところにより、これらの行為に係る計画を区長に届け出なければならない…地域共生施設の設置等について区長と協議を行わなければならない…地域共生施設の設置等を行うよう要請することができる,supported,5fbf0baa2ceec5292731e63342d33e929d56956b8e134865d34385e434a3799a
shinjuku-2026-r1-gian-31,normal,summary,R1G31-NS-01,要約: 計画の届出と区長との事前協議を義務づける。区長は地域共生施設の設置等を要請できる,https://www.city.shinjuku.lg.jp/content/000448447.pdf,80fb21345b307f476abc29b7de3200ef659d23b703a72d6b6c3e9482207aaef5,第5条,あらかじめ、規則で定めるところにより、これらの行為に係る計画を区長に届け出なければならない…地域共生施設の設置等について区長と協議を行わなければならない…地域共生施設の設置等を行うよう要請することができる,supported,8eb89f77dd395f70417d2028bf8407c4f0e63ca9edd4656153883c3fb7f1f6d3
shinjuku-2026-r1-gian-31,hard,summary,R1G31-HS-01,要約: 計画届・事前協議・要請（第5条）を定める,https://www.city.shinjuku.lg.jp/content/000448447.pdf,80fb21345b307f476abc29b7de3200ef659d23b703a72d6b6c3e9482207aaef5,第5条,あらかじめ、規則で定めるところにより、これらの行為に係る計画を区長に届け出なければならない…地域共生施設の設置等について区長と協議を行わなければならない…地域共生施設の設置等を行うよう要請することができる,supported,e263c87c78d1a1bf297ebb2f9b3dc69eb2c340da3823158798d85222961638c3
shinjuku-2026-r1-gian-31,hard,summary,R1G31-HS-02,要約: 状況届・結果届（第6条）を定める,https://www.city.shinjuku.lg.jp/content/000448447.pdf,80fb21345b307f476abc29b7de3200ef659d23b703a72d6b6c3e9482207aaef5,第6条,当該事前協議の状況を届け出なければならない…事前協議が終了したときは、…当該事前協議の結果を届け出なければならない,supported,e263c87c78d1a1bf297ebb2f9b3dc69eb2c340da3823158798d85222961638c3
shinjuku-2026-r1-gian-31,hard,summary,R1G31-HS-03,要約: 完了届（第8条）を定める,https://www.city.shinjuku.lg.jp/content/000448447.pdf,80fb21345b307f476abc29b7de3200ef659d23b703a72d6b6c3e9482207aaef5,第8条,計画届の内容に係る工事を完了したときは、規則で定めるところにより、速やかにその旨を区長に届け出なければならない,supported,e263c87c78d1a1bf297ebb2f9b3dc69eb2c340da3823158798d85222961638c3
shinjuku-2026-r1-gian-31,easy,summary,R1G31-ES-02,要約: 守らない ときは 区長が 勧告できます,https://www.city.shinjuku.lg.jp/content/000448447.pdf,80fb21345b307f476abc29b7de3200ef659d23b703a72d6b6c3e9482207aaef5,第11条,必要な措置を講ずるよう勧告することができる…を行わない者又は虚偽の届出を行った者…事前協議…を行わない者…要請に正当な理由なく応じない者…報告を行わない者又は虚偽の報告を行った者…新宿区住宅まちづくり審議会の意見を聴かなければならない,supported,5fbf0baa2ceec5292731e63342d33e929d56956b8e134865d34385e434a3799a
shinjuku-2026-r1-gian-31,normal,summary,R1G31-NS-02,要約: 届出をしない場合などは勧告できる,https://www.city.shinjuku.lg.jp/content/000448447.pdf,80fb21345b307f476abc29b7de3200ef659d23b703a72d6b6c3e9482207aaef5,第11条,必要な措置を講ずるよう勧告することができる…を行わない者又は虚偽の届出を行った者…事前協議…を行わない者…要請に正当な理由なく応じない者…報告を行わない者又は虚偽の報告を行った者…新宿区住宅まちづくり審議会の意見を聴かなければならない,supported,8eb89f77dd395f70417d2028bf8407c4f0e63ca9edd4656153883c3fb7f1f6d3
shinjuku-2026-r1-gian-31,hard,summary,R1G31-HS-04,要約: 勧告を定める,https://www.city.shinjuku.lg.jp/content/000448447.pdf,80fb21345b307f476abc29b7de3200ef659d23b703a72d6b6c3e9482207aaef5,第11条,必要な措置を講ずるよう勧告することができる…を行わない者又は虚偽の届出を行った者…事前協議…を行わない者…要請に正当な理由なく応じない者…報告を行わない者又は虚偽の報告を行った者…新宿区住宅まちづくり審議会の意見を聴かなければならない,supported,e263c87c78d1a1bf297ebb2f9b3dc69eb2c340da3823158798d85222961638c3
shinjuku-2026-r1-gian-31,easy,summary,R1G31-ES-03,要約: 勧告に 従わない ときは 公表できます,https://www.city.shinjuku.lg.jp/content/000448447.pdf,80fb21345b307f476abc29b7de3200ef659d23b703a72d6b6c3e9482207aaef5,第12条,正当な理由なく当該勧告に従わないときは、規則で定めるところにより、その旨を公表することができる…意見を述べ、証拠を提示する機会を与えるものとする…新宿区住宅まちづくり審議会の意見を聴かなければならない,supported,5fbf0baa2ceec5292731e63342d33e929d56956b8e134865d34385e434a3799a
shinjuku-2026-r1-gian-31,normal,summary,R1G31-NS-03,要約: 正当な理由なく勧告に従わない場合は公表できる,https://www.city.shinjuku.lg.jp/content/000448447.pdf,80fb21345b307f476abc29b7de3200ef659d23b703a72d6b6c3e9482207aaef5,第12条,正当な理由なく当該勧告に従わないときは、規則で定めるところにより、その旨を公表することができる…意見を述べ、証拠を提示する機会を与えるものとする…新宿区住宅まちづくり審議会の意見を聴かなければならない,supported,8eb89f77dd395f70417d2028bf8407c4f0e63ca9edd4656153883c3fb7f1f6d3
shinjuku-2026-r1-gian-31,hard,summary,R1G31-HS-05,要約: 公表を定める,https://www.city.shinjuku.lg.jp/content/000448447.pdf,80fb21345b307f476abc29b7de3200ef659d23b703a72d6b6c3e9482207aaef5,第12条,正当な理由なく当該勧告に従わないときは、規則で定めるところにより、その旨を公表することができる…意見を述べ、証拠を提示する機会を与えるものとする…新宿区住宅まちづくり審議会の意見を聴かなければならない,supported,e263c87c78d1a1bf297ebb2f9b3dc69eb2c340da3823158798d85222961638c3
shinjuku-2026-r1-gian-31,easy,summary,R1G31-ES-04,要約: 2026年（令和8年）10月1日から 始まります,https://www.city.shinjuku.lg.jp/content/000448447.pdf,80fb21345b307f476abc29b7de3200ef659d23b703a72d6b6c3e9482207aaef5,附則 1,この条例は、令和8年10月1日から施行する,supported,5fbf0baa2ceec5292731e63342d33e929d56956b8e134865d34385e434a3799a
shinjuku-2026-r1-gian-31,normal,summary,R1G31-NS-04,要約: 令和8年10月1日に施行する,https://www.city.shinjuku.lg.jp/content/000448447.pdf,80fb21345b307f476abc29b7de3200ef659d23b703a72d6b6c3e9482207aaef5,附則 1,この条例は、令和8年10月1日から施行する,supported,8eb89f77dd395f70417d2028bf8407c4f0e63ca9edd4656153883c3fb7f1f6d3
shinjuku-2026-r1-gian-31,hard,summary,R1G31-HS-06,要約: 施行は令和8年10月1日,https://www.city.shinjuku.lg.jp/content/000448447.pdf,80fb21345b307f476abc29b7de3200ef659d23b703a72d6b6c3e9482207aaef5,附則 1,この条例は、令和8年10月1日から施行する,supported,e263c87c78d1a1bf297ebb2f9b3dc69eb2c340da3823158798d85222961638c3
shinjuku-2026-r1-gian-31,hard,summary,R1G31-HS-07,要約: 第5条第1項は施行日以後に計画届を行うべき者に適用する,https://www.city.shinjuku.lg.jp/content/000448447.pdf,80fb21345b307f476abc29b7de3200ef659d23b703a72d6b6c3e9482207aaef5,附則 2,第5条第1項の規定は、この条例の施行の日以後に計画届を行うべきこととなる開発事業者等に対して適用する,supported,e263c87c78d1a1bf297ebb2f9b3dc69eb2c340da3823158798d85222961638c3
shinjuku-2026-r1-gian-31,hard,summary,R1G31-HS-08,要約: 維持管理を定める,https://www.city.shinjuku.lg.jp/content/000448447.pdf,80fb21345b307f476abc29b7de3200ef659d23b703a72d6b6c3e9482207aaef5,第9条,維持管理しなければならない…維持管理の状況について、報告を求めることができる…地域共生施設の設置等について変更をしようとする場合…区長に届け出なければならない,supported,e263c87c78d1a1bf297ebb2f9b3dc69eb2c340da3823158798d85222961638c3
shinjuku-2026-r1-gian-31,hard,summary,R1G31-HS-09,要約: 報告の徴収を定める,https://www.city.shinjuku.lg.jp/content/000448447.pdf,80fb21345b307f476abc29b7de3200ef659d23b703a72d6b6c3e9482207aaef5,第10条,この条例の施行に必要な限度において、開発事業者等及び完了建築物の所有者等に対し、必要な報告を求めることができる,supported,e263c87c78d1a1bf297ebb2f9b3dc69eb2c340da3823158798d85222961638c3
shinjuku-2026-r1-gian-31,normal,summary,R1G31-NS-05,要約: 大規模マンションの新築等と開発事業を対象とする,https://www.city.shinjuku.lg.jp/content/000448447.pdf,80fb21345b307f476abc29b7de3200ef659d23b703a72d6b6c3e9482207aaef5,第2条第2項第1号,"大規模マンション…共同住宅、長屋又は寄宿舎の用途に供する部分を含む建築物で、次のいずれかに該当するもの（開発事業の実施によるものを除く。）…敷地面積が1,000平方メートル…2,000平方メートル）以上…延べ面積が3,000平方メートル以上…住戸又は寄宿舎の寝室の数の合計が100以上",supported,8eb89f77dd395f70417d2028bf8407c4f0e63ca9edd4656153883c3fb7f1f6d3
shinjuku-2026-r1-gian-31,hard,summary,R1G31-HS-10,要約: 大規模マンションの新築等と開発事業の手続を定める,https://www.city.shinjuku.lg.jp/content/000448447.pdf,80fb21345b307f476abc29b7de3200ef659d23b703a72d6b6c3e9482207aaef5,第2条第2項第1号,"大規模マンション…共同住宅、長屋又は寄宿舎の用途に供する部分を含む建築物で、次のいずれかに該当するもの（開発事業の実施によるものを除く。）…敷地面積が1,000平方メートル…2,000平方メートル）以上…延べ面積が3,000平方メートル以上…住戸又は寄宿舎の寝室の数の合計が100以上",supported,e263c87c78d1a1bf297ebb2f9b3dc69eb2c340da3823158798d85222961638c3
shinjuku-2026-r1-gian-31,easy,content,R1G31-E-01,新しい条例の名前は、新宿区大規模マンション及び開発事業に係る市街地環境の整備に関する条例,https://www.city.shinjuku.lg.jp/content/000448447.pdf,80fb21345b307f476abc29b7de3200ef659d23b703a72d6b6c3e9482207aaef5,件名,第３１号議案…新宿区大規模マンション及び開発事業に係る市街地環境の整備に関する条例,supported,5fbf0baa2ceec5292731e63342d33e929d56956b8e134865d34385e434a3799a
shinjuku-2026-r1-gian-31,normal,content,R1G31-N-01,新しい条例,https://www.city.shinjuku.lg.jp/content/000448447.pdf,80fb21345b307f476abc29b7de3200ef659d23b703a72d6b6c3e9482207aaef5,件名,第３１号議案…新宿区大規模マンション及び開発事業に係る市街地環境の整備に関する条例,supported,8eb89f77dd395f70417d2028bf8407c4f0e63ca9edd4656153883c3fb7f1f6d3
shinjuku-2026-r1-gian-31,hard,content,R1G31-H-01,件名は新宿区大規模マンション及び開発事業に係る市街地環境の整備に関する条例,https://www.city.shinjuku.lg.jp/content/000448447.pdf,80fb21345b307f476abc29b7de3200ef659d23b703a72d6b6c3e9482207aaef5,件名,第３１号議案…新宿区大規模マンション及び開発事業に係る市街地環境の整備に関する条例,supported,e263c87c78d1a1bf297ebb2f9b3dc69eb2c340da3823158798d85222961638c3
shinjuku-2026-r1-gian-31,easy,content,R1G31-E-02,区と開発事業者などが協力して良い市街地環境をつくり、防災性が高く環境に配慮したまちづくりをすすめ、誰もが安心して住み続けられる地域社会が目的,https://www.city.shinjuku.lg.jp/content/000448447.pdf,80fb21345b307f476abc29b7de3200ef659d23b703a72d6b6c3e9482207aaef5,第1条,新宿区（以下「区」という。）と開発事業者等が連携して、快適でゆとりある良好な市街地環境の形成に努めるとともに、高い防災性を備え、環境に配慮したまちづくりを推進し、もって誰もが安心して住み続けることができる地域社会の実現に資することを目的とする,supported,5fbf0baa2ceec5292731e63342d33e929d56956b8e134865d34385e434a3799a
shinjuku-2026-r1-gian-31,normal,content,R1G31-N-02,目的は、良好な市街地環境の形成、防災性を備え環境に配慮したまちづくり、誰もが安心して住み続けられる地域社会の実現（第1条）,https://www.city.shinjuku.lg.jp/content/000448447.pdf,80fb21345b307f476abc29b7de3200ef659d23b703a72d6b6c3e9482207aaef5,第1条,新宿区（以下「区」という。）と開発事業者等が連携して、快適でゆとりある良好な市街地環境の形成に努めるとともに、高い防災性を備え、環境に配慮したまちづくりを推進し、もって誰もが安心して住み続けることができる地域社会の実現に資することを目的とする,supported,8eb89f77dd395f70417d2028bf8407c4f0e63ca9edd4656153883c3fb7f1f6d3
shinjuku-2026-r1-gian-31,hard,content,R1G31-H-02,第1条: 目的,https://www.city.shinjuku.lg.jp/content/000448447.pdf,80fb21345b307f476abc29b7de3200ef659d23b703a72d6b6c3e9482207aaef5,第1条,新宿区（以下「区」という。）と開発事業者等が連携して、快適でゆとりある良好な市街地環境の形成に努めるとともに、高い防災性を備え、環境に配慮したまちづくりを推進し、もって誰もが安心して住み続けることができる地域社会の実現に資することを目的とする,supported,e263c87c78d1a1bf297ebb2f9b3dc69eb2c340da3823158798d85222961638c3
shinjuku-2026-r1-gian-31,hard,content,R1G31-H-03,概要資料の記載は提案理由と同旨,https://www.city.shinjuku.lg.jp/content/000447774.pdf,1dc3eaffcafb1b1c9e139e823182dc80dc0755624813ca87d8b274d15f5b6624,条例関係 第31号議案,区と開発事業者等が連携して、快適でゆとりある良好な市街…地環境の形成に努めるとともに、高い防災性を備え、環境に配…慮したまちづくりを推進し、もって誰もが安心して住み続け…ことができる地域社会の実現に資するため、大規模マンション及び開発事業に係る市街地環境の,supported,e263c87c78d1a1bf297ebb2f9b3dc69eb2c340da3823158798d85222961638c3
shinjuku-2026-r1-gian-31,hard,content,R1G31-H-04,提案理由は、市街地環境の整備に関し必要な事項を定める必要があるため,https://www.city.shinjuku.lg.jp/content/000448447.pdf,80fb21345b307f476abc29b7de3200ef659d23b703a72d6b6c3e9482207aaef5,提案理由,大規模マンション及び開発事業に係る市街地環境の整備に関し必要な事項を定める必要があるため,supported,e263c87c78d1a1bf297ebb2f9b3dc69eb2c340da3823158798d85222961638c3
shinjuku-2026-r1-gian-31,easy,content,R1G31-E-03,区長が 2026年2月17日に 出した,https://www.city.shinjuku.lg.jp/content/000448447.pdf,80fb21345b307f476abc29b7de3200ef659d23b703a72d6b6c3e9482207aaef5,提出日・提出者,令和８年２月１７日…提出者 新宿区長 吉住 健一,supported,5fbf0baa2ceec5292731e63342d33e929d56956b8e134865d34385e434a3799a
shinjuku-2026-r1-gian-31,normal,content,R1G31-N-03,令和8年2月17日に区長が提出した,https://www.city.shinjuku.lg.jp/content/000448447.pdf,80fb21345b307f476abc29b7de3200ef659d23b703a72d6b6c3e9482207aaef5,提出日・提出者,令和８年２月１７日…提出者 新宿区長 吉住 健一,supported,8eb89f77dd395f70417d2028bf8407c4f0e63ca9edd4656153883c3fb7f1f6d3
shinjuku-2026-r1-gian-31,hard,content,R1G31-H-05,提出日は令和8年2月17日、提出者は新宿区長 吉住健一,https://www.city.shinjuku.lg.jp/content/000448447.pdf,80fb21345b307f476abc29b7de3200ef659d23b703a72d6b6c3e9482207aaef5,提出日・提出者,令和８年２月１７日…提出者 新宿区長 吉住 健一,supported,e263c87c78d1a1bf297ebb2f9b3dc69eb2c340da3823158798d85222961638c3
shinjuku-2026-r1-gian-31,easy,content,R1G31-E-04,"大規模マンションの要件: 敷地1,000平方メートル以上（第1種低層住居専用地域は2,000平方メートル以上）、延べ面積3,000平方メートル以上、住戸や寝室の数が合計100以上のどれか。開発事業の一部として行うものは入らない",https://www.city.shinjuku.lg.jp/content/000448447.pdf,80fb21345b307f476abc29b7de3200ef659d23b703a72d6b6c3e9482207aaef5,第2条第2項第1号,"大規模マンション…共同住宅、長屋又は寄宿舎の用途に供する部分を含む建築物で、次のいずれかに該当するもの（開発事業の実施によるものを除く。）…敷地面積が1,000平方メートル…2,000平方メートル）以上…延べ面積が3,000平方メートル以上…住戸又は寄宿舎の寝室の数の合計が100以上",supported,5fbf0baa2ceec5292731e63342d33e929d56956b8e134865d34385e434a3799a
shinjuku-2026-r1-gian-31,normal,content,R1G31-N-04,大規模マンションの定義（第2条）,https://www.city.shinjuku.lg.jp/content/000448447.pdf,80fb21345b307f476abc29b7de3200ef659d23b703a72d6b6c3e9482207aaef5,第2条第2項第1号,"大規模マンション…共同住宅、長屋又は寄宿舎の用途に供する部分を含む建築物で、次のいずれかに該当するもの（開発事業の実施によるものを除く。）…敷地面積が1,000平方メートル…2,000平方メートル）以上…延べ面積が3,000平方メートル以上…住戸又は寄宿舎の寝室の数の合計が100以上",supported,8eb89f77dd395f70417d2028bf8407c4f0e63ca9edd4656153883c3fb7f1f6d3
shinjuku-2026-r1-gian-31,hard,content,R1G31-H-06,大規模マンション等の要件（第2条第2項）,https://www.city.shinjuku.lg.jp/content/000448447.pdf,80fb21345b307f476abc29b7de3200ef659d23b703a72d6b6c3e9482207aaef5,第2条第2項第1号,"大規模マンション…共同住宅、長屋又は寄宿舎の用途に供する部分を含む建築物で、次のいずれかに該当するもの（開発事業の実施によるものを除く。）…敷地面積が1,000平方メートル…2,000平方メートル）以上…延べ面積が3,000平方メートル以上…住戸又は寄宿舎の寝室の数の合計が100以上",supported,e263c87c78d1a1bf297ebb2f9b3dc69eb2c340da3823158798d85222961638c3
shinjuku-2026-r1-gian-31,easy,content,R1G31-E-05,開発事業は、高度利用地区・特定街区・再開発等促進区を定める地区計画・地区整備計画を定める地区計画・都市再生特別地区・総合設計制度を使って建物を新築・増築する事業,https://www.city.shinjuku.lg.jp/content/000448447.pdf,80fb21345b307f476abc29b7de3200ef659d23b703a72d6b6c3e9482207aaef5,第2条第2項第2号,開発事業…高度利用地区…特定街区…再開発等促進区を定める地区計画…地区整備計画を定める地区計画…区長が別に定めるときに限る…都市再生特別地区…総合設計制度…建築物を新築し、又は増築する事業をいう,supported,5fbf0baa2ceec5292731e63342d33e929d56956b8e134865d34385e434a3799a
shinjuku-2026-r1-gian-31,normal,content,R1G31-N-05,開発事業の定義（第2条）,https://www.city.shinjuku.lg.jp/content/000448447.pdf,80fb21345b307f476abc29b7de3200ef659d23b703a72d6b6c3e9482207aaef5,第2条第2項第2号,開発事業…高度利用地区…特定街区…再開発等促進区を定める地区計画…地区整備計画を定める地区計画…区長が別に定めるときに限る…都市再生特別地区…総合設計制度…建築物を新築し、又は増築する事業をいう,supported,8eb89f77dd395f70417d2028bf8407c4f0e63ca9edd4656153883c3fb7f1f6d3
shinjuku-2026-r1-gian-31,hard,content,R1G31-H-07,開発事業の要件（第2条第2項）,https://www.city.shinjuku.lg.jp/content/000448447.pdf,80fb21345b307f476abc29b7de3200ef659d23b703a72d6b6c3e9482207aaef5,第2条第2項第2号,開発事業…高度利用地区…特定街区…再開発等促進区を定める地区計画…地区整備計画を定める地区計画…区長が別に定めるときに限る…都市再生特別地区…総合設計制度…建築物を新築し、又は増築する事業をいう,supported,e263c87c78d1a1bf297ebb2f9b3dc69eb2c340da3823158798d85222961638c3
shinjuku-2026-r1-gian-31,easy,content,R1G31-E-06,高度利用地区・特定街区・都市再生特別地区は都市計画の決定や変更をする場合に限る,https://www.city.shinjuku.lg.jp/content/000448447.pdf,80fb21345b307f476abc29b7de3200ef659d23b703a72d6b6c3e9482207aaef5,第2条第2項第2号,高度利用地区（…都市計画決定等をする場合に限る。）…特定街区（都市計画決定等をする場合に限る。）…都市再生特別地区（都市計画決定等をする場合に限る。）,supported,5fbf0baa2ceec5292731e63342d33e929d56956b8e134865d34385e434a3799a
shinjuku-2026-r1-gian-31,normal,content,R1G31-N-06,高度利用地区・特定街区・都市再生特別地区は都市計画決定等をする場合に限る,https://www.city.shinjuku.lg.jp/content/000448447.pdf,80fb21345b307f476abc29b7de3200ef659d23b703a72d6b6c3e9482207aaef5,第2条第2項第2号,高度利用地区（…都市計画決定等をする場合に限る。）…特定街区（都市計画決定等をする場合に限る。）…都市再生特別地区（都市計画決定等をする場合に限る。）,supported,8eb89f77dd395f70417d2028bf8407c4f0e63ca9edd4656153883c3fb7f1f6d3
shinjuku-2026-r1-gian-31,hard,content,R1G31-H-08,高度利用地区・特定街区・都市再生特別地区は都市計画決定等をする場合に限る,https://www.city.shinjuku.lg.jp/content/000448447.pdf,80fb21345b307f476abc29b7de3200ef659d23b703a72d6b6c3e9482207aaef5,第2条第2項第2号,高度利用地区（…都市計画決定等をする場合に限る。）…特定街区（都市計画決定等をする場合に限る。）…都市再生特別地区（都市計画決定等をする場合に限る。）,supported,e263c87c78d1a1bf297ebb2f9b3dc69eb2c340da3823158798d85222961638c3
shinjuku-2026-r1-gian-31,hard,content,R1G31-H-09,大規模マンションの新築等（新築、一定規模の増築、一定規模の用途変更）,https://www.city.shinjuku.lg.jp/content/000448447.pdf,80fb21345b307f476abc29b7de3200ef659d23b703a72d6b6c3e9482207aaef5,第2条第2項第3号,"大規模マンションの新築等…大規模マンションの新築…当該増築に係る部分…床面積の合計が3,000平方メートル以上…住戸又は寄宿舎の寝室の数の合計を100以上増加させるもの…建築物の用途の変更",supported,e263c87c78d1a1bf297ebb2f9b3dc69eb2c340da3823158798d85222961638c3
shinjuku-2026-r1-gian-31,hard,content,R1G31-H-10,総合設計制度は建築基準法第59条の2第1項の許可の特例,https://www.city.shinjuku.lg.jp/content/000448447.pdf,80fb21345b307f476abc29b7de3200ef659d23b703a72d6b6c3e9482207aaef5,第2条第2項第2号カ,総合設計制度（法第59条の2第1項の規定による建築物の容積率又は各部分の高さに係る許可に関する特例をいう。）,supported,e263c87c78d1a1bf297ebb2f9b3dc69eb2c340da3823158798d85222961638c3
shinjuku-2026-r1-gian-31,easy,content,R1G31-E-07,地域共生施設は区の規則で決める施設や取り組み,https://www.city.shinjuku.lg.jp/content/000448447.pdf,80fb21345b307f476abc29b7de3200ef659d23b703a72d6b6c3e9482207aaef5,第2条第2項第5号,地域共生施設の設置等…良好な市街地環境の形成並びに防災性及び環境性能の向上に資する施設の設置又は取組として、新宿区規則…で定めるものをいう,supported,5fbf0baa2ceec5292731e63342d33e929d56956b8e134865d34385e434a3799a
shinjuku-2026-r1-gian-31,normal,content,R1G31-N-07,地域共生施設の設置等の定義（第2条）,https://www.city.shinjuku.lg.jp/content/000448447.pdf,80fb21345b307f476abc29b7de3200ef659d23b703a72d6b6c3e9482207aaef5,第2条第2項第5号,地域共生施設の設置等…良好な市街地環境の形成並びに防災性及び環境性能の向上に資する施設の設置又は取組として、新宿区規則…で定めるものをいう,supported,8eb89f77dd395f70417d2028bf8407c4f0e63ca9edd4656153883c3fb7f1f6d3
shinjuku-2026-r1-gian-31,hard,content,R1G31-H-11,第2条: 地域共生施設の設置等は規則で定めるもの,https://www.city.shinjuku.lg.jp/content/000448447.pdf,80fb21345b307f476abc29b7de3200ef659d23b703a72d6b6c3e9482207aaef5,第2条第2項第5号,地域共生施設の設置等…良好な市街地環境の形成並びに防災性及び環境性能の向上に資する施設の設置又は取組として、新宿区規則…で定めるものをいう,supported,e263c87c78d1a1bf297ebb2f9b3dc69eb2c340da3823158798d85222961638c3
shinjuku-2026-r1-gian-31,hard,content,R1G31-H-12,第3条: 区の責務,https://www.city.shinjuku.lg.jp/content/000448447.pdf,80fb21345b307f476abc29b7de3200ef659d23b703a72d6b6c3e9482207aaef5,第3条,快適でゆとりある良好な市街地環境の形成及び高い防災性を備え、環境に配慮したまちづくりに関する施策を総合的かつ効果的に実施するものとする,supported,e263c87c78d1a1bf297ebb2f9b3dc69eb2c340da3823158798d85222961638c3
shinjuku-2026-r1-gian-31,hard,content,R1G31-H-13,第4条: 開発事業者等の責務,https://www.city.shinjuku.lg.jp/content/000448447.pdf,80fb21345b307f476abc29b7de3200ef659d23b703a72d6b6c3e9482207aaef5,第4条,自ら快適でゆとりある良好な市街地環境の形成及び高い防災性を備え、環境に配慮したまちづくりに寄与するよう努めるものとする,supported,e263c87c78d1a1bf297ebb2f9b3dc69eb2c340da3823158798d85222961638c3
shinjuku-2026-r1-gian-31,easy,content,R1G31-E-08,計画を区長に届け、区長と事前協議をし、区長は地域共生施設の設置などを求めることができる（第5条）,https://www.city.shinjuku.lg.jp/content/000448447.pdf,80fb21345b307f476abc29b7de3200ef659d23b703a72d6b6c3e9482207aaef5,第5条,あらかじめ、規則で定めるところにより、これらの行為に係る計画を区長に届け出なければならない…地域共生施設の設置等について区長と協議を行わなければならない…地域共生施設の設置等を行うよう要請することができる,supported,5fbf0baa2ceec5292731e63342d33e929d56956b8e134865d34385e434a3799a
shinjuku-2026-r1-gian-31,normal,content,R1G31-N-08,手続1〜3: 計画届、事前協議、要請（第5条）,https://www.city.shinjuku.lg.jp/content/000448447.pdf,80fb21345b307f476abc29b7de3200ef659d23b703a72d6b6c3e9482207aaef5,第5条,あらかじめ、規則で定めるところにより、これらの行為に係る計画を区長に届け出なければならない…地域共生施設の設置等について区長と協議を行わなければならない…地域共生施設の設置等を行うよう要請することができる,supported,8eb89f77dd395f70417d2028bf8407c4f0e63ca9edd4656153883c3fb7f1f6d3
shinjuku-2026-r1-gian-31,hard,content,R1G31-H-14,第5条: 計画の届出及び事前協議,https://www.city.shinjuku.lg.jp/content/000448447.pdf,80fb21345b307f476abc29b7de3200ef659d23b703a72d6b6c3e9482207aaef5,第5条,あらかじめ、規則で定めるところにより、これらの行為に係る計画を区長に届け出なければならない…地域共生施設の設置等について区長と協議を行わなければならない…地域共生施設の設置等を行うよう要請することができる,supported,e263c87c78d1a1bf297ebb2f9b3dc69eb2c340da3823158798d85222961638c3
shinjuku-2026-r1-gian-31,easy,content,R1G31-E-09,話し合いの状況と結果を区長に届ける（第6条）,https://www.city.shinjuku.lg.jp/content/000448447.pdf,80fb21345b307f476abc29b7de3200ef659d23b703a72d6b6c3e9482207aaef5,第6条,当該事前協議の状況を届け出なければならない…事前協議が終了したときは、…当該事前協議の結果を届け出なければならない,supported,5fbf0baa2ceec5292731e63342d33e929d56956b8e134865d34385e434a3799a
shinjuku-2026-r1-gian-31,normal,content,R1G31-N-09,状況届・結果届（第6条）,https://www.city.shinjuku.lg.jp/content/000448447.pdf,80fb21345b307f476abc29b7de3200ef659d23b703a72d6b6c3e9482207aaef5,第6条,当該事前協議の状況を届け出なければならない…事前協議が終了したときは、…当該事前協議の結果を届け出なければならない,supported,8eb89f77dd395f70417d2028bf8407c4f0e63ca9edd4656153883c3fb7f1f6d3
shinjuku-2026-r1-gian-31,hard,content,R1G31-H-15,第6条: 事前協議の状況及び結果の届出,https://www.city.shinjuku.lg.jp/content/000448447.pdf,80fb21345b307f476abc29b7de3200ef659d23b703a72d6b6c3e9482207aaef5,第6条,当該事前協議の状況を届け出なければならない…事前協議が終了したときは、…当該事前協議の結果を届け出なければならない,supported,e263c87c78d1a1bf297ebb2f9b3dc69eb2c340da3823158798d85222961638c3
shinjuku-2026-r1-gian-31,easy,content,R1G31-E-10,計画を変えるときは届ける（第7条）,https://www.city.shinjuku.lg.jp/content/000448447.pdf,80fb21345b307f476abc29b7de3200ef659d23b703a72d6b6c3e9482207aaef5,第7条,結果届」という。）を行う前に、当該計画届の内容の変更をしようとするときは…区長に届け出なければならない…結果届を行った開発事業者等は、当該結果届の内容の変更をしようとするときは,supported,5fbf0baa2ceec5292731e63342d33e929d56956b8e134865d34385e434a3799a
shinjuku-2026-r1-gian-31,normal,content,R1G31-N-10,変更の届出（第7条）,https://www.city.shinjuku.lg.jp/content/000448447.pdf,80fb21345b307f476abc29b7de3200ef659d23b703a72d6b6c3e9482207aaef5,第7条,結果届」という。）を行う前に、当該計画届の内容の変更をしようとするときは…区長に届け出なければならない…結果届を行った開発事業者等は、当該結果届の内容の変更をしようとするときは,supported,8eb89f77dd395f70417d2028bf8407c4f0e63ca9edd4656153883c3fb7f1f6d3
shinjuku-2026-r1-gian-31,hard,content,R1G31-H-16,第7条: 計画の変更の届出等,https://www.city.shinjuku.lg.jp/content/000448447.pdf,80fb21345b307f476abc29b7de3200ef659d23b703a72d6b6c3e9482207aaef5,第7条,結果届」という。）を行う前に、当該計画届の内容の変更をしようとするときは…区長に届け出なければならない…結果届を行った開発事業者等は、当該結果届の内容の変更をしようとするときは,supported,e263c87c78d1a1bf297ebb2f9b3dc69eb2c340da3823158798d85222961638c3
shinjuku-2026-r1-gian-31,easy,content,R1G31-E-11,工事が終わったらすぐに届ける（第8条）,https://www.city.shinjuku.lg.jp/content/000448447.pdf,80fb21345b307f476abc29b7de3200ef659d23b703a72d6b6c3e9482207aaef5,第8条,計画届の内容に係る工事を完了したときは、規則で定めるところにより、速やかにその旨を区長に届け出なければならない,supported,5fbf0baa2ceec5292731e63342d33e929d56956b8e134865d34385e434a3799a
shinjuku-2026-r1-gian-31,normal,content,R1G31-N-11,完了届（第8条）,https://www.city.shinjuku.lg.jp/content/000448447.pdf,80fb21345b307f476abc29b7de3200ef659d23b703a72d6b6c3e9482207aaef5,第8条,計画届の内容に係る工事を完了したときは、規則で定めるところにより、速やかにその旨を区長に届け出なければならない,supported,8eb89f77dd395f70417d2028bf8407c4f0e63ca9edd4656153883c3fb7f1f6d3
shinjuku-2026-r1-gian-31,hard,content,R1G31-H-17,第8条: 完了の届出,https://www.city.shinjuku.lg.jp/content/000448447.pdf,80fb21345b307f476abc29b7de3200ef659d23b703a72d6b6c3e9482207aaef5,第8条,計画届の内容に係る工事を完了したときは、規則で定めるところにより、速やかにその旨を区長に届け出なければならない,supported,e263c87c78d1a1bf297ebb2f9b3dc69eb2c340da3823158798d85222961638c3
shinjuku-2026-r1-gian-31,easy,content,R1G31-E-12,工事が終わったあと建物の持ち主などは地域共生施設を維持管理する。区長は維持管理の状況の報告を求められる,https://www.city.shinjuku.lg.jp/content/000448447.pdf,80fb21345b307f476abc29b7de3200ef659d23b703a72d6b6c3e9482207aaef5,第9条,維持管理しなければならない…維持管理の状況について、報告を求めることができる…地域共生施設の設置等について変更をしようとする場合…区長に届け出なければならない,supported,5fbf0baa2ceec5292731e63342d33e929d56956b8e134865d34385e434a3799a
shinjuku-2026-r1-gian-31,normal,content,R1G31-N-12,維持管理（第9条）,https://www.city.shinjuku.lg.jp/content/000448447.pdf,80fb21345b307f476abc29b7de3200ef659d23b703a72d6b6c3e9482207aaef5,第9条,維持管理しなければならない…維持管理の状況について、報告を求めることができる…地域共生施設の設置等について変更をしようとする場合…区長に届け出なければならない,supported,8eb89f77dd395f70417d2028bf8407c4f0e63ca9edd4656153883c3fb7f1f6d3
shinjuku-2026-r1-gian-31,hard,content,R1G31-H-18,第9条: 維持管理及び転用の届出等,https://www.city.shinjuku.lg.jp/content/000448447.pdf,80fb21345b307f476abc29b7de3200ef659d23b703a72d6b6c3e9482207aaef5,第9条,維持管理しなければならない…維持管理の状況について、報告を求めることができる…地域共生施設の設置等について変更をしようとする場合…区長に届け出なければならない,supported,e263c87c78d1a1bf297ebb2f9b3dc69eb2c340da3823158798d85222961638c3
shinjuku-2026-r1-gian-31,normal,content,R1G31-N-13,報告の徴収（第10条）,https://www.city.shinjuku.lg.jp/content/000448447.pdf,80fb21345b307f476abc29b7de3200ef659d23b703a72d6b6c3e9482207aaef5,第10条,この条例の施行に必要な限度において、開発事業者等及び完了建築物の所有者等に対し、必要な報告を求めることができる,supported,8eb89f77dd395f70417d2028bf8407c4f0e63ca9edd4656153883c3fb7f1f6d3
shinjuku-2026-r1-gian-31,hard,content,R1G31-H-19,第10条: 報告の徴収,https://www.city.shinjuku.lg.jp/content/000448447.pdf,80fb21345b307f476abc29b7de3200ef659d23b703a72d6b6c3e9482207aaef5,第10条,この条例の施行に必要な限度において、開発事業者等及び完了建築物の所有者等に対し、必要な報告を求めることができる,supported,e263c87c78d1a1bf297ebb2f9b3dc69eb2c340da3823158798d85222961638c3
shinjuku-2026-r1-gian-31,easy,content,R1G31-E-13,届出をしない人・うその届出をした人・事前協議をしない人・求めに応じない人・報告をしない人に区長は勧告できる。勧告の前に審議会の意見を聞く,https://www.city.shinjuku.lg.jp/content/000448447.pdf,80fb21345b307f476abc29b7de3200ef659d23b703a72d6b6c3e9482207aaef5,第11条,必要な措置を講ずるよう勧告することができる…を行わない者又は虚偽の届出を行った者…事前協議…を行わない者…要請に正当な理由なく応じない者…報告を行わない者又は虚偽の報告を行った者…新宿区住宅まちづくり審議会の意見を聴かなければならない,supported,5fbf0baa2ceec5292731e63342d33e929d56956b8e134865d34385e434a3799a
shinjuku-2026-r1-gian-31,normal,content,R1G31-N-14,勧告（第11条）,https://www.city.shinjuku.lg.jp/content/000448447.pdf,80fb21345b307f476abc29b7de3200ef659d23b703a72d6b6c3e9482207aaef5,第11条,必要な措置を講ずるよう勧告することができる…を行わない者又は虚偽の届出を行った者…事前協議…を行わない者…要請に正当な理由なく応じない者…報告を行わない者又は虚偽の報告を行った者…新宿区住宅まちづくり審議会の意見を聴かなければならない,supported,8eb89f77dd395f70417d2028bf8407c4f0e63ca9edd4656153883c3fb7f1f6d3
shinjuku-2026-r1-gian-31,hard,content,R1G31-H-20,第11条: 勧告,https://www.city.shinjuku.lg.jp/content/000448447.pdf,80fb21345b307f476abc29b7de3200ef659d23b703a72d6b6c3e9482207aaef5,第11条,必要な措置を講ずるよう勧告することができる…を行わない者又は虚偽の届出を行った者…事前協議…を行わない者…要請に正当な理由なく応じない者…報告を行わない者又は虚偽の報告を行った者…新宿区住宅まちづくり審議会の意見を聴かなければならない,supported,e263c87c78d1a1bf297ebb2f9b3dc69eb2c340da3823158798d85222961638c3
shinjuku-2026-r1-gian-31,easy,content,R1G31-E-14,勧告に正当な理由なく従わないときは公表できる。公表の前に本人に意見を述べる機会を与え、審議会の意見も聞く,https://www.city.shinjuku.lg.jp/content/000448447.pdf,80fb21345b307f476abc29b7de3200ef659d23b703a72d6b6c3e9482207aaef5,第12条,正当な理由なく当該勧告に従わないときは、規則で定めるところにより、その旨を公表することができる…意見を述べ、証拠を提示する機会を与えるものとする…新宿区住宅まちづくり審議会の意見を聴かなければならない,supported,5fbf0baa2ceec5292731e63342d33e929d56956b8e134865d34385e434a3799a
shinjuku-2026-r1-gian-31,normal,content,R1G31-N-15,公表（第12条）,https://www.city.shinjuku.lg.jp/content/000448447.pdf,80fb21345b307f476abc29b7de3200ef659d23b703a72d6b6c3e9482207aaef5,第12条,正当な理由なく当該勧告に従わないときは、規則で定めるところにより、その旨を公表することができる…意見を述べ、証拠を提示する機会を与えるものとする…新宿区住宅まちづくり審議会の意見を聴かなければならない,supported,8eb89f77dd395f70417d2028bf8407c4f0e63ca9edd4656153883c3fb7f1f6d3
shinjuku-2026-r1-gian-31,hard,content,R1G31-H-21,第12条: 公表,https://www.city.shinjuku.lg.jp/content/000448447.pdf,80fb21345b307f476abc29b7de3200ef659d23b703a72d6b6c3e9482207aaef5,第12条,正当な理由なく当該勧告に従わないときは、規則で定めるところにより、その旨を公表することができる…意見を述べ、証拠を提示する機会を与えるものとする…新宿区住宅まちづくり審議会の意見を聴かなければならない,supported,e263c87c78d1a1bf297ebb2f9b3dc69eb2c340da3823158798d85222961638c3
shinjuku-2026-r1-gian-31,easy,content,R1G31-E-15,勧告と公表の規定は国や地方公共団体などには当てはまらない,https://www.city.shinjuku.lg.jp/content/000448447.pdf,80fb21345b307f476abc29b7de3200ef659d23b703a72d6b6c3e9482207aaef5,第13条,国、地方公共団体その他規則で定める公共的団体に対しては、適用しない…応急仮設建築物の建築については、適用しない,supported,5fbf0baa2ceec5292731e63342d33e929d56956b8e134865d34385e434a3799a
shinjuku-2026-r1-gian-31,normal,content,R1G31-N-16,国等に関する特例（第13条）,https://www.city.shinjuku.lg.jp/content/000448447.pdf,80fb21345b307f476abc29b7de3200ef659d23b703a72d6b6c3e9482207aaef5,第13条,国、地方公共団体その他規則で定める公共的団体に対しては、適用しない…応急仮設建築物の建築については、適用しない,supported,8eb89f77dd395f70417d2028bf8407c4f0e63ca9edd4656153883c3fb7f1f6d3
shinjuku-2026-r1-gian-31,hard,content,R1G31-H-22,第13条: 国等に関する特例,https://www.city.shinjuku.lg.jp/content/000448447.pdf,80fb21345b307f476abc29b7de3200ef659d23b703a72d6b6c3e9482207aaef5,第13条,国、地方公共団体その他規則で定める公共的団体に対しては、適用しない…応急仮設建築物の建築については、適用しない,supported,e263c87c78d1a1bf297ebb2f9b3dc69eb2c340da3823158798d85222961638c3
shinjuku-2026-r1-gian-31,hard,content,R1G31-H-23,第14条: 規則への委任,https://www.city.shinjuku.lg.jp/content/000448447.pdf,80fb21345b307f476abc29b7de3200ef659d23b703a72d6b6c3e9482207aaef5,第14条,この条例の施行に関し必要な事項は、規則で定める,supported,e263c87c78d1a1bf297ebb2f9b3dc69eb2c340da3823158798d85222961638c3
shinjuku-2026-r1-gian-31,easy,content,R1G31-E-16,2026年10月1日（木）から始まる,https://www.city.shinjuku.lg.jp/content/000448447.pdf,80fb21345b307f476abc29b7de3200ef659d23b703a72d6b6c3e9482207aaef5,附則 1,この条例は、令和8年10月1日から施行する,supported,5fbf0baa2ceec5292731e63342d33e929d56956b8e134865d34385e434a3799a
shinjuku-2026-r1-gian-31,normal,content,R1G31-N-17,令和8年10月1日から施行する,https://www.city.shinjuku.lg.jp/content/000448447.pdf,80fb21345b307f476abc29b7de3200ef659d23b703a72d6b6c3e9482207aaef5,附則 1,この条例は、令和8年10月1日から施行する,supported,8eb89f77dd395f70417d2028bf8407c4f0e63ca9edd4656153883c3fb7f1f6d3
shinjuku-2026-r1-gian-31,hard,content,R1G31-H-24,附則1: 令和8年10月1日から施行する,https://www.city.shinjuku.lg.jp/content/000448447.pdf,80fb21345b307f476abc29b7de3200ef659d23b703a72d6b6c3e9482207aaef5,附則 1,この条例は、令和8年10月1日から施行する,supported,e263c87c78d1a1bf297ebb2f9b3dc69eb2c340da3823158798d85222961638c3
shinjuku-2026-r1-gian-31,easy,content,R1G31-E-17,計画の届け出の規定はこの日以後に届け出る人から当てはまる,https://www.city.shinjuku.lg.jp/content/000448447.pdf,80fb21345b307f476abc29b7de3200ef659d23b703a72d6b6c3e9482207aaef5,附則 2,第5条第1項の規定は、この条例の施行の日以後に計画届を行うべきこととなる開発事業者等に対して適用する,supported,5fbf0baa2ceec5292731e63342d33e929d56956b8e134865d34385e434a3799a
shinjuku-2026-r1-gian-31,normal,content,R1G31-N-18,第5条第1項は施行の日以後に計画届を行うべきこととなる開発事業者等に適用する,https://www.city.shinjuku.lg.jp/content/000448447.pdf,80fb21345b307f476abc29b7de3200ef659d23b703a72d6b6c3e9482207aaef5,附則 2,第5条第1項の規定は、この条例の施行の日以後に計画届を行うべきこととなる開発事業者等に対して適用する,supported,8eb89f77dd395f70417d2028bf8407c4f0e63ca9edd4656153883c3fb7f1f6d3
shinjuku-2026-r1-gian-31,hard,content,R1G31-H-25,附則2: 第5条第1項の適用,https://www.city.shinjuku.lg.jp/content/000448447.pdf,80fb21345b307f476abc29b7de3200ef659d23b703a72d6b6c3e9482207aaef5,附則 2,第5条第1項の規定は、この条例の施行の日以後に計画届を行うべきこととなる開発事業者等に対して適用する,supported,e263c87c78d1a1bf297ebb2f9b3dc69eb2c340da3823158798d85222961638c3
shinjuku-2026-r1-gian-31,hard,content,R1G31-H-26,概要資料: 施行日は令和8年10月1日,https://www.city.shinjuku.lg.jp/content/000447774.pdf,1dc3eaffcafb1b1c9e139e823182dc80dc0755624813ca87d8b274d15f5b6624,条例関係 第31号議案,［施行日］…令和 8 年 10 月 1 日,supported,e263c87c78d1a1bf297ebb2f9b3dc69eb2c340da3823158798d85222961638c3
shinjuku-2026-r1-gian-31,hard,content,R1G31-H-27,概要資料: 計画届及び事前協議、要請、勧告・公表,https://www.city.shinjuku.lg.jp/content/000447774.pdf,1dc3eaffcafb1b1c9e139e823182dc80dc0755624813ca87d8b274d15f5b6624,条例関係 第31号議案,計画届及び事前協議…区長は、事前協議において開発事業者等に対し、地域共生施設の設置等を行うよう要請することができる…勧告・公表,supported,e263c87c78d1a1bf297ebb2f9b3dc69eb2c340da3823158798d85222961638c3
shinjuku-2026-r1-gian-31,easy,content,R1G31-E-18,地域共生施設の具体的な中身、届け出の細かい決まり、防災や環境の数字の基準、賛否の理由は条例の本文に書かれていない,https://www.city.shinjuku.lg.jp/content/000448447.pdf,80fb21345b307f476abc29b7de3200ef659d23b703a72d6b6c3e9482207aaef5,出典に記載がない事項,（本件は解説本文が「一次資料に記載がない」と明示している箇所であり、事実主張ではない）,needs_source,5fbf0baa2ceec5292731e63342d33e929d56956b8e134865d34385e434a3799a
shinjuku-2026-r1-gian-31,normal,content,R1G31-N-19,地域共生施設の設置等の具体的な内容、届出の様式や手続の細目、数値基準、賛否の理由は出典に書かれていない,https://www.city.shinjuku.lg.jp/content/000448447.pdf,80fb21345b307f476abc29b7de3200ef659d23b703a72d6b6c3e9482207aaef5,出典に記載がない事項,（本件は解説本文が「一次資料に記載がない」と明示している箇所であり、事実主張ではない）,needs_source,8eb89f77dd395f70417d2028bf8407c4f0e63ca9edd4656153883c3fb7f1f6d3
shinjuku-2026-r1-gian-31,hard,content,R1G31-H-28,地域共生施設の設置等の具体的内容、届出の様式や手続の細目、数値基準、賛否の理由は書かれていない,https://www.city.shinjuku.lg.jp/content/000448447.pdf,80fb21345b307f476abc29b7de3200ef659d23b703a72d6b6c3e9482207aaef5,出典に記載がない事項,（本件は解説本文が「一次資料に記載がない」と明示している箇所であり、事実主張ではない）,needs_source,e263c87c78d1a1bf297ebb2f9b3dc69eb2c340da3823158798d85222961638c3
shinjuku-2026-r1-gian-31,easy,content,R1G31-E-19,原案可決,https://www.city.shinjuku.lg.jp/kusei/soumu01_002090_00015.html,7c2b6f68db1b433b860b35d176b4dd9211e78582ec9de718fcfefe68b22d896a,審議状況（第31号議案）,第31号議案新宿区大規模マンション及び開発事業に係る市街地環境の整備に関する条例原案可決,supported,5fbf0baa2ceec5292731e63342d33e929d56956b8e134865d34385e434a3799a
shinjuku-2026-r1-gian-31,normal,content,R1G31-N-20,原案可決,https://www.city.shinjuku.lg.jp/kusei/soumu01_002090_00015.html,7c2b6f68db1b433b860b35d176b4dd9211e78582ec9de718fcfefe68b22d896a,審議状況（第31号議案）,第31号議案新宿区大規模マンション及び開発事業に係る市街地環境の整備に関する条例原案可決,supported,8eb89f77dd395f70417d2028bf8407c4f0e63ca9edd4656153883c3fb7f1f6d3
shinjuku-2026-r1-gian-31,hard,content,R1G31-H-29,原案可決（議決結果ページの記載）,https://www.city.shinjuku.lg.jp/kusei/soumu01_002090_00015.html,7c2b6f68db1b433b860b35d176b4dd9211e78582ec9de718fcfefe68b22d896a,審議状況（第31号議案）,第31号議案新宿区大規模マンション及び開発事業に係る市街地環境の整備に関する条例原案可決,supported,e263c87c78d1a1bf297ebb2f9b3dc69eb2c340da3823158798d85222961638c3
shinjuku-2026-r1-gian-31,easy,content,R1G31-E-20,会議録は第1回定例会の第4日（2026年3月24日）,https://ssp.kaigiroku.net/tenant/shinjuku/MinuteView.html?council_id=3163&schedule_id=5&minute_id=1,bd058d36962b45d8d965e4625bb95ecd661a102a026175213f37ba9eb575424a,審議状況（本会議 3月24日 会議録の冒頭）,令和８年第１回定例会会議録（第４日）第４号…令和８年３月２４日（火曜日）,supported,5fbf0baa2ceec5292731e63342d33e929d56956b8e134865d34385e434a3799a
shinjuku-2026-r1-gian-31,normal,content,R1G31-N-21,会議録は第4日（令和8年3月24日）,https://ssp.kaigiroku.net/tenant/shinjuku/MinuteView.html?council_id=3163&schedule_id=5&minute_id=1,bd058d36962b45d8d965e4625bb95ecd661a102a026175213f37ba9eb575424a,審議状況（本会議 3月24日 会議録の冒頭）,令和８年第１回定例会会議録（第４日）第４号…令和８年３月２４日（火曜日）,supported,8eb89f77dd395f70417d2028bf8407c4f0e63ca9edd4656153883c3fb7f1f6d3
shinjuku-2026-r1-gian-31,hard,content,R1G31-H-30,会議録は第4日第4号、令和8年3月24日（火曜日）,https://ssp.kaigiroku.net/tenant/shinjuku/MinuteView.html?council_id=3163&schedule_id=5&minute_id=1,bd058d36962b45d8d965e4625bb95ecd661a102a026175213f37ba9eb575424a,審議状況（本会議 3月24日 会議録の冒頭）,令和８年第１回定例会会議録（第４日）第４号…令和８年３月２４日（火曜日）,supported,e263c87c78d1a1bf297ebb2f9b3dc69eb2c340da3823158798d85222961638c3
shinjuku-2026-r1-gian-31,hard,content,R1G31-H-31,会議録: 第31号議案（委員会審査報告書）を議題とする,https://ssp.kaigiroku.net/tenant/shinjuku/MinuteView.html?council_id=3163&schedule_id=5&minute_id=49,82f3af392c3c1c697e4cffbf7ed3eea58b79953dc80a94e5d8a906e5ab072602,審議状況（本会議 3月24日 議題）,第31号議案 新宿区大規模マンション及び開発事業に係る市街地環境の整備に関する条例…委員会審査報告書の部参照,supported,e263c87c78d1a1bf297ebb2f9b3dc69eb2c340da3823158798d85222961638c3
shinjuku-2026-r1-gian-31,hard,content,R1G31-H-32,会議録: 環境建設委員会審査報告書は可決との報告,https://ssp.kaigiroku.net/tenant/shinjuku/MinuteView.html?council_id=3163&schedule_id=5&minute_id=50,315b6d8358728f38ebe14b658491fdda972f57c9899a0a3184c84579e8c8b62c,審議状況（本会議 3月24日 議長）,環境建設委員会審査報告書は、可決です,supported,e263c87c78d1a1bf297ebb2f9b3dc69eb2c340da3823158798d85222961638c3
shinjuku-2026-r1-gian-31,easy,content,R1G31-E-21,本案は可決された,https://ssp.kaigiroku.net/tenant/shinjuku/MinuteView.html?council_id=3163&schedule_id=5&minute_id=51,970914f9ce4a28e423e8480a3d4ce175afafafeebd92448698df42d97cb2ec1d,審議状況（本会議 3月24日 議長）,異議なしと認めます。本案は、いずれも委員会審査報告のとおり可決されました,supported,5fbf0baa2ceec5292731e63342d33e929d56956b8e134865d34385e434a3799a
shinjuku-2026-r1-gian-31,normal,content,R1G31-N-22,本案は委員会審査報告のとおり可決された,https://ssp.kaigiroku.net/tenant/shinjuku/MinuteView.html?council_id=3163&schedule_id=5&minute_id=51,970914f9ce4a28e423e8480a3d4ce175afafafeebd92448698df42d97cb2ec1d,審議状況（本会議 3月24日 議長）,異議なしと認めます。本案は、いずれも委員会審査報告のとおり可決されました,supported,8eb89f77dd395f70417d2028bf8407c4f0e63ca9edd4656153883c3fb7f1f6d3
shinjuku-2026-r1-gian-31,hard,content,R1G31-H-33,本案は異議なしと認められ、委員会審査報告のとおり可決された,https://ssp.kaigiroku.net/tenant/shinjuku/MinuteView.html?council_id=3163&schedule_id=5&minute_id=51,970914f9ce4a28e423e8480a3d4ce175afafafeebd92448698df42d97cb2ec1d,審議状況（本会議 3月24日 議長）,異議なしと認めます。本案は、いずれも委員会審査報告のとおり可決されました,supported,e263c87c78d1a1bf297ebb2f9b3dc69eb2c340da3823158798d85222961638c3
shinjuku-2026-r1-gian-31,easy,content,R1G31-E-22,第1回定例会の会期は2026年2月17日（火）から3月24日（火）まで,https://www.city.shinjuku.lg.jp/kusei/file08_05_0003820210204_00013.html,869549fe3ba94ac28c6e8fd003d4ad71484501a78203fc7a885109aae4ab487c,審議状況（会期と日程）,令和8年2月17日（火曜日）から3月24日（火曜日）まで,supported,5fbf0baa2ceec5292731e63342d33e929d56956b8e134865d34385e434a3799a
shinjuku-2026-r1-gian-31,normal,content,R1G31-N-23,会期は2月17日〜3月24日,https://www.city.shinjuku.lg.jp/kusei/file08_05_0003820210204_00013.html,869549fe3ba94ac28c6e8fd003d4ad71484501a78203fc7a885109aae4ab487c,審議状況（会期と日程）,令和8年2月17日（火曜日）から3月24日（火曜日）まで,supported,8eb89f77dd395f70417d2028bf8407c4f0e63ca9edd4656153883c3fb7f1f6d3
shinjuku-2026-r1-gian-31,hard,content,R1G31-H-34,議決結果ページの最終更新日は令和8年3月24日,https://www.city.shinjuku.lg.jp/kusei/soumu01_002090_00015.html,7c2b6f68db1b433b860b35d176b4dd9211e78582ec9de718fcfefe68b22d896a,審議状況（最終更新日）,最終更新日：2026年3月24日,supported,e263c87c78d1a1bf297ebb2f9b3dc69eb2c340da3823158798d85222961638c3
shinjuku-2026-r1-gian-31,easy,content,R1G31-E-23,8つの会派すべてが賛成,https://www.city.shinjuku.lg.jp/content/000452334.pdf,22ba4f49b18c96bd1fa26241606257c05477f38e25ac46d6f8e4f416a2cedbf2,審議状況（新宿区大規模マンション及び開発事業に係る市街地環境の整備に関する条例）,環境の整備に関し必要な事項を定める。○○○○○○○○可決,supported,5fbf0baa2ceec5292731e63342d33e929d56956b8e134865d34385e434a3799a
shinjuku-2026-r1-gian-31,normal,content,R1G31-N-24,「議案の概要と審議結果」に記載の8会派はすべて賛成,https://www.city.shinjuku.lg.jp/content/000452334.pdf,22ba4f49b18c96bd1fa26241606257c05477f38e25ac46d6f8e4f416a2cedbf2,審議状況（新宿区大規模マンション及び開発事業に係る市街地環境の整備に関する条例）,環境の整備に関し必要な事項を定める。○○○○○○○○可決,supported,8eb89f77dd395f70417d2028bf8407c4f0e63ca9edd4656153883c3fb7f1f6d3
shinjuku-2026-r1-gian-31,hard,content,R1G31-H-35,8会派はすべて賛成,https://www.city.shinjuku.lg.jp/content/000452334.pdf,22ba4f49b18c96bd1fa26241606257c05477f38e25ac46d6f8e4f416a2cedbf2,審議状況（新宿区大規模マンション及び開発事業に係る市街地環境の整備に関する条例）,環境の整備に関し必要な事項を定める。○○○○○○○○可決,supported,e263c87c78d1a1bf297ebb2f9b3dc69eb2c340da3823158798d85222961638c3
shinjuku-2026-r1-gian-31,hard,content,R1G31-H-36,会派略称と会派名の対応,https://www.city.shinjuku.lg.jp/content/000452334.pdf,22ba4f49b18c96bd1fa26241606257c05477f38e25ac46d6f8e4f416a2cedbf2,審議状況（会派略称・列の並び）,共産＝日本共産党新宿区議会議員団…れいわ＝れいわ新選組 新宿…自参ク＝自民・参政クラブ…公明＝新宿区議会公明党…新宿会＝新宿未来の会…民無ク＝立憲民主党・無所属クラブ…維新＝日本維新の会・新宿区議団…現役＝現役世代に優しい新宿・減税の会…自参ク 公明 共産 新宿会 民無ク 維新 現役 れいわ,supported,e263c87c78d1a1bf297ebb2f9b3dc69eb2c340da3823158798d85222961638c3
shinjuku-2026-r1-giin-6,easy,title,R1I06-ET-01,見出し: 民泊の ルールを 見直すよう 国に 求める 意見書,https://www.city.shinjuku.lg.jp/content/000452351.pdf,556f694a353ce984c50c5ee13aac5722257336857c904668ccda9ffc2178051f,件名,住民の居住環境保護と適正な民泊運営の実現に向けた制度見直しに関する意見書,supported,a5f227a24ab4f2fad3fefb012aa7b17e5a026b6507ac55d70058c8df613396ae
shinjuku-2026-r1-giin-6,normal,title,R1I06-NT-01,見出し: 民泊制度の見直しを国に求める意見書（住環境の保護と適正な運営）,https://www.city.shinjuku.lg.jp/content/000452351.pdf,556f694a353ce984c50c5ee13aac5722257336857c904668ccda9ffc2178051f,件名,住民の居住環境保護と適正な民泊運営の実現に向けた制度見直しに関する意見書,supported,a14737deceea03fcd74a0b9dbcc5e32b541c458adb3ca96f324f1bb796d3c476
shinjuku-2026-r1-giin-6,hard,title,R1I06-HT-01,見出し: 住民の居住環境保護と適正な民泊運営の実現に向けた制度見直しに関する意見書の全文構成,https://www.city.shinjuku.lg.jp/content/000452351.pdf,556f694a353ce984c50c5ee13aac5722257336857c904668ccda9ffc2178051f,件名,住民の居住環境保護と適正な民泊運営の実現に向けた制度見直しに関する意見書,supported,4547625e7e7f3c77a25386d56568d122d114e07e14ecc216dbf094fef3b6b8ad
shinjuku-2026-r1-giin-6,easy,summary,R1I06-ES-01,要約: 区議会が 国に 民泊の 制度の 見直しを 求める 意見書,https://www.city.shinjuku.lg.jp/content/000452351.pdf,556f694a353ce984c50c5ee13aac5722257336857c904668ccda9ffc2178051f,前文,国において制度改正を含めた対応を求めます,supported,a5f227a24ab4f2fad3fefb012aa7b17e5a026b6507ac55d70058c8df613396ae
shinjuku-2026-r1-giin-6,normal,summary,R1I06-NS-01,要約: 国に民泊制度の見直しを求める意見書,https://www.city.shinjuku.lg.jp/content/000452351.pdf,556f694a353ce984c50c5ee13aac5722257336857c904668ccda9ffc2178051f,前文,国において制度改正を含めた対応を求めます,supported,a14737deceea03fcd74a0b9dbcc5e32b541c458adb3ca96f324f1bb796d3c476
shinjuku-2026-r1-giin-6,hard,summary,R1I06-HS-01,要約: 国に制度改正を含めた対応を求める,https://www.city.shinjuku.lg.jp/content/000452351.pdf,556f694a353ce984c50c5ee13aac5722257336857c904668ccda9ffc2178051f,前文,国において制度改正を含めた対応を求めます,supported,4547625e7e7f3c77a25386d56568d122d114e07e14ecc216dbf094fef3b6b8ad
shinjuku-2026-r1-giin-6,normal,summary,R1I06-NS-02,要約: 国会と政府に制度の見直しを求める意見書,https://www.city.shinjuku.lg.jp/content/000452334.pdf,22ba4f49b18c96bd1fa26241606257c05477f38e25ac46d6f8e4f416a2cedbf2,審議状況（意見書 概要欄）,制度の見直しを国会及び政府に求めました,supported,a14737deceea03fcd74a0b9dbcc5e32b541c458adb3ca96f324f1bb796d3c476
shinjuku-2026-r1-giin-6,hard,summary,R1I06-HS-02,要約: 国会及び政府に制度の見直しを求める,https://www.city.shinjuku.lg.jp/content/000452334.pdf,22ba4f49b18c96bd1fa26241606257c05477f38e25ac46d6f8e4f416a2cedbf2,審議状況（意見書 概要欄）,制度の見直しを国会及び政府に求めました,supported,4547625e7e7f3c77a25386d56568d122d114e07e14ecc216dbf094fef3b6b8ad
shinjuku-2026-r1-giin-6,normal,summary,R1I06-NS-03,要約: 賃貸物件での民泊の禁止,https://www.city.shinjuku.lg.jp/content/000452351.pdf,556f694a353ce984c50c5ee13aac5722257336857c904668ccda9ffc2178051f,項目1,賃貸物件での民泊運営を禁止し、民泊の運営は所有物件のみとしてください…民泊の76%が賃貸物件で運営されています,supported,a14737deceea03fcd74a0b9dbcc5e32b541c458adb3ca96f324f1bb796d3c476
shinjuku-2026-r1-giin-6,hard,summary,R1I06-HS-03,要約: 賃貸物件での運営禁止,https://www.city.shinjuku.lg.jp/content/000452351.pdf,556f694a353ce984c50c5ee13aac5722257336857c904668ccda9ffc2178051f,項目1,賃貸物件での民泊運営を禁止し、民泊の運営は所有物件のみとしてください…民泊の76%が賃貸物件で運営されています,supported,4547625e7e7f3c77a25386d56568d122d114e07e14ecc216dbf094fef3b6b8ad
shinjuku-2026-r1-giin-6,normal,summary,R1I06-NS-04,要約: 届出の正確性を保つ罰則,https://www.city.shinjuku.lg.jp/content/000452351.pdf,556f694a353ce984c50c5ee13aac5722257336857c904668ccda9ffc2178051f,項目2,届出の内容が常に正しくなるよう、罰則を含めた制度を整えてください…実態として変更届の未提出があります,supported,a14737deceea03fcd74a0b9dbcc5e32b541c458adb3ca96f324f1bb796d3c476
shinjuku-2026-r1-giin-6,hard,summary,R1I06-HS-04,要約: 届出の正確性と罰則,https://www.city.shinjuku.lg.jp/content/000452351.pdf,556f694a353ce984c50c5ee13aac5722257336857c904668ccda9ffc2178051f,項目2,届出の内容が常に正しくなるよう、罰則を含めた制度を整えてください…実態として変更届の未提出があります,supported,4547625e7e7f3c77a25386d56568d122d114e07e14ecc216dbf094fef3b6b8ad
shinjuku-2026-r1-giin-6,normal,summary,R1I06-NS-05,要約: 管理業者の質の改善,https://www.city.shinjuku.lg.jp/content/000452351.pdf,556f694a353ce984c50c5ee13aac5722257336857c904668ccda9ffc2178051f,項目3,管理業者の質の向上を狙いとする制度改正や、実際に管理を行える事業者が登録されるよう改善を図ってください,supported,a14737deceea03fcd74a0b9dbcc5e32b541c458adb3ca96f324f1bb796d3c476
shinjuku-2026-r1-giin-6,hard,summary,R1I06-HS-05,要約: 管理業者の質の改善,https://www.city.shinjuku.lg.jp/content/000452351.pdf,556f694a353ce984c50c5ee13aac5722257336857c904668ccda9ffc2178051f,項目3,管理業者の質の向上を狙いとする制度改正や、実際に管理を行える事業者が登録されるよう改善を図ってください,supported,4547625e7e7f3c77a25386d56568d122d114e07e14ecc216dbf094fef3b6b8ad
shinjuku-2026-r1-giin-6,normal,summary,R1I06-NS-06,要約: 再委託の禁止,https://www.city.shinjuku.lg.jp/content/000452351.pdf,556f694a353ce984c50c5ee13aac5722257336857c904668ccda9ffc2178051f,項目4,管理の再委託を禁止してください…管理業者に管理委託をした後、些末なごく一部の業務を除き民泊事業者に再委託をする運用が見受けられます…実質的な「名義貸し」,supported,a14737deceea03fcd74a0b9dbcc5e32b541c458adb3ca96f324f1bb796d3c476
shinjuku-2026-r1-giin-6,hard,summary,R1I06-HS-06,要約: 再委託の禁止,https://www.city.shinjuku.lg.jp/content/000452351.pdf,556f694a353ce984c50c5ee13aac5722257336857c904668ccda9ffc2178051f,項目4,管理の再委託を禁止してください…管理業者に管理委託をした後、些末なごく一部の業務を除き民泊事業者に再委託をする運用が見受けられます…実質的な「名義貸し」,supported,4547625e7e7f3c77a25386d56568d122d114e07e14ecc216dbf094fef3b6b8ad
shinjuku-2026-r1-giin-6,normal,summary,R1I06-NS-07,要約: 無届民泊の取締り,https://www.city.shinjuku.lg.jp/content/000452351.pdf,556f694a353ce984c50c5ee13aac5722257336857c904668ccda9ffc2178051f,項目5,無届民泊を取り締まり、仲介事業者に法令に則った運営指導を行ってください…無届民泊の取り締まりを強化するとともに、仲介サイトに対し法令に則った運営となるよう指導を行い,supported,a14737deceea03fcd74a0b9dbcc5e32b541c458adb3ca96f324f1bb796d3c476
shinjuku-2026-r1-giin-6,hard,summary,R1I06-HS-07,要約: 無届民泊の取締り,https://www.city.shinjuku.lg.jp/content/000452351.pdf,556f694a353ce984c50c5ee13aac5722257336857c904668ccda9ffc2178051f,項目5,無届民泊を取り締まり、仲介事業者に法令に則った運営指導を行ってください…無届民泊の取り締まりを強化するとともに、仲介サイトに対し法令に則った運営となるよう指導を行い,supported,4547625e7e7f3c77a25386d56568d122d114e07e14ecc216dbf094fef3b6b8ad
shinjuku-2026-r1-giin-6,normal,summary,R1I06-NS-08,要約: 許可制への移行,https://www.city.shinjuku.lg.jp/content/000452351.pdf,556f694a353ce984c50c5ee13aac5722257336857c904668ccda9ffc2178051f,項目6,民泊を許可制とし、実効性のある罰則規定を定めてください…民泊は届出により運営可能な現行制度を改め、より強い指導が可能な許可制とする,supported,a14737deceea03fcd74a0b9dbcc5e32b541c458adb3ca96f324f1bb796d3c476
shinjuku-2026-r1-giin-6,hard,summary,R1I06-HS-08,要約: 許可制化,https://www.city.shinjuku.lg.jp/content/000452351.pdf,556f694a353ce984c50c5ee13aac5722257336857c904668ccda9ffc2178051f,項目6,民泊を許可制とし、実効性のある罰則規定を定めてください…民泊は届出により運営可能な現行制度を改め、より強い指導が可能な許可制とする,supported,4547625e7e7f3c77a25386d56568d122d114e07e14ecc216dbf094fef3b6b8ad
shinjuku-2026-r1-giin-6,normal,summary,R1I06-NS-09,要約: 法改正による自治体の柔軟な規制,https://www.city.shinjuku.lg.jp/content/000452351.pdf,556f694a353ce984c50c5ee13aac5722257336857c904668ccda9ffc2178051f,項目7,自治体内の地区特性にあわせて柔軟に民泊の規制が条例で行えるよう法改正を含めた制度の見直しをしてください,supported,a14737deceea03fcd74a0b9dbcc5e32b541c458adb3ca96f324f1bb796d3c476
shinjuku-2026-r1-giin-6,hard,summary,R1I06-HS-09,要約: 自治体の柔軟な規制を可能にする法改正,https://www.city.shinjuku.lg.jp/content/000452351.pdf,556f694a353ce984c50c5ee13aac5722257336857c904668ccda9ffc2178051f,項目7,自治体内の地区特性にあわせて柔軟に民泊の規制が条例で行えるよう法改正を含めた制度の見直しをしてください,supported,4547625e7e7f3c77a25386d56568d122d114e07e14ecc216dbf094fef3b6b8ad
shinjuku-2026-r1-giin-6,hard,summary,R1I06-HS-10,要約: 令和8年3月24日付、新宿区議会議長名,https://www.city.shinjuku.lg.jp/content/000452351.pdf,556f694a353ce984c50c5ee13aac5722257336857c904668ccda9ffc2178051f,末尾,地方自治法第99条に基づき意見書を提出します…令和8年3月24日…新宿区議会議長名,supported,4547625e7e7f3c77a25386d56568d122d114e07e14ecc216dbf094fef3b6b8ad
shinjuku-2026-r1-giin-6,easy,summary,R1I06-ES-02,要約: 本案は原案のとおり可決された,https://ssp.kaigiroku.net/tenant/shinjuku/MinuteView.html?council_id=3163&schedule_id=5&minute_id=122,4d40a85be19e4024ac9cbf9ecbd87bd921cc2507dcc65a1689a039f4af7f896c,審議状況（本会議 3月24日 議長）,異議なしと認めます。本案は、原案のとおり可決されました,supported,a5f227a24ab4f2fad3fefb012aa7b17e5a026b6507ac55d70058c8df613396ae
shinjuku-2026-r1-giin-6,normal,summary,R1I06-NS-10,要約: 本案は原案のとおり可決された,https://ssp.kaigiroku.net/tenant/shinjuku/MinuteView.html?council_id=3163&schedule_id=5&minute_id=122,4d40a85be19e4024ac9cbf9ecbd87bd921cc2507dcc65a1689a039f4af7f896c,審議状況（本会議 3月24日 議長）,異議なしと認めます。本案は、原案のとおり可決されました,supported,a14737deceea03fcd74a0b9dbcc5e32b541c458adb3ca96f324f1bb796d3c476
shinjuku-2026-r1-giin-6,easy,content,R1I06-E-01,意見書の日付は2026年3月24日で、地方自治法第99条にもとづいて出す,https://www.city.shinjuku.lg.jp/content/000452351.pdf,556f694a353ce984c50c5ee13aac5722257336857c904668ccda9ffc2178051f,末尾,地方自治法第99条に基づき意見書を提出します…令和8年3月24日…新宿区議会議長名,supported,a5f227a24ab4f2fad3fefb012aa7b17e5a026b6507ac55d70058c8df613396ae
shinjuku-2026-r1-giin-6,normal,content,R1I06-N-01,令和8年3月24日付で、地方自治法第99条に基づき出した意見書,https://www.city.shinjuku.lg.jp/content/000452351.pdf,556f694a353ce984c50c5ee13aac5722257336857c904668ccda9ffc2178051f,末尾,地方自治法第99条に基づき意見書を提出します…令和8年3月24日…新宿区議会議長名,supported,a14737deceea03fcd74a0b9dbcc5e32b541c458adb3ca96f324f1bb796d3c476
shinjuku-2026-r1-giin-6,hard,content,R1I06-H-01,形式: 地方自治法第99条に基づく意見書、令和8年3月24日付、新宿区議会議長名,https://www.city.shinjuku.lg.jp/content/000452351.pdf,556f694a353ce984c50c5ee13aac5722257336857c904668ccda9ffc2178051f,末尾,地方自治法第99条に基づき意見書を提出します…令和8年3月24日…新宿区議会議長名,supported,4547625e7e7f3c77a25386d56568d122d114e07e14ecc216dbf094fef3b6b8ad
shinjuku-2026-r1-giin-6,easy,content,R1I06-E-02,出す先は衆議院議長、参議院議長、内閣総理大臣、厚生労働大臣、国土交通大臣,https://www.city.shinjuku.lg.jp/content/000452351.pdf,556f694a353ce984c50c5ee13aac5722257336857c904668ccda9ffc2178051f,末尾,衆議院議長…参議院議長…内閣総理大臣…厚生労働大臣…国土交通大臣…宛て,supported,a5f227a24ab4f2fad3fefb012aa7b17e5a026b6507ac55d70058c8df613396ae
shinjuku-2026-r1-giin-6,normal,content,R1I06-N-02,あて先は衆議院議長、参議院議長、内閣総理大臣、厚生労働大臣、国土交通大臣,https://www.city.shinjuku.lg.jp/content/000452351.pdf,556f694a353ce984c50c5ee13aac5722257336857c904668ccda9ffc2178051f,末尾,衆議院議長…参議院議長…内閣総理大臣…厚生労働大臣…国土交通大臣…宛て,supported,a14737deceea03fcd74a0b9dbcc5e32b541c458adb3ca96f324f1bb796d3c476
shinjuku-2026-r1-giin-6,hard,content,R1I06-H-02,あて先は衆議院議長、参議院議長、内閣総理大臣、厚生労働大臣、国土交通大臣,https://www.city.shinjuku.lg.jp/content/000452351.pdf,556f694a353ce984c50c5ee13aac5722257336857c904668ccda9ffc2178051f,末尾,衆議院議長…参議院議長…内閣総理大臣…厚生労働大臣…国土交通大臣…宛て,supported,4547625e7e7f3c77a25386d56568d122d114e07e14ecc216dbf094fef3b6b8ad
shinjuku-2026-r1-giin-6,easy,content,R1I06-E-03,区議会が国に民泊の制度の見直しを求める,https://www.city.shinjuku.lg.jp/content/000452351.pdf,556f694a353ce984c50c5ee13aac5722257336857c904668ccda9ffc2178051f,前文,国において制度改正を含めた対応を求めます,supported,a5f227a24ab4f2fad3fefb012aa7b17e5a026b6507ac55d70058c8df613396ae
shinjuku-2026-r1-giin-6,normal,content,R1I06-N-03,国に制度改正を含めた対応を求める,https://www.city.shinjuku.lg.jp/content/000452351.pdf,556f694a353ce984c50c5ee13aac5722257336857c904668ccda9ffc2178051f,前文,国において制度改正を含めた対応を求めます,supported,a14737deceea03fcd74a0b9dbcc5e32b541c458adb3ca96f324f1bb796d3c476
shinjuku-2026-r1-giin-6,hard,content,R1I06-H-03,この実態に鑑み国に制度改正を含めた対応を求める,https://www.city.shinjuku.lg.jp/content/000452351.pdf,556f694a353ce984c50c5ee13aac5722257336857c904668ccda9ffc2178051f,前文,国において制度改正を含めた対応を求めます,supported,4547625e7e7f3c77a25386d56568d122d114e07e14ecc216dbf094fef3b6b8ad
shinjuku-2026-r1-giin-6,easy,content,R1I06-E-04,"意見書は、新宿区の民泊は全国で最も多く3,600件を超え、全国の民泊の1割近くが集まっていると書いている",https://www.city.shinjuku.lg.jp/content/000452351.pdf,556f694a353ce984c50c5ee13aac5722257336857c904668ccda9ffc2178051f,前文,"新宿区は民泊が全国最多の3,600件を超え、全国の民泊の1割近くが集中する自治体です",supported,a5f227a24ab4f2fad3fefb012aa7b17e5a026b6507ac55d70058c8df613396ae
shinjuku-2026-r1-giin-6,normal,content,R1I06-N-04,"新宿区は民泊が全国最多の3,600件を超え、全国の1割近くが集中すると意見書は述べる",https://www.city.shinjuku.lg.jp/content/000452351.pdf,556f694a353ce984c50c5ee13aac5722257336857c904668ccda9ffc2178051f,前文,"新宿区は民泊が全国最多の3,600件を超え、全国の民泊の1割近くが集中する自治体です",supported,a14737deceea03fcd74a0b9dbcc5e32b541c458adb3ca96f324f1bb796d3c476
shinjuku-2026-r1-giin-6,hard,content,R1I06-H-04,"前文: 3,600件、全国の1割近くが集中",https://www.city.shinjuku.lg.jp/content/000452351.pdf,556f694a353ce984c50c5ee13aac5722257336857c904668ccda9ffc2178051f,前文,"新宿区は民泊が全国最多の3,600件を超え、全国の民泊の1割近くが集中する自治体です",supported,4547625e7e7f3c77a25386d56568d122d114e07e14ecc216dbf094fef3b6b8ad
shinjuku-2026-r1-giin-6,easy,content,R1I06-E-05,"苦情は年間1,100件以上で、ごみ出し、騒音、営業期間を守らないことなどだと意見書は書いている",https://www.city.shinjuku.lg.jp/content/000452351.pdf,556f694a353ce984c50c5ee13aac5722257336857c904668ccda9ffc2178051f,前文,"ごみ出しや騒音、営業期間を守らない民泊など年間1,100件以上もの苦情が寄せられています",supported,a5f227a24ab4f2fad3fefb012aa7b17e5a026b6507ac55d70058c8df613396ae
shinjuku-2026-r1-giin-6,normal,content,R1I06-N-05,"ごみ出し、騒音、営業期間を守らない民泊など年間1,100件以上の苦情があると意見書は述べる",https://www.city.shinjuku.lg.jp/content/000452351.pdf,556f694a353ce984c50c5ee13aac5722257336857c904668ccda9ffc2178051f,前文,"ごみ出しや騒音、営業期間を守らない民泊など年間1,100件以上もの苦情が寄せられています",supported,a14737deceea03fcd74a0b9dbcc5e32b541c458adb3ca96f324f1bb796d3c476
shinjuku-2026-r1-giin-6,hard,content,R1I06-H-05,"前文: 年間1,100件以上の苦情",https://www.city.shinjuku.lg.jp/content/000452351.pdf,556f694a353ce984c50c5ee13aac5722257336857c904668ccda9ffc2178051f,前文,"ごみ出しや騒音、営業期間を守らない民泊など年間1,100件以上もの苦情が寄せられています",supported,4547625e7e7f3c77a25386d56568d122d114e07e14ecc216dbf094fef3b6b8ad
shinjuku-2026-r1-giin-6,easy,content,R1I06-E-06,区は全国に先がけて営業期間の制限を含む厳しい条例を作ったと意見書は書いている,https://www.city.shinjuku.lg.jp/content/000452351.pdf,556f694a353ce984c50c5ee13aac5722257336857c904668ccda9ffc2178051f,前文,全国に先駆けて営業期間の制限を含む厳格な条例を制定し、住環境の保護に努めてまいりました,supported,a5f227a24ab4f2fad3fefb012aa7b17e5a026b6507ac55d70058c8df613396ae
shinjuku-2026-r1-giin-6,normal,content,R1I06-N-06,区は全国に先駆けて営業期間の制限を含む厳格な条例を制定したと意見書は述べる,https://www.city.shinjuku.lg.jp/content/000452351.pdf,556f694a353ce984c50c5ee13aac5722257336857c904668ccda9ffc2178051f,前文,全国に先駆けて営業期間の制限を含む厳格な条例を制定し、住環境の保護に努めてまいりました,supported,a14737deceea03fcd74a0b9dbcc5e32b541c458adb3ca96f324f1bb796d3c476
shinjuku-2026-r1-giin-6,hard,content,R1I06-H-06,前文: 全国に先駆けた厳格な条例,https://www.city.shinjuku.lg.jp/content/000452351.pdf,556f694a353ce984c50c5ee13aac5722257336857c904668ccda9ffc2178051f,前文,全国に先駆けて営業期間の制限を含む厳格な条例を制定し、住環境の保護に努めてまいりました,supported,4547625e7e7f3c77a25386d56568d122d114e07e14ecc216dbf094fef3b6b8ad
shinjuku-2026-r1-giin-6,easy,content,R1I06-E-07,届け出をしない民泊、変更の届け出を出さず連絡がとれない事業者、管理の質が低い管理業者がいると意見書は書いている,https://www.city.shinjuku.lg.jp/content/000452351.pdf,556f694a353ce984c50c5ee13aac5722257336857c904668ccda9ffc2178051f,前文,届出をせず運営する無届民泊、また届出の記載内容変更時に変更届を出さず連絡が取れない民泊事業者や、管理の質の低い住宅宿泊管理業者,supported,a5f227a24ab4f2fad3fefb012aa7b17e5a026b6507ac55d70058c8df613396ae
shinjuku-2026-r1-giin-6,normal,content,R1I06-N-07,無届民泊、連絡が取れない事業者、質の低い管理業者の存在を意見書は挙げる,https://www.city.shinjuku.lg.jp/content/000452351.pdf,556f694a353ce984c50c5ee13aac5722257336857c904668ccda9ffc2178051f,前文,届出をせず運営する無届民泊、また届出の記載内容変更時に変更届を出さず連絡が取れない民泊事業者や、管理の質の低い住宅宿泊管理業者,supported,a14737deceea03fcd74a0b9dbcc5e32b541c458adb3ca96f324f1bb796d3c476
shinjuku-2026-r1-giin-6,hard,content,R1I06-H-07,前文: 無届民泊、変更届未提出の事業者、質の低い管理業者,https://www.city.shinjuku.lg.jp/content/000452351.pdf,556f694a353ce984c50c5ee13aac5722257336857c904668ccda9ffc2178051f,前文,届出をせず運営する無届民泊、また届出の記載内容変更時に変更届を出さず連絡が取れない民泊事業者や、管理の質の低い住宅宿泊管理業者,supported,4547625e7e7f3c77a25386d56568d122d114e07e14ecc216dbf094fef3b6b8ad
shinjuku-2026-r1-giin-6,easy,content,R1I06-E-08,項目1: 賃貸物件での民泊を禁止し、物件の持ち主だけにしてほしい。区内の民泊の76%が賃貸物件と意見書は書いている,https://www.city.shinjuku.lg.jp/content/000452351.pdf,556f694a353ce984c50c5ee13aac5722257336857c904668ccda9ffc2178051f,項目1,賃貸物件での民泊運営を禁止し、民泊の運営は所有物件のみとしてください…民泊の76%が賃貸物件で運営されています,supported,a5f227a24ab4f2fad3fefb012aa7b17e5a026b6507ac55d70058c8df613396ae
shinjuku-2026-r1-giin-6,normal,content,R1I06-N-08,項目1: 賃貸物件での民泊運営を禁止し所有物件のみとする。区内の民泊の76%が賃貸物件,https://www.city.shinjuku.lg.jp/content/000452351.pdf,556f694a353ce984c50c5ee13aac5722257336857c904668ccda9ffc2178051f,項目1,賃貸物件での民泊運営を禁止し、民泊の運営は所有物件のみとしてください…民泊の76%が賃貸物件で運営されています,supported,a14737deceea03fcd74a0b9dbcc5e32b541c458adb3ca96f324f1bb796d3c476
shinjuku-2026-r1-giin-6,hard,content,R1I06-H-08,項目1: 賃貸物件での民泊運営を禁止し所有物件のみとする（76%）,https://www.city.shinjuku.lg.jp/content/000452351.pdf,556f694a353ce984c50c5ee13aac5722257336857c904668ccda9ffc2178051f,項目1,賃貸物件での民泊運営を禁止し、民泊の運営は所有物件のみとしてください…民泊の76%が賃貸物件で運営されています,supported,4547625e7e7f3c77a25386d56568d122d114e07e14ecc216dbf094fef3b6b8ad
shinjuku-2026-r1-giin-6,normal,content,R1I06-N-09,旅館業法で行うべきという理由,https://www.city.shinjuku.lg.jp/content/000452351.pdf,556f694a353ce984c50c5ee13aac5722257336857c904668ccda9ffc2178051f,項目1,宿泊業を業として行うのであれば旅館業法で行うべきで、他者から物件を賃借してまで行う民泊運営を許すべきではありません…居住環境の安定と、適正な物件管理を維持するため,supported,a14737deceea03fcd74a0b9dbcc5e32b541c458adb3ca96f324f1bb796d3c476
shinjuku-2026-r1-giin-6,hard,content,R1I06-H-09,項目1の理由: 旅館業法で行うべき、居住環境の安定と適正な物件管理,https://www.city.shinjuku.lg.jp/content/000452351.pdf,556f694a353ce984c50c5ee13aac5722257336857c904668ccda9ffc2178051f,項目1,宿泊業を業として行うのであれば旅館業法で行うべきで、他者から物件を賃借してまで行う民泊運営を許すべきではありません…居住環境の安定と、適正な物件管理を維持するため,supported,4547625e7e7f3c77a25386d56568d122d114e07e14ecc216dbf094fef3b6b8ad
shinjuku-2026-r1-giin-6,easy,content,R1I06-E-09,項目2: 届け出の内容が常に正しくなるよう罰則を含む制度を整える。変更の届け出が出ないことがある,https://www.city.shinjuku.lg.jp/content/000452351.pdf,556f694a353ce984c50c5ee13aac5722257336857c904668ccda9ffc2178051f,項目2,届出の内容が常に正しくなるよう、罰則を含めた制度を整えてください…実態として変更届の未提出があります,supported,a5f227a24ab4f2fad3fefb012aa7b17e5a026b6507ac55d70058c8df613396ae
shinjuku-2026-r1-giin-6,normal,content,R1I06-N-10,項目2: 届出の内容が常に正しくなるよう罰則を含めた制度を整える。変更届の未提出がある,https://www.city.shinjuku.lg.jp/content/000452351.pdf,556f694a353ce984c50c5ee13aac5722257336857c904668ccda9ffc2178051f,項目2,届出の内容が常に正しくなるよう、罰則を含めた制度を整えてください…実態として変更届の未提出があります,supported,a14737deceea03fcd74a0b9dbcc5e32b541c458adb3ca96f324f1bb796d3c476
shinjuku-2026-r1-giin-6,hard,content,R1I06-H-10,項目2: 届出の正確性と罰則,https://www.city.shinjuku.lg.jp/content/000452351.pdf,556f694a353ce984c50c5ee13aac5722257336857c904668ccda9ffc2178051f,項目2,届出の内容が常に正しくなるよう、罰則を含めた制度を整えてください…実態として変更届の未提出があります,supported,4547625e7e7f3c77a25386d56568d122d114e07e14ecc216dbf094fef3b6b8ad
shinjuku-2026-r1-giin-6,normal,content,R1I06-N-11,区の案内には限界がある,https://www.city.shinjuku.lg.jp/content/000452351.pdf,556f694a353ce984c50c5ee13aac5722257336857c904668ccda9ffc2178051f,項目2,区では届出事項の変更時に、民泊事業者に対し変更届を提出することを案内していますが限界があります…違反者に対する厳格な罰則規定を整えてください,supported,a14737deceea03fcd74a0b9dbcc5e32b541c458adb3ca96f324f1bb796d3c476
shinjuku-2026-r1-giin-6,hard,content,R1I06-H-11,項目2の理由: 変更届の案内に限界、厳格な罰則規定,https://www.city.shinjuku.lg.jp/content/000452351.pdf,556f694a353ce984c50c5ee13aac5722257336857c904668ccda9ffc2178051f,項目2,区では届出事項の変更時に、民泊事業者に対し変更届を提出することを案内していますが限界があります…違反者に対する厳格な罰則規定を整えてください,supported,4547625e7e7f3c77a25386d56568d122d114e07e14ecc216dbf094fef3b6b8ad
shinjuku-2026-r1-giin-6,easy,content,R1I06-E-10,項目3: 区内の民泊の92%が家主不在型で、その半数以上が管理を任せている,https://www.city.shinjuku.lg.jp/content/000452351.pdf,556f694a353ce984c50c5ee13aac5722257336857c904668ccda9ffc2178051f,項目3,新宿区内の民泊の92%が家主不在型で、そのうちの半数以上が管理を委託して運営しています,supported,a5f227a24ab4f2fad3fefb012aa7b17e5a026b6507ac55d70058c8df613396ae
shinjuku-2026-r1-giin-6,normal,content,R1I06-N-12,項目3: 92%が家主不在型で、半数以上が管理を委託,https://www.city.shinjuku.lg.jp/content/000452351.pdf,556f694a353ce984c50c5ee13aac5722257336857c904668ccda9ffc2178051f,項目3,新宿区内の民泊の92%が家主不在型で、そのうちの半数以上が管理を委託して運営しています,supported,a14737deceea03fcd74a0b9dbcc5e32b541c458adb3ca96f324f1bb796d3c476
shinjuku-2026-r1-giin-6,hard,content,R1I06-H-12,項目3: 92%が家主不在型、半数以上が管理を委託,https://www.city.shinjuku.lg.jp/content/000452351.pdf,556f694a353ce984c50c5ee13aac5722257336857c904668ccda9ffc2178051f,項目3,新宿区内の民泊の92%が家主不在型で、そのうちの半数以上が管理を委託して運営しています,supported,4547625e7e7f3c77a25386d56568d122d114e07e14ecc216dbf094fef3b6b8ad
shinjuku-2026-r1-giin-6,easy,content,R1I06-E-11,意見書は、2023年（令和5年）7月に登録の条件が緩み、質が下がったと書いている,https://www.city.shinjuku.lg.jp/content/000452351.pdf,556f694a353ce984c50c5ee13aac5722257336857c904668ccda9ffc2178051f,項目3,令和5年7月からは、登録条件緩和により管理業者の質が下がり、ごみ出しや騒音などの苦情が多発し、また区の指導にもなかなか従おうとしない事業者が存在しています,supported,a5f227a24ab4f2fad3fefb012aa7b17e5a026b6507ac55d70058c8df613396ae
shinjuku-2026-r1-giin-6,normal,content,R1I06-N-13,令和5年7月からの登録条件の緩和で質が下がったとする,https://www.city.shinjuku.lg.jp/content/000452351.pdf,556f694a353ce984c50c5ee13aac5722257336857c904668ccda9ffc2178051f,項目3,令和5年7月からは、登録条件緩和により管理業者の質が下がり、ごみ出しや騒音などの苦情が多発し、また区の指導にもなかなか従おうとしない事業者が存在しています,supported,a14737deceea03fcd74a0b9dbcc5e32b541c458adb3ca96f324f1bb796d3c476
shinjuku-2026-r1-giin-6,hard,content,R1I06-H-13,項目3: 令和5年7月からの登録条件緩和で管理業者の質が下がり苦情が多発,https://www.city.shinjuku.lg.jp/content/000452351.pdf,556f694a353ce984c50c5ee13aac5722257336857c904668ccda9ffc2178051f,項目3,令和5年7月からは、登録条件緩和により管理業者の質が下がり、ごみ出しや騒音などの苦情が多発し、また区の指導にもなかなか従おうとしない事業者が存在しています,supported,4547625e7e7f3c77a25386d56568d122d114e07e14ecc216dbf094fef3b6b8ad
shinjuku-2026-r1-giin-6,easy,content,R1I06-E-12,管理業者の質をよくする制度の見直しを求める,https://www.city.shinjuku.lg.jp/content/000452351.pdf,556f694a353ce984c50c5ee13aac5722257336857c904668ccda9ffc2178051f,項目3,管理業者の質の向上を狙いとする制度改正や、実際に管理を行える事業者が登録されるよう改善を図ってください,supported,a5f227a24ab4f2fad3fefb012aa7b17e5a026b6507ac55d70058c8df613396ae
shinjuku-2026-r1-giin-6,normal,content,R1I06-N-14,管理業者の質の改善に向けた制度の見直しを求める,https://www.city.shinjuku.lg.jp/content/000452351.pdf,556f694a353ce984c50c5ee13aac5722257336857c904668ccda9ffc2178051f,項目3,管理業者の質の向上を狙いとする制度改正や、実際に管理を行える事業者が登録されるよう改善を図ってください,supported,a14737deceea03fcd74a0b9dbcc5e32b541c458adb3ca96f324f1bb796d3c476
shinjuku-2026-r1-giin-6,hard,content,R1I06-H-14,項目3: 管理業者の質の向上を狙いとする制度改正と、管理を行える事業者の登録,https://www.city.shinjuku.lg.jp/content/000452351.pdf,556f694a353ce984c50c5ee13aac5722257336857c904668ccda9ffc2178051f,項目3,管理業者の質の向上を狙いとする制度改正や、実際に管理を行える事業者が登録されるよう改善を図ってください,supported,4547625e7e7f3c77a25386d56568d122d114e07e14ecc216dbf094fef3b6b8ad
shinjuku-2026-r1-giin-6,easy,content,R1I06-E-13,項目4: 管理業者に任せたあと民泊事業者に再び任せる例があり、実質的な「名義貸し」として禁止を求める,https://www.city.shinjuku.lg.jp/content/000452351.pdf,556f694a353ce984c50c5ee13aac5722257336857c904668ccda9ffc2178051f,項目4,管理の再委託を禁止してください…管理業者に管理委託をした後、些末なごく一部の業務を除き民泊事業者に再委託をする運用が見受けられます…実質的な「名義貸し」,supported,a5f227a24ab4f2fad3fefb012aa7b17e5a026b6507ac55d70058c8df613396ae
shinjuku-2026-r1-giin-6,normal,content,R1I06-N-15,項目4: 管理の再委託を禁止する。実質的な「名義貸し」がある,https://www.city.shinjuku.lg.jp/content/000452351.pdf,556f694a353ce984c50c5ee13aac5722257336857c904668ccda9ffc2178051f,項目4,管理の再委託を禁止してください…管理業者に管理委託をした後、些末なごく一部の業務を除き民泊事業者に再委託をする運用が見受けられます…実質的な「名義貸し」,supported,a14737deceea03fcd74a0b9dbcc5e32b541c458adb3ca96f324f1bb796d3c476
shinjuku-2026-r1-giin-6,hard,content,R1I06-H-15,項目4: 管理の再委託の禁止と実質的な「名義貸し」,https://www.city.shinjuku.lg.jp/content/000452351.pdf,556f694a353ce984c50c5ee13aac5722257336857c904668ccda9ffc2178051f,項目4,管理の再委託を禁止してください…管理業者に管理委託をした後、些末なごく一部の業務を除き民泊事業者に再委託をする運用が見受けられます…実質的な「名義貸し」,supported,4547625e7e7f3c77a25386d56568d122d114e07e14ecc216dbf094fef3b6b8ad
shinjuku-2026-r1-giin-6,easy,content,R1I06-E-14,項目5: 無届民泊の取り締まりを強め、仲介サイトに法令に沿った運営を指導してほしい,https://www.city.shinjuku.lg.jp/content/000452351.pdf,556f694a353ce984c50c5ee13aac5722257336857c904668ccda9ffc2178051f,項目5,無届民泊を取り締まり、仲介事業者に法令に則った運営指導を行ってください…無届民泊の取り締まりを強化するとともに、仲介サイトに対し法令に則った運営となるよう指導を行い,supported,a5f227a24ab4f2fad3fefb012aa7b17e5a026b6507ac55d70058c8df613396ae
shinjuku-2026-r1-giin-6,normal,content,R1I06-N-16,項目5: 無届民泊の取締りを強化し、仲介事業者に法令に則った運営指導を行う,https://www.city.shinjuku.lg.jp/content/000452351.pdf,556f694a353ce984c50c5ee13aac5722257336857c904668ccda9ffc2178051f,項目5,無届民泊を取り締まり、仲介事業者に法令に則った運営指導を行ってください…無届民泊の取り締まりを強化するとともに、仲介サイトに対し法令に則った運営となるよう指導を行い,supported,a14737deceea03fcd74a0b9dbcc5e32b541c458adb3ca96f324f1bb796d3c476
shinjuku-2026-r1-giin-6,hard,content,R1I06-H-16,項目5: 無届民泊の取締りと仲介サイトへの指導,https://www.city.shinjuku.lg.jp/content/000452351.pdf,556f694a353ce984c50c5ee13aac5722257336857c904668ccda9ffc2178051f,項目5,無届民泊を取り締まり、仲介事業者に法令に則った運営指導を行ってください…無届民泊の取り締まりを強化するとともに、仲介サイトに対し法令に則った運営となるよう指導を行い,supported,4547625e7e7f3c77a25386d56568d122d114e07e14ecc216dbf094fef3b6b8ad
shinjuku-2026-r1-giin-6,normal,content,R1I06-N-17,区は対応に苦慮している,https://www.city.shinjuku.lg.jp/content/000452351.pdf,556f694a353ce984c50c5ee13aac5722257336857c904668ccda9ffc2178051f,項目5,区では無届民泊を見つけるたびに、調査を行い所有者や管理者をみつけ、届出を行うようアドバイスをしていますが、対応に苦慮しています,supported,a14737deceea03fcd74a0b9dbcc5e32b541c458adb3ca96f324f1bb796d3c476
shinjuku-2026-r1-giin-6,hard,content,R1I06-H-17,項目5の理由: 区は調査し届出を助言するが対応に苦慮している,https://www.city.shinjuku.lg.jp/content/000452351.pdf,556f694a353ce984c50c5ee13aac5722257336857c904668ccda9ffc2178051f,項目5,区では無届民泊を見つけるたびに、調査を行い所有者や管理者をみつけ、届出を行うようアドバイスをしていますが、対応に苦慮しています,supported,4547625e7e7f3c77a25386d56568d122d114e07e14ecc216dbf094fef3b6b8ad
shinjuku-2026-r1-giin-6,easy,content,R1I06-E-15,項目6: 今は届け出でできる民泊を許可制にし、実効性のある罰則を定めてほしい,https://www.city.shinjuku.lg.jp/content/000452351.pdf,556f694a353ce984c50c5ee13aac5722257336857c904668ccda9ffc2178051f,項目6,民泊を許可制とし、実効性のある罰則規定を定めてください…民泊は届出により運営可能な現行制度を改め、より強い指導が可能な許可制とする,supported,a5f227a24ab4f2fad3fefb012aa7b17e5a026b6507ac55d70058c8df613396ae
shinjuku-2026-r1-giin-6,normal,content,R1I06-N-18,項目6: 民泊を許可制とし、実効性のある罰則規定を定める,https://www.city.shinjuku.lg.jp/content/000452351.pdf,556f694a353ce984c50c5ee13aac5722257336857c904668ccda9ffc2178051f,項目6,民泊を許可制とし、実効性のある罰則規定を定めてください…民泊は届出により運営可能な現行制度を改め、より強い指導が可能な許可制とする,supported,a14737deceea03fcd74a0b9dbcc5e32b541c458adb3ca96f324f1bb796d3c476
shinjuku-2026-r1-giin-6,hard,content,R1I06-H-18,項目6: 許可制化と罰則規定,https://www.city.shinjuku.lg.jp/content/000452351.pdf,556f694a353ce984c50c5ee13aac5722257336857c904668ccda9ffc2178051f,項目6,民泊を許可制とし、実効性のある罰則規定を定めてください…民泊は届出により運営可能な現行制度を改め、より強い指導が可能な許可制とする,supported,4547625e7e7f3c77a25386d56568d122d114e07e14ecc216dbf094fef3b6b8ad
shinjuku-2026-r1-giin-6,easy,content,R1I06-E-16,意見書は、「昨年12月」に区が業務廃止を命令し、都内で初めてだったと書いている,https://www.city.shinjuku.lg.jp/content/000452351.pdf,556f694a353ce984c50c5ee13aac5722257336857c904668ccda9ffc2178051f,項目6,昨年１２月、新宿区は悪質な民泊事業者に対し、東京都内で初めて業務廃止を命令しました…廃止を命令される前に民泊事業者は廃止届を提出することで処分を逃れることや、他人の名義を借り新たに届出を行うことで,supported,a5f227a24ab4f2fad3fefb012aa7b17e5a026b6507ac55d70058c8df613396ae
shinjuku-2026-r1-giin-6,normal,content,R1I06-N-19,昨年12月に都内で初めて業務廃止を命令したが、廃止届の提出や他人名義での届出で処分を逃れられる,https://www.city.shinjuku.lg.jp/content/000452351.pdf,556f694a353ce984c50c5ee13aac5722257336857c904668ccda9ffc2178051f,項目6,昨年１２月、新宿区は悪質な民泊事業者に対し、東京都内で初めて業務廃止を命令しました…廃止を命令される前に民泊事業者は廃止届を提出することで処分を逃れることや、他人の名義を借り新たに届出を行うことで,supported,a14737deceea03fcd74a0b9dbcc5e32b541c458adb3ca96f324f1bb796d3c476
shinjuku-2026-r1-giin-6,hard,content,R1I06-H-19,項目6の理由: 「昨年12月」の業務廃止命令と、廃止届・他人名義による実効性の低下,https://www.city.shinjuku.lg.jp/content/000452351.pdf,556f694a353ce984c50c5ee13aac5722257336857c904668ccda9ffc2178051f,項目6,昨年１２月、新宿区は悪質な民泊事業者に対し、東京都内で初めて業務廃止を命令しました…廃止を命令される前に民泊事業者は廃止届を提出することで処分を逃れることや、他人の名義を借り新たに届出を行うことで,supported,4547625e7e7f3c77a25386d56568d122d114e07e14ecc216dbf094fef3b6b8ad
shinjuku-2026-r1-giin-6,easy,content,R1I06-E-17,意見書は、住宅宿泊事業法第18条で自治体ができる規制は営業日数の制限だけだと書いている,https://www.city.shinjuku.lg.jp/content/000452351.pdf,556f694a353ce984c50c5ee13aac5722257336857c904668ccda9ffc2178051f,項目7,住宅宿泊事業法第18条では、自治体による規制は営業日数の制限のみ認められ、区域を定めて営業を禁止することや、家主の居住の有無を条件にして営業を制限すること等の規定はありません,supported,a5f227a24ab4f2fad3fefb012aa7b17e5a026b6507ac55d70058c8df613396ae
shinjuku-2026-r1-giin-6,normal,content,R1I06-N-20,意見書は、住宅宿泊事業法第18条による自治体の規制は営業日数の制限のみと述べる,https://www.city.shinjuku.lg.jp/content/000452351.pdf,556f694a353ce984c50c5ee13aac5722257336857c904668ccda9ffc2178051f,項目7,住宅宿泊事業法第18条では、自治体による規制は営業日数の制限のみ認められ、区域を定めて営業を禁止することや、家主の居住の有無を条件にして営業を制限すること等の規定はありません,supported,a14737deceea03fcd74a0b9dbcc5e32b541c458adb3ca96f324f1bb796d3c476
shinjuku-2026-r1-giin-6,hard,content,R1I06-H-20,項目7: 意見書が述べる住宅宿泊事業法第18条の規制範囲,https://www.city.shinjuku.lg.jp/content/000452351.pdf,556f694a353ce984c50c5ee13aac5722257336857c904668ccda9ffc2178051f,項目7,住宅宿泊事業法第18条では、自治体による規制は営業日数の制限のみ認められ、区域を定めて営業を禁止することや、家主の居住の有無を条件にして営業を制限すること等の規定はありません,supported,4547625e7e7f3c77a25386d56568d122d114e07e14ecc216dbf094fef3b6b8ad
shinjuku-2026-r1-giin-6,easy,content,R1I06-E-18,地区の特徴に合わせて条例で規制できるよう、法の改正を含む見直しを求める,https://www.city.shinjuku.lg.jp/content/000452351.pdf,556f694a353ce984c50c5ee13aac5722257336857c904668ccda9ffc2178051f,項目7,自治体内の地区特性にあわせて柔軟に民泊の規制が条例で行えるよう法改正を含めた制度の見直しをしてください,supported,a5f227a24ab4f2fad3fefb012aa7b17e5a026b6507ac55d70058c8df613396ae
shinjuku-2026-r1-giin-6,normal,content,R1I06-N-21,項目7: 自治体で柔軟に対応できるよう法改正を含めた見直しをする,https://www.city.shinjuku.lg.jp/content/000452351.pdf,556f694a353ce984c50c5ee13aac5722257336857c904668ccda9ffc2178051f,項目7,自治体内の地区特性にあわせて柔軟に民泊の規制が条例で行えるよう法改正を含めた制度の見直しをしてください,supported,a14737deceea03fcd74a0b9dbcc5e32b541c458adb3ca96f324f1bb796d3c476
shinjuku-2026-r1-giin-6,hard,content,R1I06-H-21,項目7: 地区特性に合わせた条例による規制と法改正を含む見直し,https://www.city.shinjuku.lg.jp/content/000452351.pdf,556f694a353ce984c50c5ee13aac5722257336857c904668ccda9ffc2178051f,項目7,自治体内の地区特性にあわせて柔軟に民泊の規制が条例で行えるよう法改正を含めた制度の見直しをしてください,supported,4547625e7e7f3c77a25386d56568d122d114e07e14ecc216dbf094fef3b6b8ad
shinjuku-2026-r1-giin-6,easy,content,R1I06-E-19,意見書の数字の調べ方と調べた時期、意見書を出した議員の名前、国の対応、賛否の理由は出典に書かれていない,https://www.city.shinjuku.lg.jp/content/000452351.pdf,556f694a353ce984c50c5ee13aac5722257336857c904668ccda9ffc2178051f,出典に記載がない事項,（本件は解説本文が「一次資料に記載がない」と明示している箇所であり、事実主張ではない）,needs_source,a5f227a24ab4f2fad3fefb012aa7b17e5a026b6507ac55d70058c8df613396ae
shinjuku-2026-r1-giin-6,normal,content,R1I06-N-22,意見書の数値の調査方法と時点、提出した議員の氏名、国の対応、賛否の理由は出典に書かれていない,https://www.city.shinjuku.lg.jp/content/000452351.pdf,556f694a353ce984c50c5ee13aac5722257336857c904668ccda9ffc2178051f,出典に記載がない事項,（本件は解説本文が「一次資料に記載がない」と明示している箇所であり、事実主張ではない）,needs_source,a14737deceea03fcd74a0b9dbcc5e32b541c458adb3ca96f324f1bb796d3c476
shinjuku-2026-r1-giin-6,hard,content,R1I06-H-22,数値の調査方法と時点、提出した議員の氏名、国の対応、賛否の理由、「昨年12月」の年は書かれていない,https://www.city.shinjuku.lg.jp/content/000452351.pdf,556f694a353ce984c50c5ee13aac5722257336857c904668ccda9ffc2178051f,出典に記載がない事項,（本件は解説本文が「一次資料に記載がない」と明示している箇所であり、事実主張ではない）,needs_source,4547625e7e7f3c77a25386d56568d122d114e07e14ecc216dbf094fef3b6b8ad
shinjuku-2026-r1-giin-6,easy,content,R1I06-E-20,会議録は第1回定例会の第4日（2026年3月24日）,https://ssp.kaigiroku.net/tenant/shinjuku/MinuteView.html?council_id=3163&schedule_id=5&minute_id=1,bd058d36962b45d8d965e4625bb95ecd661a102a026175213f37ba9eb575424a,審議状況（本会議 3月24日 会議録の冒頭）,令和８年第１回定例会会議録（第４日）第４号…令和８年３月２４日（火曜日）,supported,a5f227a24ab4f2fad3fefb012aa7b17e5a026b6507ac55d70058c8df613396ae
shinjuku-2026-r1-giin-6,normal,content,R1I06-N-23,会議録は第4日（令和8年3月24日）,https://ssp.kaigiroku.net/tenant/shinjuku/MinuteView.html?council_id=3163&schedule_id=5&minute_id=1,bd058d36962b45d8d965e4625bb95ecd661a102a026175213f37ba9eb575424a,審議状況（本会議 3月24日 会議録の冒頭）,令和８年第１回定例会会議録（第４日）第４号…令和８年３月２４日（火曜日）,supported,a14737deceea03fcd74a0b9dbcc5e32b541c458adb3ca96f324f1bb796d3c476
shinjuku-2026-r1-giin-6,hard,content,R1I06-H-23,会議録は第4日第4号、令和8年3月24日（火曜日）,https://ssp.kaigiroku.net/tenant/shinjuku/MinuteView.html?council_id=3163&schedule_id=5&minute_id=1,bd058d36962b45d8d965e4625bb95ecd661a102a026175213f37ba9eb575424a,審議状況（本会議 3月24日 会議録の冒頭）,令和８年第１回定例会会議録（第４日）第４号…令和８年３月２４日（火曜日）,supported,4547625e7e7f3c77a25386d56568d122d114e07e14ecc216dbf094fef3b6b8ad
shinjuku-2026-r1-giin-6,hard,content,R1I06-H-24,会議録: 議員提出議案第6号を議題とする,https://ssp.kaigiroku.net/tenant/shinjuku/MinuteView.html?council_id=3163&schedule_id=5&minute_id=120,0547e4883c506ff0d2408f967baec61fee303ca46a7e7af3f7b25878801d9878,審議状況（本会議 3月24日 議題）,議員提出議案第6号 住民の居住環境保護と適正な民泊運営の実現に向けた制度見直しに関する意見書,supported,4547625e7e7f3c77a25386d56568d122d114e07e14ecc216dbf094fef3b6b8ad
shinjuku-2026-r1-giin-6,hard,content,R1I06-H-25,会議録: 説明及び委員会付託を省略して採決する,https://ssp.kaigiroku.net/tenant/shinjuku/MinuteView.html?council_id=3163&schedule_id=5&minute_id=121,ce2a991b3f4a62a8fda1bbfe59d840316b7b3f93c11036481b58b8bfb82b82b7,審議状況（本会議 3月24日 議長）,説明及び委員会付託を省略し、採決します…本案を原案のとおり可決することに御異議ありませんか,supported,4547625e7e7f3c77a25386d56568d122d114e07e14ecc216dbf094fef3b6b8ad
shinjuku-2026-r1-giin-6,easy,content,R1I06-E-21,本案は原案のとおり可決された,https://ssp.kaigiroku.net/tenant/shinjuku/MinuteView.html?council_id=3163&schedule_id=5&minute_id=122,4d40a85be19e4024ac9cbf9ecbd87bd921cc2507dcc65a1689a039f4af7f896c,審議状況（本会議 3月24日 議長）,異議なしと認めます。本案は、原案のとおり可決されました,supported,a5f227a24ab4f2fad3fefb012aa7b17e5a026b6507ac55d70058c8df613396ae
shinjuku-2026-r1-giin-6,normal,content,R1I06-N-24,本案は原案のとおり可決された,https://ssp.kaigiroku.net/tenant/shinjuku/MinuteView.html?council_id=3163&schedule_id=5&minute_id=122,4d40a85be19e4024ac9cbf9ecbd87bd921cc2507dcc65a1689a039f4af7f896c,審議状況（本会議 3月24日 議長）,異議なしと認めます。本案は、原案のとおり可決されました,supported,a14737deceea03fcd74a0b9dbcc5e32b541c458adb3ca96f324f1bb796d3c476
shinjuku-2026-r1-giin-6,hard,content,R1I06-H-26,本案は異議なしと認められ、原案のとおり可決された,https://ssp.kaigiroku.net/tenant/shinjuku/MinuteView.html?council_id=3163&schedule_id=5&minute_id=122,4d40a85be19e4024ac9cbf9ecbd87bd921cc2507dcc65a1689a039f4af7f896c,審議状況（本会議 3月24日 議長）,異議なしと認めます。本案は、原案のとおり可決されました,supported,4547625e7e7f3c77a25386d56568d122d114e07e14ecc216dbf094fef3b6b8ad
shinjuku-2026-r1-giin-6,easy,content,R1I06-E-22,8つの会派すべてが賛成,https://www.city.shinjuku.lg.jp/content/000452334.pdf,22ba4f49b18c96bd1fa26241606257c05477f38e25ac46d6f8e4f416a2cedbf2,審議状況（住民の居住環境保護と適正な民泊運営の実現に向けた制度見直しに関する意見書）,無届民泊や連絡不能な民泊事業者、管理の質が低い住宅宿泊管理業者の存在により対応負担が増大しています。○○○○○○○○可決,supported,a5f227a24ab4f2fad3fefb012aa7b17e5a026b6507ac55d70058c8df613396ae
shinjuku-2026-r1-giin-6,normal,content,R1I06-N-25,「議案の概要と審議結果」に記載の8会派はすべて賛成,https://www.city.shinjuku.lg.jp/content/000452334.pdf,22ba4f49b18c96bd1fa26241606257c05477f38e25ac46d6f8e4f416a2cedbf2,審議状況（住民の居住環境保護と適正な民泊運営の実現に向けた制度見直しに関する意見書）,無届民泊や連絡不能な民泊事業者、管理の質が低い住宅宿泊管理業者の存在により対応負担が増大しています。○○○○○○○○可決,supported,a14737deceea03fcd74a0b9dbcc5e32b541c458adb3ca96f324f1bb796d3c476
shinjuku-2026-r1-giin-6,hard,content,R1I06-H-27,「議案の概要と審議結果」では可決とされ、8会派はすべて賛成,https://www.city.shinjuku.lg.jp/content/000452334.pdf,22ba4f49b18c96bd1fa26241606257c05477f38e25ac46d6f8e4f416a2cedbf2,審議状況（住民の居住環境保護と適正な民泊運営の実現に向けた制度見直しに関する意見書）,無届民泊や連絡不能な民泊事業者、管理の質が低い住宅宿泊管理業者の存在により対応負担が増大しています。○○○○○○○○可決,supported,4547625e7e7f3c77a25386d56568d122d114e07e14ecc216dbf094fef3b6b8ad
shinjuku-2026-r1-giin-6,hard,content,R1I06-H-28,同資料は意見書の内容を、制度の見直しを国会及び政府に求めたものとして記している,https://www.city.shinjuku.lg.jp/content/000452334.pdf,22ba4f49b18c96bd1fa26241606257c05477f38e25ac46d6f8e4f416a2cedbf2,審議状況（意見書 概要欄）,制度の見直しを国会及び政府に求めました,supported,4547625e7e7f3c77a25386d56568d122d114e07e14ecc216dbf094fef3b6b8ad
shinjuku-2026-r1-giin-6,easy,content,R1I06-E-23,第1回定例会の会期は2026年2月17日（火）から3月24日（火）まで,https://www.city.shinjuku.lg.jp/kusei/file08_05_0003820210204_00013.html,869549fe3ba94ac28c6e8fd003d4ad71484501a78203fc7a885109aae4ab487c,審議状況（会期と日程）,令和8年2月17日（火曜日）から3月24日（火曜日）まで,supported,a5f227a24ab4f2fad3fefb012aa7b17e5a026b6507ac55d70058c8df613396ae
shinjuku-2026-r1-giin-6,normal,content,R1I06-N-26,会期は2月17日〜3月24日,https://www.city.shinjuku.lg.jp/kusei/file08_05_0003820210204_00013.html,869549fe3ba94ac28c6e8fd003d4ad71484501a78203fc7a885109aae4ab487c,審議状況（会期と日程）,令和8年2月17日（火曜日）から3月24日（火曜日）まで,supported,a14737deceea03fcd74a0b9dbcc5e32b541c458adb3ca96f324f1bb796d3c476
shinjuku-2026-r1-giin-6,hard,content,R1I06-H-29,会派略称と会派名の対応,https://www.city.shinjuku.lg.jp/content/000452334.pdf,22ba4f49b18c96bd1fa26241606257c05477f38e25ac46d6f8e4f416a2cedbf2,審議状況（会派略称・列の並び）,共産＝日本共産党新宿区議会議員団…れいわ＝れいわ新選組 新宿…自参ク＝自民・参政クラブ…公明＝新宿区議会公明党…新宿会＝新宿未来の会…民無ク＝立憲民主党・無所属クラブ…維新＝日本維新の会・新宿区議団…現役＝現役世代に優しい新宿・減税の会…自参ク 公明 共産 新宿会 民無ク 維新 現役 れいわ,supported,4547625e7e7f3c77a25386d56568d122d114e07e14ecc216dbf094fef3b6b8ad
