item_key,difficulty,content_field,claim_id,final_claim,source_url,source_sha256,page_or_section,evidence_excerpt,verdict,reviewed_content_sha256
shinjuku-2026-r2-giin-7,easy,title,G7-E-01,件名は「新宿区立学校における学用品の給付に関する条例」,https://www.city.shinjuku.lg.jp/content/000459252.pdf,14afb68aedc9c04d403ea2156c535ec7fabebe3cdccd04217df5bfd8648faa8d,議案の概要と審議結果 議員提出議案,新宿区立学校における学用品の給付に関する条例,supported,22a37ed94739a964951b5870c041ae2fe3d31a92110042a9a461d1ada8b1017f
shinjuku-2026-r2-giin-7,easy,summary,G7-E-02,日本共産党新宿区議会議員団とれいわ新選組 新宿の2会派、実質8名が提案した,https://ssp.kaigiroku.net/tenant/shinjuku/MinuteView.html?council_id=3193&schedule_id=3&minute_id=187,a3e855306ee9378a0f9e327d45d9762c9956e0202be5f25bb5a0b5ad849fa16d,本会議 6月11日 提案説明（高月まな議員）,日本共産党新宿区議会議員団と、れいわ新選組　新宿の２会派、実質８名により提案をいたしました,supported,22a37ed94739a964951b5870c041ae2fe3d31a92110042a9a461d1ada8b1017f
shinjuku-2026-r2-giin-7,easy,summary,G7-E-03,保護者の経済的負担を軽減し教育の機会均等を図るため、区立学校で教育活動に必要な学用品を給付する,https://www.city.shinjuku.lg.jp/content/000459252.pdf,14afb68aedc9c04d403ea2156c535ec7fabebe3cdccd04217df5bfd8648faa8d,議案の概要と審議結果 議員提出議案,保護者の経済的負担を軽減し、教育の機会均等を図る必要があるため、区立学校における教育活動に必要な学用品を給付する。,supported,22a37ed94739a964951b5870c041ae2fe3d31a92110042a9a461d1ada8b1017f
shinjuku-2026-r2-giin-7,easy,summary,G7-E-04,委員会は第7号を起立少数で否決すべきものと決定した,https://ssp.kaigiroku.net/tenant/shinjuku/MinuteView.html?council_id=3190&schedule_id=2&minute_id=16,70e0daa42b6285444180ecf2d944ea24878d96437c8832e56605e1533fde2053,文教子ども家庭委員会 6月15日 委員長,起立少数と認めます。　よって、議員提出議案第７号は否決すべきものと決定いたしました,supported,22a37ed94739a964951b5870c041ae2fe3d31a92110042a9a461d1ada8b1017f
shinjuku-2026-r2-giin-7,easy,summary,G7-E-05,本会議は第7号を起立少数で否決した,https://ssp.kaigiroku.net/tenant/shinjuku/MinuteView.html?council_id=3193&schedule_id=4&minute_id=78,7606a4d1cc1a23644295c8ea48bf09d90f50d3e7702dd3c9fc06167874e70fb3,本会議 6月19日 議長,起立少数と認めます。　本案は、否決されました,supported,22a37ed94739a964951b5870c041ae2fe3d31a92110042a9a461d1ada8b1017f
shinjuku-2026-r2-giin-7,easy,content,G7-E-06,日本共産党新宿区議会議員団とれいわ新選組 新宿の2会派、実質8名が提案した,https://ssp.kaigiroku.net/tenant/shinjuku/MinuteView.html?council_id=3193&schedule_id=3&minute_id=187,a3e855306ee9378a0f9e327d45d9762c9956e0202be5f25bb5a0b5ad849fa16d,本会議 6月11日 提案説明（高月まな議員）,日本共産党新宿区議会議員団と、れいわ新選組　新宿の２会派、実質８名により提案をいたしました,supported,22a37ed94739a964951b5870c041ae2fe3d31a92110042a9a461d1ada8b1017f
shinjuku-2026-r2-giin-7,easy,content,G7-E-07,第7・8号は文教子ども家庭委員会に付託された,https://ssp.kaigiroku.net/tenant/shinjuku/MinuteView.html?council_id=3193&schedule_id=3&minute_id=188,2a92a45db9a6dce4ad1296b5a958dd2b07d17dd7900c964b0958ec843909ec42,本会議 6月11日 議長,議員提出議案第７号及び議員提出議案第８号は、議案付託表のとおり、文教子ども家庭委員会に付託します,supported,22a37ed94739a964951b5870c041ae2fe3d31a92110042a9a461d1ada8b1017f
shinjuku-2026-r2-giin-7,easy,content,G7-E-08,会議録本文は条例案の条文を載せず「巻末議案の部参照」とだけ記す,https://ssp.kaigiroku.net/tenant/shinjuku/MinuteView.html?council_id=3193&schedule_id=3&minute_id=185,1d2c9397808beb08d1eb1a043b510e8222d59416d75184c616a3eef097e76a18,本会議 6月11日 議題,〔巻末議案の部参照〕,supported,22a37ed94739a964951b5870c041ae2fe3d31a92110042a9a461d1ada8b1017f
shinjuku-2026-r2-giin-7,easy,content,G7-E-09,会期ページは第7・8号の件名だけを載せ、条例案の全文を掲載していない,https://www.city.shinjuku.lg.jp/kusei/file08_05_0003820210204_00014.html,6b649b44d5a36dc3ab890a6bc2d30fb82536fd9edcbba53274cc648aa0a3f376,議会公式 会期ページ,議員提出議案第7号新宿区立学校における学用品の給付に関する条例…議員提出議案第8号新宿区立学校における修学旅行費の無償化に関する条例,supported,22a37ed94739a964951b5870c041ae2fe3d31a92110042a9a461d1ada8b1017f
shinjuku-2026-r2-giin-7,easy,content,G7-E-10,"提出者は費用を学用品費2億3,803万7,000円、修学旅行費5,657万2,000円、合計2億9,461万2,000円と説明した",https://ssp.kaigiroku.net/tenant/shinjuku/MinuteView.html?council_id=3190&schedule_id=1&minute_id=137,e55807601218813162f0b6c6eeb757d6e0b78ceecb30e2eac58fed85b158c80d,文教子ども家庭委員会 6月12日 佐藤佳一議員,"学用品費が２億3,803万7,000円、修学旅行費が中学３年生5,657万2,000円というふうに、合計が２億9,461万2,000円です",supported,22a37ed94739a964951b5870c041ae2fe3d31a92110042a9a461d1ada8b1017f
shinjuku-2026-r2-giin-7,easy,content,G7-E-11,提出者は財源に国の公立学校給食負担軽減事業による歳入（3億円以上）を挙げ、ほぼ賄えるとした,https://ssp.kaigiroku.net/tenant/shinjuku/MinuteView.html?council_id=3190&schedule_id=1&minute_id=137,e55807601218813162f0b6c6eeb757d6e0b78ceecb30e2eac58fed85b158c80d,文教子ども家庭委員会 6月12日 佐藤佳一議員,国がやっている公立学校給食負担軽減事業費というのがあります…３億円以上という金額が入ってきますので、逆にお釣りが来るぐらいの、ほぼ賄える,supported,22a37ed94739a964951b5870c041ae2fe3d31a92110042a9a461d1ada8b1017f
shinjuku-2026-r2-giin-7,easy,content,G7-E-12,"学校運営課長は、給食無償化の国の助成金で交付申請額7億5,600万円、令和7・8年度の差額3億9,000万円程度の見込み、当初予算で想定していない歳入で別の使い道は特段検討していないと答えた",https://ssp.kaigiroku.net/tenant/shinjuku/MinuteView.html?council_id=3190&schedule_id=1&minute_id=139,300529ce709a5abd7b95aaae343b9d5bffd3e0f1e5b93d9223308e8fa4ab8905,文教子ども家庭委員会 6月12日 学校運営課長,"国のほうが小学校の給食無償化というところで、助成金の予算をつけていただいたものになります…交付申請が７億5,600万円…３億9,000万円程度が見込まれる…当初想定をして予算計上していなかったもの…別の使い道といったところは特段検討していない",supported,22a37ed94739a964951b5870c041ae2fe3d31a92110042a9a461d1ada8b1017f
shinjuku-2026-r2-giin-7,easy,content,G7-E-13,委員会の審査報告は第7・8号とも否決,https://ssp.kaigiroku.net/tenant/shinjuku/MinuteView.html?council_id=3193&schedule_id=4&minute_id=73,ba10037585e08e29985fcc017d699a1b467dfcebb4938ee20e8c83b5d928b5ac,本会議 6月19日 議長,文教子ども家庭委員会審査報告書は、いずれも否決です,supported,22a37ed94739a964951b5870c041ae2fe3d31a92110042a9a461d1ada8b1017f
shinjuku-2026-r2-giin-7,easy,content,G7-E-14,本会議で近藤なつ子議員が少数意見を報告した,https://ssp.kaigiroku.net/tenant/shinjuku/MinuteView.html?council_id=3193&schedule_id=4&minute_id=74,8bc3b3d362889d39a1d2f6b1fc71417d031c6694ee8c40edb6e15e06c1c9ab6b,本会議 6月19日 近藤なつ子議員（少数意見報告）,文教子ども家庭委員会において、私、近藤なつ子は賛成し、少数意見を留保いたしましたので報告いたします,supported,22a37ed94739a964951b5870c041ae2fe3d31a92110042a9a461d1ada8b1017f
shinjuku-2026-r2-giin-7,easy,content,G7-E-15,本会議でさわいめぐみ議員（れいわ新選組 新宿）が第7・8号に賛成の立場から討論した,https://ssp.kaigiroku.net/tenant/shinjuku/MinuteView.html?council_id=3193&schedule_id=4&minute_id=76,83b0af115a6ceaa61ab3f4b8ca2480d2c1b1808252abb136704a5995d2b7c1f6,本会議 6月19日 さわいめぐみ議員,れいわ新選組　新宿のさわいめぐみです。…議員提出議案第７号　新宿区立学校における学用品の給付に関する条例及び議員提出議案第８号　新宿区立学校における修学旅行費の無償化に関する条例に賛成の立場から討論を行います,supported,22a37ed94739a964951b5870c041ae2fe3d31a92110042a9a461d1ada8b1017f
shinjuku-2026-r2-giin-7,easy,content,G7-E-16,本会議の討論はさわいめぐみ議員の1件で終わり、反対の立場からの討論はなかった,https://ssp.kaigiroku.net/tenant/shinjuku/MinuteView.html?council_id=3193&schedule_id=4&minute_id=77,e66066cd5887f008b62245492e1558cc80dc10f2467b7e9c58a12d73b4ead7c7,本会議 6月19日 議長,以上で討論は終わりました,supported,22a37ed94739a964951b5870c041ae2fe3d31a92110042a9a461d1ada8b1017f
shinjuku-2026-r2-giin-7,easy,content,G7-E-17,さわいめぐみ議員の会派は採決時「れいわ新選組 新宿」（令和8年8月7日に名称変更）,https://www.city.shinjuku.lg.jp/kusei/file08_00003.html,5b6184d6f8102605b4c6470e4f330d5daa7fad29e5dbd898f7bda562d6ad2380,会派構成,いのちの党新宿（1人）[幹事長・会計]さわいめぐみ※令和8年8月7日付けで会派名称を「れいわ新選組新宿」から「いのちの党新宿」に変更しました,supported,22a37ed94739a964951b5870c041ae2fe3d31a92110042a9a461d1ada8b1017f
shinjuku-2026-r2-giin-7,easy,content,G7-E-18,近藤なつ子議員は日本共産党新宿区議会議員団に所属,https://www.city.shinjuku.lg.jp/kusei/file08_00003.html,5b6184d6f8102605b4c6470e4f330d5daa7fad29e5dbd898f7bda562d6ad2380,会派構成,日本共産党新宿区議会議員団（7人）[団長]沢田あゆみ[副団長]近藤なつ子,supported,22a37ed94739a964951b5870c041ae2fe3d31a92110042a9a461d1ada8b1017f
shinjuku-2026-r2-giin-7,easy,content,G7-E-19,提出者の杉山直子議員が委員会で条例案を説明した,https://ssp.kaigiroku.net/tenant/shinjuku/MinuteView.html?council_id=3190&schedule_id=1&minute_id=124,4ad4301817856103e74740ccc26ef22e11967c9ae240744f44d381c705e67cba,文教子ども家庭委員会 6月12日 杉山直子議員,議員提出議案第７号　新宿区立学校における学用品の給付に関する条例案について、提出者を代表して御説明します,supported,22a37ed94739a964951b5870c041ae2fe3d31a92110042a9a461d1ada8b1017f
shinjuku-2026-r2-giin-7,easy,content,G7-E-20,第1条は区立小・中学校の児童・生徒が使う学用品の給付による保護者負担の軽減と教育の機会均等を目的とする,https://ssp.kaigiroku.net/tenant/shinjuku/MinuteView.html?council_id=3190&schedule_id=1&minute_id=124,4ad4301817856103e74740ccc26ef22e11967c9ae240744f44d381c705e67cba,文教子ども家庭委員会 6月12日 杉山直子議員,新宿区立小学校及び中学校（以下、「区立学校」という）に在籍する児童及び生徒（以下、「児童・生徒」という）が使用する学用品を給付することにより、保護者の経済的負担を軽減し、もって教育の機会均等を図ることを目的としています,supported,22a37ed94739a964951b5870c041ae2fe3d31a92110042a9a461d1ada8b1017f
shinjuku-2026-r2-giin-7,easy,content,G7-E-21,第2条は学用品を補助教材、教科指導に必要な用具、教育委員会が必要と認める教材と定める,https://ssp.kaigiroku.net/tenant/shinjuku/MinuteView.html?council_id=3190&schedule_id=1&minute_id=124,4ad4301817856103e74740ccc26ef22e11967c9ae240744f44d381c705e67cba,文教子ども家庭委員会 6月12日 杉山直子議員,学用品を１、ドリル、ワークブック、プリント教材等の補助教材、２、書道用具、絵画用具、彫刻等などの教科指導に必要な用具、３、その他新宿区教育委員会…が、１、２に準ずるものとして必要と認める教材と定めています,supported,22a37ed94739a964951b5870c041ae2fe3d31a92110042a9a461d1ada8b1017f
shinjuku-2026-r2-giin-7,easy,content,G7-E-22,第3条は区立学校に在籍する児童・生徒を対象とする,https://ssp.kaigiroku.net/tenant/shinjuku/MinuteView.html?council_id=3190&schedule_id=1&minute_id=124,4ad4301817856103e74740ccc26ef22e11967c9ae240744f44d381c705e67cba,文教子ども家庭委員会 6月12日 杉山直子議員,区立学校に在籍する児童・生徒を対象とします,supported,22a37ed94739a964951b5870c041ae2fe3d31a92110042a9a461d1ada8b1017f
shinjuku-2026-r2-giin-7,easy,content,G7-E-23,第4条は教育委員会が校長に購入経費を交付する方法で給付する,https://ssp.kaigiroku.net/tenant/shinjuku/MinuteView.html?council_id=3190&schedule_id=1&minute_id=124,4ad4301817856103e74740ccc26ef22e11967c9ae240744f44d381c705e67cba,文教子ども家庭委員会 6月12日 杉山直子議員,教育委員会が区立学校の校長に対し、学用品の購入に必要な経費を交付する方法により行うとしています,supported,22a37ed94739a964951b5870c041ae2fe3d31a92110042a9a461d1ada8b1017f
shinjuku-2026-r2-giin-7,easy,content,G7-E-24,第5条は経費の範囲を定める,https://ssp.kaigiroku.net/tenant/shinjuku/MinuteView.html?council_id=3190&schedule_id=1&minute_id=124,4ad4301817856103e74740ccc26ef22e11967c9ae240744f44d381c705e67cba,文教子ども家庭委員会 6月12日 杉山直子議員,１、学用品の購入（追加の購入を含む）に要する費用、２、その他教育委員会が前号に準ずる費用として範囲を定めています,supported,22a37ed94739a964951b5870c041ae2fe3d31a92110042a9a461d1ada8b1017f
shinjuku-2026-r2-giin-7,easy,content,G7-E-25,第6条は校長の帳簿整備と管理を定める,https://ssp.kaigiroku.net/tenant/shinjuku/MinuteView.html?council_id=3190&schedule_id=1&minute_id=124,4ad4301817856103e74740ccc26ef22e11967c9ae240744f44d381c705e67cba,文教子ども家庭委員会 6月12日 杉山直子議員,校長は、学用品の購入及び給付に関する帳簿その他書類を整備し、適正に管理しなければならないことを定めています,supported,22a37ed94739a964951b5870c041ae2fe3d31a92110042a9a461d1ada8b1017f
shinjuku-2026-r2-giin-7,easy,content,G7-E-26,第7条は委任,https://ssp.kaigiroku.net/tenant/shinjuku/MinuteView.html?council_id=3190&schedule_id=1&minute_id=124,4ad4301817856103e74740ccc26ef22e11967c9ae240744f44d381c705e67cba,文教子ども家庭委員会 6月12日 杉山直子議員,第７条は委任について規定しています,supported,22a37ed94739a964951b5870c041ae2fe3d31a92110042a9a461d1ada8b1017f
shinjuku-2026-r2-giin-7,easy,content,G7-E-27,施行日は令和9年4月1日,https://ssp.kaigiroku.net/tenant/shinjuku/MinuteView.html?council_id=3190&schedule_id=1&minute_id=124,4ad4301817856103e74740ccc26ef22e11967c9ae240744f44d381c705e67cba,文教子ども家庭委員会 6月12日 杉山直子議員,附則は施行日を令和９年４月１日と定めています,supported,22a37ed94739a964951b5870c041ae2fe3d31a92110042a9a461d1ada8b1017f
shinjuku-2026-r2-giin-7,easy,content,G7-E-28,提出者は公教育の質と公平性を高め、教職員の集金等の事務負担軽減にも資すると説明した,https://ssp.kaigiroku.net/tenant/shinjuku/MinuteView.html?council_id=3193&schedule_id=3&minute_id=187,a3e855306ee9378a0f9e327d45d9762c9956e0202be5f25bb5a0b5ad849fa16d,本会議 6月11日 提案説明（高月まな議員）,義務教育としての公教育の質と公平性を高めるとともに、教職員の集金等の事務負担軽減にも資すると考えます,supported,22a37ed94739a964951b5870c041ae2fe3d31a92110042a9a461d1ada8b1017f
shinjuku-2026-r2-giin-7,easy,content,G7-E-29,23区で学用品の無償化は11区、修学旅行の無償化は12区、一部補助は4区,https://ssp.kaigiroku.net/tenant/shinjuku/MinuteView.html?council_id=3193&schedule_id=3&minute_id=187,a3e855306ee9378a0f9e327d45d9762c9956e0202be5f25bb5a0b5ad849fa16d,本会議 6月11日 提案説明（高月まな議員）,学用品の無償化を行う区は11区、修学旅行の無償化は12区、修学旅行の一部補助を行う区は４区に広がっています,supported,22a37ed94739a964951b5870c041ae2fe3d31a92110042a9a461d1ada8b1017f
shinjuku-2026-r2-giin-7,easy,content,G7-E-30,第1回定例会でも同様の提案を行った,https://ssp.kaigiroku.net/tenant/shinjuku/MinuteView.html?council_id=3193&schedule_id=3&minute_id=187,a3e855306ee9378a0f9e327d45d9762c9956e0202be5f25bb5a0b5ad849fa16d,本会議 6月11日 提案説明（高月まな議員）,本年第１回定例会でも同様の提案を行いましたが,supported,22a37ed94739a964951b5870c041ae2fe3d31a92110042a9a461d1ada8b1017f
shinjuku-2026-r2-giin-7,easy,content,G7-E-31,第1回定例会の条例案から条文に変更はない（山口かおる委員の問いへの答え）,https://ssp.kaigiroku.net/tenant/shinjuku/MinuteView.html?council_id=3190&schedule_id=1&minute_id=144,507746c19b4031ab84e23e8d0ef34a9c219ee04db5f8cbb50b87f45cadc926e7,文教子ども家庭委員会 6月12日 佐藤佳一議員,変更はありません,supported,22a37ed94739a964951b5870c041ae2fe3d31a92110042a9a461d1ada8b1017f
shinjuku-2026-r2-giin-7,easy,content,G7-E-32,山口かおる委員が第7号の条文に変更がないか確認した,https://ssp.kaigiroku.net/tenant/shinjuku/MinuteView.html?council_id=3190&schedule_id=1&minute_id=143,75c30813f6326fcb0fa9e309936139e5550dd85561551987117f83a82a1194f7,文教子ども家庭委員会 6月12日 山口かおる委員,前回、第１回定例会の３月の時点からのこの条文、条例に関しての内容としては、特に変更がないということでよろしいでしょうか,supported,22a37ed94739a964951b5870c041ae2fe3d31a92110042a9a461d1ada8b1017f
shinjuku-2026-r2-giin-7,easy,content,G7-E-33,区立に通う割合は小学校で75%程度、中学校で5割から6割,https://ssp.kaigiroku.net/tenant/shinjuku/MinuteView.html?council_id=3190&schedule_id=1&minute_id=129,ade0007f8ff3ee8e04f42728ba967dca05a966d47f945d994a1dcece1ebf82a8,文教子ども家庭委員会 6月12日 学校運営課長,小学校においては大体７割、75％から80％程度と、75％程度になってくるかと思います…中学校については、５割から６割,supported,22a37ed94739a964951b5870c041ae2fe3d31a92110042a9a461d1ada8b1017f
shinjuku-2026-r2-giin-7,easy,content,G7-E-34,渡辺やすし委員は私立・国立に通う子どもが対象外になる点を質した,https://ssp.kaigiroku.net/tenant/shinjuku/MinuteView.html?council_id=3190&schedule_id=1&minute_id=130,6a1d5605e6fc9945d438f8279281fb975772d724f711949a50f3986155e0dca9,文教子ども家庭委員会 6月12日 渡辺やすし委員,私立、国立と、区立に通っていない人は対象外ですよね,supported,22a37ed94739a964951b5870c041ae2fe3d31a92110042a9a461d1ada8b1017f
shinjuku-2026-r2-giin-7,easy,content,G7-E-35,提出者は、国の財源を使うことと他区も公立だけであることから公立に限ったと答えた,https://ssp.kaigiroku.net/tenant/shinjuku/MinuteView.html?council_id=3190&schedule_id=1&minute_id=131,a7375cfc9d964deeb0d5d9c9f9547aa7061f5b49e1553c103afe8cec56546f55,文教子ども家庭委員会 6月12日 佐藤佳一議員,国から来る給食費の小学校の半額分、３億円以上、この財源を使って取りあえず公立の小・中学生にしたい…残念ながら、公立だけなんですね。なので、取りあえず今回は公立に限ってという提案,supported,22a37ed94739a964951b5870c041ae2fe3d31a92110042a9a461d1ada8b1017f
shinjuku-2026-r2-giin-7,easy,content,G7-E-36,山口かおる委員は経費の上限が定められていない点への懸念を示した,https://ssp.kaigiroku.net/tenant/shinjuku/MinuteView.html?council_id=3190&schedule_id=1&minute_id=149,a4308b08a283f586e6c33dd8b70f3ce85a66eeead03bd5294f1e4f72290eb053,文教子ども家庭委員会 6月12日 山口かおる委員,今回、経費に関しては、特にそういった上限がない,supported,22a37ed94739a964951b5870c041ae2fe3d31a92110042a9a461d1ada8b1017f
shinjuku-2026-r2-giin-7,easy,content,G7-E-37,山口かおる委員は経費の上限が決められていない点を挙げた,https://ssp.kaigiroku.net/tenant/shinjuku/MinuteView.html?council_id=3190&schedule_id=1&minute_id=145,26ad7b170e4601b42ffb304a87de5d2a32e88cac4fb9860d5e8438c7d446a890,文教子ども家庭委員会 6月12日 山口かおる委員,経費の上限が決められていない,supported,22a37ed94739a964951b5870c041ae2fe3d31a92110042a9a461d1ada8b1017f
shinjuku-2026-r2-giin-7,easy,content,G7-E-38,提出者は1人当たりで積算して予算化していると答えた,https://ssp.kaigiroku.net/tenant/shinjuku/MinuteView.html?council_id=3190&schedule_id=1&minute_id=150,5c92b5ad3d799f17a45cfd862559e696af0665ef0d421e6be52452810225db84,文教子ども家庭委員会 6月12日 佐藤佳一議員,１人当たり幾らというふうに、細かく計算して、先ほど言った金額を想定というか、予算化している,supported,22a37ed94739a964951b5870c041ae2fe3d31a92110042a9a461d1ada8b1017f
shinjuku-2026-r2-giin-7,easy,content,G7-E-39,おやまだ静香委員は国・都からのお金の継続性と、財源・優先順位の説明の必要を会派の意見として述べた,https://ssp.kaigiroku.net/tenant/shinjuku/MinuteView.html?council_id=3190&schedule_id=1&minute_id=157,2a9289375bb91350fb92e6755d248d7a9057068a4278150fb7655d499f7ccbef,文教子ども家庭委員会 6月12日 おやまだ静香委員,国とか都から下りてくるそのお金というのが、ずっと継続的にあるのかどうかというところも、確実なものではない可能性もある…何を削って財源をどう確保するのか、優先順位をどうつけていくのか…これは会派としての意見でございます,supported,22a37ed94739a964951b5870c041ae2fe3d31a92110042a9a461d1ada8b1017f
shinjuku-2026-r2-giin-7,easy,content,G7-E-40,渡辺やすし委員は施行日を令和9年4月1日とした理由を質した,https://ssp.kaigiroku.net/tenant/shinjuku/MinuteView.html?council_id=3190&schedule_id=1&minute_id=132,28d08c851a5f5504109fbaa4c690b3227cd9cf220950d0aed0f04a2cad60d300,文教子ども家庭委員会 6月12日 渡辺やすし委員,なぜ４月１日なんですか,supported,22a37ed94739a964951b5870c041ae2fe3d31a92110042a9a461d1ada8b1017f
shinjuku-2026-r2-giin-7,easy,content,G7-E-41,提出者は準備と周知の必要を理由に挙げた,https://ssp.kaigiroku.net/tenant/shinjuku/MinuteView.html?council_id=3190&schedule_id=1&minute_id=133,cdbade87032b8a92c4f03ef92e9aa51adc693fe7749b734a74fcad4abb291343,文教子ども家庭委員会 6月12日 佐藤佳一議員,いろんな準備ですとか、周知の必要もありますし、それで来年４月１日というふうに考えております,supported,22a37ed94739a964951b5870c041ae2fe3d31a92110042a9a461d1ada8b1017f
shinjuku-2026-r2-giin-7,easy,content,G7-E-42,渡辺やすし委員は政策の優先度を評価しつつ、国からのお金でなく歳出改革で財源をつくるべきとして反対し、改めて提案したいと述べた,https://ssp.kaigiroku.net/tenant/shinjuku/MinuteView.html?council_id=3190&schedule_id=2&minute_id=11,c6e940a8a4789afd789c0a72875601222e3a41610314dfdabd07c14e1b3e9d48,文教子ども家庭委員会 6月15日 渡辺やすし委員（討論）,ほかの政策に優先すべきプライオリティのあることだと思っています…意義深いことだなと思っています…国から下りてくるお金ということではなくて、新宿区の事務事業をしっかりと歳出改革して、財源をつくり出して、この学用品給付の財源を手当てするというのが本寸法かなと私は思っています…改めて学用品と修学旅行の無償化について私から提案したいと思っています。　よって、この条例には反対します,supported,22a37ed94739a964951b5870c041ae2fe3d31a92110042a9a461d1ada8b1017f
shinjuku-2026-r2-giin-7,easy,content,G7-E-43,渡辺やすし委員は入ってきたお金を当てにするのではなく歳出改革で財源を見つけるべきとした,https://ssp.kaigiroku.net/tenant/shinjuku/MinuteView.html?council_id=3190&schedule_id=1&minute_id=140,219acf37cd7e1375124767b67f6ad413942bbdf872e0c44e5d6191f24f1ed286,文教子ども家庭委員会 6月12日 渡辺やすし委員,入ってきたお金を当てにするというのではなくて,supported,22a37ed94739a964951b5870c041ae2fe3d31a92110042a9a461d1ada8b1017f
shinjuku-2026-r2-giin-7,easy,content,G7-E-44,近藤なつ子副委員長は、国庫負担分は来年度以降も続くと考えるのが筋で子どものために使うべき、保護者と教員の負担を減らせるとして賛成した,https://ssp.kaigiroku.net/tenant/shinjuku/MinuteView.html?council_id=3190&schedule_id=2&minute_id=13,645e5def0107bd2c73d291f0032a79cadf8d4abf3eadc409f37f46c91d111269,文教子ども家庭委員会 6月15日 近藤なつ子副委員長（討論）,教育活動に必要な学用品を給付するということで、賛成をいたします…今年度限りの予算ではなく、来年度以降も続くものだというふうに考えるのが筋…子どものために使う…教員の負担も減らしていく,supported,22a37ed94739a964951b5870c041ae2fe3d31a92110042a9a461d1ada8b1017f
shinjuku-2026-r2-giin-7,easy,content,G7-E-45,近藤なつ子副委員長の討論のあと、ほかに発言はなかった,https://ssp.kaigiroku.net/tenant/shinjuku/MinuteView.html?council_id=3190&schedule_id=2&minute_id=14,9f0656cf09abe7d25dd45814e112786ff0f2ab7dadb22c6273a78277a5f0e41a,文教子ども家庭委員会 6月15日 委員長,ほかに御発言のある方。　　　　　　〔発言する者なし〕,supported,22a37ed94739a964951b5870c041ae2fe3d31a92110042a9a461d1ada8b1017f
shinjuku-2026-r2-giin-7,easy,content,G7-E-46,第7号の委員会討論は渡辺やすし委員（反対）と近藤なつ子副委員長（賛成）の2名で終わった,https://ssp.kaigiroku.net/tenant/shinjuku/MinuteView.html?council_id=3190&schedule_id=2&minute_id=15,6fd286816e6c972e650715349ac686b15b8064db8de36da7ba4b14b526307388,文教子ども家庭委員会 6月15日 委員長,以上で討論は終わりました。　それでは、議員提出議案第７号について起立により採決を行います,supported,22a37ed94739a964951b5870c041ae2fe3d31a92110042a9a461d1ada8b1017f
shinjuku-2026-r2-giin-7,easy,content,G7-E-47,委員会は第7号を起立少数で否決すべきものと決定した,https://ssp.kaigiroku.net/tenant/shinjuku/MinuteView.html?council_id=3190&schedule_id=2&minute_id=16,70e0daa42b6285444180ecf2d944ea24878d96437c8832e56605e1533fde2053,文教子ども家庭委員会 6月15日 委員長,起立少数と認めます。　よって、議員提出議案第７号は否決すべきものと決定いたしました,supported,22a37ed94739a964951b5870c041ae2fe3d31a92110042a9a461d1ada8b1017f
shinjuku-2026-r2-giin-7,easy,content,G7-E-48,近藤なつ子副委員長が少数意見を留保した,https://ssp.kaigiroku.net/tenant/shinjuku/MinuteView.html?council_id=3190&schedule_id=2&minute_id=17,7a43dfae8a1c90a03c62ba4d564ece290574b60a83b2b883f95fcf92fe36ffc8,文教子ども家庭委員会 6月15日 近藤なつ子副委員長,ただいまの委員会決定に少数意見を留保いたします,supported,22a37ed94739a964951b5870c041ae2fe3d31a92110042a9a461d1ada8b1017f
shinjuku-2026-r2-giin-7,easy,content,G7-E-49,本会議は第7号を起立少数で否決した,https://ssp.kaigiroku.net/tenant/shinjuku/MinuteView.html?council_id=3193&schedule_id=4&minute_id=78,7606a4d1cc1a23644295c8ea48bf09d90f50d3e7702dd3c9fc06167874e70fb3,本会議 6月19日 議長,起立少数と認めます。　本案は、否決されました,supported,22a37ed94739a964951b5870c041ae2fe3d31a92110042a9a461d1ada8b1017f
shinjuku-2026-r2-giin-7,easy,content,G7-E-50,渡辺やすし委員は現役世代に優しい新宿・減税の会に所属（令和7年4月1日以降）,https://www.city.shinjuku.lg.jp/kusei/file08_00003.html,5b6184d6f8102605b4c6470e4f330d5daa7fad29e5dbd898f7bda562d6ad2380,会派構成,現役世代に優しい新宿・減税の会（2人）[幹事長]田中ゆきえ[副幹事長・会計]渡辺やすし※令和7年4月1日付けで会派名称と所属議員に変更がありました,supported,22a37ed94739a964951b5870c041ae2fe3d31a92110042a9a461d1ada8b1017f
shinjuku-2026-r2-giin-7,easy,content,G7-E-51,学用品は現在、必要な部分が保護者負担で購入されている,https://ssp.kaigiroku.net/tenant/shinjuku/MinuteView.html?council_id=3190&schedule_id=2&minute_id=13,645e5def0107bd2c73d291f0032a79cadf8d4abf3eadc409f37f46c91d111269,文教子ども家庭委員会 6月15日 近藤なつ子副委員長,まだ必要な部分については保護者負担で学用品は購入されている,supported,22a37ed94739a964951b5870c041ae2fe3d31a92110042a9a461d1ada8b1017f
shinjuku-2026-r2-giin-7,normal,title,G7-N-01,件名は「新宿区立学校における学用品の給付に関する条例」,https://www.city.shinjuku.lg.jp/content/000459252.pdf,14afb68aedc9c04d403ea2156c535ec7fabebe3cdccd04217df5bfd8648faa8d,議案の概要と審議結果 議員提出議案,新宿区立学校における学用品の給付に関する条例,supported,ed27cb2b36200ae23e16d612a5e62f65d911f1637d9cb58cb9f959add23083c3
shinjuku-2026-r2-giin-7,normal,summary,G7-N-02,日本共産党新宿区議会議員団とれいわ新選組 新宿の2会派、実質8名が提案した,https://ssp.kaigiroku.net/tenant/shinjuku/MinuteView.html?council_id=3193&schedule_id=3&minute_id=187,a3e855306ee9378a0f9e327d45d9762c9956e0202be5f25bb5a0b5ad849fa16d,本会議 6月11日 提案説明（高月まな議員）,日本共産党新宿区議会議員団と、れいわ新選組　新宿の２会派、実質８名により提案をいたしました,supported,ed27cb2b36200ae23e16d612a5e62f65d911f1637d9cb58cb9f959add23083c3
shinjuku-2026-r2-giin-7,normal,summary,G7-N-03,保護者の経済的負担を軽減し教育の機会均等を図るため、区立学校で教育活動に必要な学用品を給付する,https://www.city.shinjuku.lg.jp/content/000459252.pdf,14afb68aedc9c04d403ea2156c535ec7fabebe3cdccd04217df5bfd8648faa8d,議案の概要と審議結果 議員提出議案,保護者の経済的負担を軽減し、教育の機会均等を図る必要があるため、区立学校における教育活動に必要な学用品を給付する。,supported,ed27cb2b36200ae23e16d612a5e62f65d911f1637d9cb58cb9f959add23083c3
shinjuku-2026-r2-giin-7,normal,summary,G7-N-04,委員会は第7号を起立少数で否決すべきものと決定した,https://ssp.kaigiroku.net/tenant/shinjuku/MinuteView.html?council_id=3190&schedule_id=2&minute_id=16,70e0daa42b6285444180ecf2d944ea24878d96437c8832e56605e1533fde2053,文教子ども家庭委員会 6月15日 委員長,起立少数と認めます。　よって、議員提出議案第７号は否決すべきものと決定いたしました,supported,ed27cb2b36200ae23e16d612a5e62f65d911f1637d9cb58cb9f959add23083c3
shinjuku-2026-r2-giin-7,normal,summary,G7-N-05,本会議は第7号を起立少数で否決した,https://ssp.kaigiroku.net/tenant/shinjuku/MinuteView.html?council_id=3193&schedule_id=4&minute_id=78,7606a4d1cc1a23644295c8ea48bf09d90f50d3e7702dd3c9fc06167874e70fb3,本会議 6月19日 議長,起立少数と認めます。　本案は、否決されました,supported,ed27cb2b36200ae23e16d612a5e62f65d911f1637d9cb58cb9f959add23083c3
shinjuku-2026-r2-giin-7,normal,content,G7-N-06,日本共産党新宿区議会議員団とれいわ新選組 新宿の2会派、実質8名が提案した,https://ssp.kaigiroku.net/tenant/shinjuku/MinuteView.html?council_id=3193&schedule_id=3&minute_id=187,a3e855306ee9378a0f9e327d45d9762c9956e0202be5f25bb5a0b5ad849fa16d,本会議 6月11日 提案説明（高月まな議員）,日本共産党新宿区議会議員団と、れいわ新選組　新宿の２会派、実質８名により提案をいたしました,supported,ed27cb2b36200ae23e16d612a5e62f65d911f1637d9cb58cb9f959add23083c3
shinjuku-2026-r2-giin-7,normal,content,G7-N-07,第7・8号は文教子ども家庭委員会に付託された,https://ssp.kaigiroku.net/tenant/shinjuku/MinuteView.html?council_id=3193&schedule_id=3&minute_id=188,2a92a45db9a6dce4ad1296b5a958dd2b07d17dd7900c964b0958ec843909ec42,本会議 6月11日 議長,議員提出議案第７号及び議員提出議案第８号は、議案付託表のとおり、文教子ども家庭委員会に付託します,supported,ed27cb2b36200ae23e16d612a5e62f65d911f1637d9cb58cb9f959add23083c3
shinjuku-2026-r2-giin-7,normal,content,G7-N-08,会議録本文は条例案の条文を載せず「巻末議案の部参照」とだけ記す,https://ssp.kaigiroku.net/tenant/shinjuku/MinuteView.html?council_id=3193&schedule_id=3&minute_id=185,1d2c9397808beb08d1eb1a043b510e8222d59416d75184c616a3eef097e76a18,本会議 6月11日 議題,〔巻末議案の部参照〕,supported,ed27cb2b36200ae23e16d612a5e62f65d911f1637d9cb58cb9f959add23083c3
shinjuku-2026-r2-giin-7,normal,content,G7-N-09,会期ページは第7・8号の件名だけを載せ、条例案の全文を掲載していない,https://www.city.shinjuku.lg.jp/kusei/file08_05_0003820210204_00014.html,6b649b44d5a36dc3ab890a6bc2d30fb82536fd9edcbba53274cc648aa0a3f376,議会公式 会期ページ,議員提出議案第7号新宿区立学校における学用品の給付に関する条例…議員提出議案第8号新宿区立学校における修学旅行費の無償化に関する条例,supported,ed27cb2b36200ae23e16d612a5e62f65d911f1637d9cb58cb9f959add23083c3
shinjuku-2026-r2-giin-7,normal,content,G7-N-10,"提出者は費用を学用品費2億3,803万7,000円、修学旅行費5,657万2,000円、合計2億9,461万2,000円と説明した",https://ssp.kaigiroku.net/tenant/shinjuku/MinuteView.html?council_id=3190&schedule_id=1&minute_id=137,e55807601218813162f0b6c6eeb757d6e0b78ceecb30e2eac58fed85b158c80d,文教子ども家庭委員会 6月12日 佐藤佳一議員,"学用品費が２億3,803万7,000円、修学旅行費が中学３年生5,657万2,000円というふうに、合計が２億9,461万2,000円です",supported,ed27cb2b36200ae23e16d612a5e62f65d911f1637d9cb58cb9f959add23083c3
shinjuku-2026-r2-giin-7,normal,content,G7-N-11,提出者は財源に国の公立学校給食負担軽減事業による歳入（3億円以上）を挙げ、ほぼ賄えるとした,https://ssp.kaigiroku.net/tenant/shinjuku/MinuteView.html?council_id=3190&schedule_id=1&minute_id=137,e55807601218813162f0b6c6eeb757d6e0b78ceecb30e2eac58fed85b158c80d,文教子ども家庭委員会 6月12日 佐藤佳一議員,国がやっている公立学校給食負担軽減事業費というのがあります…３億円以上という金額が入ってきますので、逆にお釣りが来るぐらいの、ほぼ賄える,supported,ed27cb2b36200ae23e16d612a5e62f65d911f1637d9cb58cb9f959add23083c3
shinjuku-2026-r2-giin-7,normal,content,G7-N-12,"学校運営課長は、給食無償化の国の助成金で交付申請額7億5,600万円、令和7・8年度の差額3億9,000万円程度の見込み、当初予算で想定していない歳入で別の使い道は特段検討していないと答えた",https://ssp.kaigiroku.net/tenant/shinjuku/MinuteView.html?council_id=3190&schedule_id=1&minute_id=139,300529ce709a5abd7b95aaae343b9d5bffd3e0f1e5b93d9223308e8fa4ab8905,文教子ども家庭委員会 6月12日 学校運営課長,"国のほうが小学校の給食無償化というところで、助成金の予算をつけていただいたものになります…交付申請が７億5,600万円…３億9,000万円程度が見込まれる…当初想定をして予算計上していなかったもの…別の使い道といったところは特段検討していない",supported,ed27cb2b36200ae23e16d612a5e62f65d911f1637d9cb58cb9f959add23083c3
shinjuku-2026-r2-giin-7,normal,content,G7-N-13,委員会の審査報告は第7・8号とも否決,https://ssp.kaigiroku.net/tenant/shinjuku/MinuteView.html?council_id=3193&schedule_id=4&minute_id=73,ba10037585e08e29985fcc017d699a1b467dfcebb4938ee20e8c83b5d928b5ac,本会議 6月19日 議長,文教子ども家庭委員会審査報告書は、いずれも否決です,supported,ed27cb2b36200ae23e16d612a5e62f65d911f1637d9cb58cb9f959add23083c3
shinjuku-2026-r2-giin-7,normal,content,G7-N-14,本会議で近藤なつ子議員が少数意見を報告した,https://ssp.kaigiroku.net/tenant/shinjuku/MinuteView.html?council_id=3193&schedule_id=4&minute_id=74,8bc3b3d362889d39a1d2f6b1fc71417d031c6694ee8c40edb6e15e06c1c9ab6b,本会議 6月19日 近藤なつ子議員（少数意見報告）,文教子ども家庭委員会において、私、近藤なつ子は賛成し、少数意見を留保いたしましたので報告いたします,supported,ed27cb2b36200ae23e16d612a5e62f65d911f1637d9cb58cb9f959add23083c3
shinjuku-2026-r2-giin-7,normal,content,G7-N-15,本会議でさわいめぐみ議員（れいわ新選組 新宿）が第7・8号に賛成の立場から討論した,https://ssp.kaigiroku.net/tenant/shinjuku/MinuteView.html?council_id=3193&schedule_id=4&minute_id=76,83b0af115a6ceaa61ab3f4b8ca2480d2c1b1808252abb136704a5995d2b7c1f6,本会議 6月19日 さわいめぐみ議員,れいわ新選組　新宿のさわいめぐみです。…議員提出議案第７号　新宿区立学校における学用品の給付に関する条例及び議員提出議案第８号　新宿区立学校における修学旅行費の無償化に関する条例に賛成の立場から討論を行います,supported,ed27cb2b36200ae23e16d612a5e62f65d911f1637d9cb58cb9f959add23083c3
shinjuku-2026-r2-giin-7,normal,content,G7-N-16,本会議の討論はさわいめぐみ議員の1件で終わり、反対の立場からの討論はなかった,https://ssp.kaigiroku.net/tenant/shinjuku/MinuteView.html?council_id=3193&schedule_id=4&minute_id=77,e66066cd5887f008b62245492e1558cc80dc10f2467b7e9c58a12d73b4ead7c7,本会議 6月19日 議長,以上で討論は終わりました,supported,ed27cb2b36200ae23e16d612a5e62f65d911f1637d9cb58cb9f959add23083c3
shinjuku-2026-r2-giin-7,normal,content,G7-N-17,さわいめぐみ議員の会派は採決時「れいわ新選組 新宿」（令和8年8月7日に名称変更）,https://www.city.shinjuku.lg.jp/kusei/file08_00003.html,5b6184d6f8102605b4c6470e4f330d5daa7fad29e5dbd898f7bda562d6ad2380,会派構成,いのちの党新宿（1人）[幹事長・会計]さわいめぐみ※令和8年8月7日付けで会派名称を「れいわ新選組新宿」から「いのちの党新宿」に変更しました,supported,ed27cb2b36200ae23e16d612a5e62f65d911f1637d9cb58cb9f959add23083c3
shinjuku-2026-r2-giin-7,normal,content,G7-N-18,近藤なつ子議員は日本共産党新宿区議会議員団に所属,https://www.city.shinjuku.lg.jp/kusei/file08_00003.html,5b6184d6f8102605b4c6470e4f330d5daa7fad29e5dbd898f7bda562d6ad2380,会派構成,日本共産党新宿区議会議員団（7人）[団長]沢田あゆみ[副団長]近藤なつ子,supported,ed27cb2b36200ae23e16d612a5e62f65d911f1637d9cb58cb9f959add23083c3
shinjuku-2026-r2-giin-7,normal,content,G7-N-19,提出者の杉山直子議員が委員会で条例案を説明した,https://ssp.kaigiroku.net/tenant/shinjuku/MinuteView.html?council_id=3190&schedule_id=1&minute_id=124,4ad4301817856103e74740ccc26ef22e11967c9ae240744f44d381c705e67cba,文教子ども家庭委員会 6月12日 杉山直子議員,議員提出議案第７号　新宿区立学校における学用品の給付に関する条例案について、提出者を代表して御説明します,supported,ed27cb2b36200ae23e16d612a5e62f65d911f1637d9cb58cb9f959add23083c3
shinjuku-2026-r2-giin-7,normal,content,G7-N-20,第1条は区立小・中学校の児童・生徒が使う学用品の給付による保護者負担の軽減と教育の機会均等を目的とする,https://ssp.kaigiroku.net/tenant/shinjuku/MinuteView.html?council_id=3190&schedule_id=1&minute_id=124,4ad4301817856103e74740ccc26ef22e11967c9ae240744f44d381c705e67cba,文教子ども家庭委員会 6月12日 杉山直子議員,新宿区立小学校及び中学校（以下、「区立学校」という）に在籍する児童及び生徒（以下、「児童・生徒」という）が使用する学用品を給付することにより、保護者の経済的負担を軽減し、もって教育の機会均等を図ることを目的としています,supported,ed27cb2b36200ae23e16d612a5e62f65d911f1637d9cb58cb9f959add23083c3
shinjuku-2026-r2-giin-7,normal,content,G7-N-21,第2条は学用品を補助教材、教科指導に必要な用具、教育委員会が必要と認める教材と定める,https://ssp.kaigiroku.net/tenant/shinjuku/MinuteView.html?council_id=3190&schedule_id=1&minute_id=124,4ad4301817856103e74740ccc26ef22e11967c9ae240744f44d381c705e67cba,文教子ども家庭委員会 6月12日 杉山直子議員,学用品を１、ドリル、ワークブック、プリント教材等の補助教材、２、書道用具、絵画用具、彫刻等などの教科指導に必要な用具、３、その他新宿区教育委員会…が、１、２に準ずるものとして必要と認める教材と定めています,supported,ed27cb2b36200ae23e16d612a5e62f65d911f1637d9cb58cb9f959add23083c3
shinjuku-2026-r2-giin-7,normal,content,G7-N-22,第3条は区立学校に在籍する児童・生徒を対象とする,https://ssp.kaigiroku.net/tenant/shinjuku/MinuteView.html?council_id=3190&schedule_id=1&minute_id=124,4ad4301817856103e74740ccc26ef22e11967c9ae240744f44d381c705e67cba,文教子ども家庭委員会 6月12日 杉山直子議員,区立学校に在籍する児童・生徒を対象とします,supported,ed27cb2b36200ae23e16d612a5e62f65d911f1637d9cb58cb9f959add23083c3
shinjuku-2026-r2-giin-7,normal,content,G7-N-23,第4条は教育委員会が校長に購入経費を交付する方法で給付する,https://ssp.kaigiroku.net/tenant/shinjuku/MinuteView.html?council_id=3190&schedule_id=1&minute_id=124,4ad4301817856103e74740ccc26ef22e11967c9ae240744f44d381c705e67cba,文教子ども家庭委員会 6月12日 杉山直子議員,教育委員会が区立学校の校長に対し、学用品の購入に必要な経費を交付する方法により行うとしています,supported,ed27cb2b36200ae23e16d612a5e62f65d911f1637d9cb58cb9f959add23083c3
shinjuku-2026-r2-giin-7,normal,content,G7-N-24,第5条は経費の範囲を定める,https://ssp.kaigiroku.net/tenant/shinjuku/MinuteView.html?council_id=3190&schedule_id=1&minute_id=124,4ad4301817856103e74740ccc26ef22e11967c9ae240744f44d381c705e67cba,文教子ども家庭委員会 6月12日 杉山直子議員,１、学用品の購入（追加の購入を含む）に要する費用、２、その他教育委員会が前号に準ずる費用として範囲を定めています,supported,ed27cb2b36200ae23e16d612a5e62f65d911f1637d9cb58cb9f959add23083c3
shinjuku-2026-r2-giin-7,normal,content,G7-N-25,第6条は校長の帳簿整備と管理を定める,https://ssp.kaigiroku.net/tenant/shinjuku/MinuteView.html?council_id=3190&schedule_id=1&minute_id=124,4ad4301817856103e74740ccc26ef22e11967c9ae240744f44d381c705e67cba,文教子ども家庭委員会 6月12日 杉山直子議員,校長は、学用品の購入及び給付に関する帳簿その他書類を整備し、適正に管理しなければならないことを定めています,supported,ed27cb2b36200ae23e16d612a5e62f65d911f1637d9cb58cb9f959add23083c3
shinjuku-2026-r2-giin-7,normal,content,G7-N-26,第7条は委任,https://ssp.kaigiroku.net/tenant/shinjuku/MinuteView.html?council_id=3190&schedule_id=1&minute_id=124,4ad4301817856103e74740ccc26ef22e11967c9ae240744f44d381c705e67cba,文教子ども家庭委員会 6月12日 杉山直子議員,第７条は委任について規定しています,supported,ed27cb2b36200ae23e16d612a5e62f65d911f1637d9cb58cb9f959add23083c3
shinjuku-2026-r2-giin-7,normal,content,G7-N-27,施行日は令和9年4月1日,https://ssp.kaigiroku.net/tenant/shinjuku/MinuteView.html?council_id=3190&schedule_id=1&minute_id=124,4ad4301817856103e74740ccc26ef22e11967c9ae240744f44d381c705e67cba,文教子ども家庭委員会 6月12日 杉山直子議員,附則は施行日を令和９年４月１日と定めています,supported,ed27cb2b36200ae23e16d612a5e62f65d911f1637d9cb58cb9f959add23083c3
shinjuku-2026-r2-giin-7,normal,content,G7-N-28,提出者は公教育の質と公平性を高め、教職員の集金等の事務負担軽減にも資すると説明した,https://ssp.kaigiroku.net/tenant/shinjuku/MinuteView.html?council_id=3193&schedule_id=3&minute_id=187,a3e855306ee9378a0f9e327d45d9762c9956e0202be5f25bb5a0b5ad849fa16d,本会議 6月11日 提案説明（高月まな議員）,義務教育としての公教育の質と公平性を高めるとともに、教職員の集金等の事務負担軽減にも資すると考えます,supported,ed27cb2b36200ae23e16d612a5e62f65d911f1637d9cb58cb9f959add23083c3
shinjuku-2026-r2-giin-7,normal,content,G7-N-29,23区で学用品の無償化は11区、修学旅行の無償化は12区、一部補助は4区,https://ssp.kaigiroku.net/tenant/shinjuku/MinuteView.html?council_id=3193&schedule_id=3&minute_id=187,a3e855306ee9378a0f9e327d45d9762c9956e0202be5f25bb5a0b5ad849fa16d,本会議 6月11日 提案説明（高月まな議員）,学用品の無償化を行う区は11区、修学旅行の無償化は12区、修学旅行の一部補助を行う区は４区に広がっています,supported,ed27cb2b36200ae23e16d612a5e62f65d911f1637d9cb58cb9f959add23083c3
shinjuku-2026-r2-giin-7,normal,content,G7-N-30,第1回定例会でも同様の提案を行った,https://ssp.kaigiroku.net/tenant/shinjuku/MinuteView.html?council_id=3193&schedule_id=3&minute_id=187,a3e855306ee9378a0f9e327d45d9762c9956e0202be5f25bb5a0b5ad849fa16d,本会議 6月11日 提案説明（高月まな議員）,本年第１回定例会でも同様の提案を行いましたが,supported,ed27cb2b36200ae23e16d612a5e62f65d911f1637d9cb58cb9f959add23083c3
shinjuku-2026-r2-giin-7,normal,content,G7-N-31,第1回定例会の条例案から条文に変更はない（山口かおる委員の問いへの答え）,https://ssp.kaigiroku.net/tenant/shinjuku/MinuteView.html?council_id=3190&schedule_id=1&minute_id=144,507746c19b4031ab84e23e8d0ef34a9c219ee04db5f8cbb50b87f45cadc926e7,文教子ども家庭委員会 6月12日 佐藤佳一議員,変更はありません,supported,ed27cb2b36200ae23e16d612a5e62f65d911f1637d9cb58cb9f959add23083c3
shinjuku-2026-r2-giin-7,normal,content,G7-N-32,山口かおる委員が第7号の条文に変更がないか確認した,https://ssp.kaigiroku.net/tenant/shinjuku/MinuteView.html?council_id=3190&schedule_id=1&minute_id=143,75c30813f6326fcb0fa9e309936139e5550dd85561551987117f83a82a1194f7,文教子ども家庭委員会 6月12日 山口かおる委員,前回、第１回定例会の３月の時点からのこの条文、条例に関しての内容としては、特に変更がないということでよろしいでしょうか,supported,ed27cb2b36200ae23e16d612a5e62f65d911f1637d9cb58cb9f959add23083c3
shinjuku-2026-r2-giin-7,normal,content,G7-N-33,区立に通う割合は小学校で75%程度、中学校で5割から6割,https://ssp.kaigiroku.net/tenant/shinjuku/MinuteView.html?council_id=3190&schedule_id=1&minute_id=129,ade0007f8ff3ee8e04f42728ba967dca05a966d47f945d994a1dcece1ebf82a8,文教子ども家庭委員会 6月12日 学校運営課長,小学校においては大体７割、75％から80％程度と、75％程度になってくるかと思います…中学校については、５割から６割,supported,ed27cb2b36200ae23e16d612a5e62f65d911f1637d9cb58cb9f959add23083c3
shinjuku-2026-r2-giin-7,normal,content,G7-N-34,渡辺やすし委員は私立・国立に通う子どもが対象外になる点を質した,https://ssp.kaigiroku.net/tenant/shinjuku/MinuteView.html?council_id=3190&schedule_id=1&minute_id=130,6a1d5605e6fc9945d438f8279281fb975772d724f711949a50f3986155e0dca9,文教子ども家庭委員会 6月12日 渡辺やすし委員,私立、国立と、区立に通っていない人は対象外ですよね,supported,ed27cb2b36200ae23e16d612a5e62f65d911f1637d9cb58cb9f959add23083c3
shinjuku-2026-r2-giin-7,normal,content,G7-N-35,提出者は、国の財源を使うことと他区も公立だけであることから公立に限ったと答えた,https://ssp.kaigiroku.net/tenant/shinjuku/MinuteView.html?council_id=3190&schedule_id=1&minute_id=131,a7375cfc9d964deeb0d5d9c9f9547aa7061f5b49e1553c103afe8cec56546f55,文教子ども家庭委員会 6月12日 佐藤佳一議員,国から来る給食費の小学校の半額分、３億円以上、この財源を使って取りあえず公立の小・中学生にしたい…残念ながら、公立だけなんですね。なので、取りあえず今回は公立に限ってという提案,supported,ed27cb2b36200ae23e16d612a5e62f65d911f1637d9cb58cb9f959add23083c3
shinjuku-2026-r2-giin-7,normal,content,G7-N-36,山口かおる委員は経費の上限が定められていない点への懸念を示した,https://ssp.kaigiroku.net/tenant/shinjuku/MinuteView.html?council_id=3190&schedule_id=1&minute_id=149,a4308b08a283f586e6c33dd8b70f3ce85a66eeead03bd5294f1e4f72290eb053,文教子ども家庭委員会 6月12日 山口かおる委員,今回、経費に関しては、特にそういった上限がない,supported,ed27cb2b36200ae23e16d612a5e62f65d911f1637d9cb58cb9f959add23083c3
shinjuku-2026-r2-giin-7,normal,content,G7-N-37,山口かおる委員は経費の上限が決められていない点を挙げた,https://ssp.kaigiroku.net/tenant/shinjuku/MinuteView.html?council_id=3190&schedule_id=1&minute_id=145,26ad7b170e4601b42ffb304a87de5d2a32e88cac4fb9860d5e8438c7d446a890,文教子ども家庭委員会 6月12日 山口かおる委員,経費の上限が決められていない,supported,ed27cb2b36200ae23e16d612a5e62f65d911f1637d9cb58cb9f959add23083c3
shinjuku-2026-r2-giin-7,normal,content,G7-N-38,提出者は1人当たりで積算して予算化していると答えた,https://ssp.kaigiroku.net/tenant/shinjuku/MinuteView.html?council_id=3190&schedule_id=1&minute_id=150,5c92b5ad3d799f17a45cfd862559e696af0665ef0d421e6be52452810225db84,文教子ども家庭委員会 6月12日 佐藤佳一議員,１人当たり幾らというふうに、細かく計算して、先ほど言った金額を想定というか、予算化している,supported,ed27cb2b36200ae23e16d612a5e62f65d911f1637d9cb58cb9f959add23083c3
shinjuku-2026-r2-giin-7,normal,content,G7-N-39,おやまだ静香委員は国・都からのお金の継続性と、財源・優先順位の説明の必要を会派の意見として述べた,https://ssp.kaigiroku.net/tenant/shinjuku/MinuteView.html?council_id=3190&schedule_id=1&minute_id=157,2a9289375bb91350fb92e6755d248d7a9057068a4278150fb7655d499f7ccbef,文教子ども家庭委員会 6月12日 おやまだ静香委員,国とか都から下りてくるそのお金というのが、ずっと継続的にあるのかどうかというところも、確実なものではない可能性もある…何を削って財源をどう確保するのか、優先順位をどうつけていくのか…これは会派としての意見でございます,supported,ed27cb2b36200ae23e16d612a5e62f65d911f1637d9cb58cb9f959add23083c3
shinjuku-2026-r2-giin-7,normal,content,G7-N-40,渡辺やすし委員は施行日を令和9年4月1日とした理由を質した,https://ssp.kaigiroku.net/tenant/shinjuku/MinuteView.html?council_id=3190&schedule_id=1&minute_id=132,28d08c851a5f5504109fbaa4c690b3227cd9cf220950d0aed0f04a2cad60d300,文教子ども家庭委員会 6月12日 渡辺やすし委員,なぜ４月１日なんですか,supported,ed27cb2b36200ae23e16d612a5e62f65d911f1637d9cb58cb9f959add23083c3
shinjuku-2026-r2-giin-7,normal,content,G7-N-41,提出者は準備と周知の必要を理由に挙げた,https://ssp.kaigiroku.net/tenant/shinjuku/MinuteView.html?council_id=3190&schedule_id=1&minute_id=133,cdbade87032b8a92c4f03ef92e9aa51adc693fe7749b734a74fcad4abb291343,文教子ども家庭委員会 6月12日 佐藤佳一議員,いろんな準備ですとか、周知の必要もありますし、それで来年４月１日というふうに考えております,supported,ed27cb2b36200ae23e16d612a5e62f65d911f1637d9cb58cb9f959add23083c3
shinjuku-2026-r2-giin-7,normal,content,G7-N-42,渡辺やすし委員は政策の優先度を評価しつつ、国からのお金でなく歳出改革で財源をつくるべきとして反対し、改めて提案したいと述べた,https://ssp.kaigiroku.net/tenant/shinjuku/MinuteView.html?council_id=3190&schedule_id=2&minute_id=11,c6e940a8a4789afd789c0a72875601222e3a41610314dfdabd07c14e1b3e9d48,文教子ども家庭委員会 6月15日 渡辺やすし委員（討論）,ほかの政策に優先すべきプライオリティのあることだと思っています…意義深いことだなと思っています…国から下りてくるお金ということではなくて、新宿区の事務事業をしっかりと歳出改革して、財源をつくり出して、この学用品給付の財源を手当てするというのが本寸法かなと私は思っています…改めて学用品と修学旅行の無償化について私から提案したいと思っています。　よって、この条例には反対します,supported,ed27cb2b36200ae23e16d612a5e62f65d911f1637d9cb58cb9f959add23083c3
shinjuku-2026-r2-giin-7,normal,content,G7-N-43,渡辺やすし委員は入ってきたお金を当てにするのではなく歳出改革で財源を見つけるべきとした,https://ssp.kaigiroku.net/tenant/shinjuku/MinuteView.html?council_id=3190&schedule_id=1&minute_id=140,219acf37cd7e1375124767b67f6ad413942bbdf872e0c44e5d6191f24f1ed286,文教子ども家庭委員会 6月12日 渡辺やすし委員,入ってきたお金を当てにするというのではなくて,supported,ed27cb2b36200ae23e16d612a5e62f65d911f1637d9cb58cb9f959add23083c3
shinjuku-2026-r2-giin-7,normal,content,G7-N-44,近藤なつ子副委員長は、国庫負担分は来年度以降も続くと考えるのが筋で子どものために使うべき、保護者と教員の負担を減らせるとして賛成した,https://ssp.kaigiroku.net/tenant/shinjuku/MinuteView.html?council_id=3190&schedule_id=2&minute_id=13,645e5def0107bd2c73d291f0032a79cadf8d4abf3eadc409f37f46c91d111269,文教子ども家庭委員会 6月15日 近藤なつ子副委員長（討論）,教育活動に必要な学用品を給付するということで、賛成をいたします…今年度限りの予算ではなく、来年度以降も続くものだというふうに考えるのが筋…子どものために使う…教員の負担も減らしていく,supported,ed27cb2b36200ae23e16d612a5e62f65d911f1637d9cb58cb9f959add23083c3
shinjuku-2026-r2-giin-7,normal,content,G7-N-45,近藤なつ子副委員長の討論のあと、ほかに発言はなかった,https://ssp.kaigiroku.net/tenant/shinjuku/MinuteView.html?council_id=3190&schedule_id=2&minute_id=14,9f0656cf09abe7d25dd45814e112786ff0f2ab7dadb22c6273a78277a5f0e41a,文教子ども家庭委員会 6月15日 委員長,ほかに御発言のある方。　　　　　　〔発言する者なし〕,supported,ed27cb2b36200ae23e16d612a5e62f65d911f1637d9cb58cb9f959add23083c3
shinjuku-2026-r2-giin-7,normal,content,G7-N-46,第7号の委員会討論は渡辺やすし委員（反対）と近藤なつ子副委員長（賛成）の2名で終わった,https://ssp.kaigiroku.net/tenant/shinjuku/MinuteView.html?council_id=3190&schedule_id=2&minute_id=15,6fd286816e6c972e650715349ac686b15b8064db8de36da7ba4b14b526307388,文教子ども家庭委員会 6月15日 委員長,以上で討論は終わりました。　それでは、議員提出議案第７号について起立により採決を行います,supported,ed27cb2b36200ae23e16d612a5e62f65d911f1637d9cb58cb9f959add23083c3
shinjuku-2026-r2-giin-7,normal,content,G7-N-47,委員会は第7号を起立少数で否決すべきものと決定した,https://ssp.kaigiroku.net/tenant/shinjuku/MinuteView.html?council_id=3190&schedule_id=2&minute_id=16,70e0daa42b6285444180ecf2d944ea24878d96437c8832e56605e1533fde2053,文教子ども家庭委員会 6月15日 委員長,起立少数と認めます。　よって、議員提出議案第７号は否決すべきものと決定いたしました,supported,ed27cb2b36200ae23e16d612a5e62f65d911f1637d9cb58cb9f959add23083c3
shinjuku-2026-r2-giin-7,normal,content,G7-N-48,近藤なつ子副委員長が少数意見を留保した,https://ssp.kaigiroku.net/tenant/shinjuku/MinuteView.html?council_id=3190&schedule_id=2&minute_id=17,7a43dfae8a1c90a03c62ba4d564ece290574b60a83b2b883f95fcf92fe36ffc8,文教子ども家庭委員会 6月15日 近藤なつ子副委員長,ただいまの委員会決定に少数意見を留保いたします,supported,ed27cb2b36200ae23e16d612a5e62f65d911f1637d9cb58cb9f959add23083c3
shinjuku-2026-r2-giin-7,normal,content,G7-N-49,本会議は第7号を起立少数で否決した,https://ssp.kaigiroku.net/tenant/shinjuku/MinuteView.html?council_id=3193&schedule_id=4&minute_id=78,7606a4d1cc1a23644295c8ea48bf09d90f50d3e7702dd3c9fc06167874e70fb3,本会議 6月19日 議長,起立少数と認めます。　本案は、否決されました,supported,ed27cb2b36200ae23e16d612a5e62f65d911f1637d9cb58cb9f959add23083c3
shinjuku-2026-r2-giin-7,normal,content,G7-N-50,渡辺やすし委員は現役世代に優しい新宿・減税の会に所属（令和7年4月1日以降）,https://www.city.shinjuku.lg.jp/kusei/file08_00003.html,5b6184d6f8102605b4c6470e4f330d5daa7fad29e5dbd898f7bda562d6ad2380,会派構成,現役世代に優しい新宿・減税の会（2人）[幹事長]田中ゆきえ[副幹事長・会計]渡辺やすし※令和7年4月1日付けで会派名称と所属議員に変更がありました,supported,ed27cb2b36200ae23e16d612a5e62f65d911f1637d9cb58cb9f959add23083c3
shinjuku-2026-r2-giin-7,normal,content,G7-N-51,学用品は現在、必要な部分が保護者負担で購入されている,https://ssp.kaigiroku.net/tenant/shinjuku/MinuteView.html?council_id=3190&schedule_id=2&minute_id=13,645e5def0107bd2c73d291f0032a79cadf8d4abf3eadc409f37f46c91d111269,文教子ども家庭委員会 6月15日 近藤なつ子副委員長,まだ必要な部分については保護者負担で学用品は購入されている,supported,ed27cb2b36200ae23e16d612a5e62f65d911f1637d9cb58cb9f959add23083c3
shinjuku-2026-r2-giin-7,hard,title,G7-H-01,件名は「新宿区立学校における学用品の給付に関する条例」,https://www.city.shinjuku.lg.jp/content/000459252.pdf,14afb68aedc9c04d403ea2156c535ec7fabebe3cdccd04217df5bfd8648faa8d,議案の概要と審議結果 議員提出議案,新宿区立学校における学用品の給付に関する条例,supported,1a46c1e8a416d263479950a89e925f14d328607b9a423af63a7d9bfb89a61989
shinjuku-2026-r2-giin-7,hard,summary,G7-H-02,日本共産党新宿区議会議員団とれいわ新選組 新宿の2会派、実質8名が提案した,https://ssp.kaigiroku.net/tenant/shinjuku/MinuteView.html?council_id=3193&schedule_id=3&minute_id=187,a3e855306ee9378a0f9e327d45d9762c9956e0202be5f25bb5a0b5ad849fa16d,本会議 6月11日 提案説明（高月まな議員）,日本共産党新宿区議会議員団と、れいわ新選組　新宿の２会派、実質８名により提案をいたしました,supported,1a46c1e8a416d263479950a89e925f14d328607b9a423af63a7d9bfb89a61989
shinjuku-2026-r2-giin-7,hard,summary,G7-H-03,保護者の経済的負担を軽減し教育の機会均等を図るため、区立学校で教育活動に必要な学用品を給付する,https://www.city.shinjuku.lg.jp/content/000459252.pdf,14afb68aedc9c04d403ea2156c535ec7fabebe3cdccd04217df5bfd8648faa8d,議案の概要と審議結果 議員提出議案,保護者の経済的負担を軽減し、教育の機会均等を図る必要があるため、区立学校における教育活動に必要な学用品を給付する。,supported,1a46c1e8a416d263479950a89e925f14d328607b9a423af63a7d9bfb89a61989
shinjuku-2026-r2-giin-7,hard,summary,G7-H-04,委員会は第7号を起立少数で否決すべきものと決定した,https://ssp.kaigiroku.net/tenant/shinjuku/MinuteView.html?council_id=3190&schedule_id=2&minute_id=16,70e0daa42b6285444180ecf2d944ea24878d96437c8832e56605e1533fde2053,文教子ども家庭委員会 6月15日 委員長,起立少数と認めます。　よって、議員提出議案第７号は否決すべきものと決定いたしました,supported,1a46c1e8a416d263479950a89e925f14d328607b9a423af63a7d9bfb89a61989
shinjuku-2026-r2-giin-7,hard,summary,G7-H-05,本会議は第7号を起立少数で否決した,https://ssp.kaigiroku.net/tenant/shinjuku/MinuteView.html?council_id=3193&schedule_id=4&minute_id=78,7606a4d1cc1a23644295c8ea48bf09d90f50d3e7702dd3c9fc06167874e70fb3,本会議 6月19日 議長,起立少数と認めます。　本案は、否決されました,supported,1a46c1e8a416d263479950a89e925f14d328607b9a423af63a7d9bfb89a61989
shinjuku-2026-r2-giin-7,hard,content,G7-H-06,日本共産党新宿区議会議員団とれいわ新選組 新宿の2会派、実質8名が提案した,https://ssp.kaigiroku.net/tenant/shinjuku/MinuteView.html?council_id=3193&schedule_id=3&minute_id=187,a3e855306ee9378a0f9e327d45d9762c9956e0202be5f25bb5a0b5ad849fa16d,本会議 6月11日 提案説明（高月まな議員）,日本共産党新宿区議会議員団と、れいわ新選組　新宿の２会派、実質８名により提案をいたしました,supported,1a46c1e8a416d263479950a89e925f14d328607b9a423af63a7d9bfb89a61989
shinjuku-2026-r2-giin-7,hard,content,G7-H-07,第7・8号は文教子ども家庭委員会に付託された,https://ssp.kaigiroku.net/tenant/shinjuku/MinuteView.html?council_id=3193&schedule_id=3&minute_id=188,2a92a45db9a6dce4ad1296b5a958dd2b07d17dd7900c964b0958ec843909ec42,本会議 6月11日 議長,議員提出議案第７号及び議員提出議案第８号は、議案付託表のとおり、文教子ども家庭委員会に付託します,supported,1a46c1e8a416d263479950a89e925f14d328607b9a423af63a7d9bfb89a61989
shinjuku-2026-r2-giin-7,hard,content,G7-H-08,会議録本文は条例案の条文を載せず「巻末議案の部参照」とだけ記す,https://ssp.kaigiroku.net/tenant/shinjuku/MinuteView.html?council_id=3193&schedule_id=3&minute_id=185,1d2c9397808beb08d1eb1a043b510e8222d59416d75184c616a3eef097e76a18,本会議 6月11日 議題,〔巻末議案の部参照〕,supported,1a46c1e8a416d263479950a89e925f14d328607b9a423af63a7d9bfb89a61989
shinjuku-2026-r2-giin-7,hard,content,G7-H-09,会期ページは第7・8号の件名だけを載せ、条例案の全文を掲載していない,https://www.city.shinjuku.lg.jp/kusei/file08_05_0003820210204_00014.html,6b649b44d5a36dc3ab890a6bc2d30fb82536fd9edcbba53274cc648aa0a3f376,議会公式 会期ページ,議員提出議案第7号新宿区立学校における学用品の給付に関する条例…議員提出議案第8号新宿区立学校における修学旅行費の無償化に関する条例,supported,1a46c1e8a416d263479950a89e925f14d328607b9a423af63a7d9bfb89a61989
shinjuku-2026-r2-giin-7,hard,content,G7-H-10,"提出者は費用を学用品費2億3,803万7,000円、修学旅行費5,657万2,000円、合計2億9,461万2,000円と説明した",https://ssp.kaigiroku.net/tenant/shinjuku/MinuteView.html?council_id=3190&schedule_id=1&minute_id=137,e55807601218813162f0b6c6eeb757d6e0b78ceecb30e2eac58fed85b158c80d,文教子ども家庭委員会 6月12日 佐藤佳一議員,"学用品費が２億3,803万7,000円、修学旅行費が中学３年生5,657万2,000円というふうに、合計が２億9,461万2,000円です",supported,1a46c1e8a416d263479950a89e925f14d328607b9a423af63a7d9bfb89a61989
shinjuku-2026-r2-giin-7,hard,content,G7-H-11,提出者は財源に国の公立学校給食負担軽減事業による歳入（3億円以上）を挙げ、ほぼ賄えるとした,https://ssp.kaigiroku.net/tenant/shinjuku/MinuteView.html?council_id=3190&schedule_id=1&minute_id=137,e55807601218813162f0b6c6eeb757d6e0b78ceecb30e2eac58fed85b158c80d,文教子ども家庭委員会 6月12日 佐藤佳一議員,国がやっている公立学校給食負担軽減事業費というのがあります…３億円以上という金額が入ってきますので、逆にお釣りが来るぐらいの、ほぼ賄える,supported,1a46c1e8a416d263479950a89e925f14d328607b9a423af63a7d9bfb89a61989
shinjuku-2026-r2-giin-7,hard,content,G7-H-12,"学校運営課長は、給食無償化の国の助成金で交付申請額7億5,600万円、令和7・8年度の差額3億9,000万円程度の見込み、当初予算で想定していない歳入で別の使い道は特段検討していないと答えた",https://ssp.kaigiroku.net/tenant/shinjuku/MinuteView.html?council_id=3190&schedule_id=1&minute_id=139,300529ce709a5abd7b95aaae343b9d5bffd3e0f1e5b93d9223308e8fa4ab8905,文教子ども家庭委員会 6月12日 学校運営課長,"国のほうが小学校の給食無償化というところで、助成金の予算をつけていただいたものになります…交付申請が７億5,600万円…３億9,000万円程度が見込まれる…当初想定をして予算計上していなかったもの…別の使い道といったところは特段検討していない",supported,1a46c1e8a416d263479950a89e925f14d328607b9a423af63a7d9bfb89a61989
shinjuku-2026-r2-giin-7,hard,content,G7-H-13,委員会の審査報告は第7・8号とも否決,https://ssp.kaigiroku.net/tenant/shinjuku/MinuteView.html?council_id=3193&schedule_id=4&minute_id=73,ba10037585e08e29985fcc017d699a1b467dfcebb4938ee20e8c83b5d928b5ac,本会議 6月19日 議長,文教子ども家庭委員会審査報告書は、いずれも否決です,supported,1a46c1e8a416d263479950a89e925f14d328607b9a423af63a7d9bfb89a61989
shinjuku-2026-r2-giin-7,hard,content,G7-H-14,本会議で近藤なつ子議員が少数意見を報告した,https://ssp.kaigiroku.net/tenant/shinjuku/MinuteView.html?council_id=3193&schedule_id=4&minute_id=74,8bc3b3d362889d39a1d2f6b1fc71417d031c6694ee8c40edb6e15e06c1c9ab6b,本会議 6月19日 近藤なつ子議員（少数意見報告）,文教子ども家庭委員会において、私、近藤なつ子は賛成し、少数意見を留保いたしましたので報告いたします,supported,1a46c1e8a416d263479950a89e925f14d328607b9a423af63a7d9bfb89a61989
shinjuku-2026-r2-giin-7,hard,content,G7-H-15,本会議でさわいめぐみ議員（れいわ新選組 新宿）が第7・8号に賛成の立場から討論した,https://ssp.kaigiroku.net/tenant/shinjuku/MinuteView.html?council_id=3193&schedule_id=4&minute_id=76,83b0af115a6ceaa61ab3f4b8ca2480d2c1b1808252abb136704a5995d2b7c1f6,本会議 6月19日 さわいめぐみ議員,れいわ新選組　新宿のさわいめぐみです。…議員提出議案第７号　新宿区立学校における学用品の給付に関する条例及び議員提出議案第８号　新宿区立学校における修学旅行費の無償化に関する条例に賛成の立場から討論を行います,supported,1a46c1e8a416d263479950a89e925f14d328607b9a423af63a7d9bfb89a61989
shinjuku-2026-r2-giin-7,hard,content,G7-H-16,本会議の討論はさわいめぐみ議員の1件で終わり、反対の立場からの討論はなかった,https://ssp.kaigiroku.net/tenant/shinjuku/MinuteView.html?council_id=3193&schedule_id=4&minute_id=77,e66066cd5887f008b62245492e1558cc80dc10f2467b7e9c58a12d73b4ead7c7,本会議 6月19日 議長,以上で討論は終わりました,supported,1a46c1e8a416d263479950a89e925f14d328607b9a423af63a7d9bfb89a61989
shinjuku-2026-r2-giin-7,hard,content,G7-H-17,さわいめぐみ議員の会派は採決時「れいわ新選組 新宿」（令和8年8月7日に名称変更）,https://www.city.shinjuku.lg.jp/kusei/file08_00003.html,5b6184d6f8102605b4c6470e4f330d5daa7fad29e5dbd898f7bda562d6ad2380,会派構成,いのちの党新宿（1人）[幹事長・会計]さわいめぐみ※令和8年8月7日付けで会派名称を「れいわ新選組新宿」から「いのちの党新宿」に変更しました,supported,1a46c1e8a416d263479950a89e925f14d328607b9a423af63a7d9bfb89a61989
shinjuku-2026-r2-giin-7,hard,content,G7-H-18,近藤なつ子議員は日本共産党新宿区議会議員団に所属,https://www.city.shinjuku.lg.jp/kusei/file08_00003.html,5b6184d6f8102605b4c6470e4f330d5daa7fad29e5dbd898f7bda562d6ad2380,会派構成,日本共産党新宿区議会議員団（7人）[団長]沢田あゆみ[副団長]近藤なつ子,supported,1a46c1e8a416d263479950a89e925f14d328607b9a423af63a7d9bfb89a61989
shinjuku-2026-r2-giin-7,hard,content,G7-H-19,提出者の杉山直子議員が委員会で条例案を説明した,https://ssp.kaigiroku.net/tenant/shinjuku/MinuteView.html?council_id=3190&schedule_id=1&minute_id=124,4ad4301817856103e74740ccc26ef22e11967c9ae240744f44d381c705e67cba,文教子ども家庭委員会 6月12日 杉山直子議員,議員提出議案第７号　新宿区立学校における学用品の給付に関する条例案について、提出者を代表して御説明します,supported,1a46c1e8a416d263479950a89e925f14d328607b9a423af63a7d9bfb89a61989
shinjuku-2026-r2-giin-7,hard,content,G7-H-20,第1条は区立小・中学校の児童・生徒が使う学用品の給付による保護者負担の軽減と教育の機会均等を目的とする,https://ssp.kaigiroku.net/tenant/shinjuku/MinuteView.html?council_id=3190&schedule_id=1&minute_id=124,4ad4301817856103e74740ccc26ef22e11967c9ae240744f44d381c705e67cba,文教子ども家庭委員会 6月12日 杉山直子議員,新宿区立小学校及び中学校（以下、「区立学校」という）に在籍する児童及び生徒（以下、「児童・生徒」という）が使用する学用品を給付することにより、保護者の経済的負担を軽減し、もって教育の機会均等を図ることを目的としています,supported,1a46c1e8a416d263479950a89e925f14d328607b9a423af63a7d9bfb89a61989
shinjuku-2026-r2-giin-7,hard,content,G7-H-21,第2条は学用品を補助教材、教科指導に必要な用具、教育委員会が必要と認める教材と定める,https://ssp.kaigiroku.net/tenant/shinjuku/MinuteView.html?council_id=3190&schedule_id=1&minute_id=124,4ad4301817856103e74740ccc26ef22e11967c9ae240744f44d381c705e67cba,文教子ども家庭委員会 6月12日 杉山直子議員,学用品を１、ドリル、ワークブック、プリント教材等の補助教材、２、書道用具、絵画用具、彫刻等などの教科指導に必要な用具、３、その他新宿区教育委員会…が、１、２に準ずるものとして必要と認める教材と定めています,supported,1a46c1e8a416d263479950a89e925f14d328607b9a423af63a7d9bfb89a61989
shinjuku-2026-r2-giin-7,hard,content,G7-H-22,第3条は区立学校に在籍する児童・生徒を対象とする,https://ssp.kaigiroku.net/tenant/shinjuku/MinuteView.html?council_id=3190&schedule_id=1&minute_id=124,4ad4301817856103e74740ccc26ef22e11967c9ae240744f44d381c705e67cba,文教子ども家庭委員会 6月12日 杉山直子議員,区立学校に在籍する児童・生徒を対象とします,supported,1a46c1e8a416d263479950a89e925f14d328607b9a423af63a7d9bfb89a61989
shinjuku-2026-r2-giin-7,hard,content,G7-H-23,第4条は教育委員会が校長に購入経費を交付する方法で給付する,https://ssp.kaigiroku.net/tenant/shinjuku/MinuteView.html?council_id=3190&schedule_id=1&minute_id=124,4ad4301817856103e74740ccc26ef22e11967c9ae240744f44d381c705e67cba,文教子ども家庭委員会 6月12日 杉山直子議員,教育委員会が区立学校の校長に対し、学用品の購入に必要な経費を交付する方法により行うとしています,supported,1a46c1e8a416d263479950a89e925f14d328607b9a423af63a7d9bfb89a61989
shinjuku-2026-r2-giin-7,hard,content,G7-H-24,第5条は経費の範囲を定める,https://ssp.kaigiroku.net/tenant/shinjuku/MinuteView.html?council_id=3190&schedule_id=1&minute_id=124,4ad4301817856103e74740ccc26ef22e11967c9ae240744f44d381c705e67cba,文教子ども家庭委員会 6月12日 杉山直子議員,１、学用品の購入（追加の購入を含む）に要する費用、２、その他教育委員会が前号に準ずる費用として範囲を定めています,supported,1a46c1e8a416d263479950a89e925f14d328607b9a423af63a7d9bfb89a61989
shinjuku-2026-r2-giin-7,hard,content,G7-H-25,第6条は校長の帳簿整備と管理を定める,https://ssp.kaigiroku.net/tenant/shinjuku/MinuteView.html?council_id=3190&schedule_id=1&minute_id=124,4ad4301817856103e74740ccc26ef22e11967c9ae240744f44d381c705e67cba,文教子ども家庭委員会 6月12日 杉山直子議員,校長は、学用品の購入及び給付に関する帳簿その他書類を整備し、適正に管理しなければならないことを定めています,supported,1a46c1e8a416d263479950a89e925f14d328607b9a423af63a7d9bfb89a61989
shinjuku-2026-r2-giin-7,hard,content,G7-H-26,第7条は委任,https://ssp.kaigiroku.net/tenant/shinjuku/MinuteView.html?council_id=3190&schedule_id=1&minute_id=124,4ad4301817856103e74740ccc26ef22e11967c9ae240744f44d381c705e67cba,文教子ども家庭委員会 6月12日 杉山直子議員,第７条は委任について規定しています,supported,1a46c1e8a416d263479950a89e925f14d328607b9a423af63a7d9bfb89a61989
shinjuku-2026-r2-giin-7,hard,content,G7-H-27,施行日は令和9年4月1日,https://ssp.kaigiroku.net/tenant/shinjuku/MinuteView.html?council_id=3190&schedule_id=1&minute_id=124,4ad4301817856103e74740ccc26ef22e11967c9ae240744f44d381c705e67cba,文教子ども家庭委員会 6月12日 杉山直子議員,附則は施行日を令和９年４月１日と定めています,supported,1a46c1e8a416d263479950a89e925f14d328607b9a423af63a7d9bfb89a61989
shinjuku-2026-r2-giin-7,hard,content,G7-H-28,提出者は公教育の質と公平性を高め、教職員の集金等の事務負担軽減にも資すると説明した,https://ssp.kaigiroku.net/tenant/shinjuku/MinuteView.html?council_id=3193&schedule_id=3&minute_id=187,a3e855306ee9378a0f9e327d45d9762c9956e0202be5f25bb5a0b5ad849fa16d,本会議 6月11日 提案説明（高月まな議員）,義務教育としての公教育の質と公平性を高めるとともに、教職員の集金等の事務負担軽減にも資すると考えます,supported,1a46c1e8a416d263479950a89e925f14d328607b9a423af63a7d9bfb89a61989
shinjuku-2026-r2-giin-7,hard,content,G7-H-29,23区で学用品の無償化は11区、修学旅行の無償化は12区、一部補助は4区,https://ssp.kaigiroku.net/tenant/shinjuku/MinuteView.html?council_id=3193&schedule_id=3&minute_id=187,a3e855306ee9378a0f9e327d45d9762c9956e0202be5f25bb5a0b5ad849fa16d,本会議 6月11日 提案説明（高月まな議員）,学用品の無償化を行う区は11区、修学旅行の無償化は12区、修学旅行の一部補助を行う区は４区に広がっています,supported,1a46c1e8a416d263479950a89e925f14d328607b9a423af63a7d9bfb89a61989
shinjuku-2026-r2-giin-7,hard,content,G7-H-30,第1回定例会でも同様の提案を行った,https://ssp.kaigiroku.net/tenant/shinjuku/MinuteView.html?council_id=3193&schedule_id=3&minute_id=187,a3e855306ee9378a0f9e327d45d9762c9956e0202be5f25bb5a0b5ad849fa16d,本会議 6月11日 提案説明（高月まな議員）,本年第１回定例会でも同様の提案を行いましたが,supported,1a46c1e8a416d263479950a89e925f14d328607b9a423af63a7d9bfb89a61989
shinjuku-2026-r2-giin-7,hard,content,G7-H-31,第1回定例会の条例案から条文に変更はない（山口かおる委員の問いへの答え）,https://ssp.kaigiroku.net/tenant/shinjuku/MinuteView.html?council_id=3190&schedule_id=1&minute_id=144,507746c19b4031ab84e23e8d0ef34a9c219ee04db5f8cbb50b87f45cadc926e7,文教子ども家庭委員会 6月12日 佐藤佳一議員,変更はありません,supported,1a46c1e8a416d263479950a89e925f14d328607b9a423af63a7d9bfb89a61989
shinjuku-2026-r2-giin-7,hard,content,G7-H-32,山口かおる委員が第7号の条文に変更がないか確認した,https://ssp.kaigiroku.net/tenant/shinjuku/MinuteView.html?council_id=3190&schedule_id=1&minute_id=143,75c30813f6326fcb0fa9e309936139e5550dd85561551987117f83a82a1194f7,文教子ども家庭委員会 6月12日 山口かおる委員,前回、第１回定例会の３月の時点からのこの条文、条例に関しての内容としては、特に変更がないということでよろしいでしょうか,supported,1a46c1e8a416d263479950a89e925f14d328607b9a423af63a7d9bfb89a61989
shinjuku-2026-r2-giin-7,hard,content,G7-H-33,区立に通う割合は小学校で75%程度、中学校で5割から6割,https://ssp.kaigiroku.net/tenant/shinjuku/MinuteView.html?council_id=3190&schedule_id=1&minute_id=129,ade0007f8ff3ee8e04f42728ba967dca05a966d47f945d994a1dcece1ebf82a8,文教子ども家庭委員会 6月12日 学校運営課長,小学校においては大体７割、75％から80％程度と、75％程度になってくるかと思います…中学校については、５割から６割,supported,1a46c1e8a416d263479950a89e925f14d328607b9a423af63a7d9bfb89a61989
shinjuku-2026-r2-giin-7,hard,content,G7-H-34,渡辺やすし委員は私立・国立に通う子どもが対象外になる点を質した,https://ssp.kaigiroku.net/tenant/shinjuku/MinuteView.html?council_id=3190&schedule_id=1&minute_id=130,6a1d5605e6fc9945d438f8279281fb975772d724f711949a50f3986155e0dca9,文教子ども家庭委員会 6月12日 渡辺やすし委員,私立、国立と、区立に通っていない人は対象外ですよね,supported,1a46c1e8a416d263479950a89e925f14d328607b9a423af63a7d9bfb89a61989
shinjuku-2026-r2-giin-7,hard,content,G7-H-35,提出者は、国の財源を使うことと他区も公立だけであることから公立に限ったと答えた,https://ssp.kaigiroku.net/tenant/shinjuku/MinuteView.html?council_id=3190&schedule_id=1&minute_id=131,a7375cfc9d964deeb0d5d9c9f9547aa7061f5b49e1553c103afe8cec56546f55,文教子ども家庭委員会 6月12日 佐藤佳一議員,国から来る給食費の小学校の半額分、３億円以上、この財源を使って取りあえず公立の小・中学生にしたい…残念ながら、公立だけなんですね。なので、取りあえず今回は公立に限ってという提案,supported,1a46c1e8a416d263479950a89e925f14d328607b9a423af63a7d9bfb89a61989
shinjuku-2026-r2-giin-7,hard,content,G7-H-36,山口かおる委員は経費の上限が定められていない点への懸念を示した,https://ssp.kaigiroku.net/tenant/shinjuku/MinuteView.html?council_id=3190&schedule_id=1&minute_id=149,a4308b08a283f586e6c33dd8b70f3ce85a66eeead03bd5294f1e4f72290eb053,文教子ども家庭委員会 6月12日 山口かおる委員,今回、経費に関しては、特にそういった上限がない,supported,1a46c1e8a416d263479950a89e925f14d328607b9a423af63a7d9bfb89a61989
shinjuku-2026-r2-giin-7,hard,content,G7-H-37,山口かおる委員は経費の上限が決められていない点を挙げた,https://ssp.kaigiroku.net/tenant/shinjuku/MinuteView.html?council_id=3190&schedule_id=1&minute_id=145,26ad7b170e4601b42ffb304a87de5d2a32e88cac4fb9860d5e8438c7d446a890,文教子ども家庭委員会 6月12日 山口かおる委員,経費の上限が決められていない,supported,1a46c1e8a416d263479950a89e925f14d328607b9a423af63a7d9bfb89a61989
shinjuku-2026-r2-giin-7,hard,content,G7-H-38,提出者は1人当たりで積算して予算化していると答えた,https://ssp.kaigiroku.net/tenant/shinjuku/MinuteView.html?council_id=3190&schedule_id=1&minute_id=150,5c92b5ad3d799f17a45cfd862559e696af0665ef0d421e6be52452810225db84,文教子ども家庭委員会 6月12日 佐藤佳一議員,１人当たり幾らというふうに、細かく計算して、先ほど言った金額を想定というか、予算化している,supported,1a46c1e8a416d263479950a89e925f14d328607b9a423af63a7d9bfb89a61989
shinjuku-2026-r2-giin-7,hard,content,G7-H-39,おやまだ静香委員は国・都からのお金の継続性と、財源・優先順位の説明の必要を会派の意見として述べた,https://ssp.kaigiroku.net/tenant/shinjuku/MinuteView.html?council_id=3190&schedule_id=1&minute_id=157,2a9289375bb91350fb92e6755d248d7a9057068a4278150fb7655d499f7ccbef,文教子ども家庭委員会 6月12日 おやまだ静香委員,国とか都から下りてくるそのお金というのが、ずっと継続的にあるのかどうかというところも、確実なものではない可能性もある…何を削って財源をどう確保するのか、優先順位をどうつけていくのか…これは会派としての意見でございます,supported,1a46c1e8a416d263479950a89e925f14d328607b9a423af63a7d9bfb89a61989
shinjuku-2026-r2-giin-7,hard,content,G7-H-40,渡辺やすし委員は施行日を令和9年4月1日とした理由を質した,https://ssp.kaigiroku.net/tenant/shinjuku/MinuteView.html?council_id=3190&schedule_id=1&minute_id=132,28d08c851a5f5504109fbaa4c690b3227cd9cf220950d0aed0f04a2cad60d300,文教子ども家庭委員会 6月12日 渡辺やすし委員,なぜ４月１日なんですか,supported,1a46c1e8a416d263479950a89e925f14d328607b9a423af63a7d9bfb89a61989
shinjuku-2026-r2-giin-7,hard,content,G7-H-41,提出者は準備と周知の必要を理由に挙げた,https://ssp.kaigiroku.net/tenant/shinjuku/MinuteView.html?council_id=3190&schedule_id=1&minute_id=133,cdbade87032b8a92c4f03ef92e9aa51adc693fe7749b734a74fcad4abb291343,文教子ども家庭委員会 6月12日 佐藤佳一議員,いろんな準備ですとか、周知の必要もありますし、それで来年４月１日というふうに考えております,supported,1a46c1e8a416d263479950a89e925f14d328607b9a423af63a7d9bfb89a61989
shinjuku-2026-r2-giin-7,hard,content,G7-H-42,渡辺やすし委員は政策の優先度を評価しつつ、国からのお金でなく歳出改革で財源をつくるべきとして反対し、改めて提案したいと述べた,https://ssp.kaigiroku.net/tenant/shinjuku/MinuteView.html?council_id=3190&schedule_id=2&minute_id=11,c6e940a8a4789afd789c0a72875601222e3a41610314dfdabd07c14e1b3e9d48,文教子ども家庭委員会 6月15日 渡辺やすし委員（討論）,ほかの政策に優先すべきプライオリティのあることだと思っています…意義深いことだなと思っています…国から下りてくるお金ということではなくて、新宿区の事務事業をしっかりと歳出改革して、財源をつくり出して、この学用品給付の財源を手当てするというのが本寸法かなと私は思っています…改めて学用品と修学旅行の無償化について私から提案したいと思っています。　よって、この条例には反対します,supported,1a46c1e8a416d263479950a89e925f14d328607b9a423af63a7d9bfb89a61989
shinjuku-2026-r2-giin-7,hard,content,G7-H-43,渡辺やすし委員は入ってきたお金を当てにするのではなく歳出改革で財源を見つけるべきとした,https://ssp.kaigiroku.net/tenant/shinjuku/MinuteView.html?council_id=3190&schedule_id=1&minute_id=140,219acf37cd7e1375124767b67f6ad413942bbdf872e0c44e5d6191f24f1ed286,文教子ども家庭委員会 6月12日 渡辺やすし委員,入ってきたお金を当てにするというのではなくて,supported,1a46c1e8a416d263479950a89e925f14d328607b9a423af63a7d9bfb89a61989
shinjuku-2026-r2-giin-7,hard,content,G7-H-44,近藤なつ子副委員長は、国庫負担分は来年度以降も続くと考えるのが筋で子どものために使うべき、保護者と教員の負担を減らせるとして賛成した,https://ssp.kaigiroku.net/tenant/shinjuku/MinuteView.html?council_id=3190&schedule_id=2&minute_id=13,645e5def0107bd2c73d291f0032a79cadf8d4abf3eadc409f37f46c91d111269,文教子ども家庭委員会 6月15日 近藤なつ子副委員長（討論）,教育活動に必要な学用品を給付するということで、賛成をいたします…今年度限りの予算ではなく、来年度以降も続くものだというふうに考えるのが筋…子どものために使う…教員の負担も減らしていく,supported,1a46c1e8a416d263479950a89e925f14d328607b9a423af63a7d9bfb89a61989
shinjuku-2026-r2-giin-7,hard,content,G7-H-45,近藤なつ子副委員長の討論のあと、ほかに発言はなかった,https://ssp.kaigiroku.net/tenant/shinjuku/MinuteView.html?council_id=3190&schedule_id=2&minute_id=14,9f0656cf09abe7d25dd45814e112786ff0f2ab7dadb22c6273a78277a5f0e41a,文教子ども家庭委員会 6月15日 委員長,ほかに御発言のある方。　　　　　　〔発言する者なし〕,supported,1a46c1e8a416d263479950a89e925f14d328607b9a423af63a7d9bfb89a61989
shinjuku-2026-r2-giin-7,hard,content,G7-H-46,第7号の委員会討論は渡辺やすし委員（反対）と近藤なつ子副委員長（賛成）の2名で終わった,https://ssp.kaigiroku.net/tenant/shinjuku/MinuteView.html?council_id=3190&schedule_id=2&minute_id=15,6fd286816e6c972e650715349ac686b15b8064db8de36da7ba4b14b526307388,文教子ども家庭委員会 6月15日 委員長,以上で討論は終わりました。　それでは、議員提出議案第７号について起立により採決を行います,supported,1a46c1e8a416d263479950a89e925f14d328607b9a423af63a7d9bfb89a61989
shinjuku-2026-r2-giin-7,hard,content,G7-H-47,委員会は第7号を起立少数で否決すべきものと決定した,https://ssp.kaigiroku.net/tenant/shinjuku/MinuteView.html?council_id=3190&schedule_id=2&minute_id=16,70e0daa42b6285444180ecf2d944ea24878d96437c8832e56605e1533fde2053,文教子ども家庭委員会 6月15日 委員長,起立少数と認めます。　よって、議員提出議案第７号は否決すべきものと決定いたしました,supported,1a46c1e8a416d263479950a89e925f14d328607b9a423af63a7d9bfb89a61989
shinjuku-2026-r2-giin-7,hard,content,G7-H-48,近藤なつ子副委員長が少数意見を留保した,https://ssp.kaigiroku.net/tenant/shinjuku/MinuteView.html?council_id=3190&schedule_id=2&minute_id=17,7a43dfae8a1c90a03c62ba4d564ece290574b60a83b2b883f95fcf92fe36ffc8,文教子ども家庭委員会 6月15日 近藤なつ子副委員長,ただいまの委員会決定に少数意見を留保いたします,supported,1a46c1e8a416d263479950a89e925f14d328607b9a423af63a7d9bfb89a61989
shinjuku-2026-r2-giin-7,hard,content,G7-H-49,本会議は第7号を起立少数で否決した,https://ssp.kaigiroku.net/tenant/shinjuku/MinuteView.html?council_id=3193&schedule_id=4&minute_id=78,7606a4d1cc1a23644295c8ea48bf09d90f50d3e7702dd3c9fc06167874e70fb3,本会議 6月19日 議長,起立少数と認めます。　本案は、否決されました,supported,1a46c1e8a416d263479950a89e925f14d328607b9a423af63a7d9bfb89a61989
shinjuku-2026-r2-giin-7,hard,content,G7-H-50,渡辺やすし委員は現役世代に優しい新宿・減税の会に所属（令和7年4月1日以降）,https://www.city.shinjuku.lg.jp/kusei/file08_00003.html,5b6184d6f8102605b4c6470e4f330d5daa7fad29e5dbd898f7bda562d6ad2380,会派構成,現役世代に優しい新宿・減税の会（2人）[幹事長]田中ゆきえ[副幹事長・会計]渡辺やすし※令和7年4月1日付けで会派名称と所属議員に変更がありました,supported,1a46c1e8a416d263479950a89e925f14d328607b9a423af63a7d9bfb89a61989
shinjuku-2026-r2-giin-7,hard,content,G7-H-51,学用品は現在、必要な部分が保護者負担で購入されている,https://ssp.kaigiroku.net/tenant/shinjuku/MinuteView.html?council_id=3190&schedule_id=2&minute_id=13,645e5def0107bd2c73d291f0032a79cadf8d4abf3eadc409f37f46c91d111269,文教子ども家庭委員会 6月15日 近藤なつ子副委員長,まだ必要な部分については保護者負担で学用品は購入されている,supported,1a46c1e8a416d263479950a89e925f14d328607b9a423af63a7d9bfb89a61989
shinjuku-2026-r2-giin-8,easy,title,G8-E-01,件名は「新宿区立学校における修学旅行費の無償化に関する条例」,https://www.city.shinjuku.lg.jp/content/000459252.pdf,14afb68aedc9c04d403ea2156c535ec7fabebe3cdccd04217df5bfd8648faa8d,議案の概要と審議結果 議員提出議案,新宿区立学校における修学旅行費の無償化に関する条例,supported,41f3d628e02690730c3fd51701a08eaa1690d59ee0215b922774f5023917a233
shinjuku-2026-r2-giin-8,easy,summary,G8-E-02,日本共産党新宿区議会議員団とれいわ新選組 新宿の2会派、実質8名が提案した,https://ssp.kaigiroku.net/tenant/shinjuku/MinuteView.html?council_id=3193&schedule_id=3&minute_id=187,a3e855306ee9378a0f9e327d45d9762c9956e0202be5f25bb5a0b5ad849fa16d,本会議 6月11日 提案説明（高月まな議員）,日本共産党新宿区議会議員団と、れいわ新選組　新宿の２会派、実質８名により提案をいたしました,supported,41f3d628e02690730c3fd51701a08eaa1690d59ee0215b922774f5023917a233
shinjuku-2026-r2-giin-8,easy,summary,G8-E-03,保護者の経済的負担を軽減し教育活動の充実を図るため、区立学校の修学旅行費を無償化する,https://www.city.shinjuku.lg.jp/content/000459252.pdf,14afb68aedc9c04d403ea2156c535ec7fabebe3cdccd04217df5bfd8648faa8d,議案の概要と審議結果 議員提出議案,保護者の経済的負担を軽減し、教育活動の充実を図る必要があるため、区立学校における修学旅行費を無償化する。,supported,41f3d628e02690730c3fd51701a08eaa1690d59ee0215b922774f5023917a233
shinjuku-2026-r2-giin-8,easy,summary,G8-E-04,委員会は第8号を起立少数で否決すべきものと決定した,https://ssp.kaigiroku.net/tenant/shinjuku/MinuteView.html?council_id=3190&schedule_id=2&minute_id=22,e849e5209848839ea86763e83596acf9f18b051fb3b690fa247461fb120d27a7,文教子ども家庭委員会 6月15日 委員長,起立少数と認めます。　よって、議員提出議案第８号は否決すべきものと決定いたしました,supported,41f3d628e02690730c3fd51701a08eaa1690d59ee0215b922774f5023917a233
shinjuku-2026-r2-giin-8,easy,summary,G8-E-05,本会議は第8号を起立少数で否決した,https://ssp.kaigiroku.net/tenant/shinjuku/MinuteView.html?council_id=3193&schedule_id=4&minute_id=79,6c5cee7b0e568b912cd6a1aeab4049ba4dc242dc5ae44d0c882c2e084466099f,本会議 6月19日 議長,起立少数と認めます。　本案は、否決されました,supported,41f3d628e02690730c3fd51701a08eaa1690d59ee0215b922774f5023917a233
shinjuku-2026-r2-giin-8,easy,content,G8-E-06,日本共産党新宿区議会議員団とれいわ新選組 新宿の2会派、実質8名が提案した,https://ssp.kaigiroku.net/tenant/shinjuku/MinuteView.html?council_id=3193&schedule_id=3&minute_id=187,a3e855306ee9378a0f9e327d45d9762c9956e0202be5f25bb5a0b5ad849fa16d,本会議 6月11日 提案説明（高月まな議員）,日本共産党新宿区議会議員団と、れいわ新選組　新宿の２会派、実質８名により提案をいたしました,supported,41f3d628e02690730c3fd51701a08eaa1690d59ee0215b922774f5023917a233
shinjuku-2026-r2-giin-8,easy,content,G8-E-07,第7・8号は文教子ども家庭委員会に付託された,https://ssp.kaigiroku.net/tenant/shinjuku/MinuteView.html?council_id=3193&schedule_id=3&minute_id=188,2a92a45db9a6dce4ad1296b5a958dd2b07d17dd7900c964b0958ec843909ec42,本会議 6月11日 議長,議員提出議案第７号及び議員提出議案第８号は、議案付託表のとおり、文教子ども家庭委員会に付託します,supported,41f3d628e02690730c3fd51701a08eaa1690d59ee0215b922774f5023917a233
shinjuku-2026-r2-giin-8,easy,content,G8-E-08,会議録本文は条例案の条文を載せず「巻末議案の部参照」とだけ記す,https://ssp.kaigiroku.net/tenant/shinjuku/MinuteView.html?council_id=3193&schedule_id=3&minute_id=185,1d2c9397808beb08d1eb1a043b510e8222d59416d75184c616a3eef097e76a18,本会議 6月11日 議題,〔巻末議案の部参照〕,supported,41f3d628e02690730c3fd51701a08eaa1690d59ee0215b922774f5023917a233
shinjuku-2026-r2-giin-8,easy,content,G8-E-09,会期ページは第7・8号の件名だけを載せ、条例案の全文を掲載していない,https://www.city.shinjuku.lg.jp/kusei/file08_05_0003820210204_00014.html,6b649b44d5a36dc3ab890a6bc2d30fb82536fd9edcbba53274cc648aa0a3f376,議会公式 会期ページ,議員提出議案第7号新宿区立学校における学用品の給付に関する条例…議員提出議案第8号新宿区立学校における修学旅行費の無償化に関する条例,supported,41f3d628e02690730c3fd51701a08eaa1690d59ee0215b922774f5023917a233
shinjuku-2026-r2-giin-8,easy,content,G8-E-10,"提出者は費用を学用品費2億3,803万7,000円、修学旅行費5,657万2,000円、合計2億9,461万2,000円と説明した",https://ssp.kaigiroku.net/tenant/shinjuku/MinuteView.html?council_id=3190&schedule_id=1&minute_id=137,e55807601218813162f0b6c6eeb757d6e0b78ceecb30e2eac58fed85b158c80d,文教子ども家庭委員会 6月12日 佐藤佳一議員,"学用品費が２億3,803万7,000円、修学旅行費が中学３年生5,657万2,000円というふうに、合計が２億9,461万2,000円です",supported,41f3d628e02690730c3fd51701a08eaa1690d59ee0215b922774f5023917a233
shinjuku-2026-r2-giin-8,easy,content,G8-E-11,提出者は財源に国の公立学校給食負担軽減事業による歳入（3億円以上）を挙げ、ほぼ賄えるとした,https://ssp.kaigiroku.net/tenant/shinjuku/MinuteView.html?council_id=3190&schedule_id=1&minute_id=137,e55807601218813162f0b6c6eeb757d6e0b78ceecb30e2eac58fed85b158c80d,文教子ども家庭委員会 6月12日 佐藤佳一議員,国がやっている公立学校給食負担軽減事業費というのがあります…３億円以上という金額が入ってきますので、逆にお釣りが来るぐらいの、ほぼ賄える,supported,41f3d628e02690730c3fd51701a08eaa1690d59ee0215b922774f5023917a233
shinjuku-2026-r2-giin-8,easy,content,G8-E-12,"学校運営課長は、給食無償化の国の助成金で交付申請額7億5,600万円、令和7・8年度の差額3億9,000万円程度の見込み、当初予算で想定していない歳入で別の使い道は特段検討していないと答えた",https://ssp.kaigiroku.net/tenant/shinjuku/MinuteView.html?council_id=3190&schedule_id=1&minute_id=139,300529ce709a5abd7b95aaae343b9d5bffd3e0f1e5b93d9223308e8fa4ab8905,文教子ども家庭委員会 6月12日 学校運営課長,"国のほうが小学校の給食無償化というところで、助成金の予算をつけていただいたものになります…交付申請が７億5,600万円…３億9,000万円程度が見込まれる…当初想定をして予算計上していなかったもの…別の使い道といったところは特段検討していない",supported,41f3d628e02690730c3fd51701a08eaa1690d59ee0215b922774f5023917a233
shinjuku-2026-r2-giin-8,easy,content,G8-E-13,委員会の審査報告は第7・8号とも否決,https://ssp.kaigiroku.net/tenant/shinjuku/MinuteView.html?council_id=3193&schedule_id=4&minute_id=73,ba10037585e08e29985fcc017d699a1b467dfcebb4938ee20e8c83b5d928b5ac,本会議 6月19日 議長,文教子ども家庭委員会審査報告書は、いずれも否決です,supported,41f3d628e02690730c3fd51701a08eaa1690d59ee0215b922774f5023917a233
shinjuku-2026-r2-giin-8,easy,content,G8-E-14,本会議で近藤なつ子議員が少数意見を報告した,https://ssp.kaigiroku.net/tenant/shinjuku/MinuteView.html?council_id=3193&schedule_id=4&minute_id=74,8bc3b3d362889d39a1d2f6b1fc71417d031c6694ee8c40edb6e15e06c1c9ab6b,本会議 6月19日 近藤なつ子議員（少数意見報告）,文教子ども家庭委員会において、私、近藤なつ子は賛成し、少数意見を留保いたしましたので報告いたします,supported,41f3d628e02690730c3fd51701a08eaa1690d59ee0215b922774f5023917a233
shinjuku-2026-r2-giin-8,easy,content,G8-E-15,本会議でさわいめぐみ議員（れいわ新選組 新宿）が第7・8号に賛成の立場から討論した,https://ssp.kaigiroku.net/tenant/shinjuku/MinuteView.html?council_id=3193&schedule_id=4&minute_id=76,83b0af115a6ceaa61ab3f4b8ca2480d2c1b1808252abb136704a5995d2b7c1f6,本会議 6月19日 さわいめぐみ議員,れいわ新選組　新宿のさわいめぐみです。…議員提出議案第７号　新宿区立学校における学用品の給付に関する条例及び議員提出議案第８号　新宿区立学校における修学旅行費の無償化に関する条例に賛成の立場から討論を行います,supported,41f3d628e02690730c3fd51701a08eaa1690d59ee0215b922774f5023917a233
shinjuku-2026-r2-giin-8,easy,content,G8-E-16,本会議の討論はさわいめぐみ議員の1件で終わり、反対の立場からの討論はなかった,https://ssp.kaigiroku.net/tenant/shinjuku/MinuteView.html?council_id=3193&schedule_id=4&minute_id=77,e66066cd5887f008b62245492e1558cc80dc10f2467b7e9c58a12d73b4ead7c7,本会議 6月19日 議長,以上で討論は終わりました,supported,41f3d628e02690730c3fd51701a08eaa1690d59ee0215b922774f5023917a233
shinjuku-2026-r2-giin-8,easy,content,G8-E-17,さわいめぐみ議員の会派は採決時「れいわ新選組 新宿」（令和8年8月7日に名称変更）,https://www.city.shinjuku.lg.jp/kusei/file08_00003.html,5b6184d6f8102605b4c6470e4f330d5daa7fad29e5dbd898f7bda562d6ad2380,会派構成,いのちの党新宿（1人）[幹事長・会計]さわいめぐみ※令和8年8月7日付けで会派名称を「れいわ新選組新宿」から「いのちの党新宿」に変更しました,supported,41f3d628e02690730c3fd51701a08eaa1690d59ee0215b922774f5023917a233
shinjuku-2026-r2-giin-8,easy,content,G8-E-18,近藤なつ子議員は日本共産党新宿区議会議員団に所属,https://www.city.shinjuku.lg.jp/kusei/file08_00003.html,5b6184d6f8102605b4c6470e4f330d5daa7fad29e5dbd898f7bda562d6ad2380,会派構成,日本共産党新宿区議会議員団（7人）[団長]沢田あゆみ[副団長]近藤なつ子,supported,41f3d628e02690730c3fd51701a08eaa1690d59ee0215b922774f5023917a233
shinjuku-2026-r2-giin-8,easy,content,G8-E-19,第1回定例会でも同様の提案を行った,https://ssp.kaigiroku.net/tenant/shinjuku/MinuteView.html?council_id=3193&schedule_id=3&minute_id=187,a3e855306ee9378a0f9e327d45d9762c9956e0202be5f25bb5a0b5ad849fa16d,本会議 6月11日 提案説明（高月まな議員）,本年第１回定例会でも同様の提案を行いましたが,supported,41f3d628e02690730c3fd51701a08eaa1690d59ee0215b922774f5023917a233
shinjuku-2026-r2-giin-8,easy,content,G8-E-20,提出者の杉山直子議員が第8号を説明した,https://ssp.kaigiroku.net/tenant/shinjuku/MinuteView.html?council_id=3190&schedule_id=1&minute_id=124,4ad4301817856103e74740ccc26ef22e11967c9ae240744f44d381c705e67cba,文教子ども家庭委員会 6月12日 杉山直子議員,議員提出議案第８号　新宿区立学校における修学旅行費の無償化に関する条例案について、提出者を代表して御説明します,supported,41f3d628e02690730c3fd51701a08eaa1690d59ee0215b922774f5023917a233
shinjuku-2026-r2-giin-8,easy,content,G8-E-21,第1条は区立中学校の生徒の保護者が負担する修学旅行経費の無償化による負担軽減と教育活動の充実を目的とする,https://ssp.kaigiroku.net/tenant/shinjuku/MinuteView.html?council_id=3190&schedule_id=1&minute_id=124,4ad4301817856103e74740ccc26ef22e11967c9ae240744f44d381c705e67cba,文教子ども家庭委員会 6月12日 杉山直子議員,新宿区立中学校（以下、「区立学校」という）に在籍する生徒の保護者が負担する修学旅行に要する経費を無償化することにより、当該保護者の経済的負担を軽減し、もって教育活動の充実を図ることを目的としています,supported,41f3d628e02690730c3fd51701a08eaa1690d59ee0215b922774f5023917a233
shinjuku-2026-r2-giin-8,easy,content,G8-E-22,第2条は区立学校の生徒の保護者が負担する修学旅行費を対象とする,https://ssp.kaigiroku.net/tenant/shinjuku/MinuteView.html?council_id=3190&schedule_id=1&minute_id=124,4ad4301817856103e74740ccc26ef22e11967c9ae240744f44d381c705e67cba,文教子ども家庭委員会 6月12日 杉山直子議員,区立学校に在籍する生徒の保護者が負担する修学旅行費を対象とします,supported,41f3d628e02690730c3fd51701a08eaa1690d59ee0215b922774f5023917a233
shinjuku-2026-r2-giin-8,easy,content,G8-E-23,第3条の対象経費は交通費・宿泊費・見学料、不参加による取消料、中止・延期による取消料、その他教育委員会が必要と認める経費,https://ssp.kaigiroku.net/tenant/shinjuku/MinuteView.html?council_id=3190&schedule_id=1&minute_id=124,4ad4301817856103e74740ccc26ef22e11967c9ae240744f44d381c705e67cba,文教子ども家庭委員会 6月12日 杉山直子議員,修学旅行に要する交通費、宿泊費及び見学料、２、生徒の一部が修学旅行に参加しなかったことにより生じる取消料、３、修学旅行を中止または延期したことにより生じる取消料、４、その他新宿区教育委員会が必要と認める経費を定めています,supported,41f3d628e02690730c3fd51701a08eaa1690d59ee0215b922774f5023917a233
shinjuku-2026-r2-giin-8,easy,content,G8-E-24,第4条は教育委員会が校長に補助金を交付する方法とする,https://ssp.kaigiroku.net/tenant/shinjuku/MinuteView.html?council_id=3190&schedule_id=1&minute_id=124,4ad4301817856103e74740ccc26ef22e11967c9ae240744f44d381c705e67cba,文教子ども家庭委員会 6月12日 杉山直子議員,教育委員会が区立学校の校長に対し、補助金を交付する方法により行うことなどを定めています,supported,41f3d628e02690730c3fd51701a08eaa1690d59ee0215b922774f5023917a233
shinjuku-2026-r2-giin-8,easy,content,G8-E-25,第5条は給付額（説明は条名のみ）,https://ssp.kaigiroku.net/tenant/shinjuku/MinuteView.html?council_id=3190&schedule_id=1&minute_id=124,4ad4301817856103e74740ccc26ef22e11967c9ae240744f44d381c705e67cba,文教子ども家庭委員会 6月12日 杉山直子議員,第５条は給付額です,supported,41f3d628e02690730c3fd51701a08eaa1690d59ee0215b922774f5023917a233
shinjuku-2026-r2-giin-8,easy,content,G8-E-26,第6条は校長の申請と教育委員会の決定を定める,https://ssp.kaigiroku.net/tenant/shinjuku/MinuteView.html?council_id=3190&schedule_id=1&minute_id=124,4ad4301817856103e74740ccc26ef22e11967c9ae240744f44d381c705e67cba,文教子ども家庭委員会 6月12日 杉山直子議員,校長が教育委員会に対し、補助金の交付申請を行い、教育委員会が交付申請の内容を審査し、補助金の交付の可否及び額を決定することとしています,supported,41f3d628e02690730c3fd51701a08eaa1690d59ee0215b922774f5023917a233
shinjuku-2026-r2-giin-8,easy,content,G8-E-27,第7条は実績報告,https://ssp.kaigiroku.net/tenant/shinjuku/MinuteView.html?council_id=3190&schedule_id=1&minute_id=124,4ad4301817856103e74740ccc26ef22e11967c9ae240744f44d381c705e67cba,文教子ども家庭委員会 6月12日 杉山直子議員,第７条は実績報告です,supported,41f3d628e02690730c3fd51701a08eaa1690d59ee0215b922774f5023917a233
shinjuku-2026-r2-giin-8,easy,content,G8-E-28,第8条は過誤納の返還を定める,https://ssp.kaigiroku.net/tenant/shinjuku/MinuteView.html?council_id=3190&schedule_id=1&minute_id=124,4ad4301817856103e74740ccc26ef22e11967c9ae240744f44d381c705e67cba,文教子ども家庭委員会 6月12日 杉山直子議員,教育委員会は、補助金に過誤納があった場合に、校長に対して返還を求めることができることを定めています,supported,41f3d628e02690730c3fd51701a08eaa1690d59ee0215b922774f5023917a233
shinjuku-2026-r2-giin-8,easy,content,G8-E-29,第9条は補則,https://ssp.kaigiroku.net/tenant/shinjuku/MinuteView.html?council_id=3190&schedule_id=1&minute_id=124,4ad4301817856103e74740ccc26ef22e11967c9ae240744f44d381c705e67cba,文教子ども家庭委員会 6月12日 杉山直子議員,第９条は補則について規定しています,supported,41f3d628e02690730c3fd51701a08eaa1690d59ee0215b922774f5023917a233
shinjuku-2026-r2-giin-8,easy,content,G8-E-30,施行日は令和9年4月1日,https://ssp.kaigiroku.net/tenant/shinjuku/MinuteView.html?council_id=3190&schedule_id=1&minute_id=124,4ad4301817856103e74740ccc26ef22e11967c9ae240744f44d381c705e67cba,文教子ども家庭委員会 6月12日 杉山直子議員,附則は施行日について、令和９年４月１日と規定しています,supported,41f3d628e02690730c3fd51701a08eaa1690d59ee0215b922774f5023917a233
shinjuku-2026-r2-giin-8,easy,content,G8-E-31,第8号は区立中学校の修学旅行経費を無償化し保護者負担を軽減する提案,https://ssp.kaigiroku.net/tenant/shinjuku/MinuteView.html?council_id=3193&schedule_id=3&minute_id=187,a3e855306ee9378a0f9e327d45d9762c9956e0202be5f25bb5a0b5ad849fa16d,本会議 6月11日 提案説明（高月まな議員）,本案は、新宿区立の中学校における修学旅行に必要な経費を無償化することにより、保護者の経済的負担を軽減し、教育活動の充実を図るため、提案するものです,supported,41f3d628e02690730c3fd51701a08eaa1690d59ee0215b922774f5023917a233
shinjuku-2026-r2-giin-8,easy,content,G8-E-32,23区で学用品の無償化は11区、修学旅行の無償化は12区、一部補助は4区,https://ssp.kaigiroku.net/tenant/shinjuku/MinuteView.html?council_id=3193&schedule_id=3&minute_id=187,a3e855306ee9378a0f9e327d45d9762c9956e0202be5f25bb5a0b5ad849fa16d,本会議 6月11日 提案説明（高月まな議員）,学用品の無償化を行う区は11区、修学旅行の無償化は12区、修学旅行の一部補助を行う区は４区に広がっています,supported,41f3d628e02690730c3fd51701a08eaa1690d59ee0215b922774f5023917a233
shinjuku-2026-r2-giin-8,easy,content,G8-E-33,渡辺やすし委員は私立・国立に通う子どもが対象外になる点を質した,https://ssp.kaigiroku.net/tenant/shinjuku/MinuteView.html?council_id=3190&schedule_id=1&minute_id=130,6a1d5605e6fc9945d438f8279281fb975772d724f711949a50f3986155e0dca9,文教子ども家庭委員会 6月12日 渡辺やすし委員,私立、国立と、区立に通っていない人は対象外ですよね,supported,41f3d628e02690730c3fd51701a08eaa1690d59ee0215b922774f5023917a233
shinjuku-2026-r2-giin-8,easy,content,G8-E-34,おやまだ静香委員は国・都からのお金の継続性と、財源・優先順位の説明の必要を会派の意見として述べた,https://ssp.kaigiroku.net/tenant/shinjuku/MinuteView.html?council_id=3190&schedule_id=1&minute_id=157,2a9289375bb91350fb92e6755d248d7a9057068a4278150fb7655d499f7ccbef,文教子ども家庭委員会 6月12日 おやまだ静香委員,国とか都から下りてくるそのお金というのが、ずっと継続的にあるのかどうかというところも、確実なものではない可能性もある…何を削って財源をどう確保するのか、優先順位をどうつけていくのか…これは会派としての意見でございます,supported,41f3d628e02690730c3fd51701a08eaa1690d59ee0215b922774f5023917a233
shinjuku-2026-r2-giin-8,easy,content,G8-E-35,"12区に加えて4区が一部を負担（中央区3万6,000円、文京区1万円、渋谷区2万円、港区は7万円を超える分を補助）",https://ssp.kaigiroku.net/tenant/shinjuku/MinuteView.html?council_id=3190&schedule_id=1&minute_id=166,e58fc7b3ed9b482a805da91746505234a2c3dd467f54c3d123e1c771c86c420a,文教子ども家庭委員会 6月12日 佐藤佳一議員,"一部負担をしている区は、先ほど12区に加えて４区、中央区３万6,000円、文京区１万円、渋谷区２万円、それから港区はちょっと特別で、７万円を超える分を補助するという立てつけになっております",supported,41f3d628e02690730c3fd51701a08eaa1690d59ee0215b922774f5023917a233
shinjuku-2026-r2-giin-8,easy,content,G8-E-36,近藤なつ子副委員長が他区の傾向を尋ねた,https://ssp.kaigiroku.net/tenant/shinjuku/MinuteView.html?council_id=3190&schedule_id=1&minute_id=165,914b4e4d20d4bf82620c7dee106f39e52124aec7456dfa47c8788071a74f7167,文教子ども家庭委員会 6月12日 近藤なつ子副委員長,その辺の傾向についてもう一言、提案者のほうから、今の事情を御説明いただけると助かります,supported,41f3d628e02690730c3fd51701a08eaa1690d59ee0215b922774f5023917a233
shinjuku-2026-r2-giin-8,easy,content,G8-E-37,近藤なつ子副委員長は修学旅行の金額が毎年のように上がっており負担軽減に意義があるとして賛成し、12区が無償化、4区が一部負担していると述べた,https://ssp.kaigiroku.net/tenant/shinjuku/MinuteView.html?council_id=3190&schedule_id=2&minute_id=19,bd6f767c48b9c9ccd01535c523db142d4d6450a0941480949aa3fa59ebd4d8aa,文教子ども家庭委員会 6月15日 近藤なつ子副委員長（討論）,修学旅行の金額は、この間の物価高等で毎年のように上がってきています。その負担を軽減するということは大変意義あるものだと思っています。既に23区の中では、現時点で12区が無償にするということを決めています。さらに、23区の中で４区が修学旅行費の一部負担をしている,supported,41f3d628e02690730c3fd51701a08eaa1690d59ee0215b922774f5023917a233
shinjuku-2026-r2-giin-8,easy,content,G8-E-38,第8号の委員会討論は近藤なつ子副委員長の賛成討論のみで、他に発言はなかった,https://ssp.kaigiroku.net/tenant/shinjuku/MinuteView.html?council_id=3190&schedule_id=2&minute_id=20,9f0656cf09abe7d25dd45814e112786ff0f2ab7dadb22c6273a78277a5f0e41a,文教子ども家庭委員会 6月15日 委員長,ほかに御発言のある方。　　　　　　〔発言する者なし〕,supported,41f3d628e02690730c3fd51701a08eaa1690d59ee0215b922774f5023917a233
shinjuku-2026-r2-giin-8,easy,content,G8-E-39,委員会は第8号を起立少数で否決すべきものと決定した,https://ssp.kaigiroku.net/tenant/shinjuku/MinuteView.html?council_id=3190&schedule_id=2&minute_id=22,e849e5209848839ea86763e83596acf9f18b051fb3b690fa247461fb120d27a7,文教子ども家庭委員会 6月15日 委員長,起立少数と認めます。　よって、議員提出議案第８号は否決すべきものと決定いたしました,supported,41f3d628e02690730c3fd51701a08eaa1690d59ee0215b922774f5023917a233
shinjuku-2026-r2-giin-8,easy,content,G8-E-40,近藤なつ子副委員長が少数意見を留保した,https://ssp.kaigiroku.net/tenant/shinjuku/MinuteView.html?council_id=3190&schedule_id=2&minute_id=23,cb68753daa8918bc0be3399836c6d04523a5d670be96a0adeab16cf5f73ec051,文教子ども家庭委員会 6月15日 近藤なつ子副委員長,私は少数意見を留保いたします,supported,41f3d628e02690730c3fd51701a08eaa1690d59ee0215b922774f5023917a233
shinjuku-2026-r2-giin-8,easy,content,G8-E-41,"近藤なつ子議員は新たに約6,000万円あれば修学旅行費の無償化ができると述べた",https://ssp.kaigiroku.net/tenant/shinjuku/MinuteView.html?council_id=3193&schedule_id=4&minute_id=74,8bc3b3d362889d39a1d2f6b1fc71417d031c6694ee8c40edb6e15e06c1c9ab6b,本会議 6月19日 近藤なつ子議員（少数意見報告）,"新たに約6,000万円あれば、区立学校の修学旅行費の無償化ができます",supported,41f3d628e02690730c3fd51701a08eaa1690d59ee0215b922774f5023917a233
shinjuku-2026-r2-giin-8,easy,content,G8-E-42,本会議は第8号を起立少数で否決した,https://ssp.kaigiroku.net/tenant/shinjuku/MinuteView.html?council_id=3193&schedule_id=4&minute_id=79,6c5cee7b0e568b912cd6a1aeab4049ba4dc242dc5ae44d0c882c2e084466099f,本会議 6月19日 議長,起立少数と認めます。　本案は、否決されました,supported,41f3d628e02690730c3fd51701a08eaa1690d59ee0215b922774f5023917a233
shinjuku-2026-r2-giin-8,normal,title,G8-N-01,件名は「新宿区立学校における修学旅行費の無償化に関する条例」,https://www.city.shinjuku.lg.jp/content/000459252.pdf,14afb68aedc9c04d403ea2156c535ec7fabebe3cdccd04217df5bfd8648faa8d,議案の概要と審議結果 議員提出議案,新宿区立学校における修学旅行費の無償化に関する条例,supported,ed563317773c336cba15cb3ad71c03f6c510a65a30b0477cff391200661b886f
shinjuku-2026-r2-giin-8,normal,summary,G8-N-02,日本共産党新宿区議会議員団とれいわ新選組 新宿の2会派、実質8名が提案した,https://ssp.kaigiroku.net/tenant/shinjuku/MinuteView.html?council_id=3193&schedule_id=3&minute_id=187,a3e855306ee9378a0f9e327d45d9762c9956e0202be5f25bb5a0b5ad849fa16d,本会議 6月11日 提案説明（高月まな議員）,日本共産党新宿区議会議員団と、れいわ新選組　新宿の２会派、実質８名により提案をいたしました,supported,ed563317773c336cba15cb3ad71c03f6c510a65a30b0477cff391200661b886f
shinjuku-2026-r2-giin-8,normal,summary,G8-N-03,保護者の経済的負担を軽減し教育活動の充実を図るため、区立学校の修学旅行費を無償化する,https://www.city.shinjuku.lg.jp/content/000459252.pdf,14afb68aedc9c04d403ea2156c535ec7fabebe3cdccd04217df5bfd8648faa8d,議案の概要と審議結果 議員提出議案,保護者の経済的負担を軽減し、教育活動の充実を図る必要があるため、区立学校における修学旅行費を無償化する。,supported,ed563317773c336cba15cb3ad71c03f6c510a65a30b0477cff391200661b886f
shinjuku-2026-r2-giin-8,normal,summary,G8-N-04,委員会は第8号を起立少数で否決すべきものと決定した,https://ssp.kaigiroku.net/tenant/shinjuku/MinuteView.html?council_id=3190&schedule_id=2&minute_id=22,e849e5209848839ea86763e83596acf9f18b051fb3b690fa247461fb120d27a7,文教子ども家庭委員会 6月15日 委員長,起立少数と認めます。　よって、議員提出議案第８号は否決すべきものと決定いたしました,supported,ed563317773c336cba15cb3ad71c03f6c510a65a30b0477cff391200661b886f
shinjuku-2026-r2-giin-8,normal,summary,G8-N-05,本会議は第8号を起立少数で否決した,https://ssp.kaigiroku.net/tenant/shinjuku/MinuteView.html?council_id=3193&schedule_id=4&minute_id=79,6c5cee7b0e568b912cd6a1aeab4049ba4dc242dc5ae44d0c882c2e084466099f,本会議 6月19日 議長,起立少数と認めます。　本案は、否決されました,supported,ed563317773c336cba15cb3ad71c03f6c510a65a30b0477cff391200661b886f
shinjuku-2026-r2-giin-8,normal,content,G8-N-06,日本共産党新宿区議会議員団とれいわ新選組 新宿の2会派、実質8名が提案した,https://ssp.kaigiroku.net/tenant/shinjuku/MinuteView.html?council_id=3193&schedule_id=3&minute_id=187,a3e855306ee9378a0f9e327d45d9762c9956e0202be5f25bb5a0b5ad849fa16d,本会議 6月11日 提案説明（高月まな議員）,日本共産党新宿区議会議員団と、れいわ新選組　新宿の２会派、実質８名により提案をいたしました,supported,ed563317773c336cba15cb3ad71c03f6c510a65a30b0477cff391200661b886f
shinjuku-2026-r2-giin-8,normal,content,G8-N-07,第7・8号は文教子ども家庭委員会に付託された,https://ssp.kaigiroku.net/tenant/shinjuku/MinuteView.html?council_id=3193&schedule_id=3&minute_id=188,2a92a45db9a6dce4ad1296b5a958dd2b07d17dd7900c964b0958ec843909ec42,本会議 6月11日 議長,議員提出議案第７号及び議員提出議案第８号は、議案付託表のとおり、文教子ども家庭委員会に付託します,supported,ed563317773c336cba15cb3ad71c03f6c510a65a30b0477cff391200661b886f
shinjuku-2026-r2-giin-8,normal,content,G8-N-08,会議録本文は条例案の条文を載せず「巻末議案の部参照」とだけ記す,https://ssp.kaigiroku.net/tenant/shinjuku/MinuteView.html?council_id=3193&schedule_id=3&minute_id=185,1d2c9397808beb08d1eb1a043b510e8222d59416d75184c616a3eef097e76a18,本会議 6月11日 議題,〔巻末議案の部参照〕,supported,ed563317773c336cba15cb3ad71c03f6c510a65a30b0477cff391200661b886f
shinjuku-2026-r2-giin-8,normal,content,G8-N-09,会期ページは第7・8号の件名だけを載せ、条例案の全文を掲載していない,https://www.city.shinjuku.lg.jp/kusei/file08_05_0003820210204_00014.html,6b649b44d5a36dc3ab890a6bc2d30fb82536fd9edcbba53274cc648aa0a3f376,議会公式 会期ページ,議員提出議案第7号新宿区立学校における学用品の給付に関する条例…議員提出議案第8号新宿区立学校における修学旅行費の無償化に関する条例,supported,ed563317773c336cba15cb3ad71c03f6c510a65a30b0477cff391200661b886f
shinjuku-2026-r2-giin-8,normal,content,G8-N-10,"提出者は費用を学用品費2億3,803万7,000円、修学旅行費5,657万2,000円、合計2億9,461万2,000円と説明した",https://ssp.kaigiroku.net/tenant/shinjuku/MinuteView.html?council_id=3190&schedule_id=1&minute_id=137,e55807601218813162f0b6c6eeb757d6e0b78ceecb30e2eac58fed85b158c80d,文教子ども家庭委員会 6月12日 佐藤佳一議員,"学用品費が２億3,803万7,000円、修学旅行費が中学３年生5,657万2,000円というふうに、合計が２億9,461万2,000円です",supported,ed563317773c336cba15cb3ad71c03f6c510a65a30b0477cff391200661b886f
shinjuku-2026-r2-giin-8,normal,content,G8-N-11,提出者は財源に国の公立学校給食負担軽減事業による歳入（3億円以上）を挙げ、ほぼ賄えるとした,https://ssp.kaigiroku.net/tenant/shinjuku/MinuteView.html?council_id=3190&schedule_id=1&minute_id=137,e55807601218813162f0b6c6eeb757d6e0b78ceecb30e2eac58fed85b158c80d,文教子ども家庭委員会 6月12日 佐藤佳一議員,国がやっている公立学校給食負担軽減事業費というのがあります…３億円以上という金額が入ってきますので、逆にお釣りが来るぐらいの、ほぼ賄える,supported,ed563317773c336cba15cb3ad71c03f6c510a65a30b0477cff391200661b886f
shinjuku-2026-r2-giin-8,normal,content,G8-N-12,"学校運営課長は、給食無償化の国の助成金で交付申請額7億5,600万円、令和7・8年度の差額3億9,000万円程度の見込み、当初予算で想定していない歳入で別の使い道は特段検討していないと答えた",https://ssp.kaigiroku.net/tenant/shinjuku/MinuteView.html?council_id=3190&schedule_id=1&minute_id=139,300529ce709a5abd7b95aaae343b9d5bffd3e0f1e5b93d9223308e8fa4ab8905,文教子ども家庭委員会 6月12日 学校運営課長,"国のほうが小学校の給食無償化というところで、助成金の予算をつけていただいたものになります…交付申請が７億5,600万円…３億9,000万円程度が見込まれる…当初想定をして予算計上していなかったもの…別の使い道といったところは特段検討していない",supported,ed563317773c336cba15cb3ad71c03f6c510a65a30b0477cff391200661b886f
shinjuku-2026-r2-giin-8,normal,content,G8-N-13,委員会の審査報告は第7・8号とも否決,https://ssp.kaigiroku.net/tenant/shinjuku/MinuteView.html?council_id=3193&schedule_id=4&minute_id=73,ba10037585e08e29985fcc017d699a1b467dfcebb4938ee20e8c83b5d928b5ac,本会議 6月19日 議長,文教子ども家庭委員会審査報告書は、いずれも否決です,supported,ed563317773c336cba15cb3ad71c03f6c510a65a30b0477cff391200661b886f
shinjuku-2026-r2-giin-8,normal,content,G8-N-14,本会議で近藤なつ子議員が少数意見を報告した,https://ssp.kaigiroku.net/tenant/shinjuku/MinuteView.html?council_id=3193&schedule_id=4&minute_id=74,8bc3b3d362889d39a1d2f6b1fc71417d031c6694ee8c40edb6e15e06c1c9ab6b,本会議 6月19日 近藤なつ子議員（少数意見報告）,文教子ども家庭委員会において、私、近藤なつ子は賛成し、少数意見を留保いたしましたので報告いたします,supported,ed563317773c336cba15cb3ad71c03f6c510a65a30b0477cff391200661b886f
shinjuku-2026-r2-giin-8,normal,content,G8-N-15,本会議でさわいめぐみ議員（れいわ新選組 新宿）が第7・8号に賛成の立場から討論した,https://ssp.kaigiroku.net/tenant/shinjuku/MinuteView.html?council_id=3193&schedule_id=4&minute_id=76,83b0af115a6ceaa61ab3f4b8ca2480d2c1b1808252abb136704a5995d2b7c1f6,本会議 6月19日 さわいめぐみ議員,れいわ新選組　新宿のさわいめぐみです。…議員提出議案第７号　新宿区立学校における学用品の給付に関する条例及び議員提出議案第８号　新宿区立学校における修学旅行費の無償化に関する条例に賛成の立場から討論を行います,supported,ed563317773c336cba15cb3ad71c03f6c510a65a30b0477cff391200661b886f
shinjuku-2026-r2-giin-8,normal,content,G8-N-16,本会議の討論はさわいめぐみ議員の1件で終わり、反対の立場からの討論はなかった,https://ssp.kaigiroku.net/tenant/shinjuku/MinuteView.html?council_id=3193&schedule_id=4&minute_id=77,e66066cd5887f008b62245492e1558cc80dc10f2467b7e9c58a12d73b4ead7c7,本会議 6月19日 議長,以上で討論は終わりました,supported,ed563317773c336cba15cb3ad71c03f6c510a65a30b0477cff391200661b886f
shinjuku-2026-r2-giin-8,normal,content,G8-N-17,さわいめぐみ議員の会派は採決時「れいわ新選組 新宿」（令和8年8月7日に名称変更）,https://www.city.shinjuku.lg.jp/kusei/file08_00003.html,5b6184d6f8102605b4c6470e4f330d5daa7fad29e5dbd898f7bda562d6ad2380,会派構成,いのちの党新宿（1人）[幹事長・会計]さわいめぐみ※令和8年8月7日付けで会派名称を「れいわ新選組新宿」から「いのちの党新宿」に変更しました,supported,ed563317773c336cba15cb3ad71c03f6c510a65a30b0477cff391200661b886f
shinjuku-2026-r2-giin-8,normal,content,G8-N-18,近藤なつ子議員は日本共産党新宿区議会議員団に所属,https://www.city.shinjuku.lg.jp/kusei/file08_00003.html,5b6184d6f8102605b4c6470e4f330d5daa7fad29e5dbd898f7bda562d6ad2380,会派構成,日本共産党新宿区議会議員団（7人）[団長]沢田あゆみ[副団長]近藤なつ子,supported,ed563317773c336cba15cb3ad71c03f6c510a65a30b0477cff391200661b886f
shinjuku-2026-r2-giin-8,normal,content,G8-N-19,第1回定例会でも同様の提案を行った,https://ssp.kaigiroku.net/tenant/shinjuku/MinuteView.html?council_id=3193&schedule_id=3&minute_id=187,a3e855306ee9378a0f9e327d45d9762c9956e0202be5f25bb5a0b5ad849fa16d,本会議 6月11日 提案説明（高月まな議員）,本年第１回定例会でも同様の提案を行いましたが,supported,ed563317773c336cba15cb3ad71c03f6c510a65a30b0477cff391200661b886f
shinjuku-2026-r2-giin-8,normal,content,G8-N-20,提出者の杉山直子議員が第8号を説明した,https://ssp.kaigiroku.net/tenant/shinjuku/MinuteView.html?council_id=3190&schedule_id=1&minute_id=124,4ad4301817856103e74740ccc26ef22e11967c9ae240744f44d381c705e67cba,文教子ども家庭委員会 6月12日 杉山直子議員,議員提出議案第８号　新宿区立学校における修学旅行費の無償化に関する条例案について、提出者を代表して御説明します,supported,ed563317773c336cba15cb3ad71c03f6c510a65a30b0477cff391200661b886f
shinjuku-2026-r2-giin-8,normal,content,G8-N-21,第1条は区立中学校の生徒の保護者が負担する修学旅行経費の無償化による負担軽減と教育活動の充実を目的とする,https://ssp.kaigiroku.net/tenant/shinjuku/MinuteView.html?council_id=3190&schedule_id=1&minute_id=124,4ad4301817856103e74740ccc26ef22e11967c9ae240744f44d381c705e67cba,文教子ども家庭委員会 6月12日 杉山直子議員,新宿区立中学校（以下、「区立学校」という）に在籍する生徒の保護者が負担する修学旅行に要する経費を無償化することにより、当該保護者の経済的負担を軽減し、もって教育活動の充実を図ることを目的としています,supported,ed563317773c336cba15cb3ad71c03f6c510a65a30b0477cff391200661b886f
shinjuku-2026-r2-giin-8,normal,content,G8-N-22,第2条は区立学校の生徒の保護者が負担する修学旅行費を対象とする,https://ssp.kaigiroku.net/tenant/shinjuku/MinuteView.html?council_id=3190&schedule_id=1&minute_id=124,4ad4301817856103e74740ccc26ef22e11967c9ae240744f44d381c705e67cba,文教子ども家庭委員会 6月12日 杉山直子議員,区立学校に在籍する生徒の保護者が負担する修学旅行費を対象とします,supported,ed563317773c336cba15cb3ad71c03f6c510a65a30b0477cff391200661b886f
shinjuku-2026-r2-giin-8,normal,content,G8-N-23,第3条の対象経費は交通費・宿泊費・見学料、不参加による取消料、中止・延期による取消料、その他教育委員会が必要と認める経費,https://ssp.kaigiroku.net/tenant/shinjuku/MinuteView.html?council_id=3190&schedule_id=1&minute_id=124,4ad4301817856103e74740ccc26ef22e11967c9ae240744f44d381c705e67cba,文教子ども家庭委員会 6月12日 杉山直子議員,修学旅行に要する交通費、宿泊費及び見学料、２、生徒の一部が修学旅行に参加しなかったことにより生じる取消料、３、修学旅行を中止または延期したことにより生じる取消料、４、その他新宿区教育委員会が必要と認める経費を定めています,supported,ed563317773c336cba15cb3ad71c03f6c510a65a30b0477cff391200661b886f
shinjuku-2026-r2-giin-8,normal,content,G8-N-24,第4条は教育委員会が校長に補助金を交付する方法とする,https://ssp.kaigiroku.net/tenant/shinjuku/MinuteView.html?council_id=3190&schedule_id=1&minute_id=124,4ad4301817856103e74740ccc26ef22e11967c9ae240744f44d381c705e67cba,文教子ども家庭委員会 6月12日 杉山直子議員,教育委員会が区立学校の校長に対し、補助金を交付する方法により行うことなどを定めています,supported,ed563317773c336cba15cb3ad71c03f6c510a65a30b0477cff391200661b886f
shinjuku-2026-r2-giin-8,normal,content,G8-N-25,第5条は給付額（説明は条名のみ）,https://ssp.kaigiroku.net/tenant/shinjuku/MinuteView.html?council_id=3190&schedule_id=1&minute_id=124,4ad4301817856103e74740ccc26ef22e11967c9ae240744f44d381c705e67cba,文教子ども家庭委員会 6月12日 杉山直子議員,第５条は給付額です,supported,ed563317773c336cba15cb3ad71c03f6c510a65a30b0477cff391200661b886f
shinjuku-2026-r2-giin-8,normal,content,G8-N-26,第6条は校長の申請と教育委員会の決定を定める,https://ssp.kaigiroku.net/tenant/shinjuku/MinuteView.html?council_id=3190&schedule_id=1&minute_id=124,4ad4301817856103e74740ccc26ef22e11967c9ae240744f44d381c705e67cba,文教子ども家庭委員会 6月12日 杉山直子議員,校長が教育委員会に対し、補助金の交付申請を行い、教育委員会が交付申請の内容を審査し、補助金の交付の可否及び額を決定することとしています,supported,ed563317773c336cba15cb3ad71c03f6c510a65a30b0477cff391200661b886f
shinjuku-2026-r2-giin-8,normal,content,G8-N-27,第7条は実績報告,https://ssp.kaigiroku.net/tenant/shinjuku/MinuteView.html?council_id=3190&schedule_id=1&minute_id=124,4ad4301817856103e74740ccc26ef22e11967c9ae240744f44d381c705e67cba,文教子ども家庭委員会 6月12日 杉山直子議員,第７条は実績報告です,supported,ed563317773c336cba15cb3ad71c03f6c510a65a30b0477cff391200661b886f
shinjuku-2026-r2-giin-8,normal,content,G8-N-28,第8条は過誤納の返還を定める,https://ssp.kaigiroku.net/tenant/shinjuku/MinuteView.html?council_id=3190&schedule_id=1&minute_id=124,4ad4301817856103e74740ccc26ef22e11967c9ae240744f44d381c705e67cba,文教子ども家庭委員会 6月12日 杉山直子議員,教育委員会は、補助金に過誤納があった場合に、校長に対して返還を求めることができることを定めています,supported,ed563317773c336cba15cb3ad71c03f6c510a65a30b0477cff391200661b886f
shinjuku-2026-r2-giin-8,normal,content,G8-N-29,第9条は補則,https://ssp.kaigiroku.net/tenant/shinjuku/MinuteView.html?council_id=3190&schedule_id=1&minute_id=124,4ad4301817856103e74740ccc26ef22e11967c9ae240744f44d381c705e67cba,文教子ども家庭委員会 6月12日 杉山直子議員,第９条は補則について規定しています,supported,ed563317773c336cba15cb3ad71c03f6c510a65a30b0477cff391200661b886f
shinjuku-2026-r2-giin-8,normal,content,G8-N-30,施行日は令和9年4月1日,https://ssp.kaigiroku.net/tenant/shinjuku/MinuteView.html?council_id=3190&schedule_id=1&minute_id=124,4ad4301817856103e74740ccc26ef22e11967c9ae240744f44d381c705e67cba,文教子ども家庭委員会 6月12日 杉山直子議員,附則は施行日について、令和９年４月１日と規定しています,supported,ed563317773c336cba15cb3ad71c03f6c510a65a30b0477cff391200661b886f
shinjuku-2026-r2-giin-8,normal,content,G8-N-31,第8号は区立中学校の修学旅行経費を無償化し保護者負担を軽減する提案,https://ssp.kaigiroku.net/tenant/shinjuku/MinuteView.html?council_id=3193&schedule_id=3&minute_id=187,a3e855306ee9378a0f9e327d45d9762c9956e0202be5f25bb5a0b5ad849fa16d,本会議 6月11日 提案説明（高月まな議員）,本案は、新宿区立の中学校における修学旅行に必要な経費を無償化することにより、保護者の経済的負担を軽減し、教育活動の充実を図るため、提案するものです,supported,ed563317773c336cba15cb3ad71c03f6c510a65a30b0477cff391200661b886f
shinjuku-2026-r2-giin-8,normal,content,G8-N-32,23区で学用品の無償化は11区、修学旅行の無償化は12区、一部補助は4区,https://ssp.kaigiroku.net/tenant/shinjuku/MinuteView.html?council_id=3193&schedule_id=3&minute_id=187,a3e855306ee9378a0f9e327d45d9762c9956e0202be5f25bb5a0b5ad849fa16d,本会議 6月11日 提案説明（高月まな議員）,学用品の無償化を行う区は11区、修学旅行の無償化は12区、修学旅行の一部補助を行う区は４区に広がっています,supported,ed563317773c336cba15cb3ad71c03f6c510a65a30b0477cff391200661b886f
shinjuku-2026-r2-giin-8,normal,content,G8-N-33,渡辺やすし委員は私立・国立に通う子どもが対象外になる点を質した,https://ssp.kaigiroku.net/tenant/shinjuku/MinuteView.html?council_id=3190&schedule_id=1&minute_id=130,6a1d5605e6fc9945d438f8279281fb975772d724f711949a50f3986155e0dca9,文教子ども家庭委員会 6月12日 渡辺やすし委員,私立、国立と、区立に通っていない人は対象外ですよね,supported,ed563317773c336cba15cb3ad71c03f6c510a65a30b0477cff391200661b886f
shinjuku-2026-r2-giin-8,normal,content,G8-N-34,おやまだ静香委員は国・都からのお金の継続性と、財源・優先順位の説明の必要を会派の意見として述べた,https://ssp.kaigiroku.net/tenant/shinjuku/MinuteView.html?council_id=3190&schedule_id=1&minute_id=157,2a9289375bb91350fb92e6755d248d7a9057068a4278150fb7655d499f7ccbef,文教子ども家庭委員会 6月12日 おやまだ静香委員,国とか都から下りてくるそのお金というのが、ずっと継続的にあるのかどうかというところも、確実なものではない可能性もある…何を削って財源をどう確保するのか、優先順位をどうつけていくのか…これは会派としての意見でございます,supported,ed563317773c336cba15cb3ad71c03f6c510a65a30b0477cff391200661b886f
shinjuku-2026-r2-giin-8,normal,content,G8-N-35,"12区に加えて4区が一部を負担（中央区3万6,000円、文京区1万円、渋谷区2万円、港区は7万円を超える分を補助）",https://ssp.kaigiroku.net/tenant/shinjuku/MinuteView.html?council_id=3190&schedule_id=1&minute_id=166,e58fc7b3ed9b482a805da91746505234a2c3dd467f54c3d123e1c771c86c420a,文教子ども家庭委員会 6月12日 佐藤佳一議員,"一部負担をしている区は、先ほど12区に加えて４区、中央区３万6,000円、文京区１万円、渋谷区２万円、それから港区はちょっと特別で、７万円を超える分を補助するという立てつけになっております",supported,ed563317773c336cba15cb3ad71c03f6c510a65a30b0477cff391200661b886f
shinjuku-2026-r2-giin-8,normal,content,G8-N-36,近藤なつ子副委員長が他区の傾向を尋ねた,https://ssp.kaigiroku.net/tenant/shinjuku/MinuteView.html?council_id=3190&schedule_id=1&minute_id=165,914b4e4d20d4bf82620c7dee106f39e52124aec7456dfa47c8788071a74f7167,文教子ども家庭委員会 6月12日 近藤なつ子副委員長,その辺の傾向についてもう一言、提案者のほうから、今の事情を御説明いただけると助かります,supported,ed563317773c336cba15cb3ad71c03f6c510a65a30b0477cff391200661b886f
shinjuku-2026-r2-giin-8,normal,content,G8-N-37,近藤なつ子副委員長は修学旅行の金額が毎年のように上がっており負担軽減に意義があるとして賛成し、12区が無償化、4区が一部負担していると述べた,https://ssp.kaigiroku.net/tenant/shinjuku/MinuteView.html?council_id=3190&schedule_id=2&minute_id=19,bd6f767c48b9c9ccd01535c523db142d4d6450a0941480949aa3fa59ebd4d8aa,文教子ども家庭委員会 6月15日 近藤なつ子副委員長（討論）,修学旅行の金額は、この間の物価高等で毎年のように上がってきています。その負担を軽減するということは大変意義あるものだと思っています。既に23区の中では、現時点で12区が無償にするということを決めています。さらに、23区の中で４区が修学旅行費の一部負担をしている,supported,ed563317773c336cba15cb3ad71c03f6c510a65a30b0477cff391200661b886f
shinjuku-2026-r2-giin-8,normal,content,G8-N-38,第8号の委員会討論は近藤なつ子副委員長の賛成討論のみで、他に発言はなかった,https://ssp.kaigiroku.net/tenant/shinjuku/MinuteView.html?council_id=3190&schedule_id=2&minute_id=20,9f0656cf09abe7d25dd45814e112786ff0f2ab7dadb22c6273a78277a5f0e41a,文教子ども家庭委員会 6月15日 委員長,ほかに御発言のある方。　　　　　　〔発言する者なし〕,supported,ed563317773c336cba15cb3ad71c03f6c510a65a30b0477cff391200661b886f
shinjuku-2026-r2-giin-8,normal,content,G8-N-39,委員会は第8号を起立少数で否決すべきものと決定した,https://ssp.kaigiroku.net/tenant/shinjuku/MinuteView.html?council_id=3190&schedule_id=2&minute_id=22,e849e5209848839ea86763e83596acf9f18b051fb3b690fa247461fb120d27a7,文教子ども家庭委員会 6月15日 委員長,起立少数と認めます。　よって、議員提出議案第８号は否決すべきものと決定いたしました,supported,ed563317773c336cba15cb3ad71c03f6c510a65a30b0477cff391200661b886f
shinjuku-2026-r2-giin-8,normal,content,G8-N-40,近藤なつ子副委員長が少数意見を留保した,https://ssp.kaigiroku.net/tenant/shinjuku/MinuteView.html?council_id=3190&schedule_id=2&minute_id=23,cb68753daa8918bc0be3399836c6d04523a5d670be96a0adeab16cf5f73ec051,文教子ども家庭委員会 6月15日 近藤なつ子副委員長,私は少数意見を留保いたします,supported,ed563317773c336cba15cb3ad71c03f6c510a65a30b0477cff391200661b886f
shinjuku-2026-r2-giin-8,normal,content,G8-N-41,"近藤なつ子議員は新たに約6,000万円あれば修学旅行費の無償化ができると述べた",https://ssp.kaigiroku.net/tenant/shinjuku/MinuteView.html?council_id=3193&schedule_id=4&minute_id=74,8bc3b3d362889d39a1d2f6b1fc71417d031c6694ee8c40edb6e15e06c1c9ab6b,本会議 6月19日 近藤なつ子議員（少数意見報告）,"新たに約6,000万円あれば、区立学校の修学旅行費の無償化ができます",supported,ed563317773c336cba15cb3ad71c03f6c510a65a30b0477cff391200661b886f
shinjuku-2026-r2-giin-8,normal,content,G8-N-42,本会議は第8号を起立少数で否決した,https://ssp.kaigiroku.net/tenant/shinjuku/MinuteView.html?council_id=3193&schedule_id=4&minute_id=79,6c5cee7b0e568b912cd6a1aeab4049ba4dc242dc5ae44d0c882c2e084466099f,本会議 6月19日 議長,起立少数と認めます。　本案は、否決されました,supported,ed563317773c336cba15cb3ad71c03f6c510a65a30b0477cff391200661b886f
shinjuku-2026-r2-giin-8,hard,title,G8-H-01,件名は「新宿区立学校における修学旅行費の無償化に関する条例」,https://www.city.shinjuku.lg.jp/content/000459252.pdf,14afb68aedc9c04d403ea2156c535ec7fabebe3cdccd04217df5bfd8648faa8d,議案の概要と審議結果 議員提出議案,新宿区立学校における修学旅行費の無償化に関する条例,supported,fe9c8d8da6584e9e10f73c3b7eeea172717436b8ec944caca0832d690d0d48a2
shinjuku-2026-r2-giin-8,hard,summary,G8-H-02,日本共産党新宿区議会議員団とれいわ新選組 新宿の2会派、実質8名が提案した,https://ssp.kaigiroku.net/tenant/shinjuku/MinuteView.html?council_id=3193&schedule_id=3&minute_id=187,a3e855306ee9378a0f9e327d45d9762c9956e0202be5f25bb5a0b5ad849fa16d,本会議 6月11日 提案説明（高月まな議員）,日本共産党新宿区議会議員団と、れいわ新選組　新宿の２会派、実質８名により提案をいたしました,supported,fe9c8d8da6584e9e10f73c3b7eeea172717436b8ec944caca0832d690d0d48a2
shinjuku-2026-r2-giin-8,hard,summary,G8-H-03,保護者の経済的負担を軽減し教育活動の充実を図るため、区立学校の修学旅行費を無償化する,https://www.city.shinjuku.lg.jp/content/000459252.pdf,14afb68aedc9c04d403ea2156c535ec7fabebe3cdccd04217df5bfd8648faa8d,議案の概要と審議結果 議員提出議案,保護者の経済的負担を軽減し、教育活動の充実を図る必要があるため、区立学校における修学旅行費を無償化する。,supported,fe9c8d8da6584e9e10f73c3b7eeea172717436b8ec944caca0832d690d0d48a2
shinjuku-2026-r2-giin-8,hard,summary,G8-H-04,委員会は第8号を起立少数で否決すべきものと決定した,https://ssp.kaigiroku.net/tenant/shinjuku/MinuteView.html?council_id=3190&schedule_id=2&minute_id=22,e849e5209848839ea86763e83596acf9f18b051fb3b690fa247461fb120d27a7,文教子ども家庭委員会 6月15日 委員長,起立少数と認めます。　よって、議員提出議案第８号は否決すべきものと決定いたしました,supported,fe9c8d8da6584e9e10f73c3b7eeea172717436b8ec944caca0832d690d0d48a2
shinjuku-2026-r2-giin-8,hard,summary,G8-H-05,本会議は第8号を起立少数で否決した,https://ssp.kaigiroku.net/tenant/shinjuku/MinuteView.html?council_id=3193&schedule_id=4&minute_id=79,6c5cee7b0e568b912cd6a1aeab4049ba4dc242dc5ae44d0c882c2e084466099f,本会議 6月19日 議長,起立少数と認めます。　本案は、否決されました,supported,fe9c8d8da6584e9e10f73c3b7eeea172717436b8ec944caca0832d690d0d48a2
shinjuku-2026-r2-giin-8,hard,content,G8-H-06,日本共産党新宿区議会議員団とれいわ新選組 新宿の2会派、実質8名が提案した,https://ssp.kaigiroku.net/tenant/shinjuku/MinuteView.html?council_id=3193&schedule_id=3&minute_id=187,a3e855306ee9378a0f9e327d45d9762c9956e0202be5f25bb5a0b5ad849fa16d,本会議 6月11日 提案説明（高月まな議員）,日本共産党新宿区議会議員団と、れいわ新選組　新宿の２会派、実質８名により提案をいたしました,supported,fe9c8d8da6584e9e10f73c3b7eeea172717436b8ec944caca0832d690d0d48a2
shinjuku-2026-r2-giin-8,hard,content,G8-H-07,第7・8号は文教子ども家庭委員会に付託された,https://ssp.kaigiroku.net/tenant/shinjuku/MinuteView.html?council_id=3193&schedule_id=3&minute_id=188,2a92a45db9a6dce4ad1296b5a958dd2b07d17dd7900c964b0958ec843909ec42,本会議 6月11日 議長,議員提出議案第７号及び議員提出議案第８号は、議案付託表のとおり、文教子ども家庭委員会に付託します,supported,fe9c8d8da6584e9e10f73c3b7eeea172717436b8ec944caca0832d690d0d48a2
shinjuku-2026-r2-giin-8,hard,content,G8-H-08,会議録本文は条例案の条文を載せず「巻末議案の部参照」とだけ記す,https://ssp.kaigiroku.net/tenant/shinjuku/MinuteView.html?council_id=3193&schedule_id=3&minute_id=185,1d2c9397808beb08d1eb1a043b510e8222d59416d75184c616a3eef097e76a18,本会議 6月11日 議題,〔巻末議案の部参照〕,supported,fe9c8d8da6584e9e10f73c3b7eeea172717436b8ec944caca0832d690d0d48a2
shinjuku-2026-r2-giin-8,hard,content,G8-H-09,会期ページは第7・8号の件名だけを載せ、条例案の全文を掲載していない,https://www.city.shinjuku.lg.jp/kusei/file08_05_0003820210204_00014.html,6b649b44d5a36dc3ab890a6bc2d30fb82536fd9edcbba53274cc648aa0a3f376,議会公式 会期ページ,議員提出議案第7号新宿区立学校における学用品の給付に関する条例…議員提出議案第8号新宿区立学校における修学旅行費の無償化に関する条例,supported,fe9c8d8da6584e9e10f73c3b7eeea172717436b8ec944caca0832d690d0d48a2
shinjuku-2026-r2-giin-8,hard,content,G8-H-10,"提出者は費用を学用品費2億3,803万7,000円、修学旅行費5,657万2,000円、合計2億9,461万2,000円と説明した",https://ssp.kaigiroku.net/tenant/shinjuku/MinuteView.html?council_id=3190&schedule_id=1&minute_id=137,e55807601218813162f0b6c6eeb757d6e0b78ceecb30e2eac58fed85b158c80d,文教子ども家庭委員会 6月12日 佐藤佳一議員,"学用品費が２億3,803万7,000円、修学旅行費が中学３年生5,657万2,000円というふうに、合計が２億9,461万2,000円です",supported,fe9c8d8da6584e9e10f73c3b7eeea172717436b8ec944caca0832d690d0d48a2
shinjuku-2026-r2-giin-8,hard,content,G8-H-11,提出者は財源に国の公立学校給食負担軽減事業による歳入（3億円以上）を挙げ、ほぼ賄えるとした,https://ssp.kaigiroku.net/tenant/shinjuku/MinuteView.html?council_id=3190&schedule_id=1&minute_id=137,e55807601218813162f0b6c6eeb757d6e0b78ceecb30e2eac58fed85b158c80d,文教子ども家庭委員会 6月12日 佐藤佳一議員,国がやっている公立学校給食負担軽減事業費というのがあります…３億円以上という金額が入ってきますので、逆にお釣りが来るぐらいの、ほぼ賄える,supported,fe9c8d8da6584e9e10f73c3b7eeea172717436b8ec944caca0832d690d0d48a2
shinjuku-2026-r2-giin-8,hard,content,G8-H-12,"学校運営課長は、給食無償化の国の助成金で交付申請額7億5,600万円、令和7・8年度の差額3億9,000万円程度の見込み、当初予算で想定していない歳入で別の使い道は特段検討していないと答えた",https://ssp.kaigiroku.net/tenant/shinjuku/MinuteView.html?council_id=3190&schedule_id=1&minute_id=139,300529ce709a5abd7b95aaae343b9d5bffd3e0f1e5b93d9223308e8fa4ab8905,文教子ども家庭委員会 6月12日 学校運営課長,"国のほうが小学校の給食無償化というところで、助成金の予算をつけていただいたものになります…交付申請が７億5,600万円…３億9,000万円程度が見込まれる…当初想定をして予算計上していなかったもの…別の使い道といったところは特段検討していない",supported,fe9c8d8da6584e9e10f73c3b7eeea172717436b8ec944caca0832d690d0d48a2
shinjuku-2026-r2-giin-8,hard,content,G8-H-13,委員会の審査報告は第7・8号とも否決,https://ssp.kaigiroku.net/tenant/shinjuku/MinuteView.html?council_id=3193&schedule_id=4&minute_id=73,ba10037585e08e29985fcc017d699a1b467dfcebb4938ee20e8c83b5d928b5ac,本会議 6月19日 議長,文教子ども家庭委員会審査報告書は、いずれも否決です,supported,fe9c8d8da6584e9e10f73c3b7eeea172717436b8ec944caca0832d690d0d48a2
shinjuku-2026-r2-giin-8,hard,content,G8-H-14,本会議で近藤なつ子議員が少数意見を報告した,https://ssp.kaigiroku.net/tenant/shinjuku/MinuteView.html?council_id=3193&schedule_id=4&minute_id=74,8bc3b3d362889d39a1d2f6b1fc71417d031c6694ee8c40edb6e15e06c1c9ab6b,本会議 6月19日 近藤なつ子議員（少数意見報告）,文教子ども家庭委員会において、私、近藤なつ子は賛成し、少数意見を留保いたしましたので報告いたします,supported,fe9c8d8da6584e9e10f73c3b7eeea172717436b8ec944caca0832d690d0d48a2
shinjuku-2026-r2-giin-8,hard,content,G8-H-15,本会議でさわいめぐみ議員（れいわ新選組 新宿）が第7・8号に賛成の立場から討論した,https://ssp.kaigiroku.net/tenant/shinjuku/MinuteView.html?council_id=3193&schedule_id=4&minute_id=76,83b0af115a6ceaa61ab3f4b8ca2480d2c1b1808252abb136704a5995d2b7c1f6,本会議 6月19日 さわいめぐみ議員,れいわ新選組　新宿のさわいめぐみです。…議員提出議案第７号　新宿区立学校における学用品の給付に関する条例及び議員提出議案第８号　新宿区立学校における修学旅行費の無償化に関する条例に賛成の立場から討論を行います,supported,fe9c8d8da6584e9e10f73c3b7eeea172717436b8ec944caca0832d690d0d48a2
shinjuku-2026-r2-giin-8,hard,content,G8-H-16,本会議の討論はさわいめぐみ議員の1件で終わり、反対の立場からの討論はなかった,https://ssp.kaigiroku.net/tenant/shinjuku/MinuteView.html?council_id=3193&schedule_id=4&minute_id=77,e66066cd5887f008b62245492e1558cc80dc10f2467b7e9c58a12d73b4ead7c7,本会議 6月19日 議長,以上で討論は終わりました,supported,fe9c8d8da6584e9e10f73c3b7eeea172717436b8ec944caca0832d690d0d48a2
shinjuku-2026-r2-giin-8,hard,content,G8-H-17,さわいめぐみ議員の会派は採決時「れいわ新選組 新宿」（令和8年8月7日に名称変更）,https://www.city.shinjuku.lg.jp/kusei/file08_00003.html,5b6184d6f8102605b4c6470e4f330d5daa7fad29e5dbd898f7bda562d6ad2380,会派構成,いのちの党新宿（1人）[幹事長・会計]さわいめぐみ※令和8年8月7日付けで会派名称を「れいわ新選組新宿」から「いのちの党新宿」に変更しました,supported,fe9c8d8da6584e9e10f73c3b7eeea172717436b8ec944caca0832d690d0d48a2
shinjuku-2026-r2-giin-8,hard,content,G8-H-18,近藤なつ子議員は日本共産党新宿区議会議員団に所属,https://www.city.shinjuku.lg.jp/kusei/file08_00003.html,5b6184d6f8102605b4c6470e4f330d5daa7fad29e5dbd898f7bda562d6ad2380,会派構成,日本共産党新宿区議会議員団（7人）[団長]沢田あゆみ[副団長]近藤なつ子,supported,fe9c8d8da6584e9e10f73c3b7eeea172717436b8ec944caca0832d690d0d48a2
shinjuku-2026-r2-giin-8,hard,content,G8-H-19,第1回定例会でも同様の提案を行った,https://ssp.kaigiroku.net/tenant/shinjuku/MinuteView.html?council_id=3193&schedule_id=3&minute_id=187,a3e855306ee9378a0f9e327d45d9762c9956e0202be5f25bb5a0b5ad849fa16d,本会議 6月11日 提案説明（高月まな議員）,本年第１回定例会でも同様の提案を行いましたが,supported,fe9c8d8da6584e9e10f73c3b7eeea172717436b8ec944caca0832d690d0d48a2
shinjuku-2026-r2-giin-8,hard,content,G8-H-20,提出者の杉山直子議員が第8号を説明した,https://ssp.kaigiroku.net/tenant/shinjuku/MinuteView.html?council_id=3190&schedule_id=1&minute_id=124,4ad4301817856103e74740ccc26ef22e11967c9ae240744f44d381c705e67cba,文教子ども家庭委員会 6月12日 杉山直子議員,議員提出議案第８号　新宿区立学校における修学旅行費の無償化に関する条例案について、提出者を代表して御説明します,supported,fe9c8d8da6584e9e10f73c3b7eeea172717436b8ec944caca0832d690d0d48a2
shinjuku-2026-r2-giin-8,hard,content,G8-H-21,第1条は区立中学校の生徒の保護者が負担する修学旅行経費の無償化による負担軽減と教育活動の充実を目的とする,https://ssp.kaigiroku.net/tenant/shinjuku/MinuteView.html?council_id=3190&schedule_id=1&minute_id=124,4ad4301817856103e74740ccc26ef22e11967c9ae240744f44d381c705e67cba,文教子ども家庭委員会 6月12日 杉山直子議員,新宿区立中学校（以下、「区立学校」という）に在籍する生徒の保護者が負担する修学旅行に要する経費を無償化することにより、当該保護者の経済的負担を軽減し、もって教育活動の充実を図ることを目的としています,supported,fe9c8d8da6584e9e10f73c3b7eeea172717436b8ec944caca0832d690d0d48a2
shinjuku-2026-r2-giin-8,hard,content,G8-H-22,第2条は区立学校の生徒の保護者が負担する修学旅行費を対象とする,https://ssp.kaigiroku.net/tenant/shinjuku/MinuteView.html?council_id=3190&schedule_id=1&minute_id=124,4ad4301817856103e74740ccc26ef22e11967c9ae240744f44d381c705e67cba,文教子ども家庭委員会 6月12日 杉山直子議員,区立学校に在籍する生徒の保護者が負担する修学旅行費を対象とします,supported,fe9c8d8da6584e9e10f73c3b7eeea172717436b8ec944caca0832d690d0d48a2
shinjuku-2026-r2-giin-8,hard,content,G8-H-23,第3条の対象経費は交通費・宿泊費・見学料、不参加による取消料、中止・延期による取消料、その他教育委員会が必要と認める経費,https://ssp.kaigiroku.net/tenant/shinjuku/MinuteView.html?council_id=3190&schedule_id=1&minute_id=124,4ad4301817856103e74740ccc26ef22e11967c9ae240744f44d381c705e67cba,文教子ども家庭委員会 6月12日 杉山直子議員,修学旅行に要する交通費、宿泊費及び見学料、２、生徒の一部が修学旅行に参加しなかったことにより生じる取消料、３、修学旅行を中止または延期したことにより生じる取消料、４、その他新宿区教育委員会が必要と認める経費を定めています,supported,fe9c8d8da6584e9e10f73c3b7eeea172717436b8ec944caca0832d690d0d48a2
shinjuku-2026-r2-giin-8,hard,content,G8-H-24,第4条は教育委員会が校長に補助金を交付する方法とする,https://ssp.kaigiroku.net/tenant/shinjuku/MinuteView.html?council_id=3190&schedule_id=1&minute_id=124,4ad4301817856103e74740ccc26ef22e11967c9ae240744f44d381c705e67cba,文教子ども家庭委員会 6月12日 杉山直子議員,教育委員会が区立学校の校長に対し、補助金を交付する方法により行うことなどを定めています,supported,fe9c8d8da6584e9e10f73c3b7eeea172717436b8ec944caca0832d690d0d48a2
shinjuku-2026-r2-giin-8,hard,content,G8-H-25,第5条は給付額（説明は条名のみ）,https://ssp.kaigiroku.net/tenant/shinjuku/MinuteView.html?council_id=3190&schedule_id=1&minute_id=124,4ad4301817856103e74740ccc26ef22e11967c9ae240744f44d381c705e67cba,文教子ども家庭委員会 6月12日 杉山直子議員,第５条は給付額です,supported,fe9c8d8da6584e9e10f73c3b7eeea172717436b8ec944caca0832d690d0d48a2
shinjuku-2026-r2-giin-8,hard,content,G8-H-26,第6条は校長の申請と教育委員会の決定を定める,https://ssp.kaigiroku.net/tenant/shinjuku/MinuteView.html?council_id=3190&schedule_id=1&minute_id=124,4ad4301817856103e74740ccc26ef22e11967c9ae240744f44d381c705e67cba,文教子ども家庭委員会 6月12日 杉山直子議員,校長が教育委員会に対し、補助金の交付申請を行い、教育委員会が交付申請の内容を審査し、補助金の交付の可否及び額を決定することとしています,supported,fe9c8d8da6584e9e10f73c3b7eeea172717436b8ec944caca0832d690d0d48a2
shinjuku-2026-r2-giin-8,hard,content,G8-H-27,第7条は実績報告,https://ssp.kaigiroku.net/tenant/shinjuku/MinuteView.html?council_id=3190&schedule_id=1&minute_id=124,4ad4301817856103e74740ccc26ef22e11967c9ae240744f44d381c705e67cba,文教子ども家庭委員会 6月12日 杉山直子議員,第７条は実績報告です,supported,fe9c8d8da6584e9e10f73c3b7eeea172717436b8ec944caca0832d690d0d48a2
shinjuku-2026-r2-giin-8,hard,content,G8-H-28,第8条は過誤納の返還を定める,https://ssp.kaigiroku.net/tenant/shinjuku/MinuteView.html?council_id=3190&schedule_id=1&minute_id=124,4ad4301817856103e74740ccc26ef22e11967c9ae240744f44d381c705e67cba,文教子ども家庭委員会 6月12日 杉山直子議員,教育委員会は、補助金に過誤納があった場合に、校長に対して返還を求めることができることを定めています,supported,fe9c8d8da6584e9e10f73c3b7eeea172717436b8ec944caca0832d690d0d48a2
shinjuku-2026-r2-giin-8,hard,content,G8-H-29,第9条は補則,https://ssp.kaigiroku.net/tenant/shinjuku/MinuteView.html?council_id=3190&schedule_id=1&minute_id=124,4ad4301817856103e74740ccc26ef22e11967c9ae240744f44d381c705e67cba,文教子ども家庭委員会 6月12日 杉山直子議員,第９条は補則について規定しています,supported,fe9c8d8da6584e9e10f73c3b7eeea172717436b8ec944caca0832d690d0d48a2
shinjuku-2026-r2-giin-8,hard,content,G8-H-30,施行日は令和9年4月1日,https://ssp.kaigiroku.net/tenant/shinjuku/MinuteView.html?council_id=3190&schedule_id=1&minute_id=124,4ad4301817856103e74740ccc26ef22e11967c9ae240744f44d381c705e67cba,文教子ども家庭委員会 6月12日 杉山直子議員,附則は施行日について、令和９年４月１日と規定しています,supported,fe9c8d8da6584e9e10f73c3b7eeea172717436b8ec944caca0832d690d0d48a2
shinjuku-2026-r2-giin-8,hard,content,G8-H-31,第8号は区立中学校の修学旅行経費を無償化し保護者負担を軽減する提案,https://ssp.kaigiroku.net/tenant/shinjuku/MinuteView.html?council_id=3193&schedule_id=3&minute_id=187,a3e855306ee9378a0f9e327d45d9762c9956e0202be5f25bb5a0b5ad849fa16d,本会議 6月11日 提案説明（高月まな議員）,本案は、新宿区立の中学校における修学旅行に必要な経費を無償化することにより、保護者の経済的負担を軽減し、教育活動の充実を図るため、提案するものです,supported,fe9c8d8da6584e9e10f73c3b7eeea172717436b8ec944caca0832d690d0d48a2
shinjuku-2026-r2-giin-8,hard,content,G8-H-32,23区で学用品の無償化は11区、修学旅行の無償化は12区、一部補助は4区,https://ssp.kaigiroku.net/tenant/shinjuku/MinuteView.html?council_id=3193&schedule_id=3&minute_id=187,a3e855306ee9378a0f9e327d45d9762c9956e0202be5f25bb5a0b5ad849fa16d,本会議 6月11日 提案説明（高月まな議員）,学用品の無償化を行う区は11区、修学旅行の無償化は12区、修学旅行の一部補助を行う区は４区に広がっています,supported,fe9c8d8da6584e9e10f73c3b7eeea172717436b8ec944caca0832d690d0d48a2
shinjuku-2026-r2-giin-8,hard,content,G8-H-33,渡辺やすし委員は私立・国立に通う子どもが対象外になる点を質した,https://ssp.kaigiroku.net/tenant/shinjuku/MinuteView.html?council_id=3190&schedule_id=1&minute_id=130,6a1d5605e6fc9945d438f8279281fb975772d724f711949a50f3986155e0dca9,文教子ども家庭委員会 6月12日 渡辺やすし委員,私立、国立と、区立に通っていない人は対象外ですよね,supported,fe9c8d8da6584e9e10f73c3b7eeea172717436b8ec944caca0832d690d0d48a2
shinjuku-2026-r2-giin-8,hard,content,G8-H-34,おやまだ静香委員は国・都からのお金の継続性と、財源・優先順位の説明の必要を会派の意見として述べた,https://ssp.kaigiroku.net/tenant/shinjuku/MinuteView.html?council_id=3190&schedule_id=1&minute_id=157,2a9289375bb91350fb92e6755d248d7a9057068a4278150fb7655d499f7ccbef,文教子ども家庭委員会 6月12日 おやまだ静香委員,国とか都から下りてくるそのお金というのが、ずっと継続的にあるのかどうかというところも、確実なものではない可能性もある…何を削って財源をどう確保するのか、優先順位をどうつけていくのか…これは会派としての意見でございます,supported,fe9c8d8da6584e9e10f73c3b7eeea172717436b8ec944caca0832d690d0d48a2
shinjuku-2026-r2-giin-8,hard,content,G8-H-35,"12区に加えて4区が一部を負担（中央区3万6,000円、文京区1万円、渋谷区2万円、港区は7万円を超える分を補助）",https://ssp.kaigiroku.net/tenant/shinjuku/MinuteView.html?council_id=3190&schedule_id=1&minute_id=166,e58fc7b3ed9b482a805da91746505234a2c3dd467f54c3d123e1c771c86c420a,文教子ども家庭委員会 6月12日 佐藤佳一議員,"一部負担をしている区は、先ほど12区に加えて４区、中央区３万6,000円、文京区１万円、渋谷区２万円、それから港区はちょっと特別で、７万円を超える分を補助するという立てつけになっております",supported,fe9c8d8da6584e9e10f73c3b7eeea172717436b8ec944caca0832d690d0d48a2
shinjuku-2026-r2-giin-8,hard,content,G8-H-36,近藤なつ子副委員長が他区の傾向を尋ねた,https://ssp.kaigiroku.net/tenant/shinjuku/MinuteView.html?council_id=3190&schedule_id=1&minute_id=165,914b4e4d20d4bf82620c7dee106f39e52124aec7456dfa47c8788071a74f7167,文教子ども家庭委員会 6月12日 近藤なつ子副委員長,その辺の傾向についてもう一言、提案者のほうから、今の事情を御説明いただけると助かります,supported,fe9c8d8da6584e9e10f73c3b7eeea172717436b8ec944caca0832d690d0d48a2
shinjuku-2026-r2-giin-8,hard,content,G8-H-37,近藤なつ子副委員長は修学旅行の金額が毎年のように上がっており負担軽減に意義があるとして賛成し、12区が無償化、4区が一部負担していると述べた,https://ssp.kaigiroku.net/tenant/shinjuku/MinuteView.html?council_id=3190&schedule_id=2&minute_id=19,bd6f767c48b9c9ccd01535c523db142d4d6450a0941480949aa3fa59ebd4d8aa,文教子ども家庭委員会 6月15日 近藤なつ子副委員長（討論）,修学旅行の金額は、この間の物価高等で毎年のように上がってきています。その負担を軽減するということは大変意義あるものだと思っています。既に23区の中では、現時点で12区が無償にするということを決めています。さらに、23区の中で４区が修学旅行費の一部負担をしている,supported,fe9c8d8da6584e9e10f73c3b7eeea172717436b8ec944caca0832d690d0d48a2
shinjuku-2026-r2-giin-8,hard,content,G8-H-38,第8号の委員会討論は近藤なつ子副委員長の賛成討論のみで、他に発言はなかった,https://ssp.kaigiroku.net/tenant/shinjuku/MinuteView.html?council_id=3190&schedule_id=2&minute_id=20,9f0656cf09abe7d25dd45814e112786ff0f2ab7dadb22c6273a78277a5f0e41a,文教子ども家庭委員会 6月15日 委員長,ほかに御発言のある方。　　　　　　〔発言する者なし〕,supported,fe9c8d8da6584e9e10f73c3b7eeea172717436b8ec944caca0832d690d0d48a2
shinjuku-2026-r2-giin-8,hard,content,G8-H-39,委員会は第8号を起立少数で否決すべきものと決定した,https://ssp.kaigiroku.net/tenant/shinjuku/MinuteView.html?council_id=3190&schedule_id=2&minute_id=22,e849e5209848839ea86763e83596acf9f18b051fb3b690fa247461fb120d27a7,文教子ども家庭委員会 6月15日 委員長,起立少数と認めます。　よって、議員提出議案第８号は否決すべきものと決定いたしました,supported,fe9c8d8da6584e9e10f73c3b7eeea172717436b8ec944caca0832d690d0d48a2
shinjuku-2026-r2-giin-8,hard,content,G8-H-40,近藤なつ子副委員長が少数意見を留保した,https://ssp.kaigiroku.net/tenant/shinjuku/MinuteView.html?council_id=3190&schedule_id=2&minute_id=23,cb68753daa8918bc0be3399836c6d04523a5d670be96a0adeab16cf5f73ec051,文教子ども家庭委員会 6月15日 近藤なつ子副委員長,私は少数意見を留保いたします,supported,fe9c8d8da6584e9e10f73c3b7eeea172717436b8ec944caca0832d690d0d48a2
shinjuku-2026-r2-giin-8,hard,content,G8-H-41,"近藤なつ子議員は新たに約6,000万円あれば修学旅行費の無償化ができると述べた",https://ssp.kaigiroku.net/tenant/shinjuku/MinuteView.html?council_id=3193&schedule_id=4&minute_id=74,8bc3b3d362889d39a1d2f6b1fc71417d031c6694ee8c40edb6e15e06c1c9ab6b,本会議 6月19日 近藤なつ子議員（少数意見報告）,"新たに約6,000万円あれば、区立学校の修学旅行費の無償化ができます",supported,fe9c8d8da6584e9e10f73c3b7eeea172717436b8ec944caca0832d690d0d48a2
shinjuku-2026-r2-giin-8,hard,content,G8-H-42,本会議は第8号を起立少数で否決した,https://ssp.kaigiroku.net/tenant/shinjuku/MinuteView.html?council_id=3193&schedule_id=4&minute_id=79,6c5cee7b0e568b912cd6a1aeab4049ba4dc242dc5ae44d0c882c2e084466099f,本会議 6月19日 議長,起立少数と認めます。　本案は、否決されました,supported,fe9c8d8da6584e9e10f73c3b7eeea172717436b8ec944caca0832d690d0d48a2
shinjuku-2026-r2-giin-9,easy,title,G9-E-01,件名は「ドナーミルクの利用拡大を求める意見書」,https://www.city.shinjuku.lg.jp/content/000459252.pdf,14afb68aedc9c04d403ea2156c535ec7fabebe3cdccd04217df5bfd8648faa8d,議案の概要と審議結果 議員提出議案,ドナーミルクの利用拡大を求める意見書,supported,7db8e673dbba6d3eb532d4ea1d64ae802e7268777d9442f7380f3771a4672e1d
shinjuku-2026-r2-giin-9,easy,summary,G9-E-02,低出生体重児等の命を守り健やかな成長を支える観点から要望する,https://www.city.shinjuku.lg.jp/content/000459264.pdf,dfe433d883c103784514bf5dcf8d2edc814f7f4381eab2c7d7bf4cd69e897986,意見書 本文,低出生体重児等の命を守り、その健やかな成長を支える観点から,supported,7db8e673dbba6d3eb532d4ea1d64ae802e7268777d9442f7380f3771a4672e1d
shinjuku-2026-r2-giin-9,easy,summary,G9-E-03,要望1: 法的位置付けの早期明確化,https://www.city.shinjuku.lg.jp/content/000459264.pdf,dfe433d883c103784514bf5dcf8d2edc814f7f4381eab2c7d7bf4cd69e897986,意見書 記1,ドナーミルクの法的位置付けを一日も早く明確化すること,supported,7db8e673dbba6d3eb532d4ea1d64ae802e7268777d9442f7380f3771a4672e1d
shinjuku-2026-r2-giin-9,easy,summary,G9-E-04,2法人が国内3箇所の母乳バンク拠点を運営し医療機関に提供しているが、法的な仕組みとして位置付けられていない,https://www.city.shinjuku.lg.jp/content/000459264.pdf,dfe433d883c103784514bf5dcf8d2edc814f7f4381eab2c7d7bf4cd69e897986,意見書 本文,一般社団法人日本母乳バンク協会と一般財団法人日本財団母乳バンクの２法人が国内３箇所の母乳バンク拠点の運営を担い、ドナーミルクを医療機関に提供していますが、法的な仕組みとしては位置付けられていません,supported,7db8e673dbba6d3eb532d4ea1d64ae802e7268777d9442f7380f3771a4672e1d
shinjuku-2026-r2-giin-9,easy,summary,G9-E-05,第9・10号は議案の朗読、説明及び委員会付託を省略して採決された,https://ssp.kaigiroku.net/tenant/shinjuku/MinuteView.html?council_id=3193&schedule_id=4&minute_id=83,7b7ebc0e632c5f92af17e76965c36a18425ccc3afef26de2bc7833a5c1fce326,本会議 6月19日 議長,議案の朗読は省略します。　これから説明及び委員会付託を省略して採決します。　本案をいずれも原案のとおり可決することに御異議ありませんか,supported,7db8e673dbba6d3eb532d4ea1d64ae802e7268777d9442f7380f3771a4672e1d
shinjuku-2026-r2-giin-9,easy,summary,G9-E-06,第9・10号は異議なく原案可決された,https://ssp.kaigiroku.net/tenant/shinjuku/MinuteView.html?council_id=3193&schedule_id=4&minute_id=84,cd524d0ea6c54c30947e8e5f6073a0c8b9dfc555e94b0553507bc3b052400508,本会議 6月19日 議長,異議なしと認めます。　本案は、いずれも原案のとおり可決されました,supported,7db8e673dbba6d3eb532d4ea1d64ae802e7268777d9442f7380f3771a4672e1d
shinjuku-2026-r2-giin-9,easy,content,G9-E-07,議会は公益に関する事件につき意見書を国会又は関係行政庁に提出できる,https://laws.e-gov.go.jp/api/1/articles;lawNum=昭和二十二年法律第六十七号;article=第九十九条,d8bc582a441257568af0498f062e377edbe49da0428548ec0c1771f73e69d4ce,地方自治法第99条,普通地方公共団体の議会は、当該普通地方公共団体の公益に関する事件につき意見書を国会又は関係行政庁に提出することができる。,supported,7db8e673dbba6d3eb532d4ea1d64ae802e7268777d9442f7380f3771a4672e1d
shinjuku-2026-r2-giin-9,easy,content,G9-E-08,意見書は地方自治法第99条に基づき提出する,https://www.city.shinjuku.lg.jp/content/000459264.pdf,dfe433d883c103784514bf5dcf8d2edc814f7f4381eab2c7d7bf4cd69e897986,意見書 本文,以上、地方自治法第９９条に基づき意見書を提出します,supported,7db8e673dbba6d3eb532d4ea1d64ae802e7268777d9442f7380f3771a4672e1d
shinjuku-2026-r2-giin-9,easy,content,G9-E-09,日付は令和8年6月19日,https://www.city.shinjuku.lg.jp/content/000459264.pdf,dfe433d883c103784514bf5dcf8d2edc814f7f4381eab2c7d7bf4cd69e897986,意見書 本文,令和８年６月１９日,supported,7db8e673dbba6d3eb532d4ea1d64ae802e7268777d9442f7380f3771a4672e1d
shinjuku-2026-r2-giin-9,easy,content,G9-E-10,あて先は衆議院議長、参議院議長、内閣総理大臣、厚生労働大臣、内閣府特命担当大臣（こども政策）,https://www.city.shinjuku.lg.jp/content/000459264.pdf,dfe433d883c103784514bf5dcf8d2edc814f7f4381eab2c7d7bf4cd69e897986,意見書 あて先,内閣総理大臣厚生労働大臣内閣府特命担当大臣（こども政策）,supported,7db8e673dbba6d3eb532d4ea1d64ae802e7268777d9442f7380f3771a4672e1d
shinjuku-2026-r2-giin-9,easy,content,G9-E-11,あて先に衆議院議長・参議院議長を含む,https://www.city.shinjuku.lg.jp/content/000459264.pdf,dfe433d883c103784514bf5dcf8d2edc814f7f4381eab2c7d7bf4cd69e897986,意見書 あて先,衆議院議長参議院議長,supported,7db8e673dbba6d3eb532d4ea1d64ae802e7268777d9442f7380f3771a4672e1d
shinjuku-2026-r2-giin-9,easy,content,G9-E-12,"2,500グラム未満の低出生体重児が約10人に1人の割合で生まれている",https://www.city.shinjuku.lg.jp/content/000459264.pdf,dfe433d883c103784514bf5dcf8d2edc814f7f4381eab2c7d7bf4cd69e897986,意見書 本文,出生時の体重が２，５００グラム未満の低出生体重児が、約１０人に１人の割合で生まれています,supported,7db8e673dbba6d3eb532d4ea1d64ae802e7268777d9442f7380f3771a4672e1d
shinjuku-2026-r2-giin-9,easy,content,G9-E-13,"1,500グラム未満の極低出生体重児には感染症等のリスクを減らすため出産後すぐに母乳を与えることが有効とされる",https://www.city.shinjuku.lg.jp/content/000459264.pdf,dfe433d883c103784514bf5dcf8d2edc814f7f4381eab2c7d7bf4cd69e897986,意見書 本文,１，５００グラム未満の極低出生体重児にとっては、感染症や合併症等のリスクを減らすため、出産後すぐに母乳を与えることが有効とされています,supported,7db8e673dbba6d3eb532d4ea1d64ae802e7268777d9442f7380f3771a4672e1d
shinjuku-2026-r2-giin-9,easy,content,G9-E-14,母親から十分な母乳が得られない場合があり、寄付された母乳「ドナーミルク」を提供する「母乳バンク」の取組は重要,https://www.city.shinjuku.lg.jp/content/000459264.pdf,dfe433d883c103784514bf5dcf8d2edc814f7f4381eab2c7d7bf4cd69e897986,意見書 本文,早産や帝王切開など母体の健康状態等により、母親から十分な母乳が得られない場合があり、寄付された母乳である「ドナーミルク」を提供する「母乳バンク」の取組は極めて重要です,supported,7db8e673dbba6d3eb532d4ea1d64ae802e7268777d9442f7380f3771a4672e1d
shinjuku-2026-r2-giin-9,easy,content,G9-E-15,2法人が国内3箇所の母乳バンク拠点を運営し医療機関に提供しているが、法的な仕組みとして位置付けられていない,https://www.city.shinjuku.lg.jp/content/000459264.pdf,dfe433d883c103784514bf5dcf8d2edc814f7f4381eab2c7d7bf4cd69e897986,意見書 本文,一般社団法人日本母乳バンク協会と一般財団法人日本財団母乳バンクの２法人が国内３箇所の母乳バンク拠点の運営を担い、ドナーミルクを医療機関に提供していますが、法的な仕組みとしては位置付けられていません,supported,7db8e673dbba6d3eb532d4ea1d64ae802e7268777d9442f7380f3771a4672e1d
shinjuku-2026-r2-giin-9,easy,content,G9-E-16,費用等が実質的に医療機関の負担となり、ドナー登録の事務処理等が登録施設の拡充を阻んでいると考えられる,https://www.city.shinjuku.lg.jp/content/000459264.pdf,dfe433d883c103784514bf5dcf8d2edc814f7f4381eab2c7d7bf4cd69e897986,意見書 本文,ドナーミルクの使用に伴う費用等が実質的に医療機関の負担となっていることに加え、ドナー登録における事務処理等が登録施設の拡充を阻んでいると考えられます,supported,7db8e673dbba6d3eb532d4ea1d64ae802e7268777d9442f7380f3771a4672e1d
shinjuku-2026-r2-giin-9,easy,content,G9-E-17,低出生体重児等の命を守り健やかな成長を支える観点から要望する,https://www.city.shinjuku.lg.jp/content/000459264.pdf,dfe433d883c103784514bf5dcf8d2edc814f7f4381eab2c7d7bf4cd69e897986,意見書 本文,低出生体重児等の命を守り、その健やかな成長を支える観点から,supported,7db8e673dbba6d3eb532d4ea1d64ae802e7268777d9442f7380f3771a4672e1d
shinjuku-2026-r2-giin-9,easy,content,G9-E-18,要望1: 法的位置付けの早期明確化,https://www.city.shinjuku.lg.jp/content/000459264.pdf,dfe433d883c103784514bf5dcf8d2edc814f7f4381eab2c7d7bf4cd69e897986,意見書 記1,ドナーミルクの法的位置付けを一日も早く明確化すること,supported,7db8e673dbba6d3eb532d4ea1d64ae802e7268777d9442f7380f3771a4672e1d
shinjuku-2026-r2-giin-9,easy,content,G9-E-19,要望2: NICU等を有する医療機関の導入に必要な設備整備・事務手続きへの支援,https://www.city.shinjuku.lg.jp/content/000459264.pdf,dfe433d883c103784514bf5dcf8d2edc814f7f4381eab2c7d7bf4cd69e897986,意見書 記2,ＮＩＣＵ等を有する医療機関においてもドナーミルク導入が十分に進んでいない現状を踏まえ、導入に必要な設備整備及び事務手続きに対する支援を行うこと,supported,7db8e673dbba6d3eb532d4ea1d64ae802e7268777d9442f7380f3771a4672e1d
shinjuku-2026-r2-giin-9,easy,content,G9-E-20,要望3: 母乳バンク運営・殺菌処理・ドナー検査等への支援,https://www.city.shinjuku.lg.jp/content/000459264.pdf,dfe433d883c103784514bf5dcf8d2edc814f7f4381eab2c7d7bf4cd69e897986,意見書 記3,母乳バンクの運営、ドナーミルクの殺菌処理及びドナーの検査等に対する支援を行うこと,supported,7db8e673dbba6d3eb532d4ea1d64ae802e7268777d9442f7380f3771a4672e1d
shinjuku-2026-r2-giin-9,easy,content,G9-E-21,要望4: 産婦健康診査や産後ケア等での周知機会の拡大,https://www.city.shinjuku.lg.jp/content/000459264.pdf,dfe433d883c103784514bf5dcf8d2edc814f7f4381eab2c7d7bf4cd69e897986,意見書 記4,ドナー登録者数を増やすため、産婦健康診査時や産後ケア等での周知機会の拡大を進めること,supported,7db8e673dbba6d3eb532d4ea1d64ae802e7268777d9442f7380f3771a4672e1d
shinjuku-2026-r2-giin-9,easy,content,G9-E-22,要望5: 医療現場と国民への普及啓発,https://www.city.shinjuku.lg.jp/content/000459264.pdf,dfe433d883c103784514bf5dcf8d2edc814f7f4381eab2c7d7bf4cd69e897986,意見書 記5,ドナーミルクの重要性及び正しい知識について、医療現場及び国民に対し広く普及啓発を図ること,supported,7db8e673dbba6d3eb532d4ea1d64ae802e7268777d9442f7380f3771a4672e1d
shinjuku-2026-r2-giin-9,easy,content,G9-E-23,第9・10号は議案の朗読、説明及び委員会付託を省略して採決された,https://ssp.kaigiroku.net/tenant/shinjuku/MinuteView.html?council_id=3193&schedule_id=4&minute_id=83,7b7ebc0e632c5f92af17e76965c36a18425ccc3afef26de2bc7833a5c1fce326,本会議 6月19日 議長,議案の朗読は省略します。　これから説明及び委員会付託を省略して採決します。　本案をいずれも原案のとおり可決することに御異議ありませんか,supported,7db8e673dbba6d3eb532d4ea1d64ae802e7268777d9442f7380f3771a4672e1d
shinjuku-2026-r2-giin-9,easy,content,G9-E-24,第9・10号は異議なく原案可決された,https://ssp.kaigiroku.net/tenant/shinjuku/MinuteView.html?council_id=3193&schedule_id=4&minute_id=84,cd524d0ea6c54c30947e8e5f6073a0c8b9dfc555e94b0553507bc3b052400508,本会議 6月19日 議長,異議なしと認めます。　本案は、いずれも原案のとおり可決されました,supported,7db8e673dbba6d3eb532d4ea1d64ae802e7268777d9442f7380f3771a4672e1d
shinjuku-2026-r2-giin-9,easy,content,G9-E-25,議決結果は可決（全会派賛成）,https://www.city.shinjuku.lg.jp/content/000459252.pdf,14afb68aedc9c04d403ea2156c535ec7fabebe3cdccd04217df5bfd8648faa8d,議案の概要と審議結果 議員提出議案,〇〇〇〇〇〇〇〇可決,supported,7db8e673dbba6d3eb532d4ea1d64ae802e7268777d9442f7380f3771a4672e1d
shinjuku-2026-r2-giin-9,normal,title,G9-N-01,件名は「ドナーミルクの利用拡大を求める意見書」,https://www.city.shinjuku.lg.jp/content/000459252.pdf,14afb68aedc9c04d403ea2156c535ec7fabebe3cdccd04217df5bfd8648faa8d,議案の概要と審議結果 議員提出議案,ドナーミルクの利用拡大を求める意見書,supported,5373a790cacc0db38c408c5f743412ce964c11c563a07eedba1683d0c932a8ba
shinjuku-2026-r2-giin-9,normal,summary,G9-N-02,低出生体重児等の命を守り健やかな成長を支える観点から要望する,https://www.city.shinjuku.lg.jp/content/000459264.pdf,dfe433d883c103784514bf5dcf8d2edc814f7f4381eab2c7d7bf4cd69e897986,意見書 本文,低出生体重児等の命を守り、その健やかな成長を支える観点から,supported,5373a790cacc0db38c408c5f743412ce964c11c563a07eedba1683d0c932a8ba
shinjuku-2026-r2-giin-9,normal,summary,G9-N-03,要望1: 法的位置付けの早期明確化,https://www.city.shinjuku.lg.jp/content/000459264.pdf,dfe433d883c103784514bf5dcf8d2edc814f7f4381eab2c7d7bf4cd69e897986,意見書 記1,ドナーミルクの法的位置付けを一日も早く明確化すること,supported,5373a790cacc0db38c408c5f743412ce964c11c563a07eedba1683d0c932a8ba
shinjuku-2026-r2-giin-9,normal,summary,G9-N-04,2法人が国内3箇所の母乳バンク拠点を運営し医療機関に提供しているが、法的な仕組みとして位置付けられていない,https://www.city.shinjuku.lg.jp/content/000459264.pdf,dfe433d883c103784514bf5dcf8d2edc814f7f4381eab2c7d7bf4cd69e897986,意見書 本文,一般社団法人日本母乳バンク協会と一般財団法人日本財団母乳バンクの２法人が国内３箇所の母乳バンク拠点の運営を担い、ドナーミルクを医療機関に提供していますが、法的な仕組みとしては位置付けられていません,supported,5373a790cacc0db38c408c5f743412ce964c11c563a07eedba1683d0c932a8ba
shinjuku-2026-r2-giin-9,normal,summary,G9-N-05,第9・10号は議案の朗読、説明及び委員会付託を省略して採決された,https://ssp.kaigiroku.net/tenant/shinjuku/MinuteView.html?council_id=3193&schedule_id=4&minute_id=83,7b7ebc0e632c5f92af17e76965c36a18425ccc3afef26de2bc7833a5c1fce326,本会議 6月19日 議長,議案の朗読は省略します。　これから説明及び委員会付託を省略して採決します。　本案をいずれも原案のとおり可決することに御異議ありませんか,supported,5373a790cacc0db38c408c5f743412ce964c11c563a07eedba1683d0c932a8ba
shinjuku-2026-r2-giin-9,normal,summary,G9-N-06,第9・10号は異議なく原案可決された,https://ssp.kaigiroku.net/tenant/shinjuku/MinuteView.html?council_id=3193&schedule_id=4&minute_id=84,cd524d0ea6c54c30947e8e5f6073a0c8b9dfc555e94b0553507bc3b052400508,本会議 6月19日 議長,異議なしと認めます。　本案は、いずれも原案のとおり可決されました,supported,5373a790cacc0db38c408c5f743412ce964c11c563a07eedba1683d0c932a8ba
shinjuku-2026-r2-giin-9,normal,content,G9-N-07,議会は公益に関する事件につき意見書を国会又は関係行政庁に提出できる,https://laws.e-gov.go.jp/api/1/articles;lawNum=昭和二十二年法律第六十七号;article=第九十九条,d8bc582a441257568af0498f062e377edbe49da0428548ec0c1771f73e69d4ce,地方自治法第99条,普通地方公共団体の議会は、当該普通地方公共団体の公益に関する事件につき意見書を国会又は関係行政庁に提出することができる。,supported,5373a790cacc0db38c408c5f743412ce964c11c563a07eedba1683d0c932a8ba
shinjuku-2026-r2-giin-9,normal,content,G9-N-08,意見書は地方自治法第99条に基づき提出する,https://www.city.shinjuku.lg.jp/content/000459264.pdf,dfe433d883c103784514bf5dcf8d2edc814f7f4381eab2c7d7bf4cd69e897986,意見書 本文,以上、地方自治法第９９条に基づき意見書を提出します,supported,5373a790cacc0db38c408c5f743412ce964c11c563a07eedba1683d0c932a8ba
shinjuku-2026-r2-giin-9,normal,content,G9-N-09,日付は令和8年6月19日,https://www.city.shinjuku.lg.jp/content/000459264.pdf,dfe433d883c103784514bf5dcf8d2edc814f7f4381eab2c7d7bf4cd69e897986,意見書 本文,令和８年６月１９日,supported,5373a790cacc0db38c408c5f743412ce964c11c563a07eedba1683d0c932a8ba
shinjuku-2026-r2-giin-9,normal,content,G9-N-10,あて先は衆議院議長、参議院議長、内閣総理大臣、厚生労働大臣、内閣府特命担当大臣（こども政策）,https://www.city.shinjuku.lg.jp/content/000459264.pdf,dfe433d883c103784514bf5dcf8d2edc814f7f4381eab2c7d7bf4cd69e897986,意見書 あて先,内閣総理大臣厚生労働大臣内閣府特命担当大臣（こども政策）,supported,5373a790cacc0db38c408c5f743412ce964c11c563a07eedba1683d0c932a8ba
shinjuku-2026-r2-giin-9,normal,content,G9-N-11,あて先に衆議院議長・参議院議長を含む,https://www.city.shinjuku.lg.jp/content/000459264.pdf,dfe433d883c103784514bf5dcf8d2edc814f7f4381eab2c7d7bf4cd69e897986,意見書 あて先,衆議院議長参議院議長,supported,5373a790cacc0db38c408c5f743412ce964c11c563a07eedba1683d0c932a8ba
shinjuku-2026-r2-giin-9,normal,content,G9-N-12,"2,500グラム未満の低出生体重児が約10人に1人の割合で生まれている",https://www.city.shinjuku.lg.jp/content/000459264.pdf,dfe433d883c103784514bf5dcf8d2edc814f7f4381eab2c7d7bf4cd69e897986,意見書 本文,出生時の体重が２，５００グラム未満の低出生体重児が、約１０人に１人の割合で生まれています,supported,5373a790cacc0db38c408c5f743412ce964c11c563a07eedba1683d0c932a8ba
shinjuku-2026-r2-giin-9,normal,content,G9-N-13,"1,500グラム未満の極低出生体重児には感染症等のリスクを減らすため出産後すぐに母乳を与えることが有効とされる",https://www.city.shinjuku.lg.jp/content/000459264.pdf,dfe433d883c103784514bf5dcf8d2edc814f7f4381eab2c7d7bf4cd69e897986,意見書 本文,１，５００グラム未満の極低出生体重児にとっては、感染症や合併症等のリスクを減らすため、出産後すぐに母乳を与えることが有効とされています,supported,5373a790cacc0db38c408c5f743412ce964c11c563a07eedba1683d0c932a8ba
shinjuku-2026-r2-giin-9,normal,content,G9-N-14,母親から十分な母乳が得られない場合があり、寄付された母乳「ドナーミルク」を提供する「母乳バンク」の取組は重要,https://www.city.shinjuku.lg.jp/content/000459264.pdf,dfe433d883c103784514bf5dcf8d2edc814f7f4381eab2c7d7bf4cd69e897986,意見書 本文,早産や帝王切開など母体の健康状態等により、母親から十分な母乳が得られない場合があり、寄付された母乳である「ドナーミルク」を提供する「母乳バンク」の取組は極めて重要です,supported,5373a790cacc0db38c408c5f743412ce964c11c563a07eedba1683d0c932a8ba
shinjuku-2026-r2-giin-9,normal,content,G9-N-15,2法人が国内3箇所の母乳バンク拠点を運営し医療機関に提供しているが、法的な仕組みとして位置付けられていない,https://www.city.shinjuku.lg.jp/content/000459264.pdf,dfe433d883c103784514bf5dcf8d2edc814f7f4381eab2c7d7bf4cd69e897986,意見書 本文,一般社団法人日本母乳バンク協会と一般財団法人日本財団母乳バンクの２法人が国内３箇所の母乳バンク拠点の運営を担い、ドナーミルクを医療機関に提供していますが、法的な仕組みとしては位置付けられていません,supported,5373a790cacc0db38c408c5f743412ce964c11c563a07eedba1683d0c932a8ba
shinjuku-2026-r2-giin-9,normal,content,G9-N-16,費用等が実質的に医療機関の負担となり、ドナー登録の事務処理等が登録施設の拡充を阻んでいると考えられる,https://www.city.shinjuku.lg.jp/content/000459264.pdf,dfe433d883c103784514bf5dcf8d2edc814f7f4381eab2c7d7bf4cd69e897986,意見書 本文,ドナーミルクの使用に伴う費用等が実質的に医療機関の負担となっていることに加え、ドナー登録における事務処理等が登録施設の拡充を阻んでいると考えられます,supported,5373a790cacc0db38c408c5f743412ce964c11c563a07eedba1683d0c932a8ba
shinjuku-2026-r2-giin-9,normal,content,G9-N-17,低出生体重児等の命を守り健やかな成長を支える観点から要望する,https://www.city.shinjuku.lg.jp/content/000459264.pdf,dfe433d883c103784514bf5dcf8d2edc814f7f4381eab2c7d7bf4cd69e897986,意見書 本文,低出生体重児等の命を守り、その健やかな成長を支える観点から,supported,5373a790cacc0db38c408c5f743412ce964c11c563a07eedba1683d0c932a8ba
shinjuku-2026-r2-giin-9,normal,content,G9-N-18,要望1: 法的位置付けの早期明確化,https://www.city.shinjuku.lg.jp/content/000459264.pdf,dfe433d883c103784514bf5dcf8d2edc814f7f4381eab2c7d7bf4cd69e897986,意見書 記1,ドナーミルクの法的位置付けを一日も早く明確化すること,supported,5373a790cacc0db38c408c5f743412ce964c11c563a07eedba1683d0c932a8ba
shinjuku-2026-r2-giin-9,normal,content,G9-N-19,要望2: NICU等を有する医療機関の導入に必要な設備整備・事務手続きへの支援,https://www.city.shinjuku.lg.jp/content/000459264.pdf,dfe433d883c103784514bf5dcf8d2edc814f7f4381eab2c7d7bf4cd69e897986,意見書 記2,ＮＩＣＵ等を有する医療機関においてもドナーミルク導入が十分に進んでいない現状を踏まえ、導入に必要な設備整備及び事務手続きに対する支援を行うこと,supported,5373a790cacc0db38c408c5f743412ce964c11c563a07eedba1683d0c932a8ba
shinjuku-2026-r2-giin-9,normal,content,G9-N-20,要望3: 母乳バンク運営・殺菌処理・ドナー検査等への支援,https://www.city.shinjuku.lg.jp/content/000459264.pdf,dfe433d883c103784514bf5dcf8d2edc814f7f4381eab2c7d7bf4cd69e897986,意見書 記3,母乳バンクの運営、ドナーミルクの殺菌処理及びドナーの検査等に対する支援を行うこと,supported,5373a790cacc0db38c408c5f743412ce964c11c563a07eedba1683d0c932a8ba
shinjuku-2026-r2-giin-9,normal,content,G9-N-21,要望4: 産婦健康診査や産後ケア等での周知機会の拡大,https://www.city.shinjuku.lg.jp/content/000459264.pdf,dfe433d883c103784514bf5dcf8d2edc814f7f4381eab2c7d7bf4cd69e897986,意見書 記4,ドナー登録者数を増やすため、産婦健康診査時や産後ケア等での周知機会の拡大を進めること,supported,5373a790cacc0db38c408c5f743412ce964c11c563a07eedba1683d0c932a8ba
shinjuku-2026-r2-giin-9,normal,content,G9-N-22,要望5: 医療現場と国民への普及啓発,https://www.city.shinjuku.lg.jp/content/000459264.pdf,dfe433d883c103784514bf5dcf8d2edc814f7f4381eab2c7d7bf4cd69e897986,意見書 記5,ドナーミルクの重要性及び正しい知識について、医療現場及び国民に対し広く普及啓発を図ること,supported,5373a790cacc0db38c408c5f743412ce964c11c563a07eedba1683d0c932a8ba
shinjuku-2026-r2-giin-9,normal,content,G9-N-23,第9・10号は議案の朗読、説明及び委員会付託を省略して採決された,https://ssp.kaigiroku.net/tenant/shinjuku/MinuteView.html?council_id=3193&schedule_id=4&minute_id=83,7b7ebc0e632c5f92af17e76965c36a18425ccc3afef26de2bc7833a5c1fce326,本会議 6月19日 議長,議案の朗読は省略します。　これから説明及び委員会付託を省略して採決します。　本案をいずれも原案のとおり可決することに御異議ありませんか,supported,5373a790cacc0db38c408c5f743412ce964c11c563a07eedba1683d0c932a8ba
shinjuku-2026-r2-giin-9,normal,content,G9-N-24,第9・10号は異議なく原案可決された,https://ssp.kaigiroku.net/tenant/shinjuku/MinuteView.html?council_id=3193&schedule_id=4&minute_id=84,cd524d0ea6c54c30947e8e5f6073a0c8b9dfc555e94b0553507bc3b052400508,本会議 6月19日 議長,異議なしと認めます。　本案は、いずれも原案のとおり可決されました,supported,5373a790cacc0db38c408c5f743412ce964c11c563a07eedba1683d0c932a8ba
shinjuku-2026-r2-giin-9,normal,content,G9-N-25,議決結果は可決（全会派賛成）,https://www.city.shinjuku.lg.jp/content/000459252.pdf,14afb68aedc9c04d403ea2156c535ec7fabebe3cdccd04217df5bfd8648faa8d,議案の概要と審議結果 議員提出議案,〇〇〇〇〇〇〇〇可決,supported,5373a790cacc0db38c408c5f743412ce964c11c563a07eedba1683d0c932a8ba
shinjuku-2026-r2-giin-9,hard,title,G9-H-01,件名は「ドナーミルクの利用拡大を求める意見書」,https://www.city.shinjuku.lg.jp/content/000459252.pdf,14afb68aedc9c04d403ea2156c535ec7fabebe3cdccd04217df5bfd8648faa8d,議案の概要と審議結果 議員提出議案,ドナーミルクの利用拡大を求める意見書,supported,8992ed193cd0b62669d5b6bd176c30b746304387b83df94881d4c566521bd6c3
shinjuku-2026-r2-giin-9,hard,summary,G9-H-02,低出生体重児等の命を守り健やかな成長を支える観点から要望する,https://www.city.shinjuku.lg.jp/content/000459264.pdf,dfe433d883c103784514bf5dcf8d2edc814f7f4381eab2c7d7bf4cd69e897986,意見書 本文,低出生体重児等の命を守り、その健やかな成長を支える観点から,supported,8992ed193cd0b62669d5b6bd176c30b746304387b83df94881d4c566521bd6c3
shinjuku-2026-r2-giin-9,hard,summary,G9-H-03,要望1: 法的位置付けの早期明確化,https://www.city.shinjuku.lg.jp/content/000459264.pdf,dfe433d883c103784514bf5dcf8d2edc814f7f4381eab2c7d7bf4cd69e897986,意見書 記1,ドナーミルクの法的位置付けを一日も早く明確化すること,supported,8992ed193cd0b62669d5b6bd176c30b746304387b83df94881d4c566521bd6c3
shinjuku-2026-r2-giin-9,hard,summary,G9-H-04,2法人が国内3箇所の母乳バンク拠点を運営し医療機関に提供しているが、法的な仕組みとして位置付けられていない,https://www.city.shinjuku.lg.jp/content/000459264.pdf,dfe433d883c103784514bf5dcf8d2edc814f7f4381eab2c7d7bf4cd69e897986,意見書 本文,一般社団法人日本母乳バンク協会と一般財団法人日本財団母乳バンクの２法人が国内３箇所の母乳バンク拠点の運営を担い、ドナーミルクを医療機関に提供していますが、法的な仕組みとしては位置付けられていません,supported,8992ed193cd0b62669d5b6bd176c30b746304387b83df94881d4c566521bd6c3
shinjuku-2026-r2-giin-9,hard,summary,G9-H-05,第9・10号は議案の朗読、説明及び委員会付託を省略して採決された,https://ssp.kaigiroku.net/tenant/shinjuku/MinuteView.html?council_id=3193&schedule_id=4&minute_id=83,7b7ebc0e632c5f92af17e76965c36a18425ccc3afef26de2bc7833a5c1fce326,本会議 6月19日 議長,議案の朗読は省略します。　これから説明及び委員会付託を省略して採決します。　本案をいずれも原案のとおり可決することに御異議ありませんか,supported,8992ed193cd0b62669d5b6bd176c30b746304387b83df94881d4c566521bd6c3
shinjuku-2026-r2-giin-9,hard,summary,G9-H-06,第9・10号は異議なく原案可決された,https://ssp.kaigiroku.net/tenant/shinjuku/MinuteView.html?council_id=3193&schedule_id=4&minute_id=84,cd524d0ea6c54c30947e8e5f6073a0c8b9dfc555e94b0553507bc3b052400508,本会議 6月19日 議長,異議なしと認めます。　本案は、いずれも原案のとおり可決されました,supported,8992ed193cd0b62669d5b6bd176c30b746304387b83df94881d4c566521bd6c3
shinjuku-2026-r2-giin-9,hard,content,G9-H-07,議会は公益に関する事件につき意見書を国会又は関係行政庁に提出できる,https://laws.e-gov.go.jp/api/1/articles;lawNum=昭和二十二年法律第六十七号;article=第九十九条,d8bc582a441257568af0498f062e377edbe49da0428548ec0c1771f73e69d4ce,地方自治法第99条,普通地方公共団体の議会は、当該普通地方公共団体の公益に関する事件につき意見書を国会又は関係行政庁に提出することができる。,supported,8992ed193cd0b62669d5b6bd176c30b746304387b83df94881d4c566521bd6c3
shinjuku-2026-r2-giin-9,hard,content,G9-H-08,意見書は地方自治法第99条に基づき提出する,https://www.city.shinjuku.lg.jp/content/000459264.pdf,dfe433d883c103784514bf5dcf8d2edc814f7f4381eab2c7d7bf4cd69e897986,意見書 本文,以上、地方自治法第９９条に基づき意見書を提出します,supported,8992ed193cd0b62669d5b6bd176c30b746304387b83df94881d4c566521bd6c3
shinjuku-2026-r2-giin-9,hard,content,G9-H-09,日付は令和8年6月19日,https://www.city.shinjuku.lg.jp/content/000459264.pdf,dfe433d883c103784514bf5dcf8d2edc814f7f4381eab2c7d7bf4cd69e897986,意見書 本文,令和８年６月１９日,supported,8992ed193cd0b62669d5b6bd176c30b746304387b83df94881d4c566521bd6c3
shinjuku-2026-r2-giin-9,hard,content,G9-H-10,あて先は衆議院議長、参議院議長、内閣総理大臣、厚生労働大臣、内閣府特命担当大臣（こども政策）,https://www.city.shinjuku.lg.jp/content/000459264.pdf,dfe433d883c103784514bf5dcf8d2edc814f7f4381eab2c7d7bf4cd69e897986,意見書 あて先,内閣総理大臣厚生労働大臣内閣府特命担当大臣（こども政策）,supported,8992ed193cd0b62669d5b6bd176c30b746304387b83df94881d4c566521bd6c3
shinjuku-2026-r2-giin-9,hard,content,G9-H-11,あて先に衆議院議長・参議院議長を含む,https://www.city.shinjuku.lg.jp/content/000459264.pdf,dfe433d883c103784514bf5dcf8d2edc814f7f4381eab2c7d7bf4cd69e897986,意見書 あて先,衆議院議長参議院議長,supported,8992ed193cd0b62669d5b6bd176c30b746304387b83df94881d4c566521bd6c3
shinjuku-2026-r2-giin-9,hard,content,G9-H-12,"2,500グラム未満の低出生体重児が約10人に1人の割合で生まれている",https://www.city.shinjuku.lg.jp/content/000459264.pdf,dfe433d883c103784514bf5dcf8d2edc814f7f4381eab2c7d7bf4cd69e897986,意見書 本文,出生時の体重が２，５００グラム未満の低出生体重児が、約１０人に１人の割合で生まれています,supported,8992ed193cd0b62669d5b6bd176c30b746304387b83df94881d4c566521bd6c3
shinjuku-2026-r2-giin-9,hard,content,G9-H-13,"1,500グラム未満の極低出生体重児には感染症等のリスクを減らすため出産後すぐに母乳を与えることが有効とされる",https://www.city.shinjuku.lg.jp/content/000459264.pdf,dfe433d883c103784514bf5dcf8d2edc814f7f4381eab2c7d7bf4cd69e897986,意見書 本文,１，５００グラム未満の極低出生体重児にとっては、感染症や合併症等のリスクを減らすため、出産後すぐに母乳を与えることが有効とされています,supported,8992ed193cd0b62669d5b6bd176c30b746304387b83df94881d4c566521bd6c3
shinjuku-2026-r2-giin-9,hard,content,G9-H-14,母親から十分な母乳が得られない場合があり、寄付された母乳「ドナーミルク」を提供する「母乳バンク」の取組は重要,https://www.city.shinjuku.lg.jp/content/000459264.pdf,dfe433d883c103784514bf5dcf8d2edc814f7f4381eab2c7d7bf4cd69e897986,意見書 本文,早産や帝王切開など母体の健康状態等により、母親から十分な母乳が得られない場合があり、寄付された母乳である「ドナーミルク」を提供する「母乳バンク」の取組は極めて重要です,supported,8992ed193cd0b62669d5b6bd176c30b746304387b83df94881d4c566521bd6c3
shinjuku-2026-r2-giin-9,hard,content,G9-H-15,2法人が国内3箇所の母乳バンク拠点を運営し医療機関に提供しているが、法的な仕組みとして位置付けられていない,https://www.city.shinjuku.lg.jp/content/000459264.pdf,dfe433d883c103784514bf5dcf8d2edc814f7f4381eab2c7d7bf4cd69e897986,意見書 本文,一般社団法人日本母乳バンク協会と一般財団法人日本財団母乳バンクの２法人が国内３箇所の母乳バンク拠点の運営を担い、ドナーミルクを医療機関に提供していますが、法的な仕組みとしては位置付けられていません,supported,8992ed193cd0b62669d5b6bd176c30b746304387b83df94881d4c566521bd6c3
shinjuku-2026-r2-giin-9,hard,content,G9-H-16,費用等が実質的に医療機関の負担となり、ドナー登録の事務処理等が登録施設の拡充を阻んでいると考えられる,https://www.city.shinjuku.lg.jp/content/000459264.pdf,dfe433d883c103784514bf5dcf8d2edc814f7f4381eab2c7d7bf4cd69e897986,意見書 本文,ドナーミルクの使用に伴う費用等が実質的に医療機関の負担となっていることに加え、ドナー登録における事務処理等が登録施設の拡充を阻んでいると考えられます,supported,8992ed193cd0b62669d5b6bd176c30b746304387b83df94881d4c566521bd6c3
shinjuku-2026-r2-giin-9,hard,content,G9-H-17,低出生体重児等の命を守り健やかな成長を支える観点から要望する,https://www.city.shinjuku.lg.jp/content/000459264.pdf,dfe433d883c103784514bf5dcf8d2edc814f7f4381eab2c7d7bf4cd69e897986,意見書 本文,低出生体重児等の命を守り、その健やかな成長を支える観点から,supported,8992ed193cd0b62669d5b6bd176c30b746304387b83df94881d4c566521bd6c3
shinjuku-2026-r2-giin-9,hard,content,G9-H-18,要望1: 法的位置付けの早期明確化,https://www.city.shinjuku.lg.jp/content/000459264.pdf,dfe433d883c103784514bf5dcf8d2edc814f7f4381eab2c7d7bf4cd69e897986,意見書 記1,ドナーミルクの法的位置付けを一日も早く明確化すること,supported,8992ed193cd0b62669d5b6bd176c30b746304387b83df94881d4c566521bd6c3
shinjuku-2026-r2-giin-9,hard,content,G9-H-19,要望2: NICU等を有する医療機関の導入に必要な設備整備・事務手続きへの支援,https://www.city.shinjuku.lg.jp/content/000459264.pdf,dfe433d883c103784514bf5dcf8d2edc814f7f4381eab2c7d7bf4cd69e897986,意見書 記2,ＮＩＣＵ等を有する医療機関においてもドナーミルク導入が十分に進んでいない現状を踏まえ、導入に必要な設備整備及び事務手続きに対する支援を行うこと,supported,8992ed193cd0b62669d5b6bd176c30b746304387b83df94881d4c566521bd6c3
shinjuku-2026-r2-giin-9,hard,content,G9-H-20,要望3: 母乳バンク運営・殺菌処理・ドナー検査等への支援,https://www.city.shinjuku.lg.jp/content/000459264.pdf,dfe433d883c103784514bf5dcf8d2edc814f7f4381eab2c7d7bf4cd69e897986,意見書 記3,母乳バンクの運営、ドナーミルクの殺菌処理及びドナーの検査等に対する支援を行うこと,supported,8992ed193cd0b62669d5b6bd176c30b746304387b83df94881d4c566521bd6c3
shinjuku-2026-r2-giin-9,hard,content,G9-H-21,要望4: 産婦健康診査や産後ケア等での周知機会の拡大,https://www.city.shinjuku.lg.jp/content/000459264.pdf,dfe433d883c103784514bf5dcf8d2edc814f7f4381eab2c7d7bf4cd69e897986,意見書 記4,ドナー登録者数を増やすため、産婦健康診査時や産後ケア等での周知機会の拡大を進めること,supported,8992ed193cd0b62669d5b6bd176c30b746304387b83df94881d4c566521bd6c3
shinjuku-2026-r2-giin-9,hard,content,G9-H-22,要望5: 医療現場と国民への普及啓発,https://www.city.shinjuku.lg.jp/content/000459264.pdf,dfe433d883c103784514bf5dcf8d2edc814f7f4381eab2c7d7bf4cd69e897986,意見書 記5,ドナーミルクの重要性及び正しい知識について、医療現場及び国民に対し広く普及啓発を図ること,supported,8992ed193cd0b62669d5b6bd176c30b746304387b83df94881d4c566521bd6c3
shinjuku-2026-r2-giin-9,hard,content,G9-H-23,第9・10号は議案の朗読、説明及び委員会付託を省略して採決された,https://ssp.kaigiroku.net/tenant/shinjuku/MinuteView.html?council_id=3193&schedule_id=4&minute_id=83,7b7ebc0e632c5f92af17e76965c36a18425ccc3afef26de2bc7833a5c1fce326,本会議 6月19日 議長,議案の朗読は省略します。　これから説明及び委員会付託を省略して採決します。　本案をいずれも原案のとおり可決することに御異議ありませんか,supported,8992ed193cd0b62669d5b6bd176c30b746304387b83df94881d4c566521bd6c3
shinjuku-2026-r2-giin-9,hard,content,G9-H-24,第9・10号は異議なく原案可決された,https://ssp.kaigiroku.net/tenant/shinjuku/MinuteView.html?council_id=3193&schedule_id=4&minute_id=84,cd524d0ea6c54c30947e8e5f6073a0c8b9dfc555e94b0553507bc3b052400508,本会議 6月19日 議長,異議なしと認めます。　本案は、いずれも原案のとおり可決されました,supported,8992ed193cd0b62669d5b6bd176c30b746304387b83df94881d4c566521bd6c3
shinjuku-2026-r2-giin-9,hard,content,G9-H-25,議決結果は可決（全会派賛成）,https://www.city.shinjuku.lg.jp/content/000459252.pdf,14afb68aedc9c04d403ea2156c535ec7fabebe3cdccd04217df5bfd8648faa8d,議案の概要と審議結果 議員提出議案,〇〇〇〇〇〇〇〇可決,supported,8992ed193cd0b62669d5b6bd176c30b746304387b83df94881d4c566521bd6c3
shinjuku-2026-r2-giin-10,easy,title,G10-E-01,件名は「「不合理な税制改正」に反対する意見書」,https://www.city.shinjuku.lg.jp/content/000459252.pdf,14afb68aedc9c04d403ea2156c535ec7fabebe3cdccd04217df5bfd8648faa8d,議案の概要と審議結果 議員提出議案,「不合理な税制改正」に反対する意見書,supported,e72e24f0c49b76c2a997adeb8fc42a7c5d986cadf35b43547a36573a7fbb6ed0
shinjuku-2026-r2-giin-10,easy,summary,G10-E-02,地方法人課税の一部国税化、地方消費税の清算基準の見直し、ふるさと納税制度等を「不合理な税制改正」とし、特別区は深刻な影響を受けているとする,https://www.city.shinjuku.lg.jp/content/000459265.pdf,12942087ee29dea89db6c78769547f59bee30cfce5afd823f0f3a72d1bff7836,意見書 本文,国が「地方創生の推進」、「税源偏在是正」の名のもとに断行してきた、地方法人課税の一部国税化や地方消費税の清算基準の見直し、ふるさと納税制度等の「不合理な税制改正」により、特別区は深刻な影響を受けています,supported,e72e24f0c49b76c2a997adeb8fc42a7c5d986cadf35b43547a36573a7fbb6ed0
shinjuku-2026-r2-giin-10,easy,summary,G10-E-03,令和7年12月19日の令和8年度与党税制改正大綱は、法人事業税の見直しとともに、特別区の土地に係る固定資産税について必要な措置を検討し令和9年度以降に結論を得るとした,https://www.city.shinjuku.lg.jp/content/000459265.pdf,12942087ee29dea89db6c78769547f59bee30cfce5afd823f0f3a72d1bff7836,意見書 本文,令和７年１２月１９日に取りまとめられた令和８年度与党税制改正大綱では、法人事業税の見直しとともに、特別区の土地に係る固定資産税については、「必要な措置を検討し、令和９年度以降の税制改正において結論を得る」とされています,supported,e72e24f0c49b76c2a997adeb8fc42a7c5d986cadf35b43547a36573a7fbb6ed0
shinjuku-2026-r2-giin-10,easy,summary,G10-E-04,区民サービスを堅持するため「不合理な税制改正」に断固反対する,https://www.city.shinjuku.lg.jp/content/000459265.pdf,12942087ee29dea89db6c78769547f59bee30cfce5afd823f0f3a72d1bff7836,意見書 本文,よって、新宿区議会は、区民サービスを堅持するため、これらの「不合理な税制改正」に対して断固反対します,supported,e72e24f0c49b76c2a997adeb8fc42a7c5d986cadf35b43547a36573a7fbb6ed0
shinjuku-2026-r2-giin-10,easy,summary,G10-E-05,第9・10号は議案の朗読、説明及び委員会付託を省略して採決された,https://ssp.kaigiroku.net/tenant/shinjuku/MinuteView.html?council_id=3193&schedule_id=4&minute_id=83,7b7ebc0e632c5f92af17e76965c36a18425ccc3afef26de2bc7833a5c1fce326,本会議 6月19日 議長,議案の朗読は省略します。　これから説明及び委員会付託を省略して採決します。　本案をいずれも原案のとおり可決することに御異議ありませんか,supported,e72e24f0c49b76c2a997adeb8fc42a7c5d986cadf35b43547a36573a7fbb6ed0
shinjuku-2026-r2-giin-10,easy,summary,G10-E-06,第9・10号は異議なく原案可決された,https://ssp.kaigiroku.net/tenant/shinjuku/MinuteView.html?council_id=3193&schedule_id=4&minute_id=84,cd524d0ea6c54c30947e8e5f6073a0c8b9dfc555e94b0553507bc3b052400508,本会議 6月19日 議長,異議なしと認めます。　本案は、いずれも原案のとおり可決されました,supported,e72e24f0c49b76c2a997adeb8fc42a7c5d986cadf35b43547a36573a7fbb6ed0
shinjuku-2026-r2-giin-10,easy,content,G10-E-07,議会は公益に関する事件につき意見書を国会又は関係行政庁に提出できる,https://laws.e-gov.go.jp/api/1/articles;lawNum=昭和二十二年法律第六十七号;article=第九十九条,d8bc582a441257568af0498f062e377edbe49da0428548ec0c1771f73e69d4ce,地方自治法第99条,普通地方公共団体の議会は、当該普通地方公共団体の公益に関する事件につき意見書を国会又は関係行政庁に提出することができる。,supported,e72e24f0c49b76c2a997adeb8fc42a7c5d986cadf35b43547a36573a7fbb6ed0
shinjuku-2026-r2-giin-10,easy,content,G10-E-08,意見書は地方自治法第99条に基づき提出する,https://www.city.shinjuku.lg.jp/content/000459265.pdf,12942087ee29dea89db6c78769547f59bee30cfce5afd823f0f3a72d1bff7836,意見書 本文,以上、地方自治法第９９条に基づき意見書を提出します,supported,e72e24f0c49b76c2a997adeb8fc42a7c5d986cadf35b43547a36573a7fbb6ed0
shinjuku-2026-r2-giin-10,easy,content,G10-E-09,日付は令和8年6月19日,https://www.city.shinjuku.lg.jp/content/000459265.pdf,12942087ee29dea89db6c78769547f59bee30cfce5afd823f0f3a72d1bff7836,意見書 本文,令和８年６月１９日,supported,e72e24f0c49b76c2a997adeb8fc42a7c5d986cadf35b43547a36573a7fbb6ed0
shinjuku-2026-r2-giin-10,easy,content,G10-E-10,あて先は衆議院議長、参議院議長、内閣総理大臣、総務大臣、財務大臣,https://www.city.shinjuku.lg.jp/content/000459265.pdf,12942087ee29dea89db6c78769547f59bee30cfce5afd823f0f3a72d1bff7836,意見書 あて先,衆議院議長参議院議長内閣総理大臣総務大臣財務大臣,supported,e72e24f0c49b76c2a997adeb8fc42a7c5d986cadf35b43547a36573a7fbb6ed0
shinjuku-2026-r2-giin-10,easy,content,G10-E-11,地方法人課税の一部国税化、地方消費税の清算基準の見直し、ふるさと納税制度等を「不合理な税制改正」とし、特別区は深刻な影響を受けているとする,https://www.city.shinjuku.lg.jp/content/000459265.pdf,12942087ee29dea89db6c78769547f59bee30cfce5afd823f0f3a72d1bff7836,意見書 本文,国が「地方創生の推進」、「税源偏在是正」の名のもとに断行してきた、地方法人課税の一部国税化や地方消費税の清算基準の見直し、ふるさと納税制度等の「不合理な税制改正」により、特別区は深刻な影響を受けています,supported,e72e24f0c49b76c2a997adeb8fc42a7c5d986cadf35b43547a36573a7fbb6ed0
shinjuku-2026-r2-giin-10,easy,content,G10-E-12,令和7年12月19日の令和8年度与党税制改正大綱は、法人事業税の見直しとともに、特別区の土地に係る固定資産税について必要な措置を検討し令和9年度以降に結論を得るとした,https://www.city.shinjuku.lg.jp/content/000459265.pdf,12942087ee29dea89db6c78769547f59bee30cfce5afd823f0f3a72d1bff7836,意見書 本文,令和７年１２月１９日に取りまとめられた令和８年度与党税制改正大綱では、法人事業税の見直しとともに、特別区の土地に係る固定資産税については、「必要な措置を検討し、令和９年度以降の税制改正において結論を得る」とされています,supported,e72e24f0c49b76c2a997adeb8fc42a7c5d986cadf35b43547a36573a7fbb6ed0
shinjuku-2026-r2-giin-10,easy,content,G10-E-13,「受益と負担」の関係を無視した一方的な収奪は行政サービスに支障を生じかねない,https://www.city.shinjuku.lg.jp/content/000459265.pdf,12942087ee29dea89db6c78769547f59bee30cfce5afd823f0f3a72d1bff7836,意見書 本文,地方税の本旨である「受益と負担」の関係を無視し一方的に収奪することは、行政サービスの提供に支障を生じかねないものであり、決して看過できるものではありません,supported,e72e24f0c49b76c2a997adeb8fc42a7c5d986cadf35b43547a36573a7fbb6ed0
shinjuku-2026-r2-giin-10,easy,content,G10-E-14,財源余剰があるとの見方は妥当でなく、人口一人当たりの一般財源額で都は全国平均とほぼ同水準,https://www.city.shinjuku.lg.jp/content/000459265.pdf,12942087ee29dea89db6c78769547f59bee30cfce5afd823f0f3a72d1bff7836,意見書 本文,財源余剰があるとの見方が存在していますが、地方交付税上の財政需要は大幅に抑制されていることから、実態を表したものではなく、財源余剰があるという見方は妥当ではありません。地方税に地方交付税等を加えた人口一人当たりの一般財源額で比較した場合、都は全国平均とほぼ同水準です,supported,e72e24f0c49b76c2a997adeb8fc42a7c5d986cadf35b43547a36573a7fbb6ed0
shinjuku-2026-r2-giin-10,easy,content,G10-E-15,特別区は公共施設の老朽化対策、超高齢化、首都直下地震等への備えなど膨大な財政需要を抱え、都市部の物価に見合った財源と高額な敷地・施設コストが必要,https://www.city.shinjuku.lg.jp/content/000459265.pdf,12942087ee29dea89db6c78769547f59bee30cfce5afd823f0f3a72d1bff7836,意見書 本文,特別区は、次々に改築時期を迎える公共施設の老朽化対策や、超高齢化への対応、首都直下地震等の自然災害への備え等、首都圏特有の膨大な財政需要を抱えています。加えて、物価高騰対策や子育て支援等、各種施策を実施するにあたり、都市部の物価に見合った財源を投入し、敷地や施設も高額なコストで確保する必要があります,supported,e72e24f0c49b76c2a997adeb8fc42a7c5d986cadf35b43547a36573a7fbb6ed0
shinjuku-2026-r2-giin-10,easy,content,G10-E-16,地方全体の財源不足は国の責任で解消すべきで、税源の奪い合いではなく交流と協働で共存共栄を図るべき,https://www.city.shinjuku.lg.jp/content/000459265.pdf,12942087ee29dea89db6c78769547f59bee30cfce5afd823f0f3a72d1bff7836,意見書 本文,地方全体における財源不足は、本来、国の責任において、地方全体の財源充実をもって解消するべきです…税源の奪い合いにより自治体間に不要な対立を生むのではなく、自治体間の積極的な交流や協働によって共存共栄を図ることが必要です,supported,e72e24f0c49b76c2a997adeb8fc42a7c5d986cadf35b43547a36573a7fbb6ed0
shinjuku-2026-r2-giin-10,easy,content,G10-E-17,区民サービスを堅持するため「不合理な税制改正」に断固反対する,https://www.city.shinjuku.lg.jp/content/000459265.pdf,12942087ee29dea89db6c78769547f59bee30cfce5afd823f0f3a72d1bff7836,意見書 本文,よって、新宿区議会は、区民サービスを堅持するため、これらの「不合理な税制改正」に対して断固反対します,supported,e72e24f0c49b76c2a997adeb8fc42a7c5d986cadf35b43547a36573a7fbb6ed0
shinjuku-2026-r2-giin-10,easy,content,G10-E-18,第9・10号は議案の朗読、説明及び委員会付託を省略して採決された,https://ssp.kaigiroku.net/tenant/shinjuku/MinuteView.html?council_id=3193&schedule_id=4&minute_id=83,7b7ebc0e632c5f92af17e76965c36a18425ccc3afef26de2bc7833a5c1fce326,本会議 6月19日 議長,議案の朗読は省略します。　これから説明及び委員会付託を省略して採決します。　本案をいずれも原案のとおり可決することに御異議ありませんか,supported,e72e24f0c49b76c2a997adeb8fc42a7c5d986cadf35b43547a36573a7fbb6ed0
shinjuku-2026-r2-giin-10,easy,content,G10-E-19,第9・10号は異議なく原案可決された,https://ssp.kaigiroku.net/tenant/shinjuku/MinuteView.html?council_id=3193&schedule_id=4&minute_id=84,cd524d0ea6c54c30947e8e5f6073a0c8b9dfc555e94b0553507bc3b052400508,本会議 6月19日 議長,異議なしと認めます。　本案は、いずれも原案のとおり可決されました,supported,e72e24f0c49b76c2a997adeb8fc42a7c5d986cadf35b43547a36573a7fbb6ed0
shinjuku-2026-r2-giin-10,easy,content,G10-E-20,議決結果は可決（全会派賛成）,https://www.city.shinjuku.lg.jp/content/000459252.pdf,14afb68aedc9c04d403ea2156c535ec7fabebe3cdccd04217df5bfd8648faa8d,議案の概要と審議結果 議員提出議案,〇〇〇〇〇〇〇〇可決,supported,e72e24f0c49b76c2a997adeb8fc42a7c5d986cadf35b43547a36573a7fbb6ed0
shinjuku-2026-r2-giin-10,normal,title,G10-N-01,件名は「「不合理な税制改正」に反対する意見書」,https://www.city.shinjuku.lg.jp/content/000459252.pdf,14afb68aedc9c04d403ea2156c535ec7fabebe3cdccd04217df5bfd8648faa8d,議案の概要と審議結果 議員提出議案,「不合理な税制改正」に反対する意見書,supported,a0f21934709e95157d76928d63f446c174155c047ed64aeec5358642cc382877
shinjuku-2026-r2-giin-10,normal,summary,G10-N-02,地方法人課税の一部国税化、地方消費税の清算基準の見直し、ふるさと納税制度等を「不合理な税制改正」とし、特別区は深刻な影響を受けているとする,https://www.city.shinjuku.lg.jp/content/000459265.pdf,12942087ee29dea89db6c78769547f59bee30cfce5afd823f0f3a72d1bff7836,意見書 本文,国が「地方創生の推進」、「税源偏在是正」の名のもとに断行してきた、地方法人課税の一部国税化や地方消費税の清算基準の見直し、ふるさと納税制度等の「不合理な税制改正」により、特別区は深刻な影響を受けています,supported,a0f21934709e95157d76928d63f446c174155c047ed64aeec5358642cc382877
shinjuku-2026-r2-giin-10,normal,summary,G10-N-03,令和7年12月19日の令和8年度与党税制改正大綱は、法人事業税の見直しとともに、特別区の土地に係る固定資産税について必要な措置を検討し令和9年度以降に結論を得るとした,https://www.city.shinjuku.lg.jp/content/000459265.pdf,12942087ee29dea89db6c78769547f59bee30cfce5afd823f0f3a72d1bff7836,意見書 本文,令和７年１２月１９日に取りまとめられた令和８年度与党税制改正大綱では、法人事業税の見直しとともに、特別区の土地に係る固定資産税については、「必要な措置を検討し、令和９年度以降の税制改正において結論を得る」とされています,supported,a0f21934709e95157d76928d63f446c174155c047ed64aeec5358642cc382877
shinjuku-2026-r2-giin-10,normal,summary,G10-N-04,区民サービスを堅持するため「不合理な税制改正」に断固反対する,https://www.city.shinjuku.lg.jp/content/000459265.pdf,12942087ee29dea89db6c78769547f59bee30cfce5afd823f0f3a72d1bff7836,意見書 本文,よって、新宿区議会は、区民サービスを堅持するため、これらの「不合理な税制改正」に対して断固反対します,supported,a0f21934709e95157d76928d63f446c174155c047ed64aeec5358642cc382877
shinjuku-2026-r2-giin-10,normal,summary,G10-N-05,第9・10号は議案の朗読、説明及び委員会付託を省略して採決された,https://ssp.kaigiroku.net/tenant/shinjuku/MinuteView.html?council_id=3193&schedule_id=4&minute_id=83,7b7ebc0e632c5f92af17e76965c36a18425ccc3afef26de2bc7833a5c1fce326,本会議 6月19日 議長,議案の朗読は省略します。　これから説明及び委員会付託を省略して採決します。　本案をいずれも原案のとおり可決することに御異議ありませんか,supported,a0f21934709e95157d76928d63f446c174155c047ed64aeec5358642cc382877
shinjuku-2026-r2-giin-10,normal,summary,G10-N-06,第9・10号は異議なく原案可決された,https://ssp.kaigiroku.net/tenant/shinjuku/MinuteView.html?council_id=3193&schedule_id=4&minute_id=84,cd524d0ea6c54c30947e8e5f6073a0c8b9dfc555e94b0553507bc3b052400508,本会議 6月19日 議長,異議なしと認めます。　本案は、いずれも原案のとおり可決されました,supported,a0f21934709e95157d76928d63f446c174155c047ed64aeec5358642cc382877
shinjuku-2026-r2-giin-10,normal,content,G10-N-07,議会は公益に関する事件につき意見書を国会又は関係行政庁に提出できる,https://laws.e-gov.go.jp/api/1/articles;lawNum=昭和二十二年法律第六十七号;article=第九十九条,d8bc582a441257568af0498f062e377edbe49da0428548ec0c1771f73e69d4ce,地方自治法第99条,普通地方公共団体の議会は、当該普通地方公共団体の公益に関する事件につき意見書を国会又は関係行政庁に提出することができる。,supported,a0f21934709e95157d76928d63f446c174155c047ed64aeec5358642cc382877
shinjuku-2026-r2-giin-10,normal,content,G10-N-08,意見書は地方自治法第99条に基づき提出する,https://www.city.shinjuku.lg.jp/content/000459265.pdf,12942087ee29dea89db6c78769547f59bee30cfce5afd823f0f3a72d1bff7836,意見書 本文,以上、地方自治法第９９条に基づき意見書を提出します,supported,a0f21934709e95157d76928d63f446c174155c047ed64aeec5358642cc382877
shinjuku-2026-r2-giin-10,normal,content,G10-N-09,日付は令和8年6月19日,https://www.city.shinjuku.lg.jp/content/000459265.pdf,12942087ee29dea89db6c78769547f59bee30cfce5afd823f0f3a72d1bff7836,意見書 本文,令和８年６月１９日,supported,a0f21934709e95157d76928d63f446c174155c047ed64aeec5358642cc382877
shinjuku-2026-r2-giin-10,normal,content,G10-N-10,あて先は衆議院議長、参議院議長、内閣総理大臣、総務大臣、財務大臣,https://www.city.shinjuku.lg.jp/content/000459265.pdf,12942087ee29dea89db6c78769547f59bee30cfce5afd823f0f3a72d1bff7836,意見書 あて先,衆議院議長参議院議長内閣総理大臣総務大臣財務大臣,supported,a0f21934709e95157d76928d63f446c174155c047ed64aeec5358642cc382877
shinjuku-2026-r2-giin-10,normal,content,G10-N-11,地方法人課税の一部国税化、地方消費税の清算基準の見直し、ふるさと納税制度等を「不合理な税制改正」とし、特別区は深刻な影響を受けているとする,https://www.city.shinjuku.lg.jp/content/000459265.pdf,12942087ee29dea89db6c78769547f59bee30cfce5afd823f0f3a72d1bff7836,意見書 本文,国が「地方創生の推進」、「税源偏在是正」の名のもとに断行してきた、地方法人課税の一部国税化や地方消費税の清算基準の見直し、ふるさと納税制度等の「不合理な税制改正」により、特別区は深刻な影響を受けています,supported,a0f21934709e95157d76928d63f446c174155c047ed64aeec5358642cc382877
shinjuku-2026-r2-giin-10,normal,content,G10-N-12,令和7年12月19日の令和8年度与党税制改正大綱は、法人事業税の見直しとともに、特別区の土地に係る固定資産税について必要な措置を検討し令和9年度以降に結論を得るとした,https://www.city.shinjuku.lg.jp/content/000459265.pdf,12942087ee29dea89db6c78769547f59bee30cfce5afd823f0f3a72d1bff7836,意見書 本文,令和７年１２月１９日に取りまとめられた令和８年度与党税制改正大綱では、法人事業税の見直しとともに、特別区の土地に係る固定資産税については、「必要な措置を検討し、令和９年度以降の税制改正において結論を得る」とされています,supported,a0f21934709e95157d76928d63f446c174155c047ed64aeec5358642cc382877
shinjuku-2026-r2-giin-10,normal,content,G10-N-13,「受益と負担」の関係を無視した一方的な収奪は行政サービスに支障を生じかねない,https://www.city.shinjuku.lg.jp/content/000459265.pdf,12942087ee29dea89db6c78769547f59bee30cfce5afd823f0f3a72d1bff7836,意見書 本文,地方税の本旨である「受益と負担」の関係を無視し一方的に収奪することは、行政サービスの提供に支障を生じかねないものであり、決して看過できるものではありません,supported,a0f21934709e95157d76928d63f446c174155c047ed64aeec5358642cc382877
shinjuku-2026-r2-giin-10,normal,content,G10-N-14,財源余剰があるとの見方は妥当でなく、人口一人当たりの一般財源額で都は全国平均とほぼ同水準,https://www.city.shinjuku.lg.jp/content/000459265.pdf,12942087ee29dea89db6c78769547f59bee30cfce5afd823f0f3a72d1bff7836,意見書 本文,財源余剰があるとの見方が存在していますが、地方交付税上の財政需要は大幅に抑制されていることから、実態を表したものではなく、財源余剰があるという見方は妥当ではありません。地方税に地方交付税等を加えた人口一人当たりの一般財源額で比較した場合、都は全国平均とほぼ同水準です,supported,a0f21934709e95157d76928d63f446c174155c047ed64aeec5358642cc382877
shinjuku-2026-r2-giin-10,normal,content,G10-N-15,特別区は公共施設の老朽化対策、超高齢化、首都直下地震等への備えなど膨大な財政需要を抱え、都市部の物価に見合った財源と高額な敷地・施設コストが必要,https://www.city.shinjuku.lg.jp/content/000459265.pdf,12942087ee29dea89db6c78769547f59bee30cfce5afd823f0f3a72d1bff7836,意見書 本文,特別区は、次々に改築時期を迎える公共施設の老朽化対策や、超高齢化への対応、首都直下地震等の自然災害への備え等、首都圏特有の膨大な財政需要を抱えています。加えて、物価高騰対策や子育て支援等、各種施策を実施するにあたり、都市部の物価に見合った財源を投入し、敷地や施設も高額なコストで確保する必要があります,supported,a0f21934709e95157d76928d63f446c174155c047ed64aeec5358642cc382877
shinjuku-2026-r2-giin-10,normal,content,G10-N-16,地方全体の財源不足は国の責任で解消すべきで、税源の奪い合いではなく交流と協働で共存共栄を図るべき,https://www.city.shinjuku.lg.jp/content/000459265.pdf,12942087ee29dea89db6c78769547f59bee30cfce5afd823f0f3a72d1bff7836,意見書 本文,地方全体における財源不足は、本来、国の責任において、地方全体の財源充実をもって解消するべきです…税源の奪い合いにより自治体間に不要な対立を生むのではなく、自治体間の積極的な交流や協働によって共存共栄を図ることが必要です,supported,a0f21934709e95157d76928d63f446c174155c047ed64aeec5358642cc382877
shinjuku-2026-r2-giin-10,normal,content,G10-N-17,区民サービスを堅持するため「不合理な税制改正」に断固反対する,https://www.city.shinjuku.lg.jp/content/000459265.pdf,12942087ee29dea89db6c78769547f59bee30cfce5afd823f0f3a72d1bff7836,意見書 本文,よって、新宿区議会は、区民サービスを堅持するため、これらの「不合理な税制改正」に対して断固反対します,supported,a0f21934709e95157d76928d63f446c174155c047ed64aeec5358642cc382877
shinjuku-2026-r2-giin-10,normal,content,G10-N-18,第9・10号は議案の朗読、説明及び委員会付託を省略して採決された,https://ssp.kaigiroku.net/tenant/shinjuku/MinuteView.html?council_id=3193&schedule_id=4&minute_id=83,7b7ebc0e632c5f92af17e76965c36a18425ccc3afef26de2bc7833a5c1fce326,本会議 6月19日 議長,議案の朗読は省略します。　これから説明及び委員会付託を省略して採決します。　本案をいずれも原案のとおり可決することに御異議ありませんか,supported,a0f21934709e95157d76928d63f446c174155c047ed64aeec5358642cc382877
shinjuku-2026-r2-giin-10,normal,content,G10-N-19,第9・10号は異議なく原案可決された,https://ssp.kaigiroku.net/tenant/shinjuku/MinuteView.html?council_id=3193&schedule_id=4&minute_id=84,cd524d0ea6c54c30947e8e5f6073a0c8b9dfc555e94b0553507bc3b052400508,本会議 6月19日 議長,異議なしと認めます。　本案は、いずれも原案のとおり可決されました,supported,a0f21934709e95157d76928d63f446c174155c047ed64aeec5358642cc382877
shinjuku-2026-r2-giin-10,normal,content,G10-N-20,議決結果は可決（全会派賛成）,https://www.city.shinjuku.lg.jp/content/000459252.pdf,14afb68aedc9c04d403ea2156c535ec7fabebe3cdccd04217df5bfd8648faa8d,議案の概要と審議結果 議員提出議案,〇〇〇〇〇〇〇〇可決,supported,a0f21934709e95157d76928d63f446c174155c047ed64aeec5358642cc382877
shinjuku-2026-r2-giin-10,hard,title,G10-H-01,件名は「「不合理な税制改正」に反対する意見書」,https://www.city.shinjuku.lg.jp/content/000459252.pdf,14afb68aedc9c04d403ea2156c535ec7fabebe3cdccd04217df5bfd8648faa8d,議案の概要と審議結果 議員提出議案,「不合理な税制改正」に反対する意見書,supported,3c7c03c3e14fc1042cff2d37226cd430f32678e234fc4ee65ffce6f31f43a8e1
shinjuku-2026-r2-giin-10,hard,summary,G10-H-02,地方法人課税の一部国税化、地方消費税の清算基準の見直し、ふるさと納税制度等を「不合理な税制改正」とし、特別区は深刻な影響を受けているとする,https://www.city.shinjuku.lg.jp/content/000459265.pdf,12942087ee29dea89db6c78769547f59bee30cfce5afd823f0f3a72d1bff7836,意見書 本文,国が「地方創生の推進」、「税源偏在是正」の名のもとに断行してきた、地方法人課税の一部国税化や地方消費税の清算基準の見直し、ふるさと納税制度等の「不合理な税制改正」により、特別区は深刻な影響を受けています,supported,3c7c03c3e14fc1042cff2d37226cd430f32678e234fc4ee65ffce6f31f43a8e1
shinjuku-2026-r2-giin-10,hard,summary,G10-H-03,令和7年12月19日の令和8年度与党税制改正大綱は、法人事業税の見直しとともに、特別区の土地に係る固定資産税について必要な措置を検討し令和9年度以降に結論を得るとした,https://www.city.shinjuku.lg.jp/content/000459265.pdf,12942087ee29dea89db6c78769547f59bee30cfce5afd823f0f3a72d1bff7836,意見書 本文,令和７年１２月１９日に取りまとめられた令和８年度与党税制改正大綱では、法人事業税の見直しとともに、特別区の土地に係る固定資産税については、「必要な措置を検討し、令和９年度以降の税制改正において結論を得る」とされています,supported,3c7c03c3e14fc1042cff2d37226cd430f32678e234fc4ee65ffce6f31f43a8e1
shinjuku-2026-r2-giin-10,hard,summary,G10-H-04,区民サービスを堅持するため「不合理な税制改正」に断固反対する,https://www.city.shinjuku.lg.jp/content/000459265.pdf,12942087ee29dea89db6c78769547f59bee30cfce5afd823f0f3a72d1bff7836,意見書 本文,よって、新宿区議会は、区民サービスを堅持するため、これらの「不合理な税制改正」に対して断固反対します,supported,3c7c03c3e14fc1042cff2d37226cd430f32678e234fc4ee65ffce6f31f43a8e1
shinjuku-2026-r2-giin-10,hard,summary,G10-H-05,第9・10号は議案の朗読、説明及び委員会付託を省略して採決された,https://ssp.kaigiroku.net/tenant/shinjuku/MinuteView.html?council_id=3193&schedule_id=4&minute_id=83,7b7ebc0e632c5f92af17e76965c36a18425ccc3afef26de2bc7833a5c1fce326,本会議 6月19日 議長,議案の朗読は省略します。　これから説明及び委員会付託を省略して採決します。　本案をいずれも原案のとおり可決することに御異議ありませんか,supported,3c7c03c3e14fc1042cff2d37226cd430f32678e234fc4ee65ffce6f31f43a8e1
shinjuku-2026-r2-giin-10,hard,summary,G10-H-06,第9・10号は異議なく原案可決された,https://ssp.kaigiroku.net/tenant/shinjuku/MinuteView.html?council_id=3193&schedule_id=4&minute_id=84,cd524d0ea6c54c30947e8e5f6073a0c8b9dfc555e94b0553507bc3b052400508,本会議 6月19日 議長,異議なしと認めます。　本案は、いずれも原案のとおり可決されました,supported,3c7c03c3e14fc1042cff2d37226cd430f32678e234fc4ee65ffce6f31f43a8e1
shinjuku-2026-r2-giin-10,hard,content,G10-H-07,議会は公益に関する事件につき意見書を国会又は関係行政庁に提出できる,https://laws.e-gov.go.jp/api/1/articles;lawNum=昭和二十二年法律第六十七号;article=第九十九条,d8bc582a441257568af0498f062e377edbe49da0428548ec0c1771f73e69d4ce,地方自治法第99条,普通地方公共団体の議会は、当該普通地方公共団体の公益に関する事件につき意見書を国会又は関係行政庁に提出することができる。,supported,3c7c03c3e14fc1042cff2d37226cd430f32678e234fc4ee65ffce6f31f43a8e1
shinjuku-2026-r2-giin-10,hard,content,G10-H-08,意見書は地方自治法第99条に基づき提出する,https://www.city.shinjuku.lg.jp/content/000459265.pdf,12942087ee29dea89db6c78769547f59bee30cfce5afd823f0f3a72d1bff7836,意見書 本文,以上、地方自治法第９９条に基づき意見書を提出します,supported,3c7c03c3e14fc1042cff2d37226cd430f32678e234fc4ee65ffce6f31f43a8e1
shinjuku-2026-r2-giin-10,hard,content,G10-H-09,日付は令和8年6月19日,https://www.city.shinjuku.lg.jp/content/000459265.pdf,12942087ee29dea89db6c78769547f59bee30cfce5afd823f0f3a72d1bff7836,意見書 本文,令和８年６月１９日,supported,3c7c03c3e14fc1042cff2d37226cd430f32678e234fc4ee65ffce6f31f43a8e1
shinjuku-2026-r2-giin-10,hard,content,G10-H-10,あて先は衆議院議長、参議院議長、内閣総理大臣、総務大臣、財務大臣,https://www.city.shinjuku.lg.jp/content/000459265.pdf,12942087ee29dea89db6c78769547f59bee30cfce5afd823f0f3a72d1bff7836,意見書 あて先,衆議院議長参議院議長内閣総理大臣総務大臣財務大臣,supported,3c7c03c3e14fc1042cff2d37226cd430f32678e234fc4ee65ffce6f31f43a8e1
shinjuku-2026-r2-giin-10,hard,content,G10-H-11,地方法人課税の一部国税化、地方消費税の清算基準の見直し、ふるさと納税制度等を「不合理な税制改正」とし、特別区は深刻な影響を受けているとする,https://www.city.shinjuku.lg.jp/content/000459265.pdf,12942087ee29dea89db6c78769547f59bee30cfce5afd823f0f3a72d1bff7836,意見書 本文,国が「地方創生の推進」、「税源偏在是正」の名のもとに断行してきた、地方法人課税の一部国税化や地方消費税の清算基準の見直し、ふるさと納税制度等の「不合理な税制改正」により、特別区は深刻な影響を受けています,supported,3c7c03c3e14fc1042cff2d37226cd430f32678e234fc4ee65ffce6f31f43a8e1
shinjuku-2026-r2-giin-10,hard,content,G10-H-12,令和7年12月19日の令和8年度与党税制改正大綱は、法人事業税の見直しとともに、特別区の土地に係る固定資産税について必要な措置を検討し令和9年度以降に結論を得るとした,https://www.city.shinjuku.lg.jp/content/000459265.pdf,12942087ee29dea89db6c78769547f59bee30cfce5afd823f0f3a72d1bff7836,意見書 本文,令和７年１２月１９日に取りまとめられた令和８年度与党税制改正大綱では、法人事業税の見直しとともに、特別区の土地に係る固定資産税については、「必要な措置を検討し、令和９年度以降の税制改正において結論を得る」とされています,supported,3c7c03c3e14fc1042cff2d37226cd430f32678e234fc4ee65ffce6f31f43a8e1
shinjuku-2026-r2-giin-10,hard,content,G10-H-13,「受益と負担」の関係を無視した一方的な収奪は行政サービスに支障を生じかねない,https://www.city.shinjuku.lg.jp/content/000459265.pdf,12942087ee29dea89db6c78769547f59bee30cfce5afd823f0f3a72d1bff7836,意見書 本文,地方税の本旨である「受益と負担」の関係を無視し一方的に収奪することは、行政サービスの提供に支障を生じかねないものであり、決して看過できるものではありません,supported,3c7c03c3e14fc1042cff2d37226cd430f32678e234fc4ee65ffce6f31f43a8e1
shinjuku-2026-r2-giin-10,hard,content,G10-H-14,財源余剰があるとの見方は妥当でなく、人口一人当たりの一般財源額で都は全国平均とほぼ同水準,https://www.city.shinjuku.lg.jp/content/000459265.pdf,12942087ee29dea89db6c78769547f59bee30cfce5afd823f0f3a72d1bff7836,意見書 本文,財源余剰があるとの見方が存在していますが、地方交付税上の財政需要は大幅に抑制されていることから、実態を表したものではなく、財源余剰があるという見方は妥当ではありません。地方税に地方交付税等を加えた人口一人当たりの一般財源額で比較した場合、都は全国平均とほぼ同水準です,supported,3c7c03c3e14fc1042cff2d37226cd430f32678e234fc4ee65ffce6f31f43a8e1
shinjuku-2026-r2-giin-10,hard,content,G10-H-15,特別区は公共施設の老朽化対策、超高齢化、首都直下地震等への備えなど膨大な財政需要を抱え、都市部の物価に見合った財源と高額な敷地・施設コストが必要,https://www.city.shinjuku.lg.jp/content/000459265.pdf,12942087ee29dea89db6c78769547f59bee30cfce5afd823f0f3a72d1bff7836,意見書 本文,特別区は、次々に改築時期を迎える公共施設の老朽化対策や、超高齢化への対応、首都直下地震等の自然災害への備え等、首都圏特有の膨大な財政需要を抱えています。加えて、物価高騰対策や子育て支援等、各種施策を実施するにあたり、都市部の物価に見合った財源を投入し、敷地や施設も高額なコストで確保する必要があります,supported,3c7c03c3e14fc1042cff2d37226cd430f32678e234fc4ee65ffce6f31f43a8e1
shinjuku-2026-r2-giin-10,hard,content,G10-H-16,地方全体の財源不足は国の責任で解消すべきで、税源の奪い合いではなく交流と協働で共存共栄を図るべき,https://www.city.shinjuku.lg.jp/content/000459265.pdf,12942087ee29dea89db6c78769547f59bee30cfce5afd823f0f3a72d1bff7836,意見書 本文,地方全体における財源不足は、本来、国の責任において、地方全体の財源充実をもって解消するべきです…税源の奪い合いにより自治体間に不要な対立を生むのではなく、自治体間の積極的な交流や協働によって共存共栄を図ることが必要です,supported,3c7c03c3e14fc1042cff2d37226cd430f32678e234fc4ee65ffce6f31f43a8e1
shinjuku-2026-r2-giin-10,hard,content,G10-H-17,区民サービスを堅持するため「不合理な税制改正」に断固反対する,https://www.city.shinjuku.lg.jp/content/000459265.pdf,12942087ee29dea89db6c78769547f59bee30cfce5afd823f0f3a72d1bff7836,意見書 本文,よって、新宿区議会は、区民サービスを堅持するため、これらの「不合理な税制改正」に対して断固反対します,supported,3c7c03c3e14fc1042cff2d37226cd430f32678e234fc4ee65ffce6f31f43a8e1
shinjuku-2026-r2-giin-10,hard,content,G10-H-18,第9・10号は議案の朗読、説明及び委員会付託を省略して採決された,https://ssp.kaigiroku.net/tenant/shinjuku/MinuteView.html?council_id=3193&schedule_id=4&minute_id=83,7b7ebc0e632c5f92af17e76965c36a18425ccc3afef26de2bc7833a5c1fce326,本会議 6月19日 議長,議案の朗読は省略します。　これから説明及び委員会付託を省略して採決します。　本案をいずれも原案のとおり可決することに御異議ありませんか,supported,3c7c03c3e14fc1042cff2d37226cd430f32678e234fc4ee65ffce6f31f43a8e1
shinjuku-2026-r2-giin-10,hard,content,G10-H-19,第9・10号は異議なく原案可決された,https://ssp.kaigiroku.net/tenant/shinjuku/MinuteView.html?council_id=3193&schedule_id=4&minute_id=84,cd524d0ea6c54c30947e8e5f6073a0c8b9dfc555e94b0553507bc3b052400508,本会議 6月19日 議長,異議なしと認めます。　本案は、いずれも原案のとおり可決されました,supported,3c7c03c3e14fc1042cff2d37226cd430f32678e234fc4ee65ffce6f31f43a8e1
shinjuku-2026-r2-giin-10,hard,content,G10-H-20,議決結果は可決（全会派賛成）,https://www.city.shinjuku.lg.jp/content/000459252.pdf,14afb68aedc9c04d403ea2156c535ec7fabebe3cdccd04217df5bfd8648faa8d,議案の概要と審議結果 議員提出議案,〇〇〇〇〇〇〇〇可決,supported,3c7c03c3e14fc1042cff2d37226cd430f32678e234fc4ee65ffce6f31f43a8e1
