item_key,difficulty,content_field,claim_id,final_claim,source_url,source_sha256,page_or_section,evidence_excerpt,verdict,reviewed_content_sha256
shinjuku-2026-r2-shonin-3,normal,content,S3-N-01,区長が令和8年3月31日付けで専決処分した条例改正について議会の承認を求める案件である,https://www.city.shinjuku.lg.jp/content/000457642.pdf,a27e37a4294f4ce00969031938958bd38f63b0ab469bd1597fa3405be28ee752,議案本文,令和8年3月31日付けで専決処分したので、同条第3項の規定に基づき、別紙のとおりその処置について報告し、承認を求める,supported,772ea0ce41e60dbcc1bc1022bcf27a8c02db31c2828838a84d21241ae965fc87
shinjuku-2026-r2-shonin-3,normal,content,S3-N-02,専決処分の根拠は地方自治法第179条第1項である,https://www.city.shinjuku.lg.jp/content/000457642.pdf,a27e37a4294f4ce00969031938958bd38f63b0ab469bd1597fa3405be28ee752,議案本文,地方自治法（昭和22年法律第67号）第179条第1項の規定に基づき,supported,772ea0ce41e60dbcc1bc1022bcf27a8c02db31c2828838a84d21241ae965fc87
shinjuku-2026-r2-shonin-3,normal,content,S3-N-03,処分したときは区長は次の議会でその処置を報告し承認を求めなければならない（同条第3項）,https://www.city.shinjuku.lg.jp/content/000457642.pdf,a27e37a4294f4ce00969031938958bd38f63b0ab469bd1597fa3405be28ee752,議案本文,同条第3項の規定に基づき、別紙のとおりその処置について報告し、承認を求める,supported,772ea0ce41e60dbcc1bc1022bcf27a8c02db31c2828838a84d21241ae965fc87
shinjuku-2026-r2-shonin-3,normal,content,S3-N-04,告示は新宿区告示第203号、令和8年3月31日付けである,https://www.city.shinjuku.lg.jp/content/000457642.pdf,a27e37a4294f4ce00969031938958bd38f63b0ab469bd1597fa3405be28ee752,新宿区告示第203号,新宿区告示第２０３号 専決処分について … 令和８年３月３１日 新宿区長 吉住 健一,supported,772ea0ce41e60dbcc1bc1022bcf27a8c02db31c2828838a84d21241ae965fc87
shinjuku-2026-r2-shonin-3,normal,content,S3-N-05,緊急を要するため区議会を招集する時間的余裕がないことが明らかであると認めた旨が告示にある,https://www.city.shinjuku.lg.jp/content/000457642.pdf,a27e37a4294f4ce00969031938958bd38f63b0ab469bd1597fa3405be28ee752,新宿区告示第203号,特に緊急を要するため新宿区議会を招集する時間的余裕がないことが明らかであると認め,supported,772ea0ce41e60dbcc1bc1022bcf27a8c02db31c2828838a84d21241ae965fc87
shinjuku-2026-r2-shonin-3,normal,content,S3-N-06,理由は地方税法等の一部を改正する法律（令和8年法律第2号）が令和8年3月31日に公布され同年4月1日から施行されることに伴うものである,https://www.city.shinjuku.lg.jp/content/000457642.pdf,a27e37a4294f4ce00969031938958bd38f63b0ab469bd1597fa3405be28ee752,新宿区告示第203号 3 理由,地方税法等の一部を改正する法律（令和8年法律第2号）が令和8年3月31日に公布され同年4月1日から施行されることに伴い,supported,772ea0ce41e60dbcc1bc1022bcf27a8c02db31c2828838a84d21241ae965fc87
shinjuku-2026-r2-shonin-3,normal,content,S3-N-07,対象条例は昭和28年新宿区条例第8号である,https://www.city.shinjuku.lg.jp/content/000457642.pdf,a27e37a4294f4ce00969031938958bd38f63b0ab469bd1597fa3405be28ee752,改め文,アメリカ合衆国軍隊の構成員等の所有する軽自動車等に対する軽自動車税の種別割の徴収の特例に関する条例（昭和28年新宿区条例第8号）,supported,772ea0ce41e60dbcc1bc1022bcf27a8c02db31c2828838a84d21241ae965fc87
shinjuku-2026-r2-shonin-3,normal,content,S3-N-08,概要資料は日米地位協定の実施に伴う地方税法の臨時特例に関する法律の改正に伴い現行の種別割を軽自動車税に名称変更すると説明している,https://www.city.shinjuku.lg.jp/content/000456353.pdf,e1be5ac0c08d22dc59916c81fd24bd972ef44b601f8cd65ba76fc5d1f9d35c92,承認第3号 主な制定内容,日本国とアメリカ合衆国との間の相互協力及び安全保障条約第6条に基づく施設及び区域並びに日本国における合衆国軍隊の地位に関する協定の実施に伴う地方税法の臨時特例に関する法律の改正に伴い、現行の種別割を軽自動車税に名称変更する。,supported,772ea0ce41e60dbcc1bc1022bcf27a8c02db31c2828838a84d21241ae965fc87
shinjuku-2026-r2-shonin-3,normal,content,S3-N-09,題名や各条文から「の種別割」という文言を削る,https://www.city.shinjuku.lg.jp/content/000457642.pdf,a27e37a4294f4ce00969031938958bd38f63b0ab469bd1597fa3405be28ee752,改め文,題名及び第1条中「の種別割」を削る。,supported,772ea0ce41e60dbcc1bc1022bcf27a8c02db31c2828838a84d21241ae965fc87
shinjuku-2026-r2-shonin-3,normal,content,S3-N-10,「軽自動車税（種別割）納税証紙」を「軽自動車税納税証紙」に改める,https://www.city.shinjuku.lg.jp/content/000457642.pdf,a27e37a4294f4ce00969031938958bd38f63b0ab469bd1597fa3405be28ee752,改め文 第2条第3項,「軽自動車税（種別割）納税証紙」を「軽自動車税納税証紙」に,supported,772ea0ce41e60dbcc1bc1022bcf27a8c02db31c2828838a84d21241ae965fc87
shinjuku-2026-r2-shonin-3,normal,content,S3-N-11,「軽自動車税（種別割）納税済検印」を「軽自動車税納税済検印」に改める,https://www.city.shinjuku.lg.jp/content/000457642.pdf,a27e37a4294f4ce00969031938958bd38f63b0ab469bd1597fa3405be28ee752,改め文 第2条第3項,「軽自動車税（種別割）納税済検印」を「軽自動車税納税済検印」に改める。,supported,772ea0ce41e60dbcc1bc1022bcf27a8c02db31c2828838a84d21241ae965fc87
shinjuku-2026-r2-shonin-3,normal,content,S3-N-12,第1号様式も改められる,https://www.city.shinjuku.lg.jp/content/000457642.pdf,a27e37a4294f4ce00969031938958bd38f63b0ab469bd1597fa3405be28ee752,改め文,第1号様式を次のように改める。,supported,772ea0ce41e60dbcc1bc1022bcf27a8c02db31c2828838a84d21241ae965fc87
shinjuku-2026-r2-shonin-3,normal,content,S3-N-13,施行日は令和8年4月1日である,https://www.city.shinjuku.lg.jp/content/000457642.pdf,a27e37a4294f4ce00969031938958bd38f63b0ab469bd1597fa3405be28ee752,附則第1項,この条例は、令和8年4月1日から施行する。,supported,772ea0ce41e60dbcc1bc1022bcf27a8c02db31c2828838a84d21241ae965fc87
shinjuku-2026-r2-shonin-3,normal,content,S3-N-14,改正後の規定は令和8年度以後の年度分の軽自動車税について適用する,https://www.city.shinjuku.lg.jp/content/000457642.pdf,a27e37a4294f4ce00969031938958bd38f63b0ab469bd1597fa3405be28ee752,附則第2項,令和8年度以後の年度分の軽自動車税について適用し,supported,772ea0ce41e60dbcc1bc1022bcf27a8c02db31c2828838a84d21241ae965fc87
shinjuku-2026-r2-shonin-3,normal,content,S3-N-15,令和7年度分までの軽自動車税の種別割についてはなお従前の例による,https://www.city.shinjuku.lg.jp/content/000457642.pdf,a27e37a4294f4ce00969031938958bd38f63b0ab469bd1597fa3405be28ee752,附則第2項,令和7年度分までの軽自動車税の種別割については、なお従前の例による。,supported,772ea0ce41e60dbcc1bc1022bcf27a8c02db31c2828838a84d21241ae965fc87
shinjuku-2026-r2-shonin-3,normal,content,S3-N-16,令和8年第2回定例会で承認された,https://www.city.shinjuku.lg.jp/kusei/soumu01_002090_00016.html,72349f6e321e79ccc3076036e07386763398510bfb6bb2154b4cd3d6a2d85d58,議決結果表 承認第3号,承認第3号 専決処分の承認について 承認,supported,772ea0ce41e60dbcc1bc1022bcf27a8c02db31c2828838a84d21241ae965fc87
shinjuku-2026-r2-shonin-3,normal,content,S3-N-17,承認案件の議決は「可決」ではなく「承認」である,https://www.city.shinjuku.lg.jp/kusei/soumu01_002090_00016.html,72349f6e321e79ccc3076036e07386763398510bfb6bb2154b4cd3d6a2d85d58,議決結果表,承認第3号 専決処分の承認について 承認,supported,772ea0ce41e60dbcc1bc1022bcf27a8c02db31c2828838a84d21241ae965fc87
shinjuku-2026-r2-shonin-3,normal,title,S3-NT-01,見出し: 在日米軍関係の軽自動車税の条例の名称変更に関する専決処分の承認である,https://www.city.shinjuku.lg.jp/content/000456353.pdf,e1be5ac0c08d22dc59916c81fd24bd972ef44b601f8cd65ba76fc5d1f9d35c92,承認第3号 主な制定内容,現行の種別割を軽自動車税に名称変更する。,supported,772ea0ce41e60dbcc1bc1022bcf27a8c02db31c2828838a84d21241ae965fc87
shinjuku-2026-r2-shonin-3,normal,summary,S3-NS-01,要約: 対象は在日米軍の構成員等が持つ軽自動車等の軽自動車税の徴収の特例を定めた条例である,https://www.city.shinjuku.lg.jp/content/000457642.pdf,a27e37a4294f4ce00969031938958bd38f63b0ab469bd1597fa3405be28ee752,改め文,アメリカ合衆国軍隊の構成員等の所有する軽自動車等に対する軽自動車税の種別割の徴収の特例に関する条例（昭和28年新宿区条例第8号）,supported,772ea0ce41e60dbcc1bc1022bcf27a8c02db31c2828838a84d21241ae965fc87
shinjuku-2026-r2-shonin-3,normal,summary,S3-NS-02,要約: 法改正の公布は令和8年3月31日、施行は4月1日である,https://www.city.shinjuku.lg.jp/content/000457642.pdf,a27e37a4294f4ce00969031938958bd38f63b0ab469bd1597fa3405be28ee752,新宿区告示第203号 3 理由,令和8年3月31日に公布され同年4月1日から施行され,supported,772ea0ce41e60dbcc1bc1022bcf27a8c02db31c2828838a84d21241ae965fc87
shinjuku-2026-r2-shonin-3,hard,content,S3-H-01,提出日は令和8年6月10日である,https://www.city.shinjuku.lg.jp/content/000457642.pdf,a27e37a4294f4ce00969031938958bd38f63b0ab469bd1597fa3405be28ee752,議案本文末尾,令和８年６月１０日 提出者 新宿区長 吉住 健一,supported,0f42a74cc5d12762cb23ccd44e48c92bd051886d6eb54abb852237ec48feeb46
shinjuku-2026-r2-shonin-3,hard,content,S3-H-02,提出者は新宿区長 吉住健一である,https://www.city.shinjuku.lg.jp/content/000457642.pdf,a27e37a4294f4ce00969031938958bd38f63b0ab469bd1597fa3405be28ee752,議案本文末尾,提出者 新宿区長 吉住 健一,supported,0f42a74cc5d12762cb23ccd44e48c92bd051886d6eb54abb852237ec48feeb46
shinjuku-2026-r2-shonin-3,hard,content,S3-H-03,専決処分日は令和8年3月31日である,https://www.city.shinjuku.lg.jp/content/000457642.pdf,a27e37a4294f4ce00969031938958bd38f63b0ab469bd1597fa3405be28ee752,新宿区告示第203号 2 処分した日,令和8年3月31日,supported,0f42a74cc5d12762cb23ccd44e48c92bd051886d6eb54abb852237ec48feeb46
shinjuku-2026-r2-shonin-3,hard,content,S3-H-04,専決処分の根拠は地方自治法（昭和22年法律第67号）第179条第1項である,https://www.city.shinjuku.lg.jp/content/000457642.pdf,a27e37a4294f4ce00969031938958bd38f63b0ab469bd1597fa3405be28ee752,議案本文,地方自治法（昭和22年法律第67号）第179条第1項の規定に基づき,supported,0f42a74cc5d12762cb23ccd44e48c92bd051886d6eb54abb852237ec48feeb46
shinjuku-2026-r2-shonin-3,hard,content,S3-H-05,報告および承認を求める根拠は同条第3項である,https://www.city.shinjuku.lg.jp/content/000457642.pdf,a27e37a4294f4ce00969031938958bd38f63b0ab469bd1597fa3405be28ee752,議案本文,同条第3項の規定に基づき,supported,0f42a74cc5d12762cb23ccd44e48c92bd051886d6eb54abb852237ec48feeb46
shinjuku-2026-r2-shonin-3,hard,content,S3-H-06,対象条例はアメリカ合衆国軍隊の構成員等の所有する軽自動車等に対する軽自動車税の種別割の徴収の特例に関する条例（昭和28年新宿区条例第8号）である,https://www.city.shinjuku.lg.jp/content/000457642.pdf,a27e37a4294f4ce00969031938958bd38f63b0ab469bd1597fa3405be28ee752,改め文,アメリカ合衆国軍隊の構成員等の所有する軽自動車等に対する軽自動車税の種別割の徴収の特例に関する条例（昭和28年新宿区条例第8号）の一部を次のように改正する。,supported,0f42a74cc5d12762cb23ccd44e48c92bd051886d6eb54abb852237ec48feeb46
shinjuku-2026-r2-shonin-3,hard,content,S3-H-07,告示の議決すべき事件は当該条例の一部を改正する件である,https://www.city.shinjuku.lg.jp/content/000457642.pdf,a27e37a4294f4ce00969031938958bd38f63b0ab469bd1597fa3405be28ee752,新宿区告示第203号 1 議決すべき事件,アメリカ合衆国軍隊の構成員等の所有する軽自動車等に対する軽自動車税の種別割の徴収の特例に関する条例（昭和28年新宿区条例第8号）の一部を改正する件,supported,0f42a74cc5d12762cb23ccd44e48c92bd051886d6eb54abb852237ec48feeb46
shinjuku-2026-r2-shonin-3,hard,content,S3-H-08,告示は地方自治法第179条第1項の規定により処分した旨を記す,https://www.city.shinjuku.lg.jp/content/000457642.pdf,a27e37a4294f4ce00969031938958bd38f63b0ab469bd1597fa3405be28ee752,新宿区告示第203号,地方自治法（昭和22年法律第67号）第179条第1項の規定により次のとおり処分した。,supported,0f42a74cc5d12762cb23ccd44e48c92bd051886d6eb54abb852237ec48feeb46
shinjuku-2026-r2-shonin-3,hard,content,S3-H-09,改め文は題名及び第1条中「の種別割」を削る,https://www.city.shinjuku.lg.jp/content/000457642.pdf,a27e37a4294f4ce00969031938958bd38f63b0ab469bd1597fa3405be28ee752,改め文,題名及び第1条中「の種別割」を削る。,supported,0f42a74cc5d12762cb23ccd44e48c92bd051886d6eb54abb852237ec48feeb46
shinjuku-2026-r2-shonin-3,hard,content,S3-H-10,改め文は第2条第1項及び第2項中「の種別割」を削る,https://www.city.shinjuku.lg.jp/content/000457642.pdf,a27e37a4294f4ce00969031938958bd38f63b0ab469bd1597fa3405be28ee752,改め文,第2条第1項及び第2項中「の種別割」を削り,supported,0f42a74cc5d12762cb23ccd44e48c92bd051886d6eb54abb852237ec48feeb46
shinjuku-2026-r2-shonin-3,hard,content,S3-H-11,改め文は第3条中「の種別割」を削る,https://www.city.shinjuku.lg.jp/content/000457642.pdf,a27e37a4294f4ce00969031938958bd38f63b0ab469bd1597fa3405be28ee752,改め文,第3条中「の種別割」を削る。,supported,0f42a74cc5d12762cb23ccd44e48c92bd051886d6eb54abb852237ec48feeb46
shinjuku-2026-r2-shonin-3,hard,content,S3-H-12,第1号様式は第2条関係の様式である,https://www.city.shinjuku.lg.jp/content/000457642.pdf,a27e37a4294f4ce00969031938958bd38f63b0ab469bd1597fa3405be28ee752,第1号様式,第1号様式(第2条関係),supported,0f42a74cc5d12762cb23ccd44e48c92bd051886d6eb54abb852237ec48feeb46
shinjuku-2026-r2-shonin-3,hard,content,S3-H-13,第1号様式には車種（Type of Vehicle）の欄がある,https://www.city.shinjuku.lg.jp/content/000457642.pdf,a27e37a4294f4ce00969031938958bd38f63b0ab469bd1597fa3405be28ee752,第1号様式,車 種(Type of Vehicle),supported,0f42a74cc5d12762cb23ccd44e48c92bd051886d6eb54abb852237ec48feeb46
shinjuku-2026-r2-shonin-3,hard,content,S3-H-14,第1号様式には標識番号（Plate Number）の欄がある,https://www.city.shinjuku.lg.jp/content/000457642.pdf,a27e37a4294f4ce00969031938958bd38f63b0ab469bd1597fa3405be28ee752,第1号様式,標 識 番 号(Plate Number),supported,0f42a74cc5d12762cb23ccd44e48c92bd051886d6eb54abb852237ec48feeb46
shinjuku-2026-r2-shonin-3,hard,content,S3-H-15,第1号様式には税額（Tax Amount）の欄がある,https://www.city.shinjuku.lg.jp/content/000457642.pdf,a27e37a4294f4ce00969031938958bd38f63b0ab469bd1597fa3405be28ee752,第1号様式,税 額(Tax Amount),supported,0f42a74cc5d12762cb23ccd44e48c92bd051886d6eb54abb852237ec48feeb46
shinjuku-2026-r2-shonin-3,hard,content,S3-H-16,第1号様式には課税年度と交付年月日（Date of Deliver）の欄がある,https://www.city.shinjuku.lg.jp/content/000457642.pdf,a27e37a4294f4ce00969031938958bd38f63b0ab469bd1597fa3405be28ee752,第1号様式,交付年月日 (Date of Deliver),supported,0f42a74cc5d12762cb23ccd44e48c92bd051886d6eb54abb852237ec48feeb46
shinjuku-2026-r2-shonin-3,hard,content,S3-H-17,改正後の様式の証紙の表題は「軽自動車税納税証紙」である,https://www.city.shinjuku.lg.jp/content/000457642.pdf,a27e37a4294f4ce00969031938958bd38f63b0ab469bd1597fa3405be28ee752,第1号様式,軽自動車税納税証紙,supported,0f42a74cc5d12762cb23ccd44e48c92bd051886d6eb54abb852237ec48feeb46
shinjuku-2026-r2-shonin-3,hard,content,S3-H-18,施行期日は令和8年4月1日である,https://www.city.shinjuku.lg.jp/content/000457642.pdf,a27e37a4294f4ce00969031938958bd38f63b0ab469bd1597fa3405be28ee752,附則第1項,この条例は、令和8年4月1日から施行する。,supported,0f42a74cc5d12762cb23ccd44e48c92bd051886d6eb54abb852237ec48feeb46
shinjuku-2026-r2-shonin-3,hard,content,S3-H-19,経過措置は令和8年度以後の年度分の軽自動車税について適用する旨を定める,https://www.city.shinjuku.lg.jp/content/000457642.pdf,a27e37a4294f4ce00969031938958bd38f63b0ab469bd1597fa3405be28ee752,附則第2項,令和8年度以後の年度分の軽自動車税について適用し、令和7年度分までの軽自動車税の種別割については、なお従前の例による。,supported,0f42a74cc5d12762cb23ccd44e48c92bd051886d6eb54abb852237ec48feeb46
shinjuku-2026-r2-shonin-3,hard,content,S3-H-20,承認第2号も令和8年3月31日付けで専決処分されている,https://www.city.shinjuku.lg.jp/content/000456353.pdf,e1be5ac0c08d22dc59916c81fd24bd972ef44b601f8cd65ba76fc5d1f9d35c92,承認第2号 概要,令和8年3月31日付けで行った地方自治法第179条第1項に基づく「新宿区特別区税条例の一部を改正する条例」に係る専決処分事件,supported,0f42a74cc5d12762cb23ccd44e48c92bd051886d6eb54abb852237ec48feeb46
shinjuku-2026-r2-shonin-3,hard,content,S3-H-21,承認第2号の概要にも軽自動車税の種別割を軽自動車税に名称変更する旨の記載がある,https://www.city.shinjuku.lg.jp/content/000456353.pdf,e1be5ac0c08d22dc59916c81fd24bd972ef44b601f8cd65ba76fc5d1f9d35c92,承認第2号 主な制定内容,軽自動車税の環境性能割を廃止するとともに、現行の種別割を軽自動車税に名称変更する。,supported,0f42a74cc5d12762cb23ccd44e48c92bd051886d6eb54abb852237ec48feeb46
shinjuku-2026-r2-shonin-3,hard,content,S3-H-22,承認第2号と本件が事務上どのように関連づけて処理されたかは一次資料に記載がない,https://www.city.shinjuku.lg.jp/content/000457642.pdf,a27e37a4294f4ce00969031938958bd38f63b0ab469bd1597fa3405be28ee752,出典に記載がない事項,（本件は解説本文が「一次資料に記載がない」と明示している箇所であり、事実主張ではない）,needs_source,0f42a74cc5d12762cb23ccd44e48c92bd051886d6eb54abb852237ec48feeb46
shinjuku-2026-r2-shonin-3,hard,content,S3-H-23,令和8年第2回定例会において承認された,https://www.city.shinjuku.lg.jp/kusei/soumu01_002090_00016.html,72349f6e321e79ccc3076036e07386763398510bfb6bb2154b4cd3d6a2d85d58,議決結果表 承認第3号,承認第3号 専決処分の承認について 承認,supported,0f42a74cc5d12762cb23ccd44e48c92bd051886d6eb54abb852237ec48feeb46
shinjuku-2026-r2-shonin-3,hard,content,S3-H-24,議決結果ページの表記は「承認」であり議案の「原案可決」とは用語が異なる,https://www.city.shinjuku.lg.jp/kusei/soumu01_002090_00016.html,72349f6e321e79ccc3076036e07386763398510bfb6bb2154b4cd3d6a2d85d58,議決結果表,第42号議案 令和8年度新宿区一般会計補正予算（第2号） 原案可決 … 承認第3号 専決処分の承認について 承認,supported,0f42a74cc5d12762cb23ccd44e48c92bd051886d6eb54abb852237ec48feeb46
shinjuku-2026-r2-shonin-3,hard,title,S3-HT-01,見出し: 対象は米軍構成員等軽自動車税徴収特例条例の一部改正である,https://www.city.shinjuku.lg.jp/content/000457642.pdf,a27e37a4294f4ce00969031938958bd38f63b0ab469bd1597fa3405be28ee752,改め文,アメリカ合衆国軍隊の構成員等の所有する軽自動車等に対する軽自動車税の種別割の徴収の特例に関する条例,supported,0f42a74cc5d12762cb23ccd44e48c92bd051886d6eb54abb852237ec48feeb46
shinjuku-2026-r2-shonin-3,hard,summary,S3-HS-01,要約: 専決処分は地方自治法第179条第1項に基づき令和8年3月31日付けで行われた,https://www.city.shinjuku.lg.jp/content/000457642.pdf,a27e37a4294f4ce00969031938958bd38f63b0ab469bd1597fa3405be28ee752,議案本文,地方自治法（昭和22年法律第67号）第179条第1項の規定に基づき、令和8年3月31日付けで専決処分した,supported,0f42a74cc5d12762cb23ccd44e48c92bd051886d6eb54abb852237ec48feeb46
shinjuku-2026-r2-shonin-3,hard,summary,S3-HS-02,要約: 対象条例は昭和28年新宿区条例第8号である,https://www.city.shinjuku.lg.jp/content/000457642.pdf,a27e37a4294f4ce00969031938958bd38f63b0ab469bd1597fa3405be28ee752,改め文,（昭和28年新宿区条例第8号）,supported,0f42a74cc5d12762cb23ccd44e48c92bd051886d6eb54abb852237ec48feeb46
shinjuku-2026-r2-shonin-3,hard,summary,S3-HS-03,要約: 題名及び第1条から第3条の「の種別割」を削り、第1号様式を改める,https://www.city.shinjuku.lg.jp/content/000457642.pdf,a27e37a4294f4ce00969031938958bd38f63b0ab469bd1597fa3405be28ee752,改め文,題名及び第1条中「の種別割」を削る。…第3条中「の種別割」を削る。…第1号様式を次のように改める。,supported,0f42a74cc5d12762cb23ccd44e48c92bd051886d6eb54abb852237ec48feeb46
shinjuku-2026-r2-shonin-3,hard,summary,S3-HS-04,要約: 施行日は令和8年4月1日である,https://www.city.shinjuku.lg.jp/content/000457642.pdf,a27e37a4294f4ce00969031938958bd38f63b0ab469bd1597fa3405be28ee752,附則第1項,この条例は、令和8年4月1日から施行する。,supported,0f42a74cc5d12762cb23ccd44e48c92bd051886d6eb54abb852237ec48feeb46
shinjuku-2026-r2-gian-45,normal,content,B45-N-01,対象条例は新宿区における個人番号の利用及び特定個人情報の提供に関する条例（平成27年新宿区条例第47号）である,https://www.city.shinjuku.lg.jp/content/000457644.pdf,949768e6d595f373292c24c16ffc136b1227c874e481ee4cb946d5aebc7e3f40,改め文,新宿区における個人番号の利用及び特定個人情報の提供に関する条例（平成27年新宿区条例第47号）の一部を次のように改正する。,supported,ad5aaad724ec04a1e1079199fbe5136a1b75807f984af2ce28d800042071b0af
shinjuku-2026-r2-gian-45,normal,content,B45-N-02,独自に利用する事務や他機関と連携して利用する事務は条例で定めることになっている,https://www.city.shinjuku.lg.jp/content/000456353.pdf,e1be5ac0c08d22dc59916c81fd24bd972ef44b601f8cd65ba76fc5d1f9d35c92,第45号議案 概要,行政手続における特定の個人を識別するための番号の利用等に関する法律に基づき条例で定めることとなっている独自利用事務及び他機関連携に係る事務,supported,ad5aaad724ec04a1e1079199fbe5136a1b75807f984af2ce28d800042071b0af
shinjuku-2026-r2-gian-45,normal,content,B45-N-03,概要資料は独自利用事務及び他機関連携に係る事務に予防接種に関する事務を追加すると説明している,https://www.city.shinjuku.lg.jp/content/000456353.pdf,e1be5ac0c08d22dc59916c81fd24bd972ef44b601f8cd65ba76fc5d1f9d35c92,第45号議案 概要,利用事務及び他機関連携に係る事務に予防接種に関する事務を追加する。,supported,ad5aaad724ec04a1e1079199fbe5136a1b75807f984af2ce28d800042071b0af
shinjuku-2026-r2-gian-45,normal,content,B45-N-04,追加先は別表の区長の部である,https://www.city.shinjuku.lg.jp/content/000457644.pdf,949768e6d595f373292c24c16ffc136b1227c874e481ee4cb946d5aebc7e3f40,改め文,別表区長の部に次のように加える。,supported,ad5aaad724ec04a1e1079199fbe5136a1b75807f984af2ce28d800042071b0af
shinjuku-2026-r2-gian-45,normal,content,B45-N-05,追加される事務は第8号として加えられる,https://www.city.shinjuku.lg.jp/content/000457644.pdf,949768e6d595f373292c24c16ffc136b1227c874e481ee4cb946d5aebc7e3f40,改め文,⑻ 予防接種,supported,ad5aaad724ec04a1e1079199fbe5136a1b75807f984af2ce28d800042071b0af
shinjuku-2026-r2-gian-45,normal,content,B45-N-06,予防接種法（昭和23年法律第68号）によるものは対象から除かれる,https://www.city.shinjuku.lg.jp/content/000457644.pdf,949768e6d595f373292c24c16ffc136b1227c874e481ee4cb946d5aebc7e3f40,改め文 別表区長の部⑻,予防接種（予防接種法（昭和23年法律第68号）,supported,ad5aaad724ec04a1e1079199fbe5136a1b75807f984af2ce28d800042071b0af
shinjuku-2026-r2-gian-45,normal,content,B45-N-07,新型インフルエンザ等対策特別措置法（平成24年法律第31号）によるものは対象から除かれる,https://www.city.shinjuku.lg.jp/content/000457644.pdf,949768e6d595f373292c24c16ffc136b1227c874e481ee4cb946d5aebc7e3f40,改め文 別表区長の部⑻,及び新型インフルエンザ等対策特別措置法（平成24年法律第31号）によるものを除く。）,supported,ad5aaad724ec04a1e1079199fbe5136a1b75807f984af2ce28d800042071b0af
shinjuku-2026-r2-gian-45,normal,content,B45-N-08,対象は規則で定めるものに限られる,https://www.city.shinjuku.lg.jp/content/000457644.pdf,949768e6d595f373292c24c16ffc136b1227c874e481ee4cb946d5aebc7e3f40,改め文 別表区長の部⑻,の実施に関する事務であって規則で定めるもの,supported,ad5aaad724ec04a1e1079199fbe5136a1b75807f984af2ce28d800042071b0af
shinjuku-2026-r2-gian-45,normal,content,B45-N-09,施行日は公布の日から起算して1年10月を超えない範囲内において新宿区規則で定める日である,https://www.city.shinjuku.lg.jp/content/000457644.pdf,949768e6d595f373292c24c16ffc136b1227c874e481ee4cb946d5aebc7e3f40,附則,この条例は、公布の日から起算して1年10月を超えない範囲内において新宿区規則で定める日から施行する。,supported,ad5aaad724ec04a1e1079199fbe5136a1b75807f984af2ce28d800042071b0af
shinjuku-2026-r2-gian-45,normal,content,B45-N-10,提案理由は独自に利用する事務および特定個人情報を連携して利用する事務に予防接種の実施に関する事務を加える必要があるためである,https://www.city.shinjuku.lg.jp/content/000457644.pdf,949768e6d595f373292c24c16ffc136b1227c874e481ee4cb946d5aebc7e3f40,提案理由,新宿区において個人番号を独自に利用する事務及び特定個人情報を連携して利用する事務に予防接種の実施に関する事務を加える必要があるため,supported,ad5aaad724ec04a1e1079199fbe5136a1b75807f984af2ce28d800042071b0af
shinjuku-2026-r2-gian-45,normal,content,B45-N-11,令和8年第2回定例会で原案可決された,https://www.city.shinjuku.lg.jp/kusei/soumu01_002090_00016.html,72349f6e321e79ccc3076036e07386763398510bfb6bb2154b4cd3d6a2d85d58,議決結果表 第45号議案,第45号議案 新宿区における個人番号の利用及び特定個人情報の提供に関する条例の一部を改正する条例 原案可決,supported,ad5aaad724ec04a1e1079199fbe5136a1b75807f984af2ce28d800042071b0af
shinjuku-2026-r2-gian-45,normal,content,B45-N-12,対象となる予防接種の種類・連携される情報項目・区民の手続の変化は資料に書かれていない,https://www.city.shinjuku.lg.jp/content/000457644.pdf,949768e6d595f373292c24c16ffc136b1227c874e481ee4cb946d5aebc7e3f40,出典に記載がない事項,（本件は解説本文が「議案の資料には書かれていません」と明示している箇所であり、事実主張ではない）,needs_source,ad5aaad724ec04a1e1079199fbe5136a1b75807f984af2ce28d800042071b0af
shinjuku-2026-r2-gian-45,normal,title,B45-NT-01,見出し: マイナンバーを使える区の事務に予防接種を追加する,https://www.city.shinjuku.lg.jp/content/000456353.pdf,e1be5ac0c08d22dc59916c81fd24bd972ef44b601f8cd65ba76fc5d1f9d35c92,第45号議案 概要,予防接種に関する事務を追加する。,supported,ad5aaad724ec04a1e1079199fbe5136a1b75807f984af2ce28d800042071b0af
shinjuku-2026-r2-gian-45,normal,summary,B45-NS-01,要約: 独自に利用する事務と他機関と連携できる事務に予防接種の実施に関する事務を加える,https://www.city.shinjuku.lg.jp/content/000457644.pdf,949768e6d595f373292c24c16ffc136b1227c874e481ee4cb946d5aebc7e3f40,提案理由,個人番号を独自に利用する事務及び特定個人情報を連携して利用する事務に予防接種の実施に関する事務を加える,supported,ad5aaad724ec04a1e1079199fbe5136a1b75807f984af2ce28d800042071b0af
shinjuku-2026-r2-gian-45,normal,summary,B45-NS-02,要約: 予防接種法と新型インフルエンザ等対策特別措置法によるものは除かれる,https://www.city.shinjuku.lg.jp/content/000457644.pdf,949768e6d595f373292c24c16ffc136b1227c874e481ee4cb946d5aebc7e3f40,改め文 別表区長の部⑻,予防接種法（昭和23年法律第68号）及び新型インフルエンザ等対策特別措置法（平成24年法律第31号）によるものを除く。,supported,ad5aaad724ec04a1e1079199fbe5136a1b75807f984af2ce28d800042071b0af
shinjuku-2026-r2-gian-45,normal,summary,B45-NS-03,要約: 施行日は公布日から1年10月以内で区規則が定める日である,https://www.city.shinjuku.lg.jp/content/000457644.pdf,949768e6d595f373292c24c16ffc136b1227c874e481ee4cb946d5aebc7e3f40,附則,公布の日から起算して1年10月を超えない範囲内において新宿区規則で定める日から施行する。,supported,ad5aaad724ec04a1e1079199fbe5136a1b75807f984af2ce28d800042071b0af
shinjuku-2026-r2-gian-45,hard,content,B45-H-01,提出日は令和8年6月10日である,https://www.city.shinjuku.lg.jp/content/000457644.pdf,949768e6d595f373292c24c16ffc136b1227c874e481ee4cb946d5aebc7e3f40,議案本文末尾,令和８年６月１０日 提出者 新宿区長 吉住 健一,supported,1c7f3a3f45a88b43e9c96ca80adee587d4bb182ec109b815e708b4dbcf5a39f7
shinjuku-2026-r2-gian-45,hard,content,B45-H-02,提出者は新宿区長 吉住健一である,https://www.city.shinjuku.lg.jp/content/000457644.pdf,949768e6d595f373292c24c16ffc136b1227c874e481ee4cb946d5aebc7e3f40,議案本文末尾,提出者 新宿区長 吉住 健一,supported,1c7f3a3f45a88b43e9c96ca80adee587d4bb182ec109b815e708b4dbcf5a39f7
shinjuku-2026-r2-gian-45,hard,content,B45-H-03,対象条例は平成27年新宿区条例第47号である,https://www.city.shinjuku.lg.jp/content/000457644.pdf,949768e6d595f373292c24c16ffc136b1227c874e481ee4cb946d5aebc7e3f40,改め文,新宿区における個人番号の利用及び特定個人情報の提供に関する条例（平成27年新宿区条例第47号）,supported,1c7f3a3f45a88b43e9c96ca80adee587d4bb182ec109b815e708b4dbcf5a39f7
shinjuku-2026-r2-gian-45,hard,content,B45-H-04,提案理由は個人番号を独自に利用する事務及び特定個人情報を連携して利用する事務に予防接種の実施に関する事務を加える必要があるためである,https://www.city.shinjuku.lg.jp/content/000457644.pdf,949768e6d595f373292c24c16ffc136b1227c874e481ee4cb946d5aebc7e3f40,提案理由,新宿区において個人番号を独自に利用する事務及び特定個人情報を連携して利用する事務に予防接種の実施に関する事務を加える必要があるため,supported,1c7f3a3f45a88b43e9c96ca80adee587d4bb182ec109b815e708b4dbcf5a39f7
shinjuku-2026-r2-gian-45,hard,content,B45-H-05,改め文は別表区長の部に加える1か所のみである,https://www.city.shinjuku.lg.jp/content/000457644.pdf,949768e6d595f373292c24c16ffc136b1227c874e481ee4cb946d5aebc7e3f40,改め文,別表区長の部に次のように加える。,supported,1c7f3a3f45a88b43e9c96ca80adee587d4bb182ec109b815e708b4dbcf5a39f7
shinjuku-2026-r2-gian-45,hard,content,B45-H-06,追加される第8号の全文は予防接種（予防接種法及び新型インフルエンザ等対策特別措置法によるものを除く。）の実施に関する事務であって規則で定めるものである,https://www.city.shinjuku.lg.jp/content/000457644.pdf,949768e6d595f373292c24c16ffc136b1227c874e481ee4cb946d5aebc7e3f40,改め文 別表区長の部⑻,⑻ 予防接種（予防接種法（昭和23年法律第68号）及び新型インフルエンザ等対策特別措置法（平成24年法律第31号）によるものを除く。）の実施に関する事務であって規則で定めるもの,supported,1c7f3a3f45a88b43e9c96ca80adee587d4bb182ec109b815e708b4dbcf5a39f7
shinjuku-2026-r2-gian-45,hard,content,B45-H-07,法律による除外は予防接種法（昭和23年法律第68号）である,https://www.city.shinjuku.lg.jp/content/000457644.pdf,949768e6d595f373292c24c16ffc136b1227c874e481ee4cb946d5aebc7e3f40,改め文 別表区長の部⑻,予防接種法（昭和23年法律第68号）,supported,1c7f3a3f45a88b43e9c96ca80adee587d4bb182ec109b815e708b4dbcf5a39f7
shinjuku-2026-r2-gian-45,hard,content,B45-H-08,法律による除外には新型インフルエンザ等対策特別措置法（平成24年法律第31号）が含まれる,https://www.city.shinjuku.lg.jp/content/000457644.pdf,949768e6d595f373292c24c16ffc136b1227c874e481ee4cb946d5aebc7e3f40,改め文 別表区長の部⑻,新型インフルエンザ等対策特別措置法（平成24年法律第31号）,supported,1c7f3a3f45a88b43e9c96ca80adee587d4bb182ec109b815e708b4dbcf5a39f7
shinjuku-2026-r2-gian-45,hard,content,B45-H-09,具体的な事務の範囲は新宿区規則で定まる,https://www.city.shinjuku.lg.jp/content/000457644.pdf,949768e6d595f373292c24c16ffc136b1227c874e481ee4cb946d5aebc7e3f40,改め文 別表区長の部⑻,規則で定めるもの,supported,1c7f3a3f45a88b43e9c96ca80adee587d4bb182ec109b815e708b4dbcf5a39f7
shinjuku-2026-r2-gian-45,hard,content,B45-H-10,概要資料は本改正を独自利用事務と他機関連携に係る事務の双方に関わるものとして説明している,https://www.city.shinjuku.lg.jp/content/000456353.pdf,e1be5ac0c08d22dc59916c81fd24bd972ef44b601f8cd65ba76fc5d1f9d35c92,第45号議案 概要,条例で定めることとなっている独自利用事務及び他機関連携に係る事務に予防接種に関する事務を追加する。,supported,1c7f3a3f45a88b43e9c96ca80adee587d4bb182ec109b815e708b4dbcf5a39f7
shinjuku-2026-r2-gian-45,hard,content,B45-H-11,附則は公布の日から起算して1年10月を超えない範囲内において新宿区規則で定める日から施行する旨を定める,https://www.city.shinjuku.lg.jp/content/000457644.pdf,949768e6d595f373292c24c16ffc136b1227c874e481ee4cb946d5aebc7e3f40,附則,この条例は、公布の日から起算して1年10月を超えない範囲内において新宿区規則で定める日から施行する。,supported,1c7f3a3f45a88b43e9c96ca80adee587d4bb182ec109b815e708b4dbcf5a39f7
shinjuku-2026-r2-gian-45,hard,content,B45-H-12,概要資料が示す施行日も同じ文言である,https://www.city.shinjuku.lg.jp/content/000456353.pdf,e1be5ac0c08d22dc59916c81fd24bd972ef44b601f8cd65ba76fc5d1f9d35c92,第45号議案 施行日,公布の日から起算して 1 年 10 月を超えない範囲内において新宿区規則で定める日,supported,1c7f3a3f45a88b43e9c96ca80adee587d4bb182ec109b815e708b4dbcf5a39f7
shinjuku-2026-r2-gian-45,hard,content,B45-H-13,令和8年第2回定例会において原案可決された,https://www.city.shinjuku.lg.jp/kusei/soumu01_002090_00016.html,72349f6e321e79ccc3076036e07386763398510bfb6bb2154b4cd3d6a2d85d58,議決結果表 第45号議案,第45号議案 新宿区における個人番号の利用及び特定個人情報の提供に関する条例の一部を改正する条例 原案可決,supported,1c7f3a3f45a88b43e9c96ca80adee587d4bb182ec109b815e708b4dbcf5a39f7
shinjuku-2026-r2-gian-45,hard,content,B45-H-14,改正前後の確定した別表の内容や規則で定める事務の範囲等は一次資料から確認できない,https://www.city.shinjuku.lg.jp/content/000457644.pdf,949768e6d595f373292c24c16ffc136b1227c874e481ee4cb946d5aebc7e3f40,出典に記載がない事項,（本件は解説本文が「一次資料からは確認できない」と明示している箇所であり、事実主張ではない）,needs_source,1c7f3a3f45a88b43e9c96ca80adee587d4bb182ec109b815e708b4dbcf5a39f7
shinjuku-2026-r2-gian-45,hard,title,B45-HT-01,見出し: 対象は新宿区における個人番号の利用及び特定個人情報の提供に関する条例の一部改正である,https://www.city.shinjuku.lg.jp/content/000457644.pdf,949768e6d595f373292c24c16ffc136b1227c874e481ee4cb946d5aebc7e3f40,改め文,新宿区における個人番号の利用及び特定個人情報の提供に関する条例,supported,1c7f3a3f45a88b43e9c96ca80adee587d4bb182ec109b815e708b4dbcf5a39f7
shinjuku-2026-r2-gian-45,hard,summary,B45-HS-01,要約: 対象条例は平成27年新宿区条例第47号である,https://www.city.shinjuku.lg.jp/content/000457644.pdf,949768e6d595f373292c24c16ffc136b1227c874e481ee4cb946d5aebc7e3f40,改め文,（平成27年新宿区条例第47号）,supported,1c7f3a3f45a88b43e9c96ca80adee587d4bb182ec109b815e708b4dbcf5a39f7
shinjuku-2026-r2-gian-45,hard,summary,B45-HS-02,要約: 別表区長の部に第8号として追加する,https://www.city.shinjuku.lg.jp/content/000457644.pdf,949768e6d595f373292c24c16ffc136b1227c874e481ee4cb946d5aebc7e3f40,改め文,別表区長の部に次のように加える。⑻,supported,1c7f3a3f45a88b43e9c96ca80adee587d4bb182ec109b815e708b4dbcf5a39f7
shinjuku-2026-r2-gian-45,hard,summary,B45-HS-03,要約: 追加される事務は規則で定めるものに限られる,https://www.city.shinjuku.lg.jp/content/000457644.pdf,949768e6d595f373292c24c16ffc136b1227c874e481ee4cb946d5aebc7e3f40,改め文 別表区長の部⑻,の実施に関する事務であって規則で定めるもの,supported,1c7f3a3f45a88b43e9c96ca80adee587d4bb182ec109b815e708b4dbcf5a39f7
shinjuku-2026-r2-gian-46,normal,content,B46-N-01,対象条例は新宿区職員の勤務時間、休日、休暇等に関する条例（平成10年新宿区条例第11号）である,https://www.city.shinjuku.lg.jp/content/000457645.pdf,0ce7168bad3705fb21f93ea78a71d75a1ae37584e219a05cb7ce73da80efd62b,改め文,新宿区職員の勤務時間、休日、休暇等に関する条例（平成10年新宿区条例第11号）の一部を次のように改正する。,supported,40fb040f3359ab4c7060b2923b38a72a0807be72801549caa23909dd9e6933e7
shinjuku-2026-r2-gian-46,normal,content,B46-N-02,早出遅出勤務は育児、介護等の事情がある職員に限り利用を認めている制度であった,https://www.city.shinjuku.lg.jp/content/000456353.pdf,e1be5ac0c08d22dc59916c81fd24bd972ef44b601f8cd65ba76fc5d1f9d35c92,第46号議案 概要,育児、介護等の事情がある職員に限り利用を認めている早出遅出勤務制度を廃止する。,supported,40fb040f3359ab4c7060b2923b38a72a0807be72801549caa23909dd9e6933e7
shinjuku-2026-r2-gian-46,normal,content,B46-N-03,概要資料は多様な働き方へのニーズの高まり等を踏まえた改正だと説明している,https://www.city.shinjuku.lg.jp/content/000456353.pdf,e1be5ac0c08d22dc59916c81fd24bd972ef44b601f8cd65ba76fc5d1f9d35c92,第46号議案 概要,多様な働き方へのニーズの高まり等を踏まえ、職員の希望に基づき勤務時間を割り振る時差通勤制度を導入するため、育児、介護等の事情がある職員に限り利用を認めている早出遅出勤務制度を廃止する。,supported,40fb040f3359ab4c7060b2923b38a72a0807be72801549caa23909dd9e6933e7
shinjuku-2026-r2-gian-46,normal,content,B46-N-04,提案理由は時差通勤制度を導入するため早出遅出勤務を廃止する必要があるためである,https://www.city.shinjuku.lg.jp/content/000457645.pdf,0ce7168bad3705fb21f93ea78a71d75a1ae37584e219a05cb7ce73da80efd62b,提案理由,職員の希望に基づき勤務時間を割り振る時差通勤制度を導入するため、早出遅出勤務を廃止する必要があるため,supported,40fb040f3359ab4c7060b2923b38a72a0807be72801549caa23909dd9e6933e7
shinjuku-2026-r2-gian-46,normal,content,B46-N-05,第9条の2第1項および第2項から「、第9条の6第1項」を削る,https://www.city.shinjuku.lg.jp/content/000457645.pdf,0ce7168bad3705fb21f93ea78a71d75a1ae37584e219a05cb7ce73da80efd62b,改め文,第9条の2第1項及び第2項中「、第9条の6第1項」を削る。,supported,40fb040f3359ab4c7060b2923b38a72a0807be72801549caa23909dd9e6933e7
shinjuku-2026-r2-gian-46,normal,content,B46-N-06,第9条の6を削る,https://www.city.shinjuku.lg.jp/content/000457645.pdf,0ce7168bad3705fb21f93ea78a71d75a1ae37584e219a05cb7ce73da80efd62b,改め文,第9条の6を削る。,supported,40fb040f3359ab4c7060b2923b38a72a0807be72801549caa23909dd9e6933e7
shinjuku-2026-r2-gian-46,normal,content,B46-N-07,施行日は令和8年10月1日である,https://www.city.shinjuku.lg.jp/content/000457645.pdf,0ce7168bad3705fb21f93ea78a71d75a1ae37584e219a05cb7ce73da80efd62b,附則,この条例は、令和8年10月1日から施行する。,supported,40fb040f3359ab4c7060b2923b38a72a0807be72801549caa23909dd9e6933e7
shinjuku-2026-r2-gian-46,normal,content,B46-N-08,令和8年第2回定例会で原案可決された,https://www.city.shinjuku.lg.jp/kusei/soumu01_002090_00016.html,72349f6e321e79ccc3076036e07386763398510bfb6bb2154b4cd3d6a2d85d58,議決結果表 第46号議案,第46号議案 新宿区職員の勤務時間、休日、休暇等に関する条例の一部を改正する条例 原案可決,supported,40fb040f3359ab4c7060b2923b38a72a0807be72801549caa23909dd9e6933e7
shinjuku-2026-r2-gian-46,normal,content,B46-N-09,時差通勤制度そのものの中身はこの条例改正に含まれていない（改め文は削除のみ）,https://www.city.shinjuku.lg.jp/content/000457645.pdf,0ce7168bad3705fb21f93ea78a71d75a1ae37584e219a05cb7ce73da80efd62b,改め文,第9条の2第1項及び第2項中「、第9条の6第1項」を削る。 第9条の6を削る。,supported,40fb040f3359ab4c7060b2923b38a72a0807be72801549caa23909dd9e6933e7
shinjuku-2026-r2-gian-46,normal,content,B46-N-10,幼稚園教育職員についても同じ趣旨の改正が第55号議案として提出されている,https://www.city.shinjuku.lg.jp/content/000456353.pdf,e1be5ac0c08d22dc59916c81fd24bd972ef44b601f8cd65ba76fc5d1f9d35c92,第55号議案 概要,多様な働き方へのニーズの高まり等を踏まえ、幼稚園教育職員の希望に基づき勤務時間を割り振る時差通勤制度を導入するため、育児、介護等の事情がある幼稚園教育職員に限り利用を認めている早出遅出勤務制度を廃止する。,supported,40fb040f3359ab4c7060b2923b38a72a0807be72801549caa23909dd9e6933e7
shinjuku-2026-r2-gian-46,normal,title,B46-NT-01,見出し: 区職員の早出遅出勤務を廃止し時差通勤制度へ移行する,https://www.city.shinjuku.lg.jp/content/000457645.pdf,0ce7168bad3705fb21f93ea78a71d75a1ae37584e219a05cb7ce73da80efd62b,提案理由,時差通勤制度を導入するため、早出遅出勤務を廃止する,supported,40fb040f3359ab4c7060b2923b38a72a0807be72801549caa23909dd9e6933e7
shinjuku-2026-r2-gian-46,normal,summary,B46-NS-01,要約: 早出遅出勤務の制度を廃止する条例改正である,https://www.city.shinjuku.lg.jp/content/000457645.pdf,0ce7168bad3705fb21f93ea78a71d75a1ae37584e219a05cb7ce73da80efd62b,改め文,第9条の6を削る。,supported,40fb040f3359ab4c7060b2923b38a72a0807be72801549caa23909dd9e6933e7
shinjuku-2026-r2-gian-46,normal,summary,B46-NS-02,要約: 概要資料は多様な働き方へのニーズの高まり等を踏まえた廃止だと説明している,https://www.city.shinjuku.lg.jp/content/000456353.pdf,e1be5ac0c08d22dc59916c81fd24bd972ef44b601f8cd65ba76fc5d1f9d35c92,第46号議案 概要,多様な働き方へのニーズの高まり等を踏まえ、職員の希望に基づき勤務時間を割り振る時差通勤制度を導入するため,supported,40fb040f3359ab4c7060b2923b38a72a0807be72801549caa23909dd9e6933e7
shinjuku-2026-r2-gian-46,normal,summary,B46-NS-03,要約: 施行日は令和8年10月1日である,https://www.city.shinjuku.lg.jp/content/000457645.pdf,0ce7168bad3705fb21f93ea78a71d75a1ae37584e219a05cb7ce73da80efd62b,附則,この条例は、令和8年10月1日から施行する。,supported,40fb040f3359ab4c7060b2923b38a72a0807be72801549caa23909dd9e6933e7
shinjuku-2026-r2-gian-46,hard,content,B46-H-01,提出日は令和8年6月10日である,https://www.city.shinjuku.lg.jp/content/000457645.pdf,0ce7168bad3705fb21f93ea78a71d75a1ae37584e219a05cb7ce73da80efd62b,議案本文末尾,令和８年６月１０日 提出者 新宿区長 吉住 健一,supported,d90a49685f07991f42ca12f14aa3b1287b3d794ffa284b727f5270691e31382f
shinjuku-2026-r2-gian-46,hard,content,B46-H-02,提出者は新宿区長 吉住健一である,https://www.city.shinjuku.lg.jp/content/000457645.pdf,0ce7168bad3705fb21f93ea78a71d75a1ae37584e219a05cb7ce73da80efd62b,議案本文末尾,提出者 新宿区長 吉住 健一,supported,d90a49685f07991f42ca12f14aa3b1287b3d794ffa284b727f5270691e31382f
shinjuku-2026-r2-gian-46,hard,content,B46-H-03,対象条例は平成10年新宿区条例第11号である,https://www.city.shinjuku.lg.jp/content/000457645.pdf,0ce7168bad3705fb21f93ea78a71d75a1ae37584e219a05cb7ce73da80efd62b,改め文,新宿区職員の勤務時間、休日、休暇等に関する条例（平成10年新宿区条例第11号）,supported,d90a49685f07991f42ca12f14aa3b1287b3d794ffa284b727f5270691e31382f
shinjuku-2026-r2-gian-46,hard,content,B46-H-04,提案理由は時差通勤制度の導入のため早出遅出勤務を廃止する必要があるためである,https://www.city.shinjuku.lg.jp/content/000457645.pdf,0ce7168bad3705fb21f93ea78a71d75a1ae37584e219a05cb7ce73da80efd62b,提案理由,職員の希望に基づき勤務時間を割り振る時差通勤制度を導入するため、早出遅出勤務を廃止する必要があるため,supported,d90a49685f07991f42ca12f14aa3b1287b3d794ffa284b727f5270691e31382f
shinjuku-2026-r2-gian-46,hard,content,B46-H-05,改め文は第9条の2第1項及び第2項中「、第9条の6第1項」を削るものである,https://www.city.shinjuku.lg.jp/content/000457645.pdf,0ce7168bad3705fb21f93ea78a71d75a1ae37584e219a05cb7ce73da80efd62b,改め文,第9条の2第1項及び第2項中「、第9条の6第1項」を削る。,supported,d90a49685f07991f42ca12f14aa3b1287b3d794ffa284b727f5270691e31382f
shinjuku-2026-r2-gian-46,hard,content,B46-H-06,改め文は第9条の6を削るものである,https://www.city.shinjuku.lg.jp/content/000457645.pdf,0ce7168bad3705fb21f93ea78a71d75a1ae37584e219a05cb7ce73da80efd62b,改め文,第9条の6を削る。,supported,d90a49685f07991f42ca12f14aa3b1287b3d794ffa284b727f5270691e31382f
shinjuku-2026-r2-gian-46,hard,content,B46-H-07,改め文は上記2点のみである,https://www.city.shinjuku.lg.jp/content/000457645.pdf,0ce7168bad3705fb21f93ea78a71d75a1ae37584e219a05cb7ce73da80efd62b,改め文全体,第9条の2第1項及び第2項中「、第9条の6第1項」を削る。 第9条の6を削る。 附 則,supported,d90a49685f07991f42ca12f14aa3b1287b3d794ffa284b727f5270691e31382f
shinjuku-2026-r2-gian-46,hard,content,B46-H-08,概要資料は廃止される早出遅出勤務制度が育児、介護等の事情がある職員に限り利用を認めているものであると明記している,https://www.city.shinjuku.lg.jp/content/000456353.pdf,e1be5ac0c08d22dc59916c81fd24bd972ef44b601f8cd65ba76fc5d1f9d35c92,第46号議案 概要,育児、介護等の事情がある職員に限り利用を認めている早出遅出勤務制度,supported,d90a49685f07991f42ca12f14aa3b1287b3d794ffa284b727f5270691e31382f
shinjuku-2026-r2-gian-46,hard,content,B46-H-09,附則は令和8年10月1日から施行する旨のみを定める,https://www.city.shinjuku.lg.jp/content/000457645.pdf,0ce7168bad3705fb21f93ea78a71d75a1ae37584e219a05cb7ce73da80efd62b,附則,この条例は、令和8年10月1日から施行する。,supported,d90a49685f07991f42ca12f14aa3b1287b3d794ffa284b727f5270691e31382f
shinjuku-2026-r2-gian-46,hard,content,B46-H-10,概要資料の施行日も令和8年10月1日である,https://www.city.shinjuku.lg.jp/content/000456353.pdf,e1be5ac0c08d22dc59916c81fd24bd972ef44b601f8cd65ba76fc5d1f9d35c92,第46号議案 施行日,令和 8 年 10 月 1 日,supported,d90a49685f07991f42ca12f14aa3b1287b3d794ffa284b727f5270691e31382f
shinjuku-2026-r2-gian-46,hard,content,B46-H-11,本条例改正に時差通勤制度の根拠規定は含まれていない,https://www.city.shinjuku.lg.jp/content/000457645.pdf,0ce7168bad3705fb21f93ea78a71d75a1ae37584e219a05cb7ce73da80efd62b,改め文全体,第9条の2第1項及び第2項中「、第9条の6第1項」を削る。 第9条の6を削る。,supported,d90a49685f07991f42ca12f14aa3b1287b3d794ffa284b727f5270691e31382f
shinjuku-2026-r2-gian-46,hard,content,B46-H-12,時差通勤制度が条例・規則のいずれによりどのような内容で定められるかは一次資料から確認できない,https://www.city.shinjuku.lg.jp/content/000457645.pdf,0ce7168bad3705fb21f93ea78a71d75a1ae37584e219a05cb7ce73da80efd62b,出典に記載がない事項,（本件は解説本文が「一次資料からは確認できない」と明示している箇所であり、事実主張ではない）,needs_source,d90a49685f07991f42ca12f14aa3b1287b3d794ffa284b727f5270691e31382f
shinjuku-2026-r2-gian-46,hard,content,B46-H-13,第55号議案は幼稚園教育職員について同趣旨の改正を行うものである,https://www.city.shinjuku.lg.jp/content/000456353.pdf,e1be5ac0c08d22dc59916c81fd24bd972ef44b601f8cd65ba76fc5d1f9d35c92,第55号議案 概要,幼稚園教育職員の希望に基づき勤務時間を割り振る時差通勤制度を導入するため、育児、介護等の事情がある幼稚園教育職員に限り利用を認めている早出遅出勤務制度を廃止する。,supported,d90a49685f07991f42ca12f14aa3b1287b3d794ffa284b727f5270691e31382f
shinjuku-2026-r2-gian-46,hard,content,B46-H-14,第55号議案の施行日も令和8年10月1日である,https://www.city.shinjuku.lg.jp/content/000456353.pdf,e1be5ac0c08d22dc59916c81fd24bd972ef44b601f8cd65ba76fc5d1f9d35c92,第55号議案 施行日,令和 8 年 10 月 1 日,supported,d90a49685f07991f42ca12f14aa3b1287b3d794ffa284b727f5270691e31382f
shinjuku-2026-r2-gian-46,hard,content,B46-H-15,令和8年第2回定例会において原案可決された,https://www.city.shinjuku.lg.jp/kusei/soumu01_002090_00016.html,72349f6e321e79ccc3076036e07386763398510bfb6bb2154b4cd3d6a2d85d58,議決結果表 第46号議案,第46号議案 新宿区職員の勤務時間、休日、休暇等に関する条例の一部を改正する条例 原案可決,supported,d90a49685f07991f42ca12f14aa3b1287b3d794ffa284b727f5270691e31382f
shinjuku-2026-r2-gian-46,hard,title,B46-HT-01,見出し: 対象は新宿区職員の勤務時間、休日、休暇等に関する条例の一部改正である,https://www.city.shinjuku.lg.jp/content/000457645.pdf,0ce7168bad3705fb21f93ea78a71d75a1ae37584e219a05cb7ce73da80efd62b,改め文,新宿区職員の勤務時間、休日、休暇等に関する条例,supported,d90a49685f07991f42ca12f14aa3b1287b3d794ffa284b727f5270691e31382f
shinjuku-2026-r2-gian-46,hard,summary,B46-HS-01,要約: 対象条例は平成10年新宿区条例第11号である,https://www.city.shinjuku.lg.jp/content/000457645.pdf,0ce7168bad3705fb21f93ea78a71d75a1ae37584e219a05cb7ce73da80efd62b,改め文,（平成10年新宿区条例第11号）,supported,d90a49685f07991f42ca12f14aa3b1287b3d794ffa284b727f5270691e31382f
shinjuku-2026-r2-gian-46,hard,summary,B46-HS-02,要約: 第9条の2第1項及び第2項中「、第9条の6第1項」を削り、第9条の6を削る,https://www.city.shinjuku.lg.jp/content/000457645.pdf,0ce7168bad3705fb21f93ea78a71d75a1ae37584e219a05cb7ce73da80efd62b,改め文,第9条の2第1項及び第2項中「、第9条の6第1項」を削る。 第9条の6を削る。,supported,d90a49685f07991f42ca12f14aa3b1287b3d794ffa284b727f5270691e31382f
shinjuku-2026-r2-gian-46,hard,summary,B46-HS-03,要約: 施行日は令和8年10月1日である,https://www.city.shinjuku.lg.jp/content/000457645.pdf,0ce7168bad3705fb21f93ea78a71d75a1ae37584e219a05cb7ce73da80efd62b,附則,この条例は、令和8年10月1日から施行する。,supported,d90a49685f07991f42ca12f14aa3b1287b3d794ffa284b727f5270691e31382f
shinjuku-2026-r2-gian-47,normal,content,B47-N-01,対象条例は新宿区特別区税条例（昭和39年新宿区条例第57号）である,https://www.city.shinjuku.lg.jp/content/000457646.pdf,f28d95a2242fb9041e8fe0b7556ec649de6e85c6255494beb87d6c0a0bd08988,改め文,新宿区特別区税条例（昭和39年新宿区条例第57号）の一部を次のように改正する。,supported,305640ea8bb5b93f7ed2013d211415fd81e2430a7879e207a1ccdb225703cb83
shinjuku-2026-r2-gian-47,normal,content,B47-N-02,概要資料は主な改正内容としてスイッチOTC医薬品等の購入金額を総所得金額等から控除する医療費控除の特例の時限措置を廃止し恒久化することを挙げている,https://www.city.shinjuku.lg.jp/content/000456353.pdf,e1be5ac0c08d22dc59916c81fd24bd972ef44b601f8cd65ba76fc5d1f9d35c92,第47号議案 主な改正内容,スイッチ OTC 医薬品（医療用から転用された一定の市販薬）等の購入金額を総所得金額等から控除する医療費控除の特例の時限措置を廃止し、恒久化する。,supported,305640ea8bb5b93f7ed2013d211415fd81e2430a7879e207a1ccdb225703cb83
shinjuku-2026-r2-gian-47,normal,content,B47-N-03,概要資料が示す施行日は令和9年1月1日である,https://www.city.shinjuku.lg.jp/content/000456353.pdf,e1be5ac0c08d22dc59916c81fd24bd972ef44b601f8cd65ba76fc5d1f9d35c92,第47号議案 施行日,令和 9 年 1 月 1 日,supported,305640ea8bb5b93f7ed2013d211415fd81e2430a7879e207a1ccdb225703cb83
shinjuku-2026-r2-gian-47,normal,content,B47-N-04,第24条の3第1項が全面的に書き改められる,https://www.city.shinjuku.lg.jp/content/000457646.pdf,f28d95a2242fb9041e8fe0b7556ec649de6e85c6255494beb87d6c0a0bd08988,改め文,第24条の3第1項を次のように改める。,supported,305640ea8bb5b93f7ed2013d211415fd81e2430a7879e207a1ccdb225703cb83
shinjuku-2026-r2-gian-47,normal,content,B47-N-05,第2項として申告書の記載事項を定める規定が新たに加わる,https://www.city.shinjuku.lg.jp/content/000457646.pdf,f28d95a2242fb9041e8fe0b7556ec649de6e85c6255494beb87d6c0a0bd08988,改め文,同条第1項の次に次の1項を加える。 ２ 前項の規定による申告書の記載事項は、次に掲げる事項とする。,supported,305640ea8bb5b93f7ed2013d211415fd81e2430a7879e207a1ccdb225703cb83
shinjuku-2026-r2-gian-47,normal,content,B47-N-06,申告書を提出しなければならないのは「公的年金等受給者」である,https://www.city.shinjuku.lg.jp/content/000457646.pdf,f28d95a2242fb9041e8fe0b7556ec649de6e85c6255494beb87d6c0a0bd08988,改正後 第24条の3第1項,次に掲げる者（以下この条において「公的年金等受給者」という。）は,supported,305640ea8bb5b93f7ed2013d211415fd81e2430a7879e207a1ccdb225703cb83
shinjuku-2026-r2-gian-47,normal,content,B47-N-07,提出期限は毎年最初に公的年金等の支払を受ける日の前日までである,https://www.city.shinjuku.lg.jp/content/000457646.pdf,f28d95a2242fb9041e8fe0b7556ec649de6e85c6255494beb87d6c0a0bd08988,改正後 第24条の3第1項,毎年最初に公的年金等の支払を受ける日の前日までに,supported,305640ea8bb5b93f7ed2013d211415fd81e2430a7879e207a1ccdb225703cb83
shinjuku-2026-r2-gian-47,normal,content,B47-N-08,提出先は区長で、公的年金等支払者を経由する,https://www.city.shinjuku.lg.jp/content/000457646.pdf,f28d95a2242fb9041e8fe0b7556ec649de6e85c6255494beb87d6c0a0bd08988,改正後 第24条の3第1項,当該公的年金等支払者を経由して、区長に提出しなければならない。,supported,305640ea8bb5b93f7ed2013d211415fd81e2430a7879e207a1ccdb225703cb83
shinjuku-2026-r2-gian-47,normal,content,B47-N-09,記載事項の第1号は公的年金等支払者の名称である,https://www.city.shinjuku.lg.jp/content/000457646.pdf,f28d95a2242fb9041e8fe0b7556ec649de6e85c6255494beb87d6c0a0bd08988,改正後 第24条の3第2項,⑴ 公的年金等支払者の名称,supported,305640ea8bb5b93f7ed2013d211415fd81e2430a7879e207a1ccdb225703cb83
shinjuku-2026-r2-gian-47,normal,content,B47-N-10,記載事項には特別障害者その他の障害者・寡婦・ひとり親に該当する場合のその旨が含まれる,https://www.city.shinjuku.lg.jp/content/000457646.pdf,f28d95a2242fb9041e8fe0b7556ec649de6e85c6255494beb87d6c0a0bd08988,改正後 第24条の3第2項,法第314条の2第1項第6号に規定する特別障害者又はその他の障害者に該当する場合にはその旨及びその該当する事実並びに寡婦又はひとり親に該当する場合にはその旨,supported,305640ea8bb5b93f7ed2013d211415fd81e2430a7879e207a1ccdb225703cb83
shinjuku-2026-r2-gian-47,normal,content,B47-N-11,記載事項には特定配偶者の氏名が含まれる,https://www.city.shinjuku.lg.jp/content/000457646.pdf,f28d95a2242fb9041e8fe0b7556ec649de6e85c6255494beb87d6c0a0bd08988,改正後 第24条の3第2項,⑶ 特定配偶者の氏名,supported,305640ea8bb5b93f7ed2013d211415fd81e2430a7879e207a1ccdb225703cb83
shinjuku-2026-r2-gian-47,normal,content,B47-N-12,記載事項には扶養親族又は特定親族の氏名が含まれる,https://www.city.shinjuku.lg.jp/content/000457646.pdf,f28d95a2242fb9041e8fe0b7556ec649de6e85c6255494beb87d6c0a0bd08988,改正後 第24条の3第2項,⑷ 扶養親族又は特定親族の氏名,supported,305640ea8bb5b93f7ed2013d211415fd81e2430a7879e207a1ccdb225703cb83
shinjuku-2026-r2-gian-47,normal,content,B47-N-13,記載事項にはその他施行規則で定める事項が含まれる,https://www.city.shinjuku.lg.jp/content/000457646.pdf,f28d95a2242fb9041e8fe0b7556ec649de6e85c6255494beb87d6c0a0bd08988,改正後 第24条の3第2項,⑸ その他施行規則で定める事項,supported,305640ea8bb5b93f7ed2013d211415fd81e2430a7879e207a1ccdb225703cb83
shinjuku-2026-r2-gian-47,normal,content,B47-N-14,特定配偶者は所得割の納税義務者（合計所得金額が900万円以下である者に限る）と生計を一にする配偶者（合計所得金額が95万円以下である者に限る）とされている,https://www.city.shinjuku.lg.jp/content/000457646.pdf,f28d95a2242fb9041e8fe0b7556ec649de6e85c6255494beb87d6c0a0bd08988,改正後 第24条の3第1項第2号,特定配偶者（所得割の納税義務者（合計所得金額が 900 万円以下である者に限る。）の自己と生計を一にする配偶者（合計所得金額が 95 万円以下である者に限る。）をいう。,supported,305640ea8bb5b93f7ed2013d211415fd81e2430a7879e207a1ccdb225703cb83
shinjuku-2026-r2-gian-47,normal,content,B47-N-15,第20条第2項・第23条第1項ただし書・第24条の2・付則第2条の3・付則第3条の4・付則第5条の2でも改正が行われる,https://www.city.shinjuku.lg.jp/content/000457646.pdf,f28d95a2242fb9041e8fe0b7556ec649de6e85c6255494beb87d6c0a0bd08988,改め文,第20条第2項中 … 第23条第1項ただし書中 … 第24条の2第1項第2号中 … 付則第2条の3中 … 付則第3条の4中 … 付則第5条の2中,supported,305640ea8bb5b93f7ed2013d211415fd81e2430a7879e207a1ccdb225703cb83
shinjuku-2026-r2-gian-47,normal,content,B47-N-16,付則第2条の3では「から令和9年度まで」を「以後」に改めている,https://www.city.shinjuku.lg.jp/content/000457646.pdf,f28d95a2242fb9041e8fe0b7556ec649de6e85c6255494beb87d6c0a0bd08988,改め文,付則第2条の3中「から令和9年度まで」を「以後」に,supported,305640ea8bb5b93f7ed2013d211415fd81e2430a7879e207a1ccdb225703cb83
shinjuku-2026-r2-gian-47,normal,content,B47-N-17,概要資料の説明と改め文のどの部分が対応するかは資料に明示されていない,https://www.city.shinjuku.lg.jp/content/000456353.pdf,e1be5ac0c08d22dc59916c81fd24bd972ef44b601f8cd65ba76fc5d1f9d35c92,第47号議案 概要／改め文,（本件は解説本文が「資料には明示されていません」と明示している箇所であり、事実主張ではない）,needs_source,305640ea8bb5b93f7ed2013d211415fd81e2430a7879e207a1ccdb225703cb83
shinjuku-2026-r2-gian-47,normal,content,B47-N-18,令和9年1月1日施行の対象は第23条第1項ただし書・第24条の2・第24条の3・付則第2条の3の改正規定と附則第2条の規定である,https://www.city.shinjuku.lg.jp/content/000457646.pdf,f28d95a2242fb9041e8fe0b7556ec649de6e85c6255494beb87d6c0a0bd08988,附則第1条第1号,第23条第1項ただし書、第24条の2、第24条の3及び付則第2条の3の改正規定並びに次条の規定 令和 9 年 1 月 1 日,supported,305640ea8bb5b93f7ed2013d211415fd81e2430a7879e207a1ccdb225703cb83
shinjuku-2026-r2-gian-47,normal,content,B47-N-19,令和10年1月1日施行の対象は第20条第2項・付則第3条の4・付則第5条の2の改正規定である,https://www.city.shinjuku.lg.jp/content/000457646.pdf,f28d95a2242fb9041e8fe0b7556ec649de6e85c6255494beb87d6c0a0bd08988,附則第1条第2号,第20条第2項並びに付則第3条の4及び第5条の2の改正規定 令和 10 年 1 月 1 日,supported,305640ea8bb5b93f7ed2013d211415fd81e2430a7879e207a1ccdb225703cb83
shinjuku-2026-r2-gian-47,normal,content,B47-N-20,令和8年第2回定例会で原案可決された,https://www.city.shinjuku.lg.jp/kusei/soumu01_002090_00016.html,72349f6e321e79ccc3076036e07386763398510bfb6bb2154b4cd3d6a2d85d58,議決結果表 第47号議案,第47号議案 新宿区特別区税条例の一部を改正する条例 原案可決,supported,305640ea8bb5b93f7ed2013d211415fd81e2430a7879e207a1ccdb225703cb83
shinjuku-2026-r2-gian-47,normal,content,B47-N-21,区税収入への影響額・対象となる納税義務者数・控除額の上限は資料に書かれていない,https://www.city.shinjuku.lg.jp/content/000457646.pdf,f28d95a2242fb9041e8fe0b7556ec649de6e85c6255494beb87d6c0a0bd08988,出典に記載がない事項,（本件は解説本文が「議案の資料には書かれていません」と明示している箇所であり、事実主張ではない）,needs_source,305640ea8bb5b93f7ed2013d211415fd81e2430a7879e207a1ccdb225703cb83
shinjuku-2026-r2-gian-47,normal,title,B47-NT-01,見出し: 市販薬の医療費控除の特例を恒久化する区税条例の改正である,https://www.city.shinjuku.lg.jp/content/000456353.pdf,e1be5ac0c08d22dc59916c81fd24bd972ef44b601f8cd65ba76fc5d1f9d35c92,第47号議案 主な改正内容,医療費控除の特例の時限措置を廃止し、恒久化する。,supported,305640ea8bb5b93f7ed2013d211415fd81e2430a7879e207a1ccdb225703cb83
shinjuku-2026-r2-gian-47,normal,summary,B47-NS-01,要約: 地方税法の改正に伴う区税条例の改正である,https://www.city.shinjuku.lg.jp/content/000456353.pdf,e1be5ac0c08d22dc59916c81fd24bd972ef44b601f8cd65ba76fc5d1f9d35c92,第47号議案 概要,地方税法の改正等に伴い、所要の改正を行う。,supported,305640ea8bb5b93f7ed2013d211415fd81e2430a7879e207a1ccdb225703cb83
shinjuku-2026-r2-gian-47,normal,summary,B47-NS-02,要約: 概要資料はスイッチOTC医薬品等の購入金額を総所得金額等から控除する医療費控除の特例の恒久化を主な改正内容に挙げている,https://www.city.shinjuku.lg.jp/content/000456353.pdf,e1be5ac0c08d22dc59916c81fd24bd972ef44b601f8cd65ba76fc5d1f9d35c92,第47号議案 主な改正内容,スイッチ OTC 医薬品（医療用から転用された一定の市販薬）等の購入金額を総所得金額等から控除する医療費控除の特例の時限措置を廃止し、恒久化する。,supported,305640ea8bb5b93f7ed2013d211415fd81e2430a7879e207a1ccdb225703cb83
shinjuku-2026-r2-gian-47,normal,summary,B47-NS-03,要約: 議案本文では公的年金等を受ける者が出す申告書の規定も改められる,https://www.city.shinjuku.lg.jp/content/000457646.pdf,f28d95a2242fb9041e8fe0b7556ec649de6e85c6255494beb87d6c0a0bd08988,改め文,第24条の3第1項を次のように改める。,supported,305640ea8bb5b93f7ed2013d211415fd81e2430a7879e207a1ccdb225703cb83
shinjuku-2026-r2-gian-47,hard,content,B47-H-01,提出日は令和8年6月10日である,https://www.city.shinjuku.lg.jp/content/000457646.pdf,f28d95a2242fb9041e8fe0b7556ec649de6e85c6255494beb87d6c0a0bd08988,議案本文末尾,令和８年６月１０日 提出者 新宿区長 吉住 健一,supported,c523bdf0d5cd13f8a89c1fe139df1c0e5ca82f4acffbab569100835ac7b6bbb4
shinjuku-2026-r2-gian-47,hard,content,B47-H-02,提出者は新宿区長 吉住健一である,https://www.city.shinjuku.lg.jp/content/000457646.pdf,f28d95a2242fb9041e8fe0b7556ec649de6e85c6255494beb87d6c0a0bd08988,議案本文末尾,提出者 新宿区長 吉住 健一,supported,c523bdf0d5cd13f8a89c1fe139df1c0e5ca82f4acffbab569100835ac7b6bbb4
shinjuku-2026-r2-gian-47,hard,content,B47-H-03,対象条例は昭和39年新宿区条例第57号である,https://www.city.shinjuku.lg.jp/content/000457646.pdf,f28d95a2242fb9041e8fe0b7556ec649de6e85c6255494beb87d6c0a0bd08988,改め文,新宿区特別区税条例（昭和39年新宿区条例第57号）,supported,c523bdf0d5cd13f8a89c1fe139df1c0e5ca82f4acffbab569100835ac7b6bbb4
shinjuku-2026-r2-gian-47,hard,content,B47-H-04,提案理由は地方税法等の一部を改正する法律（令和8年法律第2号）の一部の施行による地方税法（昭和25年法律第226号）の改正等に伴うものである,https://www.city.shinjuku.lg.jp/content/000457646.pdf,f28d95a2242fb9041e8fe0b7556ec649de6e85c6255494beb87d6c0a0bd08988,提案理由,地方税法等の一部を改正する法律（令和8年法律第2号）の一部の施行による地方税法（昭和25年法律第226号）の改正等に伴い、所要の改正を行う必要があるため,supported,c523bdf0d5cd13f8a89c1fe139df1c0e5ca82f4acffbab569100835ac7b6bbb4
shinjuku-2026-r2-gian-47,hard,content,B47-H-05,概要資料が挙げる改正内容はスイッチOTC医薬品等の医療費控除の特例の恒久化の1点のみである,https://www.city.shinjuku.lg.jp/content/000456353.pdf,e1be5ac0c08d22dc59916c81fd24bd972ef44b601f8cd65ba76fc5d1f9d35c92,第47号議案 主な改正内容,［主な改正内容］ スイッチ OTC 医薬品（医療用から転用された一定の市販薬）等の購入金額を総所得金額等から控除する医療費控除の特例の時限措置を廃止し、恒久化する。,supported,c523bdf0d5cd13f8a89c1fe139df1c0e5ca82f4acffbab569100835ac7b6bbb4
shinjuku-2026-r2-gian-47,hard,content,B47-H-06,第20条第2項中「附則第5条の6第2項」を「附則第5条の6第3項又は第4項」に改める,https://www.city.shinjuku.lg.jp/content/000457646.pdf,f28d95a2242fb9041e8fe0b7556ec649de6e85c6255494beb87d6c0a0bd08988,改め文,第20条第2項中「附則第5条の6第2項」を「附則第5条の6第3項又は第4項」に改める。,supported,c523bdf0d5cd13f8a89c1fe139df1c0e5ca82f4acffbab569100835ac7b6bbb4
shinjuku-2026-r2-gian-47,hard,content,B47-H-07,第23条第1項ただし書中「及び第24条の3第1項」を「並びに第24条の3第1項第2号及び第3号並びに第2項第4号」に改める,https://www.city.shinjuku.lg.jp/content/000457646.pdf,f28d95a2242fb9041e8fe0b7556ec649de6e85c6255494beb87d6c0a0bd08988,改め文,第23条第1項ただし書中「及び第24条の3第1項」を「並びに第24条の3第1項第2号及び第3号並びに第2項第4号」に改める。,supported,c523bdf0d5cd13f8a89c1fe139df1c0e5ca82f4acffbab569100835ac7b6bbb4
shinjuku-2026-r2-gian-47,hard,content,B47-H-08,第24条の2第5項中「次条第4項」を「次条第5項」に改める,https://www.city.shinjuku.lg.jp/content/000457646.pdf,f28d95a2242fb9041e8fe0b7556ec649de6e85c6255494beb87d6c0a0bd08988,改め文,同条第5項中「次条第4項」を「次条第5項」に改める。,supported,c523bdf0d5cd13f8a89c1fe139df1c0e5ca82f4acffbab569100835ac7b6bbb4
shinjuku-2026-r2-gian-47,hard,content,B47-H-09,付則第3条の4中「附則第5条の6第2項」を「附則第5条の6第3項又は第4項」に改める,https://www.city.shinjuku.lg.jp/content/000457646.pdf,f28d95a2242fb9041e8fe0b7556ec649de6e85c6255494beb87d6c0a0bd08988,改め文,付則第3条の4中「附則第5条の6第2項」を「附則第5条の6第3項又は第4項」に改める。,supported,c523bdf0d5cd13f8a89c1fe139df1c0e5ca82f4acffbab569100835ac7b6bbb4
shinjuku-2026-r2-gian-47,hard,content,B47-H-10,付則第5条の2中「附則第7条の2第4項」の次に読替規定を加える,https://www.city.shinjuku.lg.jp/content/000457646.pdf,f28d95a2242fb9041e8fe0b7556ec649de6e85c6255494beb87d6c0a0bd08988,改め文,付則第5条の2中「附則第7条の2第4項」の次に「（法附則第7条の3第3項又は第4項の規定により読み替えて適用される場合を含む。）」を加える。,supported,c523bdf0d5cd13f8a89c1fe139df1c0e5ca82f4acffbab569100835ac7b6bbb4
shinjuku-2026-r2-gian-47,hard,content,B47-H-11,改正後の第24条の3第1項第1号は所得税法第203条の6第1項の規定により申告書を提出しなければならない者である,https://www.city.shinjuku.lg.jp/content/000457646.pdf,f28d95a2242fb9041e8fe0b7556ec649de6e85c6255494beb87d6c0a0bd08988,改正後 第24条の3第1項第1号,⑴ 所得税法第203条の6第1項の規定により同項に規定する申告書を提出しなければならない者,supported,c523bdf0d5cd13f8a89c1fe139df1c0e5ca82f4acffbab569100835ac7b6bbb4
shinjuku-2026-r2-gian-47,hard,content,B47-H-12,第2号は所得税法第203条の7の規定の適用を受けるものを除く公的年金等の支払を受ける者を対象とする,https://www.city.shinjuku.lg.jp/content/000457646.pdf,f28d95a2242fb9041e8fe0b7556ec649de6e85c6255494beb87d6c0a0bd08988,改正後 第24条の3第1項第2号,法の施行地において公的年金等（所得税法第203条の7の規定の適用を受けるものを除く。）の支払を受ける第9条第1号に掲げる者,supported,c523bdf0d5cd13f8a89c1fe139df1c0e5ca82f4acffbab569100835ac7b6bbb4
shinjuku-2026-r2-gian-47,hard,content,B47-H-13,第3号は所得税法第203条の7の規定の適用を受けるものに限る公的年金等の支払を受ける者を対象とする,https://www.city.shinjuku.lg.jp/content/000457646.pdf,f28d95a2242fb9041e8fe0b7556ec649de6e85c6255494beb87d6c0a0bd08988,改正後 第24条の3第1項第3号,法の施行地において公的年金等（所得税法第203条の7の規定の適用を受けるものに限る。）の支払を受ける第9条第1号に掲げる者,supported,c523bdf0d5cd13f8a89c1fe139df1c0e5ca82f4acffbab569100835ac7b6bbb4
shinjuku-2026-r2-gian-47,hard,content,B47-H-14,第3号では令第48条の9の7の3に定める金額に満たない者が除かれる,https://www.city.shinjuku.lg.jp/content/000457646.pdf,f28d95a2242fb9041e8fe0b7556ec649de6e85c6255494beb87d6c0a0bd08988,改正後 第24条の3第1項第3号,令第48条の9の7の3に定める金額に満たない者を除く。,supported,c523bdf0d5cd13f8a89c1fe139df1c0e5ca82f4acffbab569100835ac7b6bbb4
shinjuku-2026-r2-gian-47,hard,content,B47-H-15,第3号の対象には障害者・寡婦・ひとり親に該当する者が含まれる,https://www.city.shinjuku.lg.jp/content/000457646.pdf,f28d95a2242fb9041e8fe0b7556ec649de6e85c6255494beb87d6c0a0bd08988,改正後 第24条の3第1項第3号,障害者、寡婦若しくはひとり親に該当する者,supported,c523bdf0d5cd13f8a89c1fe139df1c0e5ca82f4acffbab569100835ac7b6bbb4
shinjuku-2026-r2-gian-47,hard,content,B47-H-16,第2号中の退職手当等は第36条の2に規定する退職手当等に限るとされている,https://www.city.shinjuku.lg.jp/content/000457646.pdf,f28d95a2242fb9041e8fe0b7556ec649de6e85c6255494beb87d6c0a0bd08988,改正後 第24条の3第1項第2号,退職手当等（第36条の2に規定する退職手当等に限る。,supported,c523bdf0d5cd13f8a89c1fe139df1c0e5ca82f4acffbab569100835ac7b6bbb4
shinjuku-2026-r2-gian-47,hard,content,B47-H-17,第2号の特定親族は合計所得金額が85万円以下であるものに限られる,https://www.city.shinjuku.lg.jp/content/000457646.pdf,f28d95a2242fb9041e8fe0b7556ec649de6e85c6255494beb87d6c0a0bd08988,改正後 第24条の3第1項第2号,特定親族（退職手当等に係る所得を有する者であつて、合計所得金額が 85 万円以下であるものに限る。）,supported,c523bdf0d5cd13f8a89c1fe139df1c0e5ca82f4acffbab569100835ac7b6bbb4
shinjuku-2026-r2-gian-47,hard,content,B47-H-18,従前の第2項は第3項となり「前項」を「第1項」に改めるなどの改正が行われる,https://www.city.shinjuku.lg.jp/content/000457646.pdf,f28d95a2242fb9041e8fe0b7556ec649de6e85c6255494beb87d6c0a0bd08988,改め文,同条第2項中「前項」を「第1項」に … 同項を同条第3項とし,supported,c523bdf0d5cd13f8a89c1fe139df1c0e5ca82f4acffbab569100835ac7b6bbb4
shinjuku-2026-r2-gian-47,hard,content,B47-H-19,従前の第4項は第5項となり「第48条の9の7の3」を「第48条の9の8」に改める,https://www.city.shinjuku.lg.jp/content/000457646.pdf,f28d95a2242fb9041e8fe0b7556ec649de6e85c6255494beb87d6c0a0bd08988,改め文,同条第4項中「第48条の9の7の3」を「第48条の9の8」に改め、同項を同条第5項とし,supported,c523bdf0d5cd13f8a89c1fe139df1c0e5ca82f4acffbab569100835ac7b6bbb4
shinjuku-2026-r2-gian-47,hard,content,B47-H-20,従前の第5項は第6項となり「第3項」を「第4項」に改める,https://www.city.shinjuku.lg.jp/content/000457646.pdf,f28d95a2242fb9041e8fe0b7556ec649de6e85c6255494beb87d6c0a0bd08988,改め文,第24条の3第5項中「第3項」を「第4項」に改め、同項を同条第6項とし,supported,c523bdf0d5cd13f8a89c1fe139df1c0e5ca82f4acffbab569100835ac7b6bbb4
shinjuku-2026-r2-gian-47,hard,content,B47-H-21,従前の第3項は第4項となる,https://www.city.shinjuku.lg.jp/content/000457646.pdf,f28d95a2242fb9041e8fe0b7556ec649de6e85c6255494beb87d6c0a0bd08988,改め文,同条第3項を同条第4項とし,supported,c523bdf0d5cd13f8a89c1fe139df1c0e5ca82f4acffbab569100835ac7b6bbb4
shinjuku-2026-r2-gian-47,hard,content,B47-H-22,附則第1条第1号の施行日は令和9年1月1日である,https://www.city.shinjuku.lg.jp/content/000457646.pdf,f28d95a2242fb9041e8fe0b7556ec649de6e85c6255494beb87d6c0a0bd08988,附則第1条第1号,令和 9 年 1 月 1 日,supported,c523bdf0d5cd13f8a89c1fe139df1c0e5ca82f4acffbab569100835ac7b6bbb4
shinjuku-2026-r2-gian-47,hard,content,B47-H-23,附則第1条第2号の施行日は令和10年1月1日である,https://www.city.shinjuku.lg.jp/content/000457646.pdf,f28d95a2242fb9041e8fe0b7556ec649de6e85c6255494beb87d6c0a0bd08988,附則第1条第2号,令和 10 年 1 月 1 日,supported,c523bdf0d5cd13f8a89c1fe139df1c0e5ca82f4acffbab569100835ac7b6bbb4
shinjuku-2026-r2-gian-47,hard,content,B47-H-24,附則第2条は改正後の第24条の3第1項及び第2項を施行日以後に支払を受けるべき公的年金等について提出する申告書に適用する旨を定める,https://www.city.shinjuku.lg.jp/content/000457646.pdf,f28d95a2242fb9041e8fe0b7556ec649de6e85c6255494beb87d6c0a0bd08988,附則第2条,改正後の新宿区特別区税条例第24条の3第1項及び第2項の規定は、同号に掲げる規定の施行の日以後に支払を受けるべき公的年金等について提出する同条第1項の規定による申告書について適用し,supported,c523bdf0d5cd13f8a89c1fe139df1c0e5ca82f4acffbab569100835ac7b6bbb4
shinjuku-2026-r2-gian-47,hard,content,B47-H-25,附則第2条は施行日前に支払を受けるべき公的年金等について提出した改正前の申告書についてはなお従前の例による旨を定める,https://www.city.shinjuku.lg.jp/content/000457646.pdf,f28d95a2242fb9041e8fe0b7556ec649de6e85c6255494beb87d6c0a0bd08988,附則第2条,同日前に支払を受けるべき公的年金等について提出した同号に掲げる規定による改正前の新宿区特別区税条例第24条の3第1項の規定による申告書については、なお従前の例による。,supported,c523bdf0d5cd13f8a89c1fe139df1c0e5ca82f4acffbab569100835ac7b6bbb4
shinjuku-2026-r2-gian-47,hard,content,B47-H-26,承認第2号も新宿区特別区税条例の一部改正であり同じ法律を理由とする,https://www.city.shinjuku.lg.jp/content/000456353.pdf,e1be5ac0c08d22dc59916c81fd24bd972ef44b601f8cd65ba76fc5d1f9d35c92,承認第2号 概要,令和 8 年 3 月 31 日付けで行った地方自治法第 179 条第 1 項に基づく「新宿区特別区税条例の一部を改正する条例」に係る専決処分事件,supported,c523bdf0d5cd13f8a89c1fe139df1c0e5ca82f4acffbab569100835ac7b6bbb4
shinjuku-2026-r2-gian-47,hard,content,B47-H-27,承認第2号の施行日は令和8年4月1日である,https://www.city.shinjuku.lg.jp/content/000456353.pdf,e1be5ac0c08d22dc59916c81fd24bd972ef44b601f8cd65ba76fc5d1f9d35c92,承認第2号 施行日,令和 8 年 4 月 1 日。ただし、上記⑶については令和 9 年 1 月 1 日、上記⑷イについては令和 10 年 1 月 1 日,supported,c523bdf0d5cd13f8a89c1fe139df1c0e5ca82f4acffbab569100835ac7b6bbb4
shinjuku-2026-r2-gian-47,hard,content,B47-H-28,令和8年第2回定例会において原案可決された,https://www.city.shinjuku.lg.jp/kusei/soumu01_002090_00016.html,72349f6e321e79ccc3076036e07386763398510bfb6bb2154b4cd3d6a2d85d58,議決結果表 第47号議案,第47号議案 新宿区特別区税条例の一部を改正する条例 原案可決,supported,c523bdf0d5cd13f8a89c1fe139df1c0e5ca82f4acffbab569100835ac7b6bbb4
shinjuku-2026-r2-gian-47,hard,content,B47-H-29,確定条文・概要資料と改め文の対応・特定親族の定義・税収影響額等は一次資料から確認できない,https://www.city.shinjuku.lg.jp/content/000457646.pdf,f28d95a2242fb9041e8fe0b7556ec649de6e85c6255494beb87d6c0a0bd08988,出典に記載がない事項,（本件は解説本文が「一次資料からは確認できない」と明示している箇所であり、事実主張ではない）,needs_source,c523bdf0d5cd13f8a89c1fe139df1c0e5ca82f4acffbab569100835ac7b6bbb4
shinjuku-2026-r2-gian-47,hard,title,B47-HT-01,見出し: 対象は新宿区特別区税条例の一部改正である,https://www.city.shinjuku.lg.jp/content/000457646.pdf,f28d95a2242fb9041e8fe0b7556ec649de6e85c6255494beb87d6c0a0bd08988,改め文,新宿区特別区税条例,supported,c523bdf0d5cd13f8a89c1fe139df1c0e5ca82f4acffbab569100835ac7b6bbb4
shinjuku-2026-r2-gian-47,hard,summary,B47-HS-01,要約: 地方税法等の一部を改正する法律（令和8年法律第2号）の一部の施行による地方税法の改正等に伴う改正である,https://www.city.shinjuku.lg.jp/content/000457646.pdf,f28d95a2242fb9041e8fe0b7556ec649de6e85c6255494beb87d6c0a0bd08988,提案理由,地方税法等の一部を改正する法律（令和8年法律第2号）の一部の施行による地方税法（昭和25年法律第226号）の改正等に伴い,supported,c523bdf0d5cd13f8a89c1fe139df1c0e5ca82f4acffbab569100835ac7b6bbb4
shinjuku-2026-r2-gian-47,hard,summary,B47-HS-02,要約: 第24条の3第1項の全部改正と第2項の追加を中心とする,https://www.city.shinjuku.lg.jp/content/000457646.pdf,f28d95a2242fb9041e8fe0b7556ec649de6e85c6255494beb87d6c0a0bd08988,改め文,第24条の3第1項を次のように改める。…同条第1項の次に次の1項を加える。,supported,c523bdf0d5cd13f8a89c1fe139df1c0e5ca82f4acffbab569100835ac7b6bbb4
shinjuku-2026-r2-gian-47,hard,summary,B47-HS-03,要約: 第20条第2項・第23条第1項ただし書・第24条の2・付則第2条の3・第3条の4・第5条の2も改める,https://www.city.shinjuku.lg.jp/content/000457646.pdf,f28d95a2242fb9041e8fe0b7556ec649de6e85c6255494beb87d6c0a0bd08988,改め文,第20条第2項中…第23条第1項ただし書中…付則第2条の3中…付則第3条の4中…付則第5条の2中,supported,c523bdf0d5cd13f8a89c1fe139df1c0e5ca82f4acffbab569100835ac7b6bbb4
shinjuku-2026-r2-gian-47,hard,summary,B47-HS-04,要約: 施行日は令和9年1月1日および令和10年1月1日の2段階である,https://www.city.shinjuku.lg.jp/content/000457646.pdf,f28d95a2242fb9041e8fe0b7556ec649de6e85c6255494beb87d6c0a0bd08988,附則第1条,令和 9 年 1 月 1 日…令和 10 年 1 月 1 日,supported,c523bdf0d5cd13f8a89c1fe139df1c0e5ca82f4acffbab569100835ac7b6bbb4
shinjuku-2026-r2-gian-48,normal,content,B48-N-01,対象条例は災害に際し応急措置の業務等に従事した者の損害補償に関する条例（昭和41年新宿区条例第12号）である,https://www.city.shinjuku.lg.jp/content/000457647.pdf,617833890ad1f5cdfb12c73ab8362ab268437d731729681223d1383f9bcd88f2,改め文,災害に際し応急措置の業務等に従事した者の損害補償に関する条例（昭和41年新宿区条例第12号）の一部を次のように改正する。,supported,67e19a65496922fd2665f1b3b8405b3f5f706015732ed0b457014e96223a1425
shinjuku-2026-r2-gian-48,normal,content,B48-N-02,提案理由は非常勤消防団員等に係る損害補償の基準を定める政令の一部を改正する政令（令和8年政令第10号）の施行等に伴うものである,https://www.city.shinjuku.lg.jp/content/000457647.pdf,617833890ad1f5cdfb12c73ab8362ab268437d731729681223d1383f9bcd88f2,提案理由,非常勤消防団員等に係る損害補償の基準を定める政令の一部を改正する政令（令和8年政令第10号）の施行等に伴い,supported,67e19a65496922fd2665f1b3b8405b3f5f706015732ed0b457014e96223a1425
shinjuku-2026-r2-gian-48,normal,content,B48-N-03,改定対象は補償基礎額・扶養親族がある場合の加算額・葬祭補償の額である,https://www.city.shinjuku.lg.jp/content/000457647.pdf,617833890ad1f5cdfb12c73ab8362ab268437d731729681223d1383f9bcd88f2,提案理由,補償基礎額及び応急措置の業務等に従事した者に扶養親族がある場合における補償基礎額の加算額並びに葬祭補償の額を改定する必要があるため,supported,67e19a65496922fd2665f1b3b8405b3f5f706015732ed0b457014e96223a1425
shinjuku-2026-r2-gian-48,normal,content,B48-N-04,"補償基礎額は9,700円から10,000円になる",https://www.city.shinjuku.lg.jp/content/000456353.pdf,e1be5ac0c08d22dc59916c81fd24bd972ef44b601f8cd65ba76fc5d1f9d35c92,第48号議案 改定表,"補償基礎額 9,700 円 10,000 円",supported,67e19a65496922fd2665f1b3b8405b3f5f706015732ed0b457014e96223a1425
shinjuku-2026-r2-gian-48,normal,content,B48-N-05,"補償基礎額の増額上限額は14,500円から15,000円になる",https://www.city.shinjuku.lg.jp/content/000456353.pdf,e1be5ac0c08d22dc59916c81fd24bd972ef44b601f8cd65ba76fc5d1f9d35c92,第48号議案 改定表,"補償基礎額の 増額上限額※ 14,500 円 15,000 円",supported,67e19a65496922fd2665f1b3b8405b3f5f706015732ed0b457014e96223a1425
shinjuku-2026-r2-gian-48,normal,content,B48-N-06,扶養加算額（配偶者）は100円からなしになる,https://www.city.shinjuku.lg.jp/content/000456353.pdf,e1be5ac0c08d22dc59916c81fd24bd972ef44b601f8cd65ba76fc5d1f9d35c92,第48号議案 改定表,扶養加算額 （配偶者） 100 円 なし,supported,67e19a65496922fd2665f1b3b8405b3f5f706015732ed0b457014e96223a1425
shinjuku-2026-r2-gian-48,normal,content,B48-N-07,扶養加算額（子）は383円から433円になる,https://www.city.shinjuku.lg.jp/content/000456353.pdf,e1be5ac0c08d22dc59916c81fd24bd972ef44b601f8cd65ba76fc5d1f9d35c92,第48号議案 改定表,扶養加算額 （子） 383 円 433 円,supported,67e19a65496922fd2665f1b3b8405b3f5f706015732ed0b457014e96223a1425
shinjuku-2026-r2-gian-48,normal,content,B48-N-08,"葬祭補償は31万5,000円＋補償基礎額×30から33万円＋補償基礎額×30になる",https://www.city.shinjuku.lg.jp/content/000456353.pdf,e1be5ac0c08d22dc59916c81fd24bd972ef44b601f8cd65ba76fc5d1f9d35c92,第48号議案 改定表,"葬祭補償 31 万 5,000 円 ＋補償基礎額×30 33 万円 ＋補償基礎額×30",supported,67e19a65496922fd2665f1b3b8405b3f5f706015732ed0b457014e96223a1425
shinjuku-2026-r2-gian-48,normal,content,B48-N-09,増額上限額には通常得ている収入の日額に比して公正を欠くと認められるときの注記が付されている,https://www.city.shinjuku.lg.jp/content/000456353.pdf,e1be5ac0c08d22dc59916c81fd24bd972ef44b601f8cd65ba76fc5d1f9d35c92,第48号議案 改定表 注記,その者の通常得ている収入の日額に比して公正を欠くと認められるときは、この額を超えない範囲内において補償基礎額を増額することができる。,supported,67e19a65496922fd2665f1b3b8405b3f5f706015732ed0b457014e96223a1425
shinjuku-2026-r2-gian-48,normal,content,B48-N-10,施行日は令和8年7月1日である,https://www.city.shinjuku.lg.jp/content/000457647.pdf,617833890ad1f5cdfb12c73ab8362ab268437d731729681223d1383f9bcd88f2,附則第1項,この条例は、令和8年7月1日から施行する。,supported,67e19a65496922fd2665f1b3b8405b3f5f706015732ed0b457014e96223a1425
shinjuku-2026-r2-gian-48,normal,content,B48-N-11,適用日は令和8年6月1日である,https://www.city.shinjuku.lg.jp/content/000457647.pdf,617833890ad1f5cdfb12c73ab8362ab268437d731729681223d1383f9bcd88f2,附則第2項,令和8年6月1日（以下「適用日」という。）,supported,67e19a65496922fd2665f1b3b8405b3f5f706015732ed0b457014e96223a1425
shinjuku-2026-r2-gian-48,normal,content,B48-N-12,適用日から施行日の前日までの間に従前の額で支払われた金額は改正後の規定に基づく補償の内払とみなされる,https://www.city.shinjuku.lg.jp/content/000457647.pdf,617833890ad1f5cdfb12c73ab8362ab268437d731729681223d1383f9bcd88f2,附則第3項,として支払われた金額は、これらに相当する改正後の条例の規定に基づく損害補償の内払とみなす。,supported,67e19a65496922fd2665f1b3b8405b3f5f706015732ed0b457014e96223a1425
shinjuku-2026-r2-gian-48,normal,content,B48-N-13,適用日前に支給すべき事由が生じた補償については原則としてなお従前の例による,https://www.city.shinjuku.lg.jp/content/000457647.pdf,617833890ad1f5cdfb12c73ab8362ab268437d731729681223d1383f9bcd88f2,附則第2項,適用日前に支給すべき事由の生じた損害補償（傷病補償年金等を除く。）及び適用日前に支給すべき事由の生じた適用日前の期間に係る傷病補償年金等については、なお従前の例による。,supported,67e19a65496922fd2665f1b3b8405b3f5f706015732ed0b457014e96223a1425
shinjuku-2026-r2-gian-48,normal,content,B48-N-14,令和8年第2回定例会で原案可決された,https://www.city.shinjuku.lg.jp/kusei/soumu01_002090_00016.html,72349f6e321e79ccc3076036e07386763398510bfb6bb2154b4cd3d6a2d85d58,議決結果表 第48号議案,第48号議案 災害に際し応急措置の業務等に従事した者の損害補償に関する条例の一部を改正する条例 原案可決,supported,67e19a65496922fd2665f1b3b8405b3f5f706015732ed0b457014e96223a1425
shinjuku-2026-r2-gian-48,normal,title,B48-NT-01,見出し: 災害時に応急措置に従事した人への補償額を引き上げる,https://www.city.shinjuku.lg.jp/content/000456353.pdf,e1be5ac0c08d22dc59916c81fd24bd972ef44b601f8cd65ba76fc5d1f9d35c92,第48号議案 改定表,"補償基礎額 9,700 円 10,000 円",supported,67e19a65496922fd2665f1b3b8405b3f5f706015732ed0b457014e96223a1425
shinjuku-2026-r2-gian-48,normal,summary,B48-NS-01,"要約: 補償基礎額を9,700円から1万円に引き上げる",https://www.city.shinjuku.lg.jp/content/000457647.pdf,617833890ad1f5cdfb12c73ab8362ab268437d731729681223d1383f9bcd88f2,改め文,"第5条第2項中「9,700円」を「1万円」に改め",supported,67e19a65496922fd2665f1b3b8405b3f5f706015732ed0b457014e96223a1425
shinjuku-2026-r2-gian-48,normal,summary,B48-NS-02,"要約: 葬祭補償を31万5,000円から33万円に引き上げる",https://www.city.shinjuku.lg.jp/content/000457647.pdf,617833890ad1f5cdfb12c73ab8362ab268437d731729681223d1383f9bcd88f2,改め文,"第18条中「31万5,000円」を「33万円」に改める。",supported,67e19a65496922fd2665f1b3b8405b3f5f706015732ed0b457014e96223a1425
shinjuku-2026-r2-gian-48,normal,summary,B48-NS-03,要約: 扶養親族の加算額も見直される,https://www.city.shinjuku.lg.jp/content/000456353.pdf,e1be5ac0c08d22dc59916c81fd24bd972ef44b601f8cd65ba76fc5d1f9d35c92,第48号議案 改定表,扶養加算額 （配偶者） 100 円 なし,supported,67e19a65496922fd2665f1b3b8405b3f5f706015732ed0b457014e96223a1425
shinjuku-2026-r2-gian-48,normal,summary,B48-NS-04,要約: 施行は令和8年7月1日、適用は令和8年6月1日からである,https://www.city.shinjuku.lg.jp/content/000457647.pdf,617833890ad1f5cdfb12c73ab8362ab268437d731729681223d1383f9bcd88f2,附則第1項・第2項,この条例は、令和8年7月1日から施行する。…令和8年6月1日（以下「適用日」という。）,supported,67e19a65496922fd2665f1b3b8405b3f5f706015732ed0b457014e96223a1425
shinjuku-2026-r2-gian-48,hard,content,B48-H-01,提出日は令和8年6月10日である,https://www.city.shinjuku.lg.jp/content/000457647.pdf,617833890ad1f5cdfb12c73ab8362ab268437d731729681223d1383f9bcd88f2,議案本文末尾,令和８年６月１０日 提出者 新宿区長 吉住 健一,supported,f99aed8bf07e9207592b370ad64b869f75f5c41817ef6866380ba0e6984027d1
shinjuku-2026-r2-gian-48,hard,content,B48-H-02,提出者は新宿区長 吉住健一である,https://www.city.shinjuku.lg.jp/content/000457647.pdf,617833890ad1f5cdfb12c73ab8362ab268437d731729681223d1383f9bcd88f2,議案本文末尾,提出者 新宿区長 吉住 健一,supported,f99aed8bf07e9207592b370ad64b869f75f5c41817ef6866380ba0e6984027d1
shinjuku-2026-r2-gian-48,hard,content,B48-H-03,対象条例は昭和41年新宿区条例第12号である,https://www.city.shinjuku.lg.jp/content/000457647.pdf,617833890ad1f5cdfb12c73ab8362ab268437d731729681223d1383f9bcd88f2,改め文,災害に際し応急措置の業務等に従事した者の損害補償に関する条例（昭和41年新宿区条例第12号）,supported,f99aed8bf07e9207592b370ad64b869f75f5c41817ef6866380ba0e6984027d1
shinjuku-2026-r2-gian-48,hard,content,B48-H-04,"第5条第2項中「9,700円」を「1万円」に改める",https://www.city.shinjuku.lg.jp/content/000457647.pdf,617833890ad1f5cdfb12c73ab8362ab268437d731729681223d1383f9bcd88f2,改め文,"第5条第2項中「9,700円」を「1万円」に改め",supported,f99aed8bf07e9207592b370ad64b869f75f5c41817ef6866380ba0e6984027d1
shinjuku-2026-r2-gian-48,hard,content,B48-H-05,"第5条第2項ただし書中「1万4,500円」を「1万5,000円」に改める",https://www.city.shinjuku.lg.jp/content/000457647.pdf,617833890ad1f5cdfb12c73ab8362ab268437d731729681223d1383f9bcd88f2,改め文,"同項ただし書中「1万4,500円」を「1万5,000円」に改め",supported,f99aed8bf07e9207592b370ad64b869f75f5c41817ef6866380ba0e6984027d1
shinjuku-2026-r2-gian-48,hard,content,B48-H-06,第5条第3項中「100円」を「433円」に改める,https://www.city.shinjuku.lg.jp/content/000457647.pdf,617833890ad1f5cdfb12c73ab8362ab268437d731729681223d1383f9bcd88f2,改め文,同条第3項中「100円」を「433円」に,supported,f99aed8bf07e9207592b370ad64b869f75f5c41817ef6866380ba0e6984027d1
shinjuku-2026-r2-gian-48,hard,content,B48-H-07,第5条第3項中「に該当する扶養親族については1人につき383円を、第3号から第6号」を「から第5号」に改める,https://www.city.shinjuku.lg.jp/content/000457647.pdf,617833890ad1f5cdfb12c73ab8362ab268437d731729681223d1383f9bcd88f2,改め文,「に該当する扶養親族については1人につき383円を、第3号から第6号」を「から第5号」に改め,supported,f99aed8bf07e9207592b370ad64b869f75f5c41817ef6866380ba0e6984027d1
shinjuku-2026-r2-gian-48,hard,content,B48-H-08,第5条第3項中第1号を削り、第2号を第1号とし、第3号から第6号までを1号ずつ繰り上げる,https://www.city.shinjuku.lg.jp/content/000457647.pdf,617833890ad1f5cdfb12c73ab8362ab268437d731729681223d1383f9bcd88f2,改め文,同項中第1号を削り、第2号を第1号とし、第3号から第6号までを1号ずつ繰り上げる。,supported,f99aed8bf07e9207592b370ad64b869f75f5c41817ef6866380ba0e6984027d1
shinjuku-2026-r2-gian-48,hard,content,B48-H-09,"第18条中「31万5,000円」を「33万円」に改める",https://www.city.shinjuku.lg.jp/content/000457647.pdf,617833890ad1f5cdfb12c73ab8362ab268437d731729681223d1383f9bcd88f2,改め文,"第18条中「31万5,000円」を「33万円」に改める。",supported,f99aed8bf07e9207592b370ad64b869f75f5c41817ef6866380ba0e6984027d1
shinjuku-2026-r2-gian-48,hard,content,B48-H-10,概要資料の表は扶養加算額（配偶者）の廃止と扶養加算額（子）の383円から433円への引上げを示している,https://www.city.shinjuku.lg.jp/content/000456353.pdf,e1be5ac0c08d22dc59916c81fd24bd972ef44b601f8cd65ba76fc5d1f9d35c92,第48号議案 改定表,扶養加算額 （配偶者） 100 円 なし 扶養加算額 （子） 383 円 433 円,supported,f99aed8bf07e9207592b370ad64b869f75f5c41817ef6866380ba0e6984027d1
shinjuku-2026-r2-gian-48,hard,content,B48-H-11,補償基礎額に乗じる30という係数は改正されていない,https://www.city.shinjuku.lg.jp/content/000456353.pdf,e1be5ac0c08d22dc59916c81fd24bd972ef44b601f8cd65ba76fc5d1f9d35c92,第48号議案 改定表,"31 万 5,000 円 ＋補償基礎額×30 33 万円 ＋補償基礎額×30",supported,f99aed8bf07e9207592b370ad64b869f75f5c41817ef6866380ba0e6984027d1
shinjuku-2026-r2-gian-48,hard,content,B48-H-12,附則第1項は令和8年7月1日から施行する旨を定める,https://www.city.shinjuku.lg.jp/content/000457647.pdf,617833890ad1f5cdfb12c73ab8362ab268437d731729681223d1383f9bcd88f2,附則第1項,この条例は、令和8年7月1日から施行する。,supported,f99aed8bf07e9207592b370ad64b869f75f5c41817ef6866380ba0e6984027d1
shinjuku-2026-r2-gian-48,hard,content,B48-H-13,附則第2項の適用対象には改正後の第5条第2項及び第3項並びに第18条の規定が含まれる,https://www.city.shinjuku.lg.jp/content/000457647.pdf,617833890ad1f5cdfb12c73ab8362ab268437d731729681223d1383f9bcd88f2,附則第2項,改正後の条例第5条第2項及び第3項（同項第1号に該当する扶養親族につき補償基礎額に加算する額に係る部分に限る。）並びに第18条の規定は,supported,f99aed8bf07e9207592b370ad64b869f75f5c41817ef6866380ba0e6984027d1
shinjuku-2026-r2-gian-48,hard,content,B48-H-14,附則第2項は適用日以後に支給すべき事由の生じた損害補償等について適用する旨を定める,https://www.city.shinjuku.lg.jp/content/000457647.pdf,617833890ad1f5cdfb12c73ab8362ab268437d731729681223d1383f9bcd88f2,附則第2項,令和8年6月1日（以下「適用日」という。）以後に支給すべき事由の生じた損害補償,supported,f99aed8bf07e9207592b370ad64b869f75f5c41817ef6866380ba0e6984027d1
shinjuku-2026-r2-gian-48,hard,content,B48-H-15,傷病補償年金・障害補償年金・遺族補償年金は「傷病補償年金等」と定義されている,https://www.city.shinjuku.lg.jp/content/000457647.pdf,617833890ad1f5cdfb12c73ab8362ab268437d731729681223d1383f9bcd88f2,附則第2項,傷病補償年金、障害補償年金及び遺族補償年金（以下「傷病補償年金等」という。）,supported,f99aed8bf07e9207592b370ad64b869f75f5c41817ef6866380ba0e6984027d1
shinjuku-2026-r2-gian-48,hard,content,B48-H-16,附則第3項は適用日から施行日の前日までの間に支払われた金額を内払とみなす旨を定める,https://www.city.shinjuku.lg.jp/content/000457647.pdf,617833890ad1f5cdfb12c73ab8362ab268437d731729681223d1383f9bcd88f2,附則第3項,適用日から施行日の前日までの間において、この条例による改正前の … として支払われた金額は、これらに相当する改正後の条例の規定に基づく損害補償の内払とみなす。,supported,f99aed8bf07e9207592b370ad64b869f75f5c41817ef6866380ba0e6984027d1
shinjuku-2026-r2-gian-48,hard,content,B48-H-17,第56号議案の対象は区立学校の非常勤の学校医、学校歯科医及び学校薬剤師である,https://www.city.shinjuku.lg.jp/content/000456353.pdf,e1be5ac0c08d22dc59916c81fd24bd972ef44b601f8cd65ba76fc5d1f9d35c92,第56号議案 概要,区立学校医等の公務災害補償額の算定基礎としている都立学校の学校医、学校歯科医及び学校薬剤師の公務災害補償に関する条例の改正に合わせ,supported,f99aed8bf07e9207592b370ad64b869f75f5c41817ef6866380ba0e6984027d1
shinjuku-2026-r2-gian-48,hard,content,B48-H-18,第56号議案の施行日も令和8年7月1日である,https://www.city.shinjuku.lg.jp/content/000456353.pdf,e1be5ac0c08d22dc59916c81fd24bd972ef44b601f8cd65ba76fc5d1f9d35c92,第56号議案 施行日,令和 8 年 7 月 1 日,supported,f99aed8bf07e9207592b370ad64b869f75f5c41817ef6866380ba0e6984027d1
shinjuku-2026-r2-gian-48,hard,content,B48-H-19,第56号議案の適用日も令和8年6月1日である,https://www.city.shinjuku.lg.jp/content/000457655.pdf,0ccf7e1aae1e7fa1acb4652105849dfa7d940c25276f988fbe1236fc0612c13f,附則第2項,令和8年6月1日（以下「適用日」という。）,supported,f99aed8bf07e9207592b370ad64b869f75f5c41817ef6866380ba0e6984027d1
shinjuku-2026-r2-gian-48,hard,content,B48-H-20,令和8年第2回定例会において原案可決された,https://www.city.shinjuku.lg.jp/kusei/soumu01_002090_00016.html,72349f6e321e79ccc3076036e07386763398510bfb6bb2154b4cd3d6a2d85d58,議決結果表 第48号議案,第48号議案 災害に際し応急措置の業務等に従事した者の損害補償に関する条例の一部を改正する条例 原案可決,supported,f99aed8bf07e9207592b370ad64b869f75f5c41817ef6866380ba0e6984027d1
shinjuku-2026-r2-gian-48,hard,content,B48-H-21,確定条文・扶養親族の区分の内容・従事者数・支出見込額等は一次資料から確認できない,https://www.city.shinjuku.lg.jp/content/000457647.pdf,617833890ad1f5cdfb12c73ab8362ab268437d731729681223d1383f9bcd88f2,出典に記載がない事項,（本件は解説本文が「一次資料からは確認できない」と明示している箇所であり、事実主張ではない）,needs_source,f99aed8bf07e9207592b370ad64b869f75f5c41817ef6866380ba0e6984027d1
shinjuku-2026-r2-gian-48,hard,title,B48-HT-01,見出し: 対象は災害に際し応急措置の業務等に従事した者の損害補償に関する条例の一部改正である,https://www.city.shinjuku.lg.jp/content/000457647.pdf,617833890ad1f5cdfb12c73ab8362ab268437d731729681223d1383f9bcd88f2,改め文,災害に際し応急措置の業務等に従事した者の損害補償に関する条例,supported,f99aed8bf07e9207592b370ad64b869f75f5c41817ef6866380ba0e6984027d1
shinjuku-2026-r2-gian-48,hard,summary,B48-HS-01,要約: 対象条例は昭和41年新宿区条例第12号である,https://www.city.shinjuku.lg.jp/content/000457647.pdf,617833890ad1f5cdfb12c73ab8362ab268437d731729681223d1383f9bcd88f2,改め文,（昭和41年新宿区条例第12号）,supported,f99aed8bf07e9207592b370ad64b869f75f5c41817ef6866380ba0e6984027d1
shinjuku-2026-r2-gian-48,hard,summary,B48-HS-02,"要約: 第5条第2項ただし書の上限を1万4,500円から1万5,000円に改める",https://www.city.shinjuku.lg.jp/content/000457647.pdf,617833890ad1f5cdfb12c73ab8362ab268437d731729681223d1383f9bcd88f2,改め文,"同項ただし書中「1万4,500円」を「1万5,000円」に改め",supported,f99aed8bf07e9207592b370ad64b869f75f5c41817ef6866380ba0e6984027d1
shinjuku-2026-r2-gian-48,hard,summary,B48-HS-03,要約: 第3項の扶養親族加算を再編する,https://www.city.shinjuku.lg.jp/content/000457647.pdf,617833890ad1f5cdfb12c73ab8362ab268437d731729681223d1383f9bcd88f2,改め文,同項中第1号を削り、第2号を第1号とし、第3号から第6号までを1号ずつ繰り上げる。,supported,f99aed8bf07e9207592b370ad64b869f75f5c41817ef6866380ba0e6984027d1
shinjuku-2026-r2-gian-48,hard,summary,B48-HS-04,要約: 施行日は令和8年7月1日、適用日は令和8年6月1日である,https://www.city.shinjuku.lg.jp/content/000457647.pdf,617833890ad1f5cdfb12c73ab8362ab268437d731729681223d1383f9bcd88f2,附則第1項・第2項,この条例は、令和8年7月1日から施行する。…令和8年6月1日（以下「適用日」という。）,supported,f99aed8bf07e9207592b370ad64b869f75f5c41817ef6866380ba0e6984027d1
shinjuku-2026-r2-gian-50,normal,content,B50-N-01,対象条例は新宿区家庭的保育事業等の設備及び運営に関する基準を定める条例（平成26年新宿区条例第28号）である,https://www.city.shinjuku.lg.jp/content/000457649.pdf,40b086a734b3b03dd864a14e09904f4e42ea4c7d1353dfce6eae06a45f931b32,改め文,新宿区家庭的保育事業等の設備及び運営に関する基準を定める条例（平成26年新宿区条例第28号）の一部を次のように改正する。,supported,d235231d48b6f7c07ddc2d01179e3694e36225fb5ec2f6eff53d41e84f6ea692
shinjuku-2026-r2-gian-50,normal,content,B50-N-02,児童福祉法第6条の3第10項第3号に掲げる事業を条例では「満3歳以上限定小規模保育事業」と呼ぶ,https://www.city.shinjuku.lg.jp/content/000457649.pdf,40b086a734b3b03dd864a14e09904f4e42ea4c7d1353dfce6eae06a45f931b32,改め文 第7条第1項,法第6条の3第10項第3号に掲げる事業（以下「満3歳以上限定小規模保育事業」という。）,supported,d235231d48b6f7c07ddc2d01179e3694e36225fb5ec2f6eff53d41e84f6ea692
shinjuku-2026-r2-gian-50,normal,content,B50-N-03,概要資料は内閣府令の改正に伴い満3歳以上限定小規模保育事業に関する基準を新たに定めると説明している,https://www.city.shinjuku.lg.jp/content/000456353.pdf,e1be5ac0c08d22dc59916c81fd24bd972ef44b601f8cd65ba76fc5d1f9d35c92,第50号議案 概要,家庭的保育事業等の設備及び運営に関する基準を定めている内閣府令の改正に伴い、満 3 歳以上限定小規模保育事業に関する基準を新たに定める。,supported,d235231d48b6f7c07ddc2d01179e3694e36225fb5ec2f6eff53d41e84f6ea692
shinjuku-2026-r2-gian-50,normal,content,B50-N-04,国の基準は家庭的保育事業等の設備及び運営に関する基準（平成26年厚生労働省令第61号）である,https://www.city.shinjuku.lg.jp/content/000457649.pdf,40b086a734b3b03dd864a14e09904f4e42ea4c7d1353dfce6eae06a45f931b32,提案理由,家庭的保育事業等の設備及び運営に関する基準（平成26年厚生労働省令第61号）,supported,d235231d48b6f7c07ddc2d01179e3694e36225fb5ec2f6eff53d41e84f6ea692
shinjuku-2026-r2-gian-50,normal,content,B50-N-05,第3条では満3歳以上の保育を必要とする児童について保育を行う場合が加えられる,https://www.city.shinjuku.lg.jp/content/000457649.pdf,40b086a734b3b03dd864a14e09904f4e42ea4c7d1353dfce6eae06a45f931b32,改め文 第3条,又は同条第10項第3号の規定により保育を必要とする児童であって満3歳以上のものについて保育を行う場合,supported,d235231d48b6f7c07ddc2d01179e3694e36225fb5ec2f6eff53d41e84f6ea692
shinjuku-2026-r2-gian-50,normal,content,B50-N-06,第7条では満3歳以上限定小規模保育事業者が定める事項が第1号及び第2号に限られる,https://www.city.shinjuku.lg.jp/content/000457649.pdf,40b086a734b3b03dd864a14e09904f4e42ea4c7d1353dfce6eae06a45f931b32,改め文 第7条第1項,にあっては、第1号及び第2号に掲げる事項）,supported,d235231d48b6f7c07ddc2d01179e3694e36225fb5ec2f6eff53d41e84f6ea692
shinjuku-2026-r2-gian-50,normal,content,B50-N-07,第28条では小規模保育事業B型・C型から満3歳以上限定小規模保育事業が除かれる,https://www.city.shinjuku.lg.jp/content/000457649.pdf,40b086a734b3b03dd864a14e09904f4e42ea4c7d1353dfce6eae06a45f931b32,改め文 第28条,第28条中「小規模保育事業B型」及び「小規模保育事業C型」の次に「（満3歳以上限定小規模保育事業を除く。）」を加える。,supported,d235231d48b6f7c07ddc2d01179e3694e36225fb5ec2f6eff53d41e84f6ea692
shinjuku-2026-r2-gian-50,normal,content,B50-N-08,第30条第2項第3号では児童福祉法第6条の3第10項第2号の次に第3号が加えられる,https://www.city.shinjuku.lg.jp/content/000457649.pdf,40b086a734b3b03dd864a14e09904f4e42ea4c7d1353dfce6eae06a45f931b32,改め文 第30条,第30条第2項第3号中「第6条の3第10項第2号」の次に「又は第3号」を加える。,supported,d235231d48b6f7c07ddc2d01179e3694e36225fb5ec2f6eff53d41e84f6ea692
shinjuku-2026-r2-gian-50,normal,content,B50-N-09,第35条では「第6条の3第10項」が「第6条の3第10項第1号」に改められる,https://www.city.shinjuku.lg.jp/content/000457649.pdf,40b086a734b3b03dd864a14e09904f4e42ea4c7d1353dfce6eae06a45f931b32,改め文 第35条,第35条中「第6条の3第10項」を「第6条の3第10項第1号」に改める。,supported,d235231d48b6f7c07ddc2d01179e3694e36225fb5ec2f6eff53d41e84f6ea692
shinjuku-2026-r2-gian-50,normal,content,B50-N-10,附則第4項では満3歳以上限定小規模保育事業者を除く整理が行われる,https://www.city.shinjuku.lg.jp/content/000457649.pdf,40b086a734b3b03dd864a14e09904f4e42ea4c7d1353dfce6eae06a45f931b32,改め文 附則第4項,附則第4項中「家庭的保育事業者等（」の次に「満3歳以上限定小規模保育事業者及び」を加える。,supported,d235231d48b6f7c07ddc2d01179e3694e36225fb5ec2f6eff53d41e84f6ea692
shinjuku-2026-r2-gian-50,normal,content,B50-N-11,原則として公布の日の翌日から施行される,https://www.city.shinjuku.lg.jp/content/000457649.pdf,40b086a734b3b03dd864a14e09904f4e42ea4c7d1353dfce6eae06a45f931b32,附則第1項,この条例は、公布の日の翌日から施行する。,supported,d235231d48b6f7c07ddc2d01179e3694e36225fb5ec2f6eff53d41e84f6ea692
shinjuku-2026-r2-gian-50,normal,content,B50-N-12,附則第2項の規定は公布の日から施行される,https://www.city.shinjuku.lg.jp/content/000457649.pdf,40b086a734b3b03dd864a14e09904f4e42ea4c7d1353dfce6eae06a45f931b32,附則第1項,ただし、次項の規定は、公布の日から施行する。,supported,d235231d48b6f7c07ddc2d01179e3694e36225fb5ec2f6eff53d41e84f6ea692
shinjuku-2026-r2-gian-50,normal,content,B50-N-13,附則第2項は児童福祉法等の一部を改正する法律（令和7年法律第29号）附則第3条第4項の条例で定める日をこの条例の公布の日とすることを定める,https://www.city.shinjuku.lg.jp/content/000457649.pdf,40b086a734b3b03dd864a14e09904f4e42ea4c7d1353dfce6eae06a45f931b32,附則第2項,児童福祉法等の一部を改正する法律（令和7年法律第29号）附則第3条第4項の条例で定める日は、この条例の公布の日とする。,supported,d235231d48b6f7c07ddc2d01179e3694e36225fb5ec2f6eff53d41e84f6ea692
shinjuku-2026-r2-gian-50,normal,content,B50-N-14,令和8年第2回定例会で原案可決された,https://www.city.shinjuku.lg.jp/kusei/soumu01_002090_00016.html,72349f6e321e79ccc3076036e07386763398510bfb6bb2154b4cd3d6a2d85d58,議決結果表 第50号議案,第50号議案 新宿区家庭的保育事業等の設備及び運営に関する基準を定める条例の一部を改正する条例 原案可決,supported,d235231d48b6f7c07ddc2d01179e3694e36225fb5ec2f6eff53d41e84f6ea692
shinjuku-2026-r2-gian-50,normal,content,B50-N-15,第51号議案も満3歳以上限定小規模保育事業に関する基準を新たに定めるものとして同時に提出されている,https://www.city.shinjuku.lg.jp/content/000456353.pdf,e1be5ac0c08d22dc59916c81fd24bd972ef44b601f8cd65ba76fc5d1f9d35c92,第51号議案 概要,特定教育・保育施設及び特定地域型保育事業の運営に関する基準を定めている内閣府令の改正に伴い、満 3 歳以上限定小規模保育事業に関する基準を新たに定める。,supported,d235231d48b6f7c07ddc2d01179e3694e36225fb5ec2f6eff53d41e84f6ea692
shinjuku-2026-r2-gian-50,normal,content,B50-N-16,施設数・定員・保育士配置基準の数値・区内での実施見込みは資料に書かれていない,https://www.city.shinjuku.lg.jp/content/000457649.pdf,40b086a734b3b03dd864a14e09904f4e42ea4c7d1353dfce6eae06a45f931b32,出典に記載がない事項,（本件は解説本文が「議案の資料には書かれていません」と明示している箇所であり、事実主張ではない）,needs_source,d235231d48b6f7c07ddc2d01179e3694e36225fb5ec2f6eff53d41e84f6ea692
shinjuku-2026-r2-gian-50,normal,title,B50-NT-01,見出し: 満3歳以上限定小規模保育事業の基準を新たに定める,https://www.city.shinjuku.lg.jp/content/000456353.pdf,e1be5ac0c08d22dc59916c81fd24bd972ef44b601f8cd65ba76fc5d1f9d35c92,第50号議案 概要,満 3 歳以上限定小規模保育事業に関する基準を新たに定める。,supported,d235231d48b6f7c07ddc2d01179e3694e36225fb5ec2f6eff53d41e84f6ea692
shinjuku-2026-r2-gian-50,normal,summary,B50-NS-01,要約: 国の内閣府令の改正に伴う改正である,https://www.city.shinjuku.lg.jp/content/000456353.pdf,e1be5ac0c08d22dc59916c81fd24bd972ef44b601f8cd65ba76fc5d1f9d35c92,第50号議案 概要,家庭的保育事業等の設備及び運営に関する基準を定めている内閣府令の改正に伴い,supported,d235231d48b6f7c07ddc2d01179e3694e36225fb5ec2f6eff53d41e84f6ea692
shinjuku-2026-r2-gian-50,normal,summary,B50-NS-02,要約: 満3歳以上の子どもだけを対象とする小規模保育事業について基準を定める,https://www.city.shinjuku.lg.jp/content/000457649.pdf,40b086a734b3b03dd864a14e09904f4e42ea4c7d1353dfce6eae06a45f931b32,改め文 第7条第1項,法第6条の3第10項第3号に掲げる事業（以下「満3歳以上限定小規模保育事業」という。）,supported,d235231d48b6f7c07ddc2d01179e3694e36225fb5ec2f6eff53d41e84f6ea692
shinjuku-2026-r2-gian-50,normal,summary,B50-NS-03,要約: 施行日は公布の日の翌日である,https://www.city.shinjuku.lg.jp/content/000457649.pdf,40b086a734b3b03dd864a14e09904f4e42ea4c7d1353dfce6eae06a45f931b32,附則第1項,この条例は、公布の日の翌日から施行する。,supported,d235231d48b6f7c07ddc2d01179e3694e36225fb5ec2f6eff53d41e84f6ea692
shinjuku-2026-r2-gian-50,hard,content,B50-H-01,提出日は令和8年6月10日である,https://www.city.shinjuku.lg.jp/content/000457649.pdf,40b086a734b3b03dd864a14e09904f4e42ea4c7d1353dfce6eae06a45f931b32,議案本文末尾,令和８年６月１０日 提出者 新宿区長 吉住 健一,supported,a334dfe78f8163074bd44d16e3fedf222a5c725fa44f15b9a4c3d79932d41646
shinjuku-2026-r2-gian-50,hard,content,B50-H-02,提出者は新宿区長 吉住健一である,https://www.city.shinjuku.lg.jp/content/000457649.pdf,40b086a734b3b03dd864a14e09904f4e42ea4c7d1353dfce6eae06a45f931b32,議案本文末尾,提出者 新宿区長 吉住 健一,supported,a334dfe78f8163074bd44d16e3fedf222a5c725fa44f15b9a4c3d79932d41646
shinjuku-2026-r2-gian-50,hard,content,B50-H-03,対象条例は平成26年新宿区条例第28号である,https://www.city.shinjuku.lg.jp/content/000457649.pdf,40b086a734b3b03dd864a14e09904f4e42ea4c7d1353dfce6eae06a45f931b32,改め文,新宿区家庭的保育事業等の設備及び運営に関する基準を定める条例（平成26年新宿区条例第28号）,supported,a334dfe78f8163074bd44d16e3fedf222a5c725fa44f15b9a4c3d79932d41646
shinjuku-2026-r2-gian-50,hard,content,B50-H-04,提案理由はこども家庭庁関係内閣府令の整備等に関する内閣府令（令和8年内閣府令第3号）の施行による国の基準の改正に伴うものである,https://www.city.shinjuku.lg.jp/content/000457649.pdf,40b086a734b3b03dd864a14e09904f4e42ea4c7d1353dfce6eae06a45f931b32,提案理由,児童福祉法等の一部を改正する法律の一部の施行に伴うこども家庭庁関係内閣府令の整備等に関する内閣府令（令和8年内閣府令第3号）の施行による家庭的保育事業等の設備及び運営に関する基準（平成26年厚生労働省令第61号）の改正に伴い,supported,a334dfe78f8163074bd44d16e3fedf222a5c725fa44f15b9a4c3d79932d41646
shinjuku-2026-r2-gian-50,hard,content,B50-H-05,第3条中「第11項第2号又は」を「第11項第2号若しくは」に改める,https://www.city.shinjuku.lg.jp/content/000457649.pdf,40b086a734b3b03dd864a14e09904f4e42ea4c7d1353dfce6eae06a45f931b32,改め文 第3条,第3条中「第11項第2号又は」を「第11項第2号若しくは」に改め,supported,a334dfe78f8163074bd44d16e3fedf222a5c725fa44f15b9a4c3d79932d41646
shinjuku-2026-r2-gian-50,hard,content,B50-H-06,第3条の「場合」の次に満3歳以上の児童について保育を行う場合を加える,https://www.city.shinjuku.lg.jp/content/000457649.pdf,40b086a734b3b03dd864a14e09904f4e42ea4c7d1353dfce6eae06a45f931b32,改め文 第3条,「場合」の次に「又は同条第10項第3号の規定により保育を必要とする児童であって満3歳以上のものについて保育を行う場合」を加える。,supported,a334dfe78f8163074bd44d16e3fedf222a5c725fa44f15b9a4c3d79932d41646
shinjuku-2026-r2-gian-50,hard,content,B50-H-07,第7条第1項で満3歳以上限定小規模保育事業者の定義が置かれる,https://www.city.shinjuku.lg.jp/content/000457649.pdf,40b086a734b3b03dd864a14e09904f4e42ea4c7d1353dfce6eae06a45f931b32,改め文 第7条第1項,を行う事業者（以下「満3歳以上限定小規模保育事業者」という。）,supported,a334dfe78f8163074bd44d16e3fedf222a5c725fa44f15b9a4c3d79932d41646
shinjuku-2026-r2-gian-50,hard,content,B50-H-08,第7条第1項第3号では家庭的保育事業者等から満3歳以上限定小規模保育事業者を除く旨が加えられる,https://www.city.shinjuku.lg.jp/content/000457649.pdf,40b086a734b3b03dd864a14e09904f4e42ea4c7d1353dfce6eae06a45f931b32,改め文 第7条第1項第3号,同項第3号中「家庭的保育事業者等」の次に「（満3歳以上限定小規模保育事業者を除く。第6項及び第7項において同じ。）」を加え,supported,a334dfe78f8163074bd44d16e3fedf222a5c725fa44f15b9a4c3d79932d41646
shinjuku-2026-r2-gian-50,hard,content,B50-H-09,第7条第7項では「、次」を「次」に改め、満3歳以上限定小規模保育事業を行う事業所が加えられる,https://www.city.shinjuku.lg.jp/content/000457649.pdf,40b086a734b3b03dd864a14e09904f4e42ea4c7d1353dfce6eae06a45f931b32,改め文 第7条第7項,同条第7項中「、次」を「次」に改め、「のものに限る。）」の次に「又は満3歳以上限定小規模保育事業を行う事業所」を加える。,supported,a334dfe78f8163074bd44d16e3fedf222a5c725fa44f15b9a4c3d79932d41646
shinjuku-2026-r2-gian-50,hard,content,B50-H-10,第28条の改正内容は括弧書きの追加である,https://www.city.shinjuku.lg.jp/content/000457649.pdf,40b086a734b3b03dd864a14e09904f4e42ea4c7d1353dfce6eae06a45f931b32,改め文 第28条,「（満3歳以上限定小規模保育事業を除く。）」を加える。,supported,a334dfe78f8163074bd44d16e3fedf222a5c725fa44f15b9a4c3d79932d41646
shinjuku-2026-r2-gian-50,hard,content,B50-H-11,第30条第2項第3号の改正内容は「又は第3号」の追加である,https://www.city.shinjuku.lg.jp/content/000457649.pdf,40b086a734b3b03dd864a14e09904f4e42ea4c7d1353dfce6eae06a45f931b32,改め文 第30条,「第6条の3第10項第2号」の次に「又は第3号」を加える。,supported,a334dfe78f8163074bd44d16e3fedf222a5c725fa44f15b9a4c3d79932d41646
shinjuku-2026-r2-gian-50,hard,content,B50-H-12,第35条の改正内容は号の限定の追加である,https://www.city.shinjuku.lg.jp/content/000457649.pdf,40b086a734b3b03dd864a14e09904f4e42ea4c7d1353dfce6eae06a45f931b32,改め文 第35条,「第6条の3第10項」を「第6条の3第10項第1号」に改める。,supported,a334dfe78f8163074bd44d16e3fedf222a5c725fa44f15b9a4c3d79932d41646
shinjuku-2026-r2-gian-50,hard,content,B50-H-13,附則第4項の改正内容は満3歳以上限定小規模保育事業者の追加である,https://www.city.shinjuku.lg.jp/content/000457649.pdf,40b086a734b3b03dd864a14e09904f4e42ea4c7d1353dfce6eae06a45f931b32,改め文 附則第4項,「満3歳以上限定小規模保育事業者及び」を加える。,supported,a334dfe78f8163074bd44d16e3fedf222a5c725fa44f15b9a4c3d79932d41646
shinjuku-2026-r2-gian-50,hard,content,B50-H-14,附則第1項は公布の日の翌日から施行する旨とただし書を定める,https://www.city.shinjuku.lg.jp/content/000457649.pdf,40b086a734b3b03dd864a14e09904f4e42ea4c7d1353dfce6eae06a45f931b32,附則第1項,この条例は、公布の日の翌日から施行する。ただし、次項の規定は、公布の日から施行する。,supported,a334dfe78f8163074bd44d16e3fedf222a5c725fa44f15b9a4c3d79932d41646
shinjuku-2026-r2-gian-50,hard,content,B50-H-15,附則第2項の見出しは児童福祉法等の一部を改正する法律附則第3条第4項の条例で定める日である,https://www.city.shinjuku.lg.jp/content/000457649.pdf,40b086a734b3b03dd864a14e09904f4e42ea4c7d1353dfce6eae06a45f931b32,附則,（児童福祉法等の一部を改正する法律附則第3条第4項の条例で定める日）,supported,a334dfe78f8163074bd44d16e3fedf222a5c725fa44f15b9a4c3d79932d41646
shinjuku-2026-r2-gian-50,hard,content,B50-H-16,概要資料が示す施行日は公布の日の翌日である,https://www.city.shinjuku.lg.jp/content/000456353.pdf,e1be5ac0c08d22dc59916c81fd24bd972ef44b601f8cd65ba76fc5d1f9d35c92,第50号議案 施行日,公布の日の翌日,supported,a334dfe78f8163074bd44d16e3fedf222a5c725fa44f15b9a4c3d79932d41646
shinjuku-2026-r2-gian-50,hard,content,B50-H-17,第51号議案の施行日も公布の日の翌日である,https://www.city.shinjuku.lg.jp/content/000456353.pdf,e1be5ac0c08d22dc59916c81fd24bd972ef44b601f8cd65ba76fc5d1f9d35c92,第51号議案 施行日,公布の日の翌日,supported,a334dfe78f8163074bd44d16e3fedf222a5c725fa44f15b9a4c3d79932d41646
shinjuku-2026-r2-gian-50,hard,content,B50-H-18,令和8年第2回定例会において原案可決された,https://www.city.shinjuku.lg.jp/kusei/soumu01_002090_00016.html,72349f6e321e79ccc3076036e07386763398510bfb6bb2154b4cd3d6a2d85d58,議決結果表 第50号議案,第50号議案 新宿区家庭的保育事業等の設備及び運営に関する基準を定める条例の一部を改正する条例 原案可決,supported,a334dfe78f8163074bd44d16e3fedf222a5c725fa44f15b9a4c3d79932d41646
shinjuku-2026-r2-gian-50,hard,content,B50-H-19,確定条文・児童福祉法第6条の3第10項第3号の事業内容・設備基準等は一次資料から確認できない,https://www.city.shinjuku.lg.jp/content/000457649.pdf,40b086a734b3b03dd864a14e09904f4e42ea4c7d1353dfce6eae06a45f931b32,出典に記載がない事項,（本件は解説本文が「一次資料からは確認できない」と明示している箇所であり、事実主張ではない）,needs_source,a334dfe78f8163074bd44d16e3fedf222a5c725fa44f15b9a4c3d79932d41646
shinjuku-2026-r2-gian-50,hard,title,B50-HT-01,見出し: 対象は新宿区家庭的保育事業等の設備及び運営に関する基準を定める条例の一部改正である,https://www.city.shinjuku.lg.jp/content/000457649.pdf,40b086a734b3b03dd864a14e09904f4e42ea4c7d1353dfce6eae06a45f931b32,改め文,新宿区家庭的保育事業等の設備及び運営に関する基準を定める条例,supported,a334dfe78f8163074bd44d16e3fedf222a5c725fa44f15b9a4c3d79932d41646
shinjuku-2026-r2-gian-50,hard,summary,B50-HS-01,要約: 対象条例は平成26年新宿区条例第28号である,https://www.city.shinjuku.lg.jp/content/000457649.pdf,40b086a734b3b03dd864a14e09904f4e42ea4c7d1353dfce6eae06a45f931b32,改め文,（平成26年新宿区条例第28号）,supported,a334dfe78f8163074bd44d16e3fedf222a5c725fa44f15b9a4c3d79932d41646
shinjuku-2026-r2-gian-50,hard,summary,B50-HS-02,要約: 児童福祉法第6条の3第10項第3号に掲げる事業を満3歳以上限定小規模保育事業と定義する,https://www.city.shinjuku.lg.jp/content/000457649.pdf,40b086a734b3b03dd864a14e09904f4e42ea4c7d1353dfce6eae06a45f931b32,改め文 第7条第1項,法第6条の3第10項第3号に掲げる事業（以下「満3歳以上限定小規模保育事業」という。）,supported,a334dfe78f8163074bd44d16e3fedf222a5c725fa44f15b9a4c3d79932d41646
shinjuku-2026-r2-gian-50,hard,summary,B50-HS-03,要約: 第3条・第7条・第28条・第30条・第35条・附則第4項に規定を加える,https://www.city.shinjuku.lg.jp/content/000457649.pdf,40b086a734b3b03dd864a14e09904f4e42ea4c7d1353dfce6eae06a45f931b32,改め文,第3条中…第7条第1項中…第28条中…第30条第2項第3号中…第35条中…附則第4項中,supported,a334dfe78f8163074bd44d16e3fedf222a5c725fa44f15b9a4c3d79932d41646
shinjuku-2026-r2-gian-50,hard,summary,B50-HS-04,要約: 施行日は公布の日の翌日（附則第2項は公布の日）である,https://www.city.shinjuku.lg.jp/content/000457649.pdf,40b086a734b3b03dd864a14e09904f4e42ea4c7d1353dfce6eae06a45f931b32,附則第1項,この条例は、公布の日の翌日から施行する。ただし、次項の規定は、公布の日から施行する。,supported,a334dfe78f8163074bd44d16e3fedf222a5c725fa44f15b9a4c3d79932d41646
shinjuku-2026-r2-gian-52,normal,content,B52-N-01,対象条例は新宿区保健事業の利用に係る使用料等を定める条例（平成14年新宿区条例第43号）である,https://www.city.shinjuku.lg.jp/content/000457651.pdf,07ccac257bd5d99424eaca5e685f037d12534a58172820ed7cdab08913aa22cb,改め文,新宿区保健事業の利用に係る使用料等を定める条例（平成14年新宿区条例第43号）の一部を次のように改正する。,supported,00502094514591e1539395deb1fc3eaef7e98952905d3e44e8ad5b9edc6ac688
shinjuku-2026-r2-gian-52,normal,content,B52-N-02,第2条第1号で「歯周疾患検診」を「歯周病検診」に改める,https://www.city.shinjuku.lg.jp/content/000457651.pdf,07ccac257bd5d99424eaca5e685f037d12534a58172820ed7cdab08913aa22cb,改め文,第2条第1号及び別表 健康診査の項中「歯周疾患検診」を「歯周病検診」に改める。,supported,00502094514591e1539395deb1fc3eaef7e98952905d3e44e8ad5b9edc6ac688
shinjuku-2026-r2-gian-52,normal,content,B52-N-03,別表の健康診査の項でも同じ改正が行われる,https://www.city.shinjuku.lg.jp/content/000457651.pdf,07ccac257bd5d99424eaca5e685f037d12534a58172820ed7cdab08913aa22cb,改め文,別表 健康診査の項中「歯周疾患検診」を「歯周病検診」に改める。,supported,00502094514591e1539395deb1fc3eaef7e98952905d3e44e8ad5b9edc6ac688
shinjuku-2026-r2-gian-52,normal,content,B52-N-04,提案理由は健康増進法施行規則の一部を改正する省令（令和8年厚生労働省令第69号）の施行に伴うものである,https://www.city.shinjuku.lg.jp/content/000457651.pdf,07ccac257bd5d99424eaca5e685f037d12534a58172820ed7cdab08913aa22cb,提案理由,健康増進法施行規則の一部を改正する省令（令和8年厚生労働省令第69号）の施行に伴い、規定を整備する必要があるため,supported,00502094514591e1539395deb1fc3eaef7e98952905d3e44e8ad5b9edc6ac688
shinjuku-2026-r2-gian-52,normal,content,B52-N-05,概要資料は国の省令改正により名称が改められたことに伴う規定整備だと説明している,https://www.city.shinjuku.lg.jp/content/000456353.pdf,e1be5ac0c08d22dc59916c81fd24bd972ef44b601f8cd65ba76fc5d1f9d35c92,第52号議案 概要,健康増進法施行規則の改正により「歯周疾患検診」が「歯周病検診」に改められたことに伴い、規定を整備する。,supported,00502094514591e1539395deb1fc3eaef7e98952905d3e44e8ad5b9edc6ac688
shinjuku-2026-r2-gian-52,normal,content,B52-N-06,施行日は公布の日である,https://www.city.shinjuku.lg.jp/content/000457651.pdf,07ccac257bd5d99424eaca5e685f037d12534a58172820ed7cdab08913aa22cb,附則,この条例は、公布の日から施行する。,supported,00502094514591e1539395deb1fc3eaef7e98952905d3e44e8ad5b9edc6ac688
shinjuku-2026-r2-gian-52,normal,content,B52-N-07,令和8年第2回定例会で原案可決された,https://www.city.shinjuku.lg.jp/kusei/soumu01_002090_00016.html,72349f6e321e79ccc3076036e07386763398510bfb6bb2154b4cd3d6a2d85d58,議決結果表 第52号議案,第52号議案 新宿区保健事業の利用に係る使用料等を定める条例の一部を改正する条例 原案可決,supported,00502094514591e1539395deb1fc3eaef7e98952905d3e44e8ad5b9edc6ac688
shinjuku-2026-r2-gian-52,normal,content,B52-N-08,改め文が行っているのは名称の変更のみである,https://www.city.shinjuku.lg.jp/content/000457651.pdf,07ccac257bd5d99424eaca5e685f037d12534a58172820ed7cdab08913aa22cb,改め文全体,第2条第1号及び別表 健康診査の項中「歯周疾患検診」を「歯周病検診」に改める。,supported,00502094514591e1539395deb1fc3eaef7e98952905d3e44e8ad5b9edc6ac688
shinjuku-2026-r2-gian-52,normal,content,B52-N-09,検診の対象年齢・実施方法・自己負担額の変化は資料に書かれていない,https://www.city.shinjuku.lg.jp/content/000457651.pdf,07ccac257bd5d99424eaca5e685f037d12534a58172820ed7cdab08913aa22cb,出典に記載がない事項,（本件は解説本文が「議案の資料には書かれていません」と明示している箇所であり、事実主張ではない）,needs_source,00502094514591e1539395deb1fc3eaef7e98952905d3e44e8ad5b9edc6ac688
shinjuku-2026-r2-gian-52,normal,title,B52-NT-01,見出し: 「歯周疾患検診」を「歯周病検診」に名称変更する,https://www.city.shinjuku.lg.jp/content/000457651.pdf,07ccac257bd5d99424eaca5e685f037d12534a58172820ed7cdab08913aa22cb,改め文,「歯周疾患検診」を「歯周病検診」に改める。,supported,00502094514591e1539395deb1fc3eaef7e98952905d3e44e8ad5b9edc6ac688
shinjuku-2026-r2-gian-52,normal,summary,B52-NS-01,要約: 国の省令で名称が改められたことに伴う改正である,https://www.city.shinjuku.lg.jp/content/000456353.pdf,e1be5ac0c08d22dc59916c81fd24bd972ef44b601f8cd65ba76fc5d1f9d35c92,第52号議案 概要,健康増進法施行規則の改正により「歯周疾患検診」が「歯周病検診」に改められたことに伴い、規定を整備する。,supported,00502094514591e1539395deb1fc3eaef7e98952905d3e44e8ad5b9edc6ac688
shinjuku-2026-r2-gian-52,normal,summary,B52-NS-02,要約: 第2条第1号と別表の健康診査の項の名称を改める,https://www.city.shinjuku.lg.jp/content/000457651.pdf,07ccac257bd5d99424eaca5e685f037d12534a58172820ed7cdab08913aa22cb,改め文,第2条第1号及び別表 健康診査の項中「歯周疾患検診」を「歯周病検診」に改める。,supported,00502094514591e1539395deb1fc3eaef7e98952905d3e44e8ad5b9edc6ac688
shinjuku-2026-r2-gian-52,normal,summary,B52-NS-03,要約: 施行日は公布の日である,https://www.city.shinjuku.lg.jp/content/000457651.pdf,07ccac257bd5d99424eaca5e685f037d12534a58172820ed7cdab08913aa22cb,附則,この条例は、公布の日から施行する。,supported,00502094514591e1539395deb1fc3eaef7e98952905d3e44e8ad5b9edc6ac688
shinjuku-2026-r2-gian-52,hard,content,B52-H-01,提出日は令和8年6月10日である,https://www.city.shinjuku.lg.jp/content/000457651.pdf,07ccac257bd5d99424eaca5e685f037d12534a58172820ed7cdab08913aa22cb,議案本文末尾,令和８年６月１０日 提出者 新宿区長 吉住 健一,supported,5616ebae13d4aba155418f0f4720abcaead24828d394de5d72942479dea4aab8
shinjuku-2026-r2-gian-52,hard,content,B52-H-02,提出者は新宿区長 吉住健一である,https://www.city.shinjuku.lg.jp/content/000457651.pdf,07ccac257bd5d99424eaca5e685f037d12534a58172820ed7cdab08913aa22cb,議案本文末尾,提出者 新宿区長 吉住 健一,supported,5616ebae13d4aba155418f0f4720abcaead24828d394de5d72942479dea4aab8
shinjuku-2026-r2-gian-52,hard,content,B52-H-03,対象条例は平成14年新宿区条例第43号である,https://www.city.shinjuku.lg.jp/content/000457651.pdf,07ccac257bd5d99424eaca5e685f037d12534a58172820ed7cdab08913aa22cb,改め文,新宿区保健事業の利用に係る使用料等を定める条例（平成14年新宿区条例第43号）,supported,5616ebae13d4aba155418f0f4720abcaead24828d394de5d72942479dea4aab8
shinjuku-2026-r2-gian-52,hard,content,B52-H-04,提案理由は令和8年厚生労働省令第69号の施行に伴う規定整備である,https://www.city.shinjuku.lg.jp/content/000457651.pdf,07ccac257bd5d99424eaca5e685f037d12534a58172820ed7cdab08913aa22cb,提案理由,健康増進法施行規則の一部を改正する省令（令和8年厚生労働省令第69号）の施行に伴い、規定を整備する必要があるため,supported,5616ebae13d4aba155418f0f4720abcaead24828d394de5d72942479dea4aab8
shinjuku-2026-r2-gian-52,hard,content,B52-H-05,改め文は1文のみである,https://www.city.shinjuku.lg.jp/content/000457651.pdf,07ccac257bd5d99424eaca5e685f037d12534a58172820ed7cdab08913aa22cb,改め文全体,第2条第1号及び別表 健康診査の項中「歯周疾患検診」を「歯周病検診」に改める。,supported,5616ebae13d4aba155418f0f4720abcaead24828d394de5d72942479dea4aab8
shinjuku-2026-r2-gian-52,hard,content,B52-H-06,改正は名称の変更に限られ使用料の額の改正は含まれない,https://www.city.shinjuku.lg.jp/content/000457651.pdf,07ccac257bd5d99424eaca5e685f037d12534a58172820ed7cdab08913aa22cb,改め文全体,第2条第1号及び別表 健康診査の項中「歯周疾患検診」を「歯周病検診」に改める。 附 則,supported,5616ebae13d4aba155418f0f4720abcaead24828d394de5d72942479dea4aab8
shinjuku-2026-r2-gian-52,hard,content,B52-H-07,概要資料が示す施行日は公布の日である,https://www.city.shinjuku.lg.jp/content/000456353.pdf,e1be5ac0c08d22dc59916c81fd24bd972ef44b601f8cd65ba76fc5d1f9d35c92,第52号議案 施行日,公布の日,supported,5616ebae13d4aba155418f0f4720abcaead24828d394de5d72942479dea4aab8
shinjuku-2026-r2-gian-52,hard,content,B52-H-08,附則は公布の日から施行する旨のみを定め経過措置は置かれていない,https://www.city.shinjuku.lg.jp/content/000457651.pdf,07ccac257bd5d99424eaca5e685f037d12534a58172820ed7cdab08913aa22cb,附則,この条例は、公布の日から施行する。,supported,5616ebae13d4aba155418f0f4720abcaead24828d394de5d72942479dea4aab8
shinjuku-2026-r2-gian-52,hard,content,B52-H-09,令和8年第2回定例会において原案可決された,https://www.city.shinjuku.lg.jp/kusei/soumu01_002090_00016.html,72349f6e321e79ccc3076036e07386763398510bfb6bb2154b4cd3d6a2d85d58,議決結果表 第52号議案,第52号議案 新宿区保健事業の利用に係る使用料等を定める条例の一部を改正する条例 原案可決,supported,5616ebae13d4aba155418f0f4720abcaead24828d394de5d72942479dea4aab8
shinjuku-2026-r2-gian-52,hard,content,B52-H-10,確定条文・対象者・使用料の額・省令の改正内容は一次資料から確認できない,https://www.city.shinjuku.lg.jp/content/000457651.pdf,07ccac257bd5d99424eaca5e685f037d12534a58172820ed7cdab08913aa22cb,出典に記載がない事項,（本件は解説本文が「一次資料からは確認できない」と明示している箇所であり、事実主張ではない）,needs_source,5616ebae13d4aba155418f0f4720abcaead24828d394de5d72942479dea4aab8
shinjuku-2026-r2-gian-52,hard,title,B52-HT-01,見出し: 対象は新宿区保健事業の利用に係る使用料等を定める条例の一部改正である,https://www.city.shinjuku.lg.jp/content/000457651.pdf,07ccac257bd5d99424eaca5e685f037d12534a58172820ed7cdab08913aa22cb,改め文,新宿区保健事業の利用に係る使用料等を定める条例,supported,5616ebae13d4aba155418f0f4720abcaead24828d394de5d72942479dea4aab8
shinjuku-2026-r2-gian-52,hard,summary,B52-HS-01,要約: 対象条例は平成14年新宿区条例第43号である,https://www.city.shinjuku.lg.jp/content/000457651.pdf,07ccac257bd5d99424eaca5e685f037d12534a58172820ed7cdab08913aa22cb,改め文,（平成 14 年 新宿区条例第 43 号）,supported,5616ebae13d4aba155418f0f4720abcaead24828d394de5d72942479dea4aab8
shinjuku-2026-r2-gian-52,hard,summary,B52-HS-02,要約: 健康増進法施行規則の一部を改正する省令（令和8年厚生労働省令第69号）の施行に伴う規定整備である,https://www.city.shinjuku.lg.jp/content/000457651.pdf,07ccac257bd5d99424eaca5e685f037d12534a58172820ed7cdab08913aa22cb,提案理由,健康増進法施行規則の一部を改正する省令（令和8年厚生労働省令第69号）の施行に伴い、規定を整備する必要があるため,supported,5616ebae13d4aba155418f0f4720abcaead24828d394de5d72942479dea4aab8
shinjuku-2026-r2-gian-52,hard,summary,B52-HS-03,要約: 施行日は公布の日である,https://www.city.shinjuku.lg.jp/content/000457651.pdf,07ccac257bd5d99424eaca5e685f037d12534a58172820ed7cdab08913aa22cb,附則,この条例は、公布の日から施行する。,supported,5616ebae13d4aba155418f0f4720abcaead24828d394de5d72942479dea4aab8
shinjuku-2026-r2-gian-54,normal,content,B54-N-01,対象条例は新宿区地区計画の区域内における建築物の制限に関する条例（平成19年新宿区条例第57号）である,https://www.city.shinjuku.lg.jp/content/000457653.pdf,b0eeeecadde1ee46d9e9fb4883301330f6a4644aa534518b1177b25bccbb67ab,改め文,新宿区地区計画の区域内における建築物の制限に関する条例（平成19年新宿区条例第57号）の一部を次のように改正する。,supported,fa55f3a63284e4c04ad600ce57acffd5ae70e0bde182a562a8d53a43bf5f9d6d
shinjuku-2026-r2-gian-54,normal,content,B54-N-02,提案理由は新宿駅東口地区地区計画の都市計画変更決定に伴い規定を整備する必要があるためである,https://www.city.shinjuku.lg.jp/content/000457653.pdf,b0eeeecadde1ee46d9e9fb4883301330f6a4644aa534518b1177b25bccbb67ab,提案理由,新宿駅東口地区地区計画の都市計画変更決定に伴い、規定を整備する必要があるため,supported,fa55f3a63284e4c04ad600ce57acffd5ae70e0bde182a562a8d53a43bf5f9d6d
shinjuku-2026-r2-gian-54,normal,content,B54-N-03,概要資料は変更決定の内容を旧メトロ会館・旧セントラルホテル建替え計画の適用区域の設定と補っている,https://www.city.shinjuku.lg.jp/content/000456353.pdf,e1be5ac0c08d22dc59916c81fd24bd972ef44b601f8cd65ba76fc5d1f9d35c92,第54号議案 概要,新宿駅東口地区地区計画の都市計画変更決定（旧メトロ会館・旧セントラルホテル建替え計画の適用区域の設定）に伴い、規定を整備する。,supported,fa55f3a63284e4c04ad600ce57acffd5ae70e0bde182a562a8d53a43bf5f9d6d
shinjuku-2026-r2-gian-54,normal,content,B54-N-04,別表第1の15の項中の告示は令和7年新宿区告示第275号から令和8年新宿区告示第262号に改められる,https://www.city.shinjuku.lg.jp/content/000457653.pdf,b0eeeecadde1ee46d9e9fb4883301330f6a4644aa534518b1177b25bccbb67ab,改め文,別表第1の15の項中「令和7年新宿区告示第275号」を「令和8年新宿区告示第262号」に改める。,supported,fa55f3a63284e4c04ad600ce57acffd5ae70e0bde182a562a8d53a43bf5f9d6d
shinjuku-2026-r2-gian-54,normal,content,B54-N-05,別表第2第15号の表5の項第2号中「5の項」が「6の項」に改められる,https://www.city.shinjuku.lg.jp/content/000457653.pdf,b0eeeecadde1ee46d9e9fb4883301330f6a4644aa534518b1177b25bccbb67ab,改め文,別表第2第15号の表5の項第2号中「5の項」を「6の項」に改める。,supported,fa55f3a63284e4c04ad600ce57acffd5ae70e0bde182a562a8d53a43bf5f9d6d
shinjuku-2026-r2-gian-54,normal,content,B54-N-06,施行日は公布の日である,https://www.city.shinjuku.lg.jp/content/000457653.pdf,b0eeeecadde1ee46d9e9fb4883301330f6a4644aa534518b1177b25bccbb67ab,附則,この条例は、公布の日から施行する。,supported,fa55f3a63284e4c04ad600ce57acffd5ae70e0bde182a562a8d53a43bf5f9d6d
shinjuku-2026-r2-gian-54,normal,content,B54-N-07,令和8年第2回定例会で原案可決された,https://www.city.shinjuku.lg.jp/kusei/soumu01_002090_00016.html,72349f6e321e79ccc3076036e07386763398510bfb6bb2154b4cd3d6a2d85d58,議決結果表 第54号議案,第54号議案 新宿区地区計画の区域内における建築物の制限に関する条例の一部を改正する条例 原案可決,supported,fa55f3a63284e4c04ad600ce57acffd5ae70e0bde182a562a8d53a43bf5f9d6d
shinjuku-2026-r2-gian-54,normal,content,B54-N-08,建築物の制限の変化・対象区域の範囲・建替え計画の内容や時期は資料に書かれていない,https://www.city.shinjuku.lg.jp/content/000457653.pdf,b0eeeecadde1ee46d9e9fb4883301330f6a4644aa534518b1177b25bccbb67ab,出典に記載がない事項,（本件は解説本文が「議案の資料には書かれていません」と明示している箇所であり、事実主張ではない）,needs_source,fa55f3a63284e4c04ad600ce57acffd5ae70e0bde182a562a8d53a43bf5f9d6d
shinjuku-2026-r2-gian-54,normal,title,B54-NT-01,見出し: 新宿駅東口地区の地区計画変更に伴う条例の整備である,https://www.city.shinjuku.lg.jp/content/000457653.pdf,b0eeeecadde1ee46d9e9fb4883301330f6a4644aa534518b1177b25bccbb67ab,提案理由,新宿駅東口地区地区計画の都市計画変更決定に伴い、規定を整備する必要があるため,supported,fa55f3a63284e4c04ad600ce57acffd5ae70e0bde182a562a8d53a43bf5f9d6d
shinjuku-2026-r2-gian-54,normal,summary,B54-NS-01,要約: 引用している告示の番号などを改める,https://www.city.shinjuku.lg.jp/content/000457653.pdf,b0eeeecadde1ee46d9e9fb4883301330f6a4644aa534518b1177b25bccbb67ab,改め文,別表第1の15の項中「令和7年新宿区告示第275号」を「令和8年新宿区告示第262号」に改める。,supported,fa55f3a63284e4c04ad600ce57acffd5ae70e0bde182a562a8d53a43bf5f9d6d
shinjuku-2026-r2-gian-54,normal,summary,B54-NS-02,要約: 概要資料は変更決定を旧メトロ会館・旧セントラルホテル建替え計画の適用区域の設定と説明している,https://www.city.shinjuku.lg.jp/content/000456353.pdf,e1be5ac0c08d22dc59916c81fd24bd972ef44b601f8cd65ba76fc5d1f9d35c92,第54号議案 概要,（旧メトロ会館・旧セントラルホテル建替え計画の適用区域の設定）,supported,fa55f3a63284e4c04ad600ce57acffd5ae70e0bde182a562a8d53a43bf5f9d6d
shinjuku-2026-r2-gian-54,normal,summary,B54-NS-03,要約: 施行日は公布の日である,https://www.city.shinjuku.lg.jp/content/000457653.pdf,b0eeeecadde1ee46d9e9fb4883301330f6a4644aa534518b1177b25bccbb67ab,附則,この条例は、公布の日から施行する。,supported,fa55f3a63284e4c04ad600ce57acffd5ae70e0bde182a562a8d53a43bf5f9d6d
shinjuku-2026-r2-gian-54,hard,content,B54-H-01,提出日は令和8年6月10日である,https://www.city.shinjuku.lg.jp/content/000457653.pdf,b0eeeecadde1ee46d9e9fb4883301330f6a4644aa534518b1177b25bccbb67ab,議案本文末尾,令和８年６月１０日 提出者 新宿区長 吉住 健一,supported,c6e6750c4286b0d9683998a79ca1f53d2449c4db501a92e143f789c5f4accd79
shinjuku-2026-r2-gian-54,hard,content,B54-H-02,提出者は新宿区長 吉住健一である,https://www.city.shinjuku.lg.jp/content/000457653.pdf,b0eeeecadde1ee46d9e9fb4883301330f6a4644aa534518b1177b25bccbb67ab,議案本文末尾,提出者 新宿区長 吉住 健一,supported,c6e6750c4286b0d9683998a79ca1f53d2449c4db501a92e143f789c5f4accd79
shinjuku-2026-r2-gian-54,hard,content,B54-H-03,対象条例は平成19年新宿区条例第57号である,https://www.city.shinjuku.lg.jp/content/000457653.pdf,b0eeeecadde1ee46d9e9fb4883301330f6a4644aa534518b1177b25bccbb67ab,改め文,新宿区地区計画の区域内における建築物の制限に関する条例（平成19年新宿区条例第57号）,supported,c6e6750c4286b0d9683998a79ca1f53d2449c4db501a92e143f789c5f4accd79
shinjuku-2026-r2-gian-54,hard,content,B54-H-04,提案理由は新宿駅東口地区地区計画の都市計画変更決定に伴う規定整備である,https://www.city.shinjuku.lg.jp/content/000457653.pdf,b0eeeecadde1ee46d9e9fb4883301330f6a4644aa534518b1177b25bccbb67ab,提案理由,新宿駅東口地区地区計画の都市計画変更決定に伴い、規定を整備する必要があるため,supported,c6e6750c4286b0d9683998a79ca1f53d2449c4db501a92e143f789c5f4accd79
shinjuku-2026-r2-gian-54,hard,content,B54-H-05,別表第1の15の項の改正は告示の引用の差替えである,https://www.city.shinjuku.lg.jp/content/000457653.pdf,b0eeeecadde1ee46d9e9fb4883301330f6a4644aa534518b1177b25bccbb67ab,改め文,別表第1の15の項中「令和7年新宿区告示第275号」を「令和8年新宿区告示第262号」に改める。,supported,c6e6750c4286b0d9683998a79ca1f53d2449c4db501a92e143f789c5f4accd79
shinjuku-2026-r2-gian-54,hard,content,B54-H-06,別表第2第15号の表5の項第2号の改正は項番号の引用の変更である,https://www.city.shinjuku.lg.jp/content/000457653.pdf,b0eeeecadde1ee46d9e9fb4883301330f6a4644aa534518b1177b25bccbb67ab,改め文,別表第2第15号の表5の項第2号中「5の項」を「6の項」に改める。,supported,c6e6750c4286b0d9683998a79ca1f53d2449c4db501a92e143f789c5f4accd79
shinjuku-2026-r2-gian-54,hard,content,B54-H-07,改め文はこの2点のみである,https://www.city.shinjuku.lg.jp/content/000457653.pdf,b0eeeecadde1ee46d9e9fb4883301330f6a4644aa534518b1177b25bccbb67ab,改め文全体,別表第1の15の項中「令和7年新宿区告示第275号」を「令和8年新宿区告示第262号」に改める。 別表第2第15号の表5の項第2号中「5の項」を「6の項」に改める。 附 則,supported,c6e6750c4286b0d9683998a79ca1f53d2449c4db501a92e143f789c5f4accd79
shinjuku-2026-r2-gian-54,hard,content,B54-H-08,括弧内の建替え計画の記述は概要資料のみの記述である,https://www.city.shinjuku.lg.jp/content/000456353.pdf,e1be5ac0c08d22dc59916c81fd24bd972ef44b601f8cd65ba76fc5d1f9d35c92,第54号議案 概要,（旧メトロ会館・旧セントラルホテル建替え計画の適用区域の設定）,supported,c6e6750c4286b0d9683998a79ca1f53d2449c4db501a92e143f789c5f4accd79
shinjuku-2026-r2-gian-54,hard,content,B54-H-09,概要資料が示す施行日は公布の日である,https://www.city.shinjuku.lg.jp/content/000456353.pdf,e1be5ac0c08d22dc59916c81fd24bd972ef44b601f8cd65ba76fc5d1f9d35c92,第54号議案 施行日,公布の日,supported,c6e6750c4286b0d9683998a79ca1f53d2449c4db501a92e143f789c5f4accd79
shinjuku-2026-r2-gian-54,hard,content,B54-H-10,附則は公布の日から施行する旨のみを定め経過措置は置かれていない,https://www.city.shinjuku.lg.jp/content/000457653.pdf,b0eeeecadde1ee46d9e9fb4883301330f6a4644aa534518b1177b25bccbb67ab,附則,この条例は、公布の日から施行する。,supported,c6e6750c4286b0d9683998a79ca1f53d2449c4db501a92e143f789c5f4accd79
shinjuku-2026-r2-gian-54,hard,content,B54-H-11,令和8年第2回定例会において原案可決された,https://www.city.shinjuku.lg.jp/kusei/soumu01_002090_00016.html,72349f6e321e79ccc3076036e07386763398510bfb6bb2154b4cd3d6a2d85d58,議決結果表 第54号議案,第54号議案 新宿区地区計画の区域内における建築物の制限に関する条例の一部を改正する条例 原案可決,supported,c6e6750c4286b0d9683998a79ca1f53d2449c4db501a92e143f789c5f4accd79
shinjuku-2026-r2-gian-54,hard,content,B54-H-12,確定条文・告示の内容・都市計画変更決定の決定日や区域の範囲は一次資料から確認できない,https://www.city.shinjuku.lg.jp/content/000457653.pdf,b0eeeecadde1ee46d9e9fb4883301330f6a4644aa534518b1177b25bccbb67ab,出典に記載がない事項,（本件は解説本文が「一次資料からは確認できない」と明示している箇所であり、事実主張ではない）,needs_source,c6e6750c4286b0d9683998a79ca1f53d2449c4db501a92e143f789c5f4accd79
shinjuku-2026-r2-gian-54,hard,title,B54-HT-01,見出し: 対象は新宿区地区計画の区域内における建築物の制限に関する条例の一部改正である,https://www.city.shinjuku.lg.jp/content/000457653.pdf,b0eeeecadde1ee46d9e9fb4883301330f6a4644aa534518b1177b25bccbb67ab,改め文,新宿区地区計画の区域内における建築物の制限に関する条例,supported,c6e6750c4286b0d9683998a79ca1f53d2449c4db501a92e143f789c5f4accd79
shinjuku-2026-r2-gian-54,hard,summary,B54-HS-01,要約: 対象条例は平成19年新宿区条例第57号である,https://www.city.shinjuku.lg.jp/content/000457653.pdf,b0eeeecadde1ee46d9e9fb4883301330f6a4644aa534518b1177b25bccbb67ab,改め文,（平成 19 年 新 宿 区 条 例 第 5 7 号 ）,supported,c6e6750c4286b0d9683998a79ca1f53d2449c4db501a92e143f789c5f4accd79
shinjuku-2026-r2-gian-54,hard,summary,B54-HS-02,要約: 別表第1の15の項の告示の引用を令和7年新宿区告示第275号から令和8年新宿区告示第262号に改める,https://www.city.shinjuku.lg.jp/content/000457653.pdf,b0eeeecadde1ee46d9e9fb4883301330f6a4644aa534518b1177b25bccbb67ab,改め文,別表第1の15の項中「令和7年新宿区告示第275号」を「令和8年新宿区告示第262号」に改める。,supported,c6e6750c4286b0d9683998a79ca1f53d2449c4db501a92e143f789c5f4accd79
shinjuku-2026-r2-gian-54,hard,summary,B54-HS-03,要約: 別表第2第15号の表5の項第2号中「5の項」を「6の項」に改める,https://www.city.shinjuku.lg.jp/content/000457653.pdf,b0eeeecadde1ee46d9e9fb4883301330f6a4644aa534518b1177b25bccbb67ab,改め文,別表第2第15号の表5の項第2号中「5の項」を「6の項」に改める。,supported,c6e6750c4286b0d9683998a79ca1f53d2449c4db501a92e143f789c5f4accd79
shinjuku-2026-r2-gian-55,normal,content,B55-N-01,対象条例は新宿区幼稚園教育職員の勤務時間、休日、休暇等に関する条例（平成12年新宿区条例第58号）である,https://www.city.shinjuku.lg.jp/content/000457654.pdf,fa89b50fc251e1889d236958017f1e13be5a6ddd19dfa877ff9bafb0ab1ce2d5,改め文,新宿区幼稚園教育職員の勤務時間、休日、休暇等に関する条例（平成12年新宿区条例第58号）の一部を次のように改正する。,supported,6e98fd31d2a820217858a8f56bb43a3e5942e24309f7368205c056f84828de68
shinjuku-2026-r2-gian-55,normal,content,B55-N-02,早出遅出勤務は育児、介護等の事情がある幼稚園教育職員に限り利用を認めている制度であった,https://www.city.shinjuku.lg.jp/content/000456353.pdf,e1be5ac0c08d22dc59916c81fd24bd972ef44b601f8cd65ba76fc5d1f9d35c92,第55号議案 概要,育児、介護等の事情がある幼稚園教育職員に限り利用を認めている早出遅出勤務制度を廃止する。,supported,6e98fd31d2a820217858a8f56bb43a3e5942e24309f7368205c056f84828de68
shinjuku-2026-r2-gian-55,normal,content,B55-N-03,概要資料は多様な働き方へのニーズの高まり等を踏まえた改正だと説明している,https://www.city.shinjuku.lg.jp/content/000456353.pdf,e1be5ac0c08d22dc59916c81fd24bd972ef44b601f8cd65ba76fc5d1f9d35c92,第55号議案 概要,多様な働き方へのニーズの高まり等を踏まえ、幼稚園教育職員の希望に基づき勤務時間を割り振る時差通勤制度を導入するため、育児、介護等の事情がある幼稚園教育職員に限り利用を認めている早出遅出勤務制度を廃止する。,supported,6e98fd31d2a820217858a8f56bb43a3e5942e24309f7368205c056f84828de68
shinjuku-2026-r2-gian-55,normal,content,B55-N-04,提案理由は時差通勤制度を導入するため早出遅出勤務を廃止する必要があるためである,https://www.city.shinjuku.lg.jp/content/000457654.pdf,fa89b50fc251e1889d236958017f1e13be5a6ddd19dfa877ff9bafb0ab1ce2d5,提案理由,幼稚園教育職員の希望に基づき勤務時間を割り振る時差通勤制度を導入するため、早出遅出勤務を廃止する必要があるため,supported,6e98fd31d2a820217858a8f56bb43a3e5942e24309f7368205c056f84828de68
shinjuku-2026-r2-gian-55,normal,content,B55-N-05,第11条第1項および第2項から「、第11条の5第1項」を削る,https://www.city.shinjuku.lg.jp/content/000457654.pdf,fa89b50fc251e1889d236958017f1e13be5a6ddd19dfa877ff9bafb0ab1ce2d5,改め文,第11条第1項及び第2項中「、第11条の5第1項」を削る。,supported,6e98fd31d2a820217858a8f56bb43a3e5942e24309f7368205c056f84828de68
shinjuku-2026-r2-gian-55,normal,content,B55-N-06,第11条の5を削る,https://www.city.shinjuku.lg.jp/content/000457654.pdf,fa89b50fc251e1889d236958017f1e13be5a6ddd19dfa877ff9bafb0ab1ce2d5,改め文,第11条の5を削る。,supported,6e98fd31d2a820217858a8f56bb43a3e5942e24309f7368205c056f84828de68
shinjuku-2026-r2-gian-55,normal,content,B55-N-07,施行日は令和8年10月1日である,https://www.city.shinjuku.lg.jp/content/000457654.pdf,fa89b50fc251e1889d236958017f1e13be5a6ddd19dfa877ff9bafb0ab1ce2d5,附則,この条例は、令和8年10月1日から施行する。,supported,6e98fd31d2a820217858a8f56bb43a3e5942e24309f7368205c056f84828de68
shinjuku-2026-r2-gian-55,normal,content,B55-N-08,令和8年第2回定例会で原案可決された,https://www.city.shinjuku.lg.jp/kusei/soumu01_002090_00016.html,72349f6e321e79ccc3076036e07386763398510bfb6bb2154b4cd3d6a2d85d58,議決結果表 第55号議案,第55号議案 新宿区幼稚園教育職員の勤務時間、休日、休暇等に関する条例の一部を改正する条例 原案可決,supported,6e98fd31d2a820217858a8f56bb43a3e5942e24309f7368205c056f84828de68
shinjuku-2026-r2-gian-55,normal,content,B55-N-09,時差通勤制度そのものの中身はこの条例改正に含まれていない（改め文は削除のみ）,https://www.city.shinjuku.lg.jp/content/000457654.pdf,fa89b50fc251e1889d236958017f1e13be5a6ddd19dfa877ff9bafb0ab1ce2d5,改め文全体,第11条第1項及び第2項中「、第11条の5第1項」を削る。 第11条の5を削る。,supported,6e98fd31d2a820217858a8f56bb43a3e5942e24309f7368205c056f84828de68
shinjuku-2026-r2-gian-55,normal,content,B55-N-10,区の職員一般についても同じ趣旨の改正が第46号議案として提出されている,https://www.city.shinjuku.lg.jp/content/000456353.pdf,e1be5ac0c08d22dc59916c81fd24bd972ef44b601f8cd65ba76fc5d1f9d35c92,第46号議案 概要,職員の希望に基づき勤務時間を割り振る時差通勤制度を導入するため、育児、介護等の事情がある職員に限り利用を認めている早出遅出勤務制度を廃止する。,supported,6e98fd31d2a820217858a8f56bb43a3e5942e24309f7368205c056f84828de68
shinjuku-2026-r2-gian-55,normal,title,B55-NT-01,見出し: 幼稚園教育職員の早出遅出勤務を廃止し時差通勤制度へ移行する,https://www.city.shinjuku.lg.jp/content/000457654.pdf,fa89b50fc251e1889d236958017f1e13be5a6ddd19dfa877ff9bafb0ab1ce2d5,提案理由,時差通勤制度を導入するため、早出遅出勤務を廃止する,supported,6e98fd31d2a820217858a8f56bb43a3e5942e24309f7368205c056f84828de68
shinjuku-2026-r2-gian-55,normal,summary,B55-NS-01,要約: 区立幼稚園の教育職員について早出遅出勤務の制度を廃止する,https://www.city.shinjuku.lg.jp/content/000457654.pdf,fa89b50fc251e1889d236958017f1e13be5a6ddd19dfa877ff9bafb0ab1ce2d5,改め文,第11条の5を削る。,supported,6e98fd31d2a820217858a8f56bb43a3e5942e24309f7368205c056f84828de68
shinjuku-2026-r2-gian-55,normal,summary,B55-NS-02,要約: 概要資料は多様な働き方へのニーズの高まり等を踏まえた廃止だと説明している,https://www.city.shinjuku.lg.jp/content/000456353.pdf,e1be5ac0c08d22dc59916c81fd24bd972ef44b601f8cd65ba76fc5d1f9d35c92,第55号議案 概要,多様な働き方へのニーズの高まり等を踏まえ、幼稚園教育職員の希望に基づき勤務時間を割り振る時差通勤制度を導入するため、育児、介護等の事情がある幼稚園教育職員に限り利用を認めている早出遅出勤務制度を廃止する。,supported,6e98fd31d2a820217858a8f56bb43a3e5942e24309f7368205c056f84828de68
shinjuku-2026-r2-gian-55,normal,summary,B55-NS-03,要約: 施行日は令和8年10月1日である,https://www.city.shinjuku.lg.jp/content/000457654.pdf,fa89b50fc251e1889d236958017f1e13be5a6ddd19dfa877ff9bafb0ab1ce2d5,附則,この条例は、令和8年10月1日から施行する。,supported,6e98fd31d2a820217858a8f56bb43a3e5942e24309f7368205c056f84828de68
shinjuku-2026-r2-gian-55,hard,content,B55-H-01,提出日は令和8年6月10日である,https://www.city.shinjuku.lg.jp/content/000457654.pdf,fa89b50fc251e1889d236958017f1e13be5a6ddd19dfa877ff9bafb0ab1ce2d5,議案本文末尾,令和８年６月１０日 提出者 新宿区長 吉住 健一,supported,f2b04b5f432622ca9161a2eaf2393b12aee17b7e5d3c24396431b21d3a351dea
shinjuku-2026-r2-gian-55,hard,content,B55-H-02,提出者は新宿区長 吉住健一である,https://www.city.shinjuku.lg.jp/content/000457654.pdf,fa89b50fc251e1889d236958017f1e13be5a6ddd19dfa877ff9bafb0ab1ce2d5,議案本文末尾,提出者 新宿区長 吉住 健一,supported,f2b04b5f432622ca9161a2eaf2393b12aee17b7e5d3c24396431b21d3a351dea
shinjuku-2026-r2-gian-55,hard,content,B55-H-03,対象条例は平成12年新宿区条例第58号である,https://www.city.shinjuku.lg.jp/content/000457654.pdf,fa89b50fc251e1889d236958017f1e13be5a6ddd19dfa877ff9bafb0ab1ce2d5,改め文,新宿区幼稚園教育職員の勤務時間、休日、休暇等に関する条例（平成12年新宿区条例第58号）,supported,f2b04b5f432622ca9161a2eaf2393b12aee17b7e5d3c24396431b21d3a351dea
shinjuku-2026-r2-gian-55,hard,content,B55-H-04,提案理由は時差通勤制度の導入のため早出遅出勤務を廃止する必要があるためである,https://www.city.shinjuku.lg.jp/content/000457654.pdf,fa89b50fc251e1889d236958017f1e13be5a6ddd19dfa877ff9bafb0ab1ce2d5,提案理由,幼稚園教育職員の希望に基づき勤務時間を割り振る時差通勤制度を導入するため、早出遅出勤務を廃止する必要があるため,supported,f2b04b5f432622ca9161a2eaf2393b12aee17b7e5d3c24396431b21d3a351dea
shinjuku-2026-r2-gian-55,hard,content,B55-H-05,改め文は第11条第1項及び第2項中「、第11条の5第1項」を削るものである,https://www.city.shinjuku.lg.jp/content/000457654.pdf,fa89b50fc251e1889d236958017f1e13be5a6ddd19dfa877ff9bafb0ab1ce2d5,改め文,第11条第1項及び第2項中「、第11条の5第1項」を削る。,supported,f2b04b5f432622ca9161a2eaf2393b12aee17b7e5d3c24396431b21d3a351dea
shinjuku-2026-r2-gian-55,hard,content,B55-H-06,改め文は第11条の5を削るものである,https://www.city.shinjuku.lg.jp/content/000457654.pdf,fa89b50fc251e1889d236958017f1e13be5a6ddd19dfa877ff9bafb0ab1ce2d5,改め文,第11条の5を削る。,supported,f2b04b5f432622ca9161a2eaf2393b12aee17b7e5d3c24396431b21d3a351dea
shinjuku-2026-r2-gian-55,hard,content,B55-H-07,改め文は上記2点のみである,https://www.city.shinjuku.lg.jp/content/000457654.pdf,fa89b50fc251e1889d236958017f1e13be5a6ddd19dfa877ff9bafb0ab1ce2d5,改め文全体,第11条第1項及び第2項中「、第11条の5第1項」を削る。 第11条の5を削る。 附 則,supported,f2b04b5f432622ca9161a2eaf2393b12aee17b7e5d3c24396431b21d3a351dea
shinjuku-2026-r2-gian-55,hard,content,B55-H-08,附則は令和8年10月1日から施行する旨のみを定め経過措置は置かれていない,https://www.city.shinjuku.lg.jp/content/000457654.pdf,fa89b50fc251e1889d236958017f1e13be5a6ddd19dfa877ff9bafb0ab1ce2d5,附則,この条例は、令和8年10月1日から施行する。,supported,f2b04b5f432622ca9161a2eaf2393b12aee17b7e5d3c24396431b21d3a351dea
shinjuku-2026-r2-gian-55,hard,content,B55-H-09,概要資料の施行日も令和8年10月1日である,https://www.city.shinjuku.lg.jp/content/000456353.pdf,e1be5ac0c08d22dc59916c81fd24bd972ef44b601f8cd65ba76fc5d1f9d35c92,第55号議案 施行日,令和 8 年 10 月 1 日,supported,f2b04b5f432622ca9161a2eaf2393b12aee17b7e5d3c24396431b21d3a351dea
shinjuku-2026-r2-gian-55,hard,content,B55-H-10,本条例改正に時差通勤制度の根拠規定は含まれていない,https://www.city.shinjuku.lg.jp/content/000457654.pdf,fa89b50fc251e1889d236958017f1e13be5a6ddd19dfa877ff9bafb0ab1ce2d5,改め文全体,第11条第1項及び第2項中「、第11条の5第1項」を削る。 第11条の5を削る。,supported,f2b04b5f432622ca9161a2eaf2393b12aee17b7e5d3c24396431b21d3a351dea
shinjuku-2026-r2-gian-55,hard,content,B55-H-11,第46号議案が改正するのは第9条の2および第9条の6である,https://www.city.shinjuku.lg.jp/content/000457645.pdf,0ce7168bad3705fb21f93ea78a71d75a1ae37584e219a05cb7ce73da80efd62b,改め文,第9条の2第1項及び第2項中「、第9条の6第1項」を削る。 第9条の6を削る。,supported,f2b04b5f432622ca9161a2eaf2393b12aee17b7e5d3c24396431b21d3a351dea
shinjuku-2026-r2-gian-55,hard,content,B55-H-12,第46号議案の施行日も令和8年10月1日である,https://www.city.shinjuku.lg.jp/content/000457645.pdf,0ce7168bad3705fb21f93ea78a71d75a1ae37584e219a05cb7ce73da80efd62b,附則,この条例は、令和8年10月1日から施行する。,supported,f2b04b5f432622ca9161a2eaf2393b12aee17b7e5d3c24396431b21d3a351dea
shinjuku-2026-r2-gian-55,hard,content,B55-H-13,令和8年第2回定例会において原案可決された,https://www.city.shinjuku.lg.jp/kusei/soumu01_002090_00016.html,72349f6e321e79ccc3076036e07386763398510bfb6bb2154b4cd3d6a2d85d58,議決結果表 第55号議案,第55号議案 新宿区幼稚園教育職員の勤務時間、休日、休暇等に関する条例の一部を改正する条例 原案可決,supported,f2b04b5f432622ca9161a2eaf2393b12aee17b7e5d3c24396431b21d3a351dea
shinjuku-2026-r2-gian-55,hard,content,B55-H-14,確定条文・第11条の5の従前の規定内容・時差通勤制度の詳細は一次資料から確認できない,https://www.city.shinjuku.lg.jp/content/000457654.pdf,fa89b50fc251e1889d236958017f1e13be5a6ddd19dfa877ff9bafb0ab1ce2d5,出典に記載がない事項,（本件は解説本文が「一次資料からは確認できない」と明示している箇所であり、事実主張ではない）,needs_source,f2b04b5f432622ca9161a2eaf2393b12aee17b7e5d3c24396431b21d3a351dea
shinjuku-2026-r2-gian-55,hard,title,B55-HT-01,見出し: 対象は新宿区幼稚園教育職員の勤務時間、休日、休暇等に関する条例の一部改正である,https://www.city.shinjuku.lg.jp/content/000457654.pdf,fa89b50fc251e1889d236958017f1e13be5a6ddd19dfa877ff9bafb0ab1ce2d5,改め文,新宿区幼稚園教育職員の勤務時間、休日、休暇等に関する条例,supported,f2b04b5f432622ca9161a2eaf2393b12aee17b7e5d3c24396431b21d3a351dea
shinjuku-2026-r2-gian-55,hard,summary,B55-HS-01,要約: 対象条例は平成12年新宿区条例第58号である,https://www.city.shinjuku.lg.jp/content/000457654.pdf,fa89b50fc251e1889d236958017f1e13be5a6ddd19dfa877ff9bafb0ab1ce2d5,改め文,（平 成 12 年 新 宿 区 条 例 第 5 8 号 ）,supported,f2b04b5f432622ca9161a2eaf2393b12aee17b7e5d3c24396431b21d3a351dea
shinjuku-2026-r2-gian-55,hard,summary,B55-HS-02,要約: 第11条第1項及び第2項中「、第11条の5第1項」を削り、第11条の5を削る,https://www.city.shinjuku.lg.jp/content/000457654.pdf,fa89b50fc251e1889d236958017f1e13be5a6ddd19dfa877ff9bafb0ab1ce2d5,改め文,第11条第1項及び第2項中「、第11条の5第1項」を削る。 第11条の5を削る。,supported,f2b04b5f432622ca9161a2eaf2393b12aee17b7e5d3c24396431b21d3a351dea
shinjuku-2026-r2-gian-55,hard,summary,B55-HS-03,要約: 施行日は令和8年10月1日である,https://www.city.shinjuku.lg.jp/content/000457654.pdf,fa89b50fc251e1889d236958017f1e13be5a6ddd19dfa877ff9bafb0ab1ce2d5,附則,この条例は、令和8年10月1日から施行する。,supported,f2b04b5f432622ca9161a2eaf2393b12aee17b7e5d3c24396431b21d3a351dea
shinjuku-2026-r2-gian-56,normal,content,B56-N-01,対象は区立の小学校・中学校・特別支援学校の非常勤の学校医、学校歯科医、学校薬剤師である,https://www.city.shinjuku.lg.jp/content/000457655.pdf,0ccf7e1aae1e7fa1acb4652105849dfa7d940c25276f988fbe1236fc0612c13f,改め文,新宿区立の小学校、中学校及び特別支援学校の非常勤の学校医、学校歯科医及び学校薬剤師の公務災害補償に関する条例（平成14年新宿区条例第24号）,supported,67eb7302218ca08840fe35f00deddbad05148c800f1c44e7b530f1e9611655f2
shinjuku-2026-r2-gian-56,normal,content,B56-N-02,概要資料は都立学校の関係条例の改正に合わせた改定だと説明している,https://www.city.shinjuku.lg.jp/content/000456353.pdf,e1be5ac0c08d22dc59916c81fd24bd972ef44b601f8cd65ba76fc5d1f9d35c92,第56号議案 概要,区立学校医等の公務災害補償額の算定基礎としている都立学校の学校医、学校歯科医及び学校薬剤師の公務災害補償に関する条例の改正に合わせ、次のとおり補償基礎額を改定する。,supported,67eb7302218ca08840fe35f00deddbad05148c800f1c44e7b530f1e9611655f2
shinjuku-2026-r2-gian-56,normal,content,B56-N-03,提案理由は補償基礎額を改定する必要があるためである,https://www.city.shinjuku.lg.jp/content/000457655.pdf,0ccf7e1aae1e7fa1acb4652105849dfa7d940c25276f988fbe1236fc0612c13f,提案理由,補償基礎額を改定する必要があるため,supported,67eb7302218ca08840fe35f00deddbad05148c800f1c44e7b530f1e9611655f2
shinjuku-2026-r2-gian-56,normal,content,B56-N-04,"経験年数10年以上15年未満は14,175円から14,397円になる",https://www.city.shinjuku.lg.jp/content/000456353.pdf,e1be5ac0c08d22dc59916c81fd24bd972ef44b601f8cd65ba76fc5d1f9d35c92,第56号議案 補償基礎額表,"10 年以上 15 年未満 14,175 円 14,397 円",supported,67eb7302218ca08840fe35f00deddbad05148c800f1c44e7b530f1e9611655f2
shinjuku-2026-r2-gian-56,normal,content,B56-N-05,"経験年数15年以上20年未満は14,175円から15,198円になる",https://www.city.shinjuku.lg.jp/content/000456353.pdf,e1be5ac0c08d22dc59916c81fd24bd972ef44b601f8cd65ba76fc5d1f9d35c92,第56号議案 補償基礎額表,"15 年以上 20 年未満 14,175 円 15,198 円",supported,67eb7302218ca08840fe35f00deddbad05148c800f1c44e7b530f1e9611655f2
shinjuku-2026-r2-gian-56,normal,content,B56-N-06,"経験年数20年以上25年未満は16,467円から17,259円になる",https://www.city.shinjuku.lg.jp/content/000456353.pdf,e1be5ac0c08d22dc59916c81fd24bd972ef44b601f8cd65ba76fc5d1f9d35c92,第56号議案 補償基礎額表,"20 年以上 25 年未満 16,467 円 17,259 円",supported,67eb7302218ca08840fe35f00deddbad05148c800f1c44e7b530f1e9611655f2
shinjuku-2026-r2-gian-56,normal,content,B56-N-07,"経験年数25年以上は17,496円から17,937円になる",https://www.city.shinjuku.lg.jp/content/000456353.pdf,e1be5ac0c08d22dc59916c81fd24bd972ef44b601f8cd65ba76fc5d1f9d35c92,第56号議案 補償基礎額表,"25 年以上 17,496 円 17,937 円",supported,67eb7302218ca08840fe35f00deddbad05148c800f1c44e7b530f1e9611655f2
shinjuku-2026-r2-gian-56,normal,content,B56-N-08,"現行では10年以上15年未満と15年以上20年未満が同じ14,175円である",https://www.city.shinjuku.lg.jp/content/000456353.pdf,e1be5ac0c08d22dc59916c81fd24bd972ef44b601f8cd65ba76fc5d1f9d35c92,第56号議案 補償基礎額表,"10 年以上 15 年未満 14,175 円 … 15 年以上 20 年未満 14,175 円",supported,67eb7302218ca08840fe35f00deddbad05148c800f1c44e7b530f1e9611655f2
shinjuku-2026-r2-gian-56,normal,content,B56-N-09,施行日は令和8年7月1日である,https://www.city.shinjuku.lg.jp/content/000457655.pdf,0ccf7e1aae1e7fa1acb4652105849dfa7d940c25276f988fbe1236fc0612c13f,附則第1項,この条例は、令和8年7月1日から施行する。,supported,67eb7302218ca08840fe35f00deddbad05148c800f1c44e7b530f1e9611655f2
shinjuku-2026-r2-gian-56,normal,content,B56-N-10,適用日は令和8年6月1日である,https://www.city.shinjuku.lg.jp/content/000457655.pdf,0ccf7e1aae1e7fa1acb4652105849dfa7d940c25276f988fbe1236fc0612c13f,附則第2項,令和8年6月1日（以下「適用日」という。）,supported,67eb7302218ca08840fe35f00deddbad05148c800f1c44e7b530f1e9611655f2
shinjuku-2026-r2-gian-56,normal,content,B56-N-11,適用日から施行日の前日までの間に従前の額で支払われた金額は改正後の規定に基づく補償の内払とみなされる,https://www.city.shinjuku.lg.jp/content/000457655.pdf,0ccf7e1aae1e7fa1acb4652105849dfa7d940c25276f988fbe1236fc0612c13f,附則第3項,それぞれこれらに相当する改正後の条例の規定に基づく補償の内払とみなす。,supported,67eb7302218ca08840fe35f00deddbad05148c800f1c44e7b530f1e9611655f2
shinjuku-2026-r2-gian-56,normal,content,B56-N-12,令和8年第2回定例会で原案可決された,https://www.city.shinjuku.lg.jp/kusei/soumu01_002090_00016.html,72349f6e321e79ccc3076036e07386763398510bfb6bb2154b4cd3d6a2d85d58,議決結果表 第56号議案,第56号議案 新宿区立の小学校、中学校及び特別支援学校の非常勤の学校医、学校歯科医及び学校薬剤師の公務災害補償に関する条例の一部を改正する条例 原案可決,supported,67eb7302218ca08840fe35f00deddbad05148c800f1c44e7b530f1e9611655f2
shinjuku-2026-r2-gian-56,normal,content,B56-N-13,概要資料の表の表題は「学校医及び学校歯科医の補償基礎額」であり学校薬剤師の額は示されていない,https://www.city.shinjuku.lg.jp/content/000456353.pdf,e1be5ac0c08d22dc59916c81fd24bd972ef44b601f8cd65ba76fc5d1f9d35c92,第56号議案 補償基礎額表 表題,学校医及び学校歯科医の補償基礎額,supported,67eb7302218ca08840fe35f00deddbad05148c800f1c44e7b530f1e9611655f2
shinjuku-2026-r2-gian-56,normal,title,B56-NT-01,見出し: 区立学校の学校医などの公務災害補償額を引き上げる,https://www.city.shinjuku.lg.jp/content/000456353.pdf,e1be5ac0c08d22dc59916c81fd24bd972ef44b601f8cd65ba76fc5d1f9d35c92,第56号議案 概要,次のとおり補償基礎額を改定する。,supported,67eb7302218ca08840fe35f00deddbad05148c800f1c44e7b530f1e9611655f2
shinjuku-2026-r2-gian-56,normal,summary,B56-NS-01,要約: 対象は区立の小学校・中学校・特別支援学校の非常勤の学校医、学校歯科医、学校薬剤師である,https://www.city.shinjuku.lg.jp/content/000457655.pdf,0ccf7e1aae1e7fa1acb4652105849dfa7d940c25276f988fbe1236fc0612c13f,改め文,新宿区立の小学校、中学校及び特別支援学校の非常勤の学校医、学校歯科医及び学校薬剤師の公務災害補償に関する条例,supported,67eb7302218ca08840fe35f00deddbad05148c800f1c44e7b530f1e9611655f2
shinjuku-2026-r2-gian-56,normal,summary,B56-NS-02,"要約: 概要資料は経験年数の区分ごとに14,175円から14,397円などへの改定を示している",https://www.city.shinjuku.lg.jp/content/000456353.pdf,e1be5ac0c08d22dc59916c81fd24bd972ef44b601f8cd65ba76fc5d1f9d35c92,第56号議案 補償基礎額表,"10 年以上 15 年未満 14,175 円 14,397 円",supported,67eb7302218ca08840fe35f00deddbad05148c800f1c44e7b530f1e9611655f2
shinjuku-2026-r2-gian-56,normal,summary,B56-NS-03,要約: 施行は令和8年7月1日、適用は令和8年6月1日からである,https://www.city.shinjuku.lg.jp/content/000457655.pdf,0ccf7e1aae1e7fa1acb4652105849dfa7d940c25276f988fbe1236fc0612c13f,附則第1項・第2項,この条例は、令和8年7月1日から施行する。…令和8年6月1日（以下「適用日」という。）,supported,67eb7302218ca08840fe35f00deddbad05148c800f1c44e7b530f1e9611655f2
shinjuku-2026-r2-gian-56,hard,content,B56-H-01,提出日は令和8年6月10日である,https://www.city.shinjuku.lg.jp/content/000457655.pdf,0ccf7e1aae1e7fa1acb4652105849dfa7d940c25276f988fbe1236fc0612c13f,議案本文末尾,令和８年６月１０日 提出者 新宿区長 吉住 健一,supported,e0788f06ff6b88aadc14ddf2b4d6e131c99b784c3d692b738f974a66a966fe37
shinjuku-2026-r2-gian-56,hard,content,B56-H-02,提出者は新宿区長 吉住健一である,https://www.city.shinjuku.lg.jp/content/000457655.pdf,0ccf7e1aae1e7fa1acb4652105849dfa7d940c25276f988fbe1236fc0612c13f,議案本文末尾,提出者 新宿区長 吉住 健一,supported,e0788f06ff6b88aadc14ddf2b4d6e131c99b784c3d692b738f974a66a966fe37
shinjuku-2026-r2-gian-56,hard,content,B56-H-03,対象条例は平成14年新宿区条例第24号である,https://www.city.shinjuku.lg.jp/content/000457655.pdf,0ccf7e1aae1e7fa1acb4652105849dfa7d940c25276f988fbe1236fc0612c13f,改め文,（平成 14 年 新宿区条例第 24 号）の一部を次のように改正する。,supported,e0788f06ff6b88aadc14ddf2b4d6e131c99b784c3d692b738f974a66a966fe37
shinjuku-2026-r2-gian-56,hard,content,B56-H-04,提案理由は補償基礎額を改定する必要があるためである,https://www.city.shinjuku.lg.jp/content/000457655.pdf,0ccf7e1aae1e7fa1acb4652105849dfa7d940c25276f988fbe1236fc0612c13f,提案理由,補償基礎額を改定する必要があるため,supported,e0788f06ff6b88aadc14ddf2b4d6e131c99b784c3d692b738f974a66a966fe37
shinjuku-2026-r2-gian-56,hard,content,B56-H-05,改め文は別表中の金額の改正のみである,https://www.city.shinjuku.lg.jp/content/000457655.pdf,0ccf7e1aae1e7fa1acb4652105849dfa7d940c25276f988fbe1236fc0612c13f,改め文,"別表中…「16,467円」を…「17,259円」に、「17,496円」を「17,937円」に改める。",supported,e0788f06ff6b88aadc14ddf2b4d6e131c99b784c3d692b738f974a66a966fe37
shinjuku-2026-r2-gian-56,hard,content,B56-H-06,"16,467円を17,259円に改める",https://www.city.shinjuku.lg.jp/content/000457655.pdf,0ccf7e1aae1e7fa1acb4652105849dfa7d940c25276f988fbe1236fc0612c13f,改め文,"「16,46 7 円」を 「 17 , 2 5 9 円 」に",supported,e0788f06ff6b88aadc14ddf2b4d6e131c99b784c3d692b738f974a66a966fe37
shinjuku-2026-r2-gian-56,hard,content,B56-H-07,"17,496円を17,937円に改める",https://www.city.shinjuku.lg.jp/content/000457655.pdf,0ccf7e1aae1e7fa1acb4652105849dfa7d940c25276f988fbe1236fc0612c13f,改め文,"「 1 7 , 4 9 6 円 」を「 1 7 , 9 3 7 円 」に改める。",supported,e0788f06ff6b88aadc14ddf2b4d6e131c99b784c3d692b738f974a66a966fe37
shinjuku-2026-r2-gian-56,hard,content,B56-H-08,"別表中の2つの14,175円がそれぞれ14,397円と15,198円に改められる",https://www.city.shinjuku.lg.jp/content/000457655.pdf,0ccf7e1aae1e7fa1acb4652105849dfa7d940c25276f988fbe1236fc0612c13f,改め文 別表,"14,175 円 14,397 円 14,175 円 15,198 円",supported,e0788f06ff6b88aadc14ddf2b4d6e131c99b784c3d692b738f974a66a966fe37
shinjuku-2026-r2-gian-56,hard,content,B56-H-09,概要資料の表により改め文の4つの金額改正が経験年数の各区分に対応することが確認できる,https://www.city.shinjuku.lg.jp/content/000456353.pdf,e1be5ac0c08d22dc59916c81fd24bd972ef44b601f8cd65ba76fc5d1f9d35c92,第56号議案 補償基礎額表,"経験年数 現行 改定後 10 年以上 15 年未満 14,175 円 14,397 円",supported,e0788f06ff6b88aadc14ddf2b4d6e131c99b784c3d692b738f974a66a966fe37
shinjuku-2026-r2-gian-56,hard,content,B56-H-10,概要資料の表の表題は学校医及び学校歯科医の補償基礎額である,https://www.city.shinjuku.lg.jp/content/000456353.pdf,e1be5ac0c08d22dc59916c81fd24bd972ef44b601f8cd65ba76fc5d1f9d35c92,第56号議案 補償基礎額表 表題,学校医及び学校歯科医の補償基礎額,supported,e0788f06ff6b88aadc14ddf2b4d6e131c99b784c3d692b738f974a66a966fe37
shinjuku-2026-r2-gian-56,hard,content,B56-H-11,学校薬剤師に係る補償基礎額は概要資料に示されていない,https://www.city.shinjuku.lg.jp/content/000456353.pdf,e1be5ac0c08d22dc59916c81fd24bd972ef44b601f8cd65ba76fc5d1f9d35c92,第56号議案 補償基礎額表,学校医及び学校歯科医の補償基礎額 経験年数 現行 改定後,supported,e0788f06ff6b88aadc14ddf2b4d6e131c99b784c3d692b738f974a66a966fe37
shinjuku-2026-r2-gian-56,hard,content,B56-H-12,附則第1項は令和8年7月1日から施行する旨を定める,https://www.city.shinjuku.lg.jp/content/000457655.pdf,0ccf7e1aae1e7fa1acb4652105849dfa7d940c25276f988fbe1236fc0612c13f,附則第1項,この条例は、令和8年7月1日から施行する。,supported,e0788f06ff6b88aadc14ddf2b4d6e131c99b784c3d692b738f974a66a966fe37
shinjuku-2026-r2-gian-56,hard,content,B56-H-13,附則第2項は適用日以後に支給すべき事由が生じた補償等の補償基礎額について適用する旨を定める,https://www.city.shinjuku.lg.jp/content/000457655.pdf,0ccf7e1aae1e7fa1acb4652105849dfa7d940c25276f988fbe1236fc0612c13f,附則第2項,令和8年6月1日（以下「適用日」という。）以後に支給すべき事由が生じた補償並びに適用日前に支給すべき事由が生じた傷病補償年金、障害補償年金及び遺族補償年金,supported,e0788f06ff6b88aadc14ddf2b4d6e131c99b784c3d692b738f974a66a966fe37
shinjuku-2026-r2-gian-56,hard,content,B56-H-14,附則第2項はその他の補償の補償基礎額についてはなお従前の例による旨を定める,https://www.city.shinjuku.lg.jp/content/000457655.pdf,0ccf7e1aae1e7fa1acb4652105849dfa7d940c25276f988fbe1236fc0612c13f,附則第2項,その他の補償の補償基礎額については、なお従前の例による。,supported,e0788f06ff6b88aadc14ddf2b4d6e131c99b784c3d692b738f974a66a966fe37
shinjuku-2026-r2-gian-56,hard,content,B56-H-15,附則第3項は休業補償・障害補償一時金・遺族補償一時金及び葬祭補償を内払とみなす対象に含める,https://www.city.shinjuku.lg.jp/content/000457655.pdf,0ccf7e1aae1e7fa1acb4652105849dfa7d940c25276f988fbe1236fc0612c13f,附則第3項,休業補償、障害補償一時金、遺族補償一時金及び葬祭補償（適用日から施行日の前日までの間に支給すべき事由が生じたものに限る。）,supported,e0788f06ff6b88aadc14ddf2b4d6e131c99b784c3d692b738f974a66a966fe37
shinjuku-2026-r2-gian-56,hard,content,B56-H-16,概要資料が示す施行日は令和8年7月1日である,https://www.city.shinjuku.lg.jp/content/000456353.pdf,e1be5ac0c08d22dc59916c81fd24bd972ef44b601f8cd65ba76fc5d1f9d35c92,第56号議案 施行日,令和 8 年 7 月 1 日,supported,e0788f06ff6b88aadc14ddf2b4d6e131c99b784c3d692b738f974a66a966fe37
shinjuku-2026-r2-gian-56,hard,content,B56-H-17,第48号議案の根拠は非常勤消防団員等に係る損害補償の基準を定める政令の改正である,https://www.city.shinjuku.lg.jp/content/000457647.pdf,617833890ad1f5cdfb12c73ab8362ab268437d731729681223d1383f9bcd88f2,提案理由,非常勤消防団員等に係る損害補償の基準を定める政令の一部を改正する政令（令和8年政令第10号）の施行等に伴い,supported,e0788f06ff6b88aadc14ddf2b4d6e131c99b784c3d692b738f974a66a966fe37
shinjuku-2026-r2-gian-56,hard,content,B56-H-18,第48号議案の施行日も令和8年7月1日である,https://www.city.shinjuku.lg.jp/content/000457647.pdf,617833890ad1f5cdfb12c73ab8362ab268437d731729681223d1383f9bcd88f2,附則第1項,この条例は、令和8年7月1日から施行する。,supported,e0788f06ff6b88aadc14ddf2b4d6e131c99b784c3d692b738f974a66a966fe37
shinjuku-2026-r2-gian-56,hard,content,B56-H-19,令和8年第2回定例会において原案可決された,https://www.city.shinjuku.lg.jp/kusei/soumu01_002090_00016.html,72349f6e321e79ccc3076036e07386763398510bfb6bb2154b4cd3d6a2d85d58,議決結果表 第56号議案,第56号議案 新宿区立の小学校、中学校及び特別支援学校の非常勤の学校医、学校歯科医及び学校薬剤師の公務災害補償に関する条例の一部を改正する条例 原案可決,supported,e0788f06ff6b88aadc14ddf2b4d6e131c99b784c3d692b738f974a66a966fe37
shinjuku-2026-r2-gian-56,hard,content,B56-H-20,確定条文・学校薬剤師の額・10年未満の区分・都条例の改正内容は一次資料から確認できない,https://www.city.shinjuku.lg.jp/content/000457655.pdf,0ccf7e1aae1e7fa1acb4652105849dfa7d940c25276f988fbe1236fc0612c13f,出典に記載がない事項,（本件は解説本文が「一次資料からは確認できない」と明示している箇所であり、事実主張ではない）,needs_source,e0788f06ff6b88aadc14ddf2b4d6e131c99b784c3d692b738f974a66a966fe37
shinjuku-2026-r2-gian-56,hard,title,B56-HT-01,見出し: 正式件名は新宿区立の小学校、中学校及び特別支援学校の非常勤の学校医、学校歯科医及び学校薬剤師の公務災害補償に関する条例の一部を改正する条例である,https://www.city.shinjuku.lg.jp/kusei/soumu01_002090_00016.html,72349f6e321e79ccc3076036e07386763398510bfb6bb2154b4cd3d6a2d85d58,議決結果表 第56号議案,第56号議案 新宿区立の小学校、中学校及び特別支援学校の非常勤の学校医、学校歯科医及び学校薬剤師の公務災害補償に関する条例の一部を改正する条例,supported,e0788f06ff6b88aadc14ddf2b4d6e131c99b784c3d692b738f974a66a966fe37
shinjuku-2026-r2-gian-56,hard,summary,B56-HS-01,要約: 対象条例は平成14年新宿区条例第24号である,https://www.city.shinjuku.lg.jp/content/000457655.pdf,0ccf7e1aae1e7fa1acb4652105849dfa7d940c25276f988fbe1236fc0612c13f,改め文,（平成 14 年 新宿区条例第 24 号）,supported,e0788f06ff6b88aadc14ddf2b4d6e131c99b784c3d692b738f974a66a966fe37
shinjuku-2026-r2-gian-56,hard,summary,B56-HS-02,"要約: 別表中14,175円を14,397円および15,198円に改める",https://www.city.shinjuku.lg.jp/content/000457655.pdf,0ccf7e1aae1e7fa1acb4652105849dfa7d940c25276f988fbe1236fc0612c13f,改め文 別表,"14,175 円 14,397 円…14,175 円 15,198 円",supported,e0788f06ff6b88aadc14ddf2b4d6e131c99b784c3d692b738f974a66a966fe37
shinjuku-2026-r2-gian-56,hard,summary,B56-HS-03,"要約: 16,467円を17,259円に、17,496円を17,937円に改める",https://www.city.shinjuku.lg.jp/content/000457655.pdf,0ccf7e1aae1e7fa1acb4652105849dfa7d940c25276f988fbe1236fc0612c13f,改め文,"「16,46 7 円」を…「 1 7 , 4 9 6 円 」を「 1 7 , 9 3 7 円 」に改める。",supported,e0788f06ff6b88aadc14ddf2b4d6e131c99b784c3d692b738f974a66a966fe37
shinjuku-2026-r2-gian-56,hard,summary,B56-HS-04,要約: 都立学校の関係条例の改正に合わせた改定である,https://www.city.shinjuku.lg.jp/content/000456353.pdf,e1be5ac0c08d22dc59916c81fd24bd972ef44b601f8cd65ba76fc5d1f9d35c92,第56号議案 概要,区立学校医等の公務災害補償額の算定基礎としている都立学校の学校医、学校歯科医及び学校薬剤師の公務災害補償に関する条例の改正に合わせ,supported,e0788f06ff6b88aadc14ddf2b4d6e131c99b784c3d692b738f974a66a966fe37
shinjuku-2026-r2-gian-56,hard,summary,B56-HS-05,要約: 施行日は令和8年7月1日、適用日は令和8年6月1日である,https://www.city.shinjuku.lg.jp/content/000457655.pdf,0ccf7e1aae1e7fa1acb4652105849dfa7d940c25276f988fbe1236fc0612c13f,附則第1項・第2項,この条例は、令和8年7月1日から施行する。…令和8年6月1日（以下「適用日」という。）,supported,e0788f06ff6b88aadc14ddf2b4d6e131c99b784c3d692b738f974a66a966fe37
shinjuku-2026-r2-gian-57,normal,content,B57-N-01,落合中央公園野球場の人工芝等を改修する工事の請負契約である,https://www.city.shinjuku.lg.jp/content/000457656.pdf,7429c78b3b5d63d279f3ae8f41e883b63c88bd8365d5ca2dad0e91824d476502,議案本文,落合中央公園野球場人工芝等改修工事施行のため、下記のとおり請負契約を締結する。,supported,8aac9ba0b7366b07648fbe24463e9565d84b05d900b7ac1df2300268d952549d
shinjuku-2026-r2-gian-57,normal,content,B57-N-02,工事概要は施設改修工と安全管理工である,https://www.city.shinjuku.lg.jp/content/000456353.pdf,e1be5ac0c08d22dc59916c81fd24bd972ef44b601f8cd65ba76fc5d1f9d35c92,第57号議案 1 工事概要,⑴ 施設改修工 … ⑵ 安全管理工 一式,supported,8aac9ba0b7366b07648fbe24463e9565d84b05d900b7ac1df2300268d952549d
shinjuku-2026-r2-gian-57,normal,content,B57-N-03,施設改修工は準備工・運動施設工・給排水設備工からなる,https://www.city.shinjuku.lg.jp/content/000456353.pdf,e1be5ac0c08d22dc59916c81fd24bd972ef44b601f8cd65ba76fc5d1f9d35c92,第57号議案 1 工事概要,準備工 一式 運動施設工 一式 給排水設備工 一式,supported,8aac9ba0b7366b07648fbe24463e9565d84b05d900b7ac1df2300268d952549d
shinjuku-2026-r2-gian-57,normal,content,B57-N-04,工事場所は東京都新宿区上落合一丁目2番である,https://www.city.shinjuku.lg.jp/content/000456353.pdf,e1be5ac0c08d22dc59916c81fd24bd972ef44b601f8cd65ba76fc5d1f9d35c92,第57号議案 2 工事場所,東京都新宿区上落合一丁目 2 番,supported,8aac9ba0b7366b07648fbe24463e9565d84b05d900b7ac1df2300268d952549d
shinjuku-2026-r2-gian-57,normal,content,B57-N-05,契約の方法は制限付一般競争入札である,https://www.city.shinjuku.lg.jp/content/000457656.pdf,7429c78b3b5d63d279f3ae8f41e883b63c88bd8365d5ca2dad0e91824d476502,議案本文 2 契約の方法,制限付一般競争入札による契約,supported,8aac9ba0b7366b07648fbe24463e9565d84b05d900b7ac1df2300268d952549d
shinjuku-2026-r2-gian-57,normal,content,B57-N-06,"契約金額は2億5,850万円である",https://www.city.shinjuku.lg.jp/content/000457656.pdf,7429c78b3b5d63d279f3ae8f41e883b63c88bd8365d5ca2dad0e91824d476502,議案本文 3 契約金額,"2 億 5, 8 5 0 万 円",supported,8aac9ba0b7366b07648fbe24463e9565d84b05d900b7ac1df2300268d952549d
shinjuku-2026-r2-gian-57,normal,content,B57-N-07,契約の相手方は長永スポーツ工業株式会社である,https://www.city.shinjuku.lg.jp/content/000457656.pdf,7429c78b3b5d63d279f3ae8f41e883b63c88bd8365d5ca2dad0e91824d476502,議案本文 4 契約の相手方,長永ス ポ ー ツ 工 業 株 式 会 社,supported,8aac9ba0b7366b07648fbe24463e9565d84b05d900b7ac1df2300268d952549d
shinjuku-2026-r2-gian-57,normal,content,B57-N-08,相手方の所在地は東京都世田谷区砧一丁目13番4号である,https://www.city.shinjuku.lg.jp/content/000457656.pdf,7429c78b3b5d63d279f3ae8f41e883b63c88bd8365d5ca2dad0e91824d476502,議案本文 4 契約の相手方,東 京 都 世 田 谷 区 砧 一 丁 目 13 番 4 号,supported,8aac9ba0b7366b07648fbe24463e9565d84b05d900b7ac1df2300268d952549d
shinjuku-2026-r2-gian-57,normal,content,B57-N-09,相手方の代表者は代表取締役社長 長谷川信である,https://www.city.shinjuku.lg.jp/content/000457656.pdf,7429c78b3b5d63d279f3ae8f41e883b63c88bd8365d5ca2dad0e91824d476502,議案本文 4 契約の相手方,代表取締 役 社 長 長谷川 信,supported,8aac9ba0b7366b07648fbe24463e9565d84b05d900b7ac1df2300268d952549d
shinjuku-2026-r2-gian-57,normal,content,B57-N-10,"相手方の資本金は8,000万円である",https://www.city.shinjuku.lg.jp/content/000456353.pdf,e1be5ac0c08d22dc59916c81fd24bd972ef44b601f8cd65ba76fc5d1f9d35c92,第57号議案 7 契約の相手方,"資本金 8,000 万円",supported,8aac9ba0b7366b07648fbe24463e9565d84b05d900b7ac1df2300268d952549d
shinjuku-2026-r2-gian-57,normal,content,B57-N-11,仮契約は令和8年5月19日（火）、本契約は議決日の翌日である,https://www.city.shinjuku.lg.jp/content/000456353.pdf,e1be5ac0c08d22dc59916c81fd24bd972ef44b601f8cd65ba76fc5d1f9d35c92,第57号議案 3 契約月日,仮契約 令和 8 年 5 月 19 日（火） 本契約 議決日の翌日,supported,8aac9ba0b7366b07648fbe24463e9565d84b05d900b7ac1df2300268d952549d
shinjuku-2026-r2-gian-57,normal,content,B57-N-12,工期は本契約締結日の翌日から令和9年3月15日までである,https://www.city.shinjuku.lg.jp/content/000456353.pdf,e1be5ac0c08d22dc59916c81fd24bd972ef44b601f8cd65ba76fc5d1f9d35c92,第57号議案 4 工期,本契約締結日の翌日から令和 9 年 3 月 15 日まで,supported,8aac9ba0b7366b07648fbe24463e9565d84b05d900b7ac1df2300268d952549d
shinjuku-2026-r2-gian-57,normal,content,B57-N-13,支出科目等は令和8年度 区一般会計歳出 地域振興費 地域振興施設費 生涯学習スポーツ協働施設費 工事請負費である,https://www.city.shinjuku.lg.jp/content/000457656.pdf,7429c78b3b5d63d279f3ae8f41e883b63c88bd8365d5ca2dad0e91824d476502,議案本文 5 支出科目等,令和 8 年度 区一般 会 計 歳 出 地域振 興 費 地域振 興 施 設 費 生涯学 習 ス ポ ー ツ 協 働 施 設 費 工事請負 費,supported,8aac9ba0b7366b07648fbe24463e9565d84b05d900b7ac1df2300268d952549d
shinjuku-2026-r2-gian-57,normal,content,B57-N-14,令和8年第2回定例会で原案可決された,https://www.city.shinjuku.lg.jp/kusei/soumu01_002090_00016.html,72349f6e321e79ccc3076036e07386763398510bfb6bb2154b4cd3d6a2d85d58,議決結果表 第57号議案,第57号議案 落合中央公園野球場人工芝等改修工事請負契約 原案可決,supported,8aac9ba0b7366b07648fbe24463e9565d84b05d900b7ac1df2300268d952549d
shinjuku-2026-r2-gian-57,normal,content,B57-N-15,人工芝の仕様・改修面積・利用可否・入札参加者数は資料に書かれていない,https://www.city.shinjuku.lg.jp/content/000457656.pdf,7429c78b3b5d63d279f3ae8f41e883b63c88bd8365d5ca2dad0e91824d476502,出典に記載がない事項,（本件は解説本文が「議案の資料には書かれていません」と明示している箇所であり、事実主張ではない）,needs_source,8aac9ba0b7366b07648fbe24463e9565d84b05d900b7ac1df2300268d952549d
shinjuku-2026-r2-gian-57,normal,title,B57-NT-01,見出し: 落合中央公園野球場の人工芝を改修する工事の契約である,https://www.city.shinjuku.lg.jp/content/000457656.pdf,7429c78b3b5d63d279f3ae8f41e883b63c88bd8365d5ca2dad0e91824d476502,議案本文,落合中 央 公 園 野 球 場 人 工 芝 等 改 修 工 事 施 行 の た め 、 下 記 の と お り 請負契 約 を 締 結 す る 。,supported,8aac9ba0b7366b07648fbe24463e9565d84b05d900b7ac1df2300268d952549d
shinjuku-2026-r2-gian-57,normal,summary,B57-NS-01,要約: 工事場所は上落合一丁目である,https://www.city.shinjuku.lg.jp/content/000456353.pdf,e1be5ac0c08d22dc59916c81fd24bd972ef44b601f8cd65ba76fc5d1f9d35c92,第57号議案 2 工事場所,東京都新宿区上落合一丁目 2 番,supported,8aac9ba0b7366b07648fbe24463e9565d84b05d900b7ac1df2300268d952549d
shinjuku-2026-r2-gian-57,normal,summary,B57-NS-02,"要約: 契約金額は2億5,850万円である",https://www.city.shinjuku.lg.jp/content/000457656.pdf,7429c78b3b5d63d279f3ae8f41e883b63c88bd8365d5ca2dad0e91824d476502,議案本文 3 契約金額,"2 億 5, 8 5 0 万 円",supported,8aac9ba0b7366b07648fbe24463e9565d84b05d900b7ac1df2300268d952549d
shinjuku-2026-r2-gian-57,normal,summary,B57-NS-03,要約: 相手方は長永スポーツ工業株式会社、制限付一般競争入札である,https://www.city.shinjuku.lg.jp/content/000457656.pdf,7429c78b3b5d63d279f3ae8f41e883b63c88bd8365d5ca2dad0e91824d476502,議案本文 2・4,制限付 一 般 競 争 入 札 に よ る 契 約…長永ス ポ ー ツ 工 業 株 式 会 社,supported,8aac9ba0b7366b07648fbe24463e9565d84b05d900b7ac1df2300268d952549d
shinjuku-2026-r2-gian-57,normal,summary,B57-NS-04,要約: 工期は本契約締結日の翌日から令和9年3月15日までである,https://www.city.shinjuku.lg.jp/content/000456353.pdf,e1be5ac0c08d22dc59916c81fd24bd972ef44b601f8cd65ba76fc5d1f9d35c92,第57号議案 4 工期,本契約締結日の翌日から令和 9 年 3 月 15 日まで,supported,8aac9ba0b7366b07648fbe24463e9565d84b05d900b7ac1df2300268d952549d
shinjuku-2026-r2-gian-57,hard,content,B57-H-01,提出日は令和8年6月10日である,https://www.city.shinjuku.lg.jp/content/000457656.pdf,7429c78b3b5d63d279f3ae8f41e883b63c88bd8365d5ca2dad0e91824d476502,議案本文末尾,令和８年６月１０日 提出者 新宿区長 吉住 健一,supported,57c39669080e2b559439e40df5fb96e8243058e6bc40d9a645b9e60c15a20703
shinjuku-2026-r2-gian-57,hard,content,B57-H-02,提出者は新宿区長 吉住健一である,https://www.city.shinjuku.lg.jp/content/000457656.pdf,7429c78b3b5d63d279f3ae8f41e883b63c88bd8365d5ca2dad0e91824d476502,議案本文末尾,提出者 新宿区長 吉住 健一,supported,57c39669080e2b559439e40df5fb96e8243058e6bc40d9a645b9e60c15a20703
shinjuku-2026-r2-gian-57,hard,content,B57-H-03,契約の目的は落合中央公園野球場人工芝等改修工事である,https://www.city.shinjuku.lg.jp/content/000457656.pdf,7429c78b3b5d63d279f3ae8f41e883b63c88bd8365d5ca2dad0e91824d476502,議案本文 1 契約の目的,落合中 央 公 園 野 球 場 人 工 芝 等 改 修 工 事,supported,57c39669080e2b559439e40df5fb96e8243058e6bc40d9a645b9e60c15a20703
shinjuku-2026-r2-gian-57,hard,content,B57-H-04,議案本文は請負契約を締結する旨を述べる,https://www.city.shinjuku.lg.jp/content/000457656.pdf,7429c78b3b5d63d279f3ae8f41e883b63c88bd8365d5ca2dad0e91824d476502,議案本文,落合中 央 公 園 野 球 場 人 工 芝 等 改 修 工 事 施 行 の た め 、 下 記 の と お り 請負契 約 を 締 結 す る 。,supported,57c39669080e2b559439e40df5fb96e8243058e6bc40d9a645b9e60c15a20703
shinjuku-2026-r2-gian-57,hard,content,B57-H-05,提案理由は落合中央公園野球場人工芝等改修工事を施行する必要があるためである,https://www.city.shinjuku.lg.jp/content/000457656.pdf,7429c78b3b5d63d279f3ae8f41e883b63c88bd8365d5ca2dad0e91824d476502,提案理由,落合中 央 公 園 野 球 場 人 工 芝 等 改 修 工 事 を 施 行 す る 必 要 が あ る た め,supported,57c39669080e2b559439e40df5fb96e8243058e6bc40d9a645b9e60c15a20703
shinjuku-2026-r2-gian-57,hard,content,B57-H-06,契約の方法は制限付一般競争入札による契約である,https://www.city.shinjuku.lg.jp/content/000457656.pdf,7429c78b3b5d63d279f3ae8f41e883b63c88bd8365d5ca2dad0e91824d476502,議案本文 2 契約の方法,制限付 一 般 競 争 入 札 に よ る 契 約,supported,57c39669080e2b559439e40df5fb96e8243058e6bc40d9a645b9e60c15a20703
shinjuku-2026-r2-gian-57,hard,content,B57-H-07,"契約金額は2億5,850万円である",https://www.city.shinjuku.lg.jp/content/000457656.pdf,7429c78b3b5d63d279f3ae8f41e883b63c88bd8365d5ca2dad0e91824d476502,議案本文 3 契約金額,"2 億 5, 8 5 0 万 円",supported,57c39669080e2b559439e40df5fb96e8243058e6bc40d9a645b9e60c15a20703
shinjuku-2026-r2-gian-57,hard,content,B57-H-08,"概要資料の契約金額も2億5,850万円である",https://www.city.shinjuku.lg.jp/content/000456353.pdf,e1be5ac0c08d22dc59916c81fd24bd972ef44b601f8cd65ba76fc5d1f9d35c92,第57号議案 6 契約金額,"2 億 5,850 万円",supported,57c39669080e2b559439e40df5fb96e8243058e6bc40d9a645b9e60c15a20703
shinjuku-2026-r2-gian-57,hard,content,B57-H-09,工事場所は東京都新宿区上落合一丁目2番である,https://www.city.shinjuku.lg.jp/content/000456353.pdf,e1be5ac0c08d22dc59916c81fd24bd972ef44b601f8cd65ba76fc5d1f9d35c92,第57号議案 2 工事場所,東京都新宿区上落合一丁目 2 番,supported,57c39669080e2b559439e40df5fb96e8243058e6bc40d9a645b9e60c15a20703
shinjuku-2026-r2-gian-57,hard,content,B57-H-10,契約月日は仮契約 令和8年5月19日（火）、本契約 議決日の翌日である,https://www.city.shinjuku.lg.jp/content/000456353.pdf,e1be5ac0c08d22dc59916c81fd24bd972ef44b601f8cd65ba76fc5d1f9d35c92,第57号議案 3 契約月日,仮契約 令和 8 年 5 月 19 日（火） 本契約 議決日の翌日,supported,57c39669080e2b559439e40df5fb96e8243058e6bc40d9a645b9e60c15a20703
shinjuku-2026-r2-gian-57,hard,content,B57-H-11,工期は本契約締結日の翌日から令和9年3月15日までである,https://www.city.shinjuku.lg.jp/content/000456353.pdf,e1be5ac0c08d22dc59916c81fd24bd972ef44b601f8cd65ba76fc5d1f9d35c92,第57号議案 4 工期,本契約締結日の翌日から令和 9 年 3 月 15 日まで,supported,57c39669080e2b559439e40df5fb96e8243058e6bc40d9a645b9e60c15a20703
shinjuku-2026-r2-gian-57,hard,content,B57-H-12,概要資料の契約の方法も制限付一般競争入札である,https://www.city.shinjuku.lg.jp/content/000456353.pdf,e1be5ac0c08d22dc59916c81fd24bd972ef44b601f8cd65ba76fc5d1f9d35c92,第57号議案 5 契約の方法,制限付一般競争入札,supported,57c39669080e2b559439e40df5fb96e8243058e6bc40d9a645b9e60c15a20703
shinjuku-2026-r2-gian-57,hard,content,B57-H-13,工事概要は施設改修工（準備工・運動施設工・給排水設備工）と安全管理工である,https://www.city.shinjuku.lg.jp/content/000456353.pdf,e1be5ac0c08d22dc59916c81fd24bd972ef44b601f8cd65ba76fc5d1f9d35c92,第57号議案 1 工事概要,⑴ 施設改修工 準備工 一式 運動施設工 一式 給排水設備工 一式 ⑵ 安全管理工 一式,supported,57c39669080e2b559439e40df5fb96e8243058e6bc40d9a645b9e60c15a20703
shinjuku-2026-r2-gian-57,hard,content,B57-H-14,支出科目等は令和8年度分のみであり債務負担行為の記載はない,https://www.city.shinjuku.lg.jp/content/000457656.pdf,7429c78b3b5d63d279f3ae8f41e883b63c88bd8365d5ca2dad0e91824d476502,議案本文 5 支出科目等,令和 8 年度 区一般 会 計 歳 出 地域振 興 費 地域振 興 施 設 費 生涯学 習 ス ポ ー ツ 協 働 施 設 費 工事請負 費,supported,57c39669080e2b559439e40df5fb96e8243058e6bc40d9a645b9e60c15a20703
shinjuku-2026-r2-gian-57,hard,content,B57-H-15,第58号議案には令和9年度の債務負担行為の記載がある,https://www.city.shinjuku.lg.jp/content/000456353.pdf,e1be5ac0c08d22dc59916c81fd24bd972ef44b601f8cd65ba76fc5d1f9d35c92,第58号議案 4 履行期間,本契約締結日の翌日から令和 9 年 6 月 30 日まで,supported,57c39669080e2b559439e40df5fb96e8243058e6bc40d9a645b9e60c15a20703
shinjuku-2026-r2-gian-57,hard,content,B57-H-16,令和8年第2回定例会において原案可決された,https://www.city.shinjuku.lg.jp/kusei/soumu01_002090_00016.html,72349f6e321e79ccc3076036e07386763398510bfb6bb2154b4cd3d6a2d85d58,議決結果表 第57号議案,第57号議案 落合中央公園野球場人工芝等改修工事請負契約 原案可決,supported,57c39669080e2b559439e40df5fb96e8243058e6bc40d9a645b9e60c15a20703
shinjuku-2026-r2-gian-57,hard,content,B57-H-17,本契約は議決日の翌日に締結される,https://www.city.shinjuku.lg.jp/content/000456353.pdf,e1be5ac0c08d22dc59916c81fd24bd972ef44b601f8cd65ba76fc5d1f9d35c92,第57号議案 3 契約月日,本契約 議決日の翌日,supported,57c39669080e2b559439e40df5fb96e8243058e6bc40d9a645b9e60c15a20703
shinjuku-2026-r2-gian-57,hard,content,B57-H-18,人工芝の仕様・入札参加者数・予定価格・休止期間等は一次資料から確認できない,https://www.city.shinjuku.lg.jp/content/000457656.pdf,7429c78b3b5d63d279f3ae8f41e883b63c88bd8365d5ca2dad0e91824d476502,出典に記載がない事項,（本件は解説本文が「一次資料からは確認できない」と明示している箇所であり、事実主張ではない）,needs_source,57c39669080e2b559439e40df5fb96e8243058e6bc40d9a645b9e60c15a20703
shinjuku-2026-r2-gian-57,hard,title,B57-HT-01,見出し: 正式件名は落合中央公園野球場人工芝等改修工事請負契約である,https://www.city.shinjuku.lg.jp/kusei/soumu01_002090_00016.html,72349f6e321e79ccc3076036e07386763398510bfb6bb2154b4cd3d6a2d85d58,議決結果表 第57号議案,第57号議案 落合中央公園野球場人工芝等改修工事請負契約,supported,57c39669080e2b559439e40df5fb96e8243058e6bc40d9a645b9e60c15a20703
shinjuku-2026-r2-gian-57,hard,summary,B57-HS-01,要約: 制限付一般競争入札により長永スポーツ工業株式会社と締結する,https://www.city.shinjuku.lg.jp/content/000457656.pdf,7429c78b3b5d63d279f3ae8f41e883b63c88bd8365d5ca2dad0e91824d476502,議案本文 2・4,制限付 一 般 競 争 入 札 に よ る 契 約…長永ス ポ ー ツ 工 業 株 式 会 社,supported,57c39669080e2b559439e40df5fb96e8243058e6bc40d9a645b9e60c15a20703
shinjuku-2026-r2-gian-57,hard,summary,B57-HS-02,"要約: 契約金額は2億5,850万円である",https://www.city.shinjuku.lg.jp/content/000457656.pdf,7429c78b3b5d63d279f3ae8f41e883b63c88bd8365d5ca2dad0e91824d476502,議案本文 3 契約金額,"2 億 5, 8 5 0 万 円",supported,57c39669080e2b559439e40df5fb96e8243058e6bc40d9a645b9e60c15a20703
shinjuku-2026-r2-gian-57,hard,summary,B57-HS-03,要約: 工事場所は東京都新宿区上落合一丁目2番である,https://www.city.shinjuku.lg.jp/content/000456353.pdf,e1be5ac0c08d22dc59916c81fd24bd972ef44b601f8cd65ba76fc5d1f9d35c92,第57号議案 2 工事場所,東京都新宿区上落合一丁目 2 番,supported,57c39669080e2b559439e40df5fb96e8243058e6bc40d9a645b9e60c15a20703
shinjuku-2026-r2-gian-57,hard,summary,B57-HS-04,要約: 工期は本契約締結日の翌日から令和9年3月15日までである,https://www.city.shinjuku.lg.jp/content/000456353.pdf,e1be5ac0c08d22dc59916c81fd24bd972ef44b601f8cd65ba76fc5d1f9d35c92,第57号議案 4 工期,本契約締結日の翌日から令和 9 年 3 月 15 日まで,supported,57c39669080e2b559439e40df5fb96e8243058e6bc40d9a645b9e60c15a20703
shinjuku-2026-r2-gian-57,hard,summary,B57-HS-05,要約: 支出科目は令和8年度区一般会計歳出 地域振興費 地域振興施設費 生涯学習スポーツ協働施設費 工事請負費である,https://www.city.shinjuku.lg.jp/content/000457656.pdf,7429c78b3b5d63d279f3ae8f41e883b63c88bd8365d5ca2dad0e91824d476502,議案本文 5 支出科目等,令和 8 年度 区一般 会 計 歳 出 地域振 興 費 地域振 興 施 設 費 生涯学 習 ス ポ ー ツ 協 働 施 設 費 工事請負 費,supported,57c39669080e2b559439e40df5fb96e8243058e6bc40d9a645b9e60c15a20703
shinjuku-2026-r2-gian-59,normal,content,B59-N-01,買入れの目的は災害時における避難所での避難生活者、在宅避難者及び帰宅困難者用である,https://www.city.shinjuku.lg.jp/content/000457658.pdf,500d109249f330d8df3a966906413ba882c8f66b9738c45a171cdbfe009cc2cc,議案本文 1 買入れの目的,災害時に お け る 避 難 所 で の 避 難 生 活 者 、 在 宅 避 難 者 及 び 帰 宅 困 難 者用,supported,b48db82df1f5f6a3f36012a504821284d51ab277b0d07ce06309e7bab12d33f3
shinjuku-2026-r2-gian-59,normal,content,B59-N-02,灯油缶詰160缶を買い入れる,https://www.city.shinjuku.lg.jp/content/000457658.pdf,500d109249f330d8df3a966906413ba882c8f66b9738c45a171cdbfe009cc2cc,議案本文 2 種類及び数量,⑴ 灯油缶詰 160 缶,supported,b48db82df1f5f6a3f36012a504821284d51ab277b0d07ce06309e7bab12d33f3
shinjuku-2026-r2-gian-59,normal,content,B59-N-03,ガソリン缶詰360缶を買い入れる,https://www.city.shinjuku.lg.jp/content/000457658.pdf,500d109249f330d8df3a966906413ba882c8f66b9738c45a171cdbfe009cc2cc,議案本文 2 種類及び数量,⑵ ガソリン 缶 詰 360 缶,supported,b48db82df1f5f6a3f36012a504821284d51ab277b0d07ce06309e7bab12d33f3
shinjuku-2026-r2-gian-59,normal,content,B59-N-04,乾電池（単三形）200本を買い入れる,https://www.city.shinjuku.lg.jp/content/000457658.pdf,500d109249f330d8df3a966906413ba882c8f66b9738c45a171cdbfe009cc2cc,議案本文 2 種類及び数量,⑶ 乾電池（ 単 三 形 ） 200 本,supported,b48db82df1f5f6a3f36012a504821284d51ab277b0d07ce06309e7bab12d33f3
shinjuku-2026-r2-gian-59,normal,content,B59-N-05,乾電池（単四形）816本を買い入れる,https://www.city.shinjuku.lg.jp/content/000457658.pdf,500d109249f330d8df3a966906413ba882c8f66b9738c45a171cdbfe009cc2cc,議案本文 2 種類及び数量,⑷ 乾電池（ 単 四 形 ） 816 本,supported,b48db82df1f5f6a3f36012a504821284d51ab277b0d07ce06309e7bab12d33f3
shinjuku-2026-r2-gian-59,normal,content,B59-N-06,"アルファ化米160,000食を買い入れる",https://www.city.shinjuku.lg.jp/content/000457658.pdf,500d109249f330d8df3a966906413ba882c8f66b9738c45a171cdbfe009cc2cc,議案本文 2 種類及び数量,"⑸ アルファ 化 米 160, 0 0 0 食",supported,b48db82df1f5f6a3f36012a504821284d51ab277b0d07ce06309e7bab12d33f3
shinjuku-2026-r2-gian-59,normal,content,B59-N-07,"液体ミルク2,000缶を買い入れる",https://www.city.shinjuku.lg.jp/content/000457658.pdf,500d109249f330d8df3a966906413ba882c8f66b9738c45a171cdbfe009cc2cc,議案本文 2 種類及び数量,"⑹ 液体ミ ル ク 2,00 0 缶",supported,b48db82df1f5f6a3f36012a504821284d51ab277b0d07ce06309e7bab12d33f3
shinjuku-2026-r2-gian-59,normal,content,B59-N-08,"紙皿（お椀型）51,000枚を買い入れる",https://www.city.shinjuku.lg.jp/content/000457658.pdf,500d109249f330d8df3a966906413ba882c8f66b9738c45a171cdbfe009cc2cc,議案本文 2 種類及び数量,"⑺ 紙皿（お 椀 型 ） 51,00 0 枚",supported,b48db82df1f5f6a3f36012a504821284d51ab277b0d07ce06309e7bab12d33f3
shinjuku-2026-r2-gian-59,normal,content,B59-N-09,"生理用ナプキン（昼用）5,100パックを買い入れる",https://www.city.shinjuku.lg.jp/content/000457658.pdf,500d109249f330d8df3a966906413ba882c8f66b9738c45a171cdbfe009cc2cc,議案本文 2 種類及び数量,"⑻ 生理用ナ プ キ ン （ 昼 用 ） 5,100 パ ッ ク",supported,b48db82df1f5f6a3f36012a504821284d51ab277b0d07ce06309e7bab12d33f3
shinjuku-2026-r2-gian-59,normal,content,B59-N-10,"生理用ナプキン（夜用）5,100パックを買い入れる",https://www.city.shinjuku.lg.jp/content/000457658.pdf,500d109249f330d8df3a966906413ba882c8f66b9738c45a171cdbfe009cc2cc,議案本文 2 種類及び数量,"⑼ 生理用ナ プ キ ン （ 夜 用 ） 5,100 パ ッ ク",supported,b48db82df1f5f6a3f36012a504821284d51ab277b0d07ce06309e7bab12d33f3
shinjuku-2026-r2-gian-59,normal,content,B59-N-11,"粉ミルク（一般用）2,200缶を買い入れる",https://www.city.shinjuku.lg.jp/content/000457658.pdf,500d109249f330d8df3a966906413ba882c8f66b9738c45a171cdbfe009cc2cc,議案本文 2 種類及び数量,"⑽ 粉ミルク （ 一 般 用 ） 2,20 0 缶",supported,b48db82df1f5f6a3f36012a504821284d51ab277b0d07ce06309e7bab12d33f3
shinjuku-2026-r2-gian-59,normal,content,B59-N-12,粉ミルク（アレルギー用）110缶を買い入れる,https://www.city.shinjuku.lg.jp/content/000457658.pdf,500d109249f330d8df3a966906413ba882c8f66b9738c45a171cdbfe009cc2cc,議案本文 2 種類及び数量,⑾ 粉ミルク （ ア レ ル ギ ー 用 ） 110 缶,supported,b48db82df1f5f6a3f36012a504821284d51ab277b0d07ce06309e7bab12d33f3
shinjuku-2026-r2-gian-59,normal,content,B59-N-13,"買入金額は7,513万3,509円である",https://www.city.shinjuku.lg.jp/content/000457658.pdf,500d109249f330d8df3a966906413ba882c8f66b9738c45a171cdbfe009cc2cc,議案本文 3 買入金額,"7,51 3 万 3 , 5 0 9 円",supported,b48db82df1f5f6a3f36012a504821284d51ab277b0d07ce06309e7bab12d33f3
shinjuku-2026-r2-gian-59,normal,content,B59-N-14,契約の方法は指名競争入札である,https://www.city.shinjuku.lg.jp/content/000456353.pdf,e1be5ac0c08d22dc59916c81fd24bd972ef44b601f8cd65ba76fc5d1f9d35c92,第59号議案 5 契約の方法,指名競争入札,supported,b48db82df1f5f6a3f36012a504821284d51ab277b0d07ce06309e7bab12d33f3
shinjuku-2026-r2-gian-59,normal,content,B59-N-15,契約の相手方は社会福祉法人東京コロニー 東京コロニーである,https://www.city.shinjuku.lg.jp/content/000456353.pdf,e1be5ac0c08d22dc59916c81fd24bd972ef44b601f8cd65ba76fc5d1f9d35c92,第59号議案 7 契約の相手方,社会福祉法人東京コロニー 東京コロニー,supported,b48db82df1f5f6a3f36012a504821284d51ab277b0d07ce06309e7bab12d33f3
shinjuku-2026-r2-gian-59,normal,content,B59-N-16,相手方の所在地は東京都葛飾区金町二丁目8番20号である,https://www.city.shinjuku.lg.jp/content/000456353.pdf,e1be5ac0c08d22dc59916c81fd24bd972ef44b601f8cd65ba76fc5d1f9d35c92,第59号議案 7 契約の相手方,東京都葛飾区金町二丁目 8 番 20 号,supported,b48db82df1f5f6a3f36012a504821284d51ab277b0d07ce06309e7bab12d33f3
shinjuku-2026-r2-gian-59,normal,content,B59-N-17,"相手方の代表者は理事 近藤章夫、資本金は3億91万5,000円である",https://www.city.shinjuku.lg.jp/content/000456353.pdf,e1be5ac0c08d22dc59916c81fd24bd972ef44b601f8cd65ba76fc5d1f9d35c92,第59号議案 7 契約の相手方,"理事 近藤 章夫 資本金 3 億 91 万 5,000 円",supported,b48db82df1f5f6a3f36012a504821284d51ab277b0d07ce06309e7bab12d33f3
shinjuku-2026-r2-gian-59,normal,content,B59-N-18,納入場所は新宿区指定の場所である,https://www.city.shinjuku.lg.jp/content/000456353.pdf,e1be5ac0c08d22dc59916c81fd24bd972ef44b601f8cd65ba76fc5d1f9d35c92,第59号議案 2 納入場所,新宿区指定の場所,supported,b48db82df1f5f6a3f36012a504821284d51ab277b0d07ce06309e7bab12d33f3
shinjuku-2026-r2-gian-59,normal,content,B59-N-19,仮契約は令和8年5月14日（木）、本契約は議決日の翌日である,https://www.city.shinjuku.lg.jp/content/000456353.pdf,e1be5ac0c08d22dc59916c81fd24bd972ef44b601f8cd65ba76fc5d1f9d35c92,第59号議案 3 契約月日,仮契約 令和 8 年 5 月 14 日（木） 本契約 議決日の翌日,supported,b48db82df1f5f6a3f36012a504821284d51ab277b0d07ce06309e7bab12d33f3
shinjuku-2026-r2-gian-59,normal,content,B59-N-20,⑴から⑶の納期は令和8年7月1日から同年8月28日までである,https://www.city.shinjuku.lg.jp/content/000456353.pdf,e1be5ac0c08d22dc59916c81fd24bd972ef44b601f8cd65ba76fc5d1f9d35c92,第59号議案 4 納期,・⑴から⑶については、令和 8 年 7 月 1 日から同年 8 月 28 日まで,supported,b48db82df1f5f6a3f36012a504821284d51ab277b0d07ce06309e7bab12d33f3
shinjuku-2026-r2-gian-59,normal,content,B59-N-21,⑷から⑹の納期は令和8年12月7日から同月18日までである,https://www.city.shinjuku.lg.jp/content/000456353.pdf,e1be5ac0c08d22dc59916c81fd24bd972ef44b601f8cd65ba76fc5d1f9d35c92,第59号議案 4 納期,・⑷から⑹については、令和 8 年 12 月 7 日から同月 18 日まで,supported,b48db82df1f5f6a3f36012a504821284d51ab277b0d07ce06309e7bab12d33f3
shinjuku-2026-r2-gian-59,normal,content,B59-N-22,⑺から⑾の納期は令和9年2月1日から同年3月5日までである,https://www.city.shinjuku.lg.jp/content/000456353.pdf,e1be5ac0c08d22dc59916c81fd24bd972ef44b601f8cd65ba76fc5d1f9d35c92,第59号議案 4 納期,・⑺から⑾については、令和 9 年 2 月 1 日から同年 3 月 5 日まで,supported,b48db82df1f5f6a3f36012a504821284d51ab277b0d07ce06309e7bab12d33f3
shinjuku-2026-r2-gian-59,normal,content,B59-N-23,令和8年第2回定例会で原案可決された,https://www.city.shinjuku.lg.jp/kusei/soumu01_002090_00016.html,72349f6e321e79ccc3076036e07386763398510bfb6bb2154b4cd3d6a2d85d58,議決結果表 第59号議案,第59号議案 災害用備蓄物資の買入れについて 原案可決,supported,b48db82df1f5f6a3f36012a504821284d51ab277b0d07ce06309e7bab12d33f3
shinjuku-2026-r2-gian-59,normal,content,B59-N-24,単価・保管場所・備蓄計画上の位置づけ・既存備蓄量は資料に書かれていない,https://www.city.shinjuku.lg.jp/content/000457658.pdf,500d109249f330d8df3a966906413ba882c8f66b9738c45a171cdbfe009cc2cc,出典に記載がない事項,（本件は解説本文が「議案の資料には書かれていません」と明示している箇所であり、事実主張ではない）,needs_source,b48db82df1f5f6a3f36012a504821284d51ab277b0d07ce06309e7bab12d33f3
shinjuku-2026-r2-gian-59,normal,title,B59-NT-01,見出し: 災害用の備蓄物資を買い入れる。アルファ化米は16万食である,https://www.city.shinjuku.lg.jp/content/000457658.pdf,500d109249f330d8df3a966906413ba882c8f66b9738c45a171cdbfe009cc2cc,議案本文 2 種類及び数量,"⑸ アルファ 化 米 160, 0 0 0 食",supported,b48db82df1f5f6a3f36012a504821284d51ab277b0d07ce06309e7bab12d33f3
shinjuku-2026-r2-gian-59,normal,summary,B59-NS-01,要約: 災害時における避難所での避難生活者、在宅避難者、帰宅困難者のための備蓄物資である,https://www.city.shinjuku.lg.jp/content/000457658.pdf,500d109249f330d8df3a966906413ba882c8f66b9738c45a171cdbfe009cc2cc,議案本文 1 買入れの目的,災害時に お け る 避 難 所 で の 避 難 生 活 者 、 在 宅 避 難 者 及 び 帰 宅 困 難 者用,supported,b48db82df1f5f6a3f36012a504821284d51ab277b0d07ce06309e7bab12d33f3
shinjuku-2026-r2-gian-59,normal,summary,B59-NS-02,"要約: 紙皿は5万1,000枚である",https://www.city.shinjuku.lg.jp/content/000457658.pdf,500d109249f330d8df3a966906413ba882c8f66b9738c45a171cdbfe009cc2cc,議案本文 2 種類及び数量,"⑺ 紙皿（お 椀 型 ） 51,00 0 枚",supported,b48db82df1f5f6a3f36012a504821284d51ab277b0d07ce06309e7bab12d33f3
shinjuku-2026-r2-gian-59,normal,summary,B59-NS-03,"要約: 液体ミルクは2,000缶である",https://www.city.shinjuku.lg.jp/content/000457658.pdf,500d109249f330d8df3a966906413ba882c8f66b9738c45a171cdbfe009cc2cc,議案本文 2 種類及び数量,"⑹ 液体ミ ル ク 2,00 0 缶",supported,b48db82df1f5f6a3f36012a504821284d51ab277b0d07ce06309e7bab12d33f3
shinjuku-2026-r2-gian-59,normal,summary,B59-NS-04,"要約: 11品目で買入金額は7,513万3,509円である",https://www.city.shinjuku.lg.jp/content/000457658.pdf,500d109249f330d8df3a966906413ba882c8f66b9738c45a171cdbfe009cc2cc,議案本文 2・3,"⑾ 粉ミルク （ ア レ ル ギ ー 用 ） 110 缶…7,51 3 万 3 , 5 0 9 円",supported,b48db82df1f5f6a3f36012a504821284d51ab277b0d07ce06309e7bab12d33f3
shinjuku-2026-r2-gian-59,normal,summary,B59-NS-05,要約: 指名競争入札により社会福祉法人東京コロニーと契約する,https://www.city.shinjuku.lg.jp/content/000456353.pdf,e1be5ac0c08d22dc59916c81fd24bd972ef44b601f8cd65ba76fc5d1f9d35c92,第59号議案 5・7,指名競争入札…社会福祉法人東京コロニー 東京コロニー,supported,b48db82df1f5f6a3f36012a504821284d51ab277b0d07ce06309e7bab12d33f3
shinjuku-2026-r2-gian-59,hard,content,B59-H-01,提出日は令和8年6月10日である,https://www.city.shinjuku.lg.jp/content/000457658.pdf,500d109249f330d8df3a966906413ba882c8f66b9738c45a171cdbfe009cc2cc,議案本文末尾,令和８年６月１０日 提出者 新宿区長 吉住 健一,supported,dba75390dbf1a4cd9cd12f15ddd5a3e508d994614af2ea31dc36347f67fcf139
shinjuku-2026-r2-gian-59,hard,content,B59-H-02,提出者は新宿区長 吉住健一である,https://www.city.shinjuku.lg.jp/content/000457658.pdf,500d109249f330d8df3a966906413ba882c8f66b9738c45a171cdbfe009cc2cc,議案本文末尾,提出者 新宿区長 吉住 健一,supported,dba75390dbf1a4cd9cd12f15ddd5a3e508d994614af2ea31dc36347f67fcf139
shinjuku-2026-r2-gian-59,hard,content,B59-H-03,議案本文は下記のとおり災害用備蓄物資を買い入れる旨を述べる,https://www.city.shinjuku.lg.jp/content/000457658.pdf,500d109249f330d8df3a966906413ba882c8f66b9738c45a171cdbfe009cc2cc,議案本文,下記のと お り災 害 用 備 蓄 物 資 を 買 い 入れ る 。,supported,dba75390dbf1a4cd9cd12f15ddd5a3e508d994614af2ea31dc36347f67fcf139
shinjuku-2026-r2-gian-59,hard,content,B59-H-04,提案理由は災害時における避難所での避難生活者、在宅避難者及び帰宅困難者のための災害用備蓄物資を買い入れる必要があるためである,https://www.city.shinjuku.lg.jp/content/000457658.pdf,500d109249f330d8df3a966906413ba882c8f66b9738c45a171cdbfe009cc2cc,提案理由,災害時 に お け る 避 難 所 で の 避 難 生 活 者 、 在 宅 避 難 者 及 び 帰 宅 困 難 者のた め の 災 害 用 備 蓄 物 資 を 買 い 入 れ る 必 要 が あ る た め,supported,dba75390dbf1a4cd9cd12f15ddd5a3e508d994614af2ea31dc36347f67fcf139
shinjuku-2026-r2-gian-59,hard,content,B59-H-05,買入れの目的は議案本文に記載されている,https://www.city.shinjuku.lg.jp/content/000457658.pdf,500d109249f330d8df3a966906413ba882c8f66b9738c45a171cdbfe009cc2cc,議案本文 1 買入れの目的,災害時に お け る 避 難 所 で の 避 難 生 活 者 、 在 宅 避 難 者 及 び 帰 宅 困 難 者用,supported,dba75390dbf1a4cd9cd12f15ddd5a3e508d994614af2ea31dc36347f67fcf139
shinjuku-2026-r2-gian-59,hard,content,B59-H-06,品目は11種類である,https://www.city.shinjuku.lg.jp/content/000457658.pdf,500d109249f330d8df3a966906413ba882c8f66b9738c45a171cdbfe009cc2cc,議案本文 2 種類及び数量,⑾ 粉ミルク （ ア レ ル ギ ー 用 ） 110 缶,supported,dba75390dbf1a4cd9cd12f15ddd5a3e508d994614af2ea31dc36347f67fcf139
shinjuku-2026-r2-gian-59,hard,content,B59-H-07,概要資料の品目と数量は議案本文と一致する,https://www.city.shinjuku.lg.jp/content/000456353.pdf,e1be5ac0c08d22dc59916c81fd24bd972ef44b601f8cd65ba76fc5d1f9d35c92,第59号議案 1 概要,"⑸ アルファ化米 160,000 食 ⑹ 液体ミルク 2,000 缶 ⑺ 紙皿（お椀型） 51,000 枚",supported,dba75390dbf1a4cd9cd12f15ddd5a3e508d994614af2ea31dc36347f67fcf139
shinjuku-2026-r2-gian-59,hard,content,B59-H-08,"買入金額は7,513万3,509円である",https://www.city.shinjuku.lg.jp/content/000457658.pdf,500d109249f330d8df3a966906413ba882c8f66b9738c45a171cdbfe009cc2cc,議案本文 3 買入金額,"7,51 3 万 3 , 5 0 9 円",supported,dba75390dbf1a4cd9cd12f15ddd5a3e508d994614af2ea31dc36347f67fcf139
shinjuku-2026-r2-gian-59,hard,content,B59-H-09,"概要資料の買入金額も7,513万3,509円である",https://www.city.shinjuku.lg.jp/content/000456353.pdf,e1be5ac0c08d22dc59916c81fd24bd972ef44b601f8cd65ba76fc5d1f9d35c92,第59号議案 6 買入金額,"7,513 万 3,509 円",supported,dba75390dbf1a4cd9cd12f15ddd5a3e508d994614af2ea31dc36347f67fcf139
shinjuku-2026-r2-gian-59,hard,content,B59-H-10,契約の方法は指名競争入札である,https://www.city.shinjuku.lg.jp/content/000456353.pdf,e1be5ac0c08d22dc59916c81fd24bd972ef44b601f8cd65ba76fc5d1f9d35c92,第59号議案 5 契約の方法,指名競争入札,supported,dba75390dbf1a4cd9cd12f15ddd5a3e508d994614af2ea31dc36347f67fcf139
shinjuku-2026-r2-gian-59,hard,content,B59-H-11,相手方は社会福祉法人東京コロニー 東京コロニー、理事 近藤章夫である,https://www.city.shinjuku.lg.jp/content/000456353.pdf,e1be5ac0c08d22dc59916c81fd24bd972ef44b601f8cd65ba76fc5d1f9d35c92,第59号議案 7 契約の相手方,社会福祉法人東京コロニー 東京コロニー 理事 近藤 章夫,supported,dba75390dbf1a4cd9cd12f15ddd5a3e508d994614af2ea31dc36347f67fcf139
shinjuku-2026-r2-gian-59,hard,content,B59-H-12,"概要資料は相手方の資本金を3億91万5,000円と記載している",https://www.city.shinjuku.lg.jp/content/000456353.pdf,e1be5ac0c08d22dc59916c81fd24bd972ef44b601f8cd65ba76fc5d1f9d35c92,第59号議案 7 契約の相手方,"資本金 3 億 91 万 5,000 円",supported,dba75390dbf1a4cd9cd12f15ddd5a3e508d994614af2ea31dc36347f67fcf139
shinjuku-2026-r2-gian-59,hard,content,B59-H-13,納入場所は新宿区指定の場所である,https://www.city.shinjuku.lg.jp/content/000456353.pdf,e1be5ac0c08d22dc59916c81fd24bd972ef44b601f8cd65ba76fc5d1f9d35c92,第59号議案 2 納入場所,新宿区指定の場所,supported,dba75390dbf1a4cd9cd12f15ddd5a3e508d994614af2ea31dc36347f67fcf139
shinjuku-2026-r2-gian-59,hard,content,B59-H-14,契約月日は仮契約 令和8年5月14日（木）、本契約 議決日の翌日である,https://www.city.shinjuku.lg.jp/content/000456353.pdf,e1be5ac0c08d22dc59916c81fd24bd972ef44b601f8cd65ba76fc5d1f9d35c92,第59号議案 3 契約月日,仮契約 令和 8 年 5 月 14 日（木） 本契約 議決日の翌日,supported,dba75390dbf1a4cd9cd12f15ddd5a3e508d994614af2ea31dc36347f67fcf139
shinjuku-2026-r2-gian-59,hard,content,B59-H-15,納期は品目区分ごとに3つに分けられている,https://www.city.shinjuku.lg.jp/content/000456353.pdf,e1be5ac0c08d22dc59916c81fd24bd972ef44b601f8cd65ba76fc5d1f9d35c92,第59号議案 4 納期,上記１概要のうち ・⑴から⑶については、令和 8 年 7 月 1 日から同年 8 月 28 日まで,supported,dba75390dbf1a4cd9cd12f15ddd5a3e508d994614af2ea31dc36347f67fcf139
shinjuku-2026-r2-gian-59,hard,content,B59-H-16,納期の最終日は令和9年3月5日である,https://www.city.shinjuku.lg.jp/content/000456353.pdf,e1be5ac0c08d22dc59916c81fd24bd972ef44b601f8cd65ba76fc5d1f9d35c92,第59号議案 4 納期,令和 9 年 2 月 1 日から同年 3 月 5 日まで,supported,dba75390dbf1a4cd9cd12f15ddd5a3e508d994614af2ea31dc36347f67fcf139
shinjuku-2026-r2-gian-59,hard,content,B59-H-17,令和8年第2回定例会において原案可決された,https://www.city.shinjuku.lg.jp/kusei/soumu01_002090_00016.html,72349f6e321e79ccc3076036e07386763398510bfb6bb2154b4cd3d6a2d85d58,議決結果表 第59号議案,第59号議案 災害用備蓄物資の買入れについて 原案可決,supported,dba75390dbf1a4cd9cd12f15ddd5a3e508d994614af2ea31dc36347f67fcf139
shinjuku-2026-r2-gian-59,hard,content,B59-H-18,本契約は議決日の翌日に締結される,https://www.city.shinjuku.lg.jp/content/000456353.pdf,e1be5ac0c08d22dc59916c81fd24bd972ef44b601f8cd65ba76fc5d1f9d35c92,第59号議案 3 契約月日,本契約 議決日の翌日,supported,dba75390dbf1a4cd9cd12f15ddd5a3e508d994614af2ea31dc36347f67fcf139
shinjuku-2026-r2-gian-59,hard,content,B59-H-19,議案本文に支出科目等の記載はない,https://www.city.shinjuku.lg.jp/content/000457658.pdf,500d109249f330d8df3a966906413ba882c8f66b9738c45a171cdbfe009cc2cc,議案本文全体,１ 買入れ の 目 的 … ２ 種類及 び 数 量 … ３ 買入金 額 … （提案 理 由 ）,supported,dba75390dbf1a4cd9cd12f15ddd5a3e508d994614af2ea31dc36347f67fcf139
shinjuku-2026-r2-gian-59,hard,content,B59-H-20,単価・入札の指名業者数・保管場所・備蓄計画の目標量等は一次資料から確認できない,https://www.city.shinjuku.lg.jp/content/000457658.pdf,500d109249f330d8df3a966906413ba882c8f66b9738c45a171cdbfe009cc2cc,出典に記載がない事項,（本件は解説本文が「一次資料からは確認できない」と明示している箇所であり、事実主張ではない）,needs_source,dba75390dbf1a4cd9cd12f15ddd5a3e508d994614af2ea31dc36347f67fcf139
shinjuku-2026-r2-gian-59,hard,title,B59-HT-01,見出し: 正式件名は災害用備蓄物資の買入れについてである,https://www.city.shinjuku.lg.jp/kusei/soumu01_002090_00016.html,72349f6e321e79ccc3076036e07386763398510bfb6bb2154b4cd3d6a2d85d58,議決結果表 第59号議案,第59号議案 災害用備蓄物資の買入れについて,supported,dba75390dbf1a4cd9cd12f15ddd5a3e508d994614af2ea31dc36347f67fcf139
shinjuku-2026-r2-gian-59,hard,summary,B59-HS-01,要約: 指名競争入札により社会福祉法人東京コロニーと締結する,https://www.city.shinjuku.lg.jp/content/000456353.pdf,e1be5ac0c08d22dc59916c81fd24bd972ef44b601f8cd65ba76fc5d1f9d35c92,第59号議案 5・7,指名競争入札…社会福祉法人東京コロニー 東京コロニー,supported,dba75390dbf1a4cd9cd12f15ddd5a3e508d994614af2ea31dc36347f67fcf139
shinjuku-2026-r2-gian-59,hard,summary,B59-HS-02,"要約: 買入金額は7,513万3,509円である",https://www.city.shinjuku.lg.jp/content/000457658.pdf,500d109249f330d8df3a966906413ba882c8f66b9738c45a171cdbfe009cc2cc,議案本文 3 買入金額,"7,51 3 万 3 , 5 0 9 円",supported,dba75390dbf1a4cd9cd12f15ddd5a3e508d994614af2ea31dc36347f67fcf139
shinjuku-2026-r2-gian-59,hard,summary,B59-HS-03,要約: 11品目を令和8年7月から令和9年3月までの3区分の納期で納入する,https://www.city.shinjuku.lg.jp/content/000456353.pdf,e1be5ac0c08d22dc59916c81fd24bd972ef44b601f8cd65ba76fc5d1f9d35c92,第59号議案 4 納期,令和 8 年 7 月 1 日から同年 8 月 28 日まで…令和 9 年 2 月 1 日から同年 3 月 5 日まで,supported,dba75390dbf1a4cd9cd12f15ddd5a3e508d994614af2ea31dc36347f67fcf139
shinjuku-2026-r2-gian-59,hard,summary,B59-HS-04,要約: 納入場所は新宿区指定の場所である,https://www.city.shinjuku.lg.jp/content/000456353.pdf,e1be5ac0c08d22dc59916c81fd24bd972ef44b601f8cd65ba76fc5d1f9d35c92,第59号議案 2 納入場所,新宿区指定の場所,supported,dba75390dbf1a4cd9cd12f15ddd5a3e508d994614af2ea31dc36347f67fcf139
shinjuku-2026-r2-gian-59,hard,summary,B59-HS-05,要約: 買入れの目的は災害時における避難所での避難生活者、在宅避難者及び帰宅困難者用である,https://www.city.shinjuku.lg.jp/content/000457658.pdf,500d109249f330d8df3a966906413ba882c8f66b9738c45a171cdbfe009cc2cc,議案本文 1 買入れの目的,災害時に お け る 避 難 所 で の 避 難 生 活 者 、 在 宅 避 難 者 及 び 帰 宅 困 難 者用,supported,dba75390dbf1a4cd9cd12f15ddd5a3e508d994614af2ea31dc36347f67fcf139
shinjuku-2026-r2-gian-60,normal,content,B60-N-01,買入れの目的は老朽化への対応、掲示作業の安全性の向上及び作業時間の短縮による負担の軽減である,https://www.city.shinjuku.lg.jp/content/000457659.pdf,401ec865c2ed11c15c222a2106a1551a27a3ef5edb13c312952546375d77d428,議案本文 1 買入れの目的,老朽化 へ の 対 応 、 掲 示 作 業 の 安 全 性 の 向 上 及 び 作 業 時 間 の 短 縮 による 負 担 の 軽 減 の た め,supported,d731d308b2859c33f7927d535a4c9a2bbfefd8024b084bd277a1bd880266eccd
shinjuku-2026-r2-gian-60,normal,content,B60-N-02,掲示板（大）及びマグネットボード（大）737基を買い入れる,https://www.city.shinjuku.lg.jp/content/000457659.pdf,401ec865c2ed11c15c222a2106a1551a27a3ef5edb13c312952546375d77d428,議案本文 2 種類及び数量,⑴ 掲示板（ 大 ） 及 び マ グ ネ ッ ト ボ ー ド （ 大 ） 737 基,supported,d731d308b2859c33f7927d535a4c9a2bbfefd8024b084bd277a1bd880266eccd
shinjuku-2026-r2-gian-60,normal,content,B60-N-03,掲示板（小）及びマグネットボード（小）30基を買い入れる,https://www.city.shinjuku.lg.jp/content/000457659.pdf,401ec865c2ed11c15c222a2106a1551a27a3ef5edb13c312952546375d77d428,議案本文 2 種類及び数量,⑵ 掲示板（ 小 ） 及 び マ グ ネ ッ ト ボ ー ド （ 小 ） 30 基,supported,d731d308b2859c33f7927d535a4c9a2bbfefd8024b084bd277a1bd880266eccd
shinjuku-2026-r2-gian-60,normal,content,B60-N-04,"買入金額は7,930万7,800円である",https://www.city.shinjuku.lg.jp/content/000457659.pdf,401ec865c2ed11c15c222a2106a1551a27a3ef5edb13c312952546375d77d428,議案本文 3 買入金額,"7,93 0 万 7 , 8 0 0 円",supported,d731d308b2859c33f7927d535a4c9a2bbfefd8024b084bd277a1bd880266eccd
shinjuku-2026-r2-gian-60,normal,content,B60-N-05,契約の方法は指名競争入札である,https://www.city.shinjuku.lg.jp/content/000456353.pdf,e1be5ac0c08d22dc59916c81fd24bd972ef44b601f8cd65ba76fc5d1f9d35c92,第60号議案 5 契約の方法,指名競争入札,supported,d731d308b2859c33f7927d535a4c9a2bbfefd8024b084bd277a1bd880266eccd
shinjuku-2026-r2-gian-60,normal,content,B60-N-06,契約の相手方は株式会社地域シャワーコムである,https://www.city.shinjuku.lg.jp/content/000456353.pdf,e1be5ac0c08d22dc59916c81fd24bd972ef44b601f8cd65ba76fc5d1f9d35c92,第60号議案 7 契約の相手方,株式会社地域シャワーコム,supported,d731d308b2859c33f7927d535a4c9a2bbfefd8024b084bd277a1bd880266eccd
shinjuku-2026-r2-gian-60,normal,content,B60-N-07,相手方の所在地は神奈川県中郡大磯町生沢851番地1である,https://www.city.shinjuku.lg.jp/content/000456353.pdf,e1be5ac0c08d22dc59916c81fd24bd972ef44b601f8cd65ba76fc5d1f9d35c92,第60号議案 7 契約の相手方,神奈川県中郡大磯町生沢 851 番地 1,supported,d731d308b2859c33f7927d535a4c9a2bbfefd8024b084bd277a1bd880266eccd
shinjuku-2026-r2-gian-60,normal,content,B60-N-08,"相手方の代表者は代表取締役 外城順子、資本金は1,000万円である",https://www.city.shinjuku.lg.jp/content/000456353.pdf,e1be5ac0c08d22dc59916c81fd24bd972ef44b601f8cd65ba76fc5d1f9d35c92,第60号議案 7 契約の相手方,"代表取締役 外城 順子 資本金 1,000 万円",supported,d731d308b2859c33f7927d535a4c9a2bbfefd8024b084bd277a1bd880266eccd
shinjuku-2026-r2-gian-60,normal,content,B60-N-09,納入場所は新宿区指定の場所である,https://www.city.shinjuku.lg.jp/content/000456353.pdf,e1be5ac0c08d22dc59916c81fd24bd972ef44b601f8cd65ba76fc5d1f9d35c92,第60号議案 2 納入場所,新宿区指定の場所,supported,d731d308b2859c33f7927d535a4c9a2bbfefd8024b084bd277a1bd880266eccd
shinjuku-2026-r2-gian-60,normal,content,B60-N-10,仮契約は令和8年5月14日（木）、本契約は議決日の翌日である,https://www.city.shinjuku.lg.jp/content/000456353.pdf,e1be5ac0c08d22dc59916c81fd24bd972ef44b601f8cd65ba76fc5d1f9d35c92,第60号議案 3 契約月日,仮契約 令和 8 年 5 月 14 日（木） 本契約 議決日の翌日,supported,d731d308b2859c33f7927d535a4c9a2bbfefd8024b084bd277a1bd880266eccd
shinjuku-2026-r2-gian-60,normal,content,B60-N-11,納期は本契約締結日の翌日から令和9年3月31日までである,https://www.city.shinjuku.lg.jp/content/000456353.pdf,e1be5ac0c08d22dc59916c81fd24bd972ef44b601f8cd65ba76fc5d1f9d35c92,第60号議案 4 納期,本契約締結日の翌日から令和 9 年 3 月 31 日まで,supported,d731d308b2859c33f7927d535a4c9a2bbfefd8024b084bd277a1bd880266eccd
shinjuku-2026-r2-gian-60,normal,content,B60-N-12,令和8年第2回定例会で原案可決された,https://www.city.shinjuku.lg.jp/kusei/soumu01_002090_00016.html,72349f6e321e79ccc3076036e07386763398510bfb6bb2154b4cd3d6a2d85d58,議決結果表 第60号議案,第60号議案 区設掲示板用マグネット画板等の買入れについて 原案可決,supported,d731d308b2859c33f7927d535a4c9a2bbfefd8024b084bd277a1bd880266eccd
shinjuku-2026-r2-gian-60,normal,content,B60-N-13,設置場所・寸法・区設掲示板の総数・設置工事の扱い・単価は資料に書かれていない,https://www.city.shinjuku.lg.jp/content/000457659.pdf,401ec865c2ed11c15c222a2106a1551a27a3ef5edb13c312952546375d77d428,出典に記載がない事項,（本件は解説本文が「議案の資料には書かれていません」と明示している箇所であり、事実主張ではない）,needs_source,d731d308b2859c33f7927d535a4c9a2bbfefd8024b084bd277a1bd880266eccd
shinjuku-2026-r2-gian-60,normal,content,B60-N-14,合計767基である（出典の737基と30基の和。合計値そのものは出典に記載がなく、本解説での算出）,https://www.city.shinjuku.lg.jp/content/000457659.pdf,401ec865c2ed11c15c222a2106a1551a27a3ef5edb13c312952546375d77d428,議案本文 2 種類及び数量,⑴ 掲示板（ 大 ） 及 び マ グ ネ ッ ト ボ ー ド （ 大 ） 737 基…⑵ 掲示板（ 小 ） 及 び マ グ ネ ッ ト ボ ー ド （ 小 ） 30 基,supported,d731d308b2859c33f7927d535a4c9a2bbfefd8024b084bd277a1bd880266eccd
shinjuku-2026-r2-gian-60,normal,title,B60-NT-01,見出し: 掲示板とマグネットボードを合計767基買い入れる（737基と30基の和。合計値そのものは出典になく本解説での算出）,https://www.city.shinjuku.lg.jp/content/000457659.pdf,401ec865c2ed11c15c222a2106a1551a27a3ef5edb13c312952546375d77d428,議案本文 2 種類及び数量,⑴ 掲示板（ 大 ） 及 び マ グ ネ ッ ト ボ ー ド （ 大 ） 737 基…⑵ 掲示板（ 小 ） 及 び マ グ ネ ッ ト ボ ー ド （ 小 ） 30 基,supported,d731d308b2859c33f7927d535a4c9a2bbfefd8024b084bd277a1bd880266eccd
shinjuku-2026-r2-gian-60,normal,summary,B60-NS-01,要約: 掲示板（大）及びマグネットボード（大）は737基である,https://www.city.shinjuku.lg.jp/content/000457659.pdf,401ec865c2ed11c15c222a2106a1551a27a3ef5edb13c312952546375d77d428,議案本文 2 種類及び数量,⑴ 掲示板（ 大 ） 及 び マ グ ネ ッ ト ボ ー ド （ 大 ） 737 基,supported,d731d308b2859c33f7927d535a4c9a2bbfefd8024b084bd277a1bd880266eccd
shinjuku-2026-r2-gian-60,normal,summary,B60-NS-02,要約: 掲示板（小）及びマグネットボード（小）は30基である,https://www.city.shinjuku.lg.jp/content/000457659.pdf,401ec865c2ed11c15c222a2106a1551a27a3ef5edb13c312952546375d77d428,議案本文 2 種類及び数量,⑵ 掲示板（ 小 ） 及 び マ グ ネ ッ ト ボ ー ド （ 小 ） 30 基,supported,d731d308b2859c33f7927d535a4c9a2bbfefd8024b084bd277a1bd880266eccd
shinjuku-2026-r2-gian-60,normal,summary,B60-NS-03,"要約: 買入金額は7,930万7,800円である",https://www.city.shinjuku.lg.jp/content/000457659.pdf,401ec865c2ed11c15c222a2106a1551a27a3ef5edb13c312952546375d77d428,議案本文 3 買入金額,"7,93 0 万 7 , 8 0 0 円",supported,d731d308b2859c33f7927d535a4c9a2bbfefd8024b084bd277a1bd880266eccd
shinjuku-2026-r2-gian-60,normal,summary,B60-NS-04,要約: 指名競争入札により株式会社地域シャワーコムと契約する,https://www.city.shinjuku.lg.jp/content/000456353.pdf,e1be5ac0c08d22dc59916c81fd24bd972ef44b601f8cd65ba76fc5d1f9d35c92,第60号議案 5・7,指名競争入札…株式会社地域シャワーコム,supported,d731d308b2859c33f7927d535a4c9a2bbfefd8024b084bd277a1bd880266eccd
shinjuku-2026-r2-gian-60,normal,summary,B60-NS-05,要約: 老朽化への対応と掲示作業の安全性向上、作業時間の短縮が目的である,https://www.city.shinjuku.lg.jp/content/000457659.pdf,401ec865c2ed11c15c222a2106a1551a27a3ef5edb13c312952546375d77d428,議案本文 1 買入れの目的,老朽化 へ の 対 応 、 掲 示 作 業 の 安 全 性 の 向 上 及 び 作 業 時 間 の 短 縮 による 負 担 の 軽 減 の た め,supported,d731d308b2859c33f7927d535a4c9a2bbfefd8024b084bd277a1bd880266eccd
shinjuku-2026-r2-gian-60,hard,content,B60-H-01,提出日は令和8年6月10日である,https://www.city.shinjuku.lg.jp/content/000457659.pdf,401ec865c2ed11c15c222a2106a1551a27a3ef5edb13c312952546375d77d428,議案本文末尾,令和８年６月１０日 提出者 新宿区長 吉住 健一,supported,e9c8a2972932ce2a07035c9dd5937e07af8763da75dc9c6a75c9a4e3f4e37462
shinjuku-2026-r2-gian-60,hard,content,B60-H-02,提出者は新宿区長 吉住健一である,https://www.city.shinjuku.lg.jp/content/000457659.pdf,401ec865c2ed11c15c222a2106a1551a27a3ef5edb13c312952546375d77d428,議案本文末尾,提出者 新宿区長 吉住 健一,supported,e9c8a2972932ce2a07035c9dd5937e07af8763da75dc9c6a75c9a4e3f4e37462
shinjuku-2026-r2-gian-60,hard,content,B60-H-03,議案本文は下記のとおり区設掲示板用マグネット画板等を買い入れる旨を述べる,https://www.city.shinjuku.lg.jp/content/000457659.pdf,401ec865c2ed11c15c222a2106a1551a27a3ef5edb13c312952546375d77d428,議案本文,下記のと お り区 設 掲 示 板 用 マ グ ネ ッ ト 画 板 等 を 買 い 入れ る 。,supported,e9c8a2972932ce2a07035c9dd5937e07af8763da75dc9c6a75c9a4e3f4e37462
shinjuku-2026-r2-gian-60,hard,content,B60-H-04,提案理由は老朽化への対応等のため区設掲示板用マグネット画板等を買い入れる必要があるためである,https://www.city.shinjuku.lg.jp/content/000457659.pdf,401ec865c2ed11c15c222a2106a1551a27a3ef5edb13c312952546375d77d428,提案理由,老朽化 へ の 対 応 、 掲 示 作 業 の 安 全 性 の 向 上 及 び 作 業 時 間 の 短 縮 に よる負 担 の 軽 減 の た め 、 区 設 掲 示 板 用 マ グ ネ ッ ト 画 板 等 を 買 い 入 れ る必要 が あ る た め,supported,e9c8a2972932ce2a07035c9dd5937e07af8763da75dc9c6a75c9a4e3f4e37462
shinjuku-2026-r2-gian-60,hard,content,B60-H-05,概要資料の概要欄も同じ目的を記載している,https://www.city.shinjuku.lg.jp/content/000456353.pdf,e1be5ac0c08d22dc59916c81fd24bd972ef44b601f8cd65ba76fc5d1f9d35c92,第60号議案 概要,老朽化への対応、掲示作業の安全性の向上及び作業時間の短縮による負担の軽減のため、次のとおり区設掲示板用マグネット画板等を買い入れる。,supported,e9c8a2972932ce2a07035c9dd5937e07af8763da75dc9c6a75c9a4e3f4e37462
shinjuku-2026-r2-gian-60,hard,content,B60-H-06,品目および数量は議案本文と概要資料で一致する,https://www.city.shinjuku.lg.jp/content/000456353.pdf,e1be5ac0c08d22dc59916c81fd24bd972ef44b601f8cd65ba76fc5d1f9d35c92,第60号議案 1 概要,⑴ 掲示板（大）及びマグネットボード（大） 737 基 ⑵ 掲示板（小）及びマグネットボード（小） 30 基,supported,e9c8a2972932ce2a07035c9dd5937e07af8763da75dc9c6a75c9a4e3f4e37462
shinjuku-2026-r2-gian-60,hard,content,B60-H-07,"買入金額は7,930万7,800円である",https://www.city.shinjuku.lg.jp/content/000457659.pdf,401ec865c2ed11c15c222a2106a1551a27a3ef5edb13c312952546375d77d428,議案本文 3 買入金額,"7,93 0 万 7 , 8 0 0 円",supported,e9c8a2972932ce2a07035c9dd5937e07af8763da75dc9c6a75c9a4e3f4e37462
shinjuku-2026-r2-gian-60,hard,content,B60-H-08,"概要資料の買入金額も7,930万7,800円である",https://www.city.shinjuku.lg.jp/content/000456353.pdf,e1be5ac0c08d22dc59916c81fd24bd972ef44b601f8cd65ba76fc5d1f9d35c92,第60号議案 6 買入金額,"7,930 万 7,800 円",supported,e9c8a2972932ce2a07035c9dd5937e07af8763da75dc9c6a75c9a4e3f4e37462
shinjuku-2026-r2-gian-60,hard,content,B60-H-09,契約の方法は指名競争入札である,https://www.city.shinjuku.lg.jp/content/000456353.pdf,e1be5ac0c08d22dc59916c81fd24bd972ef44b601f8cd65ba76fc5d1f9d35c92,第60号議案 5 契約の方法,指名競争入札,supported,e9c8a2972932ce2a07035c9dd5937e07af8763da75dc9c6a75c9a4e3f4e37462
shinjuku-2026-r2-gian-60,hard,content,B60-H-10,納入場所は新宿区指定の場所である,https://www.city.shinjuku.lg.jp/content/000456353.pdf,e1be5ac0c08d22dc59916c81fd24bd972ef44b601f8cd65ba76fc5d1f9d35c92,第60号議案 2 納入場所,新宿区指定の場所,supported,e9c8a2972932ce2a07035c9dd5937e07af8763da75dc9c6a75c9a4e3f4e37462
shinjuku-2026-r2-gian-60,hard,content,B60-H-11,契約月日は仮契約 令和8年5月14日（木）、本契約 議決日の翌日である,https://www.city.shinjuku.lg.jp/content/000456353.pdf,e1be5ac0c08d22dc59916c81fd24bd972ef44b601f8cd65ba76fc5d1f9d35c92,第60号議案 3 契約月日,仮契約 令和 8 年 5 月 14 日（木） 本契約 議決日の翌日,supported,e9c8a2972932ce2a07035c9dd5937e07af8763da75dc9c6a75c9a4e3f4e37462
shinjuku-2026-r2-gian-60,hard,content,B60-H-12,納期は本契約締結日の翌日から令和9年3月31日までである,https://www.city.shinjuku.lg.jp/content/000456353.pdf,e1be5ac0c08d22dc59916c81fd24bd972ef44b601f8cd65ba76fc5d1f9d35c92,第60号議案 4 納期,本契約締結日の翌日から令和 9 年 3 月 31 日まで,supported,e9c8a2972932ce2a07035c9dd5937e07af8763da75dc9c6a75c9a4e3f4e37462
shinjuku-2026-r2-gian-60,hard,content,B60-H-13,令和8年第2回定例会において原案可決された,https://www.city.shinjuku.lg.jp/kusei/soumu01_002090_00016.html,72349f6e321e79ccc3076036e07386763398510bfb6bb2154b4cd3d6a2d85d58,議決結果表 第60号議案,第60号議案 区設掲示板用マグネット画板等の買入れについて 原案可決,supported,e9c8a2972932ce2a07035c9dd5937e07af8763da75dc9c6a75c9a4e3f4e37462
shinjuku-2026-r2-gian-60,hard,content,B60-H-14,本契約は議決日の翌日に締結される,https://www.city.shinjuku.lg.jp/content/000456353.pdf,e1be5ac0c08d22dc59916c81fd24bd972ef44b601f8cd65ba76fc5d1f9d35c92,第60号議案 3 契約月日,本契約 議決日の翌日,supported,e9c8a2972932ce2a07035c9dd5937e07af8763da75dc9c6a75c9a4e3f4e37462
shinjuku-2026-r2-gian-60,hard,content,B60-H-15,議案本文に支出科目等の記載はない,https://www.city.shinjuku.lg.jp/content/000457659.pdf,401ec865c2ed11c15c222a2106a1551a27a3ef5edb13c312952546375d77d428,議案本文全体,１ 買入れ の 目 的 … ２ 種類及 び 数 量 … ３ 買入金 額 … （提案 理 由 ）,supported,e9c8a2972932ce2a07035c9dd5937e07af8763da75dc9c6a75c9a4e3f4e37462
shinjuku-2026-r2-gian-60,hard,content,B60-H-16,寸法・総数・設置作業の扱い・単価・入札の指名業者数は一次資料から確認できない,https://www.city.shinjuku.lg.jp/content/000457659.pdf,401ec865c2ed11c15c222a2106a1551a27a3ef5edb13c312952546375d77d428,出典に記載がない事項,（本件は解説本文が「一次資料からは確認できない」と明示している箇所であり、事実主張ではない）,needs_source,e9c8a2972932ce2a07035c9dd5937e07af8763da75dc9c6a75c9a4e3f4e37462
shinjuku-2026-r2-gian-60,hard,title,B60-HT-01,見出し: 正式件名は区設掲示板用マグネット画板等の買入れについてである,https://www.city.shinjuku.lg.jp/kusei/soumu01_002090_00016.html,72349f6e321e79ccc3076036e07386763398510bfb6bb2154b4cd3d6a2d85d58,議決結果表 第60号議案,第60号議案 区設掲示板用マグネット画板等の買入れについて,supported,e9c8a2972932ce2a07035c9dd5937e07af8763da75dc9c6a75c9a4e3f4e37462
shinjuku-2026-r2-gian-60,hard,summary,B60-HS-01,要約: 指名競争入札により株式会社地域シャワーコムと締結する,https://www.city.shinjuku.lg.jp/content/000456353.pdf,e1be5ac0c08d22dc59916c81fd24bd972ef44b601f8cd65ba76fc5d1f9d35c92,第60号議案 5・7,指名競争入札…株式会社地域シャワーコム,supported,e9c8a2972932ce2a07035c9dd5937e07af8763da75dc9c6a75c9a4e3f4e37462
shinjuku-2026-r2-gian-60,hard,summary,B60-HS-02,"要約: 買入金額は7,930万7,800円である",https://www.city.shinjuku.lg.jp/content/000457659.pdf,401ec865c2ed11c15c222a2106a1551a27a3ef5edb13c312952546375d77d428,議案本文 3 買入金額,"7,93 0 万 7 , 8 0 0 円",supported,e9c8a2972932ce2a07035c9dd5937e07af8763da75dc9c6a75c9a4e3f4e37462
shinjuku-2026-r2-gian-60,hard,summary,B60-HS-03,要約: 掲示板（大）及びマグネットボード（大）737基、掲示板（小）及びマグネットボード（小）30基である,https://www.city.shinjuku.lg.jp/content/000457659.pdf,401ec865c2ed11c15c222a2106a1551a27a3ef5edb13c312952546375d77d428,議案本文 2 種類及び数量,⑴ 掲示板（ 大 ） 及 び マ グ ネ ッ ト ボ ー ド （ 大 ） 737 基…⑵ 掲示板（ 小 ） 及 び マ グ ネ ッ ト ボ ー ド （ 小 ） 30 基,supported,e9c8a2972932ce2a07035c9dd5937e07af8763da75dc9c6a75c9a4e3f4e37462
shinjuku-2026-r2-gian-60,hard,summary,B60-HS-04,要約: 納期は本契約締結日の翌日から令和9年3月31日までである,https://www.city.shinjuku.lg.jp/content/000456353.pdf,e1be5ac0c08d22dc59916c81fd24bd972ef44b601f8cd65ba76fc5d1f9d35c92,第60号議案 4 納期,本契約締結日の翌日から令和 9 年 3 月 31 日まで,supported,e9c8a2972932ce2a07035c9dd5937e07af8763da75dc9c6a75c9a4e3f4e37462
shinjuku-2026-r2-gian-60,hard,summary,B60-HS-05,要約: 納入場所は新宿区指定の場所である,https://www.city.shinjuku.lg.jp/content/000456353.pdf,e1be5ac0c08d22dc59916c81fd24bd972ef44b601f8cd65ba76fc5d1f9d35c92,第60号議案 2 納入場所,新宿区指定の場所,supported,e9c8a2972932ce2a07035c9dd5937e07af8763da75dc9c6a75c9a4e3f4e37462
shinjuku-2026-r2-gian-61,normal,content,B61-N-01,道路改良工事（江戸川橋通り第Ⅰ期）（その2）の請負契約である,https://www.city.shinjuku.lg.jp/content/000458535.pdf,d34b802d20c7cd980c29ee6b449b8a56382a87f0579bef9ac8f47c7d44fd5b2a,議案本文,道 路 改 良 工 事 （ 江 戸 川 橋 通 り 第 Ⅰ 期 ） （ そ の 2） 施 行 の た め 、 下記のとおり請負契約を締結する。,supported,3e6d97d111de306834df5c1fda87016c10fb4a410cd30306b179452df2f1aaaa
shinjuku-2026-r2-gian-61,normal,content,B61-N-02,提出日は令和8年6月19日である,https://www.city.shinjuku.lg.jp/content/000458535.pdf,d34b802d20c7cd980c29ee6b449b8a56382a87f0579bef9ac8f47c7d44fd5b2a,議案本文末尾,令和８年６月１９日 提出者 新宿区長 吉住 健一,supported,3e6d97d111de306834df5c1fda87016c10fb4a410cd30306b179452df2f1aaaa
shinjuku-2026-r2-gian-61,normal,content,B61-N-03,他の多くの議案は令和8年6月10日提出である,https://www.city.shinjuku.lg.jp/content/000457656.pdf,7429c78b3b5d63d279f3ae8f41e883b63c88bd8365d5ca2dad0e91824d476502,議案本文末尾,令和８年６月１０日 提出者 新宿区長 吉住 健一,supported,3e6d97d111de306834df5c1fda87016c10fb4a410cd30306b179452df2f1aaaa
shinjuku-2026-r2-gian-61,normal,content,B61-N-04,工事場所は東京都新宿区天神町63番地先から山吹町293番地先までである,https://www.city.shinjuku.lg.jp/content/000458106.pdf,f553a43c27864291cb20e4552c3725687b4cf75df5bd85647defc1a518209ec7,第61号議案 2 工事場所,東京都新宿区天神町 63 番地先から山吹町 293 番地先まで,supported,3e6d97d111de306834df5c1fda87016c10fb4a410cd30306b179452df2f1aaaa
shinjuku-2026-r2-gian-61,normal,content,B61-N-05,工事概要は土工・仮設工・排水施設工・街築工・舗装工・交通安全施設工・下水道施設工である,https://www.city.shinjuku.lg.jp/content/000458106.pdf,f553a43c27864291cb20e4552c3725687b4cf75df5bd85647defc1a518209ec7,第61号議案 1 工事概要,⑴ 土工 一式 ⑵ 仮設工 一式 ⑶ 排水施設工 一式 ⑷ 街築工 一式 ⑸ 舗装工 一式 ⑹ 交通安全施設工 一式 ⑺ 下水道施設工 一式,supported,3e6d97d111de306834df5c1fda87016c10fb4a410cd30306b179452df2f1aaaa
shinjuku-2026-r2-gian-61,normal,content,B61-N-06,契約の方法は随意契約である,https://www.city.shinjuku.lg.jp/content/000458535.pdf,d34b802d20c7cd980c29ee6b449b8a56382a87f0579bef9ac8f47c7d44fd5b2a,議案本文 2 契約の方法,随意契約,supported,3e6d97d111de306834df5c1fda87016c10fb4a410cd30306b179452df2f1aaaa
shinjuku-2026-r2-gian-61,normal,content,B61-N-07,"契約金額は2億4,685万9,800円である",https://www.city.shinjuku.lg.jp/content/000458535.pdf,d34b802d20c7cd980c29ee6b449b8a56382a87f0579bef9ac8f47c7d44fd5b2a,議案本文 3 契約金額,"2 億 4,685 万 9,800 円",supported,3e6d97d111de306834df5c1fda87016c10fb4a410cd30306b179452df2f1aaaa
shinjuku-2026-r2-gian-61,normal,content,B61-N-08,契約の相手方は常盤工業株式会社 東京支店である,https://www.city.shinjuku.lg.jp/content/000458535.pdf,d34b802d20c7cd980c29ee6b449b8a56382a87f0579bef9ac8f47c7d44fd5b2a,議案本文 4 契約の相手方,常盤工業株式会社 東京支店,supported,3e6d97d111de306834df5c1fda87016c10fb4a410cd30306b179452df2f1aaaa
shinjuku-2026-r2-gian-61,normal,content,B61-N-09,相手方の所在地は東京都新宿区新宿一丁目14番5号である,https://www.city.shinjuku.lg.jp/content/000458535.pdf,d34b802d20c7cd980c29ee6b449b8a56382a87f0579bef9ac8f47c7d44fd5b2a,議案本文 4 契約の相手方,東 京 都 新 宿 区 新 宿 一 丁 目 14 番 5 号,supported,3e6d97d111de306834df5c1fda87016c10fb4a410cd30306b179452df2f1aaaa
shinjuku-2026-r2-gian-61,normal,content,B61-N-10,相手方の代表者は執行役員支店長 福岳雄一郎、資本金は1億円である,https://www.city.shinjuku.lg.jp/content/000458106.pdf,f553a43c27864291cb20e4552c3725687b4cf75df5bd85647defc1a518209ec7,第61号議案 7 契約の相手方,執行役員支店長 福岳 雄一郎 資本金 1 億円,supported,3e6d97d111de306834df5c1fda87016c10fb4a410cd30306b179452df2f1aaaa
shinjuku-2026-r2-gian-61,normal,content,B61-N-11,仮契約は令和8年6月15日（月）、本契約は議決日の翌日である,https://www.city.shinjuku.lg.jp/content/000458106.pdf,f553a43c27864291cb20e4552c3725687b4cf75df5bd85647defc1a518209ec7,第61号議案 3 契約月日,仮契約 令和 8 年 6 月 15 日（月） 本契約 議決日の翌日,supported,3e6d97d111de306834df5c1fda87016c10fb4a410cd30306b179452df2f1aaaa
shinjuku-2026-r2-gian-61,normal,content,B61-N-12,工期は本契約締結日の翌日から令和9年3月29日までである,https://www.city.shinjuku.lg.jp/content/000458106.pdf,f553a43c27864291cb20e4552c3725687b4cf75df5bd85647defc1a518209ec7,第61号議案 4 工期,本契約締結日の翌日から令和 9 年 3 月 29 日まで,supported,3e6d97d111de306834df5c1fda87016c10fb4a410cd30306b179452df2f1aaaa
shinjuku-2026-r2-gian-61,normal,content,B61-N-13,支出科目等は令和8年度 区一般会計歳出 土木費 道路橋りょう費の道路新設改良費 工事請負費である,https://www.city.shinjuku.lg.jp/content/000458535.pdf,d34b802d20c7cd980c29ee6b449b8a56382a87f0579bef9ac8f47c7d44fd5b2a,議案本文 5 支出科目等,令和 8 年度 区一般会計歳出 土木費 道路橋りょう費 道路新設改良費 工事請負費,supported,3e6d97d111de306834df5c1fda87016c10fb4a410cd30306b179452df2f1aaaa
shinjuku-2026-r2-gian-61,normal,content,B61-N-14,支出科目等には受託事業費 工事請負費も含まれる,https://www.city.shinjuku.lg.jp/content/000458535.pdf,d34b802d20c7cd980c29ee6b449b8a56382a87f0579bef9ac8f47c7d44fd5b2a,議案本文 5 支出科目等,令和 8 年度 区一般会計歳出 土木費 道路橋りょう費 受託事業費 工事請負費,supported,3e6d97d111de306834df5c1fda87016c10fb4a410cd30306b179452df2f1aaaa
shinjuku-2026-r2-gian-61,normal,content,B61-N-15,令和8年第2回定例会で原案可決された,https://www.city.shinjuku.lg.jp/kusei/soumu01_002090_00016.html,72349f6e321e79ccc3076036e07386763398510bfb6bb2154b4cd3d6a2d85d58,議決結果表 第61号議案,第61号議案 道路改良工事（江戸川橋通り第1期）（その2）請負契約 原案可決,supported,3e6d97d111de306834df5c1fda87016c10fb4a410cd30306b179452df2f1aaaa
shinjuku-2026-r2-gian-61,normal,content,B61-N-16,延長や幅員・工区の分け方・随意契約の理由・交通規制は資料に書かれていない,https://www.city.shinjuku.lg.jp/content/000458535.pdf,d34b802d20c7cd980c29ee6b449b8a56382a87f0579bef9ac8f47c7d44fd5b2a,出典に記載がない事項,（本件は解説本文が「議案の資料には書かれていません」と明示している箇所であり、事実主張ではない）,needs_source,3e6d97d111de306834df5c1fda87016c10fb4a410cd30306b179452df2f1aaaa
shinjuku-2026-r2-gian-61,normal,title,B61-NT-01,見出し: 江戸川橋通りの道路改良工事（その2）の契約である,https://www.city.shinjuku.lg.jp/content/000458535.pdf,d34b802d20c7cd980c29ee6b449b8a56382a87f0579bef9ac8f47c7d44fd5b2a,議案本文,道 路 改 良 工 事（ 江 戸 川 橋 通 り 第 Ⅰ 期 ）（ そ の 2 ）,supported,3e6d97d111de306834df5c1fda87016c10fb4a410cd30306b179452df2f1aaaa
shinjuku-2026-r2-gian-61,normal,summary,B61-NS-01,要約: 工事場所は天神町63番地先から山吹町293番地先までである,https://www.city.shinjuku.lg.jp/content/000458106.pdf,f553a43c27864291cb20e4552c3725687b4cf75df5bd85647defc1a518209ec7,第61号議案 2 工事場所,東京都新宿区天神町 63 番地先から山吹町 293 番地先まで,supported,3e6d97d111de306834df5c1fda87016c10fb4a410cd30306b179452df2f1aaaa
shinjuku-2026-r2-gian-61,normal,summary,B61-NS-02,"要約: 契約金額は2億4,685万9,800円である",https://www.city.shinjuku.lg.jp/content/000458535.pdf,d34b802d20c7cd980c29ee6b449b8a56382a87f0579bef9ac8f47c7d44fd5b2a,議案本文 3 契約金額,"2 億 4,685 万 9,800 円",supported,3e6d97d111de306834df5c1fda87016c10fb4a410cd30306b179452df2f1aaaa
shinjuku-2026-r2-gian-61,normal,summary,B61-NS-03,要約: 相手方は常盤工業株式会社東京支店、随意契約である,https://www.city.shinjuku.lg.jp/content/000458535.pdf,d34b802d20c7cd980c29ee6b449b8a56382a87f0579bef9ac8f47c7d44fd5b2a,議案本文 2・4,随意契約…常盤工業株式会社 東京支店,supported,3e6d97d111de306834df5c1fda87016c10fb4a410cd30306b179452df2f1aaaa
shinjuku-2026-r2-gian-61,normal,summary,B61-NS-04,要約: 工期は本契約締結日の翌日から令和9年3月29日までである,https://www.city.shinjuku.lg.jp/content/000458106.pdf,f553a43c27864291cb20e4552c3725687b4cf75df5bd85647defc1a518209ec7,第61号議案 4 工期,本契約締結日の翌日から令和 9 年 3 月 29 日まで,supported,3e6d97d111de306834df5c1fda87016c10fb4a410cd30306b179452df2f1aaaa
shinjuku-2026-r2-gian-61,hard,content,B61-H-01,提出日は令和8年6月19日である,https://www.city.shinjuku.lg.jp/content/000458535.pdf,d34b802d20c7cd980c29ee6b449b8a56382a87f0579bef9ac8f47c7d44fd5b2a,議案本文末尾,令和８年６月１９日 提出者 新宿区長 吉住 健一,supported,bbf4c6972c6d176a419e373bfccddc601e746cca075954cb5607b220c6a39a61
shinjuku-2026-r2-gian-61,hard,content,B61-H-02,提出者は新宿区長 吉住健一である,https://www.city.shinjuku.lg.jp/content/000458535.pdf,d34b802d20c7cd980c29ee6b449b8a56382a87f0579bef9ac8f47c7d44fd5b2a,議案本文末尾,提出者 新宿区長 吉住 健一,supported,bbf4c6972c6d176a419e373bfccddc601e746cca075954cb5607b220c6a39a61
shinjuku-2026-r2-gian-61,hard,content,B61-H-03,契約の目的は道路改良工事（江戸川橋通り第Ⅰ期）（その2）である,https://www.city.shinjuku.lg.jp/content/000458535.pdf,d34b802d20c7cd980c29ee6b449b8a56382a87f0579bef9ac8f47c7d44fd5b2a,議案本文 1 契約の目的,道 路 改 良 工 事（ 江 戸 川 橋 通 り 第 Ⅰ 期 ）（ そ の 2 ）,supported,bbf4c6972c6d176a419e373bfccddc601e746cca075954cb5607b220c6a39a61
shinjuku-2026-r2-gian-61,hard,content,B61-H-04,提案理由は当該工事を施行する必要があるためである,https://www.city.shinjuku.lg.jp/content/000458535.pdf,d34b802d20c7cd980c29ee6b449b8a56382a87f0579bef9ac8f47c7d44fd5b2a,提案理由,道 路 改 良 工 事（ 江 戸 川 橋 通 り 第 Ⅰ 期 ）（ そ の 2 ）を 施 行 す る 必 要 が あるため,supported,bbf4c6972c6d176a419e373bfccddc601e746cca075954cb5607b220c6a39a61
shinjuku-2026-r2-gian-61,hard,content,B61-H-05,議案全文PDFはローマ数字の「第Ⅰ期」を用いている,https://www.city.shinjuku.lg.jp/content/000458535.pdf,d34b802d20c7cd980c29ee6b449b8a56382a87f0579bef9ac8f47c7d44fd5b2a,議案本文,道 路 改 良 工 事（ 江 戸 川 橋 通 り 第 Ⅰ 期 ）（ そ の 2 ）請 負契約,supported,bbf4c6972c6d176a419e373bfccddc601e746cca075954cb5607b220c6a39a61
shinjuku-2026-r2-gian-61,hard,content,B61-H-06,提出案件概要もローマ数字の「第Ⅰ期」を用いている,https://www.city.shinjuku.lg.jp/content/000458106.pdf,f553a43c27864291cb20e4552c3725687b4cf75df5bd85647defc1a518209ec7,第61号議案 件名,道路改良工事（江戸川橋通り第Ⅰ期）（その 2）請負契約,supported,bbf4c6972c6d176a419e373bfccddc601e746cca075954cb5607b220c6a39a61
shinjuku-2026-r2-gian-61,hard,content,B61-H-07,区の議決結果ページはアラビア数字の「第1期」を用いている,https://www.city.shinjuku.lg.jp/kusei/soumu01_002090_00016.html,72349f6e321e79ccc3076036e07386763398510bfb6bb2154b4cd3d6a2d85d58,議決結果表 第61号議案,第61号議案 道路改良工事（江戸川橋通り第1期）（その2）請負契約 原案可決,supported,bbf4c6972c6d176a419e373bfccddc601e746cca075954cb5607b220c6a39a61
shinjuku-2026-r2-gian-61,hard,content,B61-H-08,区の提出議案一覧ページもアラビア数字の「第1期」を用いている,https://www.city.shinjuku.lg.jp/kusei/kuseijoho01_001109_02.html,5b89b0ac424b6489b7f68c9e81478aa25584ebdff4ba40e1d188dcc3a9fadca4,提出議案一覧,道路改良工事（江戸川橋通り第1期）（その2）請負契約,supported,bbf4c6972c6d176a419e373bfccddc601e746cca075954cb5607b220c6a39a61
shinjuku-2026-r2-gian-61,hard,content,B61-H-09,契約の方法は随意契約である,https://www.city.shinjuku.lg.jp/content/000458535.pdf,d34b802d20c7cd980c29ee6b449b8a56382a87f0579bef9ac8f47c7d44fd5b2a,議案本文 2 契約の方法,随意契約,supported,bbf4c6972c6d176a419e373bfccddc601e746cca075954cb5607b220c6a39a61
shinjuku-2026-r2-gian-61,hard,content,B61-H-10,概要資料の契約の方法も随意契約である,https://www.city.shinjuku.lg.jp/content/000458106.pdf,f553a43c27864291cb20e4552c3725687b4cf75df5bd85647defc1a518209ec7,第61号議案 5 契約の方法,随意契約,supported,bbf4c6972c6d176a419e373bfccddc601e746cca075954cb5607b220c6a39a61
shinjuku-2026-r2-gian-61,hard,content,B61-H-11,"契約金額は2億4,685万9,800円である",https://www.city.shinjuku.lg.jp/content/000458535.pdf,d34b802d20c7cd980c29ee6b449b8a56382a87f0579bef9ac8f47c7d44fd5b2a,議案本文 3 契約金額,"2 億 4,685 万 9,800 円",supported,bbf4c6972c6d176a419e373bfccddc601e746cca075954cb5607b220c6a39a61
shinjuku-2026-r2-gian-61,hard,content,B61-H-12,"概要資料の契約金額も2億4,685万9,800円である",https://www.city.shinjuku.lg.jp/content/000458106.pdf,f553a43c27864291cb20e4552c3725687b4cf75df5bd85647defc1a518209ec7,第61号議案 6 契約金額,"2 億 4,685 万 9,800 円",supported,bbf4c6972c6d176a419e373bfccddc601e746cca075954cb5607b220c6a39a61
shinjuku-2026-r2-gian-61,hard,content,B61-H-13,工事場所は東京都新宿区天神町63番地先から山吹町293番地先までである,https://www.city.shinjuku.lg.jp/content/000458106.pdf,f553a43c27864291cb20e4552c3725687b4cf75df5bd85647defc1a518209ec7,第61号議案 2 工事場所,東京都新宿区天神町 63 番地先から山吹町 293 番地先まで,supported,bbf4c6972c6d176a419e373bfccddc601e746cca075954cb5607b220c6a39a61
shinjuku-2026-r2-gian-61,hard,content,B61-H-14,仮契約日は令和8年6月15日（月）であり提出日（6月19日）より前である,https://www.city.shinjuku.lg.jp/content/000458106.pdf,f553a43c27864291cb20e4552c3725687b4cf75df5bd85647defc1a518209ec7,第61号議案 3 契約月日,仮契約 令和 8 年 6 月 15 日（月）,supported,bbf4c6972c6d176a419e373bfccddc601e746cca075954cb5607b220c6a39a61
shinjuku-2026-r2-gian-61,hard,content,B61-H-15,工期は本契約締結日の翌日から令和9年3月29日までである,https://www.city.shinjuku.lg.jp/content/000458106.pdf,f553a43c27864291cb20e4552c3725687b4cf75df5bd85647defc1a518209ec7,第61号議案 4 工期,本契約締結日の翌日から令和 9 年 3 月 29 日まで,supported,bbf4c6972c6d176a419e373bfccddc601e746cca075954cb5607b220c6a39a61
shinjuku-2026-r2-gian-61,hard,content,B61-H-16,工事概要には下水道施設工が含まれる,https://www.city.shinjuku.lg.jp/content/000458106.pdf,f553a43c27864291cb20e4552c3725687b4cf75df5bd85647defc1a518209ec7,第61号議案 1 工事概要,⑺ 下水道施設工 一式,supported,bbf4c6972c6d176a419e373bfccddc601e746cca075954cb5607b220c6a39a61
shinjuku-2026-r2-gian-61,hard,content,B61-H-17,支出科目等は道路新設改良費と受託事業費の2つの科目に分かれる,https://www.city.shinjuku.lg.jp/content/000458535.pdf,d34b802d20c7cd980c29ee6b449b8a56382a87f0579bef9ac8f47c7d44fd5b2a,議案本文 5 支出科目等,道路橋りょう費 道路新設改良費 工事請負費 … 道路橋りょう費 受託事業費 工事請負費,supported,bbf4c6972c6d176a419e373bfccddc601e746cca075954cb5607b220c6a39a61
shinjuku-2026-r2-gian-61,hard,content,B61-H-18,受託事業費が下水道施設工に対応するという明示は一次資料にない,https://www.city.shinjuku.lg.jp/content/000458535.pdf,d34b802d20c7cd980c29ee6b449b8a56382a87f0579bef9ac8f47c7d44fd5b2a,出典に記載がない事項,（本件は解説本文が「明示は一次資料にない」と明示している箇所であり、事実主張ではない）,needs_source,bbf4c6972c6d176a419e373bfccddc601e746cca075954cb5607b220c6a39a61
shinjuku-2026-r2-gian-61,hard,content,B61-H-19,令和8年第2回定例会において原案可決された,https://www.city.shinjuku.lg.jp/kusei/soumu01_002090_00016.html,72349f6e321e79ccc3076036e07386763398510bfb6bb2154b4cd3d6a2d85d58,議決結果表 第61号議案,第61号議案 道路改良工事（江戸川橋通り第1期）（その2）請負契約 原案可決,supported,bbf4c6972c6d176a419e373bfccddc601e746cca075954cb5607b220c6a39a61
shinjuku-2026-r2-gian-61,hard,content,B61-H-20,本契約は議決日の翌日に締結される,https://www.city.shinjuku.lg.jp/content/000458106.pdf,f553a43c27864291cb20e4552c3725687b4cf75df5bd85647defc1a518209ec7,第61号議案 3 契約月日,本契約 議決日の翌日,supported,bbf4c6972c6d176a419e373bfccddc601e746cca075954cb5607b220c6a39a61
shinjuku-2026-r2-gian-61,hard,content,B61-H-21,第42号議案の補正予算と本契約との対応関係は一次資料にない,https://www.city.shinjuku.lg.jp/content/000458535.pdf,d34b802d20c7cd980c29ee6b449b8a56382a87f0579bef9ac8f47c7d44fd5b2a,出典に記載がない事項,（本件は解説本文が「両者を結び付ける記載は一次資料にない」と明示している箇所であり、事実主張ではない）,needs_source,bbf4c6972c6d176a419e373bfccddc601e746cca075954cb5607b220c6a39a61
shinjuku-2026-r2-gian-61,hard,content,B61-H-22,施工延長・幅員・工区の区分・随意契約の根拠条項は一次資料から確認できない,https://www.city.shinjuku.lg.jp/content/000458535.pdf,d34b802d20c7cd980c29ee6b449b8a56382a87f0579bef9ac8f47c7d44fd5b2a,出典に記載がない事項,（本件は解説本文が「一次資料からは確認できない」と明示している箇所であり、事実主張ではない）,needs_source,bbf4c6972c6d176a419e373bfccddc601e746cca075954cb5607b220c6a39a61
shinjuku-2026-r2-gian-61,hard,title,B61-HT-01,見出し: 区の一覧・議決結果ページの件名表記は道路改良工事（江戸川橋通り第1期）（その2）請負契約である,https://www.city.shinjuku.lg.jp/kusei/soumu01_002090_00016.html,72349f6e321e79ccc3076036e07386763398510bfb6bb2154b4cd3d6a2d85d58,議決結果表 第61号議案,第61号議案 道路改良工事（江戸川橋通り第1期）（その2）請負契約,supported,bbf4c6972c6d176a419e373bfccddc601e746cca075954cb5607b220c6a39a61
shinjuku-2026-r2-gian-61,hard,summary,B61-HS-01,要約: 随意契約により常盤工業株式会社東京支店と締結する,https://www.city.shinjuku.lg.jp/content/000458535.pdf,d34b802d20c7cd980c29ee6b449b8a56382a87f0579bef9ac8f47c7d44fd5b2a,議案本文 2・4,随意契約…常盤工業株式会社 東京支店,supported,bbf4c6972c6d176a419e373bfccddc601e746cca075954cb5607b220c6a39a61
shinjuku-2026-r2-gian-61,hard,summary,B61-HS-02,"要約: 契約金額は2億4,685万9,800円である",https://www.city.shinjuku.lg.jp/content/000458535.pdf,d34b802d20c7cd980c29ee6b449b8a56382a87f0579bef9ac8f47c7d44fd5b2a,議案本文 3 契約金額,"2 億 4,685 万 9,800 円",supported,bbf4c6972c6d176a419e373bfccddc601e746cca075954cb5607b220c6a39a61
shinjuku-2026-r2-gian-61,hard,summary,B61-HS-03,要約: 工事場所は東京都新宿区天神町63番地先から山吹町293番地先までである,https://www.city.shinjuku.lg.jp/content/000458106.pdf,f553a43c27864291cb20e4552c3725687b4cf75df5bd85647defc1a518209ec7,第61号議案 2 工事場所,東京都新宿区天神町 63 番地先から山吹町 293 番地先まで,supported,bbf4c6972c6d176a419e373bfccddc601e746cca075954cb5607b220c6a39a61
shinjuku-2026-r2-gian-61,hard,summary,B61-HS-04,要約: 工期は本契約締結日の翌日から令和9年3月29日までである,https://www.city.shinjuku.lg.jp/content/000458106.pdf,f553a43c27864291cb20e4552c3725687b4cf75df5bd85647defc1a518209ec7,第61号議案 4 工期,本契約締結日の翌日から令和 9 年 3 月 29 日まで,supported,bbf4c6972c6d176a419e373bfccddc601e746cca075954cb5607b220c6a39a61
shinjuku-2026-r2-gian-61,hard,summary,B61-HS-05,要約: 提出日は令和8年6月19日である,https://www.city.shinjuku.lg.jp/content/000458535.pdf,d34b802d20c7cd980c29ee6b449b8a56382a87f0579bef9ac8f47c7d44fd5b2a,議案本文末尾,令和８年６月１９日,supported,bbf4c6972c6d176a419e373bfccddc601e746cca075954cb5607b220c6a39a61
shinjuku-2026-r2-gian-62,normal,content,B62-N-01,すでに結んでいる工事請負契約の金額を変更する議案である,https://www.city.shinjuku.lg.jp/content/000458536.pdf,5eb92cf035a2c73da3e46038868e27cdbf8dd402e331fe18d72e5ec7d1978808,議案本文,新宿区立角筈区民ホール天井改修その他工事請負契約について、その契約金額を下記のとおり変更する。,supported,09f22960bb8c8b7e02e57a98273c0b3949467491228ce3394e6863d973bcccf7
shinjuku-2026-r2-gian-62,normal,content,B62-N-02,提出日は令和8年6月19日である,https://www.city.shinjuku.lg.jp/content/000458536.pdf,5eb92cf035a2c73da3e46038868e27cdbf8dd402e331fe18d72e5ec7d1978808,議案本文末尾,令和８年６月１９日 提出者 新宿区長 吉住 健一,supported,09f22960bb8c8b7e02e57a98273c0b3949467491228ce3394e6863d973bcccf7
shinjuku-2026-r2-gian-62,normal,content,B62-N-03,原契約は令和7年第2回新宿区議会定例会における議決に基づき締結されたものである,https://www.city.shinjuku.lg.jp/content/000458536.pdf,5eb92cf035a2c73da3e46038868e27cdbf8dd402e331fe18d72e5ec7d1978808,議案本文,令和 7 年第 2 回新宿区議会定例会における議決に基づき締結した,supported,09f22960bb8c8b7e02e57a98273c0b3949467491228ce3394e6863d973bcccf7
shinjuku-2026-r2-gian-62,normal,content,B62-N-04,工事場所は東京都新宿区西新宿四丁目33番7号である,https://www.city.shinjuku.lg.jp/content/000458106.pdf,f553a43c27864291cb20e4552c3725687b4cf75df5bd85647defc1a518209ec7,第62号議案 2 工事場所,東京都新宿区西新宿四丁目 33 番 7 号,supported,09f22960bb8c8b7e02e57a98273c0b3949467491228ce3394e6863d973bcccf7
shinjuku-2026-r2-gian-62,normal,content,B62-N-05,契約月日は令和7年6月20日である,https://www.city.shinjuku.lg.jp/content/000458106.pdf,f553a43c27864291cb20e4552c3725687b4cf75df5bd85647defc1a518209ec7,第62号議案 3 契約月日,令和 7 年 6 月 20 日,supported,09f22960bb8c8b7e02e57a98273c0b3949467491228ce3394e6863d973bcccf7
shinjuku-2026-r2-gian-62,normal,content,B62-N-06,工期は本契約締結日の翌日から令和9年1月29日までである,https://www.city.shinjuku.lg.jp/content/000458106.pdf,f553a43c27864291cb20e4552c3725687b4cf75df5bd85647defc1a518209ec7,第62号議案 4 工期,本契約締結日の翌日から令和 9 年 1 月 29 日まで,supported,09f22960bb8c8b7e02e57a98273c0b3949467491228ce3394e6863d973bcccf7
shinjuku-2026-r2-gian-62,normal,content,B62-N-07,受注者は菊池建設株式会社 新宿支店である,https://www.city.shinjuku.lg.jp/content/000458106.pdf,f553a43c27864291cb20e4552c3725687b4cf75df5bd85647defc1a518209ec7,第62号議案 7 受注者,菊池建設株式会社 新宿支店,supported,09f22960bb8c8b7e02e57a98273c0b3949467491228ce3394e6863d973bcccf7
shinjuku-2026-r2-gian-62,normal,content,B62-N-08,受注者の所在地は東京都新宿区大久保一丁目1番49号 タキカワ大久保ビル3階である,https://www.city.shinjuku.lg.jp/content/000458106.pdf,f553a43c27864291cb20e4552c3725687b4cf75df5bd85647defc1a518209ec7,第62号議案 7 受注者,東京都新宿区大久保一丁目 1 番 49 号 タキカワ大久保ビル 3 階,supported,09f22960bb8c8b7e02e57a98273c0b3949467491228ce3394e6863d973bcccf7
shinjuku-2026-r2-gian-62,normal,content,B62-N-09,受注者の代表者は支店長 鈴木喜博である,https://www.city.shinjuku.lg.jp/content/000458106.pdf,f553a43c27864291cb20e4552c3725687b4cf75df5bd85647defc1a518209ec7,第62号議案 7 受注者,支店長 鈴木 喜博,supported,09f22960bb8c8b7e02e57a98273c0b3949467491228ce3394e6863d973bcccf7
shinjuku-2026-r2-gian-62,normal,content,B62-N-10,"変更前の金額は6億3,140万円である",https://www.city.shinjuku.lg.jp/content/000458536.pdf,5eb92cf035a2c73da3e46038868e27cdbf8dd402e331fe18d72e5ec7d1978808,議案本文,"変更前 6 億 3,140 万円",supported,09f22960bb8c8b7e02e57a98273c0b3949467491228ce3394e6863d973bcccf7
shinjuku-2026-r2-gian-62,normal,content,B62-N-11,"変更後の金額は6億4,068万4,000円である",https://www.city.shinjuku.lg.jp/content/000458536.pdf,5eb92cf035a2c73da3e46038868e27cdbf8dd402e331fe18d72e5ec7d1978808,議案本文,"変更後 6 億 4,068 万 4,000 円",supported,09f22960bb8c8b7e02e57a98273c0b3949467491228ce3394e6863d973bcccf7
shinjuku-2026-r2-gian-62,normal,content,B62-N-12,"差額（増額）は928万4,000円（9,284,000円）である",https://www.city.shinjuku.lg.jp/content/000458106.pdf,f553a43c27864291cb20e4552c3725687b4cf75df5bd85647defc1a518209ec7,第62号議案 5 変更金額,"差額（増額） 9,284,000 円",supported,09f22960bb8c8b7e02e57a98273c0b3949467491228ce3394e6863d973bcccf7
shinjuku-2026-r2-gian-62,normal,content,B62-N-13,新労務単価は令和7年度当初の労務単価と比較して全国全職種平均で4.5%の上昇となった,https://www.city.shinjuku.lg.jp/content/000458106.pdf,f553a43c27864291cb20e4552c3725687b4cf75df5bd85647defc1a518209ec7,第62号議案 1 変更概要 ⑴ 変更理由,令和 7 年度当初の労務単価（旧労務単価）と比較して全国全職種平均では 4.5%の上昇となった。,supported,09f22960bb8c8b7e02e57a98273c0b3949467491228ce3394e6863d973bcccf7
shinjuku-2026-r2-gian-62,normal,content,B62-N-14,国は令和8年3月1日が工期内である工事のうち残工期が2か月以上ある工事案件について新労務単価を反映した請負代金額に変更する措置を講じている,https://www.city.shinjuku.lg.jp/content/000458106.pdf,f553a43c27864291cb20e4552c3725687b4cf75df5bd85647defc1a518209ec7,第62号議案 1 変更概要 ⑴ 変更理由,国は、賃金等の急激な変動に対処するため、令和 8 年 3 月 1 日が工期内である工事のうち、残工期が 2 か月以上ある工事案件について、新労務単価を反映した請負代金額に変更する措置を講じている。,supported,09f22960bb8c8b7e02e57a98273c0b3949467491228ce3394e6863d973bcccf7
shinjuku-2026-r2-gian-62,normal,content,B62-N-15,区も同様の措置を講ずることとし本件工事請負契約の請負代金額を変更する,https://www.city.shinjuku.lg.jp/content/000458106.pdf,f553a43c27864291cb20e4552c3725687b4cf75df5bd85647defc1a518209ec7,第62号議案 1 変更概要 ⑴ 変更理由,区においても、技能労働者への適切な賃金水準確保の重要性を踏まえ、同様の措置を講ずることとし、本件工事請負契約の請負代金額を変更する。,supported,09f22960bb8c8b7e02e57a98273c0b3949467491228ce3394e6863d973bcccf7
shinjuku-2026-r2-gian-62,normal,content,B62-N-16,変更内容は残工期に係る工事費に新労務単価を適用して積算した価格を基礎とした金額に変更するものである,https://www.city.shinjuku.lg.jp/content/000458106.pdf,f553a43c27864291cb20e4552c3725687b4cf75df5bd85647defc1a518209ec7,第62号議案 1 変更概要 ⑵ 変更内容,受注者からの協議に基づき、残工期に係る工事費に新労務単価を適用して積算した価格を基礎とした金額に変更する。,supported,09f22960bb8c8b7e02e57a98273c0b3949467491228ce3394e6863d973bcccf7
shinjuku-2026-r2-gian-62,normal,content,B62-N-17,変更月日は議決日の翌日である,https://www.city.shinjuku.lg.jp/content/000458106.pdf,f553a43c27864291cb20e4552c3725687b4cf75df5bd85647defc1a518209ec7,第62号議案 6 変更月日,議決日の翌日,supported,09f22960bb8c8b7e02e57a98273c0b3949467491228ce3394e6863d973bcccf7
shinjuku-2026-r2-gian-62,normal,content,B62-N-18,令和8年第2回定例会で原案可決された,https://www.city.shinjuku.lg.jp/kusei/soumu01_002090_00016.html,72349f6e321e79ccc3076036e07386763398510bfb6bb2154b4cd3d6a2d85d58,議決結果表 第62号議案,第62号議案 新宿区立角筈区民ホール天井改修その他工事請負契約の変更について 原案可決,supported,09f22960bb8c8b7e02e57a98273c0b3949467491228ce3394e6863d973bcccf7
shinjuku-2026-r2-gian-62,normal,content,B62-N-19,工事内容の変更の有無・残工期に係る工事費の額・当初契約の入札方法は資料に書かれていない,https://www.city.shinjuku.lg.jp/content/000458536.pdf,5eb92cf035a2c73da3e46038868e27cdbf8dd402e331fe18d72e5ec7d1978808,出典に記載がない事項,（本件は解説本文が「議案の資料には書かれていません」と明示している箇所であり、事実主張ではない）,needs_source,09f22960bb8c8b7e02e57a98273c0b3949467491228ce3394e6863d973bcccf7
shinjuku-2026-r2-gian-62,normal,title,B62-NT-01,見出し: 角筈区民ホール天井改修工事の契約金額を928万4千円増額する,https://www.city.shinjuku.lg.jp/content/000458106.pdf,f553a43c27864291cb20e4552c3725687b4cf75df5bd85647defc1a518209ec7,第62号議案 5 変更金額,"差額（増額） 9,284,000 円",supported,09f22960bb8c8b7e02e57a98273c0b3949467491228ce3394e6863d973bcccf7
shinjuku-2026-r2-gian-62,normal,summary,B62-NS-01,要約: 原契約は令和7年第2回定例会の議決に基づき結ばれた,https://www.city.shinjuku.lg.jp/content/000458536.pdf,5eb92cf035a2c73da3e46038868e27cdbf8dd402e331fe18d72e5ec7d1978808,議案本文,令和 7 年第 2 回新宿区議会定例会における議決に基づき締結した,supported,09f22960bb8c8b7e02e57a98273c0b3949467491228ce3394e6863d973bcccf7
shinjuku-2026-r2-gian-62,normal,summary,B62-NS-02,"要約: 契約金額を6億3,140万円から6億4,068万4,000円に変更する",https://www.city.shinjuku.lg.jp/content/000458536.pdf,5eb92cf035a2c73da3e46038868e27cdbf8dd402e331fe18d72e5ec7d1978808,議案本文,"変更前 6 億 3,140 万円 変更後 6 億 4,068 万 4,000 円",supported,09f22960bb8c8b7e02e57a98273c0b3949467491228ce3394e6863d973bcccf7
shinjuku-2026-r2-gian-62,normal,summary,B62-NS-03,要約: 国が定める公共工事設計労務単価が引き上げられたことに合わせた増額である,https://www.city.shinjuku.lg.jp/content/000458106.pdf,f553a43c27864291cb20e4552c3725687b4cf75df5bd85647defc1a518209ec7,第62号議案 1 変更概要 ⑴ 変更理由,国において決定された令和 8 年 3 月から適用される公共工事設計労務単価（新労務単価）,supported,09f22960bb8c8b7e02e57a98273c0b3949467491228ce3394e6863d973bcccf7
shinjuku-2026-r2-gian-62,hard,content,B62-H-01,提出日は令和8年6月19日である,https://www.city.shinjuku.lg.jp/content/000458536.pdf,5eb92cf035a2c73da3e46038868e27cdbf8dd402e331fe18d72e5ec7d1978808,議案本文末尾,令和８年６月１９日 提出者 新宿区長 吉住 健一,supported,4efd3a1845eb02525a083b9e976baae7ddddfba6207cb9edda3a3014cc6597ac
shinjuku-2026-r2-gian-62,hard,content,B62-H-02,提出者は新宿区長 吉住健一である,https://www.city.shinjuku.lg.jp/content/000458536.pdf,5eb92cf035a2c73da3e46038868e27cdbf8dd402e331fe18d72e5ec7d1978808,議案本文末尾,提出者 新宿区長 吉住 健一,supported,4efd3a1845eb02525a083b9e976baae7ddddfba6207cb9edda3a3014cc6597ac
shinjuku-2026-r2-gian-62,hard,content,B62-H-03,議案本文は令和7年第2回定例会の議決に基づき締結した契約の金額を変更する旨を述べる,https://www.city.shinjuku.lg.jp/content/000458536.pdf,5eb92cf035a2c73da3e46038868e27cdbf8dd402e331fe18d72e5ec7d1978808,議案本文,令和 7 年第 2 回新宿区議会定例会における議決に基づき締結した新宿区立角筈区民ホール天井改修その他工事請負契約について、その契約金額を下記のとおり変更する。,supported,4efd3a1845eb02525a083b9e976baae7ddddfba6207cb9edda3a3014cc6597ac
shinjuku-2026-r2-gian-62,hard,content,B62-H-04,提案理由は契約金額を変更する必要があるためである,https://www.city.shinjuku.lg.jp/content/000458536.pdf,5eb92cf035a2c73da3e46038868e27cdbf8dd402e331fe18d72e5ec7d1978808,提案理由,新宿区立角筈区民ホール天井改修その他工事請負契約の契約金額を変更する必要があるため,supported,4efd3a1845eb02525a083b9e976baae7ddddfba6207cb9edda3a3014cc6597ac
shinjuku-2026-r2-gian-62,hard,content,B62-H-05,"議案本文の変更前は6億3,140万円である",https://www.city.shinjuku.lg.jp/content/000458536.pdf,5eb92cf035a2c73da3e46038868e27cdbf8dd402e331fe18d72e5ec7d1978808,議案本文,"変更前 6 億 3,140 万円",supported,4efd3a1845eb02525a083b9e976baae7ddddfba6207cb9edda3a3014cc6597ac
shinjuku-2026-r2-gian-62,hard,content,B62-H-06,"議案本文の変更後は6億4,068万4,000円である",https://www.city.shinjuku.lg.jp/content/000458536.pdf,5eb92cf035a2c73da3e46038868e27cdbf8dd402e331fe18d72e5ec7d1978808,議案本文,"変更後 6 億 4,068 万 4,000 円",supported,4efd3a1845eb02525a083b9e976baae7ddddfba6207cb9edda3a3014cc6597ac
shinjuku-2026-r2-gian-62,hard,content,B62-H-07,"概要資料の変更前は631,400,000円である",https://www.city.shinjuku.lg.jp/content/000458106.pdf,f553a43c27864291cb20e4552c3725687b4cf75df5bd85647defc1a518209ec7,第62号議案 5 変更金額,"変更前 631,400,000 円",supported,4efd3a1845eb02525a083b9e976baae7ddddfba6207cb9edda3a3014cc6597ac
shinjuku-2026-r2-gian-62,hard,content,B62-H-08,"概要資料の変更後は640,684,000円である",https://www.city.shinjuku.lg.jp/content/000458106.pdf,f553a43c27864291cb20e4552c3725687b4cf75df5bd85647defc1a518209ec7,第62号議案 5 変更金額,"変更後 640,684,000 円",supported,4efd3a1845eb02525a083b9e976baae7ddddfba6207cb9edda3a3014cc6597ac
shinjuku-2026-r2-gian-62,hard,content,B62-H-09,"概要資料の差額（増額）は9,284,000円である",https://www.city.shinjuku.lg.jp/content/000458106.pdf,f553a43c27864291cb20e4552c3725687b4cf75df5bd85647defc1a518209ec7,第62号議案 5 変更金額,"差額（増額） 9,284,000 円",supported,4efd3a1845eb02525a083b9e976baae7ddddfba6207cb9edda3a3014cc6597ac
shinjuku-2026-r2-gian-62,hard,content,B62-H-10,工事場所は東京都新宿区西新宿四丁目33番7号である,https://www.city.shinjuku.lg.jp/content/000458106.pdf,f553a43c27864291cb20e4552c3725687b4cf75df5bd85647defc1a518209ec7,第62号議案 2 工事場所,東京都新宿区西新宿四丁目 33 番 7 号,supported,4efd3a1845eb02525a083b9e976baae7ddddfba6207cb9edda3a3014cc6597ac
shinjuku-2026-r2-gian-62,hard,content,B62-H-11,契約月日は令和7年6月20日である,https://www.city.shinjuku.lg.jp/content/000458106.pdf,f553a43c27864291cb20e4552c3725687b4cf75df5bd85647defc1a518209ec7,第62号議案 3 契約月日,令和 7 年 6 月 20 日,supported,4efd3a1845eb02525a083b9e976baae7ddddfba6207cb9edda3a3014cc6597ac
shinjuku-2026-r2-gian-62,hard,content,B62-H-12,工期は本契約締結日の翌日から令和9年1月29日までである,https://www.city.shinjuku.lg.jp/content/000458106.pdf,f553a43c27864291cb20e4552c3725687b4cf75df5bd85647defc1a518209ec7,第62号議案 4 工期,本契約締結日の翌日から令和 9 年 1 月 29 日まで,supported,4efd3a1845eb02525a083b9e976baae7ddddfba6207cb9edda3a3014cc6597ac
shinjuku-2026-r2-gian-62,hard,content,B62-H-13,受注者は菊池建設株式会社 新宿支店 支店長 鈴木喜博である,https://www.city.shinjuku.lg.jp/content/000458106.pdf,f553a43c27864291cb20e4552c3725687b4cf75df5bd85647defc1a518209ec7,第62号議案 7 受注者,菊池建設株式会社 新宿支店 支店長 鈴木 喜博,supported,4efd3a1845eb02525a083b9e976baae7ddddfba6207cb9edda3a3014cc6597ac
shinjuku-2026-r2-gian-62,hard,content,B62-H-14,変更月日は議決日の翌日である,https://www.city.shinjuku.lg.jp/content/000458106.pdf,f553a43c27864291cb20e4552c3725687b4cf75df5bd85647defc1a518209ec7,第62号議案 6 変更月日,議決日の翌日,supported,4efd3a1845eb02525a083b9e976baae7ddddfba6207cb9edda3a3014cc6597ac
shinjuku-2026-r2-gian-62,hard,content,B62-H-15,新労務単価は令和8年3月から適用されるものとして国において決定された,https://www.city.shinjuku.lg.jp/content/000458106.pdf,f553a43c27864291cb20e4552c3725687b4cf75df5bd85647defc1a518209ec7,第62号議案 1 変更概要 ⑴ 変更理由,国において決定された令和 8 年 3 月から適用される公共工事設計労務単価（新労務単価）,supported,4efd3a1845eb02525a083b9e976baae7ddddfba6207cb9edda3a3014cc6597ac
shinjuku-2026-r2-gian-62,hard,content,B62-H-16,新労務単価は技能労働者の不足等に伴う労働市場の実勢価格を反映させる観点によるものである,https://www.city.shinjuku.lg.jp/content/000458106.pdf,f553a43c27864291cb20e4552c3725687b4cf75df5bd85647defc1a518209ec7,第62号議案 1 変更概要 ⑴ 変更理由,技能労働者の不足等に伴う労働市場の実勢価格を適切・迅速に反映させる等の観点から,supported,4efd3a1845eb02525a083b9e976baae7ddddfba6207cb9edda3a3014cc6597ac
shinjuku-2026-r2-gian-62,hard,content,B62-H-17,全国全職種平均で4.5%の上昇である,https://www.city.shinjuku.lg.jp/content/000458106.pdf,f553a43c27864291cb20e4552c3725687b4cf75df5bd85647defc1a518209ec7,第62号議案 1 変更概要 ⑴ 変更理由,全国全職種平均では 4.5%の上昇となった。,supported,4efd3a1845eb02525a083b9e976baae7ddddfba6207cb9edda3a3014cc6597ac
shinjuku-2026-r2-gian-62,hard,content,B62-H-18,国の措置の対象要件は令和8年3月1日が工期内であることおよび残工期が2か月以上あることである,https://www.city.shinjuku.lg.jp/content/000458106.pdf,f553a43c27864291cb20e4552c3725687b4cf75df5bd85647defc1a518209ec7,第62号議案 1 変更概要 ⑴ 変更理由,令和 8 年 3 月 1 日が工期内である工事のうち、残工期が 2 か月以上ある工事案件について,supported,4efd3a1845eb02525a083b9e976baae7ddddfba6207cb9edda3a3014cc6597ac
shinjuku-2026-r2-gian-62,hard,content,B62-H-19,変更内容は受注者からの協議に基づくものである,https://www.city.shinjuku.lg.jp/content/000458106.pdf,f553a43c27864291cb20e4552c3725687b4cf75df5bd85647defc1a518209ec7,第62号議案 1 変更概要 ⑵ 変更内容,受注者からの協議に基づき,supported,4efd3a1845eb02525a083b9e976baae7ddddfba6207cb9edda3a3014cc6597ac
shinjuku-2026-r2-gian-62,hard,content,B62-H-20,令和8年第2回定例会において原案可決された,https://www.city.shinjuku.lg.jp/kusei/soumu01_002090_00016.html,72349f6e321e79ccc3076036e07386763398510bfb6bb2154b4cd3d6a2d85d58,議決結果表 第62号議案,第62号議案 新宿区立角筈区民ホール天井改修その他工事請負契約の変更について 原案可決,supported,4efd3a1845eb02525a083b9e976baae7ddddfba6207cb9edda3a3014cc6597ac
shinjuku-2026-r2-gian-62,hard,content,B62-H-21,第42号議案の角筈地域センターの設備整備の増額と本議案の増額が同一の工事を指すかは一次資料に明示されていない,https://www.city.shinjuku.lg.jp/content/000458536.pdf,5eb92cf035a2c73da3e46038868e27cdbf8dd402e331fe18d72e5ec7d1978808,出典に記載がない事項,（本件は解説本文が「一次資料に明示されていない」と明示している箇所であり、事実主張ではない）,needs_source,4efd3a1845eb02525a083b9e976baae7ddddfba6207cb9edda3a3014cc6597ac
shinjuku-2026-r2-gian-62,hard,content,B62-H-22,残工期に係る工事費の額・工事内容の変更の有無・原契約の契約方法は一次資料から確認できない,https://www.city.shinjuku.lg.jp/content/000458536.pdf,5eb92cf035a2c73da3e46038868e27cdbf8dd402e331fe18d72e5ec7d1978808,出典に記載がない事項,（本件は解説本文が「一次資料からは確認できない」と明示している箇所であり、事実主張ではない）,needs_source,4efd3a1845eb02525a083b9e976baae7ddddfba6207cb9edda3a3014cc6597ac
shinjuku-2026-r2-gian-62,hard,title,B62-HT-01,見出し: 正式件名は新宿区立角筈区民ホール天井改修その他工事請負契約の変更についてである,https://www.city.shinjuku.lg.jp/kusei/soumu01_002090_00016.html,72349f6e321e79ccc3076036e07386763398510bfb6bb2154b4cd3d6a2d85d58,議決結果表 第62号議案,第62号議案 新宿区立角筈区民ホール天井改修その他工事請負契約の変更について,supported,4efd3a1845eb02525a083b9e976baae7ddddfba6207cb9edda3a3014cc6597ac
shinjuku-2026-r2-gian-62,hard,summary,B62-HS-01,要約: 原契約は令和7年6月20日に締結された,https://www.city.shinjuku.lg.jp/content/000458106.pdf,f553a43c27864291cb20e4552c3725687b4cf75df5bd85647defc1a518209ec7,第62号議案 3 契約月日,令和 7 年 6 月 20 日,supported,4efd3a1845eb02525a083b9e976baae7ddddfba6207cb9edda3a3014cc6597ac
shinjuku-2026-r2-gian-62,hard,summary,B62-HS-02,"要約: 契約金額を631,400,000円から640,684,000円へ9,284,000円増額する",https://www.city.shinjuku.lg.jp/content/000458106.pdf,f553a43c27864291cb20e4552c3725687b4cf75df5bd85647defc1a518209ec7,第62号議案 5 変更金額,"変更前 631,400,000 円 変更後 640,684,000 円 差額（増額） 9,284,000 円",supported,4efd3a1845eb02525a083b9e976baae7ddddfba6207cb9edda3a3014cc6597ac
shinjuku-2026-r2-gian-62,hard,summary,B62-HS-03,要約: 公共工事設計労務単価の改定は全国全職種平均4.5%上昇である,https://www.city.shinjuku.lg.jp/content/000458106.pdf,f553a43c27864291cb20e4552c3725687b4cf75df5bd85647defc1a518209ec7,第62号議案 1 変更概要 ⑴ 変更理由,全国全職種平均では 4.5%の上昇となった。,supported,4efd3a1845eb02525a083b9e976baae7ddddfba6207cb9edda3a3014cc6597ac
shinjuku-2026-r2-gian-62,hard,summary,B62-HS-04,要約: 変更月日は議決日の翌日である,https://www.city.shinjuku.lg.jp/content/000458106.pdf,f553a43c27864291cb20e4552c3725687b4cf75df5bd85647defc1a518209ec7,第62号議案 6 変更月日,議決日の翌日,supported,4efd3a1845eb02525a083b9e976baae7ddddfba6207cb9edda3a3014cc6597ac
