item_key,difficulty,content_field,claim_id,final_claim,source_url,source_sha256,page_or_section,evidence_excerpt,verdict,reviewed_content_sha256
shinjuku-2026-r3-gian-63,easy,title,R63-ET-01,見出し: 子育て世帯の給付金などに予算を追加する,https://www.city.shinjuku.lg.jp/content/000464781.pdf,93d44af232d1809581b31a61b94e53e7c0c41067f55f64591e7970e1a8442cd6,6 子ども家庭費 (5),"子育て応援臨時給付金 380,000千円 物価高騰により家計への影響が大きい子育て … 世帯に対して臨時給付金を給付",supported,a5e34cddd1c6c4c3484506d935ff61216af3b1a8376851e14a191075d19d04b4
shinjuku-2026-r3-gian-63,easy,summary,R63-ES-01,"要約: 5億1,473万4千円（514,734千円）を追加する",https://www.city.shinjuku.lg.jp/content/000466336.pdf,ac5ebde955e1a8aa2959569f92a362a895c6390e09eb164f561ac2cd9583899e,第1条,"歳入歳出予算の総額に歳入歳出それぞれ 514,734 千円を追加し … 歳出予算の総額を歳入歳出それぞれ 190,097,732 千円とする",supported,a5e34cddd1c6c4c3484506d935ff61216af3b1a8376851e14a191075d19d04b4
shinjuku-2026-r3-gian-63,easy,summary,R63-ES-02,要約: 子育て世帯に児童1人1万円を給付する,https://www.city.shinjuku.lg.jp/content/000464781.pdf,93d44af232d1809581b31a61b94e53e7c0c41067f55f64591e7970e1a8442cd6,6 子ども家庭費 (5),"給付対象者 令和8年9月分の児童手当の受給者 … 給付金額 児童1人につき10,000円",supported,a5e34cddd1c6c4c3484506d935ff61216af3b1a8376851e14a191075d19d04b4
shinjuku-2026-r3-gian-63,easy,summary,R63-ES-03,要約: 福祉タクシー券・公衆浴場・保育の補助に使う,https://www.city.shinjuku.lg.jp/content/000464781.pdf,93d44af232d1809581b31a61b94e53e7c0c41067f55f64591e7970e1a8442cd6,5 福祉費 (1),"心身障害者への助成（タクシー 20,470千円 タクシー運賃の改定に伴い、助成額を増額 … 福祉タクシー利用券（月額） … 4,000円 → 4,400円",supported,a5e34cddd1c6c4c3484506d935ff61216af3b1a8376851e14a191075d19d04b4
shinjuku-2026-r3-gian-63,easy,summary,R63-ES-04,"要約: 4億3,701万7千円（437,017千円）は財政調整基金の取り崩しである",https://www.city.shinjuku.lg.jp/content/000464781.pdf,93d44af232d1809581b31a61b94e53e7c0c41067f55f64591e7970e1a8442cd6,歳入 17 繰入金,"１７ 繰入金 437,017千円 … 財政調整基金繰入金 437,017千円",supported,a5e34cddd1c6c4c3484506d935ff61216af3b1a8376851e14a191075d19d04b4
shinjuku-2026-r3-gian-63,easy,content,R63-E-01,"補正額は5億1,473万4千円、補正後の総額は1,900億9,773万2千円（190,097,732千円）",https://www.city.shinjuku.lg.jp/content/000466336.pdf,ac5ebde955e1a8aa2959569f92a362a895c6390e09eb164f561ac2cd9583899e,第1条,"歳入歳出予算の総額に歳入歳出それぞれ 514,734 千円を追加し … 歳出予算の総額を歳入歳出それぞれ 190,097,732 千円とする",supported,a5e34cddd1c6c4c3484506d935ff61216af3b1a8376851e14a191075d19d04b4
shinjuku-2026-r3-gian-63,easy,content,R63-E-02,区長が2026年（令和8年）9月16日（水）に提出した,https://www.city.shinjuku.lg.jp/content/000466336.pdf,ac5ebde955e1a8aa2959569f92a362a895c6390e09eb164f561ac2cd9583899e,議案本文 提出日・提出者,令和８年９月１６日 … 提出 … 新宿区長 … 吉 住 健 一,supported,a5e34cddd1c6c4c3484506d935ff61216af3b1a8376851e14a191075d19d04b4
shinjuku-2026-r3-gian-63,easy,content,R63-E-03,"子育て応援臨時給付金3億8,000万円。物価高騰で家計への影響が大きい子育て世帯が対象",https://www.city.shinjuku.lg.jp/content/000464781.pdf,93d44af232d1809581b31a61b94e53e7c0c41067f55f64591e7970e1a8442cd6,6 子ども家庭費 (5),"子育て応援臨時給付金 380,000千円 物価高騰により家計への影響が大きい子育て … 世帯に対して臨時給付金を給付",supported,a5e34cddd1c6c4c3484506d935ff61216af3b1a8376851e14a191075d19d04b4
shinjuku-2026-r3-gian-63,easy,content,R63-E-04,対象は令和8年9月分の児童手当の受給者、児童1人につき1万円,https://www.city.shinjuku.lg.jp/content/000464781.pdf,93d44af232d1809581b31a61b94e53e7c0c41067f55f64591e7970e1a8442cd6,6 子ども家庭費 (5),"給付対象者 令和8年9月分の児童手当の受給者 … 給付金額 児童1人につき10,000円",supported,a5e34cddd1c6c4c3484506d935ff61216af3b1a8376851e14a191075d19d04b4
shinjuku-2026-r3-gian-63,easy,content,R63-E-05,事務費847万5千円（振込手数料・案内の発送・システム改修など）,https://www.city.shinjuku.lg.jp/content/000464781.pdf,93d44af232d1809581b31a61b94e53e7c0c41067f55f64591e7970e1a8442cd6,6 子ども家庭費 (6),"事務費 8,475千円 ・口座振込手数料、案内等発送、システム改修 委託、職員手当、その他事務費",supported,a5e34cddd1c6c4c3484506d935ff61216af3b1a8376851e14a191075d19d04b4
shinjuku-2026-r3-gian-63,easy,content,R63-E-06,"令和8年熊本地震の被災地への物資提供等に伴い備蓄物資を整える（3,260万4千円）",https://www.city.shinjuku.lg.jp/content/000464781.pdf,93d44af232d1809581b31a61b94e53e7c0c41067f55f64591e7970e1a8442cd6,2 総務費 (1),"備蓄物資の充実 32,604千円 令和8年熊本地震被災地への支援物資の提供 … 等に伴う備蓄物資の整備",supported,a5e34cddd1c6c4c3484506d935ff61216af3b1a8376851e14a191075d19d04b4
shinjuku-2026-r3-gian-63,easy,content,R63-E-07,"中東情勢で影響を受けた事業者の信用保証料を全額補助、件数310件→453件、4,578万4千円",https://www.city.shinjuku.lg.jp/content/000464781.pdf,93d44af232d1809581b31a61b94e53e7c0c41067f55f64591e7970e1a8442cd6,4 文化観光産業費 (5),"45,784千円 中東情勢により事業活動に影響を受ける事業 … 者を支援するため、貸付信用保証料を全額補 … 助",supported,a5e34cddd1c6c4c3484506d935ff61216af3b1a8376851e14a191075d19d04b4
shinjuku-2026-r3-gian-63,easy,content,R63-E-08,利子補給の件数増（264→288、200→218、18→19、34→37）,https://www.city.shinjuku.lg.jp/content/000464781.pdf,93d44af232d1809581b31a61b94e53e7c0c41067f55f64591e7970e1a8442cd6,4 文化観光産業費 (1)〜(4),520千円 … 264件 → 288件 … 440千円 … 200件 → 218件 … 23千円 … 18件 → 19件 … 224千円 … 34件 → 37件,supported,a5e34cddd1c6c4c3484506d935ff61216af3b1a8376851e14a191075d19d04b4
shinjuku-2026-r3-gian-63,easy,content,R63-E-09,"文化観光産業費は4,699万1千円",https://www.city.shinjuku.lg.jp/content/000464781.pdf,93d44af232d1809581b31a61b94e53e7c0c41067f55f64591e7970e1a8442cd6,4 文化観光産業費,"４ 文化観光産業費 46,991千円",supported,a5e34cddd1c6c4c3484506d935ff61216af3b1a8376851e14a191075d19d04b4
shinjuku-2026-r3-gian-63,easy,content,R63-E-10,"福祉タクシー利用券 月4,000円→4,400円、2,047万円",https://www.city.shinjuku.lg.jp/content/000464781.pdf,93d44af232d1809581b31a61b94e53e7c0c41067f55f64591e7970e1a8442cd6,5 福祉費 (1),"心身障害者への助成（タクシー 20,470千円 タクシー運賃の改定に伴い、助成額を増額 … 福祉タクシー利用券（月額） … 4,000円 → 4,400円",supported,a5e34cddd1c6c4c3484506d935ff61216af3b1a8376851e14a191075d19d04b4
shinjuku-2026-r3-gian-63,easy,content,R63-E-11,"入浴料（12歳以上）550円→600円に伴い委託料を増額、1,493万円",https://www.city.shinjuku.lg.jp/content/000464781.pdf,93d44af232d1809581b31a61b94e53e7c0c41067f55f64591e7970e1a8442cd6,5 福祉費 (2),"高齢者健康増進事業（ふれあい 14,930千円 都内公衆浴場の入浴料改定に伴い、公衆浴場 … 組合への委託料を増額 … 入浴料（12歳以上） 550円 → 600円",supported,a5e34cddd1c6c4c3484506d935ff61216af3b1a8376851e14a191075d19d04b4
shinjuku-2026-r3-gian-63,easy,content,R63-E-12,"福祉費は3,540万円",https://www.city.shinjuku.lg.jp/content/000464781.pdf,93d44af232d1809581b31a61b94e53e7c0c41067f55f64591e7970e1a8442cd6,5 福祉費,"５ 福祉費 35,400千円",supported,a5e34cddd1c6c4c3484506d935ff61216af3b1a8376851e14a191075d19d04b4
shinjuku-2026-r3-gian-63,easy,content,R63-E-13,"認可外保育の給付 0〜2歳児42,000円→45,700円、3〜5歳児37,000円→40,300円",https://www.city.shinjuku.lg.jp/content/000464781.pdf,93d44af232d1809581b31a61b94e53e7c0c41067f55f64591e7970e1a8442cd6,6 子ども家庭費 (3),"施設等利用給付（認可外保育施 3,244千円 施設等利用給付費の単価を改定 … 0歳～2歳児クラス 42,000円 → 45,700円 … 3歳～5歳児クラス 37,000円 → 40,300円",supported,a5e34cddd1c6c4c3484506d935ff61216af3b1a8376851e14a191075d19d04b4
shinjuku-2026-r3-gian-63,easy,content,R63-E-14,"区の助成金 0〜2歳児38,000円→34,300円、3〜5歳児40,000円→36,700円",https://www.city.shinjuku.lg.jp/content/000464781.pdf,93d44af232d1809581b31a61b94e53e7c0c41067f55f64591e7970e1a8442cd6,6 子ども家庭費 (1)(2),"認可外保育施設利用（認証保育 △866千円 施設等利用給付費の単価改定に伴い、保護者 … 負担軽減助成金の単価を改定 … 0歳～2歳児クラス 38,000円 → 34,300円 … 3歳～5歳児クラス 40,000円 → 36,700円 … △2,378千円",supported,a5e34cddd1c6c4c3484506d935ff61216af3b1a8376851e14a191075d19d04b4
shinjuku-2026-r3-gian-63,easy,content,R63-E-15,"私立幼稚園等の給付25,700円→28,000円、預かり保育等の日額450円→490円",https://www.city.shinjuku.lg.jp/content/000464781.pdf,93d44af232d1809581b31a61b94e53e7c0c41067f55f64591e7970e1a8442cd6,10 教育費 (2)(3),"施設等利用給付（私立幼稚園 9,122千円 … 25,700円 → 28,000円 … 施設等利用給付（預かり保育等） 1,872千円 … 450円 → 490円",supported,a5e34cddd1c6c4c3484506d935ff61216af3b1a8376851e14a191075d19d04b4
shinjuku-2026-r3-gian-63,easy,content,R63-E-16,"満3歳児の預かり保育料補助16,300円→17,700円",https://www.city.shinjuku.lg.jp/content/000464781.pdf,93d44af232d1809581b31a61b94e53e7c0c41067f55f64591e7970e1a8442cd6,10 教育費 (1),"保護者負担軽減補助金 256千円 保護者負担軽減補助金の単価を改定 … 21,000円～25,400円 → 22,800～27,200円 … 満3歳児預かり保育料補助金（月額） … 16,300円 → 17,700円",supported,a5e34cddd1c6c4c3484506d935ff61216af3b1a8376851e14a191075d19d04b4
shinjuku-2026-r3-gian-63,easy,content,R63-E-17,一時保育の日額450円→490円,https://www.city.shinjuku.lg.jp/content/000464781.pdf,93d44af232d1809581b31a61b94e53e7c0c41067f55f64591e7970e1a8442cd6,6 子ども家庭費 (4),施設等利用給付（一時保育事 14千円 施設等利用給付費の単価を改定 … 給付額（日額） … 450円 → 490円,supported,a5e34cddd1c6c4c3484506d935ff61216af3b1a8376851e14a191075d19d04b4
shinjuku-2026-r3-gian-63,easy,content,R63-E-18,国庫支出金712万2千円,https://www.city.shinjuku.lg.jp/content/000464781.pdf,93d44af232d1809581b31a61b94e53e7c0c41067f55f64591e7970e1a8442cd6,歳入 13 国庫支出金,"１３ 国庫支出金 7,122千円 … 施設等利用給付費（子ども家庭費） 1,626千円 … 施設等利用給付費（教育費） 5,496千円",supported,a5e34cddd1c6c4c3484506d935ff61216af3b1a8376851e14a191075d19d04b4
shinjuku-2026-r3-gian-63,easy,content,R63-E-19,"都支出金7,059万5千円",https://www.city.shinjuku.lg.jp/content/000464781.pdf,93d44af232d1809581b31a61b94e53e7c0c41067f55f64591e7970e1a8442cd6,歳入 14 都支出金,"１４ 都支出金 70,595千円 … 施設等利用給付費（子ども家庭費） 812千円 … 施設等利用給付費（教育費） 2,748千円 … 避難者生活支援等事業費 9,413千円 … 認可外保育施設利用支援事業費 △2,138千円 … 物価高騰対応重点支援地方創生臨 59,504千円 … 時交付金 … 私立幼稚園児等保護者負担軽減費 256千円",supported,a5e34cddd1c6c4c3484506d935ff61216af3b1a8376851e14a191075d19d04b4
shinjuku-2026-r3-gian-63,easy,content,R63-E-20,"繰入金4億3,701万7千円はすべて財政調整基金から",https://www.city.shinjuku.lg.jp/content/000464781.pdf,93d44af232d1809581b31a61b94e53e7c0c41067f55f64591e7970e1a8442cd6,歳入 17 繰入金,"１７ 繰入金 437,017千円 … 財政調整基金繰入金 437,017千円",supported,a5e34cddd1c6c4c3484506d935ff61216af3b1a8376851e14a191075d19d04b4
shinjuku-2026-r3-gian-63,easy,content,R63-E-21,"財政調整基金の2026年度末残高見込み290億1,111万9千円",https://www.city.shinjuku.lg.jp/content/000464781.pdf,93d44af232d1809581b31a61b94e53e7c0c41067f55f64591e7970e1a8442cd6,財政調整基金現在高見込み,"7年度末現在高 30,194,924千円 … 既計上積立額 1,494,240千円 … 既計上取崩額 2,241,028千円 … 今回取崩額 437,017千円 … 8年度末現在高見込額 29,011,119千円",supported,a5e34cddd1c6c4c3484506d935ff61216af3b1a8376851e14a191075d19d04b4
shinjuku-2026-r3-gian-63,easy,content,R63-E-22,"商工業融資資金利子補給の債務負担行為の限度額を1億3,307万3千円→1億4,399万4千円、融資件数増のため",https://www.city.shinjuku.lg.jp/content/000464781.pdf,93d44af232d1809581b31a61b94e53e7c0c41067f55f64591e7970e1a8442cd6,債務負担行為（工事請負契約等）,"商工業融資資金利子補給 … ＜限度額の変更＞ 補正前：133,073千円 補正後：143,994千円 … 融資件数増に伴い利子補給金を増額するため",supported,a5e34cddd1c6c4c3484506d935ff61216af3b1a8376851e14a191075d19d04b4
shinjuku-2026-r3-gian-63,easy,content,R63-E-23,期間は令和9年度から令和18年度まで,https://www.city.shinjuku.lg.jp/content/000466336.pdf,ac5ebde955e1a8aa2959569f92a362a895c6390e09eb164f561ac2cd9583899e,第2表 債務負担行為（工事請負契約等）補正,"令和９年度 … 商工業融資資金利子補給 ～ １３３,０７３ ～ １４３,９９４ … 令和18年度 … 令和18年度",supported,a5e34cddd1c6c4c3484506d935ff61216af3b1a8376851e14a191075d19d04b4
shinjuku-2026-r3-gian-63,easy,content,R63-E-24,令和8年第3回定例会（会期 9月16日〜10月15日）に提出された,https://www.city.shinjuku.lg.jp/kusei/kuseijoho01_001109_03.html,31b8240a9210c5965a74134fca286bef83cc7b5e9eb4bae326847e0a170a89d0,提出議案一覧ページ,令和8年第3回定例会（会期：9月16日～10月15日）提出案件概要を掲載しました,supported,a5e34cddd1c6c4c3484506d935ff61216af3b1a8376851e14a191075d19d04b4
shinjuku-2026-r3-gian-63,easy,content,R63-E-25,作成時点（令和8年9月30日）で議決結果は公表されていない,https://www.city.shinjuku.lg.jp/content/000466336.pdf,ac5ebde955e1a8aa2959569f92a362a895c6390e09eb164f561ac2cd9583899e,審議状況,（作成時点の審議状況の記述であり、一次資料の記載による主張ではない）,needs_source,a5e34cddd1c6c4c3484506d935ff61216af3b1a8376851e14a191075d19d04b4
shinjuku-2026-r3-gian-63,easy,content,R63-E-26,給付対象の児童数・支給時期・申請の要否・備蓄物資の品目・保護者負担の増減は書かれていない,https://www.city.shinjuku.lg.jp/content/000466336.pdf,ac5ebde955e1a8aa2959569f92a362a895c6390e09eb164f561ac2cd9583899e,出典に記載がない事項,（本件は解説本文が「一次資料に記載がない」と明示している箇所であり、事実主張ではない）,needs_source,a5e34cddd1c6c4c3484506d935ff61216af3b1a8376851e14a191075d19d04b4
shinjuku-2026-r3-gian-63,normal,title,R63-NT-01,見出し: 子育て応援臨時給付金と物価・運賃改定への対応（補正第4号）,https://www.city.shinjuku.lg.jp/content/000464781.pdf,93d44af232d1809581b31a61b94e53e7c0c41067f55f64591e7970e1a8442cd6,6 子ども家庭費 (5),"子育て応援臨時給付金 380,000千円 物価高騰により家計への影響が大きい子育て … 世帯に対して臨時給付金を給付",supported,f4d31718071b45bca5516e8a2b0dd4096f5a5eb23be6a068d9110d607103321e
shinjuku-2026-r3-gian-63,normal,summary,R63-NS-01,"要約: 5億1,473万4千円を追加する",https://www.city.shinjuku.lg.jp/content/000466336.pdf,ac5ebde955e1a8aa2959569f92a362a895c6390e09eb164f561ac2cd9583899e,第1条,"歳入歳出予算の総額に歳入歳出それぞれ 514,734 千円を追加し … 歳出予算の総額を歳入歳出それぞれ 190,097,732 千円とする",supported,f4d31718071b45bca5516e8a2b0dd4096f5a5eb23be6a068d9110d607103321e
shinjuku-2026-r3-gian-63,normal,summary,R63-NS-02,要約: 児童手当の受給者に児童1人1万円を給付,https://www.city.shinjuku.lg.jp/content/000464781.pdf,93d44af232d1809581b31a61b94e53e7c0c41067f55f64591e7970e1a8442cd6,6 子ども家庭費 (5),"給付対象者 令和8年9月分の児童手当の受給者 … 給付金額 児童1人につき10,000円",supported,f4d31718071b45bca5516e8a2b0dd4096f5a5eb23be6a068d9110d607103321e
shinjuku-2026-r3-gian-63,normal,summary,R63-NS-03,要約: 備蓄物資、信用保証料全額補助、福祉タクシー券・公衆浴場、給付単価改定,https://www.city.shinjuku.lg.jp/content/000464781.pdf,93d44af232d1809581b31a61b94e53e7c0c41067f55f64591e7970e1a8442cd6,4 文化観光産業費 (5),"45,784千円 中東情勢により事業活動に影響を受ける事業 … 者を支援するため、貸付信用保証料を全額補 … 助",supported,f4d31718071b45bca5516e8a2b0dd4096f5a5eb23be6a068d9110d607103321e
shinjuku-2026-r3-gian-63,normal,summary,R63-NS-04,"要約: 財政調整基金の取り崩し4億3,701万7千円",https://www.city.shinjuku.lg.jp/content/000464781.pdf,93d44af232d1809581b31a61b94e53e7c0c41067f55f64591e7970e1a8442cd6,歳入 17 繰入金,"１７ 繰入金 437,017千円 … 財政調整基金繰入金 437,017千円",supported,f4d31718071b45bca5516e8a2b0dd4096f5a5eb23be6a068d9110d607103321e
shinjuku-2026-r3-gian-63,normal,content,R63-N-01,令和8年9月16日に区長が提出,https://www.city.shinjuku.lg.jp/content/000466336.pdf,ac5ebde955e1a8aa2959569f92a362a895c6390e09eb164f561ac2cd9583899e,議案本文 提出日・提出者,令和８年９月１６日 … 提出 … 新宿区長 … 吉 住 健 一,supported,f4d31718071b45bca5516e8a2b0dd4096f5a5eb23be6a068d9110d607103321e
shinjuku-2026-r3-gian-63,normal,content,R63-N-02,"514,734千円を追加し総額190,097,732千円（約1,900億9,773万円）",https://www.city.shinjuku.lg.jp/content/000466336.pdf,ac5ebde955e1a8aa2959569f92a362a895c6390e09eb164f561ac2cd9583899e,第1条,"歳入歳出予算の総額に歳入歳出それぞれ 514,734 千円を追加し … 歳出予算の総額を歳入歳出それぞれ 190,097,732 千円とする",supported,f4d31718071b45bca5516e8a2b0dd4096f5a5eb23be6a068d9110d607103321e
shinjuku-2026-r3-gian-63,normal,content,R63-N-03,"子育て応援臨時給付金380,000千円の目的",https://www.city.shinjuku.lg.jp/content/000464781.pdf,93d44af232d1809581b31a61b94e53e7c0c41067f55f64591e7970e1a8442cd6,6 子ども家庭費 (5),"子育て応援臨時給付金 380,000千円 物価高騰により家計への影響が大きい子育て … 世帯に対して臨時給付金を給付",supported,f4d31718071b45bca5516e8a2b0dd4096f5a5eb23be6a068d9110d607103321e
shinjuku-2026-r3-gian-63,normal,content,R63-N-04,給付対象者と給付金額,https://www.city.shinjuku.lg.jp/content/000464781.pdf,93d44af232d1809581b31a61b94e53e7c0c41067f55f64591e7970e1a8442cd6,6 子ども家庭費 (5),"給付対象者 令和8年9月分の児童手当の受給者 … 給付金額 児童1人につき10,000円",supported,f4d31718071b45bca5516e8a2b0dd4096f5a5eb23be6a068d9110d607103321e
shinjuku-2026-r3-gian-63,normal,content,R63-N-05,"事務費8,475千円の内訳",https://www.city.shinjuku.lg.jp/content/000464781.pdf,93d44af232d1809581b31a61b94e53e7c0c41067f55f64591e7970e1a8442cd6,6 子ども家庭費 (6),"事務費 8,475千円 ・口座振込手数料、案内等発送、システム改修 委託、職員手当、その他事務費",supported,f4d31718071b45bca5516e8a2b0dd4096f5a5eb23be6a068d9110d607103321e
shinjuku-2026-r3-gian-63,normal,content,R63-N-06,"備蓄物資の充実32,604千円",https://www.city.shinjuku.lg.jp/content/000464781.pdf,93d44af232d1809581b31a61b94e53e7c0c41067f55f64591e7970e1a8442cd6,2 総務費 (1),"備蓄物資の充実 32,604千円 令和8年熊本地震被災地への支援物資の提供 … 等に伴う備蓄物資の整備",supported,f4d31718071b45bca5516e8a2b0dd4096f5a5eb23be6a068d9110d607103321e
shinjuku-2026-r3-gian-63,normal,content,R63-N-07,"貸付信用保証料補助45,784千円（全額補助）",https://www.city.shinjuku.lg.jp/content/000464781.pdf,93d44af232d1809581b31a61b94e53e7c0c41067f55f64591e7970e1a8442cd6,4 文化観光産業費 (5),"45,784千円 中東情勢により事業活動に影響を受ける事業 … 者を支援するため、貸付信用保証料を全額補 … 助",supported,f4d31718071b45bca5516e8a2b0dd4096f5a5eb23be6a068d9110d607103321e
shinjuku-2026-r3-gian-63,normal,content,R63-N-08,対象資金と補助件数310件→453件,https://www.city.shinjuku.lg.jp/content/000464781.pdf,93d44af232d1809581b31a61b94e53e7c0c41067f55f64591e7970e1a8442cd6,4 文化観光産業費 (5),商工業資金、地場産業振興資金、小規模企業 … 資金、小規模企業特例資金、経営応援資金、 … 債務一本化資金 … 310件 → 453件,supported,f4d31718071b45bca5516e8a2b0dd4096f5a5eb23be6a068d9110d607103321e
shinjuku-2026-r3-gian-63,normal,content,R63-N-09,"利子補給4事業の件数増（計1,207千円は520+440+23+224の合計）",https://www.city.shinjuku.lg.jp/content/000464781.pdf,93d44af232d1809581b31a61b94e53e7c0c41067f55f64591e7970e1a8442cd6,4 文化観光産業費 (1)〜(4),520千円 … 264件 → 288件 … 440千円 … 200件 → 218件 … 23千円 … 18件 → 19件 … 224千円 … 34件 → 37件,supported,f4d31718071b45bca5516e8a2b0dd4096f5a5eb23be6a068d9110d607103321e
shinjuku-2026-r3-gian-63,normal,content,R63-N-10,利子補給は保証料補助の拡充にともなう件数増,https://www.city.shinjuku.lg.jp/content/000464781.pdf,93d44af232d1809581b31a61b94e53e7c0c41067f55f64591e7970e1a8442cd6,4 文化観光産業費 (1)〜(4),小規模企業資金利子補給 … 小規模企業特例資金利子補給 … 経営応援資金利子補給 … 債務一本化資金利子補給 … 貸付信用保証料補助の拡充に伴う補助件数の,supported,f4d31718071b45bca5516e8a2b0dd4096f5a5eb23be6a068d9110d607103321e
shinjuku-2026-r3-gian-63,normal,content,R63-N-11,"福祉タクシー利用券4,000円→4,400円、20,470千円",https://www.city.shinjuku.lg.jp/content/000464781.pdf,93d44af232d1809581b31a61b94e53e7c0c41067f55f64591e7970e1a8442cd6,5 福祉費 (1),"心身障害者への助成（タクシー 20,470千円 タクシー運賃の改定に伴い、助成額を増額 … 福祉タクシー利用券（月額） … 4,000円 → 4,400円",supported,f4d31718071b45bca5516e8a2b0dd4096f5a5eb23be6a068d9110d607103321e
shinjuku-2026-r3-gian-63,normal,content,R63-N-12,"ふれあい入浴14,930千円、入浴料550円→600円",https://www.city.shinjuku.lg.jp/content/000464781.pdf,93d44af232d1809581b31a61b94e53e7c0c41067f55f64591e7970e1a8442cd6,5 福祉費 (2),"高齢者健康増進事業（ふれあい 14,930千円 都内公衆浴場の入浴料改定に伴い、公衆浴場 … 組合への委託料を増額 … 入浴料（12歳以上） 550円 → 600円",supported,f4d31718071b45bca5516e8a2b0dd4096f5a5eb23be6a068d9110d607103321e
shinjuku-2026-r3-gian-63,normal,content,R63-N-13,"福祉費35,400千円",https://www.city.shinjuku.lg.jp/content/000464781.pdf,93d44af232d1809581b31a61b94e53e7c0c41067f55f64591e7970e1a8442cd6,5 福祉費,"５ 福祉費 35,400千円",supported,f4d31718071b45bca5516e8a2b0dd4096f5a5eb23be6a068d9110d607103321e
shinjuku-2026-r3-gian-63,normal,content,R63-N-14,施設等利用給付（認可外保育施設等）の単価,https://www.city.shinjuku.lg.jp/content/000464781.pdf,93d44af232d1809581b31a61b94e53e7c0c41067f55f64591e7970e1a8442cd6,6 子ども家庭費 (3),"施設等利用給付（認可外保育施 3,244千円 施設等利用給付費の単価を改定 … 0歳～2歳児クラス 42,000円 → 45,700円 … 3歳～5歳児クラス 37,000円 → 40,300円",supported,f4d31718071b45bca5516e8a2b0dd4096f5a5eb23be6a068d9110d607103321e
shinjuku-2026-r3-gian-63,normal,content,R63-N-15,"保護者負担軽減助成金の単価と減額（△866千円・△2,378千円）",https://www.city.shinjuku.lg.jp/content/000464781.pdf,93d44af232d1809581b31a61b94e53e7c0c41067f55f64591e7970e1a8442cd6,6 子ども家庭費 (1)(2),"認可外保育施設利用（認証保育 △866千円 施設等利用給付費の単価改定に伴い、保護者 … 負担軽減助成金の単価を改定 … 0歳～2歳児クラス 38,000円 → 34,300円 … 3歳～5歳児クラス 40,000円 → 36,700円 … △2,378千円",supported,f4d31718071b45bca5516e8a2b0dd4096f5a5eb23be6a068d9110d607103321e
shinjuku-2026-r3-gian-63,normal,content,R63-N-16,一時保育事業の日額450円→490円,https://www.city.shinjuku.lg.jp/content/000464781.pdf,93d44af232d1809581b31a61b94e53e7c0c41067f55f64591e7970e1a8442cd6,6 子ども家庭費 (4),施設等利用給付（一時保育事 14千円 施設等利用給付費の単価を改定 … 給付額（日額） … 450円 → 490円,supported,f4d31718071b45bca5516e8a2b0dd4096f5a5eb23be6a068d9110d607103321e
shinjuku-2026-r3-gian-63,normal,content,R63-N-17,"私立幼稚園等25,700円→28,000円、預かり保育等450円→490円",https://www.city.shinjuku.lg.jp/content/000464781.pdf,93d44af232d1809581b31a61b94e53e7c0c41067f55f64591e7970e1a8442cd6,10 教育費 (2)(3),"施設等利用給付（私立幼稚園 9,122千円 … 25,700円 → 28,000円 … 施設等利用給付（預かり保育等） 1,872千円 … 450円 → 490円",supported,f4d31718071b45bca5516e8a2b0dd4096f5a5eb23be6a068d9110d607103321e
shinjuku-2026-r3-gian-63,normal,content,R63-N-18,幼稚園類似施設の保育料補助金と満3歳児預かり保育料補助金,https://www.city.shinjuku.lg.jp/content/000464781.pdf,93d44af232d1809581b31a61b94e53e7c0c41067f55f64591e7970e1a8442cd6,10 教育費 (1),"保護者負担軽減補助金 256千円 保護者負担軽減補助金の単価を改定 … 21,000円～25,400円 → 22,800～27,200円 … 満3歳児預かり保育料補助金（月額） … 16,300円 → 17,700円",supported,f4d31718071b45bca5516e8a2b0dd4096f5a5eb23be6a068d9110d607103321e
shinjuku-2026-r3-gian-63,normal,content,R63-N-19,"国庫支出金7,122千円（施設等利用給付費の負担金）",https://www.city.shinjuku.lg.jp/content/000464781.pdf,93d44af232d1809581b31a61b94e53e7c0c41067f55f64591e7970e1a8442cd6,歳入 13 国庫支出金,"１３ 国庫支出金 7,122千円 … 施設等利用給付費（子ども家庭費） 1,626千円 … 施設等利用給付費（教育費） 5,496千円",supported,f4d31718071b45bca5516e8a2b0dd4096f5a5eb23be6a068d9110d607103321e
shinjuku-2026-r3-gian-63,normal,content,R63-N-20,"都支出金70,595千円（地方創生臨時交付金59,504千円、避難者生活支援等事業費9,413千円など）",https://www.city.shinjuku.lg.jp/content/000464781.pdf,93d44af232d1809581b31a61b94e53e7c0c41067f55f64591e7970e1a8442cd6,歳入 14 都支出金,"１４ 都支出金 70,595千円 … 施設等利用給付費（子ども家庭費） 812千円 … 施設等利用給付費（教育費） 2,748千円 … 避難者生活支援等事業費 9,413千円 … 認可外保育施設利用支援事業費 △2,138千円 … 物価高騰対応重点支援地方創生臨 59,504千円 … 時交付金 … 私立幼稚園児等保護者負担軽減費 256千円",supported,f4d31718071b45bca5516e8a2b0dd4096f5a5eb23be6a068d9110d607103321e
shinjuku-2026-r3-gian-63,normal,content,R63-N-21,"繰入金437,017千円（財政調整基金繰入金）",https://www.city.shinjuku.lg.jp/content/000464781.pdf,93d44af232d1809581b31a61b94e53e7c0c41067f55f64591e7970e1a8442cd6,歳入 17 繰入金,"１７ 繰入金 437,017千円 … 財政調整基金繰入金 437,017千円",supported,f4d31718071b45bca5516e8a2b0dd4096f5a5eb23be6a068d9110d607103321e
shinjuku-2026-r3-gian-63,normal,content,R63-N-22,"財政調整基金の令和8年度末現在高見込み29,011,119千円",https://www.city.shinjuku.lg.jp/content/000464781.pdf,93d44af232d1809581b31a61b94e53e7c0c41067f55f64591e7970e1a8442cd6,財政調整基金現在高見込み,"7年度末現在高 30,194,924千円 … 既計上積立額 1,494,240千円 … 既計上取崩額 2,241,028千円 … 今回取崩額 437,017千円 … 8年度末現在高見込額 29,011,119千円",supported,f4d31718071b45bca5516e8a2b0dd4096f5a5eb23be6a068d9110d607103321e
shinjuku-2026-r3-gian-63,normal,content,R63-N-23,"債務負担行為 商工業融資資金利子補給の限度額133,073千円→143,994千円と理由",https://www.city.shinjuku.lg.jp/content/000464781.pdf,93d44af232d1809581b31a61b94e53e7c0c41067f55f64591e7970e1a8442cd6,債務負担行為（工事請負契約等）,"商工業融資資金利子補給 … ＜限度額の変更＞ 補正前：133,073千円 補正後：143,994千円 … 融資件数増に伴い利子補給金を増額するため",supported,f4d31718071b45bca5516e8a2b0dd4096f5a5eb23be6a068d9110d607103321e
shinjuku-2026-r3-gian-63,normal,content,R63-N-24,債務負担行為の期間は令和9年度〜令和18年度,https://www.city.shinjuku.lg.jp/content/000466336.pdf,ac5ebde955e1a8aa2959569f92a362a895c6390e09eb164f561ac2cd9583899e,第2表 債務負担行為（工事請負契約等）補正,"令和９年度 … 商工業融資資金利子補給 ～ １３３,０７３ ～ １４３,９９４ … 令和18年度 … 令和18年度",supported,f4d31718071b45bca5516e8a2b0dd4096f5a5eb23be6a068d9110d607103321e
shinjuku-2026-r3-gian-63,normal,content,R63-N-25,令和8年第3回定例会（会期 9月16日〜10月15日）に提出された,https://www.city.shinjuku.lg.jp/kusei/kuseijoho01_001109_03.html,31b8240a9210c5965a74134fca286bef83cc7b5e9eb4bae326847e0a170a89d0,提出議案一覧ページ,令和8年第3回定例会（会期：9月16日～10月15日）提出案件概要を掲載しました,supported,f4d31718071b45bca5516e8a2b0dd4096f5a5eb23be6a068d9110d607103321e
shinjuku-2026-r3-gian-63,normal,content,R63-N-26,作成時点（令和8年9月30日）で議決結果は公表されていない,https://www.city.shinjuku.lg.jp/content/000466336.pdf,ac5ebde955e1a8aa2959569f92a362a895c6390e09eb164f561ac2cd9583899e,審議状況,（作成時点の審議状況の記述であり、一次資料の記載による主張ではない）,needs_source,f4d31718071b45bca5516e8a2b0dd4096f5a5eb23be6a068d9110d607103321e
shinjuku-2026-r3-gian-63,normal,content,R63-N-27,児童数・支給時期・申請の要否・備蓄品目・保護者負担の増減は書かれていない,https://www.city.shinjuku.lg.jp/content/000466336.pdf,ac5ebde955e1a8aa2959569f92a362a895c6390e09eb164f561ac2cd9583899e,出典に記載がない事項,（本件は解説本文が「一次資料に記載がない」と明示している箇所であり、事実主張ではない）,needs_source,f4d31718071b45bca5516e8a2b0dd4096f5a5eb23be6a068d9110d607103321e
shinjuku-2026-r3-gian-63,hard,title,R63-HT-01,見出し: 令和8年度新宿区一般会計補正予算（第4号）の款項別内訳,https://www.city.shinjuku.lg.jp/content/000466336.pdf,ac5ebde955e1a8aa2959569f92a362a895c6390e09eb164f561ac2cd9583899e,第1条,"歳入歳出予算の総額に歳入歳出それぞれ 514,734 千円を追加し … 歳出予算の総額を歳入歳出それぞれ 190,097,732 千円とする",supported,ca5e2f8ec5f7a56b7225a8af4274babdeb545ca8a6a915f8a08fbda56ffe7971
shinjuku-2026-r3-gian-63,hard,summary,R63-HS-01,"要約: 514,734千円を追加し190,097,732千円とする",https://www.city.shinjuku.lg.jp/content/000466336.pdf,ac5ebde955e1a8aa2959569f92a362a895c6390e09eb164f561ac2cd9583899e,第1条,"歳入歳出予算の総額に歳入歳出それぞれ 514,734 千円を追加し … 歳出予算の総額を歳入歳出それぞれ 190,097,732 千円とする",supported,ca5e2f8ec5f7a56b7225a8af4274babdeb545ca8a6a915f8a08fbda56ffe7971
shinjuku-2026-r3-gian-63,hard,summary,R63-HS-02,要約: 歳出5款・歳入3款の構成,https://www.city.shinjuku.lg.jp/content/000466336.pdf,ac5ebde955e1a8aa2959569f92a362a895c6390e09eb164f561ac2cd9583899e,第1表 歳出,"2 総務費 17,366,432 32,604 17,399,036 … 3 防災費 1,223,032 32,604 1,255,636 … 4 文化観光産業費 5,222,137 46,991 5,269,128 … 2 産業経済費 2,946,271 46,991 2,993,262 … 5 福祉費 50,096,602 35,400 50,132,002 … 2 障害者福祉費 14,518,929 20,470 14,539,399 … 3 高齢者福祉費 8,656,742 14,930 8,671,672 … 6 子ども家庭費 39,649,818 388,489 40,038,307 … 10 教育費 19,094,922 11,250 19,106,172 … 6 幼稚園費 1,694,879 11,250 1,706,129",supported,ca5e2f8ec5f7a56b7225a8af4274babdeb545ca8a6a915f8a08fbda56ffe7971
shinjuku-2026-r3-gian-63,hard,summary,R63-HS-03,"要約: 商工業融資資金利子補給の限度額133,073千円→143,994千円",https://www.city.shinjuku.lg.jp/content/000464781.pdf,93d44af232d1809581b31a61b94e53e7c0c41067f55f64591e7970e1a8442cd6,債務負担行為（工事請負契約等）,"商工業融資資金利子補給 … ＜限度額の変更＞ 補正前：133,073千円 補正後：143,994千円 … 融資件数増に伴い利子補給金を増額するため",supported,ca5e2f8ec5f7a56b7225a8af4274babdeb545ca8a6a915f8a08fbda56ffe7971
shinjuku-2026-r3-gian-63,hard,content,R63-H-01,提出日・提出者,https://www.city.shinjuku.lg.jp/content/000466336.pdf,ac5ebde955e1a8aa2959569f92a362a895c6390e09eb164f561ac2cd9583899e,議案本文 提出日・提出者,令和８年９月１６日 … 提出 … 新宿区長 … 吉 住 健 一,supported,ca5e2f8ec5f7a56b7225a8af4274babdeb545ca8a6a915f8a08fbda56ffe7971
shinjuku-2026-r3-gian-63,hard,content,R63-H-02,第1条（歳入歳出予算の補正）,https://www.city.shinjuku.lg.jp/content/000466336.pdf,ac5ebde955e1a8aa2959569f92a362a895c6390e09eb164f561ac2cd9583899e,第1条,"歳入歳出予算の総額に歳入歳出それぞれ 514,734 千円を追加し … 歳出予算の総額を歳入歳出それぞれ 190,097,732 千円とする",supported,ca5e2f8ec5f7a56b7225a8af4274babdeb545ca8a6a915f8a08fbda56ffe7971
shinjuku-2026-r3-gian-63,hard,content,R63-H-03,第2条（債務負担行為の補正）,https://www.city.shinjuku.lg.jp/content/000466336.pdf,ac5ebde955e1a8aa2959569f92a362a895c6390e09eb164f561ac2cd9583899e,第2条,工 事 請負 契 約 等 に 関 す る 債務 負 担 行 為 の 変 更 は、 「 第 ２ 表 債 務 負担 … 行為（工事請負契約等）補正」による,supported,ca5e2f8ec5f7a56b7225a8af4274babdeb545ca8a6a915f8a08fbda56ffe7971
shinjuku-2026-r3-gian-63,hard,content,R63-H-04,第1表 歳入の款項別の補正前・補正額・計,https://www.city.shinjuku.lg.jp/content/000466336.pdf,ac5ebde955e1a8aa2959569f92a362a895c6390e09eb164f561ac2cd9583899e,第1表 歳入,"13 国庫支出金 34,368,955 7,122 34,376,077 … 1 国庫負担金 31,022,780 7,122 31,029,902 … 14 都支出金 17,140,086 70,595 17,210,681 … 1 都負担金 7,707,670 3,560 7,711,230 … 2 都補助金 8,378,017 67,035 8,445,052 … 17 繰入金 3,666,317 437,017 4,103,334 … 189,582,998 514,734 190,097,732",supported,ca5e2f8ec5f7a56b7225a8af4274babdeb545ca8a6a915f8a08fbda56ffe7971
shinjuku-2026-r3-gian-63,hard,content,R63-H-05,国庫支出金の内訳,https://www.city.shinjuku.lg.jp/content/000464781.pdf,93d44af232d1809581b31a61b94e53e7c0c41067f55f64591e7970e1a8442cd6,歳入 13 国庫支出金,"１３ 国庫支出金 7,122千円 … 施設等利用給付費（子ども家庭費） 1,626千円 … 施設等利用給付費（教育費） 5,496千円",supported,ca5e2f8ec5f7a56b7225a8af4274babdeb545ca8a6a915f8a08fbda56ffe7971
shinjuku-2026-r3-gian-63,hard,content,R63-H-06,都支出金の内訳,https://www.city.shinjuku.lg.jp/content/000464781.pdf,93d44af232d1809581b31a61b94e53e7c0c41067f55f64591e7970e1a8442cd6,歳入 14 都支出金,"１４ 都支出金 70,595千円 … 施設等利用給付費（子ども家庭費） 812千円 … 施設等利用給付費（教育費） 2,748千円 … 避難者生活支援等事業費 9,413千円 … 認可外保育施設利用支援事業費 △2,138千円 … 物価高騰対応重点支援地方創生臨 59,504千円 … 時交付金 … 私立幼稚園児等保護者負担軽減費 256千円",supported,ca5e2f8ec5f7a56b7225a8af4274babdeb545ca8a6a915f8a08fbda56ffe7971
shinjuku-2026-r3-gian-63,hard,content,R63-H-07,繰入金の内訳,https://www.city.shinjuku.lg.jp/content/000464781.pdf,93d44af232d1809581b31a61b94e53e7c0c41067f55f64591e7970e1a8442cd6,歳入 17 繰入金,"１７ 繰入金 437,017千円 … 財政調整基金繰入金 437,017千円",supported,ca5e2f8ec5f7a56b7225a8af4274babdeb545ca8a6a915f8a08fbda56ffe7971
shinjuku-2026-r3-gian-63,hard,content,R63-H-08,第1表 歳出の款項別の補正前・補正額・計,https://www.city.shinjuku.lg.jp/content/000466336.pdf,ac5ebde955e1a8aa2959569f92a362a895c6390e09eb164f561ac2cd9583899e,第1表 歳出,"2 総務費 17,366,432 32,604 17,399,036 … 3 防災費 1,223,032 32,604 1,255,636 … 4 文化観光産業費 5,222,137 46,991 5,269,128 … 2 産業経済費 2,946,271 46,991 2,993,262 … 5 福祉費 50,096,602 35,400 50,132,002 … 2 障害者福祉費 14,518,929 20,470 14,539,399 … 3 高齢者福祉費 8,656,742 14,930 8,671,672 … 6 子ども家庭費 39,649,818 388,489 40,038,307 … 10 教育費 19,094,922 11,250 19,106,172 … 6 幼稚園費 1,694,879 11,250 1,706,129",supported,ca5e2f8ec5f7a56b7225a8af4274babdeb545ca8a6a915f8a08fbda56ffe7971
shinjuku-2026-r3-gian-63,hard,content,R63-H-09,事業別内訳: 備蓄物資の充実,https://www.city.shinjuku.lg.jp/content/000464781.pdf,93d44af232d1809581b31a61b94e53e7c0c41067f55f64591e7970e1a8442cd6,2 総務費 (1),"備蓄物資の充実 32,604千円 令和8年熊本地震被災地への支援物資の提供 … 等に伴う備蓄物資の整備",supported,ca5e2f8ec5f7a56b7225a8af4274babdeb545ca8a6a915f8a08fbda56ffe7971
shinjuku-2026-r3-gian-63,hard,content,R63-H-10,事業別内訳: 利子補給4事業,https://www.city.shinjuku.lg.jp/content/000464781.pdf,93d44af232d1809581b31a61b94e53e7c0c41067f55f64591e7970e1a8442cd6,4 文化観光産業費 (1)〜(4),520千円 … 264件 → 288件 … 440千円 … 200件 → 218件 … 23千円 … 18件 → 19件 … 224千円 … 34件 → 37件,supported,ca5e2f8ec5f7a56b7225a8af4274babdeb545ca8a6a915f8a08fbda56ffe7971
shinjuku-2026-r3-gian-63,hard,content,R63-H-11,事業別内訳: 貸付信用保証料補助,https://www.city.shinjuku.lg.jp/content/000464781.pdf,93d44af232d1809581b31a61b94e53e7c0c41067f55f64591e7970e1a8442cd6,4 文化観光産業費 (5),"45,784千円 中東情勢により事業活動に影響を受ける事業 … 者を支援するため、貸付信用保証料を全額補 … 助",supported,ca5e2f8ec5f7a56b7225a8af4274babdeb545ca8a6a915f8a08fbda56ffe7971
shinjuku-2026-r3-gian-63,hard,content,R63-H-12,事業別内訳: 貸付信用保証料補助の対象資金と件数,https://www.city.shinjuku.lg.jp/content/000464781.pdf,93d44af232d1809581b31a61b94e53e7c0c41067f55f64591e7970e1a8442cd6,4 文化観光産業費 (5),商工業資金、地場産業振興資金、小規模企業 … 資金、小規模企業特例資金、経営応援資金、 … 債務一本化資金 … 310件 → 453件,supported,ca5e2f8ec5f7a56b7225a8af4274babdeb545ca8a6a915f8a08fbda56ffe7971
shinjuku-2026-r3-gian-63,hard,content,R63-H-13,事業別内訳: 福祉タクシー,https://www.city.shinjuku.lg.jp/content/000464781.pdf,93d44af232d1809581b31a61b94e53e7c0c41067f55f64591e7970e1a8442cd6,5 福祉費 (1),"心身障害者への助成（タクシー 20,470千円 タクシー運賃の改定に伴い、助成額を増額 … 福祉タクシー利用券（月額） … 4,000円 → 4,400円",supported,ca5e2f8ec5f7a56b7225a8af4274babdeb545ca8a6a915f8a08fbda56ffe7971
shinjuku-2026-r3-gian-63,hard,content,R63-H-14,事業別内訳: ふれあい入浴,https://www.city.shinjuku.lg.jp/content/000464781.pdf,93d44af232d1809581b31a61b94e53e7c0c41067f55f64591e7970e1a8442cd6,5 福祉費 (2),"高齢者健康増進事業（ふれあい 14,930千円 都内公衆浴場の入浴料改定に伴い、公衆浴場 … 組合への委託料を増額 … 入浴料（12歳以上） 550円 → 600円",supported,ca5e2f8ec5f7a56b7225a8af4274babdeb545ca8a6a915f8a08fbda56ffe7971
shinjuku-2026-r3-gian-63,hard,content,R63-H-15,事業別内訳: 認可外保育施設利用2事業（減額と理由）,https://www.city.shinjuku.lg.jp/content/000464781.pdf,93d44af232d1809581b31a61b94e53e7c0c41067f55f64591e7970e1a8442cd6,6 子ども家庭費 (1)(2),"認可外保育施設利用（認証保育 △866千円 施設等利用給付費の単価改定に伴い、保護者 … 負担軽減助成金の単価を改定 … 0歳～2歳児クラス 38,000円 → 34,300円 … 3歳～5歳児クラス 40,000円 → 36,700円 … △2,378千円",supported,ca5e2f8ec5f7a56b7225a8af4274babdeb545ca8a6a915f8a08fbda56ffe7971
shinjuku-2026-r3-gian-63,hard,content,R63-H-16,事業別内訳: 施設等利用給付（認可外保育施設等）,https://www.city.shinjuku.lg.jp/content/000464781.pdf,93d44af232d1809581b31a61b94e53e7c0c41067f55f64591e7970e1a8442cd6,6 子ども家庭費 (3),"施設等利用給付（認可外保育施 3,244千円 施設等利用給付費の単価を改定 … 0歳～2歳児クラス 42,000円 → 45,700円 … 3歳～5歳児クラス 37,000円 → 40,300円",supported,ca5e2f8ec5f7a56b7225a8af4274babdeb545ca8a6a915f8a08fbda56ffe7971
shinjuku-2026-r3-gian-63,hard,content,R63-H-17,事業別内訳: 施設等利用給付（一時保育事業）,https://www.city.shinjuku.lg.jp/content/000464781.pdf,93d44af232d1809581b31a61b94e53e7c0c41067f55f64591e7970e1a8442cd6,6 子ども家庭費 (4),施設等利用給付（一時保育事 14千円 施設等利用給付費の単価を改定 … 給付額（日額） … 450円 → 490円,supported,ca5e2f8ec5f7a56b7225a8af4274babdeb545ca8a6a915f8a08fbda56ffe7971
shinjuku-2026-r3-gian-63,hard,content,R63-H-18,事業別内訳: 子育て応援臨時給付金,https://www.city.shinjuku.lg.jp/content/000464781.pdf,93d44af232d1809581b31a61b94e53e7c0c41067f55f64591e7970e1a8442cd6,6 子ども家庭費 (5),"子育て応援臨時給付金 380,000千円 物価高騰により家計への影響が大きい子育て … 世帯に対して臨時給付金を給付",supported,ca5e2f8ec5f7a56b7225a8af4274babdeb545ca8a6a915f8a08fbda56ffe7971
shinjuku-2026-r3-gian-63,hard,content,R63-H-19,事業別内訳: 子育て応援臨時給付金の対象と金額,https://www.city.shinjuku.lg.jp/content/000464781.pdf,93d44af232d1809581b31a61b94e53e7c0c41067f55f64591e7970e1a8442cd6,6 子ども家庭費 (5),"給付対象者 令和8年9月分の児童手当の受給者 … 給付金額 児童1人につき10,000円",supported,ca5e2f8ec5f7a56b7225a8af4274babdeb545ca8a6a915f8a08fbda56ffe7971
shinjuku-2026-r3-gian-63,hard,content,R63-H-20,事業別内訳: 事務費,https://www.city.shinjuku.lg.jp/content/000464781.pdf,93d44af232d1809581b31a61b94e53e7c0c41067f55f64591e7970e1a8442cd6,6 子ども家庭費 (6),"事務費 8,475千円 ・口座振込手数料、案内等発送、システム改修 委託、職員手当、その他事務費",supported,ca5e2f8ec5f7a56b7225a8af4274babdeb545ca8a6a915f8a08fbda56ffe7971
shinjuku-2026-r3-gian-63,hard,content,R63-H-21,事業別内訳: 保護者負担軽減補助金,https://www.city.shinjuku.lg.jp/content/000464781.pdf,93d44af232d1809581b31a61b94e53e7c0c41067f55f64591e7970e1a8442cd6,10 教育費 (1),"保護者負担軽減補助金 256千円 保護者負担軽減補助金の単価を改定 … 21,000円～25,400円 → 22,800～27,200円 … 満3歳児預かり保育料補助金（月額） … 16,300円 → 17,700円",supported,ca5e2f8ec5f7a56b7225a8af4274babdeb545ca8a6a915f8a08fbda56ffe7971
shinjuku-2026-r3-gian-63,hard,content,R63-H-22,事業別内訳: 施設等利用給付（私立幼稚園等・預かり保育等）,https://www.city.shinjuku.lg.jp/content/000464781.pdf,93d44af232d1809581b31a61b94e53e7c0c41067f55f64591e7970e1a8442cd6,10 教育費 (2)(3),"施設等利用給付（私立幼稚園 9,122千円 … 25,700円 → 28,000円 … 施設等利用給付（預かり保育等） 1,872千円 … 450円 → 490円",supported,ca5e2f8ec5f7a56b7225a8af4274babdeb545ca8a6a915f8a08fbda56ffe7971
shinjuku-2026-r3-gian-63,hard,content,R63-H-23,財政調整基金の状況,https://www.city.shinjuku.lg.jp/content/000464781.pdf,93d44af232d1809581b31a61b94e53e7c0c41067f55f64591e7970e1a8442cd6,財政調整基金現在高見込み,"7年度末現在高 30,194,924千円 … 既計上積立額 1,494,240千円 … 既計上取崩額 2,241,028千円 … 今回取崩額 437,017千円 … 8年度末現在高見込額 29,011,119千円",supported,ca5e2f8ec5f7a56b7225a8af4274babdeb545ca8a6a915f8a08fbda56ffe7971
shinjuku-2026-r3-gian-63,hard,content,R63-H-24,"財政調整基金繰入金の予算額2,241,028千円→2,678,045千円",https://www.city.shinjuku.lg.jp/content/000464781.pdf,93d44af232d1809581b31a61b94e53e7c0c41067f55f64591e7970e1a8442cd6,歳入 17 繰入金,"補正前予算額 2,241,028千円 … 補正後予算額 2,678,045千円",supported,ca5e2f8ec5f7a56b7225a8af4274babdeb545ca8a6a915f8a08fbda56ffe7971
shinjuku-2026-r3-gian-63,hard,content,R63-H-25,第2表 商工業融資資金利子補給の期間と限度額,https://www.city.shinjuku.lg.jp/content/000466336.pdf,ac5ebde955e1a8aa2959569f92a362a895c6390e09eb164f561ac2cd9583899e,第2表 債務負担行為（工事請負契約等）補正,"令和９年度 … 商工業融資資金利子補給 ～ １３３,０７３ ～ １４３,９９４ … 令和18年度 … 令和18年度",supported,ca5e2f8ec5f7a56b7225a8af4274babdeb545ca8a6a915f8a08fbda56ffe7971
shinjuku-2026-r3-gian-63,hard,content,R63-H-26,変更理由,https://www.city.shinjuku.lg.jp/content/000464781.pdf,93d44af232d1809581b31a61b94e53e7c0c41067f55f64591e7970e1a8442cd6,債務負担行為（工事請負契約等）,"商工業融資資金利子補給 … ＜限度額の変更＞ 補正前：133,073千円 補正後：143,994千円 … 融資件数増に伴い利子補給金を増額するため",supported,ca5e2f8ec5f7a56b7225a8af4274babdeb545ca8a6a915f8a08fbda56ffe7971
shinjuku-2026-r3-gian-63,hard,content,R63-H-27,令和8年第3回定例会（会期 9月16日〜10月15日）に提出された,https://www.city.shinjuku.lg.jp/kusei/kuseijoho01_001109_03.html,31b8240a9210c5965a74134fca286bef83cc7b5e9eb4bae326847e0a170a89d0,提出議案一覧ページ,令和8年第3回定例会（会期：9月16日～10月15日）提出案件概要を掲載しました,supported,ca5e2f8ec5f7a56b7225a8af4274babdeb545ca8a6a915f8a08fbda56ffe7971
shinjuku-2026-r3-gian-63,hard,content,R63-H-28,作成時点（令和8年9月30日）で議決結果は公表されていない,https://www.city.shinjuku.lg.jp/content/000466336.pdf,ac5ebde955e1a8aa2959569f92a362a895c6390e09eb164f561ac2cd9583899e,審議状況,（作成時点の審議状況の記述であり、一次資料の記載による主張ではない）,needs_source,ca5e2f8ec5f7a56b7225a8af4274babdeb545ca8a6a915f8a08fbda56ffe7971
shinjuku-2026-r3-gian-63,hard,content,R63-H-29,給付対象児童数・交付金の充当先・備蓄品目・保護者負担の増減・単価改定の根拠告示は資料にない,https://www.city.shinjuku.lg.jp/content/000466336.pdf,ac5ebde955e1a8aa2959569f92a362a895c6390e09eb164f561ac2cd9583899e,出典に記載がない事項,（本件は解説本文が「一次資料に記載がない」と明示している箇所であり、事実主張ではない）,needs_source,ca5e2f8ec5f7a56b7225a8af4274babdeb545ca8a6a915f8a08fbda56ffe7971
shinjuku-2026-r3-gian-64,easy,title,R64-ET-01,見出し: 前年度の残り（繰越金）を財政調整基金に積み立てる,https://www.city.shinjuku.lg.jp/content/000464782.pdf,880e9f42c9d4f7ae8ecfc6235492d9927753303c2a65a6ac9359b23bd2b630a5,12 諸支出金 (1),"財政調整基金積立金 1,690,479千円 7年度純繰越金 … 5,380,957,580円の … 1/2 … ※ただし、当初予 … 算計上10億円を控 … 除 … （千円未満の端数 … 切上）",supported,ed2bc55a3d6067f6d1181c8f152e072b06d8831a5bb81a47b3e27389be6fb561
shinjuku-2026-r3-gian-64,easy,summary,R64-ES-01,"要約: 25億9,232万9千円を追加する",https://www.city.shinjuku.lg.jp/content/000466337.pdf,53cff7fce213e54ea461112ed48af180dc201b28abc126e9330991083e29d9c1,第1条,"歳 入 歳出 予 算 の 総 額 に 歳 入歳 出 そ れ ぞ れ 2,592,329 千 円 を 追 加 し … 歳出予算の総額を歳入歳出それぞれ 192,690,061 千円とする",supported,ed2bc55a3d6067f6d1181c8f152e072b06d8831a5bb81a47b3e27389be6fb561
shinjuku-2026-r3-gian-64,easy,summary,R64-ES-02,要約: 前年度の繰越金を使う,https://www.city.shinjuku.lg.jp/content/000464782.pdf,880e9f42c9d4f7ae8ecfc6235492d9927753303c2a65a6ac9359b23bd2b630a5,歳入 18 繰越金,"１８ 繰越金 2,555,762千円 … 令和７年度純繰越金 5,380,958千円 既充当繰越金 2,000,000千円 今回充当額 2,555,762千円 … 純繰越金充当残 825,196千円",supported,ed2bc55a3d6067f6d1181c8f152e072b06d8831a5bb81a47b3e27389be6fb561
shinjuku-2026-r3-gian-64,easy,summary,R64-ES-03,"要約: 16億9,047万9千円を財政調整基金に積み立てる",https://www.city.shinjuku.lg.jp/content/000464782.pdf,880e9f42c9d4f7ae8ecfc6235492d9927753303c2a65a6ac9359b23bd2b630a5,12 諸支出金 (1),"財政調整基金積立金 1,690,479千円 7年度純繰越金 … 5,380,957,580円の … 1/2 … ※ただし、当初予 … 算計上10億円を控 … 除 … （千円未満の端数 … 切上）",supported,ed2bc55a3d6067f6d1181c8f152e072b06d8831a5bb81a47b3e27389be6fb561
shinjuku-2026-r3-gian-64,easy,summary,R64-ES-04,要約: 国・都の支出金の収入超過分を返す,https://www.city.shinjuku.lg.jp/content/000464782.pdf,880e9f42c9d4f7ae8ecfc6235492d9927753303c2a65a6ac9359b23bd2b630a5,5 福祉費 (1)・6 子ども家庭費 (2),"国、都支出金の収入超過に伴う 285,686千円 生活保護費（国･都）、障害者自立支援給付費 … （国･都）、高齢者施策推進包括補助事業費 … 国、都支出金の収入超過に伴う 348,639千円 ベビーシッター利用支援事業費（都）、子ども・ … 子育て支援交付金（国）、保育対策総合支援事 … 業費（国）等",supported,ed2bc55a3d6067f6d1181c8f152e072b06d8831a5bb81a47b3e27389be6fb561
shinjuku-2026-r3-gian-64,easy,summary,R64-ES-05,要約: ポイ捨て防止パトロール,https://www.city.shinjuku.lg.jp/content/000464782.pdf,880e9f42c9d4f7ae8ecfc6235492d9927753303c2a65a6ac9359b23bd2b630a5,8 環境清掃費 (1),"ポイ捨て防止ときれいなまちづく 25,393千円 「新宿区空き缶等の散乱及び路上喫煙による … 被害の防止に関する条例」の改正に伴うポイ捨 … て対策の強化 … ポイ捨て防止パトロール … 新宿駅東口周辺地区、新宿駅西口周辺地区 … 17時～翌7時",supported,ed2bc55a3d6067f6d1181c8f152e072b06d8831a5bb81a47b3e27389be6fb561
shinjuku-2026-r3-gian-64,easy,content,R64-E-01,"補正額25億9,232万9千円、総額1,926億9,006万1千円",https://www.city.shinjuku.lg.jp/content/000466337.pdf,53cff7fce213e54ea461112ed48af180dc201b28abc126e9330991083e29d9c1,第1条,"歳 入 歳出 予 算 の 総 額 に 歳 入歳 出 そ れ ぞ れ 2,592,329 千 円 を 追 加 し … 歳出予算の総額を歳入歳出それぞれ 192,690,061 千円とする",supported,ed2bc55a3d6067f6d1181c8f152e072b06d8831a5bb81a47b3e27389be6fb561
shinjuku-2026-r3-gian-64,easy,content,R64-E-02,区長が2026年9月16日に提出,https://www.city.shinjuku.lg.jp/content/000466337.pdf,53cff7fce213e54ea461112ed48af180dc201b28abc126e9330991083e29d9c1,議案本文 提出日・提出者,令和８年９月１６日 … 提出 … 新宿区長 … 吉 住 健 一,supported,ed2bc55a3d6067f6d1181c8f152e072b06d8831a5bb81a47b3e27389be6fb561
shinjuku-2026-r3-gian-64,easy,content,R64-E-03,"令和7年度純繰越金53億8,095万8千円、既充当20億円、今回25億5,576万2千円、充当残8億2,519万6千円",https://www.city.shinjuku.lg.jp/content/000464782.pdf,880e9f42c9d4f7ae8ecfc6235492d9927753303c2a65a6ac9359b23bd2b630a5,歳入 18 繰越金,"１８ 繰越金 2,555,762千円 … 令和７年度純繰越金 5,380,958千円 既充当繰越金 2,000,000千円 今回充当額 2,555,762千円 … 純繰越金充当残 825,196千円",supported,ed2bc55a3d6067f6d1181c8f152e072b06d8831a5bb81a47b3e27389be6fb561
shinjuku-2026-r3-gian-64,easy,content,R64-E-04,"国151万8千円、都2,183万1千円、寄附金44万7千円、諸収入1,277万1千円",https://www.city.shinjuku.lg.jp/content/000464782.pdf,880e9f42c9d4f7ae8ecfc6235492d9927753303c2a65a6ac9359b23bd2b630a5,歳入 13・14・16・19,"１３ 国庫支出金 1,518千円 … 母子保健衛生費 1,518千円 … １４ 都支出金 21,831千円 … 母子保健支援事業費 1,518千円 … 地域の生活と調和した観光推進事業費 20,313千円 … １６ 寄附金 447千円 … １９ 諸収入 12,771千円",supported,ed2bc55a3d6067f6d1181c8f152e072b06d8831a5bb81a47b3e27389be6fb561
shinjuku-2026-r3-gian-64,easy,content,R64-E-05,諸収入は過年度分の補助金返還金,https://www.city.shinjuku.lg.jp/content/000464782.pdf,880e9f42c9d4f7ae8ecfc6235492d9927753303c2a65a6ac9359b23bd2b630a5,歳入 19 諸収入,"過年度分賃貸物件による保育所整備 4,988千円 … 過年度分保育サービス推進事業補助 242千円 … 過年度分保育所等賃借料補助金返 7,450千円 … 過年度分保育従事職員宿舎借り上げ 4千円 … 過年度分非常通報装置整備事業補 9千円 … 過年度分保育力強化事業補助金返 78千円",supported,ed2bc55a3d6067f6d1181c8f152e072b06d8831a5bb81a47b3e27389be6fb561
shinjuku-2026-r3-gian-64,easy,content,R64-E-06,財政調整基金に積立。純繰越金の1/2から当初予算の10億円を控除,https://www.city.shinjuku.lg.jp/content/000464782.pdf,880e9f42c9d4f7ae8ecfc6235492d9927753303c2a65a6ac9359b23bd2b630a5,12 諸支出金 (1),"財政調整基金積立金 1,690,479千円 7年度純繰越金 … 5,380,957,580円の … 1/2 … ※ただし、当初予 … 算計上10億円を控 … 除 … （千円未満の端数 … 切上）",supported,ed2bc55a3d6067f6d1181c8f152e072b06d8831a5bb81a47b3e27389be6fb561
shinjuku-2026-r3-gian-64,easy,content,R64-E-07,2026年度末の残高見込み307億159万8千円,https://www.city.shinjuku.lg.jp/content/000464782.pdf,880e9f42c9d4f7ae8ecfc6235492d9927753303c2a65a6ac9359b23bd2b630a5,12 諸支出金 (1),"7年度末現在高 30,194,924千円 … 既計上積立額 1,494,240千円 … 既計上取崩額 2,678,045千円 … 今回積立額 1,690,479千円 … 8年度末見込み 30,701,598千円",supported,ed2bc55a3d6067f6d1181c8f152e072b06d8831a5bb81a47b3e27389be6fb561
shinjuku-2026-r3-gian-64,easy,content,R64-E-08,"返納金 福祉2億8,568万6千円、子ども家庭3億4,863万9千円",https://www.city.shinjuku.lg.jp/content/000464782.pdf,880e9f42c9d4f7ae8ecfc6235492d9927753303c2a65a6ac9359b23bd2b630a5,5 福祉費 (1)・6 子ども家庭費 (2),"国、都支出金の収入超過に伴う 285,686千円 生活保護費（国･都）、障害者自立支援給付費 … （国･都）、高齢者施策推進包括補助事業費 … 国、都支出金の収入超過に伴う 348,639千円 ベビーシッター利用支援事業費（都）、子ども・ … 子育て支援交付金（国）、保育対策総合支援事 … 業費（国）等",supported,ed2bc55a3d6067f6d1181c8f152e072b06d8831a5bb81a47b3e27389be6fb561
shinjuku-2026-r3-gian-64,easy,content,R64-E-09,"返納金 健康1億6,055万9千円、教育3,956万3千円",https://www.city.shinjuku.lg.jp/content/000464782.pdf,880e9f42c9d4f7ae8ecfc6235492d9927753303c2a65a6ac9359b23bd2b630a5,7 健康費 (2)・10 教育費 (1),"国、都支出金の収入超過に伴う 160,559千円 出産・子育て応援事業費（都）、妊婦のための … 支援給付交付金（国）、保健医療政策包括補 … 助事業費（都）等 … 国、都支出金の収入超過に伴う 39,563千円 一時保育事業費（都）、施設等利用給付費（国･ … 都）、多様な他者との関わりの機会の創出事業 … 費（都）等",supported,ed2bc55a3d6067f6d1181c8f152e072b06d8831a5bb81a47b3e27389be6fb561
shinjuku-2026-r3-gian-64,easy,content,R64-E-10,返納金 文化観光産業174万2千円、地域振興116万8千円,https://www.city.shinjuku.lg.jp/content/000464782.pdf,880e9f42c9d4f7ae8ecfc6235492d9927753303c2a65a6ac9359b23bd2b630a5,各款 収入超過に伴う返納金,"都支出金の収入超過に伴う返納 1,168千円 障害者施策推進包括補助事業費、人生100年 … 時代セカンドライフ応援事業費 … 都支出金の収入超過に伴う返納 1,742千円 障害者施策推進包括補助事業費、新型コロナ … ウイルス感染症対応地方創生臨時交付金",supported,ed2bc55a3d6067f6d1181c8f152e072b06d8831a5bb81a47b3e27389be6fb561
shinjuku-2026-r3-gian-64,easy,content,R64-E-11,"条例改正に伴うポイ捨て対策の強化2,539万3千円、パトロールの地区と時間",https://www.city.shinjuku.lg.jp/content/000464782.pdf,880e9f42c9d4f7ae8ecfc6235492d9927753303c2a65a6ac9359b23bd2b630a5,8 環境清掃費 (1),"ポイ捨て防止ときれいなまちづく 25,393千円 「新宿区空き缶等の散乱及び路上喫煙による … 被害の防止に関する条例」の改正に伴うポイ捨 … て対策の強化 … ポイ捨て防止パトロール … 新宿駅東口周辺地区、新宿駅西口周辺地区 … 17時～翌7時",supported,ed2bc55a3d6067f6d1181c8f152e072b06d8831a5bb81a47b3e27389be6fb561
shinjuku-2026-r3-gian-64,easy,content,R64-E-12,"牛込第一中学校の設計1,144万円、校内地域図書館の設計156万円",https://www.city.shinjuku.lg.jp/content/000464782.pdf,880e9f42c9d4f7ae8ecfc6235492d9927753303c2a65a6ac9359b23bd2b630a5,10 教育費 (2)(3),"牛込第一中学校の建設（設計委 11,440千円 牛込第一中学校建設設計委託 … 牛込第一中学校内地域図書館 1,560千円 牛込第一中学校内地域図書館建設設計委託",supported,ed2bc55a3d6067f6d1181c8f152e072b06d8831a5bb81a47b3e27389be6fb561
shinjuku-2026-r3-gian-64,easy,content,R64-E-13,場所は旧都立市ヶ谷商業高等学校跡地等,https://www.city.shinjuku.lg.jp/content/000464782.pdf,880e9f42c9d4f7ae8ecfc6235492d9927753303c2a65a6ac9359b23bd2b630a5,債務負担行為（工事請負契約等）,"あゆみの家受変電設備改修工事 … ＜限度額の変更＞ 補正前：21,718千円 補正後：34,170千円 … 工事計画を変更するため … 牛込第一中学校建設設計委託（旧都立市ヶ谷商業高等学校跡地等活用） … 期間：令和9年度 限度額：26,705千円 … 設計委託が2年度にわたり分割して契約することが困難なため … 期間：令和9年度 限度額：3,642千円",supported,ed2bc55a3d6067f6d1181c8f152e072b06d8831a5bb81a47b3e27389be6fb561
shinjuku-2026-r3-gian-64,easy,content,R64-E-14,あゆみの家 受変電設備 工事計画変更で830万円増,https://www.city.shinjuku.lg.jp/content/000464782.pdf,880e9f42c9d4f7ae8ecfc6235492d9927753303c2a65a6ac9359b23bd2b630a5,5 福祉費 (3),"あゆみの家（計画修繕） 8,300千円 工事計画変更に伴い工事費を増額 … 受変電設備改修工事",supported,ed2bc55a3d6067f6d1181c8f152e072b06d8831a5bb81a47b3e27389be6fb561
shinjuku-2026-r3-gian-64,easy,content,R64-E-15,電子版母子健康手帳39万6千円、産後ケアのデジタルクーポン264万円,https://www.city.shinjuku.lg.jp/content/000464782.pdf,880e9f42c9d4f7ae8ecfc6235492d9927753303c2a65a6ac9359b23bd2b630a5,7 健康費 (3)(4),"396千円 国のガイドラインに基づく電子版母子健康手帳 … の導入に向けたシステム開発 … 2,640千円 区民の利便性向上のため、デジタルクーポンの … 導入に向けたシステム開発",supported,ed2bc55a3d6067f6d1181c8f152e072b06d8831a5bb81a47b3e27389be6fb561
shinjuku-2026-r3-gian-64,easy,content,R64-E-16,"介護保険特別会計へ354万5千円、後期高齢者医療特別会計へ1,077万2千円",https://www.city.shinjuku.lg.jp/content/000464782.pdf,880e9f42c9d4f7ae8ecfc6235492d9927753303c2a65a6ac9359b23bd2b630a5,5 福祉費 (4)・7 健康費 (1),"介護保険特別会計繰出金 3,545千円 高額医療合算サービス費の増額に伴う繰出金 … 後期高齢者医療特別会計繰出 10,772千円 前年度繰越金の額確定等に伴う繰出金の増",supported,ed2bc55a3d6067f6d1181c8f152e072b06d8831a5bb81a47b3e27389be6fb561
shinjuku-2026-r3-gian-64,easy,content,R64-E-17,寄附金を4つの基金に積み立てる,https://www.city.shinjuku.lg.jp/content/000464782.pdf,880e9f42c9d4f7ae8ecfc6235492d9927753303c2a65a6ac9359b23bd2b630a5,各款 基金積立金,協働推進基金積立金 52千円 寄附金の積立 … 夏目漱石記念施設整備基金 63千円 寄附金の積立 … 障害者福祉活動基金積立金 210千円 寄附金の積立 … 子ども未来基金積立金 122千円 寄附金の積立,supported,ed2bc55a3d6067f6d1181c8f152e072b06d8831a5bb81a47b3e27389be6fb561
shinjuku-2026-r3-gian-64,easy,content,R64-E-18,"債務負担行為（期間はいずれも令和9年度）: あゆみの家2,171万8千円→3,417万円、設計2件2,670万5千円・364万2千円を追加、理由",https://www.city.shinjuku.lg.jp/content/000464782.pdf,880e9f42c9d4f7ae8ecfc6235492d9927753303c2a65a6ac9359b23bd2b630a5,債務負担行為（工事請負契約等）,"あゆみの家受変電設備改修工事 … ＜限度額の変更＞ 補正前：21,718千円 補正後：34,170千円 … 工事計画を変更するため … 牛込第一中学校建設設計委託（旧都立市ヶ谷商業高等学校跡地等活用） … 期間：令和9年度 限度額：26,705千円 … 設計委託が2年度にわたり分割して契約することが困難なため … 期間：令和9年度 限度額：3,642千円",supported,ed2bc55a3d6067f6d1181c8f152e072b06d8831a5bb81a47b3e27389be6fb561
shinjuku-2026-r3-gian-64,easy,content,R64-E-19,令和8年第3回定例会（会期 9月16日〜10月15日）に提出された,https://www.city.shinjuku.lg.jp/kusei/kuseijoho01_001109_03.html,31b8240a9210c5965a74134fca286bef83cc7b5e9eb4bae326847e0a170a89d0,提出議案一覧ページ,令和8年第3回定例会（会期：9月16日～10月15日）提出案件概要を掲載しました,supported,ed2bc55a3d6067f6d1181c8f152e072b06d8831a5bb81a47b3e27389be6fb561
shinjuku-2026-r3-gian-64,easy,content,R64-E-20,作成時点（令和8年9月30日）で議決結果は公表されていない,https://www.city.shinjuku.lg.jp/content/000466337.pdf,53cff7fce213e54ea461112ed48af180dc201b28abc126e9330991083e29d9c1,審議状況,（作成時点の審議状況の記述であり、一次資料の記載による主張ではない）,needs_source,ed2bc55a3d6067f6d1181c8f152e072b06d8831a5bb81a47b3e27389be6fb561
shinjuku-2026-r3-gian-64,easy,content,R64-E-21,"観光推進事業費2,031万3千円の使途、パトロールの人数・期間、条例の改正内容、中学校の完成時期は書かれていない",https://www.city.shinjuku.lg.jp/content/000466337.pdf,53cff7fce213e54ea461112ed48af180dc201b28abc126e9330991083e29d9c1,出典に記載がない事項,（本件は解説本文が「一次資料に記載がない」と明示している箇所であり、事実主張ではない）,needs_source,ed2bc55a3d6067f6d1181c8f152e072b06d8831a5bb81a47b3e27389be6fb561
shinjuku-2026-r3-gian-64,normal,title,R64-NT-01,見出し: 繰越金を財政調整基金へ積み立て、国・都への返納も,https://www.city.shinjuku.lg.jp/content/000464782.pdf,880e9f42c9d4f7ae8ecfc6235492d9927753303c2a65a6ac9359b23bd2b630a5,12 諸支出金 (1),"財政調整基金積立金 1,690,479千円 7年度純繰越金 … 5,380,957,580円の … 1/2 … ※ただし、当初予 … 算計上10億円を控 … 除 … （千円未満の端数 … 切上）",supported,aea3620ac1f5b113fa34eefddc0f6408f0a8c41bfaf4d8c4c08f9698698f50c4
shinjuku-2026-r3-gian-64,normal,summary,R64-NS-01,"要約: 25億9,232万9千円を追加",https://www.city.shinjuku.lg.jp/content/000466337.pdf,53cff7fce213e54ea461112ed48af180dc201b28abc126e9330991083e29d9c1,第1条,"歳 入 歳出 予 算 の 総 額 に 歳 入歳 出 そ れ ぞ れ 2,592,329 千 円 を 追 加 し … 歳出予算の総額を歳入歳出それぞれ 192,690,061 千円とする",supported,aea3620ac1f5b113fa34eefddc0f6408f0a8c41bfaf4d8c4c08f9698698f50c4
shinjuku-2026-r3-gian-64,normal,summary,R64-NS-02,要約: 財源は主に令和7年度の繰越金,https://www.city.shinjuku.lg.jp/content/000464782.pdf,880e9f42c9d4f7ae8ecfc6235492d9927753303c2a65a6ac9359b23bd2b630a5,歳入 18 繰越金,"１８ 繰越金 2,555,762千円 … 令和７年度純繰越金 5,380,958千円 既充当繰越金 2,000,000千円 今回充当額 2,555,762千円 … 純繰越金充当残 825,196千円",supported,aea3620ac1f5b113fa34eefddc0f6408f0a8c41bfaf4d8c4c08f9698698f50c4
shinjuku-2026-r3-gian-64,normal,summary,R64-NS-03,"要約: 財政調整基金に16億9,047万9千円を積立",https://www.city.shinjuku.lg.jp/content/000464782.pdf,880e9f42c9d4f7ae8ecfc6235492d9927753303c2a65a6ac9359b23bd2b630a5,12 諸支出金 (1),"財政調整基金積立金 1,690,479千円 7年度純繰越金 … 5,380,957,580円の … 1/2 … ※ただし、当初予 … 算計上10億円を控 … 除 … （千円未満の端数 … 切上）",supported,aea3620ac1f5b113fa34eefddc0f6408f0a8c41bfaf4d8c4c08f9698698f50c4
shinjuku-2026-r3-gian-64,normal,summary,R64-NS-04,要約: 国・都支出金の収入超過分の返納,https://www.city.shinjuku.lg.jp/content/000464782.pdf,880e9f42c9d4f7ae8ecfc6235492d9927753303c2a65a6ac9359b23bd2b630a5,5 福祉費 (1)・6 子ども家庭費 (2),"国、都支出金の収入超過に伴う 285,686千円 生活保護費（国･都）、障害者自立支援給付費 … （国･都）、高齢者施策推進包括補助事業費 … 国、都支出金の収入超過に伴う 348,639千円 ベビーシッター利用支援事業費（都）、子ども・ … 子育て支援交付金（国）、保育対策総合支援事 … 業費（国）等",supported,aea3620ac1f5b113fa34eefddc0f6408f0a8c41bfaf4d8c4c08f9698698f50c4
shinjuku-2026-r3-gian-64,normal,summary,R64-NS-05,要約: ポイ捨て防止パトロール、牛込第一中学校と校内地域図書館の設計委託,https://www.city.shinjuku.lg.jp/content/000464782.pdf,880e9f42c9d4f7ae8ecfc6235492d9927753303c2a65a6ac9359b23bd2b630a5,10 教育費 (2)(3),"牛込第一中学校の建設（設計委 11,440千円 牛込第一中学校建設設計委託 … 牛込第一中学校内地域図書館 1,560千円 牛込第一中学校内地域図書館建設設計委託",supported,aea3620ac1f5b113fa34eefddc0f6408f0a8c41bfaf4d8c4c08f9698698f50c4
shinjuku-2026-r3-gian-64,normal,content,R64-N-01,令和8年9月16日に区長が提出,https://www.city.shinjuku.lg.jp/content/000466337.pdf,53cff7fce213e54ea461112ed48af180dc201b28abc126e9330991083e29d9c1,議案本文 提出日・提出者,令和８年９月１６日 … 提出 … 新宿区長 … 吉 住 健 一,supported,aea3620ac1f5b113fa34eefddc0f6408f0a8c41bfaf4d8c4c08f9698698f50c4
shinjuku-2026-r3-gian-64,normal,content,R64-N-02,"2,592,329千円を追加し総額192,690,061千円",https://www.city.shinjuku.lg.jp/content/000466337.pdf,53cff7fce213e54ea461112ed48af180dc201b28abc126e9330991083e29d9c1,第1条,"歳 入 歳出 予 算 の 総 額 に 歳 入歳 出 そ れ ぞ れ 2,592,329 千 円 を 追 加 し … 歳出予算の総額を歳入歳出それぞれ 192,690,061 千円とする",supported,aea3620ac1f5b113fa34eefddc0f6408f0a8c41bfaf4d8c4c08f9698698f50c4
shinjuku-2026-r3-gian-64,normal,content,R64-N-03,"繰越金2,555,762千円の充当状況",https://www.city.shinjuku.lg.jp/content/000464782.pdf,880e9f42c9d4f7ae8ecfc6235492d9927753303c2a65a6ac9359b23bd2b630a5,歳入 18 繰越金,"１８ 繰越金 2,555,762千円 … 令和７年度純繰越金 5,380,958千円 既充当繰越金 2,000,000千円 今回充当額 2,555,762千円 … 純繰越金充当残 825,196千円",supported,aea3620ac1f5b113fa34eefddc0f6408f0a8c41bfaf4d8c4c08f9698698f50c4
shinjuku-2026-r3-gian-64,normal,content,R64-N-04,都支出金・国庫支出金・寄附金・諸収入の額と内訳,https://www.city.shinjuku.lg.jp/content/000464782.pdf,880e9f42c9d4f7ae8ecfc6235492d9927753303c2a65a6ac9359b23bd2b630a5,歳入 13・14・16・19,"１３ 国庫支出金 1,518千円 … 母子保健衛生費 1,518千円 … １４ 都支出金 21,831千円 … 母子保健支援事業費 1,518千円 … 地域の生活と調和した観光推進事業費 20,313千円 … １６ 寄附金 447千円 … １９ 諸収入 12,771千円",supported,aea3620ac1f5b113fa34eefddc0f6408f0a8c41bfaf4d8c4c08f9698698f50c4
shinjuku-2026-r3-gian-64,normal,content,R64-N-05,諸収入は過年度分の補助金返還金,https://www.city.shinjuku.lg.jp/content/000464782.pdf,880e9f42c9d4f7ae8ecfc6235492d9927753303c2a65a6ac9359b23bd2b630a5,歳入 19 諸収入,"過年度分賃貸物件による保育所整備 4,988千円 … 過年度分保育サービス推進事業補助 242千円 … 過年度分保育所等賃借料補助金返 7,450千円 … 過年度分保育従事職員宿舎借り上げ 4千円 … 過年度分非常通報装置整備事業補 9千円 … 過年度分保育力強化事業補助金返 78千円",supported,aea3620ac1f5b113fa34eefddc0f6408f0a8c41bfaf4d8c4c08f9698698f50c4
shinjuku-2026-r3-gian-64,normal,content,R64-N-06,寄附金は4基金への指定寄附金,https://www.city.shinjuku.lg.jp/content/000464782.pdf,880e9f42c9d4f7ae8ecfc6235492d9927753303c2a65a6ac9359b23bd2b630a5,歳入 16 寄附金,協働推進基金寄附金 52千円 … 夏目漱石記念施設整備基金寄附金 63千円 … 障害者福祉活動基金寄附金 210千円 … 子ども未来基金寄附金 122千円,supported,aea3620ac1f5b113fa34eefddc0f6408f0a8c41bfaf4d8c4c08f9698698f50c4
shinjuku-2026-r3-gian-64,normal,content,R64-N-07,"財政調整基金積立金1,690,479千円の算定方法",https://www.city.shinjuku.lg.jp/content/000464782.pdf,880e9f42c9d4f7ae8ecfc6235492d9927753303c2a65a6ac9359b23bd2b630a5,12 諸支出金 (1),"財政調整基金積立金 1,690,479千円 7年度純繰越金 … 5,380,957,580円の … 1/2 … ※ただし、当初予 … 算計上10億円を控 … 除 … （千円未満の端数 … 切上）",supported,aea3620ac1f5b113fa34eefddc0f6408f0a8c41bfaf4d8c4c08f9698698f50c4
shinjuku-2026-r3-gian-64,normal,content,R64-N-08,"積立後の令和8年度末現在高見込み30,701,598千円",https://www.city.shinjuku.lg.jp/content/000464782.pdf,880e9f42c9d4f7ae8ecfc6235492d9927753303c2a65a6ac9359b23bd2b630a5,12 諸支出金 (1),"7年度末現在高 30,194,924千円 … 既計上積立額 1,494,240千円 … 既計上取崩額 2,678,045千円 … 今回積立額 1,690,479千円 … 8年度末見込み 30,701,598千円",supported,aea3620ac1f5b113fa34eefddc0f6408f0a8c41bfaf4d8c4c08f9698698f50c4
shinjuku-2026-r3-gian-64,normal,content,R64-N-09,返納金 福祉費・子ども家庭費の額と対象,https://www.city.shinjuku.lg.jp/content/000464782.pdf,880e9f42c9d4f7ae8ecfc6235492d9927753303c2a65a6ac9359b23bd2b630a5,5 福祉費 (1)・6 子ども家庭費 (2),"国、都支出金の収入超過に伴う 285,686千円 生活保護費（国･都）、障害者自立支援給付費 … （国･都）、高齢者施策推進包括補助事業費 … 国、都支出金の収入超過に伴う 348,639千円 ベビーシッター利用支援事業費（都）、子ども・ … 子育て支援交付金（国）、保育対策総合支援事 … 業費（国）等",supported,aea3620ac1f5b113fa34eefddc0f6408f0a8c41bfaf4d8c4c08f9698698f50c4
shinjuku-2026-r3-gian-64,normal,content,R64-N-10,返納金 健康費・教育費の額と対象,https://www.city.shinjuku.lg.jp/content/000464782.pdf,880e9f42c9d4f7ae8ecfc6235492d9927753303c2a65a6ac9359b23bd2b630a5,7 健康費 (2)・10 教育費 (1),"国、都支出金の収入超過に伴う 160,559千円 出産・子育て応援事業費（都）、妊婦のための … 支援給付交付金（国）、保健医療政策包括補 … 助事業費（都）等 … 国、都支出金の収入超過に伴う 39,563千円 一時保育事業費（都）、施設等利用給付費（国･ … 都）、多様な他者との関わりの機会の創出事業 … 費（都）等",supported,aea3620ac1f5b113fa34eefddc0f6408f0a8c41bfaf4d8c4c08f9698698f50c4
shinjuku-2026-r3-gian-64,normal,content,R64-N-11,返納金 文化観光産業費・地域振興費の額と対象,https://www.city.shinjuku.lg.jp/content/000464782.pdf,880e9f42c9d4f7ae8ecfc6235492d9927753303c2a65a6ac9359b23bd2b630a5,各款 収入超過に伴う返納金,"都支出金の収入超過に伴う返納 1,168千円 障害者施策推進包括補助事業費、人生100年 … 時代セカンドライフ応援事業費 … 都支出金の収入超過に伴う返納 1,742千円 障害者施策推進包括補助事業費、新型コロナ … ウイルス感染症対応地方創生臨時交付金",supported,aea3620ac1f5b113fa34eefddc0f6408f0a8c41bfaf4d8c4c08f9698698f50c4
shinjuku-2026-r3-gian-64,normal,content,R64-N-12,"ポイ捨て防止ときれいなまちづくり25,393千円、条例改正に伴う対策強化、パトロールの地区と時間",https://www.city.shinjuku.lg.jp/content/000464782.pdf,880e9f42c9d4f7ae8ecfc6235492d9927753303c2a65a6ac9359b23bd2b630a5,8 環境清掃費 (1),"ポイ捨て防止ときれいなまちづく 25,393千円 「新宿区空き缶等の散乱及び路上喫煙による … 被害の防止に関する条例」の改正に伴うポイ捨 … て対策の強化 … ポイ捨て防止パトロール … 新宿駅東口周辺地区、新宿駅西口周辺地区 … 17時～翌7時",supported,aea3620ac1f5b113fa34eefddc0f6408f0a8c41bfaf4d8c4c08f9698698f50c4
shinjuku-2026-r3-gian-64,normal,content,R64-N-13,"牛込第一中学校11,440千円、校内地域図書館1,560千円の設計委託料",https://www.city.shinjuku.lg.jp/content/000464782.pdf,880e9f42c9d4f7ae8ecfc6235492d9927753303c2a65a6ac9359b23bd2b630a5,10 教育費 (2)(3),"牛込第一中学校の建設（設計委 11,440千円 牛込第一中学校建設設計委託 … 牛込第一中学校内地域図書館 1,560千円 牛込第一中学校内地域図書館建設設計委託",supported,aea3620ac1f5b113fa34eefddc0f6408f0a8c41bfaf4d8c4c08f9698698f50c4
shinjuku-2026-r3-gian-64,normal,content,R64-N-14,旧都立市ヶ谷商業高等学校跡地等活用、設計委託の債務負担行為,https://www.city.shinjuku.lg.jp/content/000464782.pdf,880e9f42c9d4f7ae8ecfc6235492d9927753303c2a65a6ac9359b23bd2b630a5,債務負担行為（工事請負契約等）,"あゆみの家受変電設備改修工事 … ＜限度額の変更＞ 補正前：21,718千円 補正後：34,170千円 … 工事計画を変更するため … 牛込第一中学校建設設計委託（旧都立市ヶ谷商業高等学校跡地等活用） … 期間：令和9年度 限度額：26,705千円 … 設計委託が2年度にわたり分割して契約することが困難なため … 期間：令和9年度 限度額：3,642千円",supported,aea3620ac1f5b113fa34eefddc0f6408f0a8c41bfaf4d8c4c08f9698698f50c4
shinjuku-2026-r3-gian-64,normal,content,R64-N-15,"あゆみの家受変電設備改修工事8,300千円",https://www.city.shinjuku.lg.jp/content/000464782.pdf,880e9f42c9d4f7ae8ecfc6235492d9927753303c2a65a6ac9359b23bd2b630a5,5 福祉費 (3),"あゆみの家（計画修繕） 8,300千円 工事計画変更に伴い工事費を増額 … 受変電設備改修工事",supported,aea3620ac1f5b113fa34eefddc0f6408f0a8c41bfaf4d8c4c08f9698698f50c4
shinjuku-2026-r3-gian-64,normal,content,R64-N-16,"電子版母子健康手帳396千円、産後ケアのデジタルクーポン2,640千円",https://www.city.shinjuku.lg.jp/content/000464782.pdf,880e9f42c9d4f7ae8ecfc6235492d9927753303c2a65a6ac9359b23bd2b630a5,7 健康費 (3)(4),"396千円 国のガイドラインに基づく電子版母子健康手帳 … の導入に向けたシステム開発 … 2,640千円 区民の利便性向上のため、デジタルクーポンの … 導入に向けたシステム開発",supported,aea3620ac1f5b113fa34eefddc0f6408f0a8c41bfaf4d8c4c08f9698698f50c4
shinjuku-2026-r3-gian-64,normal,content,R64-N-17,"介護保険特別会計繰出金3,545千円、後期高齢者医療特別会計繰出金10,772千円",https://www.city.shinjuku.lg.jp/content/000464782.pdf,880e9f42c9d4f7ae8ecfc6235492d9927753303c2a65a6ac9359b23bd2b630a5,5 福祉費 (4)・7 健康費 (1),"介護保険特別会計繰出金 3,545千円 高額医療合算サービス費の増額に伴う繰出金 … 後期高齢者医療特別会計繰出 10,772千円 前年度繰越金の額確定等に伴う繰出金の増",supported,aea3620ac1f5b113fa34eefddc0f6408f0a8c41bfaf4d8c4c08f9698698f50c4
shinjuku-2026-r3-gian-64,normal,content,R64-N-18,寄附金の基金への積立4件,https://www.city.shinjuku.lg.jp/content/000464782.pdf,880e9f42c9d4f7ae8ecfc6235492d9927753303c2a65a6ac9359b23bd2b630a5,各款 基金積立金,協働推進基金積立金 52千円 寄附金の積立 … 夏目漱石記念施設整備基金 63千円 寄附金の積立 … 障害者福祉活動基金積立金 210千円 寄附金の積立 … 子ども未来基金積立金 122千円 寄附金の積立,supported,aea3620ac1f5b113fa34eefddc0f6408f0a8c41bfaf4d8c4c08f9698698f50c4
shinjuku-2026-r3-gian-64,normal,content,R64-N-19,債務負担行為の追加・変更3件と理由,https://www.city.shinjuku.lg.jp/content/000464782.pdf,880e9f42c9d4f7ae8ecfc6235492d9927753303c2a65a6ac9359b23bd2b630a5,債務負担行為（工事請負契約等）,"あゆみの家受変電設備改修工事 … ＜限度額の変更＞ 補正前：21,718千円 補正後：34,170千円 … 工事計画を変更するため … 牛込第一中学校建設設計委託（旧都立市ヶ谷商業高等学校跡地等活用） … 期間：令和9年度 限度額：26,705千円 … 設計委託が2年度にわたり分割して契約することが困難なため … 期間：令和9年度 限度額：3,642千円",supported,aea3620ac1f5b113fa34eefddc0f6408f0a8c41bfaf4d8c4c08f9698698f50c4
shinjuku-2026-r3-gian-64,normal,content,R64-N-20,令和8年第3回定例会（会期 9月16日〜10月15日）に提出された,https://www.city.shinjuku.lg.jp/kusei/kuseijoho01_001109_03.html,31b8240a9210c5965a74134fca286bef83cc7b5e9eb4bae326847e0a170a89d0,提出議案一覧ページ,令和8年第3回定例会（会期：9月16日～10月15日）提出案件概要を掲載しました,supported,aea3620ac1f5b113fa34eefddc0f6408f0a8c41bfaf4d8c4c08f9698698f50c4
shinjuku-2026-r3-gian-64,normal,content,R64-N-21,作成時点（令和8年9月30日）で議決結果は公表されていない,https://www.city.shinjuku.lg.jp/content/000466337.pdf,53cff7fce213e54ea461112ed48af180dc201b28abc126e9330991083e29d9c1,審議状況,（作成時点の審議状況の記述であり、一次資料の記載による主張ではない）,needs_source,aea3620ac1f5b113fa34eefddc0f6408f0a8c41bfaf4d8c4c08f9698698f50c4
shinjuku-2026-r3-gian-64,normal,content,R64-N-22,観光推進事業費の充当先、条例改正の内容、パトロール体制、中学校の建設スケジュールは書かれていない,https://www.city.shinjuku.lg.jp/content/000466337.pdf,53cff7fce213e54ea461112ed48af180dc201b28abc126e9330991083e29d9c1,出典に記載がない事項,（本件は解説本文が「一次資料に記載がない」と明示している箇所であり、事実主張ではない）,needs_source,aea3620ac1f5b113fa34eefddc0f6408f0a8c41bfaf4d8c4c08f9698698f50c4
shinjuku-2026-r3-gian-64,hard,title,R64-HT-01,見出し: 令和8年度新宿区一般会計補正予算（第5号）の款項別内訳,https://www.city.shinjuku.lg.jp/content/000466337.pdf,53cff7fce213e54ea461112ed48af180dc201b28abc126e9330991083e29d9c1,第1条,"歳 入 歳出 予 算 の 総 額 に 歳 入歳 出 そ れ ぞ れ 2,592,329 千 円 を 追 加 し … 歳出予算の総額を歳入歳出それぞれ 192,690,061 千円とする",supported,b148a786579360eb94640dbab8113bdc1b0ac8dfa37966c3133258088405158c
shinjuku-2026-r3-gian-64,hard,summary,R64-HS-01,"要約: 2,592,329千円を追加し192,690,061千円とする",https://www.city.shinjuku.lg.jp/content/000466337.pdf,53cff7fce213e54ea461112ed48af180dc201b28abc126e9330991083e29d9c1,第1条,"歳 入 歳出 予 算 の 総 額 に 歳 入歳 出 そ れ ぞ れ 2,592,329 千 円 を 追 加 し … 歳出予算の総額を歳入歳出それぞれ 192,690,061 千円とする",supported,b148a786579360eb94640dbab8113bdc1b0ac8dfa37966c3133258088405158c
shinjuku-2026-r3-gian-64,hard,summary,R64-HS-02,"要約: 歳入の大半は繰越金2,555,762千円",https://www.city.shinjuku.lg.jp/content/000464782.pdf,880e9f42c9d4f7ae8ecfc6235492d9927753303c2a65a6ac9359b23bd2b630a5,歳入 18 繰越金,"１８ 繰越金 2,555,762千円 … 令和７年度純繰越金 5,380,958千円 既充当繰越金 2,000,000千円 今回充当額 2,555,762千円 … 純繰越金充当残 825,196千円",supported,b148a786579360eb94640dbab8113bdc1b0ac8dfa37966c3133258088405158c
shinjuku-2026-r3-gian-64,hard,summary,R64-HS-03,"要約: 財政調整基金積立金1,690,479千円、返納金等",https://www.city.shinjuku.lg.jp/content/000464782.pdf,880e9f42c9d4f7ae8ecfc6235492d9927753303c2a65a6ac9359b23bd2b630a5,12 諸支出金 (1),"財政調整基金積立金 1,690,479千円 7年度純繰越金 … 5,380,957,580円の … 1/2 … ※ただし、当初予 … 算計上10億円を控 … 除 … （千円未満の端数 … 切上）",supported,b148a786579360eb94640dbab8113bdc1b0ac8dfa37966c3133258088405158c
shinjuku-2026-r3-gian-64,hard,summary,R64-HS-04,要約: 債務負担行為の変更1件・追加2件,https://www.city.shinjuku.lg.jp/content/000464782.pdf,880e9f42c9d4f7ae8ecfc6235492d9927753303c2a65a6ac9359b23bd2b630a5,債務負担行為（工事請負契約等）,"あゆみの家受変電設備改修工事 … ＜限度額の変更＞ 補正前：21,718千円 補正後：34,170千円 … 工事計画を変更するため … 牛込第一中学校建設設計委託（旧都立市ヶ谷商業高等学校跡地等活用） … 期間：令和9年度 限度額：26,705千円 … 設計委託が2年度にわたり分割して契約することが困難なため … 期間：令和9年度 限度額：3,642千円",supported,b148a786579360eb94640dbab8113bdc1b0ac8dfa37966c3133258088405158c
shinjuku-2026-r3-gian-64,hard,content,R64-H-01,提出日・提出者,https://www.city.shinjuku.lg.jp/content/000466337.pdf,53cff7fce213e54ea461112ed48af180dc201b28abc126e9330991083e29d9c1,議案本文 提出日・提出者,令和８年９月１６日 … 提出 … 新宿区長 … 吉 住 健 一,supported,b148a786579360eb94640dbab8113bdc1b0ac8dfa37966c3133258088405158c
shinjuku-2026-r3-gian-64,hard,content,R64-H-02,第1条,https://www.city.shinjuku.lg.jp/content/000466337.pdf,53cff7fce213e54ea461112ed48af180dc201b28abc126e9330991083e29d9c1,第1条,"歳 入 歳出 予 算 の 総 額 に 歳 入歳 出 そ れ ぞ れ 2,592,329 千 円 を 追 加 し … 歳出予算の総額を歳入歳出それぞれ 192,690,061 千円とする",supported,b148a786579360eb94640dbab8113bdc1b0ac8dfa37966c3133258088405158c
shinjuku-2026-r3-gian-64,hard,content,R64-H-03,第2条（追加及び変更）,https://www.city.shinjuku.lg.jp/content/000466337.pdf,53cff7fce213e54ea461112ed48af180dc201b28abc126e9330991083e29d9c1,第2条,債務負担行為の追加及び変更は,supported,b148a786579360eb94640dbab8113bdc1b0ac8dfa37966c3133258088405158c
shinjuku-2026-r3-gian-64,hard,content,R64-H-04,第1表 歳入,https://www.city.shinjuku.lg.jp/content/000466337.pdf,53cff7fce213e54ea461112ed48af180dc201b28abc126e9330991083e29d9c1,第1表 歳入,"13 国庫支出金 34,376,077 1,518 34,377,595 … 2 国庫補助金 3,218,253 1,518 3,219,771 … 14 都支出金 17,210,681 21,831 17,232,512 … 16 寄附金 1,639,491 447 1,639,938 … 18 繰越金 2,000,000 2,555,762 4,555,762 … 19 諸収入 3,244,705 12,771 3,257,476 … 6 雑入 1,468,695 12,771 1,481,466 … 190,097,732 2,592,329 192,690,061",supported,b148a786579360eb94640dbab8113bdc1b0ac8dfa37966c3133258088405158c
shinjuku-2026-r3-gian-64,hard,content,R64-H-05,"補正前の歳入合計190,097,732千円は第63号議案の補正後総額と一致",https://www.city.shinjuku.lg.jp/content/000466336.pdf,ac5ebde955e1a8aa2959569f92a362a895c6390e09eb164f561ac2cd9583899e,第1条（第63号議案）,"歳出予算の総額を歳入歳出それぞれ 190,097,732 千円とする",supported,b148a786579360eb94640dbab8113bdc1b0ac8dfa37966c3133258088405158c
shinjuku-2026-r3-gian-64,hard,content,R64-H-06,歳入内訳: 国庫支出金・都支出金・寄附金・諸収入,https://www.city.shinjuku.lg.jp/content/000464782.pdf,880e9f42c9d4f7ae8ecfc6235492d9927753303c2a65a6ac9359b23bd2b630a5,歳入 13・14・16・19,"１３ 国庫支出金 1,518千円 … 母子保健衛生費 1,518千円 … １４ 都支出金 21,831千円 … 母子保健支援事業費 1,518千円 … 地域の生活と調和した観光推進事業費 20,313千円 … １６ 寄附金 447千円 … １９ 諸収入 12,771千円",supported,b148a786579360eb94640dbab8113bdc1b0ac8dfa37966c3133258088405158c
shinjuku-2026-r3-gian-64,hard,content,R64-H-07,歳入内訳: 寄附金4件,https://www.city.shinjuku.lg.jp/content/000464782.pdf,880e9f42c9d4f7ae8ecfc6235492d9927753303c2a65a6ac9359b23bd2b630a5,歳入 16 寄附金,協働推進基金寄附金 52千円 … 夏目漱石記念施設整備基金寄附金 63千円 … 障害者福祉活動基金寄附金 210千円 … 子ども未来基金寄附金 122千円,supported,b148a786579360eb94640dbab8113bdc1b0ac8dfa37966c3133258088405158c
shinjuku-2026-r3-gian-64,hard,content,R64-H-08,歳入内訳: 繰越金,https://www.city.shinjuku.lg.jp/content/000464782.pdf,880e9f42c9d4f7ae8ecfc6235492d9927753303c2a65a6ac9359b23bd2b630a5,歳入 18 繰越金,"１８ 繰越金 2,555,762千円 … 令和７年度純繰越金 5,380,958千円 既充当繰越金 2,000,000千円 今回充当額 2,555,762千円 … 純繰越金充当残 825,196千円",supported,b148a786579360eb94640dbab8113bdc1b0ac8dfa37966c3133258088405158c
shinjuku-2026-r3-gian-64,hard,content,R64-H-09,歳入内訳: 雑入6件,https://www.city.shinjuku.lg.jp/content/000464782.pdf,880e9f42c9d4f7ae8ecfc6235492d9927753303c2a65a6ac9359b23bd2b630a5,歳入 19 諸収入,"過年度分賃貸物件による保育所整備 4,988千円 … 過年度分保育サービス推進事業補助 242千円 … 過年度分保育所等賃借料補助金返 7,450千円 … 過年度分保育従事職員宿舎借り上げ 4千円 … 過年度分非常通報装置整備事業補 9千円 … 過年度分保育力強化事業補助金返 78千円",supported,b148a786579360eb94640dbab8113bdc1b0ac8dfa37966c3133258088405158c
shinjuku-2026-r3-gian-64,hard,content,R64-H-10,第1表 歳出,https://www.city.shinjuku.lg.jp/content/000466337.pdf,53cff7fce213e54ea461112ed48af180dc201b28abc126e9330991083e29d9c1,第1表 歳出,"3 地域振興費 10,271,310 1,220 10,272,530 … 4 文化観光産業費 5,269,128 1,805 5,270,933 … 5 福祉費 50,132,002 297,741 50,429,743 … 1 社会福祉費 1,790,225 285,686 2,075,911 … 6 子ども家庭費 40,038,307 348,761 40,387,068 … 7 健康費 17,808,741 174,367 17,983,108 … 8 環境清掃費 10,993,793 25,393 11,019,186 … 10 教育費 19,106,172 52,563 19,158,735 … 12 諸支出金 2,434,256 1,690,479 4,124,735 … 3 財政積立金 2,434,254 1,690,479 4,124,733",supported,b148a786579360eb94640dbab8113bdc1b0ac8dfa37966c3133258088405158c
shinjuku-2026-r3-gian-64,hard,content,R64-H-11,事業別内訳: 基金積立金（寄附金の積立）4件,https://www.city.shinjuku.lg.jp/content/000464782.pdf,880e9f42c9d4f7ae8ecfc6235492d9927753303c2a65a6ac9359b23bd2b630a5,各款 基金積立金,協働推進基金積立金 52千円 寄附金の積立 … 夏目漱石記念施設整備基金 63千円 寄附金の積立 … 障害者福祉活動基金積立金 210千円 寄附金の積立 … 子ども未来基金積立金 122千円 寄附金の積立,supported,b148a786579360eb94640dbab8113bdc1b0ac8dfa37966c3133258088405158c
shinjuku-2026-r3-gian-64,hard,content,R64-H-12,事業別内訳: 返納金（地域振興費・文化観光産業費）,https://www.city.shinjuku.lg.jp/content/000464782.pdf,880e9f42c9d4f7ae8ecfc6235492d9927753303c2a65a6ac9359b23bd2b630a5,各款 収入超過に伴う返納金,"都支出金の収入超過に伴う返納 1,168千円 障害者施策推進包括補助事業費、人生100年 … 時代セカンドライフ応援事業費 … 都支出金の収入超過に伴う返納 1,742千円 障害者施策推進包括補助事業費、新型コロナ … ウイルス感染症対応地方創生臨時交付金",supported,b148a786579360eb94640dbab8113bdc1b0ac8dfa37966c3133258088405158c
shinjuku-2026-r3-gian-64,hard,content,R64-H-13,事業別内訳: 返納金（福祉費・子ども家庭費）,https://www.city.shinjuku.lg.jp/content/000464782.pdf,880e9f42c9d4f7ae8ecfc6235492d9927753303c2a65a6ac9359b23bd2b630a5,5 福祉費 (1)・6 子ども家庭費 (2),"国、都支出金の収入超過に伴う 285,686千円 生活保護費（国･都）、障害者自立支援給付費 … （国･都）、高齢者施策推進包括補助事業費 … 国、都支出金の収入超過に伴う 348,639千円 ベビーシッター利用支援事業費（都）、子ども・ … 子育て支援交付金（国）、保育対策総合支援事 … 業費（国）等",supported,b148a786579360eb94640dbab8113bdc1b0ac8dfa37966c3133258088405158c
shinjuku-2026-r3-gian-64,hard,content,R64-H-14,事業別内訳: 返納金（健康費・教育費）,https://www.city.shinjuku.lg.jp/content/000464782.pdf,880e9f42c9d4f7ae8ecfc6235492d9927753303c2a65a6ac9359b23bd2b630a5,7 健康費 (2)・10 教育費 (1),"国、都支出金の収入超過に伴う 160,559千円 出産・子育て応援事業費（都）、妊婦のための … 支援給付交付金（国）、保健医療政策包括補 … 助事業費（都）等 … 国、都支出金の収入超過に伴う 39,563千円 一時保育事業費（都）、施設等利用給付費（国･ … 都）、多様な他者との関わりの機会の創出事業 … 費（都）等",supported,b148a786579360eb94640dbab8113bdc1b0ac8dfa37966c3133258088405158c
shinjuku-2026-r3-gian-64,hard,content,R64-H-15,事業別内訳: あゆみの家,https://www.city.shinjuku.lg.jp/content/000464782.pdf,880e9f42c9d4f7ae8ecfc6235492d9927753303c2a65a6ac9359b23bd2b630a5,5 福祉費 (3),"あゆみの家（計画修繕） 8,300千円 工事計画変更に伴い工事費を増額 … 受変電設備改修工事",supported,b148a786579360eb94640dbab8113bdc1b0ac8dfa37966c3133258088405158c
shinjuku-2026-r3-gian-64,hard,content,R64-H-16,事業別内訳: 特別会計繰出金2件,https://www.city.shinjuku.lg.jp/content/000464782.pdf,880e9f42c9d4f7ae8ecfc6235492d9927753303c2a65a6ac9359b23bd2b630a5,5 福祉費 (4)・7 健康費 (1),"介護保険特別会計繰出金 3,545千円 高額医療合算サービス費の増額に伴う繰出金 … 後期高齢者医療特別会計繰出 10,772千円 前年度繰越金の額確定等に伴う繰出金の増",supported,b148a786579360eb94640dbab8113bdc1b0ac8dfa37966c3133258088405158c
shinjuku-2026-r3-gian-64,hard,content,R64-H-17,事業別内訳: 母子健康手帳・産後ケア,https://www.city.shinjuku.lg.jp/content/000464782.pdf,880e9f42c9d4f7ae8ecfc6235492d9927753303c2a65a6ac9359b23bd2b630a5,7 健康費 (3)(4),"396千円 国のガイドラインに基づく電子版母子健康手帳 … の導入に向けたシステム開発 … 2,640千円 区民の利便性向上のため、デジタルクーポンの … 導入に向けたシステム開発",supported,b148a786579360eb94640dbab8113bdc1b0ac8dfa37966c3133258088405158c
shinjuku-2026-r3-gian-64,hard,content,R64-H-18,事業別内訳: ポイ捨て防止,https://www.city.shinjuku.lg.jp/content/000464782.pdf,880e9f42c9d4f7ae8ecfc6235492d9927753303c2a65a6ac9359b23bd2b630a5,8 環境清掃費 (1),"ポイ捨て防止ときれいなまちづく 25,393千円 「新宿区空き缶等の散乱及び路上喫煙による … 被害の防止に関する条例」の改正に伴うポイ捨 … て対策の強化 … ポイ捨て防止パトロール … 新宿駅東口周辺地区、新宿駅西口周辺地区 … 17時～翌7時",supported,b148a786579360eb94640dbab8113bdc1b0ac8dfa37966c3133258088405158c
shinjuku-2026-r3-gian-64,hard,content,R64-H-19,事業別内訳: 牛込第一中学校の設計2件,https://www.city.shinjuku.lg.jp/content/000464782.pdf,880e9f42c9d4f7ae8ecfc6235492d9927753303c2a65a6ac9359b23bd2b630a5,10 教育費 (2)(3),"牛込第一中学校の建設（設計委 11,440千円 牛込第一中学校建設設計委託 … 牛込第一中学校内地域図書館 1,560千円 牛込第一中学校内地域図書館建設設計委託",supported,b148a786579360eb94640dbab8113bdc1b0ac8dfa37966c3133258088405158c
shinjuku-2026-r3-gian-64,hard,content,R64-H-20,事業別内訳: 財政調整基金積立金と算定,https://www.city.shinjuku.lg.jp/content/000464782.pdf,880e9f42c9d4f7ae8ecfc6235492d9927753303c2a65a6ac9359b23bd2b630a5,12 諸支出金 (1),"財政調整基金積立金 1,690,479千円 7年度純繰越金 … 5,380,957,580円の … 1/2 … ※ただし、当初予 … 算計上10億円を控 … 除 … （千円未満の端数 … 切上）",supported,b148a786579360eb94640dbab8113bdc1b0ac8dfa37966c3133258088405158c
shinjuku-2026-r3-gian-64,hard,content,R64-H-21,財政調整基金の状況,https://www.city.shinjuku.lg.jp/content/000464782.pdf,880e9f42c9d4f7ae8ecfc6235492d9927753303c2a65a6ac9359b23bd2b630a5,12 諸支出金 (1),"7年度末現在高 30,194,924千円 … 既計上積立額 1,494,240千円 … 既計上取崩額 2,678,045千円 … 今回積立額 1,690,479千円 … 8年度末見込み 30,701,598千円",supported,b148a786579360eb94640dbab8113bdc1b0ac8dfa37966c3133258088405158c
shinjuku-2026-r3-gian-64,hard,content,R64-H-22,"既計上取崩額2,678,045千円は第63号議案の補正後の財政調整基金繰入金と一致",https://www.city.shinjuku.lg.jp/content/000464781.pdf,93d44af232d1809581b31a61b94e53e7c0c41067f55f64591e7970e1a8442cd6,歳入 17 繰入金（第63号議案）,"補正後予算額 2,678,045千円",supported,b148a786579360eb94640dbab8113bdc1b0ac8dfa37966c3133258088405158c
shinjuku-2026-r3-gian-64,hard,content,R64-H-23,第2表 債務負担行為の追加・変更と理由,https://www.city.shinjuku.lg.jp/content/000464782.pdf,880e9f42c9d4f7ae8ecfc6235492d9927753303c2a65a6ac9359b23bd2b630a5,債務負担行為（工事請負契約等）,"あゆみの家受変電設備改修工事 … ＜限度額の変更＞ 補正前：21,718千円 補正後：34,170千円 … 工事計画を変更するため … 牛込第一中学校建設設計委託（旧都立市ヶ谷商業高等学校跡地等活用） … 期間：令和9年度 限度額：26,705千円 … 設計委託が2年度にわたり分割して契約することが困難なため … 期間：令和9年度 限度額：3,642千円",supported,b148a786579360eb94640dbab8113bdc1b0ac8dfa37966c3133258088405158c
shinjuku-2026-r3-gian-64,hard,content,R64-H-24,令和8年第3回定例会（会期 9月16日〜10月15日）に提出された,https://www.city.shinjuku.lg.jp/kusei/kuseijoho01_001109_03.html,31b8240a9210c5965a74134fca286bef83cc7b5e9eb4bae326847e0a170a89d0,提出議案一覧ページ,令和8年第3回定例会（会期：9月16日～10月15日）提出案件概要を掲載しました,supported,b148a786579360eb94640dbab8113bdc1b0ac8dfa37966c3133258088405158c
shinjuku-2026-r3-gian-64,hard,content,R64-H-25,作成時点（令和8年9月30日）で議決結果は公表されていない,https://www.city.shinjuku.lg.jp/content/000466337.pdf,53cff7fce213e54ea461112ed48af180dc201b28abc126e9330991083e29d9c1,審議状況,（作成時点の審議状況の記述であり、一次資料の記載による主張ではない）,needs_source,b148a786579360eb94640dbab8113bdc1b0ac8dfa37966c3133258088405158c
shinjuku-2026-r3-gian-64,hard,content,R64-H-26,観光推進事業費の充当先、返納金の対象年度、条例改正内容、パトロール体制、中学校の工程は資料にない,https://www.city.shinjuku.lg.jp/content/000466337.pdf,53cff7fce213e54ea461112ed48af180dc201b28abc126e9330991083e29d9c1,出典に記載がない事項,（本件は解説本文が「一次資料に記載がない」と明示している箇所であり、事実主張ではない）,needs_source,b148a786579360eb94640dbab8113bdc1b0ac8dfa37966c3133258088405158c
shinjuku-2026-r3-gian-64,hard,content,R64-H-27,"純繰越金と認定第1号の差引残額5,775,143,580円との差の内訳は資料にない",https://www.city.shinjuku.lg.jp/content/000466361.pdf,5c467263a0a7b843ac6fd49ad8e51e6d1f6971fad2c28c8412b034220dd3e6eb,認定第1号 歳入歳出差引残額,歳入歳出差引残額 ５，７７５，１４３，５８０円,supported,b148a786579360eb94640dbab8113bdc1b0ac8dfa37966c3133258088405158c
shinjuku-2026-r3-gian-65,easy,title,R65-ET-01,見出し: 介護保険の会計に予算を追加し基金に積み立てる,https://www.city.shinjuku.lg.jp/content/000464782.pdf,880e9f42c9d4f7ae8ecfc6235492d9927753303c2a65a6ac9359b23bd2b630a5,第65号議案 3 基金積立金,"介護給付準備基金積立金 573,584千円 介護保険料の保険給付費への充当剰余 … 金等を積立",supported,ab2bb575b37e844181832c048817b71cc40f66ea688f96bba10dc3a407eaac97
shinjuku-2026-r3-gian-65,easy,summary,R65-ES-01,"要約: 7億6,573万9千円を追加",https://www.city.shinjuku.lg.jp/content/000466338.pdf,4b752bcc4734c8c3cb427734125e18a27e48814520fa1ea9fe363fa03d8f2c5d,第1条,"歳入歳出予算の総額に歳入歳出それぞれ 765,739 千円を追加し … 歳出予算の総額を歳入歳出それぞれ 28,973,460 千円とする",supported,ab2bb575b37e844181832c048817b71cc40f66ea688f96bba10dc3a407eaac97
shinjuku-2026-r3-gian-65,easy,summary,R65-ES-02,要約: 前年度繰越金を使う,https://www.city.shinjuku.lg.jp/content/000464782.pdf,880e9f42c9d4f7ae8ecfc6235492d9927753303c2a65a6ac9359b23bd2b630a5,第65号議案 歳入 7 繰入金・8 繰越金,"７ 繰入金 10,591千円 … 一般会計繰入金（介護給付費繰入 3,545千円 … 介護給付準備基金繰入金 7,046千円 … ８ 繰越金 737,034千円 … 前年度繰越金 737,034千円",supported,ab2bb575b37e844181832c048817b71cc40f66ea688f96bba10dc3a407eaac97
shinjuku-2026-r3-gian-65,easy,summary,R65-ES-03,"要約: 5億7,358万4千円を介護給付準備基金に積立",https://www.city.shinjuku.lg.jp/content/000464782.pdf,880e9f42c9d4f7ae8ecfc6235492d9927753303c2a65a6ac9359b23bd2b630a5,第65号議案 3 基金積立金,"介護給付準備基金積立金 573,584千円 介護保険料の保険給付費への充当剰余 … 金等を積立",supported,ab2bb575b37e844181832c048817b71cc40f66ea688f96bba10dc3a407eaac97
shinjuku-2026-r3-gian-65,easy,summary,R65-ES-04,要約: 収入超過分を返納,https://www.city.shinjuku.lg.jp/content/000464782.pdf,880e9f42c9d4f7ae8ecfc6235492d9927753303c2a65a6ac9359b23bd2b630a5,第65号議案 5 諸支出金 (2),"国庫支出金、支払基金交付金 167,503千円 介護給付費負担金(国)､地域支援事業支援 … 交付金､地域支援事業交付金(国･都)等",supported,ab2bb575b37e844181832c048817b71cc40f66ea688f96bba10dc3a407eaac97
shinjuku-2026-r3-gian-65,easy,content,R65-E-01,"介護保険特別会計の補正予算、7億6,573万9千円を追加、総額289億7,346万円",https://www.city.shinjuku.lg.jp/content/000466338.pdf,4b752bcc4734c8c3cb427734125e18a27e48814520fa1ea9fe363fa03d8f2c5d,第1条,"歳入歳出予算の総額に歳入歳出それぞれ 765,739 千円を追加し … 歳出予算の総額を歳入歳出それぞれ 28,973,460 千円とする",supported,ab2bb575b37e844181832c048817b71cc40f66ea688f96bba10dc3a407eaac97
shinjuku-2026-r3-gian-65,easy,content,R65-E-02,区長が2026年9月16日に提出,https://www.city.shinjuku.lg.jp/content/000466338.pdf,4b752bcc4734c8c3cb427734125e18a27e48814520fa1ea9fe363fa03d8f2c5d,議案本文 提出日・提出者,令和８年９月１６日 … 提出 … 新宿区長 … 吉 住 健 一,supported,ab2bb575b37e844181832c048817b71cc40f66ea688f96bba10dc3a407eaac97
shinjuku-2026-r3-gian-65,easy,content,R65-E-03,"介護給付準備基金へ5億7,358万4千円、介護保険料の保険給付費への充当剰余金等",https://www.city.shinjuku.lg.jp/content/000464782.pdf,880e9f42c9d4f7ae8ecfc6235492d9927753303c2a65a6ac9359b23bd2b630a5,第65号議案 3 基金積立金,"介護給付準備基金積立金 573,584千円 介護保険料の保険給付費への充当剰余 … 金等を積立",supported,ab2bb575b37e844181832c048817b71cc40f66ea688f96bba10dc3a407eaac97
shinjuku-2026-r3-gian-65,easy,content,R65-E-04,"国等への返納金1億6,750万3千円",https://www.city.shinjuku.lg.jp/content/000464782.pdf,880e9f42c9d4f7ae8ecfc6235492d9927753303c2a65a6ac9359b23bd2b630a5,第65号議案 5 諸支出金 (2),"国庫支出金、支払基金交付金 167,503千円 介護給付費負担金(国)､地域支援事業支援 … 交付金､地域支援事業交付金(国･都)等",supported,ab2bb575b37e844181832c048817b71cc40f66ea688f96bba10dc3a407eaac97
shinjuku-2026-r3-gian-65,easy,content,R65-E-05,国・支払基金・都の支出金の収入超過に伴う返納,https://www.city.shinjuku.lg.jp/content/000464782.pdf,880e9f42c9d4f7ae8ecfc6235492d9927753303c2a65a6ac9359b23bd2b630a5,第65号議案 5 諸支出金 (2),及び都支出金の収入超過に伴 … う返納金,supported,ab2bb575b37e844181832c048817b71cc40f66ea688f96bba10dc3a407eaac97
shinjuku-2026-r3-gian-65,easy,content,R65-E-06,"高額医療合算サービス費2,836万3千円、実績増",https://www.city.shinjuku.lg.jp/content/000464782.pdf,880e9f42c9d4f7ae8ecfc6235492d9927753303c2a65a6ac9359b23bd2b630a5,第65号議案 2 保険給付費,"高額医療合算サービス費 28,363千円 高額医療合算サービス費の実績増",supported,ab2bb575b37e844181832c048817b71cc40f66ea688f96bba10dc3a407eaac97
shinjuku-2026-r3-gian-65,easy,content,R65-E-07,保険料の過誤納還付金 △371万1千円,https://www.city.shinjuku.lg.jp/content/000464782.pdf,880e9f42c9d4f7ae8ecfc6235492d9927753303c2a65a6ac9359b23bd2b630a5,第65号議案 5 諸支出金 (1),"第１号被保険者保険料の過誤 △3,711千円 還付金額確定に伴う減",supported,ab2bb575b37e844181832c048817b71cc40f66ea688f96bba10dc3a407eaac97
shinjuku-2026-r3-gian-65,easy,content,R65-E-08,"繰越金7億3,703万4千円、一般会計354万5千円、基金704万6千円",https://www.city.shinjuku.lg.jp/content/000464782.pdf,880e9f42c9d4f7ae8ecfc6235492d9927753303c2a65a6ac9359b23bd2b630a5,第65号議案 歳入 7 繰入金・8 繰越金,"７ 繰入金 10,591千円 … 一般会計繰入金（介護給付費繰入 3,545千円 … 介護給付準備基金繰入金 7,046千円 … ８ 繰越金 737,034千円 … 前年度繰越金 737,034千円",supported,ab2bb575b37e844181832c048817b71cc40f66ea688f96bba10dc3a407eaac97
shinjuku-2026-r3-gian-65,easy,content,R65-E-09,国656万9千円、支払基金交付金800万円、都354万5千円,https://www.city.shinjuku.lg.jp/content/000464782.pdf,880e9f42c9d4f7ae8ecfc6235492d9927753303c2a65a6ac9359b23bd2b630a5,第65号議案 歳入,"３ 国庫支出金 6,569千円 … 介護給付費負担金（現年度分） 5,673千円 … 調整交付金 896千円 … ４ 支払基金交付金 8,000千円 … 介護給付費交付金（現年度分） 7,658千円 … 介護給付費交付金（過年度分） 342千円 … ５ 都支出金 3,545千円",supported,ab2bb575b37e844181832c048817b71cc40f66ea688f96bba10dc3a407eaac97
shinjuku-2026-r3-gian-65,easy,content,R65-E-10,令和8年第3回定例会（会期 9月16日〜10月15日）に提出された,https://www.city.shinjuku.lg.jp/kusei/kuseijoho01_001109_03.html,31b8240a9210c5965a74134fca286bef83cc7b5e9eb4bae326847e0a170a89d0,提出議案一覧ページ,令和8年第3回定例会（会期：9月16日～10月15日）提出案件概要を掲載しました,supported,ab2bb575b37e844181832c048817b71cc40f66ea688f96bba10dc3a407eaac97
shinjuku-2026-r3-gian-65,easy,content,R65-E-11,作成時点（令和8年9月30日）で議決結果は公表されていない,https://www.city.shinjuku.lg.jp/content/000466338.pdf,4b752bcc4734c8c3cb427734125e18a27e48814520fa1ea9fe363fa03d8f2c5d,審議状況,（作成時点の審議状況の記述であり、一次資料の記載による主張ではない）,needs_source,ab2bb575b37e844181832c048817b71cc40f66ea688f96bba10dc3a407eaac97
shinjuku-2026-r3-gian-65,easy,content,R65-E-12,介護保険料の変更、基金の使途、給付の対象人数は書かれていない,https://www.city.shinjuku.lg.jp/content/000466338.pdf,4b752bcc4734c8c3cb427734125e18a27e48814520fa1ea9fe363fa03d8f2c5d,出典に記載がない事項,（本件は解説本文が「一次資料に記載がない」と明示している箇所であり、事実主張ではない）,needs_source,ab2bb575b37e844181832c048817b71cc40f66ea688f96bba10dc3a407eaac97
shinjuku-2026-r3-gian-65,normal,title,R65-NT-01,見出し: 介護給付準備基金への積立と国・都への返納,https://www.city.shinjuku.lg.jp/content/000464782.pdf,880e9f42c9d4f7ae8ecfc6235492d9927753303c2a65a6ac9359b23bd2b630a5,第65号議案 3 基金積立金,"介護給付準備基金積立金 573,584千円 介護保険料の保険給付費への充当剰余 … 金等を積立",supported,659cd2479998f91b38c16760f0e952a8a431d11659be19c04b9327e4b3aaadb2
shinjuku-2026-r3-gian-65,normal,summary,R65-NS-01,"要約: 7億6,573万9千円を追加",https://www.city.shinjuku.lg.jp/content/000466338.pdf,4b752bcc4734c8c3cb427734125e18a27e48814520fa1ea9fe363fa03d8f2c5d,第1条,"歳入歳出予算の総額に歳入歳出それぞれ 765,739 千円を追加し … 歳出予算の総額を歳入歳出それぞれ 28,973,460 千円とする",supported,659cd2479998f91b38c16760f0e952a8a431d11659be19c04b9327e4b3aaadb2
shinjuku-2026-r3-gian-65,normal,summary,R65-NS-02,要約: 前年度繰越金が主な財源,https://www.city.shinjuku.lg.jp/content/000464782.pdf,880e9f42c9d4f7ae8ecfc6235492d9927753303c2a65a6ac9359b23bd2b630a5,第65号議案 歳入 7 繰入金・8 繰越金,"７ 繰入金 10,591千円 … 一般会計繰入金（介護給付費繰入 3,545千円 … 介護給付準備基金繰入金 7,046千円 … ８ 繰越金 737,034千円 … 前年度繰越金 737,034千円",supported,659cd2479998f91b38c16760f0e952a8a431d11659be19c04b9327e4b3aaadb2
shinjuku-2026-r3-gian-65,normal,summary,R65-NS-03,"要約: 充当剰余金等5億7,358万4千円を基金へ積立",https://www.city.shinjuku.lg.jp/content/000464782.pdf,880e9f42c9d4f7ae8ecfc6235492d9927753303c2a65a6ac9359b23bd2b630a5,第65号議案 3 基金積立金,"介護給付準備基金積立金 573,584千円 介護保険料の保険給付費への充当剰余 … 金等を積立",supported,659cd2479998f91b38c16760f0e952a8a431d11659be19c04b9327e4b3aaadb2
shinjuku-2026-r3-gian-65,normal,summary,R65-NS-04,要約: 収入超過分の返納,https://www.city.shinjuku.lg.jp/content/000464782.pdf,880e9f42c9d4f7ae8ecfc6235492d9927753303c2a65a6ac9359b23bd2b630a5,第65号議案 5 諸支出金 (2),"国庫支出金、支払基金交付金 167,503千円 介護給付費負担金(国)､地域支援事業支援 … 交付金､地域支援事業交付金(国･都)等",supported,659cd2479998f91b38c16760f0e952a8a431d11659be19c04b9327e4b3aaadb2
shinjuku-2026-r3-gian-65,normal,summary,R65-NS-05,要約: 高額医療合算サービス費の実績増,https://www.city.shinjuku.lg.jp/content/000464782.pdf,880e9f42c9d4f7ae8ecfc6235492d9927753303c2a65a6ac9359b23bd2b630a5,第65号議案 2 保険給付費,"高額医療合算サービス費 28,363千円 高額医療合算サービス費の実績増",supported,659cd2479998f91b38c16760f0e952a8a431d11659be19c04b9327e4b3aaadb2
shinjuku-2026-r3-gian-65,normal,content,R65-N-01,令和8年9月16日に区長が提出,https://www.city.shinjuku.lg.jp/content/000466338.pdf,4b752bcc4734c8c3cb427734125e18a27e48814520fa1ea9fe363fa03d8f2c5d,議案本文 提出日・提出者,令和８年９月１６日 … 提出 … 新宿区長 … 吉 住 健 一,supported,659cd2479998f91b38c16760f0e952a8a431d11659be19c04b9327e4b3aaadb2
shinjuku-2026-r3-gian-65,normal,content,R65-N-02,"765,739千円を追加し総額28,973,460千円",https://www.city.shinjuku.lg.jp/content/000466338.pdf,4b752bcc4734c8c3cb427734125e18a27e48814520fa1ea9fe363fa03d8f2c5d,第1条,"歳入歳出予算の総額に歳入歳出それぞれ 765,739 千円を追加し … 歳出予算の総額を歳入歳出それぞれ 28,973,460 千円とする",supported,659cd2479998f91b38c16760f0e952a8a431d11659be19c04b9327e4b3aaadb2
shinjuku-2026-r3-gian-65,normal,content,R65-N-03,"介護給付準備基金積立金573,584千円",https://www.city.shinjuku.lg.jp/content/000464782.pdf,880e9f42c9d4f7ae8ecfc6235492d9927753303c2a65a6ac9359b23bd2b630a5,第65号議案 3 基金積立金,"介護給付準備基金積立金 573,584千円 介護保険料の保険給付費への充当剰余 … 金等を積立",supported,659cd2479998f91b38c16760f0e952a8a431d11659be19c04b9327e4b3aaadb2
shinjuku-2026-r3-gian-65,normal,content,R65-N-04,"返納金167,503千円と対象",https://www.city.shinjuku.lg.jp/content/000464782.pdf,880e9f42c9d4f7ae8ecfc6235492d9927753303c2a65a6ac9359b23bd2b630a5,第65号議案 5 諸支出金 (2),"国庫支出金、支払基金交付金 167,503千円 介護給付費負担金(国)､地域支援事業支援 … 交付金､地域支援事業交付金(国･都)等",supported,659cd2479998f91b38c16760f0e952a8a431d11659be19c04b9327e4b3aaadb2
shinjuku-2026-r3-gian-65,normal,content,R65-N-05,返納金の項目名,https://www.city.shinjuku.lg.jp/content/000464782.pdf,880e9f42c9d4f7ae8ecfc6235492d9927753303c2a65a6ac9359b23bd2b630a5,第65号議案 5 諸支出金 (2),及び都支出金の収入超過に伴 … う返納金,supported,659cd2479998f91b38c16760f0e952a8a431d11659be19c04b9327e4b3aaadb2
shinjuku-2026-r3-gian-65,normal,content,R65-N-06,"高額医療合算サービス費28,363千円",https://www.city.shinjuku.lg.jp/content/000464782.pdf,880e9f42c9d4f7ae8ecfc6235492d9927753303c2a65a6ac9359b23bd2b630a5,第65号議案 2 保険給付費,"高額医療合算サービス費 28,363千円 高額医療合算サービス費の実績増",supported,659cd2479998f91b38c16760f0e952a8a431d11659be19c04b9327e4b3aaadb2
shinjuku-2026-r3-gian-65,normal,content,R65-N-07,"過誤納還付金△3,711千円",https://www.city.shinjuku.lg.jp/content/000464782.pdf,880e9f42c9d4f7ae8ecfc6235492d9927753303c2a65a6ac9359b23bd2b630a5,第65号議案 5 諸支出金 (1),"第１号被保険者保険料の過誤 △3,711千円 還付金額確定に伴う減",supported,659cd2479998f91b38c16760f0e952a8a431d11659be19c04b9327e4b3aaadb2
shinjuku-2026-r3-gian-65,normal,content,R65-N-08,"繰越金737,034千円、繰入金10,591千円の内訳",https://www.city.shinjuku.lg.jp/content/000464782.pdf,880e9f42c9d4f7ae8ecfc6235492d9927753303c2a65a6ac9359b23bd2b630a5,第65号議案 歳入 7 繰入金・8 繰越金,"７ 繰入金 10,591千円 … 一般会計繰入金（介護給付費繰入 3,545千円 … 介護給付準備基金繰入金 7,046千円 … ８ 繰越金 737,034千円 … 前年度繰越金 737,034千円",supported,659cd2479998f91b38c16760f0e952a8a431d11659be19c04b9327e4b3aaadb2
shinjuku-2026-r3-gian-65,normal,content,R65-N-09,支払基金交付金・国庫支出金・都支出金の内訳,https://www.city.shinjuku.lg.jp/content/000464782.pdf,880e9f42c9d4f7ae8ecfc6235492d9927753303c2a65a6ac9359b23bd2b630a5,第65号議案 歳入,"３ 国庫支出金 6,569千円 … 介護給付費負担金（現年度分） 5,673千円 … 調整交付金 896千円 … ４ 支払基金交付金 8,000千円 … 介護給付費交付金（現年度分） 7,658千円 … 介護給付費交付金（過年度分） 342千円 … ５ 都支出金 3,545千円",supported,659cd2479998f91b38c16760f0e952a8a431d11659be19c04b9327e4b3aaadb2
shinjuku-2026-r3-gian-65,normal,content,R65-N-10,"一般会計繰入金3,545千円は第64号議案の繰出金3,545千円と同額",https://www.city.shinjuku.lg.jp/content/000464782.pdf,880e9f42c9d4f7ae8ecfc6235492d9927753303c2a65a6ac9359b23bd2b630a5,第64号議案 5 福祉費 (4),"介護保険特別会計繰出金 3,545千円 高額医療合算サービス費の増額に伴う繰出金 … の増",supported,659cd2479998f91b38c16760f0e952a8a431d11659be19c04b9327e4b3aaadb2
shinjuku-2026-r3-gian-65,normal,content,R65-N-11,令和8年第3回定例会（会期 9月16日〜10月15日）に提出された,https://www.city.shinjuku.lg.jp/kusei/kuseijoho01_001109_03.html,31b8240a9210c5965a74134fca286bef83cc7b5e9eb4bae326847e0a170a89d0,提出議案一覧ページ,令和8年第3回定例会（会期：9月16日～10月15日）提出案件概要を掲載しました,supported,659cd2479998f91b38c16760f0e952a8a431d11659be19c04b9327e4b3aaadb2
shinjuku-2026-r3-gian-65,normal,content,R65-N-12,作成時点（令和8年9月30日）で議決結果は公表されていない,https://www.city.shinjuku.lg.jp/content/000466338.pdf,4b752bcc4734c8c3cb427734125e18a27e48814520fa1ea9fe363fa03d8f2c5d,審議状況,（作成時点の審議状況の記述であり、一次資料の記載による主張ではない）,needs_source,659cd2479998f91b38c16760f0e952a8a431d11659be19c04b9327e4b3aaadb2
shinjuku-2026-r3-gian-65,normal,content,R65-N-13,基金残高、使途、保険料への影響、対象者数は書かれていない,https://www.city.shinjuku.lg.jp/content/000466338.pdf,4b752bcc4734c8c3cb427734125e18a27e48814520fa1ea9fe363fa03d8f2c5d,出典に記載がない事項,（本件は解説本文が「一次資料に記載がない」と明示している箇所であり、事実主張ではない）,needs_source,659cd2479998f91b38c16760f0e952a8a431d11659be19c04b9327e4b3aaadb2
shinjuku-2026-r3-gian-65,hard,title,R65-HT-01,見出し: 令和8年度新宿区介護保険特別会計補正予算（第2号）の款項別内訳,https://www.city.shinjuku.lg.jp/content/000466338.pdf,4b752bcc4734c8c3cb427734125e18a27e48814520fa1ea9fe363fa03d8f2c5d,第1条,"歳入歳出予算の総額に歳入歳出それぞれ 765,739 千円を追加し … 歳出予算の総額を歳入歳出それぞれ 28,973,460 千円とする",supported,1d6e0d61e3d1efcc60d9d946f4b935ea7f5a895792f80e69d8c5b07c7aeeb6ab
shinjuku-2026-r3-gian-65,hard,summary,R65-HS-01,"要約: 765,739千円を追加し28,973,460千円とする",https://www.city.shinjuku.lg.jp/content/000466338.pdf,4b752bcc4734c8c3cb427734125e18a27e48814520fa1ea9fe363fa03d8f2c5d,第1条,"歳入歳出予算の総額に歳入歳出それぞれ 765,739 千円を追加し … 歳出予算の総額を歳入歳出それぞれ 28,973,460 千円とする",supported,1d6e0d61e3d1efcc60d9d946f4b935ea7f5a895792f80e69d8c5b07c7aeeb6ab
shinjuku-2026-r3-gian-65,hard,summary,R65-HS-02,要約: 歳出3款の補正額,https://www.city.shinjuku.lg.jp/content/000466338.pdf,4b752bcc4734c8c3cb427734125e18a27e48814520fa1ea9fe363fa03d8f2c5d,第1表 歳出,"2 保険給付費 24,897,478 28,363 24,925,841 … 2 高額サービス費等 939,667 28,363 968,030 … 3 基金積立金 49,083 573,584 622,667 … 5 諸支出金 19,482 163,792 183,274 … 1 償還金及び還付金 19,480 163,792 183,272",supported,1d6e0d61e3d1efcc60d9d946f4b935ea7f5a895792f80e69d8c5b07c7aeeb6ab
shinjuku-2026-r3-gian-65,hard,summary,R65-HS-03,"要約: 歳入は繰越金737,034千円を中心とする",https://www.city.shinjuku.lg.jp/content/000466338.pdf,4b752bcc4734c8c3cb427734125e18a27e48814520fa1ea9fe363fa03d8f2c5d,第1表 歳入,"3 国庫支出金 5,739,501 6,569 5,746,070 … 1 国庫負担金 4,468,585 5,673 4,474,258 … 2 国庫補助金 1,270,916 896 1,271,812 … 4 支払基金交付金 6,981,042 8,000 6,989,042 … 5 都支出金 3,859,253 3,545 3,862,798 … 1 都負担金 3,623,096 3,545 3,626,641 … 7 繰入金 5,947,276 10,591 5,957,867 … 1 一般会計繰入金 5,019,731 3,545 5,023,276 … 2 基金繰入金 927,545 7,046 934,591 … 8 繰越金 19,450 737,034 756,484 … 28,207,721 765,739 28,973,460",supported,1d6e0d61e3d1efcc60d9d946f4b935ea7f5a895792f80e69d8c5b07c7aeeb6ab
shinjuku-2026-r3-gian-65,hard,content,R65-H-01,提出日・提出者,https://www.city.shinjuku.lg.jp/content/000466338.pdf,4b752bcc4734c8c3cb427734125e18a27e48814520fa1ea9fe363fa03d8f2c5d,議案本文 提出日・提出者,令和８年９月１６日 … 提出 … 新宿区長 … 吉 住 健 一,supported,1d6e0d61e3d1efcc60d9d946f4b935ea7f5a895792f80e69d8c5b07c7aeeb6ab
shinjuku-2026-r3-gian-65,hard,content,R65-H-02,第1条,https://www.city.shinjuku.lg.jp/content/000466338.pdf,4b752bcc4734c8c3cb427734125e18a27e48814520fa1ea9fe363fa03d8f2c5d,第1条,"歳入歳出予算の総額に歳入歳出それぞれ 765,739 千円を追加し … 歳出予算の総額を歳入歳出それぞれ 28,973,460 千円とする",supported,1d6e0d61e3d1efcc60d9d946f4b935ea7f5a895792f80e69d8c5b07c7aeeb6ab
shinjuku-2026-r3-gian-65,hard,content,R65-H-03,第1表 歳入,https://www.city.shinjuku.lg.jp/content/000466338.pdf,4b752bcc4734c8c3cb427734125e18a27e48814520fa1ea9fe363fa03d8f2c5d,第1表 歳入,"3 国庫支出金 5,739,501 6,569 5,746,070 … 1 国庫負担金 4,468,585 5,673 4,474,258 … 2 国庫補助金 1,270,916 896 1,271,812 … 4 支払基金交付金 6,981,042 8,000 6,989,042 … 5 都支出金 3,859,253 3,545 3,862,798 … 1 都負担金 3,623,096 3,545 3,626,641 … 7 繰入金 5,947,276 10,591 5,957,867 … 1 一般会計繰入金 5,019,731 3,545 5,023,276 … 2 基金繰入金 927,545 7,046 934,591 … 8 繰越金 19,450 737,034 756,484 … 28,207,721 765,739 28,973,460",supported,1d6e0d61e3d1efcc60d9d946f4b935ea7f5a895792f80e69d8c5b07c7aeeb6ab
shinjuku-2026-r3-gian-65,hard,content,R65-H-04,歳入の内訳（国庫・支払基金・都）,https://www.city.shinjuku.lg.jp/content/000464782.pdf,880e9f42c9d4f7ae8ecfc6235492d9927753303c2a65a6ac9359b23bd2b630a5,第65号議案 歳入,"３ 国庫支出金 6,569千円 … 介護給付費負担金（現年度分） 5,673千円 … 調整交付金 896千円 … ４ 支払基金交付金 8,000千円 … 介護給付費交付金（現年度分） 7,658千円 … 介護給付費交付金（過年度分） 342千円 … ５ 都支出金 3,545千円",supported,1d6e0d61e3d1efcc60d9d946f4b935ea7f5a895792f80e69d8c5b07c7aeeb6ab
shinjuku-2026-r3-gian-65,hard,content,R65-H-05,歳入の内訳（繰入金・繰越金）,https://www.city.shinjuku.lg.jp/content/000464782.pdf,880e9f42c9d4f7ae8ecfc6235492d9927753303c2a65a6ac9359b23bd2b630a5,第65号議案 歳入 7 繰入金・8 繰越金,"７ 繰入金 10,591千円 … 一般会計繰入金（介護給付費繰入 3,545千円 … 介護給付準備基金繰入金 7,046千円 … ８ 繰越金 737,034千円 … 前年度繰越金 737,034千円",supported,1d6e0d61e3d1efcc60d9d946f4b935ea7f5a895792f80e69d8c5b07c7aeeb6ab
shinjuku-2026-r3-gian-65,hard,content,R65-H-06,第1表 歳出,https://www.city.shinjuku.lg.jp/content/000466338.pdf,4b752bcc4734c8c3cb427734125e18a27e48814520fa1ea9fe363fa03d8f2c5d,第1表 歳出,"2 保険給付費 24,897,478 28,363 24,925,841 … 2 高額サービス費等 939,667 28,363 968,030 … 3 基金積立金 49,083 573,584 622,667 … 5 諸支出金 19,482 163,792 183,274 … 1 償還金及び還付金 19,480 163,792 183,272",supported,1d6e0d61e3d1efcc60d9d946f4b935ea7f5a895792f80e69d8c5b07c7aeeb6ab
shinjuku-2026-r3-gian-65,hard,content,R65-H-07,事業別内訳: 高額医療合算サービス費,https://www.city.shinjuku.lg.jp/content/000464782.pdf,880e9f42c9d4f7ae8ecfc6235492d9927753303c2a65a6ac9359b23bd2b630a5,第65号議案 2 保険給付費,"高額医療合算サービス費 28,363千円 高額医療合算サービス費の実績増",supported,1d6e0d61e3d1efcc60d9d946f4b935ea7f5a895792f80e69d8c5b07c7aeeb6ab
shinjuku-2026-r3-gian-65,hard,content,R65-H-08,事業別内訳: 介護給付準備基金積立金,https://www.city.shinjuku.lg.jp/content/000464782.pdf,880e9f42c9d4f7ae8ecfc6235492d9927753303c2a65a6ac9359b23bd2b630a5,第65号議案 3 基金積立金,"介護給付準備基金積立金 573,584千円 介護保険料の保険給付費への充当剰余 … 金等を積立",supported,1d6e0d61e3d1efcc60d9d946f4b935ea7f5a895792f80e69d8c5b07c7aeeb6ab
shinjuku-2026-r3-gian-65,hard,content,R65-H-09,事業別内訳: 過誤納還付金,https://www.city.shinjuku.lg.jp/content/000464782.pdf,880e9f42c9d4f7ae8ecfc6235492d9927753303c2a65a6ac9359b23bd2b630a5,第65号議案 5 諸支出金 (1),"第１号被保険者保険料の過誤 △3,711千円 還付金額確定に伴う減",supported,1d6e0d61e3d1efcc60d9d946f4b935ea7f5a895792f80e69d8c5b07c7aeeb6ab
shinjuku-2026-r3-gian-65,hard,content,R65-H-10,事業別内訳: 返納金,https://www.city.shinjuku.lg.jp/content/000464782.pdf,880e9f42c9d4f7ae8ecfc6235492d9927753303c2a65a6ac9359b23bd2b630a5,第65号議案 5 諸支出金 (2),"国庫支出金、支払基金交付金 167,503千円 介護給付費負担金(国)､地域支援事業支援 … 交付金､地域支援事業交付金(国･都)等",supported,1d6e0d61e3d1efcc60d9d946f4b935ea7f5a895792f80e69d8c5b07c7aeeb6ab
shinjuku-2026-r3-gian-65,hard,content,R65-H-11,一般会計繰入金は第64号議案の繰出金と同額,https://www.city.shinjuku.lg.jp/content/000464782.pdf,880e9f42c9d4f7ae8ecfc6235492d9927753303c2a65a6ac9359b23bd2b630a5,第64号議案 5 福祉費 (4),"介護保険特別会計繰出金 3,545千円 高額医療合算サービス費の増額に伴う繰出金 … の増",supported,1d6e0d61e3d1efcc60d9d946f4b935ea7f5a895792f80e69d8c5b07c7aeeb6ab
shinjuku-2026-r3-gian-65,hard,content,R65-H-12,"補正後の繰越金756,484千円は認定第3号の差引残額756,484,407円と千円単位で一致",https://www.city.shinjuku.lg.jp/content/000466363.pdf,bf72b81818b347ddea3acb02c079dd6b773a5d842337516b7bca9ba55d8c9e36,認定第3号 歳入歳出差引残額,歳入歳出差引残額 ７５６，４８４，４０７円,supported,1d6e0d61e3d1efcc60d9d946f4b935ea7f5a895792f80e69d8c5b07c7aeeb6ab
shinjuku-2026-r3-gian-65,hard,content,R65-H-13,令和8年第3回定例会（会期 9月16日〜10月15日）に提出された,https://www.city.shinjuku.lg.jp/kusei/kuseijoho01_001109_03.html,31b8240a9210c5965a74134fca286bef83cc7b5e9eb4bae326847e0a170a89d0,提出議案一覧ページ,令和8年第3回定例会（会期：9月16日～10月15日）提出案件概要を掲載しました,supported,1d6e0d61e3d1efcc60d9d946f4b935ea7f5a895792f80e69d8c5b07c7aeeb6ab
shinjuku-2026-r3-gian-65,hard,content,R65-H-14,作成時点（令和8年9月30日）で議決結果は公表されていない,https://www.city.shinjuku.lg.jp/content/000466338.pdf,4b752bcc4734c8c3cb427734125e18a27e48814520fa1ea9fe363fa03d8f2c5d,審議状況,（作成時点の審議状況の記述であり、一次資料の記載による主張ではない）,needs_source,1d6e0d61e3d1efcc60d9d946f4b935ea7f5a895792f80e69d8c5b07c7aeeb6ab
shinjuku-2026-r3-gian-65,hard,content,R65-H-15,基金残高見込み、保険料への影響、対象件数、返納金の年度別内訳は資料にない,https://www.city.shinjuku.lg.jp/content/000466338.pdf,4b752bcc4734c8c3cb427734125e18a27e48814520fa1ea9fe363fa03d8f2c5d,出典に記載がない事項,（本件は解説本文が「一次資料に記載がない」と明示している箇所であり、事実主張ではない）,needs_source,1d6e0d61e3d1efcc60d9d946f4b935ea7f5a895792f80e69d8c5b07c7aeeb6ab
shinjuku-2026-r3-gian-66,easy,title,R66-ET-01,見出し: 後期高齢者医療の会計に予算を追加する,https://www.city.shinjuku.lg.jp/content/000466339.pdf,889fa0c8ad9d30aa8b21759b9d9f905cad51b23ba11f7bcb96baeac07d0f67e1,第1条,"歳 入 歳出 予 算 の 総 額 に 歳 入歳 出 そ れ ぞ れ 7,108 千 円 を 追 加 し … 歳出予算の総額を歳入歳出それぞれ 9,962,512 千円とする",supported,446d69095e408dcc36784ea56bcb456e8a14d68843e08e0c3c1d575830b1bcc7
shinjuku-2026-r3-gian-66,easy,summary,R66-ES-01,要約: 710万8千円を追加,https://www.city.shinjuku.lg.jp/content/000466339.pdf,889fa0c8ad9d30aa8b21759b9d9f905cad51b23ba11f7bcb96baeac07d0f67e1,第1条,"歳 入 歳出 予 算 の 総 額 に 歳 入歳 出 そ れ ぞ れ 7,108 千 円 を 追 加 し … 歳出予算の総額を歳入歳出それぞれ 9,962,512 千円とする",supported,446d69095e408dcc36784ea56bcb456e8a14d68843e08e0c3c1d575830b1bcc7
shinjuku-2026-r3-gian-66,easy,summary,R66-ES-02,要約: 保険料軽減措置納付金の追加納付,https://www.city.shinjuku.lg.jp/content/000464782.pdf,880e9f42c9d4f7ae8ecfc6235492d9927753303c2a65a6ac9359b23bd2b630a5,第66号議案 2 広域連合納付金,"２ 広域連合納付金 1,459千円 … 保険料軽減措置納付金 1,459千円 保険料軽減措置納付金の額確定による追加 … 納付",supported,446d69095e408dcc36784ea56bcb456e8a14d68843e08e0c3c1d575830b1bcc7
shinjuku-2026-r3-gian-66,easy,summary,R66-ES-03,要約: 葬祭費受託事業収入の超過分を返納,https://www.city.shinjuku.lg.jp/content/000464782.pdf,880e9f42c9d4f7ae8ecfc6235492d9927753303c2a65a6ac9359b23bd2b630a5,第66号議案 4 諸支出金,"受託事業収入の収入超過に伴 5,649千円 葬祭費受託事業収入の収入超過に伴う返納 … 金",supported,446d69095e408dcc36784ea56bcb456e8a14d68843e08e0c3c1d575830b1bcc7
shinjuku-2026-r3-gian-66,easy,summary,R66-ES-04,"要約: 一般会計から1,077万2千円が入る",https://www.city.shinjuku.lg.jp/content/000464782.pdf,880e9f42c9d4f7ae8ecfc6235492d9927753303c2a65a6ac9359b23bd2b630a5,第66号議案 歳入,"３ 繰入金 10,772千円 … 一般会計繰入金（事務費繰入金） 9,313千円 … 一般会計繰入金（保険料軽減措置 1,459千円 … ４ 繰越金 △9,033千円 … 前年度繰越金 △9,033千円 … ５ 諸収入 5,369千円 … 保険料還付金（保険料軽減措置納 5,369千円",supported,446d69095e408dcc36784ea56bcb456e8a14d68843e08e0c3c1d575830b1bcc7
shinjuku-2026-r3-gian-66,easy,content,R66-E-01,"後期高齢者医療特別会計の補正予算、710万8千円を追加、総額99億6,251万2千円",https://www.city.shinjuku.lg.jp/content/000466339.pdf,889fa0c8ad9d30aa8b21759b9d9f905cad51b23ba11f7bcb96baeac07d0f67e1,第1条,"歳 入 歳出 予 算 の 総 額 に 歳 入歳 出 そ れ ぞ れ 7,108 千 円 を 追 加 し … 歳出予算の総額を歳入歳出それぞれ 9,962,512 千円とする",supported,446d69095e408dcc36784ea56bcb456e8a14d68843e08e0c3c1d575830b1bcc7
shinjuku-2026-r3-gian-66,easy,content,R66-E-02,区長が2026年9月16日に提出,https://www.city.shinjuku.lg.jp/content/000466339.pdf,889fa0c8ad9d30aa8b21759b9d9f905cad51b23ba11f7bcb96baeac07d0f67e1,議案本文 提出日・提出者,令和８年９月１６日 … 提出 … 新宿区長 … 吉 住 健 一,supported,446d69095e408dcc36784ea56bcb456e8a14d68843e08e0c3c1d575830b1bcc7
shinjuku-2026-r3-gian-66,easy,content,R66-E-03,保険料軽減措置納付金145万9千円、額の確定による追加納付,https://www.city.shinjuku.lg.jp/content/000464782.pdf,880e9f42c9d4f7ae8ecfc6235492d9927753303c2a65a6ac9359b23bd2b630a5,第66号議案 2 広域連合納付金,"２ 広域連合納付金 1,459千円 … 保険料軽減措置納付金 1,459千円 保険料軽減措置納付金の額確定による追加 … 納付",supported,446d69095e408dcc36784ea56bcb456e8a14d68843e08e0c3c1d575830b1bcc7
shinjuku-2026-r3-gian-66,easy,content,R66-E-04,葬祭費受託事業収入の収入超過に伴う返納金564万9千円,https://www.city.shinjuku.lg.jp/content/000464782.pdf,880e9f42c9d4f7ae8ecfc6235492d9927753303c2a65a6ac9359b23bd2b630a5,第66号議案 4 諸支出金,"受託事業収入の収入超過に伴 5,649千円 葬祭費受託事業収入の収入超過に伴う返納 … 金",supported,446d69095e408dcc36784ea56bcb456e8a14d68843e08e0c3c1d575830b1bcc7
shinjuku-2026-r3-gian-66,easy,content,R66-E-05,一般会計から931万3千円と145万9千円、保険料還付金536万9千円、繰越金△903万3千円,https://www.city.shinjuku.lg.jp/content/000464782.pdf,880e9f42c9d4f7ae8ecfc6235492d9927753303c2a65a6ac9359b23bd2b630a5,第66号議案 歳入,"３ 繰入金 10,772千円 … 一般会計繰入金（事務費繰入金） 9,313千円 … 一般会計繰入金（保険料軽減措置 1,459千円 … ４ 繰越金 △9,033千円 … 前年度繰越金 △9,033千円 … ５ 諸収入 5,369千円 … 保険料還付金（保険料軽減措置納 5,369千円",supported,446d69095e408dcc36784ea56bcb456e8a14d68843e08e0c3c1d575830b1bcc7
shinjuku-2026-r3-gian-66,easy,content,R66-E-06,令和8年第3回定例会（会期 9月16日〜10月15日）に提出された,https://www.city.shinjuku.lg.jp/kusei/kuseijoho01_001109_03.html,31b8240a9210c5965a74134fca286bef83cc7b5e9eb4bae326847e0a170a89d0,提出議案一覧ページ,令和8年第3回定例会（会期：9月16日～10月15日）提出案件概要を掲載しました,supported,446d69095e408dcc36784ea56bcb456e8a14d68843e08e0c3c1d575830b1bcc7
shinjuku-2026-r3-gian-66,easy,content,R66-E-07,作成時点（令和8年9月30日）で議決結果は公表されていない,https://www.city.shinjuku.lg.jp/content/000466339.pdf,889fa0c8ad9d30aa8b21759b9d9f905cad51b23ba11f7bcb96baeac07d0f67e1,審議状況,（作成時点の審議状況の記述であり、一次資料の記載による主張ではない）,needs_source,446d69095e408dcc36784ea56bcb456e8a14d68843e08e0c3c1d575830b1bcc7
shinjuku-2026-r3-gian-66,easy,content,R66-E-08,保険料の変更、軽減措置の内容は書かれていない,https://www.city.shinjuku.lg.jp/content/000466339.pdf,889fa0c8ad9d30aa8b21759b9d9f905cad51b23ba11f7bcb96baeac07d0f67e1,出典に記載がない事項,（本件は解説本文が「一次資料に記載がない」と明示している箇所であり、事実主張ではない）,needs_source,446d69095e408dcc36784ea56bcb456e8a14d68843e08e0c3c1d575830b1bcc7
shinjuku-2026-r3-gian-66,normal,title,R66-NT-01,見出し: 保険料軽減措置納付金の追加納付と葬祭費受託収入の返納,https://www.city.shinjuku.lg.jp/content/000464782.pdf,880e9f42c9d4f7ae8ecfc6235492d9927753303c2a65a6ac9359b23bd2b630a5,第66号議案 2 広域連合納付金,"２ 広域連合納付金 1,459千円 … 保険料軽減措置納付金 1,459千円 保険料軽減措置納付金の額確定による追加 … 納付",supported,99708fbdce670de1f28cd9d2bf60079c43f2461e25c36a21c534413c461ddf1e
shinjuku-2026-r3-gian-66,normal,summary,R66-NS-01,要約: 710万8千円を追加,https://www.city.shinjuku.lg.jp/content/000466339.pdf,889fa0c8ad9d30aa8b21759b9d9f905cad51b23ba11f7bcb96baeac07d0f67e1,第1条,"歳 入 歳出 予 算 の 総 額 に 歳 入歳 出 そ れ ぞ れ 7,108 千 円 を 追 加 し … 歳出予算の総額を歳入歳出それぞれ 9,962,512 千円とする",supported,99708fbdce670de1f28cd9d2bf60079c43f2461e25c36a21c534413c461ddf1e
shinjuku-2026-r3-gian-66,normal,summary,R66-NS-02,要約: 保険料軽減措置納付金の追加納付145万9千円,https://www.city.shinjuku.lg.jp/content/000464782.pdf,880e9f42c9d4f7ae8ecfc6235492d9927753303c2a65a6ac9359b23bd2b630a5,第66号議案 2 広域連合納付金,"２ 広域連合納付金 1,459千円 … 保険料軽減措置納付金 1,459千円 保険料軽減措置納付金の額確定による追加 … 納付",supported,99708fbdce670de1f28cd9d2bf60079c43f2461e25c36a21c534413c461ddf1e
shinjuku-2026-r3-gian-66,normal,summary,R66-NS-03,要約: 葬祭費受託事業収入の返納金564万9千円,https://www.city.shinjuku.lg.jp/content/000464782.pdf,880e9f42c9d4f7ae8ecfc6235492d9927753303c2a65a6ac9359b23bd2b630a5,第66号議案 4 諸支出金,"受託事業収入の収入超過に伴 5,649千円 葬祭費受託事業収入の収入超過に伴う返納 … 金",supported,99708fbdce670de1f28cd9d2bf60079c43f2461e25c36a21c534413c461ddf1e
shinjuku-2026-r3-gian-66,normal,summary,R66-NS-04,要約: 繰越金の予算を903万3千円減らす,https://www.city.shinjuku.lg.jp/content/000464782.pdf,880e9f42c9d4f7ae8ecfc6235492d9927753303c2a65a6ac9359b23bd2b630a5,第66号議案 歳入,"３ 繰入金 10,772千円 … 一般会計繰入金（事務費繰入金） 9,313千円 … 一般会計繰入金（保険料軽減措置 1,459千円 … ４ 繰越金 △9,033千円 … 前年度繰越金 △9,033千円 … ５ 諸収入 5,369千円 … 保険料還付金（保険料軽減措置納 5,369千円",supported,99708fbdce670de1f28cd9d2bf60079c43f2461e25c36a21c534413c461ddf1e
shinjuku-2026-r3-gian-66,normal,content,R66-N-01,令和8年9月16日に区長が提出,https://www.city.shinjuku.lg.jp/content/000466339.pdf,889fa0c8ad9d30aa8b21759b9d9f905cad51b23ba11f7bcb96baeac07d0f67e1,議案本文 提出日・提出者,令和８年９月１６日 … 提出 … 新宿区長 … 吉 住 健 一,supported,99708fbdce670de1f28cd9d2bf60079c43f2461e25c36a21c534413c461ddf1e
shinjuku-2026-r3-gian-66,normal,content,R66-N-02,"7,108千円を追加し総額9,962,512千円",https://www.city.shinjuku.lg.jp/content/000466339.pdf,889fa0c8ad9d30aa8b21759b9d9f905cad51b23ba11f7bcb96baeac07d0f67e1,第1条,"歳 入 歳出 予 算 の 総 額 に 歳 入歳 出 そ れ ぞ れ 7,108 千 円 を 追 加 し … 歳出予算の総額を歳入歳出それぞれ 9,962,512 千円とする",supported,99708fbdce670de1f28cd9d2bf60079c43f2461e25c36a21c534413c461ddf1e
shinjuku-2026-r3-gian-66,normal,content,R66-N-03,"保険料軽減措置納付金1,459千円",https://www.city.shinjuku.lg.jp/content/000464782.pdf,880e9f42c9d4f7ae8ecfc6235492d9927753303c2a65a6ac9359b23bd2b630a5,第66号議案 2 広域連合納付金,"２ 広域連合納付金 1,459千円 … 保険料軽減措置納付金 1,459千円 保険料軽減措置納付金の額確定による追加 … 納付",supported,99708fbdce670de1f28cd9d2bf60079c43f2461e25c36a21c534413c461ddf1e
shinjuku-2026-r3-gian-66,normal,content,R66-N-04,"返納金5,649千円",https://www.city.shinjuku.lg.jp/content/000464782.pdf,880e9f42c9d4f7ae8ecfc6235492d9927753303c2a65a6ac9359b23bd2b630a5,第66号議案 4 諸支出金,"受託事業収入の収入超過に伴 5,649千円 葬祭費受託事業収入の収入超過に伴う返納 … 金",supported,99708fbdce670de1f28cd9d2bf60079c43f2461e25c36a21c534413c461ddf1e
shinjuku-2026-r3-gian-66,normal,content,R66-N-05,繰入金・諸収入・繰越金の内訳,https://www.city.shinjuku.lg.jp/content/000464782.pdf,880e9f42c9d4f7ae8ecfc6235492d9927753303c2a65a6ac9359b23bd2b630a5,第66号議案 歳入,"３ 繰入金 10,772千円 … 一般会計繰入金（事務費繰入金） 9,313千円 … 一般会計繰入金（保険料軽減措置 1,459千円 … ４ 繰越金 △9,033千円 … 前年度繰越金 △9,033千円 … ５ 諸収入 5,369千円 … 保険料還付金（保険料軽減措置納 5,369千円",supported,99708fbdce670de1f28cd9d2bf60079c43f2461e25c36a21c534413c461ddf1e
shinjuku-2026-r3-gian-66,normal,content,R66-N-06,"繰越金の予算12,312千円→3,279千円",https://www.city.shinjuku.lg.jp/content/000466339.pdf,889fa0c8ad9d30aa8b21759b9d9f905cad51b23ba11f7bcb96baeac07d0f67e1,第1表 歳入,"3 繰入金 3,928,778 10,772 3,939,550 … 4 繰越金 12,312 △9,033 3,279 … 5 諸収入 99,231 5,369 104,600 … 2 償還金及び還付金 77 5,369 5,446 … 9,955,404 7,108 9,962,512",supported,99708fbdce670de1f28cd9d2bf60079c43f2461e25c36a21c534413c461ddf1e
shinjuku-2026-r3-gian-66,normal,content,R66-N-07,"繰入金10,772千円は第64号議案の繰出金と同額",https://www.city.shinjuku.lg.jp/content/000464782.pdf,880e9f42c9d4f7ae8ecfc6235492d9927753303c2a65a6ac9359b23bd2b630a5,第64号議案 7 健康費 (1),"後期高齢者医療特別会計繰出 10,772千円 前年度繰越金の額確定等に伴う繰出金の増",supported,99708fbdce670de1f28cd9d2bf60079c43f2461e25c36a21c534413c461ddf1e
shinjuku-2026-r3-gian-66,normal,content,R66-N-08,令和8年第3回定例会（会期 9月16日〜10月15日）に提出された,https://www.city.shinjuku.lg.jp/kusei/kuseijoho01_001109_03.html,31b8240a9210c5965a74134fca286bef83cc7b5e9eb4bae326847e0a170a89d0,提出議案一覧ページ,令和8年第3回定例会（会期：9月16日～10月15日）提出案件概要を掲載しました,supported,99708fbdce670de1f28cd9d2bf60079c43f2461e25c36a21c534413c461ddf1e
shinjuku-2026-r3-gian-66,normal,content,R66-N-09,作成時点（令和8年9月30日）で議決結果は公表されていない,https://www.city.shinjuku.lg.jp/content/000466339.pdf,889fa0c8ad9d30aa8b21759b9d9f905cad51b23ba11f7bcb96baeac07d0f67e1,審議状況,（作成時点の審議状況の記述であり、一次資料の記載による主張ではない）,needs_source,99708fbdce670de1f28cd9d2bf60079c43f2461e25c36a21c534413c461ddf1e
shinjuku-2026-r3-gian-66,normal,content,R66-N-10,軽減措置の内容、広域連合の正式名称、受託事業の内容、保険料への影響は書かれていない,https://www.city.shinjuku.lg.jp/content/000466339.pdf,889fa0c8ad9d30aa8b21759b9d9f905cad51b23ba11f7bcb96baeac07d0f67e1,出典に記載がない事項,（本件は解説本文が「一次資料に記載がない」と明示している箇所であり、事実主張ではない）,needs_source,99708fbdce670de1f28cd9d2bf60079c43f2461e25c36a21c534413c461ddf1e
shinjuku-2026-r3-gian-66,hard,title,R66-HT-01,見出し: 令和8年度新宿区後期高齢者医療特別会計補正予算（第1号）の款項別内訳,https://www.city.shinjuku.lg.jp/content/000466339.pdf,889fa0c8ad9d30aa8b21759b9d9f905cad51b23ba11f7bcb96baeac07d0f67e1,第1条,"歳 入 歳出 予 算 の 総 額 に 歳 入歳 出 そ れ ぞ れ 7,108 千 円 を 追 加 し … 歳出予算の総額を歳入歳出それぞれ 9,962,512 千円とする",supported,ef208c9f385fecffa5dd7ccce00a9b24e00a5e08dcca6eafb05db91486712970
shinjuku-2026-r3-gian-66,hard,summary,R66-HS-01,"要約: 7,108千円を追加し9,962,512千円とする",https://www.city.shinjuku.lg.jp/content/000466339.pdf,889fa0c8ad9d30aa8b21759b9d9f905cad51b23ba11f7bcb96baeac07d0f67e1,第1条,"歳 入 歳出 予 算 の 総 額 に 歳 入歳 出 そ れ ぞ れ 7,108 千 円 を 追 加 し … 歳出予算の総額を歳入歳出それぞれ 9,962,512 千円とする",supported,ef208c9f385fecffa5dd7ccce00a9b24e00a5e08dcca6eafb05db91486712970
shinjuku-2026-r3-gian-66,hard,summary,R66-HS-02,要約: 歳出は広域連合納付金と諸支出金,https://www.city.shinjuku.lg.jp/content/000466339.pdf,889fa0c8ad9d30aa8b21759b9d9f905cad51b23ba11f7bcb96baeac07d0f67e1,第1表 歳出,"2 広域連合納付金 9,442,777 1,459 9,444,236 … 4 諸支出金 12,389 5,649 18,038 … 1 償還金及び還付金 12,389 5,649 18,038",supported,ef208c9f385fecffa5dd7ccce00a9b24e00a5e08dcca6eafb05db91486712970
shinjuku-2026-r3-gian-66,hard,summary,R66-HS-03,"要約: 歳入は繰入金・諸収入・繰越金△9,033千円",https://www.city.shinjuku.lg.jp/content/000466339.pdf,889fa0c8ad9d30aa8b21759b9d9f905cad51b23ba11f7bcb96baeac07d0f67e1,第1表 歳入,"3 繰入金 3,928,778 10,772 3,939,550 … 4 繰越金 12,312 △9,033 3,279 … 5 諸収入 99,231 5,369 104,600 … 2 償還金及び還付金 77 5,369 5,446 … 9,955,404 7,108 9,962,512",supported,ef208c9f385fecffa5dd7ccce00a9b24e00a5e08dcca6eafb05db91486712970
shinjuku-2026-r3-gian-66,hard,content,R66-H-01,提出日・提出者,https://www.city.shinjuku.lg.jp/content/000466339.pdf,889fa0c8ad9d30aa8b21759b9d9f905cad51b23ba11f7bcb96baeac07d0f67e1,議案本文 提出日・提出者,令和８年９月１６日 … 提出 … 新宿区長 … 吉 住 健 一,supported,ef208c9f385fecffa5dd7ccce00a9b24e00a5e08dcca6eafb05db91486712970
shinjuku-2026-r3-gian-66,hard,content,R66-H-02,第1条,https://www.city.shinjuku.lg.jp/content/000466339.pdf,889fa0c8ad9d30aa8b21759b9d9f905cad51b23ba11f7bcb96baeac07d0f67e1,第1条,"歳 入 歳出 予 算 の 総 額 に 歳 入歳 出 そ れ ぞ れ 7,108 千 円 を 追 加 し … 歳出予算の総額を歳入歳出それぞれ 9,962,512 千円とする",supported,ef208c9f385fecffa5dd7ccce00a9b24e00a5e08dcca6eafb05db91486712970
shinjuku-2026-r3-gian-66,hard,content,R66-H-03,第1表 歳入,https://www.city.shinjuku.lg.jp/content/000466339.pdf,889fa0c8ad9d30aa8b21759b9d9f905cad51b23ba11f7bcb96baeac07d0f67e1,第1表 歳入,"3 繰入金 3,928,778 10,772 3,939,550 … 4 繰越金 12,312 △9,033 3,279 … 5 諸収入 99,231 5,369 104,600 … 2 償還金及び還付金 77 5,369 5,446 … 9,955,404 7,108 9,962,512",supported,ef208c9f385fecffa5dd7ccce00a9b24e00a5e08dcca6eafb05db91486712970
shinjuku-2026-r3-gian-66,hard,content,R66-H-04,歳入の内訳,https://www.city.shinjuku.lg.jp/content/000464782.pdf,880e9f42c9d4f7ae8ecfc6235492d9927753303c2a65a6ac9359b23bd2b630a5,第66号議案 歳入,"３ 繰入金 10,772千円 … 一般会計繰入金（事務費繰入金） 9,313千円 … 一般会計繰入金（保険料軽減措置 1,459千円 … ４ 繰越金 △9,033千円 … 前年度繰越金 △9,033千円 … ５ 諸収入 5,369千円 … 保険料還付金（保険料軽減措置納 5,369千円",supported,ef208c9f385fecffa5dd7ccce00a9b24e00a5e08dcca6eafb05db91486712970
shinjuku-2026-r3-gian-66,hard,content,R66-H-05,第1表 歳出,https://www.city.shinjuku.lg.jp/content/000466339.pdf,889fa0c8ad9d30aa8b21759b9d9f905cad51b23ba11f7bcb96baeac07d0f67e1,第1表 歳出,"2 広域連合納付金 9,442,777 1,459 9,444,236 … 4 諸支出金 12,389 5,649 18,038 … 1 償還金及び還付金 12,389 5,649 18,038",supported,ef208c9f385fecffa5dd7ccce00a9b24e00a5e08dcca6eafb05db91486712970
shinjuku-2026-r3-gian-66,hard,content,R66-H-06,事業別内訳: 保険料軽減措置納付金,https://www.city.shinjuku.lg.jp/content/000464782.pdf,880e9f42c9d4f7ae8ecfc6235492d9927753303c2a65a6ac9359b23bd2b630a5,第66号議案 2 広域連合納付金,"２ 広域連合納付金 1,459千円 … 保険料軽減措置納付金 1,459千円 保険料軽減措置納付金の額確定による追加 … 納付",supported,ef208c9f385fecffa5dd7ccce00a9b24e00a5e08dcca6eafb05db91486712970
shinjuku-2026-r3-gian-66,hard,content,R66-H-07,事業別内訳: 返納金,https://www.city.shinjuku.lg.jp/content/000464782.pdf,880e9f42c9d4f7ae8ecfc6235492d9927753303c2a65a6ac9359b23bd2b630a5,第66号議案 4 諸支出金,"受託事業収入の収入超過に伴 5,649千円 葬祭費受託事業収入の収入超過に伴う返納 … 金",supported,ef208c9f385fecffa5dd7ccce00a9b24e00a5e08dcca6eafb05db91486712970
shinjuku-2026-r3-gian-66,hard,content,R66-H-08,繰入金は第64号議案の繰出金と同額,https://www.city.shinjuku.lg.jp/content/000464782.pdf,880e9f42c9d4f7ae8ecfc6235492d9927753303c2a65a6ac9359b23bd2b630a5,第64号議案 7 健康費 (1),"後期高齢者医療特別会計繰出 10,772千円 前年度繰越金の額確定等に伴う繰出金の増",supported,ef208c9f385fecffa5dd7ccce00a9b24e00a5e08dcca6eafb05db91486712970
shinjuku-2026-r3-gian-66,hard,content,R66-H-09,"補正後の繰越金3,279千円は認定第4号の差引残額3,279,507円と千円単位で一致",https://www.city.shinjuku.lg.jp/content/000466364.pdf,efc1829cec7f568aa20adecd45008c473ab293b49cacb875b8e06a0589e17cb8,認定第4号 歳入歳出差引残額,歳入歳出差引残額 ３，２７９，５０７円,supported,ef208c9f385fecffa5dd7ccce00a9b24e00a5e08dcca6eafb05db91486712970
shinjuku-2026-r3-gian-66,hard,content,R66-H-10,令和8年第3回定例会（会期 9月16日〜10月15日）に提出された,https://www.city.shinjuku.lg.jp/kusei/kuseijoho01_001109_03.html,31b8240a9210c5965a74134fca286bef83cc7b5e9eb4bae326847e0a170a89d0,提出議案一覧ページ,令和8年第3回定例会（会期：9月16日～10月15日）提出案件概要を掲載しました,supported,ef208c9f385fecffa5dd7ccce00a9b24e00a5e08dcca6eafb05db91486712970
shinjuku-2026-r3-gian-66,hard,content,R66-H-11,作成時点（令和8年9月30日）で議決結果は公表されていない,https://www.city.shinjuku.lg.jp/content/000466339.pdf,889fa0c8ad9d30aa8b21759b9d9f905cad51b23ba11f7bcb96baeac07d0f67e1,審議状況,（作成時点の審議状況の記述であり、一次資料の記載による主張ではない）,needs_source,ef208c9f385fecffa5dd7ccce00a9b24e00a5e08dcca6eafb05db91486712970
shinjuku-2026-r3-gian-66,hard,content,R66-H-12,軽減措置の内容・対象者数、広域連合の正式名称、受託事業の内容、保険料への影響は資料にない,https://www.city.shinjuku.lg.jp/content/000466339.pdf,889fa0c8ad9d30aa8b21759b9d9f905cad51b23ba11f7bcb96baeac07d0f67e1,出典に記載がない事項,（本件は解説本文が「一次資料に記載がない」と明示している箇所であり、事実主張ではない）,needs_source,ef208c9f385fecffa5dd7ccce00a9b24e00a5e08dcca6eafb05db91486712970
shinjuku-2026-r3-nintei-1,easy,title,C1-ET-01,見出し: 令和7年度（2025年度）の決算,https://www.city.shinjuku.lg.jp/content/000466361.pdf,5c467263a0a7b843ac6fd49ad8e51e6d1f6971fad2c28c8412b034220dd3e6eb,歳入合計・歳出合計,"歳 入 合 計 196,812,239,000 196,694,879,708 193,576,411,220 237,059,073 2,932,533,842 △3,235,827,780 … 歳 出 合 計 196,812,239,000 187,801,267,640 922,004,000 8,088,967,360 9,010,971,360",supported,af7e86251f0d90ac82fcd337bf4dfcd3e78db5cbc50bbe3260bb0cb29ab0de73
shinjuku-2026-r3-nintei-1,easy,summary,C1-ES-01,要約: 収入済額・支出済額・差引残額,https://www.city.shinjuku.lg.jp/content/000466361.pdf,5c467263a0a7b843ac6fd49ad8e51e6d1f6971fad2c28c8412b034220dd3e6eb,歳入歳出差引残額,歳入歳出差引残額 ５，７７５，１４３，５８０円 … うち基金繰入額 ０，０００，０００，０００円,supported,af7e86251f0d90ac82fcd337bf4dfcd3e78db5cbc50bbe3260bb0cb29ab0de73
shinjuku-2026-r3-nintei-1,easy,summary,C1-ES-02,要約: 議会が認定するかどうかを決める,https://www.city.shinjuku.lg.jp/content/000466361.pdf,5c467263a0a7b843ac6fd49ad8e51e6d1f6971fad2c28c8412b034220dd3e6eb,表題,令和７年度 新宿区一般会計歳入歳出決算書,supported,af7e86251f0d90ac82fcd337bf4dfcd3e78db5cbc50bbe3260bb0cb29ab0de73
shinjuku-2026-r3-nintei-1,easy,content,C1-E-01,令和7年度（2025年度）の決算の認定を求める案件,https://www.city.shinjuku.lg.jp/content/000466361.pdf,5c467263a0a7b843ac6fd49ad8e51e6d1f6971fad2c28c8412b034220dd3e6eb,表題,令和７年度 新宿区一般会計歳入歳出決算書,supported,af7e86251f0d90ac82fcd337bf4dfcd3e78db5cbc50bbe3260bb0cb29ab0de73
shinjuku-2026-r3-nintei-1,easy,content,C1-E-02,区長が2026年9月16日に提出,https://www.city.shinjuku.lg.jp/content/000466361.pdf,5c467263a0a7b843ac6fd49ad8e51e6d1f6971fad2c28c8412b034220dd3e6eb,議案書末尾,令和８年９月１６日提出 … 新宿区長 吉住 健一,supported,af7e86251f0d90ac82fcd337bf4dfcd3e78db5cbc50bbe3260bb0cb29ab0de73
shinjuku-2026-r3-nintei-1,easy,content,C1-E-03,予算現額・収入済額・支出済額,https://www.city.shinjuku.lg.jp/content/000466361.pdf,5c467263a0a7b843ac6fd49ad8e51e6d1f6971fad2c28c8412b034220dd3e6eb,歳入合計・歳出合計,"歳 入 合 計 196,812,239,000 196,694,879,708 193,576,411,220 237,059,073 2,932,533,842 △3,235,827,780 … 歳 出 合 計 196,812,239,000 187,801,267,640 922,004,000 8,088,967,360 9,010,971,360",supported,af7e86251f0d90ac82fcd337bf4dfcd3e78db5cbc50bbe3260bb0cb29ab0de73
shinjuku-2026-r3-nintei-1,easy,content,C1-E-04,歳入歳出差引残額,https://www.city.shinjuku.lg.jp/content/000466361.pdf,5c467263a0a7b843ac6fd49ad8e51e6d1f6971fad2c28c8412b034220dd3e6eb,歳入歳出差引残額,歳入歳出差引残額 ５，７７５，１４３，５８０円 … うち基金繰入額 ０，０００，０００，０００円,supported,af7e86251f0d90ac82fcd337bf4dfcd3e78db5cbc50bbe3260bb0cb29ab0de73
shinjuku-2026-r3-nintei-1,easy,content,C1-E-05,"翌年度繰越額9億2,200万4千円、不用額80億8,896万7,360円",https://www.city.shinjuku.lg.jp/content/000466361.pdf,5c467263a0a7b843ac6fd49ad8e51e6d1f6971fad2c28c8412b034220dd3e6eb,歳入合計・歳出合計,"歳 入 合 計 196,812,239,000 196,694,879,708 193,576,411,220 237,059,073 2,932,533,842 △3,235,827,780 … 歳 出 合 計 196,812,239,000 187,801,267,640 922,004,000 8,088,967,360 9,010,971,360",supported,af7e86251f0d90ac82fcd337bf4dfcd3e78db5cbc50bbe3260bb0cb29ab0de73
shinjuku-2026-r3-nintei-1,easy,content,C1-E-06,"収入未済額29億3,253万3,842円、不納欠損額2億3,705万9,073円",https://www.city.shinjuku.lg.jp/content/000466361.pdf,5c467263a0a7b843ac6fd49ad8e51e6d1f6971fad2c28c8412b034220dd3e6eb,歳入合計・歳出合計,"歳 入 合 計 196,812,239,000 196,694,879,708 193,576,411,220 237,059,073 2,932,533,842 △3,235,827,780 … 歳 出 合 計 196,812,239,000 187,801,267,640 922,004,000 8,088,967,360 9,010,971,360",supported,af7e86251f0d90ac82fcd337bf4dfcd3e78db5cbc50bbe3260bb0cb29ab0de73
shinjuku-2026-r3-nintei-1,easy,content,C1-E-07,大きな収入: 特別区税・特別区交付金・地方消費税交付金,https://www.city.shinjuku.lg.jp/content/000466361.pdf,5c467263a0a7b843ac6fd49ad8e51e6d1f6971fad2c28c8412b034220dd3e6eb,歳入 款別,"1 特別区税 60,640,001,000 62,552,927,497 60,861,374,326 174,117,259 1,568,309,139 221,373,326 … 6 地方消費税交付金 14,441,089,000 14,890,908,000 14,890,908,000 0 0 449,819,000 … 10 特別区交付金 32,120,492,000 33,357,484,000 33,357,484,000 0 0 1,236,992,000",supported,af7e86251f0d90ac82fcd337bf4dfcd3e78db5cbc50bbe3260bb0cb29ab0de73
shinjuku-2026-r3-nintei-1,easy,content,C1-E-08,大きな収入: 国庫支出金・都支出金,https://www.city.shinjuku.lg.jp/content/000466361.pdf,5c467263a0a7b843ac6fd49ad8e51e6d1f6971fad2c28c8412b034220dd3e6eb,歳入 款別,"14 国庫支出金 33,644,074,000 31,847,755,789 31,847,755,789 0 0 △1,796,318,211 … 15 都支出金 19,152,543,000 19,063,049,452 19,063,049,452 0 0 △89,493,548 … 18 繰入金 5,757,248,000 2,252,412,571 2,252,412,571 0 0 △3,504,835,429 … 21 特別区債 7,079,000,000 6,790,000,000 6,790,000,000 0 0 △289,000,000",supported,af7e86251f0d90ac82fcd337bf4dfcd3e78db5cbc50bbe3260bb0cb29ab0de73
shinjuku-2026-r3-nintei-1,easy,content,C1-E-09,大きな支出: 福祉・子ども家庭・健康・総務,https://www.city.shinjuku.lg.jp/content/000466361.pdf,5c467263a0a7b843ac6fd49ad8e51e6d1f6971fad2c28c8412b034220dd3e6eb,歳出 款別,"2 総務費 18,989,887,000 17,357,934,094 467,865,000 1,164,087,906 1,631,952,906 … 5 福祉費 49,271,734,000 47,204,750,736 130,427,000 1,936,556,264 2,066,983,264 … 6 子ども家庭費 40,851,938,000 39,483,684,198 8,641,000 1,359,612,802 1,368,253,802 … 7 健康費 20,019,798,000 18,581,815,884 0 1,437,982,116 1,437,982,116",supported,af7e86251f0d90ac82fcd337bf4dfcd3e78db5cbc50bbe3260bb0cb29ab0de73
shinjuku-2026-r3-nintei-1,easy,content,C1-E-10,大きな支出: 教育,https://www.city.shinjuku.lg.jp/content/000466361.pdf,5c467263a0a7b843ac6fd49ad8e51e6d1f6971fad2c28c8412b034220dd3e6eb,歳出 款別,"9 土木費 11,956,438,000 11,328,595,131 173,252,000 454,590,869 627,842,869 … 10 教育費 20,347,701,000 19,699,868,639 9,140,000 638,692,361 647,832,361 … 3 地域振興費 9,936,552,000 9,447,506,352 132,679,000 356,366,648 489,045,648 … 13 予備費 300,000,000 0 0 300,000,000 300,000,000",supported,af7e86251f0d90ac82fcd337bf4dfcd3e78db5cbc50bbe3260bb0cb29ab0de73
shinjuku-2026-r3-nintei-1,easy,content,C1-E-11,議案の資料は表だけで、提出議案一覧ページは決算書・実績報告を会計室のページに案内している,https://www.city.shinjuku.lg.jp/kusei/kuseijoho01_001109_03.html,31b8240a9210c5965a74134fca286bef83cc7b5e9eb4bae326847e0a170a89d0,提出議案一覧ページ 決算認定,決算書・実績報告は会計室のページをご覧ください,supported,af7e86251f0d90ac82fcd337bf4dfcd3e78db5cbc50bbe3260bb0cb29ab0de73
shinjuku-2026-r3-nintei-1,easy,content,C1-E-12,令和8年第3回定例会（会期 9月16日〜10月15日）に提出された,https://www.city.shinjuku.lg.jp/kusei/kuseijoho01_001109_03.html,31b8240a9210c5965a74134fca286bef83cc7b5e9eb4bae326847e0a170a89d0,提出議案一覧ページ,令和8年第3回定例会（会期：9月16日～10月15日）提出案件概要を掲載しました,supported,af7e86251f0d90ac82fcd337bf4dfcd3e78db5cbc50bbe3260bb0cb29ab0de73
shinjuku-2026-r3-nintei-1,easy,content,C1-E-13,作成時点（令和8年9月30日）で議決結果は公表されていない,https://www.city.shinjuku.lg.jp/content/000466361.pdf,5c467263a0a7b843ac6fd49ad8e51e6d1f6971fad2c28c8412b034220dd3e6eb,審議状況,（作成時点の審議状況の記述であり、一次資料の記載による主張ではない）,needs_source,af7e86251f0d90ac82fcd337bf4dfcd3e78db5cbc50bbe3260bb0cb29ab0de73
shinjuku-2026-r3-nintei-1,easy,content,C1-E-14,差の理由・事業ごとの成果・対象人数等は書かれていない,https://www.city.shinjuku.lg.jp/content/000466361.pdf,5c467263a0a7b843ac6fd49ad8e51e6d1f6971fad2c28c8412b034220dd3e6eb,出典に記載がない事項,（本件は解説本文が「一次資料に記載がない」と明示している箇所であり、事実主張ではない）,needs_source,af7e86251f0d90ac82fcd337bf4dfcd3e78db5cbc50bbe3260bb0cb29ab0de73
shinjuku-2026-r3-nintei-1,normal,title,C1-NT-01,見出し: 令和7年度の決算の認定,https://www.city.shinjuku.lg.jp/content/000466361.pdf,5c467263a0a7b843ac6fd49ad8e51e6d1f6971fad2c28c8412b034220dd3e6eb,表題,令和７年度 新宿区一般会計歳入歳出決算書,supported,9a1f63a586f56a8106914ddcb8cc7214998235805b5e7bfb242fba416f602e7a
shinjuku-2026-r3-nintei-1,normal,summary,C1-NS-01,要約: 議会の認定を求める案件,https://www.city.shinjuku.lg.jp/content/000466361.pdf,5c467263a0a7b843ac6fd49ad8e51e6d1f6971fad2c28c8412b034220dd3e6eb,表題,令和７年度 新宿区一般会計歳入歳出決算書,supported,9a1f63a586f56a8106914ddcb8cc7214998235805b5e7bfb242fba416f602e7a
shinjuku-2026-r3-nintei-1,normal,summary,C1-NS-02,要約: 収入済額・支出済額・差引残額,https://www.city.shinjuku.lg.jp/content/000466361.pdf,5c467263a0a7b843ac6fd49ad8e51e6d1f6971fad2c28c8412b034220dd3e6eb,歳入歳出差引残額,歳入歳出差引残額 ５，７７５，１４３，５８０円 … うち基金繰入額 ０，０００，０００，０００円,supported,9a1f63a586f56a8106914ddcb8cc7214998235805b5e7bfb242fba416f602e7a
shinjuku-2026-r3-nintei-1,normal,summary,C1-NS-03,要約: 予算現額・収入済額・支出済額,https://www.city.shinjuku.lg.jp/content/000466361.pdf,5c467263a0a7b843ac6fd49ad8e51e6d1f6971fad2c28c8412b034220dd3e6eb,歳入合計・歳出合計,"歳 入 合 計 196,812,239,000 196,694,879,708 193,576,411,220 237,059,073 2,932,533,842 △3,235,827,780 … 歳 出 合 計 196,812,239,000 187,801,267,640 922,004,000 8,088,967,360 9,010,971,360",supported,9a1f63a586f56a8106914ddcb8cc7214998235805b5e7bfb242fba416f602e7a
shinjuku-2026-r3-nintei-1,normal,content,C1-N-01,令和8年9月16日に区長が提出,https://www.city.shinjuku.lg.jp/content/000466361.pdf,5c467263a0a7b843ac6fd49ad8e51e6d1f6971fad2c28c8412b034220dd3e6eb,議案書末尾,令和８年９月１６日提出 … 新宿区長 吉住 健一,supported,9a1f63a586f56a8106914ddcb8cc7214998235805b5e7bfb242fba416f602e7a
shinjuku-2026-r3-nintei-1,normal,content,C1-N-02,決算の全体（予算現額・調定額・収入済額・不納欠損額・収入未済額・支出済額・翌年度繰越額・不用額）,https://www.city.shinjuku.lg.jp/content/000466361.pdf,5c467263a0a7b843ac6fd49ad8e51e6d1f6971fad2c28c8412b034220dd3e6eb,歳入合計・歳出合計,"歳 入 合 計 196,812,239,000 196,694,879,708 193,576,411,220 237,059,073 2,932,533,842 △3,235,827,780 … 歳 出 合 計 196,812,239,000 187,801,267,640 922,004,000 8,088,967,360 9,010,971,360",supported,9a1f63a586f56a8106914ddcb8cc7214998235805b5e7bfb242fba416f602e7a
shinjuku-2026-r3-nintei-1,normal,content,C1-N-03,歳入歳出差引残額とうち基金繰入額,https://www.city.shinjuku.lg.jp/content/000466361.pdf,5c467263a0a7b843ac6fd49ad8e51e6d1f6971fad2c28c8412b034220dd3e6eb,歳入歳出差引残額,歳入歳出差引残額 ５，７７５，１４３，５８０円 … うち基金繰入額 ０，０００，０００，０００円,supported,9a1f63a586f56a8106914ddcb8cc7214998235805b5e7bfb242fba416f602e7a
shinjuku-2026-r3-nintei-1,normal,content,C1-N-04,"収入済額は予算現額を3,235,827,780円下回った",https://www.city.shinjuku.lg.jp/content/000466361.pdf,5c467263a0a7b843ac6fd49ad8e51e6d1f6971fad2c28c8412b034220dd3e6eb,歳入合計・歳出合計,"歳 入 合 計 196,812,239,000 196,694,879,708 193,576,411,220 237,059,073 2,932,533,842 △3,235,827,780 … 歳 出 合 計 196,812,239,000 187,801,267,640 922,004,000 8,088,967,360 9,010,971,360",supported,9a1f63a586f56a8106914ddcb8cc7214998235805b5e7bfb242fba416f602e7a
shinjuku-2026-r3-nintei-1,normal,content,C1-N-05,予備費3億円は全額が不用額,https://www.city.shinjuku.lg.jp/content/000466361.pdf,5c467263a0a7b843ac6fd49ad8e51e6d1f6971fad2c28c8412b034220dd3e6eb,歳出 款別,"9 土木費 11,956,438,000 11,328,595,131 173,252,000 454,590,869 627,842,869 … 10 教育費 20,347,701,000 19,699,868,639 9,140,000 638,692,361 647,832,361 … 3 地域振興費 9,936,552,000 9,447,506,352 132,679,000 356,366,648 489,045,648 … 13 予備費 300,000,000 0 0 300,000,000 300,000,000",supported,9a1f63a586f56a8106914ddcb8cc7214998235805b5e7bfb242fba416f602e7a
shinjuku-2026-r3-nintei-1,normal,content,C1-N-06,主な歳入: 特別区税・特別区交付金・地方消費税交付金,https://www.city.shinjuku.lg.jp/content/000466361.pdf,5c467263a0a7b843ac6fd49ad8e51e6d1f6971fad2c28c8412b034220dd3e6eb,歳入 款別,"1 特別区税 60,640,001,000 62,552,927,497 60,861,374,326 174,117,259 1,568,309,139 221,373,326 … 6 地方消費税交付金 14,441,089,000 14,890,908,000 14,890,908,000 0 0 449,819,000 … 10 特別区交付金 32,120,492,000 33,357,484,000 33,357,484,000 0 0 1,236,992,000",supported,9a1f63a586f56a8106914ddcb8cc7214998235805b5e7bfb242fba416f602e7a
shinjuku-2026-r3-nintei-1,normal,content,C1-N-07,主な歳入: 国庫支出金・都支出金・特別区債、繰入金の予算現額と収入済額,https://www.city.shinjuku.lg.jp/content/000466361.pdf,5c467263a0a7b843ac6fd49ad8e51e6d1f6971fad2c28c8412b034220dd3e6eb,歳入 款別,"14 国庫支出金 33,644,074,000 31,847,755,789 31,847,755,789 0 0 △1,796,318,211 … 15 都支出金 19,152,543,000 19,063,049,452 19,063,049,452 0 0 △89,493,548 … 18 繰入金 5,757,248,000 2,252,412,571 2,252,412,571 0 0 △3,504,835,429 … 21 特別区債 7,079,000,000 6,790,000,000 6,790,000,000 0 0 △289,000,000",supported,9a1f63a586f56a8106914ddcb8cc7214998235805b5e7bfb242fba416f602e7a
shinjuku-2026-r3-nintei-1,normal,content,C1-N-08,主な歳出: 福祉費・子ども家庭費・健康費・総務費,https://www.city.shinjuku.lg.jp/content/000466361.pdf,5c467263a0a7b843ac6fd49ad8e51e6d1f6971fad2c28c8412b034220dd3e6eb,歳出 款別,"2 総務費 18,989,887,000 17,357,934,094 467,865,000 1,164,087,906 1,631,952,906 … 5 福祉費 49,271,734,000 47,204,750,736 130,427,000 1,936,556,264 2,066,983,264 … 6 子ども家庭費 40,851,938,000 39,483,684,198 8,641,000 1,359,612,802 1,368,253,802 … 7 健康費 20,019,798,000 18,581,815,884 0 1,437,982,116 1,437,982,116",supported,9a1f63a586f56a8106914ddcb8cc7214998235805b5e7bfb242fba416f602e7a
shinjuku-2026-r3-nintei-1,normal,content,C1-N-09,主な歳出: 教育費・土木費,https://www.city.shinjuku.lg.jp/content/000466361.pdf,5c467263a0a7b843ac6fd49ad8e51e6d1f6971fad2c28c8412b034220dd3e6eb,歳出 款別,"9 土木費 11,956,438,000 11,328,595,131 173,252,000 454,590,869 627,842,869 … 10 教育費 20,347,701,000 19,699,868,639 9,140,000 638,692,361 647,832,361 … 3 地域振興費 9,936,552,000 9,447,506,352 132,679,000 356,366,648 489,045,648 … 13 予備費 300,000,000 0 0 300,000,000 300,000,000",supported,9a1f63a586f56a8106914ddcb8cc7214998235805b5e7bfb242fba416f602e7a
shinjuku-2026-r3-nintei-1,normal,content,C1-N-10,翌年度繰越額の款別内訳,https://www.city.shinjuku.lg.jp/content/000466361.pdf,5c467263a0a7b843ac6fd49ad8e51e6d1f6971fad2c28c8412b034220dd3e6eb,歳出 款別,"2 総務費 18,989,887,000 17,357,934,094 467,865,000 1,164,087,906 1,631,952,906 … 5 福祉費 49,271,734,000 47,204,750,736 130,427,000 1,936,556,264 2,066,983,264 … 6 子ども家庭費 40,851,938,000 39,483,684,198 8,641,000 1,359,612,802 1,368,253,802 … 7 健康費 20,019,798,000 18,581,815,884 0 1,437,982,116 1,437,982,116",supported,9a1f63a586f56a8106914ddcb8cc7214998235805b5e7bfb242fba416f602e7a
shinjuku-2026-r3-nintei-1,normal,content,C1-N-11,翌年度繰越額の款別内訳（土木費・教育費・地域振興費）,https://www.city.shinjuku.lg.jp/content/000466361.pdf,5c467263a0a7b843ac6fd49ad8e51e6d1f6971fad2c28c8412b034220dd3e6eb,歳出 款別,"9 土木費 11,956,438,000 11,328,595,131 173,252,000 454,590,869 627,842,869 … 10 教育費 20,347,701,000 19,699,868,639 9,140,000 638,692,361 647,832,361 … 3 地域振興費 9,936,552,000 9,447,506,352 132,679,000 356,366,648 489,045,648 … 13 予備費 300,000,000 0 0 300,000,000 300,000,000",supported,9a1f63a586f56a8106914ddcb8cc7214998235805b5e7bfb242fba416f602e7a
shinjuku-2026-r3-nintei-1,normal,content,C1-N-12,決算書・実績報告は会計室のページに案内されている,https://www.city.shinjuku.lg.jp/kusei/kuseijoho01_001109_03.html,31b8240a9210c5965a74134fca286bef83cc7b5e9eb4bae326847e0a170a89d0,提出議案一覧ページ 決算認定,決算書・実績報告は会計室のページをご覧ください,supported,9a1f63a586f56a8106914ddcb8cc7214998235805b5e7bfb242fba416f602e7a
shinjuku-2026-r3-nintei-1,normal,content,C1-N-13,令和8年第3回定例会（会期 9月16日〜10月15日）に提出された,https://www.city.shinjuku.lg.jp/kusei/kuseijoho01_001109_03.html,31b8240a9210c5965a74134fca286bef83cc7b5e9eb4bae326847e0a170a89d0,提出議案一覧ページ,令和8年第3回定例会（会期：9月16日～10月15日）提出案件概要を掲載しました,supported,9a1f63a586f56a8106914ddcb8cc7214998235805b5e7bfb242fba416f602e7a
shinjuku-2026-r3-nintei-1,normal,content,C1-N-14,作成時点（令和8年9月30日）で議決結果は公表されていない,https://www.city.shinjuku.lg.jp/content/000466361.pdf,5c467263a0a7b843ac6fd49ad8e51e6d1f6971fad2c28c8412b034220dd3e6eb,審議状況,（作成時点の審議状況の記述であり、一次資料の記載による主張ではない）,needs_source,9a1f63a586f56a8106914ddcb8cc7214998235805b5e7bfb242fba416f602e7a
shinjuku-2026-r3-nintei-1,normal,content,C1-N-15,差の理由・実績・内訳等は書かれていない,https://www.city.shinjuku.lg.jp/content/000466361.pdf,5c467263a0a7b843ac6fd49ad8e51e6d1f6971fad2c28c8412b034220dd3e6eb,出典に記載がない事項,（本件は解説本文が「一次資料に記載がない」と明示している箇所であり、事実主張ではない）,needs_source,9a1f63a586f56a8106914ddcb8cc7214998235805b5e7bfb242fba416f602e7a
shinjuku-2026-r3-nintei-1,hard,title,C1-HT-01,見出し: 案件名,https://www.city.shinjuku.lg.jp/content/000466361.pdf,5c467263a0a7b843ac6fd49ad8e51e6d1f6971fad2c28c8412b034220dd3e6eb,表題,令和７年度 新宿区一般会計歳入歳出決算書,supported,e2efac88dc992b76da6115c55aca2faa08d274a48e6fca4d4b588f55baac0a0f
shinjuku-2026-r3-nintei-1,hard,summary,C1-HS-01,要約: 予算現額・収入済額・支出済額・不用額,https://www.city.shinjuku.lg.jp/content/000466361.pdf,5c467263a0a7b843ac6fd49ad8e51e6d1f6971fad2c28c8412b034220dd3e6eb,歳入合計・歳出合計,"歳 入 合 計 196,812,239,000 196,694,879,708 193,576,411,220 237,059,073 2,932,533,842 △3,235,827,780 … 歳 出 合 計 196,812,239,000 187,801,267,640 922,004,000 8,088,967,360 9,010,971,360",supported,e2efac88dc992b76da6115c55aca2faa08d274a48e6fca4d4b588f55baac0a0f
shinjuku-2026-r3-nintei-1,hard,summary,C1-HS-02,要約: 歳入歳出差引残額とうち基金繰入額,https://www.city.shinjuku.lg.jp/content/000466361.pdf,5c467263a0a7b843ac6fd49ad8e51e6d1f6971fad2c28c8412b034220dd3e6eb,歳入歳出差引残額,歳入歳出差引残額 ５，７７５，１４３，５８０円 … うち基金繰入額 ０，０００，０００，０００円,supported,e2efac88dc992b76da6115c55aca2faa08d274a48e6fca4d4b588f55baac0a0f
shinjuku-2026-r3-nintei-1,hard,content,C1-H-01,提出日・提出者,https://www.city.shinjuku.lg.jp/content/000466361.pdf,5c467263a0a7b843ac6fd49ad8e51e6d1f6971fad2c28c8412b034220dd3e6eb,議案書末尾,令和８年９月１６日提出 … 新宿区長 吉住 健一,supported,e2efac88dc992b76da6115c55aca2faa08d274a48e6fca4d4b588f55baac0a0f
shinjuku-2026-r3-nintei-1,hard,content,C1-H-02,件名,https://www.city.shinjuku.lg.jp/content/000466361.pdf,5c467263a0a7b843ac6fd49ad8e51e6d1f6971fad2c28c8412b034220dd3e6eb,表題,令和７年度 新宿区一般会計歳入歳出決算書,supported,e2efac88dc992b76da6115c55aca2faa08d274a48e6fca4d4b588f55baac0a0f
shinjuku-2026-r3-nintei-1,hard,content,C1-H-03,款別の決算額（PDFから機械抽出し、各列の款の合計が総計と一致することを確認）,https://www.city.shinjuku.lg.jp/content/000466361.pdf,5c467263a0a7b843ac6fd49ad8e51e6d1f6971fad2c28c8412b034220dd3e6eb,歳入合計・歳出合計,"歳 入 合 計 196,812,239,000 196,694,879,708 193,576,411,220 237,059,073 2,932,533,842 △3,235,827,780 … 歳 出 合 計 196,812,239,000 187,801,267,640 922,004,000 8,088,967,360 9,010,971,360",supported,e2efac88dc992b76da6115c55aca2faa08d274a48e6fca4d4b588f55baac0a0f
shinjuku-2026-r3-nintei-1,hard,content,C1-H-04,歳入歳出差引残額とうち基金繰入額,https://www.city.shinjuku.lg.jp/content/000466361.pdf,5c467263a0a7b843ac6fd49ad8e51e6d1f6971fad2c28c8412b034220dd3e6eb,歳入歳出差引残額,歳入歳出差引残額 ５，７７５，１４３，５８０円 … うち基金繰入額 ０，０００，０００，０００円,supported,e2efac88dc992b76da6115c55aca2faa08d274a48e6fca4d4b588f55baac0a0f
shinjuku-2026-r3-nintei-1,hard,content,C1-H-05,不納欠損額の内訳（特別区税・分担金及び負担金・諸収入）,https://www.city.shinjuku.lg.jp/content/000466361.pdf,5c467263a0a7b843ac6fd49ad8e51e6d1f6971fad2c28c8412b034220dd3e6eb,歳入 款別（不納欠損額・収入未済額）,"12 分担金及び負担金 1,323,245,000 1,309,354,764 1,288,606,851 2,557,000 18,224,413 … 20 諸収入 3,176,347,000 4,916,632,749 3,533,099,616 60,384,814 1,323,182,219",supported,e2efac88dc992b76da6115c55aca2faa08d274a48e6fca4d4b588f55baac0a0f
shinjuku-2026-r3-nintei-1,hard,content,C1-H-06,収入未済額のうち特別区税・諸収入,https://www.city.shinjuku.lg.jp/content/000466361.pdf,5c467263a0a7b843ac6fd49ad8e51e6d1f6971fad2c28c8412b034220dd3e6eb,歳入 款別,"1 特別区税 60,640,001,000 62,552,927,497 60,861,374,326 174,117,259 1,568,309,139 221,373,326 … 6 地方消費税交付金 14,441,089,000 14,890,908,000 14,890,908,000 0 0 449,819,000 … 10 特別区交付金 32,120,492,000 33,357,484,000 33,357,484,000 0 0 1,236,992,000",supported,e2efac88dc992b76da6115c55aca2faa08d274a48e6fca4d4b588f55baac0a0f
shinjuku-2026-r3-nintei-1,hard,content,C1-H-07,"収入未済額のうち諸収入1,323,182,219円",https://www.city.shinjuku.lg.jp/content/000466361.pdf,5c467263a0a7b843ac6fd49ad8e51e6d1f6971fad2c28c8412b034220dd3e6eb,歳入 款別（不納欠損額・収入未済額）,"12 分担金及び負担金 1,323,245,000 1,309,354,764 1,288,606,851 2,557,000 18,224,413 … 20 諸収入 3,176,347,000 4,916,632,749 3,533,099,616 60,384,814 1,323,182,219",supported,e2efac88dc992b76da6115c55aca2faa08d274a48e6fca4d4b588f55baac0a0f
shinjuku-2026-r3-nintei-1,hard,content,C1-H-08,翌年度繰越額の款別内訳,https://www.city.shinjuku.lg.jp/content/000466361.pdf,5c467263a0a7b843ac6fd49ad8e51e6d1f6971fad2c28c8412b034220dd3e6eb,歳出 款別,"2 総務費 18,989,887,000 17,357,934,094 467,865,000 1,164,087,906 1,631,952,906 … 5 福祉費 49,271,734,000 47,204,750,736 130,427,000 1,936,556,264 2,066,983,264 … 6 子ども家庭費 40,851,938,000 39,483,684,198 8,641,000 1,359,612,802 1,368,253,802 … 7 健康費 20,019,798,000 18,581,815,884 0 1,437,982,116 1,437,982,116",supported,e2efac88dc992b76da6115c55aca2faa08d274a48e6fca4d4b588f55baac0a0f
shinjuku-2026-r3-nintei-1,hard,content,C1-H-09,翌年度繰越額の款別内訳（続き）と予備費,https://www.city.shinjuku.lg.jp/content/000466361.pdf,5c467263a0a7b843ac6fd49ad8e51e6d1f6971fad2c28c8412b034220dd3e6eb,歳出 款別,"9 土木費 11,956,438,000 11,328,595,131 173,252,000 454,590,869 627,842,869 … 10 教育費 20,347,701,000 19,699,868,639 9,140,000 638,692,361 647,832,361 … 3 地域振興費 9,936,552,000 9,447,506,352 132,679,000 356,366,648 489,045,648 … 13 予備費 300,000,000 0 0 300,000,000 300,000,000",supported,e2efac88dc992b76da6115c55aca2faa08d274a48e6fca4d4b588f55baac0a0f
shinjuku-2026-r3-nintei-1,hard,content,C1-H-10,"第64号議案の概要資料の純繰越金5,380,958千円と今回充当額",https://www.city.shinjuku.lg.jp/content/000464782.pdf,880e9f42c9d4f7ae8ecfc6235492d9927753303c2a65a6ac9359b23bd2b630a5,第64号議案 歳入 18 繰越金,"令和７年度純繰越金 5,380,958千円 … 今回充当額 2,555,762千円",supported,e2efac88dc992b76da6115c55aca2faa08d274a48e6fca4d4b588f55baac0a0f
shinjuku-2026-r3-nintei-1,hard,content,C1-H-11,"財政調整基金積立金の算定では5,380,957,580円",https://www.city.shinjuku.lg.jp/content/000464782.pdf,880e9f42c9d4f7ae8ecfc6235492d9927753303c2a65a6ac9359b23bd2b630a5,第64号議案 12 諸支出金 (1),"5,380,957,580円の",supported,e2efac88dc992b76da6115c55aca2faa08d274a48e6fca4d4b588f55baac0a0f
shinjuku-2026-r3-nintei-1,hard,content,C1-H-12,"差引残額との差394,186,000円（5,775,143,580円−5,380,957,580円の計算値）の内訳は一次資料にない",https://www.city.shinjuku.lg.jp/content/000466361.pdf,5c467263a0a7b843ac6fd49ad8e51e6d1f6971fad2c28c8412b034220dd3e6eb,出典に記載がない事項,（本件は解説本文が「一次資料に記載がない」と明示している箇所であり、事実主張ではない）,needs_source,e2efac88dc992b76da6115c55aca2faa08d274a48e6fca4d4b588f55baac0a0f
shinjuku-2026-r3-nintei-1,hard,content,C1-H-13,決算書・実績報告の案内,https://www.city.shinjuku.lg.jp/kusei/kuseijoho01_001109_03.html,31b8240a9210c5965a74134fca286bef83cc7b5e9eb4bae326847e0a170a89d0,提出議案一覧ページ 決算認定,決算書・実績報告は会計室のページをご覧ください,supported,e2efac88dc992b76da6115c55aca2faa08d274a48e6fca4d4b588f55baac0a0f
shinjuku-2026-r3-nintei-1,hard,content,C1-H-14,令和8年第3回定例会（会期 9月16日〜10月15日）に提出された,https://www.city.shinjuku.lg.jp/kusei/kuseijoho01_001109_03.html,31b8240a9210c5965a74134fca286bef83cc7b5e9eb4bae326847e0a170a89d0,提出議案一覧ページ,令和8年第3回定例会（会期：9月16日～10月15日）提出案件概要を掲載しました,supported,e2efac88dc992b76da6115c55aca2faa08d274a48e6fca4d4b588f55baac0a0f
shinjuku-2026-r3-nintei-1,hard,content,C1-H-15,作成時点（令和8年9月30日）で議決結果は公表されていない,https://www.city.shinjuku.lg.jp/content/000466361.pdf,5c467263a0a7b843ac6fd49ad8e51e6d1f6971fad2c28c8412b034220dd3e6eb,審議状況,（作成時点の審議状況の記述であり、一次資料の記載による主張ではない）,needs_source,e2efac88dc992b76da6115c55aca2faa08d274a48e6fca4d4b588f55baac0a0f
shinjuku-2026-r3-nintei-1,hard,content,C1-H-16,差の理由・事業別決算・内訳・監査意見等は資料にない,https://www.city.shinjuku.lg.jp/content/000466361.pdf,5c467263a0a7b843ac6fd49ad8e51e6d1f6971fad2c28c8412b034220dd3e6eb,出典に記載がない事項,（本件は解説本文が「一次資料に記載がない」と明示している箇所であり、事実主張ではない）,needs_source,e2efac88dc992b76da6115c55aca2faa08d274a48e6fca4d4b588f55baac0a0f
shinjuku-2026-r3-nintei-2,easy,title,C2-ET-01,見出し: 令和7年度（2025年度）の決算,https://www.city.shinjuku.lg.jp/content/000466362.pdf,4b0fde5ee4c79f2404cb44f2c851c999bd0118e72b58398bea6425d363f94564,歳入合計・歳出合計,"歳 入 合 計 38,329,733,000 41,908,092,100 37,950,394,593 840,696,918 3,205,891,887 △379,338,407 … 歳 出 合 計 38,329,733,000 37,446,701,938 0 883,031,062 883,031,062",supported,e855b29bc3b5c413fb1be089467d02e3c6187ab50bc0c6018a914d2204c1c35d
shinjuku-2026-r3-nintei-2,easy,summary,C2-ES-01,要約: 収入済額・支出済額・差引残額,https://www.city.shinjuku.lg.jp/content/000466362.pdf,4b0fde5ee4c79f2404cb44f2c851c999bd0118e72b58398bea6425d363f94564,歳入歳出差引残額,歳入歳出差引残額 ５０３，６９２，６５５円 … うち基金繰入額 ０００，０００，０００円,supported,e855b29bc3b5c413fb1be089467d02e3c6187ab50bc0c6018a914d2204c1c35d
shinjuku-2026-r3-nintei-2,easy,summary,C2-ES-02,要約: 議会が認定するかどうかを決める,https://www.city.shinjuku.lg.jp/content/000466362.pdf,4b0fde5ee4c79f2404cb44f2c851c999bd0118e72b58398bea6425d363f94564,表題,令和７年度 新宿区国民健康保険特別会計歳入歳出決算書,supported,e855b29bc3b5c413fb1be089467d02e3c6187ab50bc0c6018a914d2204c1c35d
shinjuku-2026-r3-nintei-2,easy,content,C2-E-01,令和7年度（2025年度）の決算の認定を求める案件,https://www.city.shinjuku.lg.jp/content/000466362.pdf,4b0fde5ee4c79f2404cb44f2c851c999bd0118e72b58398bea6425d363f94564,表題,令和７年度 新宿区国民健康保険特別会計歳入歳出決算書,supported,e855b29bc3b5c413fb1be089467d02e3c6187ab50bc0c6018a914d2204c1c35d
shinjuku-2026-r3-nintei-2,easy,content,C2-E-02,区長が2026年9月16日に提出,https://www.city.shinjuku.lg.jp/content/000466362.pdf,4b0fde5ee4c79f2404cb44f2c851c999bd0118e72b58398bea6425d363f94564,議案書末尾,令和８年９月１６日提出 … 新宿区長 吉住 健一,supported,e855b29bc3b5c413fb1be089467d02e3c6187ab50bc0c6018a914d2204c1c35d
shinjuku-2026-r3-nintei-2,easy,content,C2-E-03,予算現額・収入済額・支出済額,https://www.city.shinjuku.lg.jp/content/000466362.pdf,4b0fde5ee4c79f2404cb44f2c851c999bd0118e72b58398bea6425d363f94564,歳入合計・歳出合計,"歳 入 合 計 38,329,733,000 41,908,092,100 37,950,394,593 840,696,918 3,205,891,887 △379,338,407 … 歳 出 合 計 38,329,733,000 37,446,701,938 0 883,031,062 883,031,062",supported,e855b29bc3b5c413fb1be089467d02e3c6187ab50bc0c6018a914d2204c1c35d
shinjuku-2026-r3-nintei-2,easy,content,C2-E-04,歳入歳出差引残額,https://www.city.shinjuku.lg.jp/content/000466362.pdf,4b0fde5ee4c79f2404cb44f2c851c999bd0118e72b58398bea6425d363f94564,歳入歳出差引残額,歳入歳出差引残額 ５０３，６９２，６５５円 … うち基金繰入額 ０００，０００，０００円,supported,e855b29bc3b5c413fb1be089467d02e3c6187ab50bc0c6018a914d2204c1c35d
shinjuku-2026-r3-nintei-2,easy,content,C2-E-05,国民健康保険料の収入済額・収入未済額・不納欠損額,https://www.city.shinjuku.lg.jp/content/000466362.pdf,4b0fde5ee4c79f2404cb44f2c851c999bd0118e72b58398bea6425d363f94564,歳入 1 国民健康保険料,"1 国民健康保険料 10,598,606,000 14,962,250,881 11,053,074,340 833,655,338 3,164,348,001 454,468,340",supported,e855b29bc3b5c413fb1be089467d02e3c6187ab50bc0c6018a914d2204c1c35d
shinjuku-2026-r3-nintei-2,easy,content,C2-E-06,大きな収入: 都支出金・繰入金,https://www.city.shinjuku.lg.jp/content/000466362.pdf,4b0fde5ee4c79f2404cb44f2c851c999bd0118e72b58398bea6425d363f94564,歳入 款別,"4 都支出金 21,615,421,000 21,322,030,156 21,322,030,156 0 0 △293,390,844 … 6 繰入金 5,441,770,000 4,913,384,649 4,913,384,649 0 0 △528,385,351 … 7 繰越金 581,061,000 581,061,083 581,061,083 0 0 83",supported,e855b29bc3b5c413fb1be089467d02e3c6187ab50bc0c6018a914d2204c1c35d
shinjuku-2026-r3-nintei-2,easy,content,C2-E-07,大きな支出: 保険給付費・国民健康保険事業費納付金,https://www.city.shinjuku.lg.jp/content/000466362.pdf,4b0fde5ee4c79f2404cb44f2c851c999bd0118e72b58398bea6425d363f94564,歳出 款別,"1 総務費 982,360,000 946,113,104 0 36,246,896 … 2 保険給付費 21,699,015,000 21,040,224,066 0 658,790,934 … 3 国民健康保険事業費納付金 14,880,383,000 14,880,381,258 0 1,742 … 4 保健事業費 210,782,000 171,027,476 … 5 諸支出金 409,401,000 408,956,034 … 6 予備費 147,792,000 0 0 147,792,000",supported,e855b29bc3b5c413fb1be089467d02e3c6187ab50bc0c6018a914d2204c1c35d
shinjuku-2026-r3-nintei-2,easy,content,C2-E-08,議案の資料は表だけで、提出議案一覧ページは決算書・実績報告を会計室のページに案内している,https://www.city.shinjuku.lg.jp/kusei/kuseijoho01_001109_03.html,31b8240a9210c5965a74134fca286bef83cc7b5e9eb4bae326847e0a170a89d0,提出議案一覧ページ 決算認定,決算書・実績報告は会計室のページをご覧ください,supported,e855b29bc3b5c413fb1be089467d02e3c6187ab50bc0c6018a914d2204c1c35d
shinjuku-2026-r3-nintei-2,easy,content,C2-E-09,令和8年第3回定例会（会期 9月16日〜10月15日）に提出された,https://www.city.shinjuku.lg.jp/kusei/kuseijoho01_001109_03.html,31b8240a9210c5965a74134fca286bef83cc7b5e9eb4bae326847e0a170a89d0,提出議案一覧ページ,令和8年第3回定例会（会期：9月16日～10月15日）提出案件概要を掲載しました,supported,e855b29bc3b5c413fb1be089467d02e3c6187ab50bc0c6018a914d2204c1c35d
shinjuku-2026-r3-nintei-2,easy,content,C2-E-10,作成時点（令和8年9月30日）で議決結果は公表されていない,https://www.city.shinjuku.lg.jp/content/000466362.pdf,4b0fde5ee4c79f2404cb44f2c851c999bd0118e72b58398bea6425d363f94564,審議状況,（作成時点の審議状況の記述であり、一次資料の記載による主張ではない）,needs_source,e855b29bc3b5c413fb1be089467d02e3c6187ab50bc0c6018a914d2204c1c35d
shinjuku-2026-r3-nintei-2,easy,content,C2-E-11,差の理由・事業ごとの成果・対象人数等は書かれていない,https://www.city.shinjuku.lg.jp/content/000466362.pdf,4b0fde5ee4c79f2404cb44f2c851c999bd0118e72b58398bea6425d363f94564,出典に記載がない事項,（本件は解説本文が「一次資料に記載がない」と明示している箇所であり、事実主張ではない）,needs_source,e855b29bc3b5c413fb1be089467d02e3c6187ab50bc0c6018a914d2204c1c35d
shinjuku-2026-r3-nintei-2,normal,title,C2-NT-01,見出し: 令和7年度の決算の認定,https://www.city.shinjuku.lg.jp/content/000466362.pdf,4b0fde5ee4c79f2404cb44f2c851c999bd0118e72b58398bea6425d363f94564,表題,令和７年度 新宿区国民健康保険特別会計歳入歳出決算書,supported,bd8fc577757685bcc2881676bf3859cd9869dcfe5f4a738a96a55ab9a624afab
shinjuku-2026-r3-nintei-2,normal,summary,C2-NS-01,要約: 議会の認定を求める案件,https://www.city.shinjuku.lg.jp/content/000466362.pdf,4b0fde5ee4c79f2404cb44f2c851c999bd0118e72b58398bea6425d363f94564,表題,令和７年度 新宿区国民健康保険特別会計歳入歳出決算書,supported,bd8fc577757685bcc2881676bf3859cd9869dcfe5f4a738a96a55ab9a624afab
shinjuku-2026-r3-nintei-2,normal,summary,C2-NS-02,要約: 収入済額・支出済額・差引残額,https://www.city.shinjuku.lg.jp/content/000466362.pdf,4b0fde5ee4c79f2404cb44f2c851c999bd0118e72b58398bea6425d363f94564,歳入歳出差引残額,歳入歳出差引残額 ５０３，６９２，６５５円 … うち基金繰入額 ０００，０００，０００円,supported,bd8fc577757685bcc2881676bf3859cd9869dcfe5f4a738a96a55ab9a624afab
shinjuku-2026-r3-nintei-2,normal,summary,C2-NS-03,要約: 予算現額・収入済額・支出済額,https://www.city.shinjuku.lg.jp/content/000466362.pdf,4b0fde5ee4c79f2404cb44f2c851c999bd0118e72b58398bea6425d363f94564,歳入合計・歳出合計,"歳 入 合 計 38,329,733,000 41,908,092,100 37,950,394,593 840,696,918 3,205,891,887 △379,338,407 … 歳 出 合 計 38,329,733,000 37,446,701,938 0 883,031,062 883,031,062",supported,bd8fc577757685bcc2881676bf3859cd9869dcfe5f4a738a96a55ab9a624afab
shinjuku-2026-r3-nintei-2,normal,content,C2-N-01,令和8年9月16日に区長が提出,https://www.city.shinjuku.lg.jp/content/000466362.pdf,4b0fde5ee4c79f2404cb44f2c851c999bd0118e72b58398bea6425d363f94564,議案書末尾,令和８年９月１６日提出 … 新宿区長 吉住 健一,supported,bd8fc577757685bcc2881676bf3859cd9869dcfe5f4a738a96a55ab9a624afab
shinjuku-2026-r3-nintei-2,normal,content,C2-N-02,決算の全体（予算現額・調定額・収入済額・不納欠損額・収入未済額・支出済額・翌年度繰越額・不用額）,https://www.city.shinjuku.lg.jp/content/000466362.pdf,4b0fde5ee4c79f2404cb44f2c851c999bd0118e72b58398bea6425d363f94564,歳入合計・歳出合計,"歳 入 合 計 38,329,733,000 41,908,092,100 37,950,394,593 840,696,918 3,205,891,887 △379,338,407 … 歳 出 合 計 38,329,733,000 37,446,701,938 0 883,031,062 883,031,062",supported,bd8fc577757685bcc2881676bf3859cd9869dcfe5f4a738a96a55ab9a624afab
shinjuku-2026-r3-nintei-2,normal,content,C2-N-03,歳入歳出差引残額とうち基金繰入額,https://www.city.shinjuku.lg.jp/content/000466362.pdf,4b0fde5ee4c79f2404cb44f2c851c999bd0118e72b58398bea6425d363f94564,歳入歳出差引残額,歳入歳出差引残額 ５０３，６９２，６５５円 … うち基金繰入額 ０００，０００，０００円,supported,bd8fc577757685bcc2881676bf3859cd9869dcfe5f4a738a96a55ab9a624afab
shinjuku-2026-r3-nintei-2,normal,content,C2-N-04,翌年度繰越額はない,https://www.city.shinjuku.lg.jp/content/000466362.pdf,4b0fde5ee4c79f2404cb44f2c851c999bd0118e72b58398bea6425d363f94564,歳入合計・歳出合計,"歳 入 合 計 38,329,733,000 41,908,092,100 37,950,394,593 840,696,918 3,205,891,887 △379,338,407 … 歳 出 合 計 38,329,733,000 37,446,701,938 0 883,031,062 883,031,062",supported,bd8fc577757685bcc2881676bf3859cd9869dcfe5f4a738a96a55ab9a624afab
shinjuku-2026-r3-nintei-2,normal,content,C2-N-05,国民健康保険料の予算現額・調定額・収入済額・不納欠損額・収入未済額・比較,https://www.city.shinjuku.lg.jp/content/000466362.pdf,4b0fde5ee4c79f2404cb44f2c851c999bd0118e72b58398bea6425d363f94564,歳入 1 国民健康保険料,"1 国民健康保険料 10,598,606,000 14,962,250,881 11,053,074,340 833,655,338 3,164,348,001 454,468,340",supported,bd8fc577757685bcc2881676bf3859cd9869dcfe5f4a738a96a55ab9a624afab
shinjuku-2026-r3-nintei-2,normal,content,C2-N-06,主な歳入: 都支出金・繰入金・繰越金,https://www.city.shinjuku.lg.jp/content/000466362.pdf,4b0fde5ee4c79f2404cb44f2c851c999bd0118e72b58398bea6425d363f94564,歳入 款別,"4 都支出金 21,615,421,000 21,322,030,156 21,322,030,156 0 0 △293,390,844 … 6 繰入金 5,441,770,000 4,913,384,649 4,913,384,649 0 0 △528,385,351 … 7 繰越金 581,061,000 581,061,083 581,061,083 0 0 83",supported,bd8fc577757685bcc2881676bf3859cd9869dcfe5f4a738a96a55ab9a624afab
shinjuku-2026-r3-nintei-2,normal,content,C2-N-07,主な歳出の款別支出済額,https://www.city.shinjuku.lg.jp/content/000466362.pdf,4b0fde5ee4c79f2404cb44f2c851c999bd0118e72b58398bea6425d363f94564,歳出 款別,"1 総務費 982,360,000 946,113,104 0 36,246,896 … 2 保険給付費 21,699,015,000 21,040,224,066 0 658,790,934 … 3 国民健康保険事業費納付金 14,880,383,000 14,880,381,258 0 1,742 … 4 保健事業費 210,782,000 171,027,476 … 5 諸支出金 409,401,000 408,956,034 … 6 予備費 147,792,000 0 0 147,792,000",supported,bd8fc577757685bcc2881676bf3859cd9869dcfe5f4a738a96a55ab9a624afab
shinjuku-2026-r3-nintei-2,normal,content,C2-N-08,療養諸費・高額療養費、納付金の3区分,https://www.city.shinjuku.lg.jp/content/000466362.pdf,4b0fde5ee4c79f2404cb44f2c851c999bd0118e72b58398bea6425d363f94564,歳出 項別,"1 療養諸費 18,783,513,000 18,162,023,925 … 2 高額療養費 2,708,047,000 2,685,103,079 … 3 移送費 534,000 251,619 … 4 出産育児諸費 156,252,000 146,596,687 … 5 葬祭費 19,754,000 17,220,000 … 6 結核・精神医療給付金 30,622,000 29,028,756 … 7 傷病手当金 293,000 0 … 1 医療給付費分 10,144,150,000 10,144,149,929 … 2 後期高齢者支援金等分 3,613,401,000 3,613,400,064 … 3 介護納付金分 1,122,832,000 1,122,831,265",supported,bd8fc577757685bcc2881676bf3859cd9869dcfe5f4a738a96a55ab9a624afab
shinjuku-2026-r3-nintei-2,normal,content,C2-N-09,決算書・実績報告は会計室のページに案内されている,https://www.city.shinjuku.lg.jp/kusei/kuseijoho01_001109_03.html,31b8240a9210c5965a74134fca286bef83cc7b5e9eb4bae326847e0a170a89d0,提出議案一覧ページ 決算認定,決算書・実績報告は会計室のページをご覧ください,supported,bd8fc577757685bcc2881676bf3859cd9869dcfe5f4a738a96a55ab9a624afab
shinjuku-2026-r3-nintei-2,normal,content,C2-N-10,令和8年第3回定例会（会期 9月16日〜10月15日）に提出された,https://www.city.shinjuku.lg.jp/kusei/kuseijoho01_001109_03.html,31b8240a9210c5965a74134fca286bef83cc7b5e9eb4bae326847e0a170a89d0,提出議案一覧ページ,令和8年第3回定例会（会期：9月16日～10月15日）提出案件概要を掲載しました,supported,bd8fc577757685bcc2881676bf3859cd9869dcfe5f4a738a96a55ab9a624afab
shinjuku-2026-r3-nintei-2,normal,content,C2-N-11,作成時点（令和8年9月30日）で議決結果は公表されていない,https://www.city.shinjuku.lg.jp/content/000466362.pdf,4b0fde5ee4c79f2404cb44f2c851c999bd0118e72b58398bea6425d363f94564,審議状況,（作成時点の審議状況の記述であり、一次資料の記載による主張ではない）,needs_source,bd8fc577757685bcc2881676bf3859cd9869dcfe5f4a738a96a55ab9a624afab
shinjuku-2026-r3-nintei-2,normal,content,C2-N-12,差の理由・実績・内訳等は書かれていない,https://www.city.shinjuku.lg.jp/content/000466362.pdf,4b0fde5ee4c79f2404cb44f2c851c999bd0118e72b58398bea6425d363f94564,出典に記載がない事項,（本件は解説本文が「一次資料に記載がない」と明示している箇所であり、事実主張ではない）,needs_source,bd8fc577757685bcc2881676bf3859cd9869dcfe5f4a738a96a55ab9a624afab
shinjuku-2026-r3-nintei-2,hard,title,C2-HT-01,見出し: 案件名,https://www.city.shinjuku.lg.jp/content/000466362.pdf,4b0fde5ee4c79f2404cb44f2c851c999bd0118e72b58398bea6425d363f94564,表題,令和７年度 新宿区国民健康保険特別会計歳入歳出決算書,supported,11b3cd1979dc8e1e461efd52df822ba71002c12b5438fd46849390a65627cb2b
shinjuku-2026-r3-nintei-2,hard,summary,C2-HS-01,要約: 予算現額・収入済額・支出済額・不用額,https://www.city.shinjuku.lg.jp/content/000466362.pdf,4b0fde5ee4c79f2404cb44f2c851c999bd0118e72b58398bea6425d363f94564,歳入合計・歳出合計,"歳 入 合 計 38,329,733,000 41,908,092,100 37,950,394,593 840,696,918 3,205,891,887 △379,338,407 … 歳 出 合 計 38,329,733,000 37,446,701,938 0 883,031,062 883,031,062",supported,11b3cd1979dc8e1e461efd52df822ba71002c12b5438fd46849390a65627cb2b
shinjuku-2026-r3-nintei-2,hard,summary,C2-HS-02,要約: 歳入歳出差引残額とうち基金繰入額,https://www.city.shinjuku.lg.jp/content/000466362.pdf,4b0fde5ee4c79f2404cb44f2c851c999bd0118e72b58398bea6425d363f94564,歳入歳出差引残額,歳入歳出差引残額 ５０３，６９２，６５５円 … うち基金繰入額 ０００，０００，０００円,supported,11b3cd1979dc8e1e461efd52df822ba71002c12b5438fd46849390a65627cb2b
shinjuku-2026-r3-nintei-2,hard,content,C2-H-01,提出日・提出者,https://www.city.shinjuku.lg.jp/content/000466362.pdf,4b0fde5ee4c79f2404cb44f2c851c999bd0118e72b58398bea6425d363f94564,議案書末尾,令和８年９月１６日提出 … 新宿区長 吉住 健一,supported,11b3cd1979dc8e1e461efd52df822ba71002c12b5438fd46849390a65627cb2b
shinjuku-2026-r3-nintei-2,hard,content,C2-H-02,件名,https://www.city.shinjuku.lg.jp/content/000466362.pdf,4b0fde5ee4c79f2404cb44f2c851c999bd0118e72b58398bea6425d363f94564,表題,令和７年度 新宿区国民健康保険特別会計歳入歳出決算書,supported,11b3cd1979dc8e1e461efd52df822ba71002c12b5438fd46849390a65627cb2b
shinjuku-2026-r3-nintei-2,hard,content,C2-H-03,款別の決算額（PDFから機械抽出し、各列の款の合計が総計と一致することを確認）,https://www.city.shinjuku.lg.jp/content/000466362.pdf,4b0fde5ee4c79f2404cb44f2c851c999bd0118e72b58398bea6425d363f94564,歳入合計・歳出合計,"歳 入 合 計 38,329,733,000 41,908,092,100 37,950,394,593 840,696,918 3,205,891,887 △379,338,407 … 歳 出 合 計 38,329,733,000 37,446,701,938 0 883,031,062 883,031,062",supported,11b3cd1979dc8e1e461efd52df822ba71002c12b5438fd46849390a65627cb2b
shinjuku-2026-r3-nintei-2,hard,content,C2-H-04,歳入歳出差引残額とうち基金繰入額,https://www.city.shinjuku.lg.jp/content/000466362.pdf,4b0fde5ee4c79f2404cb44f2c851c999bd0118e72b58398bea6425d363f94564,歳入歳出差引残額,歳入歳出差引残額 ５０３，６９２，６５５円 … うち基金繰入額 ０００，０００，０００円,supported,11b3cd1979dc8e1e461efd52df822ba71002c12b5438fd46849390a65627cb2b
shinjuku-2026-r3-nintei-2,hard,content,C2-H-05,不納欠損額・収入未済額のうち国民健康保険料の額、調定額と収入済額,https://www.city.shinjuku.lg.jp/content/000466362.pdf,4b0fde5ee4c79f2404cb44f2c851c999bd0118e72b58398bea6425d363f94564,歳入 1 国民健康保険料,"1 国民健康保険料 10,598,606,000 14,962,250,881 11,053,074,340 833,655,338 3,164,348,001 454,468,340",supported,11b3cd1979dc8e1e461efd52df822ba71002c12b5438fd46849390a65627cb2b
shinjuku-2026-r3-nintei-2,hard,content,C2-H-06,保険給付費と国民健康保険事業費納付金の項別支出済額,https://www.city.shinjuku.lg.jp/content/000466362.pdf,4b0fde5ee4c79f2404cb44f2c851c999bd0118e72b58398bea6425d363f94564,歳出 項別,"1 療養諸費 18,783,513,000 18,162,023,925 … 2 高額療養費 2,708,047,000 2,685,103,079 … 3 移送費 534,000 251,619 … 4 出産育児諸費 156,252,000 146,596,687 … 5 葬祭費 19,754,000 17,220,000 … 6 結核・精神医療給付金 30,622,000 29,028,756 … 7 傷病手当金 293,000 0 … 1 医療給付費分 10,144,150,000 10,144,149,929 … 2 後期高齢者支援金等分 3,613,401,000 3,613,400,064 … 3 介護納付金分 1,122,832,000 1,122,831,265",supported,11b3cd1979dc8e1e461efd52df822ba71002c12b5438fd46849390a65627cb2b
shinjuku-2026-r3-nintei-2,hard,content,C2-H-07,予備費は全額不用、翌年度繰越額はない,https://www.city.shinjuku.lg.jp/content/000466362.pdf,4b0fde5ee4c79f2404cb44f2c851c999bd0118e72b58398bea6425d363f94564,歳出 款別,"1 総務費 982,360,000 946,113,104 0 36,246,896 … 2 保険給付費 21,699,015,000 21,040,224,066 0 658,790,934 … 3 国民健康保険事業費納付金 14,880,383,000 14,880,381,258 0 1,742 … 4 保健事業費 210,782,000 171,027,476 … 5 諸支出金 409,401,000 408,956,034 … 6 予備費 147,792,000 0 0 147,792,000",supported,11b3cd1979dc8e1e461efd52df822ba71002c12b5438fd46849390a65627cb2b
shinjuku-2026-r3-nintei-2,hard,content,C2-H-08,決算書・実績報告の案内,https://www.city.shinjuku.lg.jp/kusei/kuseijoho01_001109_03.html,31b8240a9210c5965a74134fca286bef83cc7b5e9eb4bae326847e0a170a89d0,提出議案一覧ページ 決算認定,決算書・実績報告は会計室のページをご覧ください,supported,11b3cd1979dc8e1e461efd52df822ba71002c12b5438fd46849390a65627cb2b
shinjuku-2026-r3-nintei-2,hard,content,C2-H-09,令和8年第3回定例会（会期 9月16日〜10月15日）に提出された,https://www.city.shinjuku.lg.jp/kusei/kuseijoho01_001109_03.html,31b8240a9210c5965a74134fca286bef83cc7b5e9eb4bae326847e0a170a89d0,提出議案一覧ページ,令和8年第3回定例会（会期：9月16日～10月15日）提出案件概要を掲載しました,supported,11b3cd1979dc8e1e461efd52df822ba71002c12b5438fd46849390a65627cb2b
shinjuku-2026-r3-nintei-2,hard,content,C2-H-10,作成時点（令和8年9月30日）で議決結果は公表されていない,https://www.city.shinjuku.lg.jp/content/000466362.pdf,4b0fde5ee4c79f2404cb44f2c851c999bd0118e72b58398bea6425d363f94564,審議状況,（作成時点の審議状況の記述であり、一次資料の記載による主張ではない）,needs_source,11b3cd1979dc8e1e461efd52df822ba71002c12b5438fd46849390a65627cb2b
shinjuku-2026-r3-nintei-2,hard,content,C2-H-11,差の理由・事業別決算・内訳・監査意見等は資料にない,https://www.city.shinjuku.lg.jp/content/000466362.pdf,4b0fde5ee4c79f2404cb44f2c851c999bd0118e72b58398bea6425d363f94564,出典に記載がない事項,（本件は解説本文が「一次資料に記載がない」と明示している箇所であり、事実主張ではない）,needs_source,11b3cd1979dc8e1e461efd52df822ba71002c12b5438fd46849390a65627cb2b
shinjuku-2026-r3-nintei-3,easy,title,C3-ET-01,見出し: 令和7年度（2025年度）の決算,https://www.city.shinjuku.lg.jp/content/000466363.pdf,bf72b81818b347ddea3acb02c079dd6b773a5d842337516b7bca9ba55d8c9e36,歳入合計・歳出合計,"歳 入 合 計 27,841,480,000 28,226,006,880 28,029,183,356 55,392,350 159,876,594 187,703,356 … 歳 出 合 計 27,841,480,000 27,272,698,949 0 568,781,051 568,781,051",supported,32215ec6eccf1f03832fd231e84527d8a1099db9cb4d7e8d4906218576e4a33f
shinjuku-2026-r3-nintei-3,easy,summary,C3-ES-01,要約: 収入済額・支出済額・差引残額,https://www.city.shinjuku.lg.jp/content/000466363.pdf,bf72b81818b347ddea3acb02c079dd6b773a5d842337516b7bca9ba55d8c9e36,歳入歳出差引残額,歳入歳出差引残額 ７５６，４８４，４０７円 … うち基金繰入額 ０００，０００，０００円,supported,32215ec6eccf1f03832fd231e84527d8a1099db9cb4d7e8d4906218576e4a33f
shinjuku-2026-r3-nintei-3,easy,summary,C3-ES-02,要約: 議会が認定するかどうかを決める,https://www.city.shinjuku.lg.jp/content/000466363.pdf,bf72b81818b347ddea3acb02c079dd6b773a5d842337516b7bca9ba55d8c9e36,表題,令和７年度 新宿区介護保険特別会計歳入歳出決算書,supported,32215ec6eccf1f03832fd231e84527d8a1099db9cb4d7e8d4906218576e4a33f
shinjuku-2026-r3-nintei-3,easy,content,C3-E-01,令和7年度（2025年度）の決算の認定を求める案件,https://www.city.shinjuku.lg.jp/content/000466363.pdf,bf72b81818b347ddea3acb02c079dd6b773a5d842337516b7bca9ba55d8c9e36,表題,令和７年度 新宿区介護保険特別会計歳入歳出決算書,supported,32215ec6eccf1f03832fd231e84527d8a1099db9cb4d7e8d4906218576e4a33f
shinjuku-2026-r3-nintei-3,easy,content,C3-E-02,区長が2026年9月16日に提出,https://www.city.shinjuku.lg.jp/content/000466363.pdf,bf72b81818b347ddea3acb02c079dd6b773a5d842337516b7bca9ba55d8c9e36,議案書末尾,令和８年９月１６日提出 … 新宿区長 吉住 健一,supported,32215ec6eccf1f03832fd231e84527d8a1099db9cb4d7e8d4906218576e4a33f
shinjuku-2026-r3-nintei-3,easy,content,C3-E-03,予算現額・収入済額・支出済額,https://www.city.shinjuku.lg.jp/content/000466363.pdf,bf72b81818b347ddea3acb02c079dd6b773a5d842337516b7bca9ba55d8c9e36,歳入合計・歳出合計,"歳 入 合 計 27,841,480,000 28,226,006,880 28,029,183,356 55,392,350 159,876,594 187,703,356 … 歳 出 合 計 27,841,480,000 27,272,698,949 0 568,781,051 568,781,051",supported,32215ec6eccf1f03832fd231e84527d8a1099db9cb4d7e8d4906218576e4a33f
shinjuku-2026-r3-nintei-3,easy,content,C3-E-04,歳入歳出差引残額,https://www.city.shinjuku.lg.jp/content/000466363.pdf,bf72b81818b347ddea3acb02c079dd6b773a5d842337516b7bca9ba55d8c9e36,歳入歳出差引残額,歳入歳出差引残額 ７５６，４８４，４０７円 … うち基金繰入額 ０００，０００，０００円,supported,32215ec6eccf1f03832fd231e84527d8a1099db9cb4d7e8d4906218576e4a33f
shinjuku-2026-r3-nintei-3,easy,content,C3-E-05,収入済額は予算現額を上回った,https://www.city.shinjuku.lg.jp/content/000466363.pdf,bf72b81818b347ddea3acb02c079dd6b773a5d842337516b7bca9ba55d8c9e36,歳入合計・歳出合計,"歳 入 合 計 27,841,480,000 28,226,006,880 28,029,183,356 55,392,350 159,876,594 187,703,356 … 歳 出 合 計 27,841,480,000 27,272,698,949 0 568,781,051 568,781,051",supported,32215ec6eccf1f03832fd231e84527d8a1099db9cb4d7e8d4906218576e4a33f
shinjuku-2026-r3-nintei-3,easy,content,C3-E-06,介護保険料の収入済額・収入未済額・不納欠損額,https://www.city.shinjuku.lg.jp/content/000466363.pdf,bf72b81818b347ddea3acb02c079dd6b773a5d842337516b7bca9ba55d8c9e36,歳入 1 介護保険料,"1 介護保険料 5,340,613,000 5,907,019,150 5,710,956,875 55,392,350 159,115,345 370,343,875",supported,32215ec6eccf1f03832fd231e84527d8a1099db9cb4d7e8d4906218576e4a33f
shinjuku-2026-r3-nintei-3,easy,content,C3-E-07,大きな支出: 保険給付費・地域支援事業費・基金積立金,https://www.city.shinjuku.lg.jp/content/000466363.pdf,bf72b81818b347ddea3acb02c079dd6b773a5d842337516b7bca9ba55d8c9e36,歳出 款別,"1 総務費 1,014,247,000 979,993,925 … 2 保険給付費 24,488,455,000 24,300,302,137 … 1 サービス等諸費 23,545,262,000 23,372,640,884 … 2 高額サービス費等 943,193,000 927,661,253 … 3 基金積立金 516,715,000 475,537,487 … 4 地域支援事業費 1,595,020,000 1,340,890,276 0 254,129,724 … 5 諸支出金 177,043,000 175,975,124 … 6 予備費 50,000,000 0 0 50,000,000",supported,32215ec6eccf1f03832fd231e84527d8a1099db9cb4d7e8d4906218576e4a33f
shinjuku-2026-r3-nintei-3,easy,content,C3-E-08,議案の資料は表だけで、提出議案一覧ページは決算書・実績報告を会計室のページに案内している,https://www.city.shinjuku.lg.jp/kusei/kuseijoho01_001109_03.html,31b8240a9210c5965a74134fca286bef83cc7b5e9eb4bae326847e0a170a89d0,提出議案一覧ページ 決算認定,決算書・実績報告は会計室のページをご覧ください,supported,32215ec6eccf1f03832fd231e84527d8a1099db9cb4d7e8d4906218576e4a33f
shinjuku-2026-r3-nintei-3,easy,content,C3-E-09,令和8年第3回定例会（会期 9月16日〜10月15日）に提出された,https://www.city.shinjuku.lg.jp/kusei/kuseijoho01_001109_03.html,31b8240a9210c5965a74134fca286bef83cc7b5e9eb4bae326847e0a170a89d0,提出議案一覧ページ,令和8年第3回定例会（会期：9月16日～10月15日）提出案件概要を掲載しました,supported,32215ec6eccf1f03832fd231e84527d8a1099db9cb4d7e8d4906218576e4a33f
shinjuku-2026-r3-nintei-3,easy,content,C3-E-10,作成時点（令和8年9月30日）で議決結果は公表されていない,https://www.city.shinjuku.lg.jp/content/000466363.pdf,bf72b81818b347ddea3acb02c079dd6b773a5d842337516b7bca9ba55d8c9e36,審議状況,（作成時点の審議状況の記述であり、一次資料の記載による主張ではない）,needs_source,32215ec6eccf1f03832fd231e84527d8a1099db9cb4d7e8d4906218576e4a33f
shinjuku-2026-r3-nintei-3,easy,content,C3-E-11,差の理由・事業ごとの成果・対象人数等は書かれていない,https://www.city.shinjuku.lg.jp/content/000466363.pdf,bf72b81818b347ddea3acb02c079dd6b773a5d842337516b7bca9ba55d8c9e36,出典に記載がない事項,（本件は解説本文が「一次資料に記載がない」と明示している箇所であり、事実主張ではない）,needs_source,32215ec6eccf1f03832fd231e84527d8a1099db9cb4d7e8d4906218576e4a33f
shinjuku-2026-r3-nintei-3,normal,title,C3-NT-01,見出し: 令和7年度の決算の認定,https://www.city.shinjuku.lg.jp/content/000466363.pdf,bf72b81818b347ddea3acb02c079dd6b773a5d842337516b7bca9ba55d8c9e36,表題,令和７年度 新宿区介護保険特別会計歳入歳出決算書,supported,c9a46878459b1f530738901ef8b1a8df6181fd0c39b0241e5a79b4e607c898d1
shinjuku-2026-r3-nintei-3,normal,summary,C3-NS-01,要約: 議会の認定を求める案件,https://www.city.shinjuku.lg.jp/content/000466363.pdf,bf72b81818b347ddea3acb02c079dd6b773a5d842337516b7bca9ba55d8c9e36,表題,令和７年度 新宿区介護保険特別会計歳入歳出決算書,supported,c9a46878459b1f530738901ef8b1a8df6181fd0c39b0241e5a79b4e607c898d1
shinjuku-2026-r3-nintei-3,normal,summary,C3-NS-02,要約: 収入済額・支出済額・差引残額,https://www.city.shinjuku.lg.jp/content/000466363.pdf,bf72b81818b347ddea3acb02c079dd6b773a5d842337516b7bca9ba55d8c9e36,歳入歳出差引残額,歳入歳出差引残額 ７５６，４８４，４０７円 … うち基金繰入額 ０００，０００，０００円,supported,c9a46878459b1f530738901ef8b1a8df6181fd0c39b0241e5a79b4e607c898d1
shinjuku-2026-r3-nintei-3,normal,summary,C3-NS-03,要約: 予算現額・収入済額・支出済額,https://www.city.shinjuku.lg.jp/content/000466363.pdf,bf72b81818b347ddea3acb02c079dd6b773a5d842337516b7bca9ba55d8c9e36,歳入合計・歳出合計,"歳 入 合 計 27,841,480,000 28,226,006,880 28,029,183,356 55,392,350 159,876,594 187,703,356 … 歳 出 合 計 27,841,480,000 27,272,698,949 0 568,781,051 568,781,051",supported,c9a46878459b1f530738901ef8b1a8df6181fd0c39b0241e5a79b4e607c898d1
shinjuku-2026-r3-nintei-3,normal,content,C3-N-01,令和8年9月16日に区長が提出,https://www.city.shinjuku.lg.jp/content/000466363.pdf,bf72b81818b347ddea3acb02c079dd6b773a5d842337516b7bca9ba55d8c9e36,議案書末尾,令和８年９月１６日提出 … 新宿区長 吉住 健一,supported,c9a46878459b1f530738901ef8b1a8df6181fd0c39b0241e5a79b4e607c898d1
shinjuku-2026-r3-nintei-3,normal,content,C3-N-02,決算の全体（予算現額・調定額・収入済額・不納欠損額・収入未済額・支出済額・翌年度繰越額・不用額）,https://www.city.shinjuku.lg.jp/content/000466363.pdf,bf72b81818b347ddea3acb02c079dd6b773a5d842337516b7bca9ba55d8c9e36,歳入合計・歳出合計,"歳 入 合 計 27,841,480,000 28,226,006,880 28,029,183,356 55,392,350 159,876,594 187,703,356 … 歳 出 合 計 27,841,480,000 27,272,698,949 0 568,781,051 568,781,051",supported,c9a46878459b1f530738901ef8b1a8df6181fd0c39b0241e5a79b4e607c898d1
shinjuku-2026-r3-nintei-3,normal,content,C3-N-03,歳入歳出差引残額とうち基金繰入額,https://www.city.shinjuku.lg.jp/content/000466363.pdf,bf72b81818b347ddea3acb02c079dd6b773a5d842337516b7bca9ba55d8c9e36,歳入歳出差引残額,歳入歳出差引残額 ７５６，４８４，４０７円 … うち基金繰入額 ０００，０００，０００円,supported,c9a46878459b1f530738901ef8b1a8df6181fd0c39b0241e5a79b4e607c898d1
shinjuku-2026-r3-nintei-3,normal,content,C3-N-04,"収入済額は予算現額を187,703,356円上回った、翌年度繰越額はない",https://www.city.shinjuku.lg.jp/content/000466363.pdf,bf72b81818b347ddea3acb02c079dd6b773a5d842337516b7bca9ba55d8c9e36,歳入合計・歳出合計,"歳 入 合 計 27,841,480,000 28,226,006,880 28,029,183,356 55,392,350 159,876,594 187,703,356 … 歳 出 合 計 27,841,480,000 27,272,698,949 0 568,781,051 568,781,051",supported,c9a46878459b1f530738901ef8b1a8df6181fd0c39b0241e5a79b4e607c898d1
shinjuku-2026-r3-nintei-3,normal,content,C3-N-05,主な歳入の款別収入済額,https://www.city.shinjuku.lg.jp/content/000466363.pdf,bf72b81818b347ddea3acb02c079dd6b773a5d842337516b7bca9ba55d8c9e36,歳入 款別,"3 国庫支出金 5,696,210,000 5,808,461,804 … 4 支払基金交付金 6,861,704,000 6,773,529,000 … 5 都支出金 3,801,421,000 3,748,492,540 … 7 繰入金 5,471,924,000 5,307,764,793 … 9 諸収入 18,135,000 29,152,009 28,390,760 0 761,249",supported,c9a46878459b1f530738901ef8b1a8df6181fd0c39b0241e5a79b4e607c898d1
shinjuku-2026-r3-nintei-3,normal,content,C3-N-06,介護保険料の収入済額,https://www.city.shinjuku.lg.jp/content/000466363.pdf,bf72b81818b347ddea3acb02c079dd6b773a5d842337516b7bca9ba55d8c9e36,歳入 1 介護保険料,"1 介護保険料 5,340,613,000 5,907,019,150 5,710,956,875 55,392,350 159,115,345 370,343,875",supported,c9a46878459b1f530738901ef8b1a8df6181fd0c39b0241e5a79b4e607c898d1
shinjuku-2026-r3-nintei-3,normal,content,C3-N-07,主な歳出の款別支出済額,https://www.city.shinjuku.lg.jp/content/000466363.pdf,bf72b81818b347ddea3acb02c079dd6b773a5d842337516b7bca9ba55d8c9e36,歳出 款別,"1 総務費 1,014,247,000 979,993,925 … 2 保険給付費 24,488,455,000 24,300,302,137 … 1 サービス等諸費 23,545,262,000 23,372,640,884 … 2 高額サービス費等 943,193,000 927,661,253 … 3 基金積立金 516,715,000 475,537,487 … 4 地域支援事業費 1,595,020,000 1,340,890,276 0 254,129,724 … 5 諸支出金 177,043,000 175,975,124 … 6 予備費 50,000,000 0 0 50,000,000",supported,c9a46878459b1f530738901ef8b1a8df6181fd0c39b0241e5a79b4e607c898d1
shinjuku-2026-r3-nintei-3,normal,content,C3-N-08,介護保険料の不納欠損額・収入未済額,https://www.city.shinjuku.lg.jp/content/000466363.pdf,bf72b81818b347ddea3acb02c079dd6b773a5d842337516b7bca9ba55d8c9e36,歳入 1 介護保険料,"1 介護保険料 5,340,613,000 5,907,019,150 5,710,956,875 55,392,350 159,115,345 370,343,875",supported,c9a46878459b1f530738901ef8b1a8df6181fd0c39b0241e5a79b4e607c898d1
shinjuku-2026-r3-nintei-3,normal,content,C3-N-09,"第65号議案の補正後の繰越金756,484千円と差引残額が千円単位で一致",https://www.city.shinjuku.lg.jp/content/000466338.pdf,4b752bcc4734c8c3cb427734125e18a27e48814520fa1ea9fe363fa03d8f2c5d,第65号議案 第1表 歳入 8 繰越金,"8 繰越金 19,450 737,034 756,484",supported,c9a46878459b1f530738901ef8b1a8df6181fd0c39b0241e5a79b4e607c898d1
shinjuku-2026-r3-nintei-3,normal,content,C3-N-10,決算書・実績報告は会計室のページに案内されている,https://www.city.shinjuku.lg.jp/kusei/kuseijoho01_001109_03.html,31b8240a9210c5965a74134fca286bef83cc7b5e9eb4bae326847e0a170a89d0,提出議案一覧ページ 決算認定,決算書・実績報告は会計室のページをご覧ください,supported,c9a46878459b1f530738901ef8b1a8df6181fd0c39b0241e5a79b4e607c898d1
shinjuku-2026-r3-nintei-3,normal,content,C3-N-11,令和8年第3回定例会（会期 9月16日〜10月15日）に提出された,https://www.city.shinjuku.lg.jp/kusei/kuseijoho01_001109_03.html,31b8240a9210c5965a74134fca286bef83cc7b5e9eb4bae326847e0a170a89d0,提出議案一覧ページ,令和8年第3回定例会（会期：9月16日～10月15日）提出案件概要を掲載しました,supported,c9a46878459b1f530738901ef8b1a8df6181fd0c39b0241e5a79b4e607c898d1
shinjuku-2026-r3-nintei-3,normal,content,C3-N-12,作成時点（令和8年9月30日）で議決結果は公表されていない,https://www.city.shinjuku.lg.jp/content/000466363.pdf,bf72b81818b347ddea3acb02c079dd6b773a5d842337516b7bca9ba55d8c9e36,審議状況,（作成時点の審議状況の記述であり、一次資料の記載による主張ではない）,needs_source,c9a46878459b1f530738901ef8b1a8df6181fd0c39b0241e5a79b4e607c898d1
shinjuku-2026-r3-nintei-3,normal,content,C3-N-13,差の理由・実績・内訳等は書かれていない,https://www.city.shinjuku.lg.jp/content/000466363.pdf,bf72b81818b347ddea3acb02c079dd6b773a5d842337516b7bca9ba55d8c9e36,出典に記載がない事項,（本件は解説本文が「一次資料に記載がない」と明示している箇所であり、事実主張ではない）,needs_source,c9a46878459b1f530738901ef8b1a8df6181fd0c39b0241e5a79b4e607c898d1
shinjuku-2026-r3-nintei-3,hard,title,C3-HT-01,見出し: 案件名,https://www.city.shinjuku.lg.jp/content/000466363.pdf,bf72b81818b347ddea3acb02c079dd6b773a5d842337516b7bca9ba55d8c9e36,表題,令和７年度 新宿区介護保険特別会計歳入歳出決算書,supported,b651ec7853f60ce2b46fbcf6abb7ab4cfaf55b92e83ef017d3d3b50ec839b9ea
shinjuku-2026-r3-nintei-3,hard,summary,C3-HS-01,要約: 予算現額・収入済額・支出済額・不用額,https://www.city.shinjuku.lg.jp/content/000466363.pdf,bf72b81818b347ddea3acb02c079dd6b773a5d842337516b7bca9ba55d8c9e36,歳入合計・歳出合計,"歳 入 合 計 27,841,480,000 28,226,006,880 28,029,183,356 55,392,350 159,876,594 187,703,356 … 歳 出 合 計 27,841,480,000 27,272,698,949 0 568,781,051 568,781,051",supported,b651ec7853f60ce2b46fbcf6abb7ab4cfaf55b92e83ef017d3d3b50ec839b9ea
shinjuku-2026-r3-nintei-3,hard,summary,C3-HS-02,要約: 歳入歳出差引残額とうち基金繰入額,https://www.city.shinjuku.lg.jp/content/000466363.pdf,bf72b81818b347ddea3acb02c079dd6b773a5d842337516b7bca9ba55d8c9e36,歳入歳出差引残額,歳入歳出差引残額 ７５６，４８４，４０７円 … うち基金繰入額 ０００，０００，０００円,supported,b651ec7853f60ce2b46fbcf6abb7ab4cfaf55b92e83ef017d3d3b50ec839b9ea
shinjuku-2026-r3-nintei-3,hard,content,C3-H-01,提出日・提出者,https://www.city.shinjuku.lg.jp/content/000466363.pdf,bf72b81818b347ddea3acb02c079dd6b773a5d842337516b7bca9ba55d8c9e36,議案書末尾,令和８年９月１６日提出 … 新宿区長 吉住 健一,supported,b651ec7853f60ce2b46fbcf6abb7ab4cfaf55b92e83ef017d3d3b50ec839b9ea
shinjuku-2026-r3-nintei-3,hard,content,C3-H-02,件名,https://www.city.shinjuku.lg.jp/content/000466363.pdf,bf72b81818b347ddea3acb02c079dd6b773a5d842337516b7bca9ba55d8c9e36,表題,令和７年度 新宿区介護保険特別会計歳入歳出決算書,supported,b651ec7853f60ce2b46fbcf6abb7ab4cfaf55b92e83ef017d3d3b50ec839b9ea
shinjuku-2026-r3-nintei-3,hard,content,C3-H-03,款別の決算額（PDFから機械抽出し、各列の款の合計が総計と一致することを確認）,https://www.city.shinjuku.lg.jp/content/000466363.pdf,bf72b81818b347ddea3acb02c079dd6b773a5d842337516b7bca9ba55d8c9e36,歳入合計・歳出合計,"歳 入 合 計 27,841,480,000 28,226,006,880 28,029,183,356 55,392,350 159,876,594 187,703,356 … 歳 出 合 計 27,841,480,000 27,272,698,949 0 568,781,051 568,781,051",supported,b651ec7853f60ce2b46fbcf6abb7ab4cfaf55b92e83ef017d3d3b50ec839b9ea
shinjuku-2026-r3-nintei-3,hard,content,C3-H-04,歳入歳出差引残額とうち基金繰入額,https://www.city.shinjuku.lg.jp/content/000466363.pdf,bf72b81818b347ddea3acb02c079dd6b773a5d842337516b7bca9ba55d8c9e36,歳入歳出差引残額,歳入歳出差引残額 ７５６，４８４，４０７円 … うち基金繰入額 ０００，０００，０００円,supported,b651ec7853f60ce2b46fbcf6abb7ab4cfaf55b92e83ef017d3d3b50ec839b9ea
shinjuku-2026-r3-nintei-3,hard,content,C3-H-05,不納欠損額はすべて介護保険料、収入未済額の内訳,https://www.city.shinjuku.lg.jp/content/000466363.pdf,bf72b81818b347ddea3acb02c079dd6b773a5d842337516b7bca9ba55d8c9e36,歳入 1 介護保険料,"1 介護保険料 5,340,613,000 5,907,019,150 5,710,956,875 55,392,350 159,115,345 370,343,875",supported,b651ec7853f60ce2b46fbcf6abb7ab4cfaf55b92e83ef017d3d3b50ec839b9ea
shinjuku-2026-r3-nintei-3,hard,content,C3-H-06,"収入未済額のうち諸収入761,249円",https://www.city.shinjuku.lg.jp/content/000466363.pdf,bf72b81818b347ddea3acb02c079dd6b773a5d842337516b7bca9ba55d8c9e36,歳入 款別,"3 国庫支出金 5,696,210,000 5,808,461,804 … 4 支払基金交付金 6,861,704,000 6,773,529,000 … 5 都支出金 3,801,421,000 3,748,492,540 … 7 繰入金 5,471,924,000 5,307,764,793 … 9 諸収入 18,135,000 29,152,009 28,390,760 0 761,249",supported,b651ec7853f60ce2b46fbcf6abb7ab4cfaf55b92e83ef017d3d3b50ec839b9ea
shinjuku-2026-r3-nintei-3,hard,content,C3-H-07,保険給付費の項別、地域支援事業費の不用額、基金積立金、予備費,https://www.city.shinjuku.lg.jp/content/000466363.pdf,bf72b81818b347ddea3acb02c079dd6b773a5d842337516b7bca9ba55d8c9e36,歳出 款別,"1 総務費 1,014,247,000 979,993,925 … 2 保険給付費 24,488,455,000 24,300,302,137 … 1 サービス等諸費 23,545,262,000 23,372,640,884 … 2 高額サービス費等 943,193,000 927,661,253 … 3 基金積立金 516,715,000 475,537,487 … 4 地域支援事業費 1,595,020,000 1,340,890,276 0 254,129,724 … 5 諸支出金 177,043,000 175,975,124 … 6 予備費 50,000,000 0 0 50,000,000",supported,b651ec7853f60ce2b46fbcf6abb7ab4cfaf55b92e83ef017d3d3b50ec839b9ea
shinjuku-2026-r3-nintei-3,hard,content,C3-H-08,"第65号議案の補正後の繰越金756,484千円",https://www.city.shinjuku.lg.jp/content/000466338.pdf,4b752bcc4734c8c3cb427734125e18a27e48814520fa1ea9fe363fa03d8f2c5d,第65号議案 第1表 歳入 8 繰越金,"8 繰越金 19,450 737,034 756,484",supported,b651ec7853f60ce2b46fbcf6abb7ab4cfaf55b92e83ef017d3d3b50ec839b9ea
shinjuku-2026-r3-nintei-3,hard,content,C3-H-09,決算書・実績報告の案内,https://www.city.shinjuku.lg.jp/kusei/kuseijoho01_001109_03.html,31b8240a9210c5965a74134fca286bef83cc7b5e9eb4bae326847e0a170a89d0,提出議案一覧ページ 決算認定,決算書・実績報告は会計室のページをご覧ください,supported,b651ec7853f60ce2b46fbcf6abb7ab4cfaf55b92e83ef017d3d3b50ec839b9ea
shinjuku-2026-r3-nintei-3,hard,content,C3-H-10,令和8年第3回定例会（会期 9月16日〜10月15日）に提出された,https://www.city.shinjuku.lg.jp/kusei/kuseijoho01_001109_03.html,31b8240a9210c5965a74134fca286bef83cc7b5e9eb4bae326847e0a170a89d0,提出議案一覧ページ,令和8年第3回定例会（会期：9月16日～10月15日）提出案件概要を掲載しました,supported,b651ec7853f60ce2b46fbcf6abb7ab4cfaf55b92e83ef017d3d3b50ec839b9ea
shinjuku-2026-r3-nintei-3,hard,content,C3-H-11,作成時点（令和8年9月30日）で議決結果は公表されていない,https://www.city.shinjuku.lg.jp/content/000466363.pdf,bf72b81818b347ddea3acb02c079dd6b773a5d842337516b7bca9ba55d8c9e36,審議状況,（作成時点の審議状況の記述であり、一次資料の記載による主張ではない）,needs_source,b651ec7853f60ce2b46fbcf6abb7ab4cfaf55b92e83ef017d3d3b50ec839b9ea
shinjuku-2026-r3-nintei-3,hard,content,C3-H-12,差の理由・事業別決算・内訳・監査意見等は資料にない,https://www.city.shinjuku.lg.jp/content/000466363.pdf,bf72b81818b347ddea3acb02c079dd6b773a5d842337516b7bca9ba55d8c9e36,出典に記載がない事項,（本件は解説本文が「一次資料に記載がない」と明示している箇所であり、事実主張ではない）,needs_source,b651ec7853f60ce2b46fbcf6abb7ab4cfaf55b92e83ef017d3d3b50ec839b9ea
shinjuku-2026-r3-nintei-4,easy,title,C4-ET-01,見出し: 令和7年度（2025年度）の決算,https://www.city.shinjuku.lg.jp/content/000466364.pdf,efc1829cec7f568aa20adecd45008c473ab293b49cacb875b8e06a0589e17cb8,歳入合計・歳出合計,"歳 入 合 計 9,395,875,000 9,406,015,865 9,315,702,765 16,450,200 88,182,000 △80,172,235 … 歳 出 合 計 9,395,875,000 9,312,423,258 0 83,451,742 83,451,742",supported,cfbd2346325d09ec6a4d1430c9ca7759f54e7337cc2cd063bbcdd5e8510f5b53
shinjuku-2026-r3-nintei-4,easy,summary,C4-ES-01,要約: 収入済額・支出済額・差引残額,https://www.city.shinjuku.lg.jp/content/000466364.pdf,efc1829cec7f568aa20adecd45008c473ab293b49cacb875b8e06a0589e17cb8,歳入歳出差引残額,歳入歳出差引残額 ３，２７９，５０７円 … うち基金繰入額 ００，０００，０００円,supported,cfbd2346325d09ec6a4d1430c9ca7759f54e7337cc2cd063bbcdd5e8510f5b53
shinjuku-2026-r3-nintei-4,easy,summary,C4-ES-02,要約: 議会が認定するかどうかを決める,https://www.city.shinjuku.lg.jp/content/000466364.pdf,efc1829cec7f568aa20adecd45008c473ab293b49cacb875b8e06a0589e17cb8,表題,令和７年度 新宿区後期高齢者医療特別会計歳入歳出決算書,supported,cfbd2346325d09ec6a4d1430c9ca7759f54e7337cc2cd063bbcdd5e8510f5b53
shinjuku-2026-r3-nintei-4,easy,content,C4-E-01,令和7年度（2025年度）の決算の認定を求める案件,https://www.city.shinjuku.lg.jp/content/000466364.pdf,efc1829cec7f568aa20adecd45008c473ab293b49cacb875b8e06a0589e17cb8,表題,令和７年度 新宿区後期高齢者医療特別会計歳入歳出決算書,supported,cfbd2346325d09ec6a4d1430c9ca7759f54e7337cc2cd063bbcdd5e8510f5b53
shinjuku-2026-r3-nintei-4,easy,content,C4-E-02,区長が2026年9月16日に提出,https://www.city.shinjuku.lg.jp/content/000466364.pdf,efc1829cec7f568aa20adecd45008c473ab293b49cacb875b8e06a0589e17cb8,議案書末尾,令和８年９月１６日提出 … 新宿区長 吉住 健一,supported,cfbd2346325d09ec6a4d1430c9ca7759f54e7337cc2cd063bbcdd5e8510f5b53
shinjuku-2026-r3-nintei-4,easy,content,C4-E-03,予算現額・収入済額・支出済額,https://www.city.shinjuku.lg.jp/content/000466364.pdf,efc1829cec7f568aa20adecd45008c473ab293b49cacb875b8e06a0589e17cb8,歳入合計・歳出合計,"歳 入 合 計 9,395,875,000 9,406,015,865 9,315,702,765 16,450,200 88,182,000 △80,172,235 … 歳 出 合 計 9,395,875,000 9,312,423,258 0 83,451,742 83,451,742",supported,cfbd2346325d09ec6a4d1430c9ca7759f54e7337cc2cd063bbcdd5e8510f5b53
shinjuku-2026-r3-nintei-4,easy,content,C4-E-04,歳入歳出差引残額,https://www.city.shinjuku.lg.jp/content/000466364.pdf,efc1829cec7f568aa20adecd45008c473ab293b49cacb875b8e06a0589e17cb8,歳入歳出差引残額,歳入歳出差引残額 ３，２７９，５０７円 … うち基金繰入額 ００，０００，０００円,supported,cfbd2346325d09ec6a4d1430c9ca7759f54e7337cc2cd063bbcdd5e8510f5b53
shinjuku-2026-r3-nintei-4,easy,content,C4-E-05,後期高齢者医療保険料の収入済額・収入未済額・不納欠損額,https://www.city.shinjuku.lg.jp/content/000466364.pdf,efc1829cec7f568aa20adecd45008c473ab293b49cacb875b8e06a0589e17cb8,歳入 1 後期高齢者医療保険料,"1 後期高齢者医療保険料 5,545,934,000 5,619,100,400 5,528,787,300 16,450,200 88,182,000 △17,146,700",supported,cfbd2346325d09ec6a4d1430c9ca7759f54e7337cc2cd063bbcdd5e8510f5b53
shinjuku-2026-r3-nintei-4,easy,content,C4-E-06,"最大の支出は広域連合納付金88億1,916万2,591円",https://www.city.shinjuku.lg.jp/content/000466364.pdf,efc1829cec7f568aa20adecd45008c473ab293b49cacb875b8e06a0589e17cb8,歳出 款別,"1 総務費 322,297,000 303,314,423 … 2 広域連合納付金 8,859,394,000 8,819,162,591 … 3 後期高齢者支援事業費 190,850,000 178,145,544 … 4 諸支出金 13,334,000 11,800,700 … 5 予備費 10,000,000 0 0 10,000,000",supported,cfbd2346325d09ec6a4d1430c9ca7759f54e7337cc2cd063bbcdd5e8510f5b53
shinjuku-2026-r3-nintei-4,easy,content,C4-E-07,議案の資料は表だけで、提出議案一覧ページは決算書・実績報告を会計室のページに案内している,https://www.city.shinjuku.lg.jp/kusei/kuseijoho01_001109_03.html,31b8240a9210c5965a74134fca286bef83cc7b5e9eb4bae326847e0a170a89d0,提出議案一覧ページ 決算認定,決算書・実績報告は会計室のページをご覧ください,supported,cfbd2346325d09ec6a4d1430c9ca7759f54e7337cc2cd063bbcdd5e8510f5b53
shinjuku-2026-r3-nintei-4,easy,content,C4-E-08,令和8年第3回定例会（会期 9月16日〜10月15日）に提出された,https://www.city.shinjuku.lg.jp/kusei/kuseijoho01_001109_03.html,31b8240a9210c5965a74134fca286bef83cc7b5e9eb4bae326847e0a170a89d0,提出議案一覧ページ,令和8年第3回定例会（会期：9月16日～10月15日）提出案件概要を掲載しました,supported,cfbd2346325d09ec6a4d1430c9ca7759f54e7337cc2cd063bbcdd5e8510f5b53
shinjuku-2026-r3-nintei-4,easy,content,C4-E-09,作成時点（令和8年9月30日）で議決結果は公表されていない,https://www.city.shinjuku.lg.jp/content/000466364.pdf,efc1829cec7f568aa20adecd45008c473ab293b49cacb875b8e06a0589e17cb8,審議状況,（作成時点の審議状況の記述であり、一次資料の記載による主張ではない）,needs_source,cfbd2346325d09ec6a4d1430c9ca7759f54e7337cc2cd063bbcdd5e8510f5b53
shinjuku-2026-r3-nintei-4,easy,content,C4-E-10,差の理由・事業ごとの成果・対象人数等は書かれていない,https://www.city.shinjuku.lg.jp/content/000466364.pdf,efc1829cec7f568aa20adecd45008c473ab293b49cacb875b8e06a0589e17cb8,出典に記載がない事項,（本件は解説本文が「一次資料に記載がない」と明示している箇所であり、事実主張ではない）,needs_source,cfbd2346325d09ec6a4d1430c9ca7759f54e7337cc2cd063bbcdd5e8510f5b53
shinjuku-2026-r3-nintei-4,normal,title,C4-NT-01,見出し: 令和7年度の決算の認定,https://www.city.shinjuku.lg.jp/content/000466364.pdf,efc1829cec7f568aa20adecd45008c473ab293b49cacb875b8e06a0589e17cb8,表題,令和７年度 新宿区後期高齢者医療特別会計歳入歳出決算書,supported,613aa110fb6ea9a782019ddaa68d87a171ad93da05f88a04f355672826b9b95d
shinjuku-2026-r3-nintei-4,normal,summary,C4-NS-01,要約: 議会の認定を求める案件,https://www.city.shinjuku.lg.jp/content/000466364.pdf,efc1829cec7f568aa20adecd45008c473ab293b49cacb875b8e06a0589e17cb8,表題,令和７年度 新宿区後期高齢者医療特別会計歳入歳出決算書,supported,613aa110fb6ea9a782019ddaa68d87a171ad93da05f88a04f355672826b9b95d
shinjuku-2026-r3-nintei-4,normal,summary,C4-NS-02,要約: 収入済額・支出済額・差引残額,https://www.city.shinjuku.lg.jp/content/000466364.pdf,efc1829cec7f568aa20adecd45008c473ab293b49cacb875b8e06a0589e17cb8,歳入歳出差引残額,歳入歳出差引残額 ３，２７９，５０７円 … うち基金繰入額 ００，０００，０００円,supported,613aa110fb6ea9a782019ddaa68d87a171ad93da05f88a04f355672826b9b95d
shinjuku-2026-r3-nintei-4,normal,summary,C4-NS-03,要約: 予算現額・収入済額・支出済額,https://www.city.shinjuku.lg.jp/content/000466364.pdf,efc1829cec7f568aa20adecd45008c473ab293b49cacb875b8e06a0589e17cb8,歳入合計・歳出合計,"歳 入 合 計 9,395,875,000 9,406,015,865 9,315,702,765 16,450,200 88,182,000 △80,172,235 … 歳 出 合 計 9,395,875,000 9,312,423,258 0 83,451,742 83,451,742",supported,613aa110fb6ea9a782019ddaa68d87a171ad93da05f88a04f355672826b9b95d
shinjuku-2026-r3-nintei-4,normal,content,C4-N-01,令和8年9月16日に区長が提出,https://www.city.shinjuku.lg.jp/content/000466364.pdf,efc1829cec7f568aa20adecd45008c473ab293b49cacb875b8e06a0589e17cb8,議案書末尾,令和８年９月１６日提出 … 新宿区長 吉住 健一,supported,613aa110fb6ea9a782019ddaa68d87a171ad93da05f88a04f355672826b9b95d
shinjuku-2026-r3-nintei-4,normal,content,C4-N-02,決算の全体（予算現額・調定額・収入済額・不納欠損額・収入未済額・支出済額・翌年度繰越額・不用額）,https://www.city.shinjuku.lg.jp/content/000466364.pdf,efc1829cec7f568aa20adecd45008c473ab293b49cacb875b8e06a0589e17cb8,歳入合計・歳出合計,"歳 入 合 計 9,395,875,000 9,406,015,865 9,315,702,765 16,450,200 88,182,000 △80,172,235 … 歳 出 合 計 9,395,875,000 9,312,423,258 0 83,451,742 83,451,742",supported,613aa110fb6ea9a782019ddaa68d87a171ad93da05f88a04f355672826b9b95d
shinjuku-2026-r3-nintei-4,normal,content,C4-N-03,歳入歳出差引残額とうち基金繰入額,https://www.city.shinjuku.lg.jp/content/000466364.pdf,efc1829cec7f568aa20adecd45008c473ab293b49cacb875b8e06a0589e17cb8,歳入歳出差引残額,歳入歳出差引残額 ３，２７９，５０７円 … うち基金繰入額 ００，０００，０００円,supported,613aa110fb6ea9a782019ddaa68d87a171ad93da05f88a04f355672826b9b95d
shinjuku-2026-r3-nintei-4,normal,content,C4-N-04,翌年度繰越額はない,https://www.city.shinjuku.lg.jp/content/000466364.pdf,efc1829cec7f568aa20adecd45008c473ab293b49cacb875b8e06a0589e17cb8,歳入合計・歳出合計,"歳 入 合 計 9,395,875,000 9,406,015,865 9,315,702,765 16,450,200 88,182,000 △80,172,235 … 歳 出 合 計 9,395,875,000 9,312,423,258 0 83,451,742 83,451,742",supported,613aa110fb6ea9a782019ddaa68d87a171ad93da05f88a04f355672826b9b95d
shinjuku-2026-r3-nintei-4,normal,content,C4-N-05,主な歳入の款別収入済額（保険料）,https://www.city.shinjuku.lg.jp/content/000466364.pdf,efc1829cec7f568aa20adecd45008c473ab293b49cacb875b8e06a0589e17cb8,歳入 1 後期高齢者医療保険料,"1 後期高齢者医療保険料 5,545,934,000 5,619,100,400 5,528,787,300 16,450,200 88,182,000 △17,146,700",supported,613aa110fb6ea9a782019ddaa68d87a171ad93da05f88a04f355672826b9b95d
shinjuku-2026-r3-nintei-4,normal,content,C4-N-06,主な歳入の款別収入済額（繰入金・諸収入）,https://www.city.shinjuku.lg.jp/content/000466364.pdf,efc1829cec7f568aa20adecd45008c473ab293b49cacb875b8e06a0589e17cb8,歳入 款別,"3 繰入金 3,645,425,000 3,572,471,057 3,572,471,057 … 5 諸収入 188,677,000 198,602,469 198,602,469",supported,613aa110fb6ea9a782019ddaa68d87a171ad93da05f88a04f355672826b9b95d
shinjuku-2026-r3-nintei-4,normal,content,C4-N-07,主な歳出の款別支出済額,https://www.city.shinjuku.lg.jp/content/000466364.pdf,efc1829cec7f568aa20adecd45008c473ab293b49cacb875b8e06a0589e17cb8,歳出 款別,"1 総務費 322,297,000 303,314,423 … 2 広域連合納付金 8,859,394,000 8,819,162,591 … 3 後期高齢者支援事業費 190,850,000 178,145,544 … 4 諸支出金 13,334,000 11,800,700 … 5 予備費 10,000,000 0 0 10,000,000",supported,613aa110fb6ea9a782019ddaa68d87a171ad93da05f88a04f355672826b9b95d
shinjuku-2026-r3-nintei-4,normal,content,C4-N-08,"第66号議案の繰越金12,312千円→3,279千円と差引残額が千円単位で一致",https://www.city.shinjuku.lg.jp/content/000466339.pdf,889fa0c8ad9d30aa8b21759b9d9f905cad51b23ba11f7bcb96baeac07d0f67e1,第66号議案 第1表 歳入 4 繰越金,"4 繰越金 12,312 △9,033 3,279",supported,613aa110fb6ea9a782019ddaa68d87a171ad93da05f88a04f355672826b9b95d
shinjuku-2026-r3-nintei-4,normal,content,C4-N-09,決算書・実績報告は会計室のページに案内されている,https://www.city.shinjuku.lg.jp/kusei/kuseijoho01_001109_03.html,31b8240a9210c5965a74134fca286bef83cc7b5e9eb4bae326847e0a170a89d0,提出議案一覧ページ 決算認定,決算書・実績報告は会計室のページをご覧ください,supported,613aa110fb6ea9a782019ddaa68d87a171ad93da05f88a04f355672826b9b95d
shinjuku-2026-r3-nintei-4,normal,content,C4-N-10,令和8年第3回定例会（会期 9月16日〜10月15日）に提出された,https://www.city.shinjuku.lg.jp/kusei/kuseijoho01_001109_03.html,31b8240a9210c5965a74134fca286bef83cc7b5e9eb4bae326847e0a170a89d0,提出議案一覧ページ,令和8年第3回定例会（会期：9月16日～10月15日）提出案件概要を掲載しました,supported,613aa110fb6ea9a782019ddaa68d87a171ad93da05f88a04f355672826b9b95d
shinjuku-2026-r3-nintei-4,normal,content,C4-N-11,作成時点（令和8年9月30日）で議決結果は公表されていない,https://www.city.shinjuku.lg.jp/content/000466364.pdf,efc1829cec7f568aa20adecd45008c473ab293b49cacb875b8e06a0589e17cb8,審議状況,（作成時点の審議状況の記述であり、一次資料の記載による主張ではない）,needs_source,613aa110fb6ea9a782019ddaa68d87a171ad93da05f88a04f355672826b9b95d
shinjuku-2026-r3-nintei-4,normal,content,C4-N-12,差の理由・実績・内訳等は書かれていない,https://www.city.shinjuku.lg.jp/content/000466364.pdf,efc1829cec7f568aa20adecd45008c473ab293b49cacb875b8e06a0589e17cb8,出典に記載がない事項,（本件は解説本文が「一次資料に記載がない」と明示している箇所であり、事実主張ではない）,needs_source,613aa110fb6ea9a782019ddaa68d87a171ad93da05f88a04f355672826b9b95d
shinjuku-2026-r3-nintei-4,hard,title,C4-HT-01,見出し: 案件名,https://www.city.shinjuku.lg.jp/content/000466364.pdf,efc1829cec7f568aa20adecd45008c473ab293b49cacb875b8e06a0589e17cb8,表題,令和７年度 新宿区後期高齢者医療特別会計歳入歳出決算書,supported,00575ca06048c2f5c8f0bb58ae1b1c6f56ac7b1268e3ff3cddb0cf0a4032e2f5
shinjuku-2026-r3-nintei-4,hard,summary,C4-HS-01,要約: 予算現額・収入済額・支出済額・不用額,https://www.city.shinjuku.lg.jp/content/000466364.pdf,efc1829cec7f568aa20adecd45008c473ab293b49cacb875b8e06a0589e17cb8,歳入合計・歳出合計,"歳 入 合 計 9,395,875,000 9,406,015,865 9,315,702,765 16,450,200 88,182,000 △80,172,235 … 歳 出 合 計 9,395,875,000 9,312,423,258 0 83,451,742 83,451,742",supported,00575ca06048c2f5c8f0bb58ae1b1c6f56ac7b1268e3ff3cddb0cf0a4032e2f5
shinjuku-2026-r3-nintei-4,hard,summary,C4-HS-02,要約: 歳入歳出差引残額とうち基金繰入額,https://www.city.shinjuku.lg.jp/content/000466364.pdf,efc1829cec7f568aa20adecd45008c473ab293b49cacb875b8e06a0589e17cb8,歳入歳出差引残額,歳入歳出差引残額 ３，２７９，５０７円 … うち基金繰入額 ００，０００，０００円,supported,00575ca06048c2f5c8f0bb58ae1b1c6f56ac7b1268e3ff3cddb0cf0a4032e2f5
shinjuku-2026-r3-nintei-4,hard,content,C4-H-01,提出日・提出者,https://www.city.shinjuku.lg.jp/content/000466364.pdf,efc1829cec7f568aa20adecd45008c473ab293b49cacb875b8e06a0589e17cb8,議案書末尾,令和８年９月１６日提出 … 新宿区長 吉住 健一,supported,00575ca06048c2f5c8f0bb58ae1b1c6f56ac7b1268e3ff3cddb0cf0a4032e2f5
shinjuku-2026-r3-nintei-4,hard,content,C4-H-02,件名,https://www.city.shinjuku.lg.jp/content/000466364.pdf,efc1829cec7f568aa20adecd45008c473ab293b49cacb875b8e06a0589e17cb8,表題,令和７年度 新宿区後期高齢者医療特別会計歳入歳出決算書,supported,00575ca06048c2f5c8f0bb58ae1b1c6f56ac7b1268e3ff3cddb0cf0a4032e2f5
shinjuku-2026-r3-nintei-4,hard,content,C4-H-03,款別の決算額（PDFから機械抽出し、各列の款の合計が総計と一致することを確認）,https://www.city.shinjuku.lg.jp/content/000466364.pdf,efc1829cec7f568aa20adecd45008c473ab293b49cacb875b8e06a0589e17cb8,歳入合計・歳出合計,"歳 入 合 計 9,395,875,000 9,406,015,865 9,315,702,765 16,450,200 88,182,000 △80,172,235 … 歳 出 合 計 9,395,875,000 9,312,423,258 0 83,451,742 83,451,742",supported,00575ca06048c2f5c8f0bb58ae1b1c6f56ac7b1268e3ff3cddb0cf0a4032e2f5
shinjuku-2026-r3-nintei-4,hard,content,C4-H-04,歳入歳出差引残額とうち基金繰入額,https://www.city.shinjuku.lg.jp/content/000466364.pdf,efc1829cec7f568aa20adecd45008c473ab293b49cacb875b8e06a0589e17cb8,歳入歳出差引残額,歳入歳出差引残額 ３，２７９，５０７円 … うち基金繰入額 ００，０００，０００円,supported,00575ca06048c2f5c8f0bb58ae1b1c6f56ac7b1268e3ff3cddb0cf0a4032e2f5
shinjuku-2026-r3-nintei-4,hard,content,C4-H-05,不納欠損額・収入未済額はいずれも保険料,https://www.city.shinjuku.lg.jp/content/000466364.pdf,efc1829cec7f568aa20adecd45008c473ab293b49cacb875b8e06a0589e17cb8,歳入 1 後期高齢者医療保険料,"1 後期高齢者医療保険料 5,545,934,000 5,619,100,400 5,528,787,300 16,450,200 88,182,000 △17,146,700",supported,00575ca06048c2f5c8f0bb58ae1b1c6f56ac7b1268e3ff3cddb0cf0a4032e2f5
shinjuku-2026-r3-nintei-4,hard,content,C4-H-06,広域連合納付金が支出済額の大半、予備費は全額不用,https://www.city.shinjuku.lg.jp/content/000466364.pdf,efc1829cec7f568aa20adecd45008c473ab293b49cacb875b8e06a0589e17cb8,歳出 款別,"1 総務費 322,297,000 303,314,423 … 2 広域連合納付金 8,859,394,000 8,819,162,591 … 3 後期高齢者支援事業費 190,850,000 178,145,544 … 4 諸支出金 13,334,000 11,800,700 … 5 予備費 10,000,000 0 0 10,000,000",supported,00575ca06048c2f5c8f0bb58ae1b1c6f56ac7b1268e3ff3cddb0cf0a4032e2f5
shinjuku-2026-r3-nintei-4,hard,content,C4-H-07,第66号議案の繰越金の補正,https://www.city.shinjuku.lg.jp/content/000466339.pdf,889fa0c8ad9d30aa8b21759b9d9f905cad51b23ba11f7bcb96baeac07d0f67e1,第66号議案 第1表 歳入 4 繰越金,"4 繰越金 12,312 △9,033 3,279",supported,00575ca06048c2f5c8f0bb58ae1b1c6f56ac7b1268e3ff3cddb0cf0a4032e2f5
shinjuku-2026-r3-nintei-4,hard,content,C4-H-08,決算書・実績報告の案内,https://www.city.shinjuku.lg.jp/kusei/kuseijoho01_001109_03.html,31b8240a9210c5965a74134fca286bef83cc7b5e9eb4bae326847e0a170a89d0,提出議案一覧ページ 決算認定,決算書・実績報告は会計室のページをご覧ください,supported,00575ca06048c2f5c8f0bb58ae1b1c6f56ac7b1268e3ff3cddb0cf0a4032e2f5
shinjuku-2026-r3-nintei-4,hard,content,C4-H-09,令和8年第3回定例会（会期 9月16日〜10月15日）に提出された,https://www.city.shinjuku.lg.jp/kusei/kuseijoho01_001109_03.html,31b8240a9210c5965a74134fca286bef83cc7b5e9eb4bae326847e0a170a89d0,提出議案一覧ページ,令和8年第3回定例会（会期：9月16日～10月15日）提出案件概要を掲載しました,supported,00575ca06048c2f5c8f0bb58ae1b1c6f56ac7b1268e3ff3cddb0cf0a4032e2f5
shinjuku-2026-r3-nintei-4,hard,content,C4-H-10,作成時点（令和8年9月30日）で議決結果は公表されていない,https://www.city.shinjuku.lg.jp/content/000466364.pdf,efc1829cec7f568aa20adecd45008c473ab293b49cacb875b8e06a0589e17cb8,審議状況,（作成時点の審議状況の記述であり、一次資料の記載による主張ではない）,needs_source,00575ca06048c2f5c8f0bb58ae1b1c6f56ac7b1268e3ff3cddb0cf0a4032e2f5
shinjuku-2026-r3-nintei-4,hard,content,C4-H-11,差の理由・事業別決算・内訳・監査意見等は資料にない,https://www.city.shinjuku.lg.jp/content/000466364.pdf,efc1829cec7f568aa20adecd45008c473ab293b49cacb875b8e06a0589e17cb8,出典に記載がない事項,（本件は解説本文が「一次資料に記載がない」と明示している箇所であり、事実主張ではない）,needs_source,00575ca06048c2f5c8f0bb58ae1b1c6f56ac7b1268e3ff3cddb0cf0a4032e2f5
shinjuku-2026-r3-gian-67,easy,title,R67-ET-01,見出し: 公益通報の条例で引用する法律の条項を直す,https://www.city.shinjuku.lg.jp/content/000464786.pdf,b84b187d220daad484c279199f10899ad35777e2a122875a21faf939baf87e0c,条例関係 第67号議案,公益通報者保護法の改正に伴い、引用条項を改める。 … 令和 8 年 12 月 1 日,supported,146c987e3752e92107aa81ec2d363efa256d756a3fb70d42903be1230f09b10e
shinjuku-2026-r3-gian-67,easy,summary,R67-ES-01,要約: 公益通報者保護法の改正に伴い引用条項を改める,https://www.city.shinjuku.lg.jp/content/000464786.pdf,b84b187d220daad484c279199f10899ad35777e2a122875a21faf939baf87e0c,条例関係 第67号議案,公益通報者保護法の改正に伴い、引用条項を改める。 … 令和 8 年 12 月 1 日,supported,146c987e3752e92107aa81ec2d363efa256d756a3fb70d42903be1230f09b10e
shinjuku-2026-r3-gian-67,easy,summary,R67-ES-02,要約: 施行は2026年12月1日,https://www.city.shinjuku.lg.jp/content/000466368.pdf,d520b33ce64ec71e9e35f4bda8b8c19857adaf2d5a59d462dcbe0a84a65be00e,附則,この条例は、令和8年12月1日から施行する,supported,146c987e3752e92107aa81ec2d363efa256d756a3fb70d42903be1230f09b10e
shinjuku-2026-r3-gian-67,easy,content,R67-E-01,対象は新宿区公益保護のための通報に関する条例,https://www.city.shinjuku.lg.jp/content/000466368.pdf,d520b33ce64ec71e9e35f4bda8b8c19857adaf2d5a59d462dcbe0a84a65be00e,議案本文,新宿区公益保護のための通報に関する条例（平成18年新宿区条例第39号）の一部を次のように改正する,supported,146c987e3752e92107aa81ec2d363efa256d756a3fb70d42903be1230f09b10e
shinjuku-2026-r3-gian-67,easy,content,R67-E-02,公益通報者保護法の改正に伴い規定を整備する,https://www.city.shinjuku.lg.jp/content/000466368.pdf,d520b33ce64ec71e9e35f4bda8b8c19857adaf2d5a59d462dcbe0a84a65be00e,提案理由,公益通報者保護法の一部を改正する法律（令和7年法律第62号）の施行に伴い、規定を整備する必要があるため,supported,146c987e3752e92107aa81ec2d363efa256d756a3fb70d42903be1230f09b10e
shinjuku-2026-r3-gian-67,easy,content,R67-E-03,区長が2026年9月16日に提出,https://www.city.shinjuku.lg.jp/content/000466368.pdf,d520b33ce64ec71e9e35f4bda8b8c19857adaf2d5a59d462dcbe0a84a65be00e,議案本文 提出日・提出者,令和８年９月１６日 … 新宿区長 … 吉住 … 健一,supported,146c987e3752e92107aa81ec2d363efa256d756a3fb70d42903be1230f09b10e
shinjuku-2026-r3-gian-67,easy,content,R67-E-04,第3条第1項の「第3条第1号」を「第3条第1項第1号」にする,https://www.city.shinjuku.lg.jp/content/000466368.pdf,d520b33ce64ec71e9e35f4bda8b8c19857adaf2d5a59d462dcbe0a84a65be00e,改め文,第3条第1項中「第3条第1号」を「第3条第1項第1号」に改める,supported,146c987e3752e92107aa81ec2d363efa256d756a3fb70d42903be1230f09b10e
shinjuku-2026-r3-gian-67,easy,content,R67-E-05,施行は2026年（令和8年）12月1日（火）,https://www.city.shinjuku.lg.jp/content/000466368.pdf,d520b33ce64ec71e9e35f4bda8b8c19857adaf2d5a59d462dcbe0a84a65be00e,附則,この条例は、令和8年12月1日から施行する,supported,146c987e3752e92107aa81ec2d363efa256d756a3fb70d42903be1230f09b10e
shinjuku-2026-r3-gian-67,easy,content,R67-E-06,令和8年第3回定例会（会期 9月16日〜10月15日）に提出された,https://www.city.shinjuku.lg.jp/kusei/kuseijoho01_001109_03.html,31b8240a9210c5965a74134fca286bef83cc7b5e9eb4bae326847e0a170a89d0,提出議案一覧ページ,令和8年第3回定例会（会期：9月16日～10月15日）提出案件概要を掲載しました,supported,146c987e3752e92107aa81ec2d363efa256d756a3fb70d42903be1230f09b10e
shinjuku-2026-r3-gian-67,easy,content,R67-E-07,作成時点（令和8年9月30日）で議決結果は公表されていない,https://www.city.shinjuku.lg.jp/content/000466368.pdf,d520b33ce64ec71e9e35f4bda8b8c19857adaf2d5a59d462dcbe0a84a65be00e,審議状況,（作成時点の審議状況の記述であり、一次資料の記載による主張ではない）,needs_source,146c987e3752e92107aa81ec2d363efa256d756a3fb70d42903be1230f09b10e
shinjuku-2026-r3-gian-67,easy,content,R67-E-08,法律の改正内容、区の通報制度への影響は書かれていない,https://www.city.shinjuku.lg.jp/content/000466368.pdf,d520b33ce64ec71e9e35f4bda8b8c19857adaf2d5a59d462dcbe0a84a65be00e,出典に記載がない事項,（本件は解説本文が「一次資料に記載がない」と明示している箇所であり、事実主張ではない）,needs_source,146c987e3752e92107aa81ec2d363efa256d756a3fb70d42903be1230f09b10e
shinjuku-2026-r3-gian-67,normal,title,R67-NT-01,見出し: 公益通報者保護法の改正に合わせた引用条項の整理,https://www.city.shinjuku.lg.jp/content/000464786.pdf,b84b187d220daad484c279199f10899ad35777e2a122875a21faf939baf87e0c,条例関係 第67号議案,公益通報者保護法の改正に伴い、引用条項を改める。 … 令和 8 年 12 月 1 日,supported,5dcc94ae72a65cd6378ea9c8ae8a9698da725a787e7aaf6abbd58c32f7990c22
shinjuku-2026-r3-gian-67,normal,summary,R67-NS-01,要約: 引用する条項の表記を改める,https://www.city.shinjuku.lg.jp/content/000466368.pdf,d520b33ce64ec71e9e35f4bda8b8c19857adaf2d5a59d462dcbe0a84a65be00e,改め文,第3条第1項中「第3条第1号」を「第3条第1項第1号」に改める,supported,5dcc94ae72a65cd6378ea9c8ae8a9698da725a787e7aaf6abbd58c32f7990c22
shinjuku-2026-r3-gian-67,normal,summary,R67-NS-02,要約: 施行は令和8年12月1日,https://www.city.shinjuku.lg.jp/content/000466368.pdf,d520b33ce64ec71e9e35f4bda8b8c19857adaf2d5a59d462dcbe0a84a65be00e,附則,この条例は、令和8年12月1日から施行する,supported,5dcc94ae72a65cd6378ea9c8ae8a9698da725a787e7aaf6abbd58c32f7990c22
shinjuku-2026-r3-gian-67,normal,content,R67-N-01,令和8年9月16日に区長が提出、平成18年新宿区条例第39号の一部改正,https://www.city.shinjuku.lg.jp/content/000466368.pdf,d520b33ce64ec71e9e35f4bda8b8c19857adaf2d5a59d462dcbe0a84a65be00e,議案本文,新宿区公益保護のための通報に関する条例（平成18年新宿区条例第39号）の一部を次のように改正する,supported,5dcc94ae72a65cd6378ea9c8ae8a9698da725a787e7aaf6abbd58c32f7990c22
shinjuku-2026-r3-gian-67,normal,content,R67-N-02,提出日,https://www.city.shinjuku.lg.jp/content/000466368.pdf,d520b33ce64ec71e9e35f4bda8b8c19857adaf2d5a59d462dcbe0a84a65be00e,議案本文 提出日・提出者,令和８年９月１６日 … 新宿区長 … 吉住 … 健一,supported,5dcc94ae72a65cd6378ea9c8ae8a9698da725a787e7aaf6abbd58c32f7990c22
shinjuku-2026-r3-gian-67,normal,content,R67-N-03,概要資料の説明,https://www.city.shinjuku.lg.jp/content/000464786.pdf,b84b187d220daad484c279199f10899ad35777e2a122875a21faf939baf87e0c,条例関係 第67号議案,公益通報者保護法の改正に伴い、引用条項を改める。 … 令和 8 年 12 月 1 日,supported,5dcc94ae72a65cd6378ea9c8ae8a9698da725a787e7aaf6abbd58c32f7990c22
shinjuku-2026-r3-gian-67,normal,content,R67-N-04,改め文は1か所,https://www.city.shinjuku.lg.jp/content/000466368.pdf,d520b33ce64ec71e9e35f4bda8b8c19857adaf2d5a59d462dcbe0a84a65be00e,改め文,第3条第1項中「第3条第1号」を「第3条第1項第1号」に改める,supported,5dcc94ae72a65cd6378ea9c8ae8a9698da725a787e7aaf6abbd58c32f7990c22
shinjuku-2026-r3-gian-67,normal,content,R67-N-05,提案理由,https://www.city.shinjuku.lg.jp/content/000466368.pdf,d520b33ce64ec71e9e35f4bda8b8c19857adaf2d5a59d462dcbe0a84a65be00e,提案理由,公益通報者保護法の一部を改正する法律（令和7年法律第62号）の施行に伴い、規定を整備する必要があるため,supported,5dcc94ae72a65cd6378ea9c8ae8a9698da725a787e7aaf6abbd58c32f7990c22
shinjuku-2026-r3-gian-67,normal,content,R67-N-06,施行日,https://www.city.shinjuku.lg.jp/content/000466368.pdf,d520b33ce64ec71e9e35f4bda8b8c19857adaf2d5a59d462dcbe0a84a65be00e,附則,この条例は、令和8年12月1日から施行する,supported,5dcc94ae72a65cd6378ea9c8ae8a9698da725a787e7aaf6abbd58c32f7990c22
shinjuku-2026-r3-gian-67,normal,content,R67-N-07,令和8年第3回定例会（会期 9月16日〜10月15日）に提出された,https://www.city.shinjuku.lg.jp/kusei/kuseijoho01_001109_03.html,31b8240a9210c5965a74134fca286bef83cc7b5e9eb4bae326847e0a170a89d0,提出議案一覧ページ,令和8年第3回定例会（会期：9月16日～10月15日）提出案件概要を掲載しました,supported,5dcc94ae72a65cd6378ea9c8ae8a9698da725a787e7aaf6abbd58c32f7990c22
shinjuku-2026-r3-gian-67,normal,content,R67-N-08,作成時点（令和8年9月30日）で議決結果は公表されていない,https://www.city.shinjuku.lg.jp/content/000466368.pdf,d520b33ce64ec71e9e35f4bda8b8c19857adaf2d5a59d462dcbe0a84a65be00e,審議状況,（作成時点の審議状況の記述であり、一次資料の記載による主張ではない）,needs_source,5dcc94ae72a65cd6378ea9c8ae8a9698da725a787e7aaf6abbd58c32f7990c22
shinjuku-2026-r3-gian-67,normal,content,R67-N-09,法改正の内容、運用の変化は書かれていない,https://www.city.shinjuku.lg.jp/content/000466368.pdf,d520b33ce64ec71e9e35f4bda8b8c19857adaf2d5a59d462dcbe0a84a65be00e,出典に記載がない事項,（本件は解説本文が「一次資料に記載がない」と明示している箇所であり、事実主張ではない）,needs_source,5dcc94ae72a65cd6378ea9c8ae8a9698da725a787e7aaf6abbd58c32f7990c22
shinjuku-2026-r3-gian-67,hard,title,R67-HT-01,見出し: 議案名,https://www.city.shinjuku.lg.jp/content/000466368.pdf,d520b33ce64ec71e9e35f4bda8b8c19857adaf2d5a59d462dcbe0a84a65be00e,議案本文,新宿区公益保護のための通報に関する条例（平成18年新宿区条例第39号）の一部を次のように改正する,supported,9a09425611033c15491e71471a17a36d61d9819d57ecd95373e1f5bfff7477b1
shinjuku-2026-r3-gian-67,hard,summary,R67-HS-01,要約: 改め文の内容,https://www.city.shinjuku.lg.jp/content/000466368.pdf,d520b33ce64ec71e9e35f4bda8b8c19857adaf2d5a59d462dcbe0a84a65be00e,改め文,第3条第1項中「第3条第1号」を「第3条第1項第1号」に改める,supported,9a09425611033c15491e71471a17a36d61d9819d57ecd95373e1f5bfff7477b1
shinjuku-2026-r3-gian-67,hard,summary,R67-HS-02,要約: 提案理由,https://www.city.shinjuku.lg.jp/content/000466368.pdf,d520b33ce64ec71e9e35f4bda8b8c19857adaf2d5a59d462dcbe0a84a65be00e,提案理由,公益通報者保護法の一部を改正する法律（令和7年法律第62号）の施行に伴い、規定を整備する必要があるため,supported,9a09425611033c15491e71471a17a36d61d9819d57ecd95373e1f5bfff7477b1
shinjuku-2026-r3-gian-67,hard,summary,R67-HS-03,要約: 施行日,https://www.city.shinjuku.lg.jp/content/000466368.pdf,d520b33ce64ec71e9e35f4bda8b8c19857adaf2d5a59d462dcbe0a84a65be00e,附則,この条例は、令和8年12月1日から施行する,supported,9a09425611033c15491e71471a17a36d61d9819d57ecd95373e1f5bfff7477b1
shinjuku-2026-r3-gian-67,hard,content,R67-H-01,提出日・提出者,https://www.city.shinjuku.lg.jp/content/000466368.pdf,d520b33ce64ec71e9e35f4bda8b8c19857adaf2d5a59d462dcbe0a84a65be00e,議案本文 提出日・提出者,令和８年９月１６日 … 新宿区長 … 吉住 … 健一,supported,9a09425611033c15491e71471a17a36d61d9819d57ecd95373e1f5bfff7477b1
shinjuku-2026-r3-gian-67,hard,content,R67-H-02,対象条例,https://www.city.shinjuku.lg.jp/content/000466368.pdf,d520b33ce64ec71e9e35f4bda8b8c19857adaf2d5a59d462dcbe0a84a65be00e,議案本文,新宿区公益保護のための通報に関する条例（平成18年新宿区条例第39号）の一部を次のように改正する,supported,9a09425611033c15491e71471a17a36d61d9819d57ecd95373e1f5bfff7477b1
shinjuku-2026-r3-gian-67,hard,content,R67-H-03,提案理由,https://www.city.shinjuku.lg.jp/content/000466368.pdf,d520b33ce64ec71e9e35f4bda8b8c19857adaf2d5a59d462dcbe0a84a65be00e,提案理由,公益通報者保護法の一部を改正する法律（令和7年法律第62号）の施行に伴い、規定を整備する必要があるため,supported,9a09425611033c15491e71471a17a36d61d9819d57ecd95373e1f5bfff7477b1
shinjuku-2026-r3-gian-67,hard,content,R67-H-04,改め文,https://www.city.shinjuku.lg.jp/content/000466368.pdf,d520b33ce64ec71e9e35f4bda8b8c19857adaf2d5a59d462dcbe0a84a65be00e,改め文,第3条第1項中「第3条第1号」を「第3条第1項第1号」に改める,supported,9a09425611033c15491e71471a17a36d61d9819d57ecd95373e1f5bfff7477b1
shinjuku-2026-r3-gian-67,hard,content,R67-H-05,概要資料の説明と施行日,https://www.city.shinjuku.lg.jp/content/000464786.pdf,b84b187d220daad484c279199f10899ad35777e2a122875a21faf939baf87e0c,条例関係 第67号議案,公益通報者保護法の改正に伴い、引用条項を改める。 … 令和 8 年 12 月 1 日,supported,9a09425611033c15491e71471a17a36d61d9819d57ecd95373e1f5bfff7477b1
shinjuku-2026-r3-gian-67,hard,content,R67-H-06,附則,https://www.city.shinjuku.lg.jp/content/000466368.pdf,d520b33ce64ec71e9e35f4bda8b8c19857adaf2d5a59d462dcbe0a84a65be00e,附則,この条例は、令和8年12月1日から施行する,supported,9a09425611033c15491e71471a17a36d61d9819d57ecd95373e1f5bfff7477b1
shinjuku-2026-r3-gian-67,hard,content,R67-H-07,令和8年第3回定例会（会期 9月16日〜10月15日）に提出された,https://www.city.shinjuku.lg.jp/kusei/kuseijoho01_001109_03.html,31b8240a9210c5965a74134fca286bef83cc7b5e9eb4bae326847e0a170a89d0,提出議案一覧ページ,令和8年第3回定例会（会期：9月16日～10月15日）提出案件概要を掲載しました,supported,9a09425611033c15491e71471a17a36d61d9819d57ecd95373e1f5bfff7477b1
shinjuku-2026-r3-gian-67,hard,content,R67-H-08,作成時点（令和8年9月30日）で議決結果は公表されていない,https://www.city.shinjuku.lg.jp/content/000466368.pdf,d520b33ce64ec71e9e35f4bda8b8c19857adaf2d5a59d462dcbe0a84a65be00e,審議状況,（作成時点の審議状況の記述であり、一次資料の記載による主張ではない）,needs_source,9a09425611033c15491e71471a17a36d61d9819d57ecd95373e1f5bfff7477b1
shinjuku-2026-r3-gian-67,hard,content,R67-H-09,確定条文、法改正の内容・施行日、運用への影響は資料にない,https://www.city.shinjuku.lg.jp/content/000466368.pdf,d520b33ce64ec71e9e35f4bda8b8c19857adaf2d5a59d462dcbe0a84a65be00e,出典に記載がない事項,（本件は解説本文が「一次資料に記載がない」と明示している箇所であり、事実主張ではない）,needs_source,9a09425611033c15491e71471a17a36d61d9819d57ecd95373e1f5bfff7477b1
shinjuku-2026-r3-gian-68,easy,title,R68-ET-01,見出し: 多文化共生プラザが四谷三栄町に移る,https://www.city.shinjuku.lg.jp/content/000466369.pdf,f548c9c3523dd19df3725ddeff69c8a44629704d0b008194ba5723bd2751fa37,改め文 第2条,第2条中「東京都新宿区歌舞伎町二丁目44番1号」を「東京都新宿区四谷三栄町10番16号」に改める,supported,53979299f8b9926d70887e61a6a4aa0684180e177918039309254f7c368e8508
shinjuku-2026-r3-gian-68,easy,summary,R68-ES-01,要約: 四谷三栄町に移る,https://www.city.shinjuku.lg.jp/content/000466369.pdf,f548c9c3523dd19df3725ddeff69c8a44629704d0b008194ba5723bd2751fa37,改め文 第2条,第2条中「東京都新宿区歌舞伎町二丁目44番1号」を「東京都新宿区四谷三栄町10番16号」に改める,supported,53979299f8b9926d70887e61a6a4aa0684180e177918039309254f7c368e8508
shinjuku-2026-r3-gian-68,easy,summary,R68-ES-02,要約: 利用時間は午後5時まで,https://www.city.shinjuku.lg.jp/content/000466369.pdf,f548c9c3523dd19df3725ddeff69c8a44629704d0b008194ba5723bd2751fa37,改め文 第5条,第5条中「午後9時」を「午後5時」に改める,supported,53979299f8b9926d70887e61a6a4aa0684180e177918039309254f7c368e8508
shinjuku-2026-r3-gian-68,easy,summary,R68-ES-03,要約: 土日と休日が休館日になる,https://www.city.shinjuku.lg.jp/content/000466369.pdf,f548c9c3523dd19df3725ddeff69c8a44629704d0b008194ba5723bd2751fa37,改め文 第6条,第6条第1号を次のように改める。 … 日曜日及び土曜日 … 第6条第2号中「の日」の次に「（前号に掲げる日を除く。）」を加え、同号を同条第3号とし、同条第1号の次に次の1号を加える。 … 国民の祝日に関する法律（昭和23年法律第178号）に規定する休日,supported,53979299f8b9926d70887e61a6a4aa0684180e177918039309254f7c368e8508
shinjuku-2026-r3-gian-68,easy,summary,R68-ES-04,要約: 施行は2027年4月5日,https://www.city.shinjuku.lg.jp/content/000466369.pdf,f548c9c3523dd19df3725ddeff69c8a44629704d0b008194ba5723bd2751fa37,附則,この条例は、令和9年4月5日から施行する,supported,53979299f8b9926d70887e61a6a4aa0684180e177918039309254f7c368e8508
shinjuku-2026-r3-gian-68,easy,content,R68-E-01,プラザの移転に伴い、位置・利用時間・休館日を変える,https://www.city.shinjuku.lg.jp/content/000466369.pdf,f548c9c3523dd19df3725ddeff69c8a44629704d0b008194ba5723bd2751fa37,提案理由,新宿区立しんじゅく多文化共生プラザの移転に伴い、その位置、利用時間及び休館日を変更する必要があるため,supported,53979299f8b9926d70887e61a6a4aa0684180e177918039309254f7c368e8508
shinjuku-2026-r3-gian-68,easy,content,R68-E-02,区長が2026年9月16日に提出,https://www.city.shinjuku.lg.jp/content/000466369.pdf,f548c9c3523dd19df3725ddeff69c8a44629704d0b008194ba5723bd2751fa37,議案本文 提出日・提出者,令和８年９月１６日 … 新宿区長 … 吉住 … 健一,supported,53979299f8b9926d70887e61a6a4aa0684180e177918039309254f7c368e8508
shinjuku-2026-r3-gian-68,easy,content,R68-E-03,場所: 歌舞伎町二丁目44番1号 → 四谷三栄町10番16号,https://www.city.shinjuku.lg.jp/content/000466369.pdf,f548c9c3523dd19df3725ddeff69c8a44629704d0b008194ba5723bd2751fa37,改め文 第2条,第2条中「東京都新宿区歌舞伎町二丁目44番1号」を「東京都新宿区四谷三栄町10番16号」に改める,supported,53979299f8b9926d70887e61a6a4aa0684180e177918039309254f7c368e8508
shinjuku-2026-r3-gian-68,easy,content,R68-E-04,時間: 午前9時〜午後9時 → 午前9時〜午後5時,https://www.city.shinjuku.lg.jp/content/000464786.pdf,b84b187d220daad484c279199f10899ad35777e2a122875a21faf939baf87e0c,条例関係 第68号議案 現行・移転後,位置 東京都新宿区歌舞伎町二 東京都新宿区四谷三栄町 … 丁目 44 番 1 号 10 番 16 号 … 利用時間 午前9時から午後9時まで 午前9時から午後5時まで … 休館日 ⑴ 毎月の第 2 水曜日及 ⑴ 日曜日及び土曜日 … ⑵ 国民の祝日に関する … 12月29日から翌年の … 令 和 9 年 4 月 5 日,supported,53979299f8b9926d70887e61a6a4aa0684180e177918039309254f7c368e8508
shinjuku-2026-r3-gian-68,easy,content,R68-E-05,休館日: 第2・第4水曜日と年末年始 → 日曜日・土曜日、休日、年末年始,https://www.city.shinjuku.lg.jp/content/000464786.pdf,b84b187d220daad484c279199f10899ad35777e2a122875a21faf939baf87e0c,条例関係 第68号議案 現行・移転後,位置 東京都新宿区歌舞伎町二 東京都新宿区四谷三栄町 … 丁目 44 番 1 号 10 番 16 号 … 利用時間 午前9時から午後9時まで 午前9時から午後5時まで … 休館日 ⑴ 毎月の第 2 水曜日及 ⑴ 日曜日及び土曜日 … ⑵ 国民の祝日に関する … 12月29日から翌年の … 令 和 9 年 4 月 5 日,supported,53979299f8b9926d70887e61a6a4aa0684180e177918039309254f7c368e8508
shinjuku-2026-r3-gian-68,easy,content,R68-E-06,休館日の改め文,https://www.city.shinjuku.lg.jp/content/000466369.pdf,f548c9c3523dd19df3725ddeff69c8a44629704d0b008194ba5723bd2751fa37,改め文 第6条,第6条第1号を次のように改める。 … 日曜日及び土曜日 … 第6条第2号中「の日」の次に「（前号に掲げる日を除く。）」を加え、同号を同条第3号とし、同条第1号の次に次の1号を加える。 … 国民の祝日に関する法律（昭和23年法律第178号）に規定する休日,supported,53979299f8b9926d70887e61a6a4aa0684180e177918039309254f7c368e8508
shinjuku-2026-r3-gian-68,easy,content,R68-E-07,施行は2027年（令和9年）4月5日（月）,https://www.city.shinjuku.lg.jp/content/000466369.pdf,f548c9c3523dd19df3725ddeff69c8a44629704d0b008194ba5723bd2751fa37,附則,この条例は、令和9年4月5日から施行する,supported,53979299f8b9926d70887e61a6a4aa0684180e177918039309254f7c368e8508
shinjuku-2026-r3-gian-68,easy,content,R68-E-08,令和8年第3回定例会（会期 9月16日〜10月15日）に提出された,https://www.city.shinjuku.lg.jp/kusei/kuseijoho01_001109_03.html,31b8240a9210c5965a74134fca286bef83cc7b5e9eb4bae326847e0a170a89d0,提出議案一覧ページ,令和8年第3回定例会（会期：9月16日～10月15日）提出案件概要を掲載しました,supported,53979299f8b9926d70887e61a6a4aa0684180e177918039309254f7c368e8508
shinjuku-2026-r3-gian-68,easy,content,R68-E-09,作成時点（令和8年9月30日）で議決結果は公表されていない,https://www.city.shinjuku.lg.jp/content/000466369.pdf,f548c9c3523dd19df3725ddeff69c8a44629704d0b008194ba5723bd2751fa37,審議状況,（作成時点の審議状況の記述であり、一次資料の記載による主張ではない）,needs_source,53979299f8b9926d70887e61a6a4aa0684180e177918039309254f7c368e8508
shinjuku-2026-r3-gian-68,easy,content,R68-E-10,移転の理由、新しい建物、事業の変化、現在地の利用期限は書かれていない,https://www.city.shinjuku.lg.jp/content/000466369.pdf,f548c9c3523dd19df3725ddeff69c8a44629704d0b008194ba5723bd2751fa37,出典に記載がない事項,（本件は解説本文が「一次資料に記載がない」と明示している箇所であり、事実主張ではない）,needs_source,53979299f8b9926d70887e61a6a4aa0684180e177918039309254f7c368e8508
shinjuku-2026-r3-gian-68,normal,title,R68-NT-01,見出し: 移転で場所・利用時間・休館日を変更,https://www.city.shinjuku.lg.jp/content/000466369.pdf,f548c9c3523dd19df3725ddeff69c8a44629704d0b008194ba5723bd2751fa37,提案理由,新宿区立しんじゅく多文化共生プラザの移転に伴い、その位置、利用時間及び休館日を変更する必要があるため,supported,bac469a2554a8bf99a0cd132c0048129742ddee8f40736ddef655d5d758cdb55
shinjuku-2026-r3-gian-68,normal,summary,R68-NS-01,要約: 位置の変更,https://www.city.shinjuku.lg.jp/content/000466369.pdf,f548c9c3523dd19df3725ddeff69c8a44629704d0b008194ba5723bd2751fa37,改め文 第2条,第2条中「東京都新宿区歌舞伎町二丁目44番1号」を「東京都新宿区四谷三栄町10番16号」に改める,supported,bac469a2554a8bf99a0cd132c0048129742ddee8f40736ddef655d5d758cdb55
shinjuku-2026-r3-gian-68,normal,summary,R68-NS-02,要約: 利用時間の短縮,https://www.city.shinjuku.lg.jp/content/000466369.pdf,f548c9c3523dd19df3725ddeff69c8a44629704d0b008194ba5723bd2751fa37,改め文 第5条,第5条中「午後9時」を「午後5時」に改める,supported,bac469a2554a8bf99a0cd132c0048129742ddee8f40736ddef655d5d758cdb55
shinjuku-2026-r3-gian-68,normal,summary,R68-NS-03,要約: 休館日の変更,https://www.city.shinjuku.lg.jp/content/000466369.pdf,f548c9c3523dd19df3725ddeff69c8a44629704d0b008194ba5723bd2751fa37,改め文 第6条,第6条第1号を次のように改める。 … 日曜日及び土曜日 … 第6条第2号中「の日」の次に「（前号に掲げる日を除く。）」を加え、同号を同条第3号とし、同条第1号の次に次の1号を加える。 … 国民の祝日に関する法律（昭和23年法律第178号）に規定する休日,supported,bac469a2554a8bf99a0cd132c0048129742ddee8f40736ddef655d5d758cdb55
shinjuku-2026-r3-gian-68,normal,summary,R68-NS-04,要約: 施行日,https://www.city.shinjuku.lg.jp/content/000466369.pdf,f548c9c3523dd19df3725ddeff69c8a44629704d0b008194ba5723bd2751fa37,附則,この条例は、令和9年4月5日から施行する,supported,bac469a2554a8bf99a0cd132c0048129742ddee8f40736ddef655d5d758cdb55
shinjuku-2026-r3-gian-68,normal,content,R68-N-01,令和8年9月16日に区長が提出、平成17年新宿区条例第37号,https://www.city.shinjuku.lg.jp/content/000466369.pdf,f548c9c3523dd19df3725ddeff69c8a44629704d0b008194ba5723bd2751fa37,議案本文,新宿区立しんじゅく多文化共生プラザ条例（平成17年新宿区条例第37号）の一部を次のように改正する,supported,bac469a2554a8bf99a0cd132c0048129742ddee8f40736ddef655d5d758cdb55
shinjuku-2026-r3-gian-68,normal,content,R68-N-02,提出日,https://www.city.shinjuku.lg.jp/content/000466369.pdf,f548c9c3523dd19df3725ddeff69c8a44629704d0b008194ba5723bd2751fa37,議案本文 提出日・提出者,令和８年９月１６日 … 新宿区長 … 吉住 … 健一,supported,bac469a2554a8bf99a0cd132c0048129742ddee8f40736ddef655d5d758cdb55
shinjuku-2026-r3-gian-68,normal,content,R68-N-03,提案理由,https://www.city.shinjuku.lg.jp/content/000466369.pdf,f548c9c3523dd19df3725ddeff69c8a44629704d0b008194ba5723bd2751fa37,提案理由,新宿区立しんじゅく多文化共生プラザの移転に伴い、その位置、利用時間及び休館日を変更する必要があるため,supported,bac469a2554a8bf99a0cd132c0048129742ddee8f40736ddef655d5d758cdb55
shinjuku-2026-r3-gian-68,normal,content,R68-N-04,概要資料の現行・移転後の対比表,https://www.city.shinjuku.lg.jp/content/000464786.pdf,b84b187d220daad484c279199f10899ad35777e2a122875a21faf939baf87e0c,条例関係 第68号議案 現行・移転後,位置 東京都新宿区歌舞伎町二 東京都新宿区四谷三栄町 … 丁目 44 番 1 号 10 番 16 号 … 利用時間 午前9時から午後9時まで 午前9時から午後5時まで … 休館日 ⑴ 毎月の第 2 水曜日及 ⑴ 日曜日及び土曜日 … ⑵ 国民の祝日に関する … 12月29日から翌年の … 令 和 9 年 4 月 5 日,supported,bac469a2554a8bf99a0cd132c0048129742ddee8f40736ddef655d5d758cdb55
shinjuku-2026-r3-gian-68,normal,content,R68-N-05,利用時間12時間→8時間（午前9時〜午後9時／午後5時からの計算）、休館日の変化,https://www.city.shinjuku.lg.jp/content/000464786.pdf,b84b187d220daad484c279199f10899ad35777e2a122875a21faf939baf87e0c,条例関係 第68号議案 現行・移転後,位置 東京都新宿区歌舞伎町二 東京都新宿区四谷三栄町 … 丁目 44 番 1 号 10 番 16 号 … 利用時間 午前9時から午後9時まで 午前9時から午後5時まで … 休館日 ⑴ 毎月の第 2 水曜日及 ⑴ 日曜日及び土曜日 … ⑵ 国民の祝日に関する … 12月29日から翌年の … 令 和 9 年 4 月 5 日,supported,bac469a2554a8bf99a0cd132c0048129742ddee8f40736ddef655d5d758cdb55
shinjuku-2026-r3-gian-68,normal,content,R68-N-06,施行日,https://www.city.shinjuku.lg.jp/content/000466369.pdf,f548c9c3523dd19df3725ddeff69c8a44629704d0b008194ba5723bd2751fa37,附則,この条例は、令和9年4月5日から施行する,supported,bac469a2554a8bf99a0cd132c0048129742ddee8f40736ddef655d5d758cdb55
shinjuku-2026-r3-gian-68,normal,content,R68-N-07,令和8年第3回定例会（会期 9月16日〜10月15日）に提出された,https://www.city.shinjuku.lg.jp/kusei/kuseijoho01_001109_03.html,31b8240a9210c5965a74134fca286bef83cc7b5e9eb4bae326847e0a170a89d0,提出議案一覧ページ,令和8年第3回定例会（会期：9月16日～10月15日）提出案件概要を掲載しました,supported,bac469a2554a8bf99a0cd132c0048129742ddee8f40736ddef655d5d758cdb55
shinjuku-2026-r3-gian-68,normal,content,R68-N-08,作成時点（令和8年9月30日）で議決結果は公表されていない,https://www.city.shinjuku.lg.jp/content/000466369.pdf,f548c9c3523dd19df3725ddeff69c8a44629704d0b008194ba5723bd2751fa37,審議状況,（作成時点の審議状況の記述であり、一次資料の記載による主張ではない）,needs_source,bac469a2554a8bf99a0cd132c0048129742ddee8f40736ddef655d5d758cdb55
shinjuku-2026-r3-gian-68,normal,content,R68-N-09,移転の理由等は書かれていない,https://www.city.shinjuku.lg.jp/content/000466369.pdf,f548c9c3523dd19df3725ddeff69c8a44629704d0b008194ba5723bd2751fa37,出典に記載がない事項,（本件は解説本文が「一次資料に記載がない」と明示している箇所であり、事実主張ではない）,needs_source,bac469a2554a8bf99a0cd132c0048129742ddee8f40736ddef655d5d758cdb55
shinjuku-2026-r3-gian-68,hard,title,R68-HT-01,見出し: 議案名,https://www.city.shinjuku.lg.jp/content/000466369.pdf,f548c9c3523dd19df3725ddeff69c8a44629704d0b008194ba5723bd2751fa37,議案本文,新宿区立しんじゅく多文化共生プラザ条例（平成17年新宿区条例第37号）の一部を次のように改正する,supported,90eee01e7a332487ea2818225973683317ea5e6973beeb54301d19e8d3a86499
shinjuku-2026-r3-gian-68,hard,summary,R68-HS-01,要約: 第2条・第5条・第6条の改正,https://www.city.shinjuku.lg.jp/content/000466369.pdf,f548c9c3523dd19df3725ddeff69c8a44629704d0b008194ba5723bd2751fa37,改め文 第2条,第2条中「東京都新宿区歌舞伎町二丁目44番1号」を「東京都新宿区四谷三栄町10番16号」に改める,supported,90eee01e7a332487ea2818225973683317ea5e6973beeb54301d19e8d3a86499
shinjuku-2026-r3-gian-68,hard,summary,R68-HS-02,要約: 利用時間の終期,https://www.city.shinjuku.lg.jp/content/000466369.pdf,f548c9c3523dd19df3725ddeff69c8a44629704d0b008194ba5723bd2751fa37,改め文 第5条,第5条中「午後9時」を「午後5時」に改める,supported,90eee01e7a332487ea2818225973683317ea5e6973beeb54301d19e8d3a86499
shinjuku-2026-r3-gian-68,hard,summary,R68-HS-03,要約: 休館日,https://www.city.shinjuku.lg.jp/content/000466369.pdf,f548c9c3523dd19df3725ddeff69c8a44629704d0b008194ba5723bd2751fa37,改め文 第6条,第6条第1号を次のように改める。 … 日曜日及び土曜日 … 第6条第2号中「の日」の次に「（前号に掲げる日を除く。）」を加え、同号を同条第3号とし、同条第1号の次に次の1号を加える。 … 国民の祝日に関する法律（昭和23年法律第178号）に規定する休日,supported,90eee01e7a332487ea2818225973683317ea5e6973beeb54301d19e8d3a86499
shinjuku-2026-r3-gian-68,hard,summary,R68-HS-04,要約: 施行日,https://www.city.shinjuku.lg.jp/content/000466369.pdf,f548c9c3523dd19df3725ddeff69c8a44629704d0b008194ba5723bd2751fa37,附則,この条例は、令和9年4月5日から施行する,supported,90eee01e7a332487ea2818225973683317ea5e6973beeb54301d19e8d3a86499
shinjuku-2026-r3-gian-68,hard,content,R68-H-01,提出日・提出者,https://www.city.shinjuku.lg.jp/content/000466369.pdf,f548c9c3523dd19df3725ddeff69c8a44629704d0b008194ba5723bd2751fa37,議案本文 提出日・提出者,令和８年９月１６日 … 新宿区長 … 吉住 … 健一,supported,90eee01e7a332487ea2818225973683317ea5e6973beeb54301d19e8d3a86499
shinjuku-2026-r3-gian-68,hard,content,R68-H-02,対象条例,https://www.city.shinjuku.lg.jp/content/000466369.pdf,f548c9c3523dd19df3725ddeff69c8a44629704d0b008194ba5723bd2751fa37,議案本文,新宿区立しんじゅく多文化共生プラザ条例（平成17年新宿区条例第37号）の一部を次のように改正する,supported,90eee01e7a332487ea2818225973683317ea5e6973beeb54301d19e8d3a86499
shinjuku-2026-r3-gian-68,hard,content,R68-H-03,提案理由,https://www.city.shinjuku.lg.jp/content/000466369.pdf,f548c9c3523dd19df3725ddeff69c8a44629704d0b008194ba5723bd2751fa37,提案理由,新宿区立しんじゅく多文化共生プラザの移転に伴い、その位置、利用時間及び休館日を変更する必要があるため,supported,90eee01e7a332487ea2818225973683317ea5e6973beeb54301d19e8d3a86499
shinjuku-2026-r3-gian-68,hard,content,R68-H-04,改め文 第2条,https://www.city.shinjuku.lg.jp/content/000466369.pdf,f548c9c3523dd19df3725ddeff69c8a44629704d0b008194ba5723bd2751fa37,改め文 第2条,第2条中「東京都新宿区歌舞伎町二丁目44番1号」を「東京都新宿区四谷三栄町10番16号」に改める,supported,90eee01e7a332487ea2818225973683317ea5e6973beeb54301d19e8d3a86499
shinjuku-2026-r3-gian-68,hard,content,R68-H-05,改め文 第5条,https://www.city.shinjuku.lg.jp/content/000466369.pdf,f548c9c3523dd19df3725ddeff69c8a44629704d0b008194ba5723bd2751fa37,改め文 第5条,第5条中「午後9時」を「午後5時」に改める,supported,90eee01e7a332487ea2818225973683317ea5e6973beeb54301d19e8d3a86499
shinjuku-2026-r3-gian-68,hard,content,R68-H-06,改め文 第6条,https://www.city.shinjuku.lg.jp/content/000466369.pdf,f548c9c3523dd19df3725ddeff69c8a44629704d0b008194ba5723bd2751fa37,改め文 第6条,第6条第1号を次のように改める。 … 日曜日及び土曜日 … 第6条第2号中「の日」の次に「（前号に掲げる日を除く。）」を加え、同号を同条第3号とし、同条第1号の次に次の1号を加える。 … 国民の祝日に関する法律（昭和23年法律第178号）に規定する休日,supported,90eee01e7a332487ea2818225973683317ea5e6973beeb54301d19e8d3a86499
shinjuku-2026-r3-gian-68,hard,content,R68-H-07,概要資料の現行・移転後,https://www.city.shinjuku.lg.jp/content/000464786.pdf,b84b187d220daad484c279199f10899ad35777e2a122875a21faf939baf87e0c,条例関係 第68号議案 現行・移転後,位置 東京都新宿区歌舞伎町二 東京都新宿区四谷三栄町 … 丁目 44 番 1 号 10 番 16 号 … 利用時間 午前9時から午後9時まで 午前9時から午後5時まで … 休館日 ⑴ 毎月の第 2 水曜日及 ⑴ 日曜日及び土曜日 … ⑵ 国民の祝日に関する … 12月29日から翌年の … 令 和 9 年 4 月 5 日,supported,90eee01e7a332487ea2818225973683317ea5e6973beeb54301d19e8d3a86499
shinjuku-2026-r3-gian-68,hard,content,R68-H-08,概要資料の説明,https://www.city.shinjuku.lg.jp/content/000464786.pdf,b84b187d220daad484c279199f10899ad35777e2a122875a21faf939baf87e0c,条例関係 第68号議案,新宿区立しんじゅく多文化共生プラザの移転に伴い、所要の … 改正を行う。,supported,90eee01e7a332487ea2818225973683317ea5e6973beeb54301d19e8d3a86499
shinjuku-2026-r3-gian-68,hard,content,R68-H-09,附則,https://www.city.shinjuku.lg.jp/content/000466369.pdf,f548c9c3523dd19df3725ddeff69c8a44629704d0b008194ba5723bd2751fa37,附則,この条例は、令和9年4月5日から施行する,supported,90eee01e7a332487ea2818225973683317ea5e6973beeb54301d19e8d3a86499
shinjuku-2026-r3-gian-68,hard,content,R68-H-10,令和8年第3回定例会（会期 9月16日〜10月15日）に提出された,https://www.city.shinjuku.lg.jp/kusei/kuseijoho01_001109_03.html,31b8240a9210c5965a74134fca286bef83cc7b5e9eb4bae326847e0a170a89d0,提出議案一覧ページ,令和8年第3回定例会（会期：9月16日～10月15日）提出案件概要を掲載しました,supported,90eee01e7a332487ea2818225973683317ea5e6973beeb54301d19e8d3a86499
shinjuku-2026-r3-gian-68,hard,content,R68-H-11,作成時点（令和8年9月30日）で議決結果は公表されていない,https://www.city.shinjuku.lg.jp/content/000466369.pdf,f548c9c3523dd19df3725ddeff69c8a44629704d0b008194ba5723bd2751fa37,審議状況,（作成時点の審議状況の記述であり、一次資料の記載による主張ではない）,needs_source,90eee01e7a332487ea2818225973683317ea5e6973beeb54301d19e8d3a86499
shinjuku-2026-r3-gian-68,hard,content,R68-H-12,移転の理由、施設概要、事業の変化、現在地の終了日、全文は資料にない,https://www.city.shinjuku.lg.jp/content/000466369.pdf,f548c9c3523dd19df3725ddeff69c8a44629704d0b008194ba5723bd2751fa37,出典に記載がない事項,（本件は解説本文が「一次資料に記載がない」と明示している箇所であり、事実主張ではない）,needs_source,90eee01e7a332487ea2818225973683317ea5e6973beeb54301d19e8d3a86499
shinjuku-2026-r3-gian-69,easy,title,R69-ET-01,見出し: 乳児等通園支援事業の利用料の決まりを変える,https://www.city.shinjuku.lg.jp/content/000466370.pdf,611cb3b6c801b5efea4e51cb58d02c258526877f687713e5636ba6026376fd10,改め文 第7条第3項,第7条第3項中「乳児等通園支援事業を利用した日において保護者が生活保護法（昭和25年法律第144号）第6条第1項に規定する被保護者である」を「次に掲げる」に、「無料とする」を「区長が別に定めるところによるものとする」に改め、同項に次の各号を加える,supported,0b596c036f55e4879e91f810f0a1335512968511ade86de57b5577aa590f00d1
shinjuku-2026-r3-gian-69,easy,summary,R69-ES-01,要約: 利用料の決まりを変える,https://www.city.shinjuku.lg.jp/content/000466370.pdf,611cb3b6c801b5efea4e51cb58d02c258526877f687713e5636ba6026376fd10,改め文 第7条第3項,第7条第3項中「乳児等通園支援事業を利用した日において保護者が生活保護法（昭和25年法律第144号）第6条第1項に規定する被保護者である」を「次に掲げる」に、「無料とする」を「区長が別に定めるところによるものとする」に改め、同項に次の各号を加える,supported,0b596c036f55e4879e91f810f0a1335512968511ade86de57b5577aa590f00d1
shinjuku-2026-r3-gian-69,easy,summary,R69-ES-02,要約: 生活困窮家庭等の利用料は区長が別に定める,https://www.city.shinjuku.lg.jp/content/000464786.pdf,b84b187d220daad484c279199f10899ad35777e2a122875a21faf939baf87e0c,条例関係 第69号議案,特定乳児等通園支援に要する費用の額の算定に関する基準 … （国告示）の適用等を踏まえ、区が実施する乳児等通園支援事 … 業の利用者の属する世帯が生活困窮家庭等である場合の利用 … 料は、区長が別に定めることとする。 … 公布の日,supported,0b596c036f55e4879e91f810f0a1335512968511ade86de57b5577aa590f00d1
shinjuku-2026-r3-gian-69,easy,summary,R69-ES-03,要約: 対象は4つの場合,https://www.city.shinjuku.lg.jp/content/000466370.pdf,611cb3b6c801b5efea4e51cb58d02c258526877f687713e5636ba6026376fd10,改め文 第7条第3項第4号,区長が対象乳幼児及び保護者の心身の状況及び養育環境等を踏まえ、第1項の規定により納付する利用料を軽減することが適当であると認める場合（前3号に掲げる場合を除く。）,supported,0b596c036f55e4879e91f810f0a1335512968511ade86de57b5577aa590f00d1
shinjuku-2026-r3-gian-69,easy,summary,R69-ES-04,要約: 公布の日から施行,https://www.city.shinjuku.lg.jp/content/000466370.pdf,611cb3b6c801b5efea4e51cb58d02c258526877f687713e5636ba6026376fd10,附則,この条例は、公布の日から施行する,supported,0b596c036f55e4879e91f810f0a1335512968511ade86de57b5577aa590f00d1
shinjuku-2026-r3-gian-69,easy,content,R69-E-01,区が実施する乳児等通園支援事業の利用料を改める,https://www.city.shinjuku.lg.jp/content/000466370.pdf,611cb3b6c801b5efea4e51cb58d02c258526877f687713e5636ba6026376fd10,提案理由,特定乳児等通園支援に要する費用の額の算定に関する基準（令和8年こども家庭庁告示第8号）の適用等を踏まえ、新宿区が実施する乳児等通園支援事業の利用料を改める必要があるため,supported,0b596c036f55e4879e91f810f0a1335512968511ade86de57b5577aa590f00d1
shinjuku-2026-r3-gian-69,easy,content,R69-E-02,区長が2026年9月16日に提出,https://www.city.shinjuku.lg.jp/content/000466370.pdf,611cb3b6c801b5efea4e51cb58d02c258526877f687713e5636ba6026376fd10,議案本文 提出日・提出者,令和８年９月１６日 … 新宿区長 … 吉住 … 健一,supported,0b596c036f55e4879e91f810f0a1335512968511ade86de57b5577aa590f00d1
shinjuku-2026-r3-gian-69,easy,content,R69-E-03,国の告示の適用等を踏まえ、生活困窮家庭等の利用料は区長が別に定める,https://www.city.shinjuku.lg.jp/content/000464786.pdf,b84b187d220daad484c279199f10899ad35777e2a122875a21faf939baf87e0c,条例関係 第69号議案,特定乳児等通園支援に要する費用の額の算定に関する基準 … （国告示）の適用等を踏まえ、区が実施する乳児等通園支援事 … 業の利用者の属する世帯が生活困窮家庭等である場合の利用 … 料は、区長が別に定めることとする。 … 公布の日,supported,0b596c036f55e4879e91f810f0a1335512968511ade86de57b5577aa590f00d1
shinjuku-2026-r3-gian-69,easy,content,R69-E-04,「無料とする」を「区長が別に定める」に改める（改め文から、被保護者の場合の規定と読み取れる範囲）,https://www.city.shinjuku.lg.jp/content/000466370.pdf,611cb3b6c801b5efea4e51cb58d02c258526877f687713e5636ba6026376fd10,改め文 第7条第3項,第7条第3項中「乳児等通園支援事業を利用した日において保護者が生活保護法（昭和25年法律第144号）第6条第1項に規定する被保護者である」を「次に掲げる」に、「無料とする」を「区長が別に定めるところによるものとする」に改め、同項に次の各号を加える,supported,0b596c036f55e4879e91f810f0a1335512968511ade86de57b5577aa590f00d1
shinjuku-2026-r3-gian-69,easy,content,R69-E-05,1: 生活保護の被保護者,https://www.city.shinjuku.lg.jp/content/000466370.pdf,611cb3b6c801b5efea4e51cb58d02c258526877f687713e5636ba6026376fd10,改め文 第7条第3項第1号,乳児等通園支援事業を利用した日において保護者が生活保護法（昭和25年法律第144号）第6条第1項に規定する被保護者である場合,supported,0b596c036f55e4879e91f810f0a1335512968511ade86de57b5577aa590f00d1
shinjuku-2026-r3-gian-69,easy,content,R69-E-06,2: 世帯全員が住民税非課税,https://www.city.shinjuku.lg.jp/content/000466370.pdf,611cb3b6c801b5efea4e51cb58d02c258526877f687713e5636ba6026376fd10,改め文 第7条第3項第2号,保護者及び保護者と同一の世帯に属する者が地方税法（昭和25年法律第226号）の規定による区市町村民税を課されない者である場合（前号に掲げる場合を除く。）,supported,0b596c036f55e4879e91f810f0a1335512968511ade86de57b5577aa590f00d1
shinjuku-2026-r3-gian-69,easy,content,R69-E-07,"3: 所得割の合算額が7万7,101円未満",https://www.city.shinjuku.lg.jp/content/000466370.pdf,611cb3b6c801b5efea4e51cb58d02c258526877f687713e5636ba6026376fd10,改め文 第7条第3項第3号,"保護者及び保護者と同一の世帯に属する者について地方税法の規定による区市町村民税の同法第292条第1項第2号に規定する所得割の額を合算した額が … 7万 … 7,101円未満である場合 … （前2号に掲げる場合を除く。）",supported,0b596c036f55e4879e91f810f0a1335512968511ade86de57b5577aa590f00d1
shinjuku-2026-r3-gian-69,easy,content,R69-E-08,4: 区長が軽減を適当と認める場合,https://www.city.shinjuku.lg.jp/content/000466370.pdf,611cb3b6c801b5efea4e51cb58d02c258526877f687713e5636ba6026376fd10,改め文 第7条第3項第4号,区長が対象乳幼児及び保護者の心身の状況及び養育環境等を踏まえ、第1項の規定により納付する利用料を軽減することが適当であると認める場合（前3号に掲げる場合を除く。）,supported,0b596c036f55e4879e91f810f0a1335512968511ade86de57b5577aa590f00d1
shinjuku-2026-r3-gian-69,easy,content,R69-E-09,第4項から第6項を削る,https://www.city.shinjuku.lg.jp/content/000466370.pdf,611cb3b6c801b5efea4e51cb58d02c258526877f687713e5636ba6026376fd10,改め文,第7条第4項から第6項までを削る,supported,0b596c036f55e4879e91f810f0a1335512968511ade86de57b5577aa590f00d1
shinjuku-2026-r3-gian-69,easy,content,R69-E-10,公布の日から施行,https://www.city.shinjuku.lg.jp/content/000466370.pdf,611cb3b6c801b5efea4e51cb58d02c258526877f687713e5636ba6026376fd10,附則,この条例は、公布の日から施行する,supported,0b596c036f55e4879e91f810f0a1335512968511ade86de57b5577aa590f00d1
shinjuku-2026-r3-gian-69,easy,content,R69-E-11,施行日以後の利用に適用、前の利用は従前の例,https://www.city.shinjuku.lg.jp/content/000466370.pdf,611cb3b6c801b5efea4e51cb58d02c258526877f687713e5636ba6026376fd10,附則 経過措置,この条例による改正後の第7条第3項の規定は、この条例の施行の日以後の利用に係る利用料について適用し、同日前の利用に係る利用料については、なお従前の例による,supported,0b596c036f55e4879e91f810f0a1335512968511ade86de57b5577aa590f00d1
shinjuku-2026-r3-gian-69,easy,content,R69-E-12,令和8年第3回定例会（会期 9月16日〜10月15日）に提出された,https://www.city.shinjuku.lg.jp/kusei/kuseijoho01_001109_03.html,31b8240a9210c5965a74134fca286bef83cc7b5e9eb4bae326847e0a170a89d0,提出議案一覧ページ,令和8年第3回定例会（会期：9月16日～10月15日）提出案件概要を掲載しました,supported,0b596c036f55e4879e91f810f0a1335512968511ade86de57b5577aa590f00d1
shinjuku-2026-r3-gian-69,easy,content,R69-E-13,作成時点（令和8年9月30日）で議決結果は公表されていない,https://www.city.shinjuku.lg.jp/content/000466370.pdf,611cb3b6c801b5efea4e51cb58d02c258526877f687713e5636ba6026376fd10,審議状況,（作成時点の審議状況の記述であり、一次資料の記載による主張ではない）,needs_source,0b596c036f55e4879e91f810f0a1335512968511ade86de57b5577aa590f00d1
shinjuku-2026-r3-gian-69,easy,content,R69-E-14,区長が定める額、生活保護世帯が引き続き無料か、削る項の内容は書かれていない,https://www.city.shinjuku.lg.jp/content/000466370.pdf,611cb3b6c801b5efea4e51cb58d02c258526877f687713e5636ba6026376fd10,出典に記載がない事項,（本件は解説本文が「一次資料に記載がない」と明示している箇所であり、事実主張ではない）,needs_source,0b596c036f55e4879e91f810f0a1335512968511ade86de57b5577aa590f00d1
shinjuku-2026-r3-gian-69,normal,title,R69-NT-01,見出し: 生活困窮家庭等の利用料を区長が別に定める形に,https://www.city.shinjuku.lg.jp/content/000464786.pdf,b84b187d220daad484c279199f10899ad35777e2a122875a21faf939baf87e0c,条例関係 第69号議案,特定乳児等通園支援に要する費用の額の算定に関する基準 … （国告示）の適用等を踏まえ、区が実施する乳児等通園支援事 … 業の利用者の属する世帯が生活困窮家庭等である場合の利用 … 料は、区長が別に定めることとする。 … 公布の日,supported,e24fe30c68045c7a12cb03627313c109d1d5707e8920ffb7f34b0c444cb89ef8
shinjuku-2026-r3-gian-69,normal,summary,R69-NS-01,要約: 「無料とする」を改める,https://www.city.shinjuku.lg.jp/content/000466370.pdf,611cb3b6c801b5efea4e51cb58d02c258526877f687713e5636ba6026376fd10,改め文 第7条第3項,第7条第3項中「乳児等通園支援事業を利用した日において保護者が生活保護法（昭和25年法律第144号）第6条第1項に規定する被保護者である」を「次に掲げる」に、「無料とする」を「区長が別に定めるところによるものとする」に改め、同項に次の各号を加える,supported,e24fe30c68045c7a12cb03627313c109d1d5707e8920ffb7f34b0c444cb89ef8
shinjuku-2026-r3-gian-69,normal,summary,R69-NS-02,要約: 対象の4つの場合,https://www.city.shinjuku.lg.jp/content/000466370.pdf,611cb3b6c801b5efea4e51cb58d02c258526877f687713e5636ba6026376fd10,改め文 第7条第3項第3号,"保護者及び保護者と同一の世帯に属する者について地方税法の規定による区市町村民税の同法第292条第1項第2号に規定する所得割の額を合算した額が … 7万 … 7,101円未満である場合 … （前2号に掲げる場合を除く。）",supported,e24fe30c68045c7a12cb03627313c109d1d5707e8920ffb7f34b0c444cb89ef8
shinjuku-2026-r3-gian-69,normal,summary,R69-NS-03,要約: 公布の日から施行,https://www.city.shinjuku.lg.jp/content/000466370.pdf,611cb3b6c801b5efea4e51cb58d02c258526877f687713e5636ba6026376fd10,附則,この条例は、公布の日から施行する,supported,e24fe30c68045c7a12cb03627313c109d1d5707e8920ffb7f34b0c444cb89ef8
shinjuku-2026-r3-gian-69,normal,content,R69-N-01,令和8年9月16日に区長が提出、令和8年新宿区条例第1号,https://www.city.shinjuku.lg.jp/content/000466370.pdf,611cb3b6c801b5efea4e51cb58d02c258526877f687713e5636ba6026376fd10,議案本文,新宿区乳児等通園支援事業の実施に関する条例（令和8年新宿区条例第1号）の一部を次のように改正する,supported,e24fe30c68045c7a12cb03627313c109d1d5707e8920ffb7f34b0c444cb89ef8
shinjuku-2026-r3-gian-69,normal,content,R69-N-02,提出日,https://www.city.shinjuku.lg.jp/content/000466370.pdf,611cb3b6c801b5efea4e51cb58d02c258526877f687713e5636ba6026376fd10,議案本文 提出日・提出者,令和８年９月１６日 … 新宿区長 … 吉住 … 健一,supported,e24fe30c68045c7a12cb03627313c109d1d5707e8920ffb7f34b0c444cb89ef8
shinjuku-2026-r3-gian-69,normal,content,R69-N-03,概要資料の説明,https://www.city.shinjuku.lg.jp/content/000464786.pdf,b84b187d220daad484c279199f10899ad35777e2a122875a21faf939baf87e0c,条例関係 第69号議案,特定乳児等通園支援に要する費用の額の算定に関する基準 … （国告示）の適用等を踏まえ、区が実施する乳児等通園支援事 … 業の利用者の属する世帯が生活困窮家庭等である場合の利用 … 料は、区長が別に定めることとする。 … 公布の日,supported,e24fe30c68045c7a12cb03627313c109d1d5707e8920ffb7f34b0c444cb89ef8
shinjuku-2026-r3-gian-69,normal,content,R69-N-04,第7条第3項の改め文,https://www.city.shinjuku.lg.jp/content/000466370.pdf,611cb3b6c801b5efea4e51cb58d02c258526877f687713e5636ba6026376fd10,改め文 第7条第3項,第7条第3項中「乳児等通園支援事業を利用した日において保護者が生活保護法（昭和25年法律第144号）第6条第1項に規定する被保護者である」を「次に掲げる」に、「無料とする」を「区長が別に定めるところによるものとする」に改め、同項に次の各号を加える,supported,e24fe30c68045c7a12cb03627313c109d1d5707e8920ffb7f34b0c444cb89ef8
shinjuku-2026-r3-gian-69,normal,content,R69-N-05,第1号,https://www.city.shinjuku.lg.jp/content/000466370.pdf,611cb3b6c801b5efea4e51cb58d02c258526877f687713e5636ba6026376fd10,改め文 第7条第3項第1号,乳児等通園支援事業を利用した日において保護者が生活保護法（昭和25年法律第144号）第6条第1項に規定する被保護者である場合,supported,e24fe30c68045c7a12cb03627313c109d1d5707e8920ffb7f34b0c444cb89ef8
shinjuku-2026-r3-gian-69,normal,content,R69-N-06,第2号,https://www.city.shinjuku.lg.jp/content/000466370.pdf,611cb3b6c801b5efea4e51cb58d02c258526877f687713e5636ba6026376fd10,改め文 第7条第3項第2号,保護者及び保護者と同一の世帯に属する者が地方税法（昭和25年法律第226号）の規定による区市町村民税を課されない者である場合（前号に掲げる場合を除く。）,supported,e24fe30c68045c7a12cb03627313c109d1d5707e8920ffb7f34b0c444cb89ef8
shinjuku-2026-r3-gian-69,normal,content,R69-N-07,第3号,https://www.city.shinjuku.lg.jp/content/000466370.pdf,611cb3b6c801b5efea4e51cb58d02c258526877f687713e5636ba6026376fd10,改め文 第7条第3項第3号,"保護者及び保護者と同一の世帯に属する者について地方税法の規定による区市町村民税の同法第292条第1項第2号に規定する所得割の額を合算した額が … 7万 … 7,101円未満である場合 … （前2号に掲げる場合を除く。）",supported,e24fe30c68045c7a12cb03627313c109d1d5707e8920ffb7f34b0c444cb89ef8
shinjuku-2026-r3-gian-69,normal,content,R69-N-08,第4号,https://www.city.shinjuku.lg.jp/content/000466370.pdf,611cb3b6c801b5efea4e51cb58d02c258526877f687713e5636ba6026376fd10,改め文 第7条第3項第4号,区長が対象乳幼児及び保護者の心身の状況及び養育環境等を踏まえ、第1項の規定により納付する利用料を軽減することが適当であると認める場合（前3号に掲げる場合を除く。）,supported,e24fe30c68045c7a12cb03627313c109d1d5707e8920ffb7f34b0c444cb89ef8
shinjuku-2026-r3-gian-69,normal,content,R69-N-09,第4項から第6項を削る,https://www.city.shinjuku.lg.jp/content/000466370.pdf,611cb3b6c801b5efea4e51cb58d02c258526877f687713e5636ba6026376fd10,改め文,第7条第4項から第6項までを削る,supported,e24fe30c68045c7a12cb03627313c109d1d5707e8920ffb7f34b0c444cb89ef8
shinjuku-2026-r3-gian-69,normal,content,R69-N-10,施行日,https://www.city.shinjuku.lg.jp/content/000466370.pdf,611cb3b6c801b5efea4e51cb58d02c258526877f687713e5636ba6026376fd10,附則,この条例は、公布の日から施行する,supported,e24fe30c68045c7a12cb03627313c109d1d5707e8920ffb7f34b0c444cb89ef8
shinjuku-2026-r3-gian-69,normal,content,R69-N-11,経過措置,https://www.city.shinjuku.lg.jp/content/000466370.pdf,611cb3b6c801b5efea4e51cb58d02c258526877f687713e5636ba6026376fd10,附則 経過措置,この条例による改正後の第7条第3項の規定は、この条例の施行の日以後の利用に係る利用料について適用し、同日前の利用に係る利用料については、なお従前の例による,supported,e24fe30c68045c7a12cb03627313c109d1d5707e8920ffb7f34b0c444cb89ef8
shinjuku-2026-r3-gian-69,normal,content,R69-N-12,令和8年第3回定例会（会期 9月16日〜10月15日）に提出された,https://www.city.shinjuku.lg.jp/kusei/kuseijoho01_001109_03.html,31b8240a9210c5965a74134fca286bef83cc7b5e9eb4bae326847e0a170a89d0,提出議案一覧ページ,令和8年第3回定例会（会期：9月16日～10月15日）提出案件概要を掲載しました,supported,e24fe30c68045c7a12cb03627313c109d1d5707e8920ffb7f34b0c444cb89ef8
shinjuku-2026-r3-gian-69,normal,content,R69-N-13,作成時点（令和8年9月30日）で議決結果は公表されていない,https://www.city.shinjuku.lg.jp/content/000466370.pdf,611cb3b6c801b5efea4e51cb58d02c258526877f687713e5636ba6026376fd10,審議状況,（作成時点の審議状況の記述であり、一次資料の記載による主張ではない）,needs_source,e24fe30c68045c7a12cb03627313c109d1d5707e8920ffb7f34b0c444cb89ef8
shinjuku-2026-r3-gian-69,normal,content,R69-N-14,区長が定める額、生活保護世帯が無料のままか、削る項の内容は確認できない,https://www.city.shinjuku.lg.jp/content/000466370.pdf,611cb3b6c801b5efea4e51cb58d02c258526877f687713e5636ba6026376fd10,出典に記載がない事項,（本件は解説本文が「一次資料に記載がない」と明示している箇所であり、事実主張ではない）,needs_source,e24fe30c68045c7a12cb03627313c109d1d5707e8920ffb7f34b0c444cb89ef8
shinjuku-2026-r3-gian-69,hard,title,R69-HT-01,見出し: 議案名,https://www.city.shinjuku.lg.jp/content/000466370.pdf,611cb3b6c801b5efea4e51cb58d02c258526877f687713e5636ba6026376fd10,議案本文,新宿区乳児等通園支援事業の実施に関する条例（令和8年新宿区条例第1号）の一部を次のように改正する,supported,99f5beb659179fb4b3a8b565bf8f676fabcf2e130a51c263793f908b3e34dbd4
shinjuku-2026-r3-gian-69,hard,summary,R69-HS-01,要約: 第7条第3項の改正,https://www.city.shinjuku.lg.jp/content/000466370.pdf,611cb3b6c801b5efea4e51cb58d02c258526877f687713e5636ba6026376fd10,改め文 第7条第3項,第7条第3項中「乳児等通園支援事業を利用した日において保護者が生活保護法（昭和25年法律第144号）第6条第1項に規定する被保護者である」を「次に掲げる」に、「無料とする」を「区長が別に定めるところによるものとする」に改め、同項に次の各号を加える,supported,99f5beb659179fb4b3a8b565bf8f676fabcf2e130a51c263793f908b3e34dbd4
shinjuku-2026-r3-gian-69,hard,summary,R69-HS-02,要約: 第4〜6項の削除,https://www.city.shinjuku.lg.jp/content/000466370.pdf,611cb3b6c801b5efea4e51cb58d02c258526877f687713e5636ba6026376fd10,改め文,第7条第4項から第6項までを削る,supported,99f5beb659179fb4b3a8b565bf8f676fabcf2e130a51c263793f908b3e34dbd4
shinjuku-2026-r3-gian-69,hard,summary,R69-HS-03,要約: 施行と適用,https://www.city.shinjuku.lg.jp/content/000466370.pdf,611cb3b6c801b5efea4e51cb58d02c258526877f687713e5636ba6026376fd10,附則 経過措置,この条例による改正後の第7条第3項の規定は、この条例の施行の日以後の利用に係る利用料について適用し、同日前の利用に係る利用料については、なお従前の例による,supported,99f5beb659179fb4b3a8b565bf8f676fabcf2e130a51c263793f908b3e34dbd4
shinjuku-2026-r3-gian-69,hard,content,R69-H-01,提出日・提出者,https://www.city.shinjuku.lg.jp/content/000466370.pdf,611cb3b6c801b5efea4e51cb58d02c258526877f687713e5636ba6026376fd10,議案本文 提出日・提出者,令和８年９月１６日 … 新宿区長 … 吉住 … 健一,supported,99f5beb659179fb4b3a8b565bf8f676fabcf2e130a51c263793f908b3e34dbd4
shinjuku-2026-r3-gian-69,hard,content,R69-H-02,対象条例,https://www.city.shinjuku.lg.jp/content/000466370.pdf,611cb3b6c801b5efea4e51cb58d02c258526877f687713e5636ba6026376fd10,議案本文,新宿区乳児等通園支援事業の実施に関する条例（令和8年新宿区条例第1号）の一部を次のように改正する,supported,99f5beb659179fb4b3a8b565bf8f676fabcf2e130a51c263793f908b3e34dbd4
shinjuku-2026-r3-gian-69,hard,content,R69-H-03,提案理由,https://www.city.shinjuku.lg.jp/content/000466370.pdf,611cb3b6c801b5efea4e51cb58d02c258526877f687713e5636ba6026376fd10,提案理由,特定乳児等通園支援に要する費用の額の算定に関する基準（令和8年こども家庭庁告示第8号）の適用等を踏まえ、新宿区が実施する乳児等通園支援事業の利用料を改める必要があるため,supported,99f5beb659179fb4b3a8b565bf8f676fabcf2e130a51c263793f908b3e34dbd4
shinjuku-2026-r3-gian-69,hard,content,R69-H-04,第7条第3項の改め文,https://www.city.shinjuku.lg.jp/content/000466370.pdf,611cb3b6c801b5efea4e51cb58d02c258526877f687713e5636ba6026376fd10,改め文 第7条第3項,第7条第3項中「乳児等通園支援事業を利用した日において保護者が生活保護法（昭和25年法律第144号）第6条第1項に規定する被保護者である」を「次に掲げる」に、「無料とする」を「区長が別に定めるところによるものとする」に改め、同項に次の各号を加える,supported,99f5beb659179fb4b3a8b565bf8f676fabcf2e130a51c263793f908b3e34dbd4
shinjuku-2026-r3-gian-69,hard,content,R69-H-05,第1号,https://www.city.shinjuku.lg.jp/content/000466370.pdf,611cb3b6c801b5efea4e51cb58d02c258526877f687713e5636ba6026376fd10,改め文 第7条第3項第1号,乳児等通園支援事業を利用した日において保護者が生活保護法（昭和25年法律第144号）第6条第1項に規定する被保護者である場合,supported,99f5beb659179fb4b3a8b565bf8f676fabcf2e130a51c263793f908b3e34dbd4
shinjuku-2026-r3-gian-69,hard,content,R69-H-06,第2号,https://www.city.shinjuku.lg.jp/content/000466370.pdf,611cb3b6c801b5efea4e51cb58d02c258526877f687713e5636ba6026376fd10,改め文 第7条第3項第2号,保護者及び保護者と同一の世帯に属する者が地方税法（昭和25年法律第226号）の規定による区市町村民税を課されない者である場合（前号に掲げる場合を除く。）,supported,99f5beb659179fb4b3a8b565bf8f676fabcf2e130a51c263793f908b3e34dbd4
shinjuku-2026-r3-gian-69,hard,content,R69-H-07,第3号,https://www.city.shinjuku.lg.jp/content/000466370.pdf,611cb3b6c801b5efea4e51cb58d02c258526877f687713e5636ba6026376fd10,改め文 第7条第3項第3号,"保護者及び保護者と同一の世帯に属する者について地方税法の規定による区市町村民税の同法第292条第1項第2号に規定する所得割の額を合算した額が … 7万 … 7,101円未満である場合 … （前2号に掲げる場合を除く。）",supported,99f5beb659179fb4b3a8b565bf8f676fabcf2e130a51c263793f908b3e34dbd4
shinjuku-2026-r3-gian-69,hard,content,R69-H-08,第4号,https://www.city.shinjuku.lg.jp/content/000466370.pdf,611cb3b6c801b5efea4e51cb58d02c258526877f687713e5636ba6026376fd10,改め文 第7条第3項第4号,区長が対象乳幼児及び保護者の心身の状況及び養育環境等を踏まえ、第1項の規定により納付する利用料を軽減することが適当であると認める場合（前3号に掲げる場合を除く。）,supported,99f5beb659179fb4b3a8b565bf8f676fabcf2e130a51c263793f908b3e34dbd4
shinjuku-2026-r3-gian-69,hard,content,R69-H-09,第4〜6項の削除,https://www.city.shinjuku.lg.jp/content/000466370.pdf,611cb3b6c801b5efea4e51cb58d02c258526877f687713e5636ba6026376fd10,改め文,第7条第4項から第6項までを削る,supported,99f5beb659179fb4b3a8b565bf8f676fabcf2e130a51c263793f908b3e34dbd4
shinjuku-2026-r3-gian-69,hard,content,R69-H-10,概要資料の説明,https://www.city.shinjuku.lg.jp/content/000464786.pdf,b84b187d220daad484c279199f10899ad35777e2a122875a21faf939baf87e0c,条例関係 第69号議案,特定乳児等通園支援に要する費用の額の算定に関する基準 … （国告示）の適用等を踏まえ、区が実施する乳児等通園支援事 … 業の利用者の属する世帯が生活困窮家庭等である場合の利用 … 料は、区長が別に定めることとする。 … 公布の日,supported,99f5beb659179fb4b3a8b565bf8f676fabcf2e130a51c263793f908b3e34dbd4
shinjuku-2026-r3-gian-69,hard,content,R69-H-11,附則 施行期日,https://www.city.shinjuku.lg.jp/content/000466370.pdf,611cb3b6c801b5efea4e51cb58d02c258526877f687713e5636ba6026376fd10,附則,この条例は、公布の日から施行する,supported,99f5beb659179fb4b3a8b565bf8f676fabcf2e130a51c263793f908b3e34dbd4
shinjuku-2026-r3-gian-69,hard,content,R69-H-12,附則 経過措置,https://www.city.shinjuku.lg.jp/content/000466370.pdf,611cb3b6c801b5efea4e51cb58d02c258526877f687713e5636ba6026376fd10,附則 経過措置,この条例による改正後の第7条第3項の規定は、この条例の施行の日以後の利用に係る利用料について適用し、同日前の利用に係る利用料については、なお従前の例による,supported,99f5beb659179fb4b3a8b565bf8f676fabcf2e130a51c263793f908b3e34dbd4
shinjuku-2026-r3-gian-69,hard,content,R69-H-13,改正前の規定は被保護者の場合に無料とする旨（改め文から読み取れる範囲）,https://www.city.shinjuku.lg.jp/content/000466370.pdf,611cb3b6c801b5efea4e51cb58d02c258526877f687713e5636ba6026376fd10,改め文 第7条第3項,第7条第3項中「乳児等通園支援事業を利用した日において保護者が生活保護法（昭和25年法律第144号）第6条第1項に規定する被保護者である」を「次に掲げる」に、「無料とする」を「区長が別に定めるところによるものとする」に改め、同項に次の各号を加える,supported,99f5beb659179fb4b3a8b565bf8f676fabcf2e130a51c263793f908b3e34dbd4
shinjuku-2026-r3-gian-69,hard,content,R69-H-14,令和8年第3回定例会（会期 9月16日〜10月15日）に提出された,https://www.city.shinjuku.lg.jp/kusei/kuseijoho01_001109_03.html,31b8240a9210c5965a74134fca286bef83cc7b5e9eb4bae326847e0a170a89d0,提出議案一覧ページ,令和8年第3回定例会（会期：9月16日～10月15日）提出案件概要を掲載しました,supported,99f5beb659179fb4b3a8b565bf8f676fabcf2e130a51c263793f908b3e34dbd4
shinjuku-2026-r3-gian-69,hard,content,R69-H-15,作成時点（令和8年9月30日）で議決結果は公表されていない,https://www.city.shinjuku.lg.jp/content/000466370.pdf,611cb3b6c801b5efea4e51cb58d02c258526877f687713e5636ba6026376fd10,審議状況,（作成時点の審議状況の記述であり、一次資料の記載による主張ではない）,needs_source,99f5beb659179fb4b3a8b565bf8f676fabcf2e130a51c263793f908b3e34dbd4
shinjuku-2026-r3-gian-69,hard,content,R69-H-16,区長が定める額、削る項の内容、全文、告示の内容、対象世帯数は資料にない,https://www.city.shinjuku.lg.jp/content/000466370.pdf,611cb3b6c801b5efea4e51cb58d02c258526877f687713e5636ba6026376fd10,出典に記載がない事項,（本件は解説本文が「一次資料に記載がない」と明示している箇所であり、事実主張ではない）,needs_source,99f5beb659179fb4b3a8b565bf8f676fabcf2e130a51c263793f908b3e34dbd4
shinjuku-2026-r3-gian-70,easy,title,R70-ET-01,見出し: 保育の事業で子どもへの性暴力を防ぐ決まりを作る,https://www.city.shinjuku.lg.jp/content/000466371.pdf,656d16e61c936794fadf22c0f76ee157a7fece200caec75ef10141ab0c183db1,第1条による第14条,家庭的保育事業者等は、法第34条の16第4項において準用する法第21条の5の18第4項の規定に基づき、児童対象性暴力等（学校設置者等及び民間教育保育等事業者による児童対象性暴力等の防止等のための措置に関する法律（令和6年法律第69号）第2条第2項に規定する児童対象性暴力等をいう。以下この条において同じ。）を防止し、及び児童対象性暴力等が行われた場合に利用乳幼児を適切に保護するため、児童等対象業務従事者（利用乳幼児と接する業務に従事する者のうち、支配性、継続性及び閉鎖性のある環境の下で当該利用乳幼児に接する者をいう。）に係る犯罪事実確認（同法第4条第1項に規定する犯罪事実確認をいう。）その他の必要な措置を講じなければならない,supported,52b3c460008478bc73cdd34917393c0c6c88751c41ba9242352b0baa1802e700
shinjuku-2026-r3-gian-70,easy,summary,R70-ES-01,要約: 2つの基準条例を変える,https://www.city.shinjuku.lg.jp/content/000466371.pdf,656d16e61c936794fadf22c0f76ee157a7fece200caec75ef10141ab0c183db1,第2条,新宿区乳児等通園支援事業の設備及び運営に関する基準を定める条例（令和7年新宿区条例第45号）の一部を次のように改正する,supported,52b3c460008478bc73cdd34917393c0c6c88751c41ba9242352b0baa1802e700
shinjuku-2026-r3-gian-70,easy,summary,R70-ES-02,要約: 事業者は防止の措置をしなければならない,https://www.city.shinjuku.lg.jp/content/000466371.pdf,656d16e61c936794fadf22c0f76ee157a7fece200caec75ef10141ab0c183db1,第1条による第14条,家庭的保育事業者等は、法第34条の16第4項において準用する法第21条の5の18第4項の規定に基づき、児童対象性暴力等（学校設置者等及び民間教育保育等事業者による児童対象性暴力等の防止等のための措置に関する法律（令和6年法律第69号）第2条第2項に規定する児童対象性暴力等をいう。以下この条において同じ。）を防止し、及び児童対象性暴力等が行われた場合に利用乳幼児を適切に保護するため、児童等対象業務従事者（利用乳幼児と接する業務に従事する者のうち、支配性、継続性及び閉鎖性のある環境の下で当該利用乳幼児に接する者をいう。）に係る犯罪事実確認（同法第4条第1項に規定する犯罪事実確認をいう。）その他の必要な措置を講じなければならない,supported,52b3c460008478bc73cdd34917393c0c6c88751c41ba9242352b0baa1802e700
shinjuku-2026-r3-gian-70,easy,summary,R70-ES-03,要約: 施行は2026年12月25日,https://www.city.shinjuku.lg.jp/content/000466371.pdf,656d16e61c936794fadf22c0f76ee157a7fece200caec75ef10141ab0c183db1,附則,この条例は、令和8年12月25日から施行する,supported,52b3c460008478bc73cdd34917393c0c6c88751c41ba9242352b0baa1802e700
shinjuku-2026-r3-gian-70,easy,content,R70-E-01,家庭的保育事業等の基準条例を変える,https://www.city.shinjuku.lg.jp/content/000466371.pdf,656d16e61c936794fadf22c0f76ee157a7fece200caec75ef10141ab0c183db1,第1条,新宿区家庭的保育事業等の設備及び運営に関する基準を定める条例（平成26年新宿区条例第28号）の一部を次のように改正する。 … 第14条を次のように改める,supported,52b3c460008478bc73cdd34917393c0c6c88751c41ba9242352b0baa1802e700
shinjuku-2026-r3-gian-70,easy,content,R70-E-02,乳児等通園支援事業の基準条例を変える,https://www.city.shinjuku.lg.jp/content/000466371.pdf,656d16e61c936794fadf22c0f76ee157a7fece200caec75ef10141ab0c183db1,第2条,新宿区乳児等通園支援事業の設備及び運営に関する基準を定める条例（令和7年新宿区条例第45号）の一部を次のように改正する,supported,52b3c460008478bc73cdd34917393c0c6c88751c41ba9242352b0baa1802e700
shinjuku-2026-r3-gian-70,easy,content,R70-E-03,区長が2026年9月16日に提出,https://www.city.shinjuku.lg.jp/content/000466371.pdf,656d16e61c936794fadf22c0f76ee157a7fece200caec75ef10141ab0c183db1,議案本文 提出日・提出者,令和８年９月１６日 … 新宿区長 … 吉住 … 健一,supported,52b3c460008478bc73cdd34917393c0c6c88751c41ba9242352b0baa1802e700
shinjuku-2026-r3-gian-70,easy,content,R70-E-04,内閣府令の改正等に伴い、児童対象性暴力等の防止等の措置を定める,https://www.city.shinjuku.lg.jp/content/000464786.pdf,b84b187d220daad484c279199f10899ad35777e2a122875a21faf939baf87e0c,条例関係 第70号議案,家庭的保育事業等の設備及び運営に関する基準を定めてい … る内閣府令の改正等に伴い、児童対象性暴力等の防止等に係る … 措置を新たに定める。 … 令和 8 年 12 月 25 日,supported,52b3c460008478bc73cdd34917393c0c6c88751c41ba9242352b0baa1802e700
shinjuku-2026-r3-gian-70,easy,content,R70-E-05,防止・保護のため、犯罪事実確認その他の必要な措置を講じなければならない（対象は支配性・継続性・閉鎖性のある環境で接する者）,https://www.city.shinjuku.lg.jp/content/000466371.pdf,656d16e61c936794fadf22c0f76ee157a7fece200caec75ef10141ab0c183db1,第1条による第14条,家庭的保育事業者等は、法第34条の16第4項において準用する法第21条の5の18第4項の規定に基づき、児童対象性暴力等（学校設置者等及び民間教育保育等事業者による児童対象性暴力等の防止等のための措置に関する法律（令和6年法律第69号）第2条第2項に規定する児童対象性暴力等をいう。以下この条において同じ。）を防止し、及び児童対象性暴力等が行われた場合に利用乳幼児を適切に保護するため、児童等対象業務従事者（利用乳幼児と接する業務に従事する者のうち、支配性、継続性及び閉鎖性のある環境の下で当該利用乳幼児に接する者をいう。）に係る犯罪事実確認（同法第4条第1項に規定する犯罪事実確認をいう。）その他の必要な措置を講じなければならない,supported,52b3c460008478bc73cdd34917393c0c6c88751c41ba9242352b0baa1802e700
shinjuku-2026-r3-gian-70,easy,content,R70-E-06,第14条を改め、第14条の2を加える,https://www.city.shinjuku.lg.jp/content/000466371.pdf,656d16e61c936794fadf22c0f76ee157a7fece200caec75ef10141ab0c183db1,第2条による第14条の2,第14条の2 … 乳児等通園支援事業者は、法第34条の16第4項において準用する法第21条の5の18第4項の規定に基づき,supported,52b3c460008478bc73cdd34917393c0c6c88751c41ba9242352b0baa1802e700
shinjuku-2026-r3-gian-70,easy,content,R70-E-07,「乳児等通園支援事業者」を「乳児等通園支援事業所」に直す箇所がある,https://www.city.shinjuku.lg.jp/content/000466371.pdf,656d16e61c936794fadf22c0f76ee157a7fece200caec75ef10141ab0c183db1,第2条 規定整備,第10条の見出しを「（乳児等通園支援事業所の職員の一般的要件）」に改め、同条中「乳児等通園支援事業者」を「乳児等通園支援事業所」に改める。 … 第11条の見出し及び同条第1項中「乳児等通園支援事業者」を … 第14条の見出し中「防止」を「禁止」に改め,supported,52b3c460008478bc73cdd34917393c0c6c88751c41ba9242352b0baa1802e700
shinjuku-2026-r3-gian-70,easy,content,R70-E-08,施行は2026年（令和8年）12月25日（金）,https://www.city.shinjuku.lg.jp/content/000466371.pdf,656d16e61c936794fadf22c0f76ee157a7fece200caec75ef10141ab0c183db1,附則,この条例は、令和8年12月25日から施行する,supported,52b3c460008478bc73cdd34917393c0c6c88751c41ba9242352b0baa1802e700
shinjuku-2026-r3-gian-70,easy,content,R70-E-09,令和8年第3回定例会（会期 9月16日〜10月15日）に提出された,https://www.city.shinjuku.lg.jp/kusei/kuseijoho01_001109_03.html,31b8240a9210c5965a74134fca286bef83cc7b5e9eb4bae326847e0a170a89d0,提出議案一覧ページ,令和8年第3回定例会（会期：9月16日～10月15日）提出案件概要を掲載しました,supported,52b3c460008478bc73cdd34917393c0c6c88751c41ba9242352b0baa1802e700
shinjuku-2026-r3-gian-70,easy,content,R70-E-10,作成時点（令和8年9月30日）で議決結果は公表されていない,https://www.city.shinjuku.lg.jp/content/000466371.pdf,656d16e61c936794fadf22c0f76ee157a7fece200caec75ef10141ab0c183db1,審議状況,（作成時点の審議状況の記述であり、一次資料の記載による主張ではない）,needs_source,52b3c460008478bc73cdd34917393c0c6c88751c41ba9242352b0baa1802e700
shinjuku-2026-r3-gian-70,easy,content,R70-E-11,確認の方法、対象事業所数、現行第14条の内容は書かれていない,https://www.city.shinjuku.lg.jp/content/000466371.pdf,656d16e61c936794fadf22c0f76ee157a7fece200caec75ef10141ab0c183db1,出典に記載がない事項,（本件は解説本文が「一次資料に記載がない」と明示している箇所であり、事実主張ではない）,needs_source,52b3c460008478bc73cdd34917393c0c6c88751c41ba9242352b0baa1802e700
shinjuku-2026-r3-gian-70,normal,title,R70-NT-01,見出し: 事業者に児童対象性暴力等の防止措置を義務付け,https://www.city.shinjuku.lg.jp/content/000466371.pdf,656d16e61c936794fadf22c0f76ee157a7fece200caec75ef10141ab0c183db1,第1条による第14条,家庭的保育事業者等は、法第34条の16第4項において準用する法第21条の5の18第4項の規定に基づき、児童対象性暴力等（学校設置者等及び民間教育保育等事業者による児童対象性暴力等の防止等のための措置に関する法律（令和6年法律第69号）第2条第2項に規定する児童対象性暴力等をいう。以下この条において同じ。）を防止し、及び児童対象性暴力等が行われた場合に利用乳幼児を適切に保護するため、児童等対象業務従事者（利用乳幼児と接する業務に従事する者のうち、支配性、継続性及び閉鎖性のある環境の下で当該利用乳幼児に接する者をいう。）に係る犯罪事実確認（同法第4条第1項に規定する犯罪事実確認をいう。）その他の必要な措置を講じなければならない,supported,73618269f8ee8ff125c0bb6f8f28e6ca63ffcd48f39fa1624dbe8d58dc657722
shinjuku-2026-r3-gian-70,normal,summary,R70-NS-01,要約: 2つの基準条例を改める,https://www.city.shinjuku.lg.jp/content/000466371.pdf,656d16e61c936794fadf22c0f76ee157a7fece200caec75ef10141ab0c183db1,第1条,新宿区家庭的保育事業等の設備及び運営に関する基準を定める条例（平成26年新宿区条例第28号）の一部を次のように改正する。 … 第14条を次のように改める,supported,73618269f8ee8ff125c0bb6f8f28e6ca63ffcd48f39fa1624dbe8d58dc657722
shinjuku-2026-r3-gian-70,normal,summary,R70-NS-02,要約: 犯罪事実確認その他の必要な措置を義務付け,https://www.city.shinjuku.lg.jp/content/000466371.pdf,656d16e61c936794fadf22c0f76ee157a7fece200caec75ef10141ab0c183db1,第1条による第14条,家庭的保育事業者等は、法第34条の16第4項において準用する法第21条の5の18第4項の規定に基づき、児童対象性暴力等（学校設置者等及び民間教育保育等事業者による児童対象性暴力等の防止等のための措置に関する法律（令和6年法律第69号）第2条第2項に規定する児童対象性暴力等をいう。以下この条において同じ。）を防止し、及び児童対象性暴力等が行われた場合に利用乳幼児を適切に保護するため、児童等対象業務従事者（利用乳幼児と接する業務に従事する者のうち、支配性、継続性及び閉鎖性のある環境の下で当該利用乳幼児に接する者をいう。）に係る犯罪事実確認（同法第4条第1項に規定する犯罪事実確認をいう。）その他の必要な措置を講じなければならない,supported,73618269f8ee8ff125c0bb6f8f28e6ca63ffcd48f39fa1624dbe8d58dc657722
shinjuku-2026-r3-gian-70,normal,summary,R70-NS-03,要約: 規定の整備,https://www.city.shinjuku.lg.jp/content/000466371.pdf,656d16e61c936794fadf22c0f76ee157a7fece200caec75ef10141ab0c183db1,第2条 規定整備,第17条第7号中「並びに」を「その他の」に改める。 … 第19条第1項中「乳児等通園支援事業者」を「乳児等通園支援事業所」に改める。 … 第21条第3項中「係る利用定員」の次に「（子ども・子育て支援法（平成24年法律第65号）第27条第1項又は第29条第1項の確認において定める利用定員をいう。）」を加える。 … 第27条後段を削る。 … 第28条中「及びその」の次に「乳児等通園支援事業所の」を加える,supported,73618269f8ee8ff125c0bb6f8f28e6ca63ffcd48f39fa1624dbe8d58dc657722
shinjuku-2026-r3-gian-70,normal,summary,R70-NS-04,要約: 施行日,https://www.city.shinjuku.lg.jp/content/000466371.pdf,656d16e61c936794fadf22c0f76ee157a7fece200caec75ef10141ab0c183db1,附則,この条例は、令和8年12月25日から施行する,supported,73618269f8ee8ff125c0bb6f8f28e6ca63ffcd48f39fa1624dbe8d58dc657722
shinjuku-2026-r3-gian-70,normal,content,R70-N-01,令和8年9月16日に区長が提出、対象の2条例,https://www.city.shinjuku.lg.jp/content/000466371.pdf,656d16e61c936794fadf22c0f76ee157a7fece200caec75ef10141ab0c183db1,第2条,新宿区乳児等通園支援事業の設備及び運営に関する基準を定める条例（令和7年新宿区条例第45号）の一部を次のように改正する,supported,73618269f8ee8ff125c0bb6f8f28e6ca63ffcd48f39fa1624dbe8d58dc657722
shinjuku-2026-r3-gian-70,normal,content,R70-N-02,提出日,https://www.city.shinjuku.lg.jp/content/000466371.pdf,656d16e61c936794fadf22c0f76ee157a7fece200caec75ef10141ab0c183db1,議案本文 提出日・提出者,令和８年９月１６日 … 新宿区長 … 吉住 … 健一,supported,73618269f8ee8ff125c0bb6f8f28e6ca63ffcd48f39fa1624dbe8d58dc657722
shinjuku-2026-r3-gian-70,normal,content,R70-N-03,家庭的保育の条例（平成26年新宿区条例第28号）,https://www.city.shinjuku.lg.jp/content/000466371.pdf,656d16e61c936794fadf22c0f76ee157a7fece200caec75ef10141ab0c183db1,第1条,新宿区家庭的保育事業等の設備及び運営に関する基準を定める条例（平成26年新宿区条例第28号）の一部を次のように改正する。 … 第14条を次のように改める,supported,73618269f8ee8ff125c0bb6f8f28e6ca63ffcd48f39fa1624dbe8d58dc657722
shinjuku-2026-r3-gian-70,normal,content,R70-N-04,概要資料の説明,https://www.city.shinjuku.lg.jp/content/000464786.pdf,b84b187d220daad484c279199f10899ad35777e2a122875a21faf939baf87e0c,条例関係 第70号議案,家庭的保育事業等の設備及び運営に関する基準を定めてい … る内閣府令の改正等に伴い、児童対象性暴力等の防止等に係る … 措置を新たに定める。 … 令和 8 年 12 月 25 日,supported,73618269f8ee8ff125c0bb6f8f28e6ca63ffcd48f39fa1624dbe8d58dc657722
shinjuku-2026-r3-gian-70,normal,content,R70-N-05,提案理由,https://www.city.shinjuku.lg.jp/content/000466371.pdf,656d16e61c936794fadf22c0f76ee157a7fece200caec75ef10141ab0c183db1,提案理由,学校設置者等及び民間教育保育等事業者による児童対象性暴力等の防止等のための措置に関する法律施行規則（令和7年内閣府令第104号）の施行による家庭的保育事業等の設備及び運営に関する基準（平成26年厚生労働省令第61号）の改正等に伴い、児童対象性暴力等の防止等に係る措置を新たに定めるほか、規定を整備する必要があるため,supported,73618269f8ee8ff125c0bb6f8f28e6ca63ffcd48f39fa1624dbe8d58dc657722
shinjuku-2026-r3-gian-70,normal,content,R70-N-06,第14条（家庭的保育）の内容,https://www.city.shinjuku.lg.jp/content/000466371.pdf,656d16e61c936794fadf22c0f76ee157a7fece200caec75ef10141ab0c183db1,第1条による第14条,家庭的保育事業者等は、法第34条の16第4項において準用する法第21条の5の18第4項の規定に基づき、児童対象性暴力等（学校設置者等及び民間教育保育等事業者による児童対象性暴力等の防止等のための措置に関する法律（令和6年法律第69号）第2条第2項に規定する児童対象性暴力等をいう。以下この条において同じ。）を防止し、及び児童対象性暴力等が行われた場合に利用乳幼児を適切に保護するため、児童等対象業務従事者（利用乳幼児と接する業務に従事する者のうち、支配性、継続性及び閉鎖性のある環境の下で当該利用乳幼児に接する者をいう。）に係る犯罪事実確認（同法第4条第1項に規定する犯罪事実確認をいう。）その他の必要な措置を講じなければならない,supported,73618269f8ee8ff125c0bb6f8f28e6ca63ffcd48f39fa1624dbe8d58dc657722
shinjuku-2026-r3-gian-70,normal,content,R70-N-07,第14条の2（乳児等通園支援）,https://www.city.shinjuku.lg.jp/content/000466371.pdf,656d16e61c936794fadf22c0f76ee157a7fece200caec75ef10141ab0c183db1,第2条による第14条の2,第14条の2 … 乳児等通園支援事業者は、法第34条の16第4項において準用する法第21条の5の18第4項の規定に基づき,supported,73618269f8ee8ff125c0bb6f8f28e6ca63ffcd48f39fa1624dbe8d58dc657722
shinjuku-2026-r3-gian-70,normal,content,R70-N-08,規定整備（第10条・第11条・第14条見出し）,https://www.city.shinjuku.lg.jp/content/000466371.pdf,656d16e61c936794fadf22c0f76ee157a7fece200caec75ef10141ab0c183db1,第2条 規定整備,第10条の見出しを「（乳児等通園支援事業所の職員の一般的要件）」に改め、同条中「乳児等通園支援事業者」を「乳児等通園支援事業所」に改める。 … 第11条の見出し及び同条第1項中「乳児等通園支援事業者」を … 第14条の見出し中「防止」を「禁止」に改め,supported,73618269f8ee8ff125c0bb6f8f28e6ca63ffcd48f39fa1624dbe8d58dc657722
shinjuku-2026-r3-gian-70,normal,content,R70-N-09,規定整備（第17条・第19条・第21条・第27条・第28条）,https://www.city.shinjuku.lg.jp/content/000466371.pdf,656d16e61c936794fadf22c0f76ee157a7fece200caec75ef10141ab0c183db1,第2条 規定整備,第17条第7号中「並びに」を「その他の」に改める。 … 第19条第1項中「乳児等通園支援事業者」を「乳児等通園支援事業所」に改める。 … 第21条第3項中「係る利用定員」の次に「（子ども・子育て支援法（平成24年法律第65号）第27条第1項又は第29条第1項の確認において定める利用定員をいう。）」を加える。 … 第27条後段を削る。 … 第28条中「及びその」の次に「乳児等通園支援事業所の」を加える,supported,73618269f8ee8ff125c0bb6f8f28e6ca63ffcd48f39fa1624dbe8d58dc657722
shinjuku-2026-r3-gian-70,normal,content,R70-N-10,施行日,https://www.city.shinjuku.lg.jp/content/000466371.pdf,656d16e61c936794fadf22c0f76ee157a7fece200caec75ef10141ab0c183db1,附則,この条例は、令和8年12月25日から施行する,supported,73618269f8ee8ff125c0bb6f8f28e6ca63ffcd48f39fa1624dbe8d58dc657722
shinjuku-2026-r3-gian-70,normal,content,R70-N-11,令和8年第3回定例会（会期 9月16日〜10月15日）に提出された,https://www.city.shinjuku.lg.jp/kusei/kuseijoho01_001109_03.html,31b8240a9210c5965a74134fca286bef83cc7b5e9eb4bae326847e0a170a89d0,提出議案一覧ページ,令和8年第3回定例会（会期：9月16日～10月15日）提出案件概要を掲載しました,supported,73618269f8ee8ff125c0bb6f8f28e6ca63ffcd48f39fa1624dbe8d58dc657722
shinjuku-2026-r3-gian-70,normal,content,R70-N-12,作成時点（令和8年9月30日）で議決結果は公表されていない,https://www.city.shinjuku.lg.jp/content/000466371.pdf,656d16e61c936794fadf22c0f76ee157a7fece200caec75ef10141ab0c183db1,審議状況,（作成時点の審議状況の記述であり、一次資料の記載による主張ではない）,needs_source,73618269f8ee8ff125c0bb6f8f28e6ca63ffcd48f39fa1624dbe8d58dc657722
shinjuku-2026-r3-gian-70,normal,content,R70-N-13,手続、対象数、現行第14条、第27条後段の内容、内閣府令と厚生労働省令の関係は書かれていない,https://www.city.shinjuku.lg.jp/content/000466371.pdf,656d16e61c936794fadf22c0f76ee157a7fece200caec75ef10141ab0c183db1,出典に記載がない事項,（本件は解説本文が「一次資料に記載がない」と明示している箇所であり、事実主張ではない）,needs_source,73618269f8ee8ff125c0bb6f8f28e6ca63ffcd48f39fa1624dbe8d58dc657722
shinjuku-2026-r3-gian-70,hard,title,R70-HT-01,見出し: 議案名,https://www.city.shinjuku.lg.jp/content/000466371.pdf,656d16e61c936794fadf22c0f76ee157a7fece200caec75ef10141ab0c183db1,第2条,新宿区乳児等通園支援事業の設備及び運営に関する基準を定める条例（令和7年新宿区条例第45号）の一部を次のように改正する,supported,dab886623cdcddf040f26dc6aab8f62a688b50326da504c79fbcbd8cfd176965
shinjuku-2026-r3-gian-70,hard,summary,R70-HS-01,要約: 第1条で第14条を全部改める,https://www.city.shinjuku.lg.jp/content/000466371.pdf,656d16e61c936794fadf22c0f76ee157a7fece200caec75ef10141ab0c183db1,第1条,新宿区家庭的保育事業等の設備及び運営に関する基準を定める条例（平成26年新宿区条例第28号）の一部を次のように改正する。 … 第14条を次のように改める,supported,dab886623cdcddf040f26dc6aab8f62a688b50326da504c79fbcbd8cfd176965
shinjuku-2026-r3-gian-70,hard,summary,R70-HS-02,要約: 第2条で第14条の2を加える,https://www.city.shinjuku.lg.jp/content/000466371.pdf,656d16e61c936794fadf22c0f76ee157a7fece200caec75ef10141ab0c183db1,第2条による第14条の2,第14条の2 … 乳児等通園支援事業者は、法第34条の16第4項において準用する法第21条の5の18第4項の規定に基づき,supported,dab886623cdcddf040f26dc6aab8f62a688b50326da504c79fbcbd8cfd176965
shinjuku-2026-r3-gian-70,hard,summary,R70-HS-03,要約: 第2条の規定整備,https://www.city.shinjuku.lg.jp/content/000466371.pdf,656d16e61c936794fadf22c0f76ee157a7fece200caec75ef10141ab0c183db1,第2条 規定整備,第17条第7号中「並びに」を「その他の」に改める。 … 第19条第1項中「乳児等通園支援事業者」を「乳児等通園支援事業所」に改める。 … 第21条第3項中「係る利用定員」の次に「（子ども・子育て支援法（平成24年法律第65号）第27条第1項又は第29条第1項の確認において定める利用定員をいう。）」を加える。 … 第27条後段を削る。 … 第28条中「及びその」の次に「乳児等通園支援事業所の」を加える,supported,dab886623cdcddf040f26dc6aab8f62a688b50326da504c79fbcbd8cfd176965
shinjuku-2026-r3-gian-70,hard,summary,R70-HS-04,要約: 施行日,https://www.city.shinjuku.lg.jp/content/000466371.pdf,656d16e61c936794fadf22c0f76ee157a7fece200caec75ef10141ab0c183db1,附則,この条例は、令和8年12月25日から施行する,supported,dab886623cdcddf040f26dc6aab8f62a688b50326da504c79fbcbd8cfd176965
shinjuku-2026-r3-gian-70,hard,content,R70-H-01,提出日・提出者,https://www.city.shinjuku.lg.jp/content/000466371.pdf,656d16e61c936794fadf22c0f76ee157a7fece200caec75ef10141ab0c183db1,議案本文 提出日・提出者,令和８年９月１６日 … 新宿区長 … 吉住 … 健一,supported,dab886623cdcddf040f26dc6aab8f62a688b50326da504c79fbcbd8cfd176965
shinjuku-2026-r3-gian-70,hard,content,R70-H-02,対象条例（家庭的保育）,https://www.city.shinjuku.lg.jp/content/000466371.pdf,656d16e61c936794fadf22c0f76ee157a7fece200caec75ef10141ab0c183db1,第1条,新宿区家庭的保育事業等の設備及び運営に関する基準を定める条例（平成26年新宿区条例第28号）の一部を次のように改正する。 … 第14条を次のように改める,supported,dab886623cdcddf040f26dc6aab8f62a688b50326da504c79fbcbd8cfd176965
shinjuku-2026-r3-gian-70,hard,content,R70-H-03,対象条例（乳児等通園支援）,https://www.city.shinjuku.lg.jp/content/000466371.pdf,656d16e61c936794fadf22c0f76ee157a7fece200caec75ef10141ab0c183db1,第2条,新宿区乳児等通園支援事業の設備及び運営に関する基準を定める条例（令和7年新宿区条例第45号）の一部を次のように改正する,supported,dab886623cdcddf040f26dc6aab8f62a688b50326da504c79fbcbd8cfd176965
shinjuku-2026-r3-gian-70,hard,content,R70-H-04,提案理由,https://www.city.shinjuku.lg.jp/content/000466371.pdf,656d16e61c936794fadf22c0f76ee157a7fece200caec75ef10141ab0c183db1,提案理由,学校設置者等及び民間教育保育等事業者による児童対象性暴力等の防止等のための措置に関する法律施行規則（令和7年内閣府令第104号）の施行による家庭的保育事業等の設備及び運営に関する基準（平成26年厚生労働省令第61号）の改正等に伴い、児童対象性暴力等の防止等に係る措置を新たに定めるほか、規定を整備する必要があるため,supported,dab886623cdcddf040f26dc6aab8f62a688b50326da504c79fbcbd8cfd176965
shinjuku-2026-r3-gian-70,hard,content,R70-H-05,第14条の条文,https://www.city.shinjuku.lg.jp/content/000466371.pdf,656d16e61c936794fadf22c0f76ee157a7fece200caec75ef10141ab0c183db1,第1条による第14条,家庭的保育事業者等は、法第34条の16第4項において準用する法第21条の5の18第4項の規定に基づき、児童対象性暴力等（学校設置者等及び民間教育保育等事業者による児童対象性暴力等の防止等のための措置に関する法律（令和6年法律第69号）第2条第2項に規定する児童対象性暴力等をいう。以下この条において同じ。）を防止し、及び児童対象性暴力等が行われた場合に利用乳幼児を適切に保護するため、児童等対象業務従事者（利用乳幼児と接する業務に従事する者のうち、支配性、継続性及び閉鎖性のある環境の下で当該利用乳幼児に接する者をいう。）に係る犯罪事実確認（同法第4条第1項に規定する犯罪事実確認をいう。）その他の必要な措置を講じなければならない,supported,dab886623cdcddf040f26dc6aab8f62a688b50326da504c79fbcbd8cfd176965
shinjuku-2026-r3-gian-70,hard,content,R70-H-06,第2条の改正表（第10条・第11条・第14条）,https://www.city.shinjuku.lg.jp/content/000466371.pdf,656d16e61c936794fadf22c0f76ee157a7fece200caec75ef10141ab0c183db1,第2条 規定整備,第10条の見出しを「（乳児等通園支援事業所の職員の一般的要件）」に改め、同条中「乳児等通園支援事業者」を「乳児等通園支援事業所」に改める。 … 第11条の見出し及び同条第1項中「乳児等通園支援事業者」を … 第14条の見出し中「防止」を「禁止」に改め,supported,dab886623cdcddf040f26dc6aab8f62a688b50326da504c79fbcbd8cfd176965
shinjuku-2026-r3-gian-70,hard,content,R70-H-07,第2条の改正表（第14条の2）,https://www.city.shinjuku.lg.jp/content/000466371.pdf,656d16e61c936794fadf22c0f76ee157a7fece200caec75ef10141ab0c183db1,第2条による第14条の2,第14条の2 … 乳児等通園支援事業者は、法第34条の16第4項において準用する法第21条の5の18第4項の規定に基づき,supported,dab886623cdcddf040f26dc6aab8f62a688b50326da504c79fbcbd8cfd176965
shinjuku-2026-r3-gian-70,hard,content,R70-H-08,第2条の改正表（第17条〜第28条）,https://www.city.shinjuku.lg.jp/content/000466371.pdf,656d16e61c936794fadf22c0f76ee157a7fece200caec75ef10141ab0c183db1,第2条 規定整備,第17条第7号中「並びに」を「その他の」に改める。 … 第19条第1項中「乳児等通園支援事業者」を「乳児等通園支援事業所」に改める。 … 第21条第3項中「係る利用定員」の次に「（子ども・子育て支援法（平成24年法律第65号）第27条第1項又は第29条第1項の確認において定める利用定員をいう。）」を加える。 … 第27条後段を削る。 … 第28条中「及びその」の次に「乳児等通園支援事業所の」を加える,supported,dab886623cdcddf040f26dc6aab8f62a688b50326da504c79fbcbd8cfd176965
shinjuku-2026-r3-gian-70,hard,content,R70-H-09,概要資料の説明,https://www.city.shinjuku.lg.jp/content/000464786.pdf,b84b187d220daad484c279199f10899ad35777e2a122875a21faf939baf87e0c,条例関係 第70号議案,家庭的保育事業等の設備及び運営に関する基準を定めてい … る内閣府令の改正等に伴い、児童対象性暴力等の防止等に係る … 措置を新たに定める。 … 令和 8 年 12 月 25 日,supported,dab886623cdcddf040f26dc6aab8f62a688b50326da504c79fbcbd8cfd176965
shinjuku-2026-r3-gian-70,hard,content,R70-H-10,附則,https://www.city.shinjuku.lg.jp/content/000466371.pdf,656d16e61c936794fadf22c0f76ee157a7fece200caec75ef10141ab0c183db1,附則,この条例は、令和8年12月25日から施行する,supported,dab886623cdcddf040f26dc6aab8f62a688b50326da504c79fbcbd8cfd176965
shinjuku-2026-r3-gian-70,hard,content,R70-H-11,令和8年第3回定例会（会期 9月16日〜10月15日）に提出された,https://www.city.shinjuku.lg.jp/kusei/kuseijoho01_001109_03.html,31b8240a9210c5965a74134fca286bef83cc7b5e9eb4bae326847e0a170a89d0,提出議案一覧ページ,令和8年第3回定例会（会期：9月16日～10月15日）提出案件概要を掲載しました,supported,dab886623cdcddf040f26dc6aab8f62a688b50326da504c79fbcbd8cfd176965
shinjuku-2026-r3-gian-70,hard,content,R70-H-12,作成時点（令和8年9月30日）で議決結果は公表されていない,https://www.city.shinjuku.lg.jp/content/000466371.pdf,656d16e61c936794fadf22c0f76ee157a7fece200caec75ef10141ab0c183db1,審議状況,（作成時点の審議状況の記述であり、一次資料の記載による主張ではない）,needs_source,dab886623cdcddf040f26dc6aab8f62a688b50326da504c79fbcbd8cfd176965
shinjuku-2026-r3-gian-70,hard,content,R70-H-13,現行第14条、第27条後段、「法」の題名、手続・対象数、府令と省令の関係は資料にない,https://www.city.shinjuku.lg.jp/content/000466371.pdf,656d16e61c936794fadf22c0f76ee157a7fece200caec75ef10141ab0c183db1,出典に記載がない事項,（本件は解説本文が「一次資料に記載がない」と明示している箇所であり、事実主張ではない）,needs_source,dab886623cdcddf040f26dc6aab8f62a688b50326da504c79fbcbd8cfd176965
shinjuku-2026-r3-gian-71,easy,title,R71-ET-01,見出し: 景観の条例で引用する法律の条項を直す,https://www.city.shinjuku.lg.jp/content/000464786.pdf,b84b187d220daad484c279199f10899ad35777e2a122875a21faf939baf87e0c,条例関係 第71号議案,景観法の改正により、都市再生特別措置法に基づく特定固有 … 魅力形成建築物の増築等の届出がされたときは、併せて景観法 … に基づく増築等の届出がされたものとみなす規定が追加され … たこと等に伴い、引用条項を改める。,supported,1297c1c536da5edfdf59c3711b4a6acfd7a7a6b0d0198606a6922f076a81a54e
shinjuku-2026-r3-gian-71,easy,summary,R71-ES-01,要約: 景観法の改正に伴い番号を直す,https://www.city.shinjuku.lg.jp/content/000466374.pdf,ac889aa67de864b1daf1cbc6a419afc98cf3e500a7659990b898deba5d5d9359,提案理由,都市再生特別措置法等の一部を改正する法律（令和8年法律第23号）の施行による景観法（平成16年法律第110号）の改正に伴い、規定を整備する必要があるため,supported,1297c1c536da5edfdf59c3711b4a6acfd7a7a6b0d0198606a6922f076a81a54e
shinjuku-2026-r3-gian-71,easy,summary,R71-ES-02,要約: 施行日の定め,https://www.city.shinjuku.lg.jp/content/000466374.pdf,ac889aa67de864b1daf1cbc6a419afc98cf3e500a7659990b898deba5d5d9359,附則,この条例は、都市再生特別措置法等の一部を改正する法律（令和8年法律第23号）の施行の日又はこの条例の公布の日のいずれか遅い日から施行する,supported,1297c1c536da5edfdf59c3711b4a6acfd7a7a6b0d0198606a6922f076a81a54e
shinjuku-2026-r3-gian-71,easy,content,R71-E-01,新宿区景観まちづくり条例が対象,https://www.city.shinjuku.lg.jp/content/000466374.pdf,ac889aa67de864b1daf1cbc6a419afc98cf3e500a7659990b898deba5d5d9359,議案本文,新宿区景観まちづくり条例（平成20年新宿区条例第67号）の一部を次のように改正する,supported,1297c1c536da5edfdf59c3711b4a6acfd7a7a6b0d0198606a6922f076a81a54e
shinjuku-2026-r3-gian-71,easy,content,R71-E-02,景観法の改正に伴い規定を整備する,https://www.city.shinjuku.lg.jp/content/000466374.pdf,ac889aa67de864b1daf1cbc6a419afc98cf3e500a7659990b898deba5d5d9359,提案理由,都市再生特別措置法等の一部を改正する法律（令和8年法律第23号）の施行による景観法（平成16年法律第110号）の改正に伴い、規定を整備する必要があるため,supported,1297c1c536da5edfdf59c3711b4a6acfd7a7a6b0d0198606a6922f076a81a54e
shinjuku-2026-r3-gian-71,easy,content,R71-E-03,区長が2026年9月16日に提出,https://www.city.shinjuku.lg.jp/content/000466374.pdf,ac889aa67de864b1daf1cbc6a419afc98cf3e500a7659990b898deba5d5d9359,議案本文 提出日・提出者,令和８年９月１６日 … 新宿区長 … 吉住 … 健一,supported,1297c1c536da5edfdf59c3711b4a6acfd7a7a6b0d0198606a6922f076a81a54e
shinjuku-2026-r3-gian-71,easy,content,R71-E-04,都市再生特別措置法の届出で景観法の届出とみなす規定が追加された,https://www.city.shinjuku.lg.jp/content/000464786.pdf,b84b187d220daad484c279199f10899ad35777e2a122875a21faf939baf87e0c,条例関係 第71号議案,景観法の改正により、都市再生特別措置法に基づく特定固有 … 魅力形成建築物の増築等の届出がされたときは、併せて景観法 … に基づく増築等の届出がされたものとみなす規定が追加され … たこと等に伴い、引用条項を改める。,supported,1297c1c536da5edfdf59c3711b4a6acfd7a7a6b0d0198606a6922f076a81a54e
shinjuku-2026-r3-gian-71,easy,content,R71-E-05,3か所の番号の変更,https://www.city.shinjuku.lg.jp/content/000466374.pdf,ac889aa67de864b1daf1cbc6a419afc98cf3e500a7659990b898deba5d5d9359,改め文,第12条第2項中「同条第7項各号」を「同条第8項各号」に改め、同条第3項中「第16条第7項第11号」を「第16条第8項第12号」に改める。 … 第17条中「第16条第7項各号」を「第16条第8項各号」に改める,supported,1297c1c536da5edfdf59c3711b4a6acfd7a7a6b0d0198606a6922f076a81a54e
shinjuku-2026-r3-gian-71,easy,content,R71-E-06,改正法の施行日と公布日のいずれか遅い日から,https://www.city.shinjuku.lg.jp/content/000466374.pdf,ac889aa67de864b1daf1cbc6a419afc98cf3e500a7659990b898deba5d5d9359,附則,この条例は、都市再生特別措置法等の一部を改正する法律（令和8年法律第23号）の施行の日又はこの条例の公布の日のいずれか遅い日から施行する,supported,1297c1c536da5edfdf59c3711b4a6acfd7a7a6b0d0198606a6922f076a81a54e
shinjuku-2026-r3-gian-71,easy,content,R71-E-07,令和8年第3回定例会（会期 9月16日〜10月15日）に提出された,https://www.city.shinjuku.lg.jp/kusei/kuseijoho01_001109_03.html,31b8240a9210c5965a74134fca286bef83cc7b5e9eb4bae326847e0a170a89d0,提出議案一覧ページ,令和8年第3回定例会（会期：9月16日～10月15日）提出案件概要を掲載しました,supported,1297c1c536da5edfdf59c3711b4a6acfd7a7a6b0d0198606a6922f076a81a54e
shinjuku-2026-r3-gian-71,easy,content,R71-E-08,作成時点（令和8年9月30日）で議決結果は公表されていない,https://www.city.shinjuku.lg.jp/content/000466374.pdf,ac889aa67de864b1daf1cbc6a419afc98cf3e500a7659990b898deba5d5d9359,審議状況,（作成時点の審議状況の記述であり、一次資料の記載による主張ではない）,needs_source,1297c1c536da5edfdf59c3711b4a6acfd7a7a6b0d0198606a6922f076a81a54e
shinjuku-2026-r3-gian-71,easy,content,R71-E-09,改正法の施行日、手続の変化は書かれていない,https://www.city.shinjuku.lg.jp/content/000466374.pdf,ac889aa67de864b1daf1cbc6a419afc98cf3e500a7659990b898deba5d5d9359,出典に記載がない事項,（本件は解説本文が「一次資料に記載がない」と明示している箇所であり、事実主張ではない）,needs_source,1297c1c536da5edfdf59c3711b4a6acfd7a7a6b0d0198606a6922f076a81a54e
shinjuku-2026-r3-gian-71,normal,title,R71-NT-01,見出し: 景観法の改正に合わせた引用条項の整理,https://www.city.shinjuku.lg.jp/content/000464786.pdf,b84b187d220daad484c279199f10899ad35777e2a122875a21faf939baf87e0c,条例関係 第71号議案,景観法の改正により、都市再生特別措置法に基づく特定固有 … 魅力形成建築物の増築等の届出がされたときは、併せて景観法 … に基づく増築等の届出がされたものとみなす規定が追加され … たこと等に伴い、引用条項を改める。,supported,ef5977413e783a9a1d269ab9dc0f23d7d99320925ab6dbb4c25f66e154afa993
shinjuku-2026-r3-gian-71,normal,summary,R71-NS-01,要約: 引用条項の番号を改める,https://www.city.shinjuku.lg.jp/content/000466374.pdf,ac889aa67de864b1daf1cbc6a419afc98cf3e500a7659990b898deba5d5d9359,改め文,第12条第2項中「同条第7項各号」を「同条第8項各号」に改め、同条第3項中「第16条第7項第11号」を「第16条第8項第12号」に改める。 … 第17条中「第16条第7項各号」を「第16条第8項各号」に改める,supported,ef5977413e783a9a1d269ab9dc0f23d7d99320925ab6dbb4c25f66e154afa993
shinjuku-2026-r3-gian-71,normal,summary,R71-NS-02,要約: 施行日,https://www.city.shinjuku.lg.jp/content/000466374.pdf,ac889aa67de864b1daf1cbc6a419afc98cf3e500a7659990b898deba5d5d9359,附則,この条例は、都市再生特別措置法等の一部を改正する法律（令和8年法律第23号）の施行の日又はこの条例の公布の日のいずれか遅い日から施行する,supported,ef5977413e783a9a1d269ab9dc0f23d7d99320925ab6dbb4c25f66e154afa993
shinjuku-2026-r3-gian-71,normal,content,R71-N-01,令和8年9月16日に区長が提出、平成20年新宿区条例第67号,https://www.city.shinjuku.lg.jp/content/000466374.pdf,ac889aa67de864b1daf1cbc6a419afc98cf3e500a7659990b898deba5d5d9359,議案本文,新宿区景観まちづくり条例（平成20年新宿区条例第67号）の一部を次のように改正する,supported,ef5977413e783a9a1d269ab9dc0f23d7d99320925ab6dbb4c25f66e154afa993
shinjuku-2026-r3-gian-71,normal,content,R71-N-02,提出日,https://www.city.shinjuku.lg.jp/content/000466374.pdf,ac889aa67de864b1daf1cbc6a419afc98cf3e500a7659990b898deba5d5d9359,議案本文 提出日・提出者,令和８年９月１６日 … 新宿区長 … 吉住 … 健一,supported,ef5977413e783a9a1d269ab9dc0f23d7d99320925ab6dbb4c25f66e154afa993
shinjuku-2026-r3-gian-71,normal,content,R71-N-03,概要資料の説明,https://www.city.shinjuku.lg.jp/content/000464786.pdf,b84b187d220daad484c279199f10899ad35777e2a122875a21faf939baf87e0c,条例関係 第71号議案,景観法の改正により、都市再生特別措置法に基づく特定固有 … 魅力形成建築物の増築等の届出がされたときは、併せて景観法 … に基づく増築等の届出がされたものとみなす規定が追加され … たこと等に伴い、引用条項を改める。,supported,ef5977413e783a9a1d269ab9dc0f23d7d99320925ab6dbb4c25f66e154afa993
shinjuku-2026-r3-gian-71,normal,content,R71-N-04,提案理由,https://www.city.shinjuku.lg.jp/content/000466374.pdf,ac889aa67de864b1daf1cbc6a419afc98cf3e500a7659990b898deba5d5d9359,提案理由,都市再生特別措置法等の一部を改正する法律（令和8年法律第23号）の施行による景観法（平成16年法律第110号）の改正に伴い、規定を整備する必要があるため,supported,ef5977413e783a9a1d269ab9dc0f23d7d99320925ab6dbb4c25f66e154afa993
shinjuku-2026-r3-gian-71,normal,content,R71-N-05,改正箇所の表,https://www.city.shinjuku.lg.jp/content/000466374.pdf,ac889aa67de864b1daf1cbc6a419afc98cf3e500a7659990b898deba5d5d9359,改め文,第12条第2項中「同条第7項各号」を「同条第8項各号」に改め、同条第3項中「第16条第7項第11号」を「第16条第8項第12号」に改める。 … 第17条中「第16条第7項各号」を「第16条第8項各号」に改める,supported,ef5977413e783a9a1d269ab9dc0f23d7d99320925ab6dbb4c25f66e154afa993
shinjuku-2026-r3-gian-71,normal,content,R71-N-06,施行日,https://www.city.shinjuku.lg.jp/content/000466374.pdf,ac889aa67de864b1daf1cbc6a419afc98cf3e500a7659990b898deba5d5d9359,附則,この条例は、都市再生特別措置法等の一部を改正する法律（令和8年法律第23号）の施行の日又はこの条例の公布の日のいずれか遅い日から施行する,supported,ef5977413e783a9a1d269ab9dc0f23d7d99320925ab6dbb4c25f66e154afa993
shinjuku-2026-r3-gian-71,normal,content,R71-N-07,令和8年第3回定例会（会期 9月16日〜10月15日）に提出された,https://www.city.shinjuku.lg.jp/kusei/kuseijoho01_001109_03.html,31b8240a9210c5965a74134fca286bef83cc7b5e9eb4bae326847e0a170a89d0,提出議案一覧ページ,令和8年第3回定例会（会期：9月16日～10月15日）提出案件概要を掲載しました,supported,ef5977413e783a9a1d269ab9dc0f23d7d99320925ab6dbb4c25f66e154afa993
shinjuku-2026-r3-gian-71,normal,content,R71-N-08,作成時点（令和8年9月30日）で議決結果は公表されていない,https://www.city.shinjuku.lg.jp/content/000466374.pdf,ac889aa67de864b1daf1cbc6a419afc98cf3e500a7659990b898deba5d5d9359,審議状況,（作成時点の審議状況の記述であり、一次資料の記載による主張ではない）,needs_source,ef5977413e783a9a1d269ab9dc0f23d7d99320925ab6dbb4c25f66e154afa993
shinjuku-2026-r3-gian-71,normal,content,R71-N-09,施行日、届出手続の変化、対象建築物は書かれていない,https://www.city.shinjuku.lg.jp/content/000466374.pdf,ac889aa67de864b1daf1cbc6a419afc98cf3e500a7659990b898deba5d5d9359,出典に記載がない事項,（本件は解説本文が「一次資料に記載がない」と明示している箇所であり、事実主張ではない）,needs_source,ef5977413e783a9a1d269ab9dc0f23d7d99320925ab6dbb4c25f66e154afa993
shinjuku-2026-r3-gian-71,hard,title,R71-HT-01,見出し: 議案名,https://www.city.shinjuku.lg.jp/content/000466374.pdf,ac889aa67de864b1daf1cbc6a419afc98cf3e500a7659990b898deba5d5d9359,議案本文,新宿区景観まちづくり条例（平成20年新宿区条例第67号）の一部を次のように改正する,supported,5738e949eb18b475b71b092862ea4fee146d1f4fdba5373e104879a0e27e6fdb
shinjuku-2026-r3-gian-71,hard,summary,R71-HS-01,要約: 改め文,https://www.city.shinjuku.lg.jp/content/000466374.pdf,ac889aa67de864b1daf1cbc6a419afc98cf3e500a7659990b898deba5d5d9359,改め文,第12条第2項中「同条第7項各号」を「同条第8項各号」に改め、同条第3項中「第16条第7項第11号」を「第16条第8項第12号」に改める。 … 第17条中「第16条第7項各号」を「第16条第8項各号」に改める,supported,5738e949eb18b475b71b092862ea4fee146d1f4fdba5373e104879a0e27e6fdb
shinjuku-2026-r3-gian-71,hard,summary,R71-HS-02,要約: 提案理由,https://www.city.shinjuku.lg.jp/content/000466374.pdf,ac889aa67de864b1daf1cbc6a419afc98cf3e500a7659990b898deba5d5d9359,提案理由,都市再生特別措置法等の一部を改正する法律（令和8年法律第23号）の施行による景観法（平成16年法律第110号）の改正に伴い、規定を整備する必要があるため,supported,5738e949eb18b475b71b092862ea4fee146d1f4fdba5373e104879a0e27e6fdb
shinjuku-2026-r3-gian-71,hard,summary,R71-HS-03,要約: 施行日,https://www.city.shinjuku.lg.jp/content/000466374.pdf,ac889aa67de864b1daf1cbc6a419afc98cf3e500a7659990b898deba5d5d9359,附則,この条例は、都市再生特別措置法等の一部を改正する法律（令和8年法律第23号）の施行の日又はこの条例の公布の日のいずれか遅い日から施行する,supported,5738e949eb18b475b71b092862ea4fee146d1f4fdba5373e104879a0e27e6fdb
shinjuku-2026-r3-gian-71,hard,content,R71-H-01,提出日・提出者,https://www.city.shinjuku.lg.jp/content/000466374.pdf,ac889aa67de864b1daf1cbc6a419afc98cf3e500a7659990b898deba5d5d9359,議案本文 提出日・提出者,令和８年９月１６日 … 新宿区長 … 吉住 … 健一,supported,5738e949eb18b475b71b092862ea4fee146d1f4fdba5373e104879a0e27e6fdb
shinjuku-2026-r3-gian-71,hard,content,R71-H-02,対象条例,https://www.city.shinjuku.lg.jp/content/000466374.pdf,ac889aa67de864b1daf1cbc6a419afc98cf3e500a7659990b898deba5d5d9359,議案本文,新宿区景観まちづくり条例（平成20年新宿区条例第67号）の一部を次のように改正する,supported,5738e949eb18b475b71b092862ea4fee146d1f4fdba5373e104879a0e27e6fdb
shinjuku-2026-r3-gian-71,hard,content,R71-H-03,提案理由,https://www.city.shinjuku.lg.jp/content/000466374.pdf,ac889aa67de864b1daf1cbc6a419afc98cf3e500a7659990b898deba5d5d9359,提案理由,都市再生特別措置法等の一部を改正する法律（令和8年法律第23号）の施行による景観法（平成16年法律第110号）の改正に伴い、規定を整備する必要があるため,supported,5738e949eb18b475b71b092862ea4fee146d1f4fdba5373e104879a0e27e6fdb
shinjuku-2026-r3-gian-71,hard,content,R71-H-04,改め文,https://www.city.shinjuku.lg.jp/content/000466374.pdf,ac889aa67de864b1daf1cbc6a419afc98cf3e500a7659990b898deba5d5d9359,改め文,第12条第2項中「同条第7項各号」を「同条第8項各号」に改め、同条第3項中「第16条第7項第11号」を「第16条第8項第12号」に改める。 … 第17条中「第16条第7項各号」を「第16条第8項各号」に改める,supported,5738e949eb18b475b71b092862ea4fee146d1f4fdba5373e104879a0e27e6fdb
shinjuku-2026-r3-gian-71,hard,content,R71-H-05,概要資料の説明,https://www.city.shinjuku.lg.jp/content/000464786.pdf,b84b187d220daad484c279199f10899ad35777e2a122875a21faf939baf87e0c,条例関係 第71号議案,景観法の改正により、都市再生特別措置法に基づく特定固有 … 魅力形成建築物の増築等の届出がされたときは、併せて景観法 … に基づく増築等の届出がされたものとみなす規定が追加され … たこと等に伴い、引用条項を改める。,supported,5738e949eb18b475b71b092862ea4fee146d1f4fdba5373e104879a0e27e6fdb
shinjuku-2026-r3-gian-71,hard,content,R71-H-06,項・号が1つずつ追加されたことと整合（改め文の番号変更からの読み取り）,https://www.city.shinjuku.lg.jp/content/000466374.pdf,ac889aa67de864b1daf1cbc6a419afc98cf3e500a7659990b898deba5d5d9359,改め文,第12条第2項中「同条第7項各号」を「同条第8項各号」に改め、同条第3項中「第16条第7項第11号」を「第16条第8項第12号」に改める。 … 第17条中「第16条第7項各号」を「第16条第8項各号」に改める,supported,5738e949eb18b475b71b092862ea4fee146d1f4fdba5373e104879a0e27e6fdb
shinjuku-2026-r3-gian-71,hard,content,R71-H-07,附則,https://www.city.shinjuku.lg.jp/content/000466374.pdf,ac889aa67de864b1daf1cbc6a419afc98cf3e500a7659990b898deba5d5d9359,附則,この条例は、都市再生特別措置法等の一部を改正する法律（令和8年法律第23号）の施行の日又はこの条例の公布の日のいずれか遅い日から施行する,supported,5738e949eb18b475b71b092862ea4fee146d1f4fdba5373e104879a0e27e6fdb
shinjuku-2026-r3-gian-71,hard,content,R71-H-08,令和8年第3回定例会（会期 9月16日〜10月15日）に提出された,https://www.city.shinjuku.lg.jp/kusei/kuseijoho01_001109_03.html,31b8240a9210c5965a74134fca286bef83cc7b5e9eb4bae326847e0a170a89d0,提出議案一覧ページ,令和8年第3回定例会（会期：9月16日～10月15日）提出案件概要を掲載しました,supported,5738e949eb18b475b71b092862ea4fee146d1f4fdba5373e104879a0e27e6fdb
shinjuku-2026-r3-gian-71,hard,content,R71-H-09,作成時点（令和8年9月30日）で議決結果は公表されていない,https://www.city.shinjuku.lg.jp/content/000466374.pdf,ac889aa67de864b1daf1cbc6a419afc98cf3e500a7659990b898deba5d5d9359,審議状況,（作成時点の審議状況の記述であり、一次資料の記載による主張ではない）,needs_source,5738e949eb18b475b71b092862ea4fee146d1f4fdba5373e104879a0e27e6fdb
shinjuku-2026-r3-gian-71,hard,content,R71-H-10,改正法の施行日、引用先の特定、対象建築物、運用への影響は資料にない,https://www.city.shinjuku.lg.jp/content/000466374.pdf,ac889aa67de864b1daf1cbc6a419afc98cf3e500a7659990b898deba5d5d9359,出典に記載がない事項,（本件は解説本文が「一次資料に記載がない」と明示している箇所であり、事実主張ではない）,needs_source,5738e949eb18b475b71b092862ea4fee146d1f4fdba5373e104879a0e27e6fdb
shinjuku-2026-r3-gian-72,easy,title,R72-ET-01,見出し: 介護補償と葬祭補償の額を上げる,https://www.city.shinjuku.lg.jp/content/000466375.pdf,ee89a4b9e81957a3768ff4e66d91ef7825c884338c9f199f4cc829297c96f534,改め文,"第13条第2項第2号中「8万5,490円」を「9万790円」に改め、同項第4号中「4万2,700円」を「4万5,400円」に改める。 … 第27条中「31万5,000円」を「33万円」に改める",supported,656123e8e8360bd100482d1384824dea9dcc940041264cf0e7abd4c73f49ad9b
shinjuku-2026-r3-gian-72,easy,summary,R72-ES-01,要約: 区立学校の学校医・学校歯科医・学校薬剤師,https://www.city.shinjuku.lg.jp/content/000466375.pdf,ee89a4b9e81957a3768ff4e66d91ef7825c884338c9f199f4cc829297c96f534,議案本文,新宿区立の小学校、中学校及び特別支援学校の非常勤の学校医、学校歯科医及び学校薬剤師の公務災害補償に関する条例（平成 … 14年 … 新宿区条例第24号）の一部を次のように改正する,supported,656123e8e8360bd100482d1384824dea9dcc940041264cf0e7abd4c73f49ad9b
shinjuku-2026-r3-gian-72,easy,summary,R72-ES-02,要約: 介護補償の最低保障額と葬祭補償を上げる,https://www.city.shinjuku.lg.jp/content/000464786.pdf,b84b187d220daad484c279199f10899ad35777e2a122875a21faf939baf87e0c,条例関係 第72号議案 介護補償・葬祭補償,"常時介護を要 最高限度額 186,050 円 改定なし … 最低保障額 85,490 円 90,790 円 … 随時介護を要 最高限度額 92,980 円 改定なし … 最低保障額 42,700 円 45,400 円 … 31 万 5,000 円 ＋ 補償基礎額×30 … 33 万円 ＋ 補償基礎額×30 … 令 和 8 年 11 月 1 日",supported,656123e8e8360bd100482d1384824dea9dcc940041264cf0e7abd4c73f49ad9b
shinjuku-2026-r3-gian-72,easy,summary,R72-ES-03,要約: 施行2026年11月1日、適用2026年9月1日,https://www.city.shinjuku.lg.jp/content/000466375.pdf,ee89a4b9e81957a3768ff4e66d91ef7825c884338c9f199f4cc829297c96f534,附則 第2項,第13条第2項及び第27条の規定は、令和8年9月1日（以下「適用日」という。）以後に支給すべき事由が生じた介護補償及び葬祭補償について適用し、適用日前に支給すべき事由が生じた介護補償及び葬祭補償については、なお従前の例による,supported,656123e8e8360bd100482d1384824dea9dcc940041264cf0e7abd4c73f49ad9b
shinjuku-2026-r3-gian-72,easy,content,R72-E-01,区立の小中・特別支援学校の非常勤の学校医等の公務災害補償,https://www.city.shinjuku.lg.jp/content/000466375.pdf,ee89a4b9e81957a3768ff4e66d91ef7825c884338c9f199f4cc829297c96f534,議案本文,新宿区立の小学校、中学校及び特別支援学校の非常勤の学校医、学校歯科医及び学校薬剤師の公務災害補償に関する条例（平成 … 14年 … 新宿区条例第24号）の一部を次のように改正する,supported,656123e8e8360bd100482d1384824dea9dcc940041264cf0e7abd4c73f49ad9b
shinjuku-2026-r3-gian-72,easy,content,R72-E-02,介護補償と葬祭補償の額を改定,https://www.city.shinjuku.lg.jp/content/000466375.pdf,ee89a4b9e81957a3768ff4e66d91ef7825c884338c9f199f4cc829297c96f534,提案理由,公立学校の学校医、学校歯科医及び学校薬剤師の公務災害補償の基準を定める政令の一部を改正する政令（令和8年政令第165号）の施行等に伴い、介護補償の額及び葬祭補償の額を改定する必要があるため,supported,656123e8e8360bd100482d1384824dea9dcc940041264cf0e7abd4c73f49ad9b
shinjuku-2026-r3-gian-72,easy,content,R72-E-03,区長が2026年9月16日に提出,https://www.city.shinjuku.lg.jp/content/000466375.pdf,ee89a4b9e81957a3768ff4e66d91ef7825c884338c9f199f4cc829297c96f534,議案本文 提出日・提出者,令和８年９月１６日 … 新宿区長 … 吉住 … 健一,supported,656123e8e8360bd100482d1384824dea9dcc940041264cf0e7abd4c73f49ad9b
shinjuku-2026-r3-gian-72,easy,content,R72-E-04,都立学校の条例の改正に合わせる（概要資料）,https://www.city.shinjuku.lg.jp/content/000464786.pdf,b84b187d220daad484c279199f10899ad35777e2a122875a21faf939baf87e0c,条例関係 第72号議案,区立学校医等の公務災害補償額の算定基礎としている都立 … 学校の学校医、学校歯科医及び学校薬剤師の公務災害補償に関 … する条例の改正に合わせ、次のとおり介護補償の額及び葬祭補 … 償の額を改定する。,supported,656123e8e8360bd100482d1384824dea9dcc940041264cf0e7abd4c73f49ad9b
shinjuku-2026-r3-gian-72,easy,content,R72-E-05,議案には国の政令の改正も理由として書かれている,https://www.city.shinjuku.lg.jp/content/000466375.pdf,ee89a4b9e81957a3768ff4e66d91ef7825c884338c9f199f4cc829297c96f534,提案理由,公立学校の学校医、学校歯科医及び学校薬剤師の公務災害補償の基準を定める政令の一部を改正する政令（令和8年政令第165号）の施行等に伴い、介護補償の額及び葬祭補償の額を改定する必要があるため,supported,656123e8e8360bd100482d1384824dea9dcc940041264cf0e7abd4c73f49ad9b
shinjuku-2026-r3-gian-72,easy,content,R72-E-06,介護補償の表（最高限度額は改定なし、最低保障額を引き上げ）,https://www.city.shinjuku.lg.jp/content/000464786.pdf,b84b187d220daad484c279199f10899ad35777e2a122875a21faf939baf87e0c,条例関係 第72号議案 介護補償・葬祭補償,"常時介護を要 最高限度額 186,050 円 改定なし … 最低保障額 85,490 円 90,790 円 … 随時介護を要 最高限度額 92,980 円 改定なし … 最低保障額 42,700 円 45,400 円 … 31 万 5,000 円 ＋ 補償基礎額×30 … 33 万円 ＋ 補償基礎額×30 … 令 和 8 年 11 月 1 日",supported,656123e8e8360bd100482d1384824dea9dcc940041264cf0e7abd4c73f49ad9b
shinjuku-2026-r3-gian-72,easy,content,R72-E-07,"葬祭補償 31万5,000円→33万円（＋補償基礎額×30）",https://www.city.shinjuku.lg.jp/content/000466375.pdf,ee89a4b9e81957a3768ff4e66d91ef7825c884338c9f199f4cc829297c96f534,改め文,"第13条第2項第2号中「8万5,490円」を「9万790円」に改め、同項第4号中「4万2,700円」を「4万5,400円」に改める。 … 第27条中「31万5,000円」を「33万円」に改める",supported,656123e8e8360bd100482d1384824dea9dcc940041264cf0e7abd4c73f49ad9b
shinjuku-2026-r3-gian-72,easy,content,R72-E-08,施行2026年（令和8年）11月1日（日）,https://www.city.shinjuku.lg.jp/content/000466375.pdf,ee89a4b9e81957a3768ff4e66d91ef7825c884338c9f199f4cc829297c96f534,附則 第1項,この条例は、令和8年11月1日から施行する,supported,656123e8e8360bd100482d1384824dea9dcc940041264cf0e7abd4c73f49ad9b
shinjuku-2026-r3-gian-72,easy,content,R72-E-09,適用2026年9月1日（火）以後の事由,https://www.city.shinjuku.lg.jp/content/000466375.pdf,ee89a4b9e81957a3768ff4e66d91ef7825c884338c9f199f4cc829297c96f534,附則 第2項,第13条第2項及び第27条の規定は、令和8年9月1日（以下「適用日」という。）以後に支給すべき事由が生じた介護補償及び葬祭補償について適用し、適用日前に支給すべき事由が生じた介護補償及び葬祭補償については、なお従前の例による,supported,656123e8e8360bd100482d1384824dea9dcc940041264cf0e7abd4c73f49ad9b
shinjuku-2026-r3-gian-72,easy,content,R72-E-10,旧額の支払いは内払いとみなす,https://www.city.shinjuku.lg.jp/content/000466375.pdf,ee89a4b9e81957a3768ff4e66d91ef7825c884338c9f199f4cc829297c96f534,附則 第3項,として支払われた金額は、これらに相当する改正後の条例の規定に基づく補償の内払とみなす,supported,656123e8e8360bd100482d1384824dea9dcc940041264cf0e7abd4c73f49ad9b
shinjuku-2026-r3-gian-72,easy,content,R72-E-11,令和8年第3回定例会（会期 9月16日〜10月15日）に提出された,https://www.city.shinjuku.lg.jp/kusei/kuseijoho01_001109_03.html,31b8240a9210c5965a74134fca286bef83cc7b5e9eb4bae326847e0a170a89d0,提出議案一覧ページ,令和8年第3回定例会（会期：9月16日～10月15日）提出案件概要を掲載しました,supported,656123e8e8360bd100482d1384824dea9dcc940041264cf0e7abd4c73f49ad9b
shinjuku-2026-r3-gian-72,easy,content,R72-E-12,作成時点（令和8年9月30日）で議決結果は公表されていない,https://www.city.shinjuku.lg.jp/content/000466375.pdf,ee89a4b9e81957a3768ff4e66d91ef7825c884338c9f199f4cc829297c96f534,審議状況,（作成時点の審議状況の記述であり、一次資料の記載による主張ではない）,needs_source,656123e8e8360bd100482d1384824dea9dcc940041264cf0e7abd4c73f49ad9b
shinjuku-2026-r3-gian-72,easy,content,R72-E-13,受給者数、支出増は書かれていない,https://www.city.shinjuku.lg.jp/content/000466375.pdf,ee89a4b9e81957a3768ff4e66d91ef7825c884338c9f199f4cc829297c96f534,出典に記載がない事項,（本件は解説本文が「一次資料に記載がない」と明示している箇所であり、事実主張ではない）,needs_source,656123e8e8360bd100482d1384824dea9dcc940041264cf0e7abd4c73f49ad9b
shinjuku-2026-r3-gian-72,normal,title,R72-NT-01,見出し: 介護補償・葬祭補償の額を引き上げ,https://www.city.shinjuku.lg.jp/content/000466375.pdf,ee89a4b9e81957a3768ff4e66d91ef7825c884338c9f199f4cc829297c96f534,改め文,"第13条第2項第2号中「8万5,490円」を「9万790円」に改め、同項第4号中「4万2,700円」を「4万5,400円」に改める。 … 第27条中「31万5,000円」を「33万円」に改める",supported,79cde336546405306c2b004a524f88deaeca827648f4c65fa414968986e8dd02
shinjuku-2026-r3-gian-72,normal,summary,R72-NS-01,要約: 最低保障額と葬祭補償の引き上げ額,https://www.city.shinjuku.lg.jp/content/000464786.pdf,b84b187d220daad484c279199f10899ad35777e2a122875a21faf939baf87e0c,条例関係 第72号議案 介護補償・葬祭補償,"常時介護を要 最高限度額 186,050 円 改定なし … 最低保障額 85,490 円 90,790 円 … 随時介護を要 最高限度額 92,980 円 改定なし … 最低保障額 42,700 円 45,400 円 … 31 万 5,000 円 ＋ 補償基礎額×30 … 33 万円 ＋ 補償基礎額×30 … 令 和 8 年 11 月 1 日",supported,79cde336546405306c2b004a524f88deaeca827648f4c65fa414968986e8dd02
shinjuku-2026-r3-gian-72,normal,summary,R72-NS-02,要約: 施行日・適用日,https://www.city.shinjuku.lg.jp/content/000466375.pdf,ee89a4b9e81957a3768ff4e66d91ef7825c884338c9f199f4cc829297c96f534,附則 第2項,第13条第2項及び第27条の規定は、令和8年9月1日（以下「適用日」という。）以後に支給すべき事由が生じた介護補償及び葬祭補償について適用し、適用日前に支給すべき事由が生じた介護補償及び葬祭補償については、なお従前の例による,supported,79cde336546405306c2b004a524f88deaeca827648f4c65fa414968986e8dd02
shinjuku-2026-r3-gian-72,normal,content,R72-N-01,令和8年9月16日に区長が提出、平成14年新宿区条例第24号,https://www.city.shinjuku.lg.jp/content/000466375.pdf,ee89a4b9e81957a3768ff4e66d91ef7825c884338c9f199f4cc829297c96f534,議案本文,新宿区立の小学校、中学校及び特別支援学校の非常勤の学校医、学校歯科医及び学校薬剤師の公務災害補償に関する条例（平成 … 14年 … 新宿区条例第24号）の一部を次のように改正する,supported,79cde336546405306c2b004a524f88deaeca827648f4c65fa414968986e8dd02
shinjuku-2026-r3-gian-72,normal,content,R72-N-02,提出日,https://www.city.shinjuku.lg.jp/content/000466375.pdf,ee89a4b9e81957a3768ff4e66d91ef7825c884338c9f199f4cc829297c96f534,議案本文 提出日・提出者,令和８年９月１６日 … 新宿区長 … 吉住 … 健一,supported,79cde336546405306c2b004a524f88deaeca827648f4c65fa414968986e8dd02
shinjuku-2026-r3-gian-72,normal,content,R72-N-03,概要資料の説明,https://www.city.shinjuku.lg.jp/content/000464786.pdf,b84b187d220daad484c279199f10899ad35777e2a122875a21faf939baf87e0c,条例関係 第72号議案,区立学校医等の公務災害補償額の算定基礎としている都立 … 学校の学校医、学校歯科医及び学校薬剤師の公務災害補償に関 … する条例の改正に合わせ、次のとおり介護補償の額及び葬祭補 … 償の額を改定する。,supported,79cde336546405306c2b004a524f88deaeca827648f4c65fa414968986e8dd02
shinjuku-2026-r3-gian-72,normal,content,R72-N-04,提案理由,https://www.city.shinjuku.lg.jp/content/000466375.pdf,ee89a4b9e81957a3768ff4e66d91ef7825c884338c9f199f4cc829297c96f534,提案理由,公立学校の学校医、学校歯科医及び学校薬剤師の公務災害補償の基準を定める政令の一部を改正する政令（令和8年政令第165号）の施行等に伴い、介護補償の額及び葬祭補償の額を改定する必要があるため,supported,79cde336546405306c2b004a524f88deaeca827648f4c65fa414968986e8dd02
shinjuku-2026-r3-gian-72,normal,content,R72-N-05,介護補償の額の表,https://www.city.shinjuku.lg.jp/content/000464786.pdf,b84b187d220daad484c279199f10899ad35777e2a122875a21faf939baf87e0c,条例関係 第72号議案 介護補償・葬祭補償,"常時介護を要 最高限度額 186,050 円 改定なし … 最低保障額 85,490 円 90,790 円 … 随時介護を要 最高限度額 92,980 円 改定なし … 最低保障額 42,700 円 45,400 円 … 31 万 5,000 円 ＋ 補償基礎額×30 … 33 万円 ＋ 補償基礎額×30 … 令 和 8 年 11 月 1 日",supported,79cde336546405306c2b004a524f88deaeca827648f4c65fa414968986e8dd02
shinjuku-2026-r3-gian-72,normal,content,R72-N-06,葬祭補償の額,https://www.city.shinjuku.lg.jp/content/000466375.pdf,ee89a4b9e81957a3768ff4e66d91ef7825c884338c9f199f4cc829297c96f534,改め文,"第13条第2項第2号中「8万5,490円」を「9万790円」に改め、同項第4号中「4万2,700円」を「4万5,400円」に改める。 … 第27条中「31万5,000円」を「33万円」に改める",supported,79cde336546405306c2b004a524f88deaeca827648f4c65fa414968986e8dd02
shinjuku-2026-r3-gian-72,normal,content,R72-N-07,施行日,https://www.city.shinjuku.lg.jp/content/000466375.pdf,ee89a4b9e81957a3768ff4e66d91ef7825c884338c9f199f4cc829297c96f534,附則 第1項,この条例は、令和8年11月1日から施行する,supported,79cde336546405306c2b004a524f88deaeca827648f4c65fa414968986e8dd02
shinjuku-2026-r3-gian-72,normal,content,R72-N-08,適用日と適用範囲,https://www.city.shinjuku.lg.jp/content/000466375.pdf,ee89a4b9e81957a3768ff4e66d91ef7825c884338c9f199f4cc829297c96f534,附則 第2項,第13条第2項及び第27条の規定は、令和8年9月1日（以下「適用日」という。）以後に支給すべき事由が生じた介護補償及び葬祭補償について適用し、適用日前に支給すべき事由が生じた介護補償及び葬祭補償については、なお従前の例による,supported,79cde336546405306c2b004a524f88deaeca827648f4c65fa414968986e8dd02
shinjuku-2026-r3-gian-72,normal,content,R72-N-09,内払い,https://www.city.shinjuku.lg.jp/content/000466375.pdf,ee89a4b9e81957a3768ff4e66d91ef7825c884338c9f199f4cc829297c96f534,附則 第3項,として支払われた金額は、これらに相当する改正後の条例の規定に基づく補償の内払とみなす,supported,79cde336546405306c2b004a524f88deaeca827648f4c65fa414968986e8dd02
shinjuku-2026-r3-gian-72,normal,content,R72-N-10,令和8年第3回定例会（会期 9月16日〜10月15日）に提出された,https://www.city.shinjuku.lg.jp/kusei/kuseijoho01_001109_03.html,31b8240a9210c5965a74134fca286bef83cc7b5e9eb4bae326847e0a170a89d0,提出議案一覧ページ,令和8年第3回定例会（会期：9月16日～10月15日）提出案件概要を掲載しました,supported,79cde336546405306c2b004a524f88deaeca827648f4c65fa414968986e8dd02
shinjuku-2026-r3-gian-72,normal,content,R72-N-11,作成時点（令和8年9月30日）で議決結果は公表されていない,https://www.city.shinjuku.lg.jp/content/000466375.pdf,ee89a4b9e81957a3768ff4e66d91ef7825c884338c9f199f4cc829297c96f534,審議状況,（作成時点の審議状況の記述であり、一次資料の記載による主張ではない）,needs_source,79cde336546405306c2b004a524f88deaeca827648f4c65fa414968986e8dd02
shinjuku-2026-r3-gian-72,normal,content,R72-N-12,受給者数、支出増、都条例の改正内容は書かれていない,https://www.city.shinjuku.lg.jp/content/000466375.pdf,ee89a4b9e81957a3768ff4e66d91ef7825c884338c9f199f4cc829297c96f534,出典に記載がない事項,（本件は解説本文が「一次資料に記載がない」と明示している箇所であり、事実主張ではない）,needs_source,79cde336546405306c2b004a524f88deaeca827648f4c65fa414968986e8dd02
shinjuku-2026-r3-gian-72,hard,title,R72-HT-01,見出し: 議案名,https://www.city.shinjuku.lg.jp/content/000466375.pdf,ee89a4b9e81957a3768ff4e66d91ef7825c884338c9f199f4cc829297c96f534,議案本文,新宿区立の小学校、中学校及び特別支援学校の非常勤の学校医、学校歯科医及び学校薬剤師の公務災害補償に関する条例（平成 … 14年 … 新宿区条例第24号）の一部を次のように改正する,supported,5ec710e08f1278f50794a3157e827a0d33b94f0360f05c3ae316daace0b4f0ad
shinjuku-2026-r3-gian-72,hard,summary,R72-HS-01,要約: 改め文の3か所,https://www.city.shinjuku.lg.jp/content/000466375.pdf,ee89a4b9e81957a3768ff4e66d91ef7825c884338c9f199f4cc829297c96f534,改め文,"第13条第2項第2号中「8万5,490円」を「9万790円」に改め、同項第4号中「4万2,700円」を「4万5,400円」に改める。 … 第27条中「31万5,000円」を「33万円」に改める",supported,5ec710e08f1278f50794a3157e827a0d33b94f0360f05c3ae316daace0b4f0ad
shinjuku-2026-r3-gian-72,hard,summary,R72-HS-02,要約: 施行日・適用日・内払,https://www.city.shinjuku.lg.jp/content/000466375.pdf,ee89a4b9e81957a3768ff4e66d91ef7825c884338c9f199f4cc829297c96f534,附則 第2項,第13条第2項及び第27条の規定は、令和8年9月1日（以下「適用日」という。）以後に支給すべき事由が生じた介護補償及び葬祭補償について適用し、適用日前に支給すべき事由が生じた介護補償及び葬祭補償については、なお従前の例による,supported,5ec710e08f1278f50794a3157e827a0d33b94f0360f05c3ae316daace0b4f0ad
shinjuku-2026-r3-gian-72,hard,content,R72-H-01,提出日・提出者,https://www.city.shinjuku.lg.jp/content/000466375.pdf,ee89a4b9e81957a3768ff4e66d91ef7825c884338c9f199f4cc829297c96f534,議案本文 提出日・提出者,令和８年９月１６日 … 新宿区長 … 吉住 … 健一,supported,5ec710e08f1278f50794a3157e827a0d33b94f0360f05c3ae316daace0b4f0ad
shinjuku-2026-r3-gian-72,hard,content,R72-H-02,対象条例,https://www.city.shinjuku.lg.jp/content/000466375.pdf,ee89a4b9e81957a3768ff4e66d91ef7825c884338c9f199f4cc829297c96f534,議案本文,新宿区立の小学校、中学校及び特別支援学校の非常勤の学校医、学校歯科医及び学校薬剤師の公務災害補償に関する条例（平成 … 14年 … 新宿区条例第24号）の一部を次のように改正する,supported,5ec710e08f1278f50794a3157e827a0d33b94f0360f05c3ae316daace0b4f0ad
shinjuku-2026-r3-gian-72,hard,content,R72-H-03,提案理由,https://www.city.shinjuku.lg.jp/content/000466375.pdf,ee89a4b9e81957a3768ff4e66d91ef7825c884338c9f199f4cc829297c96f534,提案理由,公立学校の学校医、学校歯科医及び学校薬剤師の公務災害補償の基準を定める政令の一部を改正する政令（令和8年政令第165号）の施行等に伴い、介護補償の額及び葬祭補償の額を改定する必要があるため,supported,5ec710e08f1278f50794a3157e827a0d33b94f0360f05c3ae316daace0b4f0ad
shinjuku-2026-r3-gian-72,hard,content,R72-H-04,改め文の表,https://www.city.shinjuku.lg.jp/content/000466375.pdf,ee89a4b9e81957a3768ff4e66d91ef7825c884338c9f199f4cc829297c96f534,改め文,"第13条第2項第2号中「8万5,490円」を「9万790円」に改め、同項第4号中「4万2,700円」を「4万5,400円」に改める。 … 第27条中「31万5,000円」を「33万円」に改める",supported,5ec710e08f1278f50794a3157e827a0d33b94f0360f05c3ae316daace0b4f0ad
shinjuku-2026-r3-gian-72,hard,content,R72-H-05,概要資料の趣旨,https://www.city.shinjuku.lg.jp/content/000464786.pdf,b84b187d220daad484c279199f10899ad35777e2a122875a21faf939baf87e0c,条例関係 第72号議案,区立学校医等の公務災害補償額の算定基礎としている都立 … 学校の学校医、学校歯科医及び学校薬剤師の公務災害補償に関 … する条例の改正に合わせ、次のとおり介護補償の額及び葬祭補 … 償の額を改定する。,supported,5ec710e08f1278f50794a3157e827a0d33b94f0360f05c3ae316daace0b4f0ad
shinjuku-2026-r3-gian-72,hard,content,R72-H-06,概要資料の表,https://www.city.shinjuku.lg.jp/content/000464786.pdf,b84b187d220daad484c279199f10899ad35777e2a122875a21faf939baf87e0c,条例関係 第72号議案 介護補償・葬祭補償,"常時介護を要 最高限度額 186,050 円 改定なし … 最低保障額 85,490 円 90,790 円 … 随時介護を要 最高限度額 92,980 円 改定なし … 最低保障額 42,700 円 45,400 円 … 31 万 5,000 円 ＋ 補償基礎額×30 … 33 万円 ＋ 補償基礎額×30 … 令 和 8 年 11 月 1 日",supported,5ec710e08f1278f50794a3157e827a0d33b94f0360f05c3ae316daace0b4f0ad
shinjuku-2026-r3-gian-72,hard,content,R72-H-07,根拠について概要資料は都条例、議案本文は政令を挙げる,https://www.city.shinjuku.lg.jp/content/000466375.pdf,ee89a4b9e81957a3768ff4e66d91ef7825c884338c9f199f4cc829297c96f534,提案理由,公立学校の学校医、学校歯科医及び学校薬剤師の公務災害補償の基準を定める政令の一部を改正する政令（令和8年政令第165号）の施行等に伴い、介護補償の額及び葬祭補償の額を改定する必要があるため,supported,5ec710e08f1278f50794a3157e827a0d33b94f0360f05c3ae316daace0b4f0ad
shinjuku-2026-r3-gian-72,hard,content,R72-H-08,附則 第1項,https://www.city.shinjuku.lg.jp/content/000466375.pdf,ee89a4b9e81957a3768ff4e66d91ef7825c884338c9f199f4cc829297c96f534,附則 第1項,この条例は、令和8年11月1日から施行する,supported,5ec710e08f1278f50794a3157e827a0d33b94f0360f05c3ae316daace0b4f0ad
shinjuku-2026-r3-gian-72,hard,content,R72-H-09,附則 第2項,https://www.city.shinjuku.lg.jp/content/000466375.pdf,ee89a4b9e81957a3768ff4e66d91ef7825c884338c9f199f4cc829297c96f534,附則 第2項,第13条第2項及び第27条の規定は、令和8年9月1日（以下「適用日」という。）以後に支給すべき事由が生じた介護補償及び葬祭補償について適用し、適用日前に支給すべき事由が生じた介護補償及び葬祭補償については、なお従前の例による,supported,5ec710e08f1278f50794a3157e827a0d33b94f0360f05c3ae316daace0b4f0ad
shinjuku-2026-r3-gian-72,hard,content,R72-H-10,附則 第3項,https://www.city.shinjuku.lg.jp/content/000466375.pdf,ee89a4b9e81957a3768ff4e66d91ef7825c884338c9f199f4cc829297c96f534,附則 第3項,として支払われた金額は、これらに相当する改正後の条例の規定に基づく補償の内払とみなす,supported,5ec710e08f1278f50794a3157e827a0d33b94f0360f05c3ae316daace0b4f0ad
shinjuku-2026-r3-gian-72,hard,content,R72-H-11,令和8年第3回定例会（会期 9月16日〜10月15日）に提出された,https://www.city.shinjuku.lg.jp/kusei/kuseijoho01_001109_03.html,31b8240a9210c5965a74134fca286bef83cc7b5e9eb4bae326847e0a170a89d0,提出議案一覧ページ,令和8年第3回定例会（会期：9月16日～10月15日）提出案件概要を掲載しました,supported,5ec710e08f1278f50794a3157e827a0d33b94f0360f05c3ae316daace0b4f0ad
shinjuku-2026-r3-gian-72,hard,content,R72-H-12,作成時点（令和8年9月30日）で議決結果は公表されていない,https://www.city.shinjuku.lg.jp/content/000466375.pdf,ee89a4b9e81957a3768ff4e66d91ef7825c884338c9f199f4cc829297c96f534,審議状況,（作成時点の審議状況の記述であり、一次資料の記載による主張ではない）,needs_source,5ec710e08f1278f50794a3157e827a0d33b94f0360f05c3ae316daace0b4f0ad
shinjuku-2026-r3-gian-72,hard,content,R72-H-13,全文、政令・都条例の改正内容と関係、受給者数・支出増は資料にない,https://www.city.shinjuku.lg.jp/content/000466375.pdf,ee89a4b9e81957a3768ff4e66d91ef7825c884338c9f199f4cc829297c96f534,出典に記載がない事項,（本件は解説本文が「一次資料に記載がない」と明示している箇所であり、事実主張ではない）,needs_source,5ec710e08f1278f50794a3157e827a0d33b94f0360f05c3ae316daace0b4f0ad
shinjuku-2026-r3-gian-73,easy,title,R73-ET-01,見出し: 防災センター など 12施設の照明をLED化する契約（「外11施設」を本体と合わせた施設数で表記）,https://www.city.shinjuku.lg.jp/content/000466376.pdf,543d8fd283cd57b8444c7a98653bdbf10a0c564ada59537dc31289c32cd0e8f0,議案本文 前文・1 契約の目的,ＥＳＣＯ事業による新宿区立防災センター外11施設照明ＬＥＤ … 化工事等施行のため、下記のとおり工事等委託契約を締結する,supported,152f57ab3455ee4a34d205cd9f23201b2efda582c85ed2046f942b739604c23e
shinjuku-2026-r3-gian-73,easy,summary,R73-ES-01,要約: 照明をLED化する,https://www.city.shinjuku.lg.jp/content/000466376.pdf,543d8fd283cd57b8444c7a98653bdbf10a0c564ada59537dc31289c32cd0e8f0,議案本文 前文・1 契約の目的,ＥＳＣＯ事業による新宿区立防災センター外11施設照明ＬＥＤ … 化工事等施行のため、下記のとおり工事等委託契約を締結する,supported,152f57ab3455ee4a34d205cd9f23201b2efda582c85ed2046f942b739604c23e
shinjuku-2026-r3-gian-73,easy,summary,R73-ES-02,要約: ESCO事業の契約,https://www.city.shinjuku.lg.jp/content/000464786.pdf,b84b187d220daad484c279199f10899ad35777e2a122875a21faf939baf87e0c,議決案件関係 第73号議案 1 工事概要,省エネルギーに関する包括的なサービス（調査、設計、施工、その後の省エネル … ギー効果の検証や助言、効果保証等）を提供するＥＳＣＯ事業により,supported,152f57ab3455ee4a34d205cd9f23201b2efda582c85ed2046f942b739604c23e
shinjuku-2026-r3-gian-73,easy,summary,R73-ES-03,"要約: 金額2億2,990万円、相手東京ガスリノベーション株式会社",https://www.city.shinjuku.lg.jp/content/000466376.pdf,543d8fd283cd57b8444c7a98653bdbf10a0c564ada59537dc31289c32cd0e8f0,議案本文 4 契約の相手方,東京都品川区二葉二丁目9番15号 … 東京ガスリノベーション株式会社,supported,152f57ab3455ee4a34d205cd9f23201b2efda582c85ed2046f942b739604c23e
shinjuku-2026-r3-gian-73,easy,summary,R73-ES-04,要約: 契約は2033年2月28日まで,https://www.city.shinjuku.lg.jp/content/000464786.pdf,b84b187d220daad484c279199f10899ad35777e2a122875a21faf939baf87e0c,議決案件関係 第73号議案 4 契約期間,本契約締結日の翌日から令和 15 年 2 月 28 日まで,supported,152f57ab3455ee4a34d205cd9f23201b2efda582c85ed2046f942b739604c23e
shinjuku-2026-r3-gian-73,easy,content,R73-E-01,ESCO事業により照明をLED化する工事等委託契約,https://www.city.shinjuku.lg.jp/content/000466376.pdf,543d8fd283cd57b8444c7a98653bdbf10a0c564ada59537dc31289c32cd0e8f0,議案本文 前文・1 契約の目的,ＥＳＣＯ事業による新宿区立防災センター外11施設照明ＬＥＤ … 化工事等施行のため、下記のとおり工事等委託契約を締結する,supported,152f57ab3455ee4a34d205cd9f23201b2efda582c85ed2046f942b739604c23e
shinjuku-2026-r3-gian-73,easy,content,R73-E-02,区長が2026年9月16日に提出,https://www.city.shinjuku.lg.jp/content/000466376.pdf,543d8fd283cd57b8444c7a98653bdbf10a0c564ada59537dc31289c32cd0e8f0,議案本文 提出日・提出者,令和８年９月１６日 … 新宿区長 … 吉住 … 健一,supported,152f57ab3455ee4a34d205cd9f23201b2efda582c85ed2046f942b739604c23e
shinjuku-2026-r3-gian-73,easy,content,R73-E-03,ESCO事業の説明（調査・設計・施工・効果の検証・助言・効果保証等）,https://www.city.shinjuku.lg.jp/content/000464786.pdf,b84b187d220daad484c279199f10899ad35777e2a122875a21faf939baf87e0c,議決案件関係 第73号議案 1 工事概要,省エネルギーに関する包括的なサービス（調査、設計、施工、その後の省エネル … ギー効果の検証や助言、効果保証等）を提供するＥＳＣＯ事業により,supported,152f57ab3455ee4a34d205cd9f23201b2efda582c85ed2046f942b739604c23e
shinjuku-2026-r3-gian-73,easy,content,R73-E-04,工事場所,https://www.city.shinjuku.lg.jp/content/000464786.pdf,b84b187d220daad484c279199f10899ad35777e2a122875a21faf939baf87e0c,議決案件関係 第73号議案 2 工事場所,東京都新宿区市谷仲之町 2 番 42 号 外 5 か所,supported,152f57ab3455ee4a34d205cd9f23201b2efda582c85ed2046f942b739604c23e
shinjuku-2026-r3-gian-73,easy,content,R73-E-05,契約の方法,https://www.city.shinjuku.lg.jp/content/000466376.pdf,543d8fd283cd57b8444c7a98653bdbf10a0c564ada59537dc31289c32cd0e8f0,議案本文 2 契約の方法,制限付一般競争入札による契約,supported,152f57ab3455ee4a34d205cd9f23201b2efda582c85ed2046f942b739604c23e
shinjuku-2026-r3-gian-73,easy,content,R73-E-06,契約金額,https://www.city.shinjuku.lg.jp/content/000466376.pdf,543d8fd283cd57b8444c7a98653bdbf10a0c564ada59537dc31289c32cd0e8f0,議案本文 3 契約金額,"2億2,990万円",supported,152f57ab3455ee4a34d205cd9f23201b2efda582c85ed2046f942b739604c23e
shinjuku-2026-r3-gian-73,easy,content,R73-E-07,相手方・住所・代表・資本金,https://www.city.shinjuku.lg.jp/content/000464786.pdf,b84b187d220daad484c279199f10899ad35777e2a122875a21faf939baf87e0c,議決案件関係 第73号議案 6・7,"2 億 2,990 万円 … 東京都品川区二葉二丁目 9 番 15 号 … 東京ガスリノベーション株式会社 … 代表取締役 高橋 稔 … 資本金 1 億円",supported,152f57ab3455ee4a34d205cd9f23201b2efda582c85ed2046f942b739604c23e
shinjuku-2026-r3-gian-73,easy,content,R73-E-08,仮契約2026年7月31日（金）、本契約は議決日の翌日,https://www.city.shinjuku.lg.jp/content/000464786.pdf,b84b187d220daad484c279199f10899ad35777e2a122875a21faf939baf87e0c,議決案件関係 第73号議案 3 契約月日,仮契約 令和 8 年 7 月 31 日（金） … 本契約 議決日の翌日,supported,152f57ab3455ee4a34d205cd9f23201b2efda582c85ed2046f942b739604c23e
shinjuku-2026-r3-gian-73,easy,content,R73-E-09,契約期間は2033年（令和15年）2月28日まで,https://www.city.shinjuku.lg.jp/content/000464786.pdf,b84b187d220daad484c279199f10899ad35777e2a122875a21faf939baf87e0c,議決案件関係 第73号議案 4 契約期間,本契約締結日の翌日から令和 15 年 2 月 28 日まで,supported,152f57ab3455ee4a34d205cd9f23201b2efda582c85ed2046f942b739604c23e
shinjuku-2026-r3-gian-73,easy,content,R73-E-10,支払いは2027〜2032年度（令和9〜14年度）の債務負担行為,https://www.city.shinjuku.lg.jp/content/000466376.pdf,543d8fd283cd57b8444c7a98653bdbf10a0c564ada59537dc31289c32cd0e8f0,議案本文 5 支出科目等,令和9年度 … 債務負担行為 … 令和10年度 … 債務負担行為 … 令和11年度 … 令和12年度 … 令和13年度 … 令和14年度 … 債務負担行為,supported,152f57ab3455ee4a34d205cd9f23201b2efda582c85ed2046f942b739604c23e
shinjuku-2026-r3-gian-73,easy,content,R73-E-11,同じしくみの契約がほかに2つ、あわせて3つ,https://www.city.shinjuku.lg.jp/content/000464786.pdf,b84b187d220daad484c279199f10899ad35777e2a122875a21faf939baf87e0c,議決案件関係 第73〜75号議案,ＥＳＣＯ事業による新宿区立防災センター外 11 施設照明ＬＥＤ化工事等委託契約 … ＥＳＣＯ事業による新宿区四谷特別出張所外 6 施設照明ＬＥＤ化工事等委託契約 … ＥＳＣＯ事業による新宿区大久保特別出張所外 10 施設照明ＬＥＤ化工事等委託契約,supported,152f57ab3455ee4a34d205cd9f23201b2efda582c85ed2046f942b739604c23e
shinjuku-2026-r3-gian-73,easy,content,R73-E-12,令和8年第3回定例会（会期 9月16日〜10月15日）に提出された,https://www.city.shinjuku.lg.jp/kusei/kuseijoho01_001109_03.html,31b8240a9210c5965a74134fca286bef83cc7b5e9eb4bae326847e0a170a89d0,提出議案一覧ページ,令和8年第3回定例会（会期：9月16日～10月15日）提出案件概要を掲載しました,supported,152f57ab3455ee4a34d205cd9f23201b2efda582c85ed2046f942b739604c23e
shinjuku-2026-r3-gian-73,easy,content,R73-E-13,作成時点（令和8年9月30日）で議決結果は公表されていない,https://www.city.shinjuku.lg.jp/content/000466376.pdf,543d8fd283cd57b8444c7a98653bdbf10a0c564ada59537dc31289c32cd0e8f0,審議状況,（作成時点の審議状況の記述であり、一次資料の記載による主張ではない）,needs_source,152f57ab3455ee4a34d205cd9f23201b2efda582c85ed2046f942b739604c23e
shinjuku-2026-r3-gian-73,easy,content,R73-E-14,施設一覧、電気代の削減、年度ごとの額、入札の状況は書かれていない,https://www.city.shinjuku.lg.jp/content/000466376.pdf,543d8fd283cd57b8444c7a98653bdbf10a0c564ada59537dc31289c32cd0e8f0,出典に記載がない事項,（本件は解説本文が「一次資料に記載がない」と明示している箇所であり、事実主張ではない）,needs_source,152f57ab3455ee4a34d205cd9f23201b2efda582c85ed2046f942b739604c23e
shinjuku-2026-r3-gian-73,normal,title,R73-NT-01,見出し: 照明をESCO事業でLED化する委託契約,https://www.city.shinjuku.lg.jp/content/000466376.pdf,543d8fd283cd57b8444c7a98653bdbf10a0c564ada59537dc31289c32cd0e8f0,議案本文 前文・1 契約の目的,ＥＳＣＯ事業による新宿区立防災センター外11施設照明ＬＥＤ … 化工事等施行のため、下記のとおり工事等委託契約を締結する,supported,23570a1c6a57c2337add780b2fca93ae6896c4c04f5e14c19ee91143619d0407
shinjuku-2026-r3-gian-73,normal,summary,R73-NS-01,要約: ESCO事業による工事等委託契約,https://www.city.shinjuku.lg.jp/content/000464786.pdf,b84b187d220daad484c279199f10899ad35777e2a122875a21faf939baf87e0c,議決案件関係 第73号議案 1 工事概要,省エネルギーに関する包括的なサービス（調査、設計、施工、その後の省エネル … ギー効果の検証や助言、効果保証等）を提供するＥＳＣＯ事業により,supported,23570a1c6a57c2337add780b2fca93ae6896c4c04f5e14c19ee91143619d0407
shinjuku-2026-r3-gian-73,normal,summary,R73-NS-02,要約: 契約金額・相手方・方法,https://www.city.shinjuku.lg.jp/content/000466376.pdf,543d8fd283cd57b8444c7a98653bdbf10a0c564ada59537dc31289c32cd0e8f0,議案本文 4 契約の相手方,東京都品川区二葉二丁目9番15号 … 東京ガスリノベーション株式会社,supported,23570a1c6a57c2337add780b2fca93ae6896c4c04f5e14c19ee91143619d0407
shinjuku-2026-r3-gian-73,normal,summary,R73-NS-03,要約: 契約期間,https://www.city.shinjuku.lg.jp/content/000464786.pdf,b84b187d220daad484c279199f10899ad35777e2a122875a21faf939baf87e0c,議決案件関係 第73号議案 4 契約期間,本契約締結日の翌日から令和 15 年 2 月 28 日まで,supported,23570a1c6a57c2337add780b2fca93ae6896c4c04f5e14c19ee91143619d0407
shinjuku-2026-r3-gian-73,normal,summary,R73-NS-04,要約: 令和9〜14年度の債務負担行為,https://www.city.shinjuku.lg.jp/content/000466376.pdf,543d8fd283cd57b8444c7a98653bdbf10a0c564ada59537dc31289c32cd0e8f0,議案本文 5 支出科目等,令和9年度 … 債務負担行為 … 令和10年度 … 債務負担行為 … 令和11年度 … 令和12年度 … 令和13年度 … 令和14年度 … 債務負担行為,supported,23570a1c6a57c2337add780b2fca93ae6896c4c04f5e14c19ee91143619d0407
shinjuku-2026-r3-gian-73,normal,content,R73-N-01,議決を求める議案,https://www.city.shinjuku.lg.jp/content/000466376.pdf,543d8fd283cd57b8444c7a98653bdbf10a0c564ada59537dc31289c32cd0e8f0,議案本文 前文・1 契約の目的,ＥＳＣＯ事業による新宿区立防災センター外11施設照明ＬＥＤ … 化工事等施行のため、下記のとおり工事等委託契約を締結する,supported,23570a1c6a57c2337add780b2fca93ae6896c4c04f5e14c19ee91143619d0407
shinjuku-2026-r3-gian-73,normal,content,R73-N-02,提出日,https://www.city.shinjuku.lg.jp/content/000466376.pdf,543d8fd283cd57b8444c7a98653bdbf10a0c564ada59537dc31289c32cd0e8f0,議案本文 提出日・提出者,令和８年９月１６日 … 新宿区長 … 吉住 … 健一,supported,23570a1c6a57c2337add780b2fca93ae6896c4c04f5e14c19ee91143619d0407
shinjuku-2026-r3-gian-73,normal,content,R73-N-03,工事概要の説明,https://www.city.shinjuku.lg.jp/content/000464786.pdf,b84b187d220daad484c279199f10899ad35777e2a122875a21faf939baf87e0c,議決案件関係 第73号議案 1 工事概要,省エネルギーに関する包括的なサービス（調査、設計、施工、その後の省エネル … ギー効果の検証や助言、効果保証等）を提供するＥＳＣＯ事業により,supported,23570a1c6a57c2337add780b2fca93ae6896c4c04f5e14c19ee91143619d0407
shinjuku-2026-r3-gian-73,normal,content,R73-N-04,工事場所,https://www.city.shinjuku.lg.jp/content/000464786.pdf,b84b187d220daad484c279199f10899ad35777e2a122875a21faf939baf87e0c,議決案件関係 第73号議案 2 工事場所,東京都新宿区市谷仲之町 2 番 42 号 外 5 か所,supported,23570a1c6a57c2337add780b2fca93ae6896c4c04f5e14c19ee91143619d0407
shinjuku-2026-r3-gian-73,normal,content,R73-N-05,契約の方法,https://www.city.shinjuku.lg.jp/content/000466376.pdf,543d8fd283cd57b8444c7a98653bdbf10a0c564ada59537dc31289c32cd0e8f0,議案本文 2 契約の方法,制限付一般競争入札による契約,supported,23570a1c6a57c2337add780b2fca93ae6896c4c04f5e14c19ee91143619d0407
shinjuku-2026-r3-gian-73,normal,content,R73-N-06,契約金額,https://www.city.shinjuku.lg.jp/content/000466376.pdf,543d8fd283cd57b8444c7a98653bdbf10a0c564ada59537dc31289c32cd0e8f0,議案本文 3 契約金額,"2億2,990万円",supported,23570a1c6a57c2337add780b2fca93ae6896c4c04f5e14c19ee91143619d0407
shinjuku-2026-r3-gian-73,normal,content,R73-N-07,相手方,https://www.city.shinjuku.lg.jp/content/000464786.pdf,b84b187d220daad484c279199f10899ad35777e2a122875a21faf939baf87e0c,議決案件関係 第73号議案 6・7,"2 億 2,990 万円 … 東京都品川区二葉二丁目 9 番 15 号 … 東京ガスリノベーション株式会社 … 代表取締役 高橋 稔 … 資本金 1 億円",supported,23570a1c6a57c2337add780b2fca93ae6896c4c04f5e14c19ee91143619d0407
shinjuku-2026-r3-gian-73,normal,content,R73-N-08,契約月日,https://www.city.shinjuku.lg.jp/content/000464786.pdf,b84b187d220daad484c279199f10899ad35777e2a122875a21faf939baf87e0c,議決案件関係 第73号議案 3 契約月日,仮契約 令和 8 年 7 月 31 日（金） … 本契約 議決日の翌日,supported,23570a1c6a57c2337add780b2fca93ae6896c4c04f5e14c19ee91143619d0407
shinjuku-2026-r3-gian-73,normal,content,R73-N-09,契約期間,https://www.city.shinjuku.lg.jp/content/000464786.pdf,b84b187d220daad484c279199f10899ad35777e2a122875a21faf939baf87e0c,議決案件関係 第73号議案 4 契約期間,本契約締結日の翌日から令和 15 年 2 月 28 日まで,supported,23570a1c6a57c2337add780b2fca93ae6896c4c04f5e14c19ee91143619d0407
shinjuku-2026-r3-gian-73,normal,content,R73-N-10,支出科目等,https://www.city.shinjuku.lg.jp/content/000466376.pdf,543d8fd283cd57b8444c7a98653bdbf10a0c564ada59537dc31289c32cd0e8f0,議案本文 5 支出科目等,令和9年度 … 債務負担行為 … 令和10年度 … 債務負担行為 … 令和11年度 … 令和12年度 … 令和13年度 … 令和14年度 … 債務負担行為,supported,23570a1c6a57c2337add780b2fca93ae6896c4c04f5e14c19ee91143619d0407
shinjuku-2026-r3-gian-73,normal,content,R73-N-11,関連議案（第73〜75号）,https://www.city.shinjuku.lg.jp/content/000464786.pdf,b84b187d220daad484c279199f10899ad35777e2a122875a21faf939baf87e0c,議決案件関係 第73〜75号議案,ＥＳＣＯ事業による新宿区立防災センター外 11 施設照明ＬＥＤ化工事等委託契約 … ＥＳＣＯ事業による新宿区四谷特別出張所外 6 施設照明ＬＥＤ化工事等委託契約 … ＥＳＣＯ事業による新宿区大久保特別出張所外 10 施設照明ＬＥＤ化工事等委託契約,supported,23570a1c6a57c2337add780b2fca93ae6896c4c04f5e14c19ee91143619d0407
shinjuku-2026-r3-gian-73,normal,content,R73-N-12,令和8年第3回定例会（会期 9月16日〜10月15日）に提出された,https://www.city.shinjuku.lg.jp/kusei/kuseijoho01_001109_03.html,31b8240a9210c5965a74134fca286bef83cc7b5e9eb4bae326847e0a170a89d0,提出議案一覧ページ,令和8年第3回定例会（会期：9月16日～10月15日）提出案件概要を掲載しました,supported,23570a1c6a57c2337add780b2fca93ae6896c4c04f5e14c19ee91143619d0407
shinjuku-2026-r3-gian-73,normal,content,R73-N-13,作成時点（令和8年9月30日）で議決結果は公表されていない,https://www.city.shinjuku.lg.jp/content/000466376.pdf,543d8fd283cd57b8444c7a98653bdbf10a0c564ada59537dc31289c32cd0e8f0,審議状況,（作成時点の審議状況の記述であり、一次資料の記載による主張ではない）,needs_source,23570a1c6a57c2337add780b2fca93ae6896c4c04f5e14c19ee91143619d0407
shinjuku-2026-r3-gian-73,normal,content,R73-N-14,議決後は議決日の翌日に本契約,https://www.city.shinjuku.lg.jp/content/000464786.pdf,b84b187d220daad484c279199f10899ad35777e2a122875a21faf939baf87e0c,議決案件関係 第73号議案 3 契約月日,仮契約 令和 8 年 7 月 31 日（金） … 本契約 議決日の翌日,supported,23570a1c6a57c2337add780b2fca93ae6896c4c04f5e14c19ee91143619d0407
shinjuku-2026-r3-gian-73,normal,content,R73-N-15,施設一覧、削減見込み、効果保証、年度額、入札状況は書かれていない,https://www.city.shinjuku.lg.jp/content/000466376.pdf,543d8fd283cd57b8444c7a98653bdbf10a0c564ada59537dc31289c32cd0e8f0,出典に記載がない事項,（本件は解説本文が「一次資料に記載がない」と明示している箇所であり、事実主張ではない）,needs_source,23570a1c6a57c2337add780b2fca93ae6896c4c04f5e14c19ee91143619d0407
shinjuku-2026-r3-gian-73,hard,title,R73-HT-01,見出し: 議案名,https://www.city.shinjuku.lg.jp/content/000466376.pdf,543d8fd283cd57b8444c7a98653bdbf10a0c564ada59537dc31289c32cd0e8f0,議案本文 前文・1 契約の目的,ＥＳＣＯ事業による新宿区立防災センター外11施設照明ＬＥＤ … 化工事等施行のため、下記のとおり工事等委託契約を締結する,supported,cabb4bd8c0150db29067dd4dd3ceaf97ec5ca41c419292703b64205227f58beb
shinjuku-2026-r3-gian-73,hard,summary,R73-HS-01,要約: 方法・相手方・金額,https://www.city.shinjuku.lg.jp/content/000466376.pdf,543d8fd283cd57b8444c7a98653bdbf10a0c564ada59537dc31289c32cd0e8f0,議案本文 4 契約の相手方,東京都品川区二葉二丁目9番15号 … 東京ガスリノベーション株式会社,supported,cabb4bd8c0150db29067dd4dd3ceaf97ec5ca41c419292703b64205227f58beb
shinjuku-2026-r3-gian-73,hard,summary,R73-HS-02,要約: 工事場所・契約期間,https://www.city.shinjuku.lg.jp/content/000464786.pdf,b84b187d220daad484c279199f10899ad35777e2a122875a21faf939baf87e0c,議決案件関係 第73号議案 2 工事場所,東京都新宿区市谷仲之町 2 番 42 号 外 5 か所,supported,cabb4bd8c0150db29067dd4dd3ceaf97ec5ca41c419292703b64205227f58beb
shinjuku-2026-r3-gian-73,hard,summary,R73-HS-03,要約: 支出科目等,https://www.city.shinjuku.lg.jp/content/000466376.pdf,543d8fd283cd57b8444c7a98653bdbf10a0c564ada59537dc31289c32cd0e8f0,議案本文 5 支出科目等,令和9年度 … 債務負担行為 … 令和10年度 … 債務負担行為 … 令和11年度 … 令和12年度 … 令和13年度 … 令和14年度 … 債務負担行為,supported,cabb4bd8c0150db29067dd4dd3ceaf97ec5ca41c419292703b64205227f58beb
shinjuku-2026-r3-gian-73,hard,content,R73-H-01,提出日・提出者,https://www.city.shinjuku.lg.jp/content/000466376.pdf,543d8fd283cd57b8444c7a98653bdbf10a0c564ada59537dc31289c32cd0e8f0,議案本文 提出日・提出者,令和８年９月１６日 … 新宿区長 … 吉住 … 健一,supported,cabb4bd8c0150db29067dd4dd3ceaf97ec5ca41c419292703b64205227f58beb
shinjuku-2026-r3-gian-73,hard,content,R73-H-02,議案本文の前文,https://www.city.shinjuku.lg.jp/content/000466376.pdf,543d8fd283cd57b8444c7a98653bdbf10a0c564ada59537dc31289c32cd0e8f0,議案本文 前文・1 契約の目的,ＥＳＣＯ事業による新宿区立防災センター外11施設照明ＬＥＤ … 化工事等施行のため、下記のとおり工事等委託契約を締結する,supported,cabb4bd8c0150db29067dd4dd3ceaf97ec5ca41c419292703b64205227f58beb
shinjuku-2026-r3-gian-73,hard,content,R73-H-03,提案理由,https://www.city.shinjuku.lg.jp/content/000466376.pdf,543d8fd283cd57b8444c7a98653bdbf10a0c564ada59537dc31289c32cd0e8f0,提案理由,化工事等を施行する必要があるため,supported,cabb4bd8c0150db29067dd4dd3ceaf97ec5ca41c419292703b64205227f58beb
shinjuku-2026-r3-gian-73,hard,content,R73-H-04,契約の方法,https://www.city.shinjuku.lg.jp/content/000466376.pdf,543d8fd283cd57b8444c7a98653bdbf10a0c564ada59537dc31289c32cd0e8f0,議案本文 2 契約の方法,制限付一般競争入札による契約,supported,cabb4bd8c0150db29067dd4dd3ceaf97ec5ca41c419292703b64205227f58beb
shinjuku-2026-r3-gian-73,hard,content,R73-H-05,契約金額,https://www.city.shinjuku.lg.jp/content/000466376.pdf,543d8fd283cd57b8444c7a98653bdbf10a0c564ada59537dc31289c32cd0e8f0,議案本文 3 契約金額,"2億2,990万円",supported,cabb4bd8c0150db29067dd4dd3ceaf97ec5ca41c419292703b64205227f58beb
shinjuku-2026-r3-gian-73,hard,content,R73-H-06,契約の相手方,https://www.city.shinjuku.lg.jp/content/000466376.pdf,543d8fd283cd57b8444c7a98653bdbf10a0c564ada59537dc31289c32cd0e8f0,議案本文 4 契約の相手方,東京都品川区二葉二丁目9番15号 … 東京ガスリノベーション株式会社,supported,cabb4bd8c0150db29067dd4dd3ceaf97ec5ca41c419292703b64205227f58beb
shinjuku-2026-r3-gian-73,hard,content,R73-H-07,資本金等（概要資料）,https://www.city.shinjuku.lg.jp/content/000464786.pdf,b84b187d220daad484c279199f10899ad35777e2a122875a21faf939baf87e0c,議決案件関係 第73号議案 6・7,"2 億 2,990 万円 … 東京都品川区二葉二丁目 9 番 15 号 … 東京ガスリノベーション株式会社 … 代表取締役 高橋 稔 … 資本金 1 億円",supported,cabb4bd8c0150db29067dd4dd3ceaf97ec5ca41c419292703b64205227f58beb
shinjuku-2026-r3-gian-73,hard,content,R73-H-08,工事場所,https://www.city.shinjuku.lg.jp/content/000464786.pdf,b84b187d220daad484c279199f10899ad35777e2a122875a21faf939baf87e0c,議決案件関係 第73号議案 2 工事場所,東京都新宿区市谷仲之町 2 番 42 号 外 5 か所,supported,cabb4bd8c0150db29067dd4dd3ceaf97ec5ca41c419292703b64205227f58beb
shinjuku-2026-r3-gian-73,hard,content,R73-H-09,契約月日,https://www.city.shinjuku.lg.jp/content/000464786.pdf,b84b187d220daad484c279199f10899ad35777e2a122875a21faf939baf87e0c,議決案件関係 第73号議案 3 契約月日,仮契約 令和 8 年 7 月 31 日（金） … 本契約 議決日の翌日,supported,cabb4bd8c0150db29067dd4dd3ceaf97ec5ca41c419292703b64205227f58beb
shinjuku-2026-r3-gian-73,hard,content,R73-H-10,契約期間,https://www.city.shinjuku.lg.jp/content/000464786.pdf,b84b187d220daad484c279199f10899ad35777e2a122875a21faf939baf87e0c,議決案件関係 第73号議案 4 契約期間,本契約締結日の翌日から令和 15 年 2 月 28 日まで,supported,cabb4bd8c0150db29067dd4dd3ceaf97ec5ca41c419292703b64205227f58beb
shinjuku-2026-r3-gian-73,hard,content,R73-H-11,工事概要,https://www.city.shinjuku.lg.jp/content/000464786.pdf,b84b187d220daad484c279199f10899ad35777e2a122875a21faf939baf87e0c,議決案件関係 第73号議案 1 工事概要,省エネルギーに関する包括的なサービス（調査、設計、施工、その後の省エネル … ギー効果の検証や助言、効果保証等）を提供するＥＳＣＯ事業により,supported,cabb4bd8c0150db29067dd4dd3ceaf97ec5ca41c419292703b64205227f58beb
shinjuku-2026-r3-gian-73,hard,content,R73-H-12,支出科目等（各年度の金額の記載はない）,https://www.city.shinjuku.lg.jp/content/000466376.pdf,543d8fd283cd57b8444c7a98653bdbf10a0c564ada59537dc31289c32cd0e8f0,議案本文 5 支出科目等,令和9年度 … 債務負担行為 … 令和10年度 … 債務負担行為 … 令和11年度 … 令和12年度 … 令和13年度 … 令和14年度 … 債務負担行為,supported,cabb4bd8c0150db29067dd4dd3ceaf97ec5ca41c419292703b64205227f58beb
shinjuku-2026-r3-gian-73,hard,content,R73-H-13,同種の議案3件,https://www.city.shinjuku.lg.jp/content/000464786.pdf,b84b187d220daad484c279199f10899ad35777e2a122875a21faf939baf87e0c,議決案件関係 第73〜75号議案,ＥＳＣＯ事業による新宿区立防災センター外 11 施設照明ＬＥＤ化工事等委託契約 … ＥＳＣＯ事業による新宿区四谷特別出張所外 6 施設照明ＬＥＤ化工事等委託契約 … ＥＳＣＯ事業による新宿区大久保特別出張所外 10 施設照明ＬＥＤ化工事等委託契約,supported,cabb4bd8c0150db29067dd4dd3ceaf97ec5ca41c419292703b64205227f58beb
shinjuku-2026-r3-gian-73,hard,content,R73-H-14,令和8年第3回定例会（会期 9月16日〜10月15日）に提出された,https://www.city.shinjuku.lg.jp/kusei/kuseijoho01_001109_03.html,31b8240a9210c5965a74134fca286bef83cc7b5e9eb4bae326847e0a170a89d0,提出議案一覧ページ,令和8年第3回定例会（会期：9月16日～10月15日）提出案件概要を掲載しました,supported,cabb4bd8c0150db29067dd4dd3ceaf97ec5ca41c419292703b64205227f58beb
shinjuku-2026-r3-gian-73,hard,content,R73-H-15,作成時点（令和8年9月30日）で議決結果は公表されていない,https://www.city.shinjuku.lg.jp/content/000466376.pdf,543d8fd283cd57b8444c7a98653bdbf10a0c564ada59537dc31289c32cd0e8f0,審議状況,（作成時点の審議状況の記述であり、一次資料の記載による主張ではない）,needs_source,cabb4bd8c0150db29067dd4dd3ceaf97ec5ca41c419292703b64205227f58beb
shinjuku-2026-r3-gian-73,hard,content,R73-H-16,施設一覧、削減見込み、効果保証、各年度額、入札状況は資料にない,https://www.city.shinjuku.lg.jp/content/000466376.pdf,543d8fd283cd57b8444c7a98653bdbf10a0c564ada59537dc31289c32cd0e8f0,出典に記載がない事項,（本件は解説本文が「一次資料に記載がない」と明示している箇所であり、事実主張ではない）,needs_source,cabb4bd8c0150db29067dd4dd3ceaf97ec5ca41c419292703b64205227f58beb
shinjuku-2026-r3-gian-73,hard,content,R73-H-17,同種の議案の表の契約金額・相手方（第73〜75号）,https://www.city.shinjuku.lg.jp/content/000464786.pdf,b84b187d220daad484c279199f10899ad35777e2a122875a21faf939baf87e0c,議決案件関係 第73号議案,"2 億 2,990 万円 … 東京ガスリノベーション株式会社",supported,cabb4bd8c0150db29067dd4dd3ceaf97ec5ca41c419292703b64205227f58beb
shinjuku-2026-r3-gian-73,hard,content,R73-H-18,同種の議案の表（第74号）,https://www.city.shinjuku.lg.jp/content/000464786.pdf,b84b187d220daad484c279199f10899ad35777e2a122875a21faf939baf87e0c,議決案件関係 第74号議案,"2 億 5,702 万 6,000 円 … 東邦電気工事株式会社",supported,cabb4bd8c0150db29067dd4dd3ceaf97ec5ca41c419292703b64205227f58beb
shinjuku-2026-r3-gian-73,hard,content,R73-H-19,同種の議案の表（第75号）,https://www.city.shinjuku.lg.jp/content/000464786.pdf,b84b187d220daad484c279199f10899ad35777e2a122875a21faf939baf87e0c,議決案件関係 第75号議案,"2 億 7,610 万円 … 日東電工株式会社",supported,cabb4bd8c0150db29067dd4dd3ceaf97ec5ca41c419292703b64205227f58beb
shinjuku-2026-r3-gian-74,easy,title,R74-ET-01,見出し: 四谷特別出張所 など 7施設の照明をLED化する契約（「外6施設」を本体と合わせた施設数で表記）,https://www.city.shinjuku.lg.jp/content/000466377.pdf,297e1dddb21c94ac7282b6aecfc0b9e8f4ef642b32c3841b3c7e3e9f7d699000,議案本文 前文・1 契約の目的,ＥＳＣＯ事業による新宿区四谷特別出張所外6施設照明ＬＥＤ … 化工事等施行のため、下記のとおり工事等委託契約を締結する,supported,cd4b4861e8d15e3129552f95c48a6aac5ff8742cdd4f99a1969ef2f14b7c5a70
shinjuku-2026-r3-gian-74,easy,summary,R74-ES-01,要約: 照明をLED化する,https://www.city.shinjuku.lg.jp/content/000466377.pdf,297e1dddb21c94ac7282b6aecfc0b9e8f4ef642b32c3841b3c7e3e9f7d699000,議案本文 前文・1 契約の目的,ＥＳＣＯ事業による新宿区四谷特別出張所外6施設照明ＬＥＤ … 化工事等施行のため、下記のとおり工事等委託契約を締結する,supported,cd4b4861e8d15e3129552f95c48a6aac5ff8742cdd4f99a1969ef2f14b7c5a70
shinjuku-2026-r3-gian-74,easy,summary,R74-ES-02,要約: ESCO事業の契約,https://www.city.shinjuku.lg.jp/content/000464786.pdf,b84b187d220daad484c279199f10899ad35777e2a122875a21faf939baf87e0c,議決案件関係 第74号議案 1 工事概要,省エネルギーに関する包括的なサービス（調査、設計、施工、その後の省エネル … ギー効果の検証や助言、効果保証等）を提供するＥＳＣＯ事業により,supported,cd4b4861e8d15e3129552f95c48a6aac5ff8742cdd4f99a1969ef2f14b7c5a70
shinjuku-2026-r3-gian-74,easy,summary,R74-ES-03,"要約: 金額2億5,702万6,000円、相手東邦電気工事株式会社",https://www.city.shinjuku.lg.jp/content/000466377.pdf,297e1dddb21c94ac7282b6aecfc0b9e8f4ef642b32c3841b3c7e3e9f7d699000,議案本文 4 契約の相手方,東京都新宿区新宿六丁目7番6号 … 東邦電気工事株式会社,supported,cd4b4861e8d15e3129552f95c48a6aac5ff8742cdd4f99a1969ef2f14b7c5a70
shinjuku-2026-r3-gian-74,easy,summary,R74-ES-04,要約: 契約は2033年2月28日まで,https://www.city.shinjuku.lg.jp/content/000464786.pdf,b84b187d220daad484c279199f10899ad35777e2a122875a21faf939baf87e0c,議決案件関係 第74号議案 4 契約期間,本契約締結日の翌日から令和 15 年 2 月 28 日まで,supported,cd4b4861e8d15e3129552f95c48a6aac5ff8742cdd4f99a1969ef2f14b7c5a70
shinjuku-2026-r3-gian-74,easy,content,R74-E-01,ESCO事業により照明をLED化する工事等委託契約,https://www.city.shinjuku.lg.jp/content/000466377.pdf,297e1dddb21c94ac7282b6aecfc0b9e8f4ef642b32c3841b3c7e3e9f7d699000,議案本文 前文・1 契約の目的,ＥＳＣＯ事業による新宿区四谷特別出張所外6施設照明ＬＥＤ … 化工事等施行のため、下記のとおり工事等委託契約を締結する,supported,cd4b4861e8d15e3129552f95c48a6aac5ff8742cdd4f99a1969ef2f14b7c5a70
shinjuku-2026-r3-gian-74,easy,content,R74-E-02,区長が2026年9月16日に提出,https://www.city.shinjuku.lg.jp/content/000466377.pdf,297e1dddb21c94ac7282b6aecfc0b9e8f4ef642b32c3841b3c7e3e9f7d699000,議案本文 提出日・提出者,令和８年９月１６日 … 新宿区長 … 吉住 … 健一,supported,cd4b4861e8d15e3129552f95c48a6aac5ff8742cdd4f99a1969ef2f14b7c5a70
shinjuku-2026-r3-gian-74,easy,content,R74-E-03,ESCO事業の説明（調査・設計・施工・効果の検証・助言・効果保証等）,https://www.city.shinjuku.lg.jp/content/000464786.pdf,b84b187d220daad484c279199f10899ad35777e2a122875a21faf939baf87e0c,議決案件関係 第74号議案 1 工事概要,省エネルギーに関する包括的なサービス（調査、設計、施工、その後の省エネル … ギー効果の検証や助言、効果保証等）を提供するＥＳＣＯ事業により,supported,cd4b4861e8d15e3129552f95c48a6aac5ff8742cdd4f99a1969ef2f14b7c5a70
shinjuku-2026-r3-gian-74,easy,content,R74-E-04,工事場所,https://www.city.shinjuku.lg.jp/content/000464786.pdf,b84b187d220daad484c279199f10899ad35777e2a122875a21faf939baf87e0c,議決案件関係 第74号議案 2 工事場所,東京都新宿区内藤町 87 番地 外 2 か所,supported,cd4b4861e8d15e3129552f95c48a6aac5ff8742cdd4f99a1969ef2f14b7c5a70
shinjuku-2026-r3-gian-74,easy,content,R74-E-05,契約の方法,https://www.city.shinjuku.lg.jp/content/000466377.pdf,297e1dddb21c94ac7282b6aecfc0b9e8f4ef642b32c3841b3c7e3e9f7d699000,議案本文 2 契約の方法,制限付一般競争入札による契約,supported,cd4b4861e8d15e3129552f95c48a6aac5ff8742cdd4f99a1969ef2f14b7c5a70
shinjuku-2026-r3-gian-74,easy,content,R74-E-06,契約金額,https://www.city.shinjuku.lg.jp/content/000466377.pdf,297e1dddb21c94ac7282b6aecfc0b9e8f4ef642b32c3841b3c7e3e9f7d699000,議案本文 3 契約金額,"2億5,702万6,000円",supported,cd4b4861e8d15e3129552f95c48a6aac5ff8742cdd4f99a1969ef2f14b7c5a70
shinjuku-2026-r3-gian-74,easy,content,R74-E-07,相手方・住所・代表・資本金,https://www.city.shinjuku.lg.jp/content/000464786.pdf,b84b187d220daad484c279199f10899ad35777e2a122875a21faf939baf87e0c,議決案件関係 第74号議案 6・7,"2 億 5,702 万 6,000 円 … 東京都新宿区新宿六丁目 7 番 6 号 … 東邦電気工事株式会社 … 代表取締役社長 豊岡 良至 … 資本金 4,000 万円",supported,cd4b4861e8d15e3129552f95c48a6aac5ff8742cdd4f99a1969ef2f14b7c5a70
shinjuku-2026-r3-gian-74,easy,content,R74-E-08,仮契約2026年7月31日（金）、本契約は議決日の翌日,https://www.city.shinjuku.lg.jp/content/000464786.pdf,b84b187d220daad484c279199f10899ad35777e2a122875a21faf939baf87e0c,議決案件関係 第74号議案 3 契約月日,仮契約 令和 8 年 7 月 31 日（金） … 本契約 議決日の翌日,supported,cd4b4861e8d15e3129552f95c48a6aac5ff8742cdd4f99a1969ef2f14b7c5a70
shinjuku-2026-r3-gian-74,easy,content,R74-E-09,契約期間は2033年（令和15年）2月28日まで,https://www.city.shinjuku.lg.jp/content/000464786.pdf,b84b187d220daad484c279199f10899ad35777e2a122875a21faf939baf87e0c,議決案件関係 第74号議案 4 契約期間,本契約締結日の翌日から令和 15 年 2 月 28 日まで,supported,cd4b4861e8d15e3129552f95c48a6aac5ff8742cdd4f99a1969ef2f14b7c5a70
shinjuku-2026-r3-gian-74,easy,content,R74-E-10,支払いは2027〜2032年度（令和9〜14年度）の債務負担行為,https://www.city.shinjuku.lg.jp/content/000466377.pdf,297e1dddb21c94ac7282b6aecfc0b9e8f4ef642b32c3841b3c7e3e9f7d699000,議案本文 5 支出科目等,令和9年度 … 債務負担行為 … 令和10年度 … 債務負担行為 … 令和11年度 … 令和12年度 … 令和13年度 … 令和14年度 … 債務負担行為,supported,cd4b4861e8d15e3129552f95c48a6aac5ff8742cdd4f99a1969ef2f14b7c5a70
shinjuku-2026-r3-gian-74,easy,content,R74-E-11,同じしくみの契約がほかに2つ、あわせて3つ,https://www.city.shinjuku.lg.jp/content/000464786.pdf,b84b187d220daad484c279199f10899ad35777e2a122875a21faf939baf87e0c,議決案件関係 第73〜75号議案,ＥＳＣＯ事業による新宿区立防災センター外 11 施設照明ＬＥＤ化工事等委託契約 … ＥＳＣＯ事業による新宿区四谷特別出張所外 6 施設照明ＬＥＤ化工事等委託契約 … ＥＳＣＯ事業による新宿区大久保特別出張所外 10 施設照明ＬＥＤ化工事等委託契約,supported,cd4b4861e8d15e3129552f95c48a6aac5ff8742cdd4f99a1969ef2f14b7c5a70
shinjuku-2026-r3-gian-74,easy,content,R74-E-12,令和8年第3回定例会（会期 9月16日〜10月15日）に提出された,https://www.city.shinjuku.lg.jp/kusei/kuseijoho01_001109_03.html,31b8240a9210c5965a74134fca286bef83cc7b5e9eb4bae326847e0a170a89d0,提出議案一覧ページ,令和8年第3回定例会（会期：9月16日～10月15日）提出案件概要を掲載しました,supported,cd4b4861e8d15e3129552f95c48a6aac5ff8742cdd4f99a1969ef2f14b7c5a70
shinjuku-2026-r3-gian-74,easy,content,R74-E-13,作成時点（令和8年9月30日）で議決結果は公表されていない,https://www.city.shinjuku.lg.jp/content/000466377.pdf,297e1dddb21c94ac7282b6aecfc0b9e8f4ef642b32c3841b3c7e3e9f7d699000,審議状況,（作成時点の審議状況の記述であり、一次資料の記載による主張ではない）,needs_source,cd4b4861e8d15e3129552f95c48a6aac5ff8742cdd4f99a1969ef2f14b7c5a70
shinjuku-2026-r3-gian-74,easy,content,R74-E-14,施設一覧、電気代の削減、年度ごとの額、入札の状況は書かれていない,https://www.city.shinjuku.lg.jp/content/000466377.pdf,297e1dddb21c94ac7282b6aecfc0b9e8f4ef642b32c3841b3c7e3e9f7d699000,出典に記載がない事項,（本件は解説本文が「一次資料に記載がない」と明示している箇所であり、事実主張ではない）,needs_source,cd4b4861e8d15e3129552f95c48a6aac5ff8742cdd4f99a1969ef2f14b7c5a70
shinjuku-2026-r3-gian-74,normal,title,R74-NT-01,見出し: 照明をESCO事業でLED化する委託契約,https://www.city.shinjuku.lg.jp/content/000466377.pdf,297e1dddb21c94ac7282b6aecfc0b9e8f4ef642b32c3841b3c7e3e9f7d699000,議案本文 前文・1 契約の目的,ＥＳＣＯ事業による新宿区四谷特別出張所外6施設照明ＬＥＤ … 化工事等施行のため、下記のとおり工事等委託契約を締結する,supported,c37fd86b636b448b3b05069826e191bc198430c62ef765b0541eb78647692e60
shinjuku-2026-r3-gian-74,normal,summary,R74-NS-01,要約: ESCO事業による工事等委託契約,https://www.city.shinjuku.lg.jp/content/000464786.pdf,b84b187d220daad484c279199f10899ad35777e2a122875a21faf939baf87e0c,議決案件関係 第74号議案 1 工事概要,省エネルギーに関する包括的なサービス（調査、設計、施工、その後の省エネル … ギー効果の検証や助言、効果保証等）を提供するＥＳＣＯ事業により,supported,c37fd86b636b448b3b05069826e191bc198430c62ef765b0541eb78647692e60
shinjuku-2026-r3-gian-74,normal,summary,R74-NS-02,要約: 契約金額・相手方・方法,https://www.city.shinjuku.lg.jp/content/000466377.pdf,297e1dddb21c94ac7282b6aecfc0b9e8f4ef642b32c3841b3c7e3e9f7d699000,議案本文 4 契約の相手方,東京都新宿区新宿六丁目7番6号 … 東邦電気工事株式会社,supported,c37fd86b636b448b3b05069826e191bc198430c62ef765b0541eb78647692e60
shinjuku-2026-r3-gian-74,normal,summary,R74-NS-03,要約: 契約期間,https://www.city.shinjuku.lg.jp/content/000464786.pdf,b84b187d220daad484c279199f10899ad35777e2a122875a21faf939baf87e0c,議決案件関係 第74号議案 4 契約期間,本契約締結日の翌日から令和 15 年 2 月 28 日まで,supported,c37fd86b636b448b3b05069826e191bc198430c62ef765b0541eb78647692e60
shinjuku-2026-r3-gian-74,normal,summary,R74-NS-04,要約: 令和9〜14年度の債務負担行為,https://www.city.shinjuku.lg.jp/content/000466377.pdf,297e1dddb21c94ac7282b6aecfc0b9e8f4ef642b32c3841b3c7e3e9f7d699000,議案本文 5 支出科目等,令和9年度 … 債務負担行為 … 令和10年度 … 債務負担行為 … 令和11年度 … 令和12年度 … 令和13年度 … 令和14年度 … 債務負担行為,supported,c37fd86b636b448b3b05069826e191bc198430c62ef765b0541eb78647692e60
shinjuku-2026-r3-gian-74,normal,content,R74-N-01,議決を求める議案,https://www.city.shinjuku.lg.jp/content/000466377.pdf,297e1dddb21c94ac7282b6aecfc0b9e8f4ef642b32c3841b3c7e3e9f7d699000,議案本文 前文・1 契約の目的,ＥＳＣＯ事業による新宿区四谷特別出張所外6施設照明ＬＥＤ … 化工事等施行のため、下記のとおり工事等委託契約を締結する,supported,c37fd86b636b448b3b05069826e191bc198430c62ef765b0541eb78647692e60
shinjuku-2026-r3-gian-74,normal,content,R74-N-02,提出日,https://www.city.shinjuku.lg.jp/content/000466377.pdf,297e1dddb21c94ac7282b6aecfc0b9e8f4ef642b32c3841b3c7e3e9f7d699000,議案本文 提出日・提出者,令和８年９月１６日 … 新宿区長 … 吉住 … 健一,supported,c37fd86b636b448b3b05069826e191bc198430c62ef765b0541eb78647692e60
shinjuku-2026-r3-gian-74,normal,content,R74-N-03,工事概要の説明,https://www.city.shinjuku.lg.jp/content/000464786.pdf,b84b187d220daad484c279199f10899ad35777e2a122875a21faf939baf87e0c,議決案件関係 第74号議案 1 工事概要,省エネルギーに関する包括的なサービス（調査、設計、施工、その後の省エネル … ギー効果の検証や助言、効果保証等）を提供するＥＳＣＯ事業により,supported,c37fd86b636b448b3b05069826e191bc198430c62ef765b0541eb78647692e60
shinjuku-2026-r3-gian-74,normal,content,R74-N-04,工事場所,https://www.city.shinjuku.lg.jp/content/000464786.pdf,b84b187d220daad484c279199f10899ad35777e2a122875a21faf939baf87e0c,議決案件関係 第74号議案 2 工事場所,東京都新宿区内藤町 87 番地 外 2 か所,supported,c37fd86b636b448b3b05069826e191bc198430c62ef765b0541eb78647692e60
shinjuku-2026-r3-gian-74,normal,content,R74-N-05,契約の方法,https://www.city.shinjuku.lg.jp/content/000466377.pdf,297e1dddb21c94ac7282b6aecfc0b9e8f4ef642b32c3841b3c7e3e9f7d699000,議案本文 2 契約の方法,制限付一般競争入札による契約,supported,c37fd86b636b448b3b05069826e191bc198430c62ef765b0541eb78647692e60
shinjuku-2026-r3-gian-74,normal,content,R74-N-06,契約金額,https://www.city.shinjuku.lg.jp/content/000466377.pdf,297e1dddb21c94ac7282b6aecfc0b9e8f4ef642b32c3841b3c7e3e9f7d699000,議案本文 3 契約金額,"2億5,702万6,000円",supported,c37fd86b636b448b3b05069826e191bc198430c62ef765b0541eb78647692e60
shinjuku-2026-r3-gian-74,normal,content,R74-N-07,相手方,https://www.city.shinjuku.lg.jp/content/000464786.pdf,b84b187d220daad484c279199f10899ad35777e2a122875a21faf939baf87e0c,議決案件関係 第74号議案 6・7,"2 億 5,702 万 6,000 円 … 東京都新宿区新宿六丁目 7 番 6 号 … 東邦電気工事株式会社 … 代表取締役社長 豊岡 良至 … 資本金 4,000 万円",supported,c37fd86b636b448b3b05069826e191bc198430c62ef765b0541eb78647692e60
shinjuku-2026-r3-gian-74,normal,content,R74-N-08,契約月日,https://www.city.shinjuku.lg.jp/content/000464786.pdf,b84b187d220daad484c279199f10899ad35777e2a122875a21faf939baf87e0c,議決案件関係 第74号議案 3 契約月日,仮契約 令和 8 年 7 月 31 日（金） … 本契約 議決日の翌日,supported,c37fd86b636b448b3b05069826e191bc198430c62ef765b0541eb78647692e60
shinjuku-2026-r3-gian-74,normal,content,R74-N-09,契約期間,https://www.city.shinjuku.lg.jp/content/000464786.pdf,b84b187d220daad484c279199f10899ad35777e2a122875a21faf939baf87e0c,議決案件関係 第74号議案 4 契約期間,本契約締結日の翌日から令和 15 年 2 月 28 日まで,supported,c37fd86b636b448b3b05069826e191bc198430c62ef765b0541eb78647692e60
shinjuku-2026-r3-gian-74,normal,content,R74-N-10,支出科目等,https://www.city.shinjuku.lg.jp/content/000466377.pdf,297e1dddb21c94ac7282b6aecfc0b9e8f4ef642b32c3841b3c7e3e9f7d699000,議案本文 5 支出科目等,令和9年度 … 債務負担行為 … 令和10年度 … 債務負担行為 … 令和11年度 … 令和12年度 … 令和13年度 … 令和14年度 … 債務負担行為,supported,c37fd86b636b448b3b05069826e191bc198430c62ef765b0541eb78647692e60
shinjuku-2026-r3-gian-74,normal,content,R74-N-11,関連議案（第73〜75号）,https://www.city.shinjuku.lg.jp/content/000464786.pdf,b84b187d220daad484c279199f10899ad35777e2a122875a21faf939baf87e0c,議決案件関係 第73〜75号議案,ＥＳＣＯ事業による新宿区立防災センター外 11 施設照明ＬＥＤ化工事等委託契約 … ＥＳＣＯ事業による新宿区四谷特別出張所外 6 施設照明ＬＥＤ化工事等委託契約 … ＥＳＣＯ事業による新宿区大久保特別出張所外 10 施設照明ＬＥＤ化工事等委託契約,supported,c37fd86b636b448b3b05069826e191bc198430c62ef765b0541eb78647692e60
shinjuku-2026-r3-gian-74,normal,content,R74-N-12,令和8年第3回定例会（会期 9月16日〜10月15日）に提出された,https://www.city.shinjuku.lg.jp/kusei/kuseijoho01_001109_03.html,31b8240a9210c5965a74134fca286bef83cc7b5e9eb4bae326847e0a170a89d0,提出議案一覧ページ,令和8年第3回定例会（会期：9月16日～10月15日）提出案件概要を掲載しました,supported,c37fd86b636b448b3b05069826e191bc198430c62ef765b0541eb78647692e60
shinjuku-2026-r3-gian-74,normal,content,R74-N-13,作成時点（令和8年9月30日）で議決結果は公表されていない,https://www.city.shinjuku.lg.jp/content/000466377.pdf,297e1dddb21c94ac7282b6aecfc0b9e8f4ef642b32c3841b3c7e3e9f7d699000,審議状況,（作成時点の審議状況の記述であり、一次資料の記載による主張ではない）,needs_source,c37fd86b636b448b3b05069826e191bc198430c62ef765b0541eb78647692e60
shinjuku-2026-r3-gian-74,normal,content,R74-N-14,議決後は議決日の翌日に本契約,https://www.city.shinjuku.lg.jp/content/000464786.pdf,b84b187d220daad484c279199f10899ad35777e2a122875a21faf939baf87e0c,議決案件関係 第74号議案 3 契約月日,仮契約 令和 8 年 7 月 31 日（金） … 本契約 議決日の翌日,supported,c37fd86b636b448b3b05069826e191bc198430c62ef765b0541eb78647692e60
shinjuku-2026-r3-gian-74,normal,content,R74-N-15,施設一覧、削減見込み、効果保証、年度額、入札状況は書かれていない,https://www.city.shinjuku.lg.jp/content/000466377.pdf,297e1dddb21c94ac7282b6aecfc0b9e8f4ef642b32c3841b3c7e3e9f7d699000,出典に記載がない事項,（本件は解説本文が「一次資料に記載がない」と明示している箇所であり、事実主張ではない）,needs_source,c37fd86b636b448b3b05069826e191bc198430c62ef765b0541eb78647692e60
shinjuku-2026-r3-gian-74,hard,title,R74-HT-01,見出し: 議案名,https://www.city.shinjuku.lg.jp/content/000466377.pdf,297e1dddb21c94ac7282b6aecfc0b9e8f4ef642b32c3841b3c7e3e9f7d699000,議案本文 前文・1 契約の目的,ＥＳＣＯ事業による新宿区四谷特別出張所外6施設照明ＬＥＤ … 化工事等施行のため、下記のとおり工事等委託契約を締結する,supported,08d97da0649d28584c6f24a876bdca4e601957a12299660729d025ad6a03a82b
shinjuku-2026-r3-gian-74,hard,summary,R74-HS-01,要約: 方法・相手方・金額,https://www.city.shinjuku.lg.jp/content/000466377.pdf,297e1dddb21c94ac7282b6aecfc0b9e8f4ef642b32c3841b3c7e3e9f7d699000,議案本文 4 契約の相手方,東京都新宿区新宿六丁目7番6号 … 東邦電気工事株式会社,supported,08d97da0649d28584c6f24a876bdca4e601957a12299660729d025ad6a03a82b
shinjuku-2026-r3-gian-74,hard,summary,R74-HS-02,要約: 工事場所・契約期間,https://www.city.shinjuku.lg.jp/content/000464786.pdf,b84b187d220daad484c279199f10899ad35777e2a122875a21faf939baf87e0c,議決案件関係 第74号議案 2 工事場所,東京都新宿区内藤町 87 番地 外 2 か所,supported,08d97da0649d28584c6f24a876bdca4e601957a12299660729d025ad6a03a82b
shinjuku-2026-r3-gian-74,hard,summary,R74-HS-03,要約: 支出科目等,https://www.city.shinjuku.lg.jp/content/000466377.pdf,297e1dddb21c94ac7282b6aecfc0b9e8f4ef642b32c3841b3c7e3e9f7d699000,議案本文 5 支出科目等,令和9年度 … 債務負担行為 … 令和10年度 … 債務負担行為 … 令和11年度 … 令和12年度 … 令和13年度 … 令和14年度 … 債務負担行為,supported,08d97da0649d28584c6f24a876bdca4e601957a12299660729d025ad6a03a82b
shinjuku-2026-r3-gian-74,hard,content,R74-H-01,提出日・提出者,https://www.city.shinjuku.lg.jp/content/000466377.pdf,297e1dddb21c94ac7282b6aecfc0b9e8f4ef642b32c3841b3c7e3e9f7d699000,議案本文 提出日・提出者,令和８年９月１６日 … 新宿区長 … 吉住 … 健一,supported,08d97da0649d28584c6f24a876bdca4e601957a12299660729d025ad6a03a82b
shinjuku-2026-r3-gian-74,hard,content,R74-H-02,議案本文の前文,https://www.city.shinjuku.lg.jp/content/000466377.pdf,297e1dddb21c94ac7282b6aecfc0b9e8f4ef642b32c3841b3c7e3e9f7d699000,議案本文 前文・1 契約の目的,ＥＳＣＯ事業による新宿区四谷特別出張所外6施設照明ＬＥＤ … 化工事等施行のため、下記のとおり工事等委託契約を締結する,supported,08d97da0649d28584c6f24a876bdca4e601957a12299660729d025ad6a03a82b
shinjuku-2026-r3-gian-74,hard,content,R74-H-03,提案理由,https://www.city.shinjuku.lg.jp/content/000466377.pdf,297e1dddb21c94ac7282b6aecfc0b9e8f4ef642b32c3841b3c7e3e9f7d699000,提案理由,化工事等を施行する必要があるため,supported,08d97da0649d28584c6f24a876bdca4e601957a12299660729d025ad6a03a82b
shinjuku-2026-r3-gian-74,hard,content,R74-H-04,契約の方法,https://www.city.shinjuku.lg.jp/content/000466377.pdf,297e1dddb21c94ac7282b6aecfc0b9e8f4ef642b32c3841b3c7e3e9f7d699000,議案本文 2 契約の方法,制限付一般競争入札による契約,supported,08d97da0649d28584c6f24a876bdca4e601957a12299660729d025ad6a03a82b
shinjuku-2026-r3-gian-74,hard,content,R74-H-05,契約金額,https://www.city.shinjuku.lg.jp/content/000466377.pdf,297e1dddb21c94ac7282b6aecfc0b9e8f4ef642b32c3841b3c7e3e9f7d699000,議案本文 3 契約金額,"2億5,702万6,000円",supported,08d97da0649d28584c6f24a876bdca4e601957a12299660729d025ad6a03a82b
shinjuku-2026-r3-gian-74,hard,content,R74-H-06,契約の相手方,https://www.city.shinjuku.lg.jp/content/000466377.pdf,297e1dddb21c94ac7282b6aecfc0b9e8f4ef642b32c3841b3c7e3e9f7d699000,議案本文 4 契約の相手方,東京都新宿区新宿六丁目7番6号 … 東邦電気工事株式会社,supported,08d97da0649d28584c6f24a876bdca4e601957a12299660729d025ad6a03a82b
shinjuku-2026-r3-gian-74,hard,content,R74-H-07,資本金等（概要資料）,https://www.city.shinjuku.lg.jp/content/000464786.pdf,b84b187d220daad484c279199f10899ad35777e2a122875a21faf939baf87e0c,議決案件関係 第74号議案 6・7,"2 億 5,702 万 6,000 円 … 東京都新宿区新宿六丁目 7 番 6 号 … 東邦電気工事株式会社 … 代表取締役社長 豊岡 良至 … 資本金 4,000 万円",supported,08d97da0649d28584c6f24a876bdca4e601957a12299660729d025ad6a03a82b
shinjuku-2026-r3-gian-74,hard,content,R74-H-08,工事場所,https://www.city.shinjuku.lg.jp/content/000464786.pdf,b84b187d220daad484c279199f10899ad35777e2a122875a21faf939baf87e0c,議決案件関係 第74号議案 2 工事場所,東京都新宿区内藤町 87 番地 外 2 か所,supported,08d97da0649d28584c6f24a876bdca4e601957a12299660729d025ad6a03a82b
shinjuku-2026-r3-gian-74,hard,content,R74-H-09,契約月日,https://www.city.shinjuku.lg.jp/content/000464786.pdf,b84b187d220daad484c279199f10899ad35777e2a122875a21faf939baf87e0c,議決案件関係 第74号議案 3 契約月日,仮契約 令和 8 年 7 月 31 日（金） … 本契約 議決日の翌日,supported,08d97da0649d28584c6f24a876bdca4e601957a12299660729d025ad6a03a82b
shinjuku-2026-r3-gian-74,hard,content,R74-H-10,契約期間,https://www.city.shinjuku.lg.jp/content/000464786.pdf,b84b187d220daad484c279199f10899ad35777e2a122875a21faf939baf87e0c,議決案件関係 第74号議案 4 契約期間,本契約締結日の翌日から令和 15 年 2 月 28 日まで,supported,08d97da0649d28584c6f24a876bdca4e601957a12299660729d025ad6a03a82b
shinjuku-2026-r3-gian-74,hard,content,R74-H-11,工事概要,https://www.city.shinjuku.lg.jp/content/000464786.pdf,b84b187d220daad484c279199f10899ad35777e2a122875a21faf939baf87e0c,議決案件関係 第74号議案 1 工事概要,省エネルギーに関する包括的なサービス（調査、設計、施工、その後の省エネル … ギー効果の検証や助言、効果保証等）を提供するＥＳＣＯ事業により,supported,08d97da0649d28584c6f24a876bdca4e601957a12299660729d025ad6a03a82b
shinjuku-2026-r3-gian-74,hard,content,R74-H-12,支出科目等（各年度の金額の記載はない）,https://www.city.shinjuku.lg.jp/content/000466377.pdf,297e1dddb21c94ac7282b6aecfc0b9e8f4ef642b32c3841b3c7e3e9f7d699000,議案本文 5 支出科目等,令和9年度 … 債務負担行為 … 令和10年度 … 債務負担行為 … 令和11年度 … 令和12年度 … 令和13年度 … 令和14年度 … 債務負担行為,supported,08d97da0649d28584c6f24a876bdca4e601957a12299660729d025ad6a03a82b
shinjuku-2026-r3-gian-74,hard,content,R74-H-13,同種の議案3件,https://www.city.shinjuku.lg.jp/content/000464786.pdf,b84b187d220daad484c279199f10899ad35777e2a122875a21faf939baf87e0c,議決案件関係 第73〜75号議案,ＥＳＣＯ事業による新宿区立防災センター外 11 施設照明ＬＥＤ化工事等委託契約 … ＥＳＣＯ事業による新宿区四谷特別出張所外 6 施設照明ＬＥＤ化工事等委託契約 … ＥＳＣＯ事業による新宿区大久保特別出張所外 10 施設照明ＬＥＤ化工事等委託契約,supported,08d97da0649d28584c6f24a876bdca4e601957a12299660729d025ad6a03a82b
shinjuku-2026-r3-gian-74,hard,content,R74-H-14,令和8年第3回定例会（会期 9月16日〜10月15日）に提出された,https://www.city.shinjuku.lg.jp/kusei/kuseijoho01_001109_03.html,31b8240a9210c5965a74134fca286bef83cc7b5e9eb4bae326847e0a170a89d0,提出議案一覧ページ,令和8年第3回定例会（会期：9月16日～10月15日）提出案件概要を掲載しました,supported,08d97da0649d28584c6f24a876bdca4e601957a12299660729d025ad6a03a82b
shinjuku-2026-r3-gian-74,hard,content,R74-H-15,作成時点（令和8年9月30日）で議決結果は公表されていない,https://www.city.shinjuku.lg.jp/content/000466377.pdf,297e1dddb21c94ac7282b6aecfc0b9e8f4ef642b32c3841b3c7e3e9f7d699000,審議状況,（作成時点の審議状況の記述であり、一次資料の記載による主張ではない）,needs_source,08d97da0649d28584c6f24a876bdca4e601957a12299660729d025ad6a03a82b
shinjuku-2026-r3-gian-74,hard,content,R74-H-16,施設一覧、削減見込み、効果保証、各年度額、入札状況は資料にない,https://www.city.shinjuku.lg.jp/content/000466377.pdf,297e1dddb21c94ac7282b6aecfc0b9e8f4ef642b32c3841b3c7e3e9f7d699000,出典に記載がない事項,（本件は解説本文が「一次資料に記載がない」と明示している箇所であり、事実主張ではない）,needs_source,08d97da0649d28584c6f24a876bdca4e601957a12299660729d025ad6a03a82b
shinjuku-2026-r3-gian-74,hard,content,R74-H-17,同種の議案の表の契約金額・相手方（第73〜75号）,https://www.city.shinjuku.lg.jp/content/000464786.pdf,b84b187d220daad484c279199f10899ad35777e2a122875a21faf939baf87e0c,議決案件関係 第73号議案,"2 億 2,990 万円 … 東京ガスリノベーション株式会社",supported,08d97da0649d28584c6f24a876bdca4e601957a12299660729d025ad6a03a82b
shinjuku-2026-r3-gian-74,hard,content,R74-H-18,同種の議案の表（第74号）,https://www.city.shinjuku.lg.jp/content/000464786.pdf,b84b187d220daad484c279199f10899ad35777e2a122875a21faf939baf87e0c,議決案件関係 第74号議案,"2 億 5,702 万 6,000 円 … 東邦電気工事株式会社",supported,08d97da0649d28584c6f24a876bdca4e601957a12299660729d025ad6a03a82b
shinjuku-2026-r3-gian-74,hard,content,R74-H-19,同種の議案の表（第75号）,https://www.city.shinjuku.lg.jp/content/000464786.pdf,b84b187d220daad484c279199f10899ad35777e2a122875a21faf939baf87e0c,議決案件関係 第75号議案,"2 億 7,610 万円 … 日東電工株式会社",supported,08d97da0649d28584c6f24a876bdca4e601957a12299660729d025ad6a03a82b
shinjuku-2026-r3-gian-75,easy,title,R75-ET-01,見出し: 大久保特別出張所 など 11施設の照明をLED化する契約（「外10施設」を本体と合わせた施設数で表記）,https://www.city.shinjuku.lg.jp/content/000466378.pdf,5e6f0401b4c5684d1ea7ca0369b3fc20d8dd8a8a8be5acb779055f1b0b8cbc0c,議案本文 前文・1 契約の目的,ＥＳＣＯ事業による新宿区大久保特別出張所外 … 10施設照明ＬＥ … Ｄ化工事等施行のため、下記のとおり工事等委託契約を締結する,supported,17d74e71122a1a2a3850eed844256fe9bde4688e94e3f18b9aa29705bd1c302f
shinjuku-2026-r3-gian-75,easy,summary,R75-ES-01,要約: 照明をLED化する,https://www.city.shinjuku.lg.jp/content/000466378.pdf,5e6f0401b4c5684d1ea7ca0369b3fc20d8dd8a8a8be5acb779055f1b0b8cbc0c,議案本文 前文・1 契約の目的,ＥＳＣＯ事業による新宿区大久保特別出張所外 … 10施設照明ＬＥ … Ｄ化工事等施行のため、下記のとおり工事等委託契約を締結する,supported,17d74e71122a1a2a3850eed844256fe9bde4688e94e3f18b9aa29705bd1c302f
shinjuku-2026-r3-gian-75,easy,summary,R75-ES-02,要約: ESCO事業の契約,https://www.city.shinjuku.lg.jp/content/000464786.pdf,b84b187d220daad484c279199f10899ad35777e2a122875a21faf939baf87e0c,議決案件関係 第75号議案 1 工事概要,省エネルギーに関する包括的なサービス（調査、設計、施工、その後の省エネル … ギー効果の検証や助言、効果保証等）を提供するＥＳＣＯ事業により,supported,17d74e71122a1a2a3850eed844256fe9bde4688e94e3f18b9aa29705bd1c302f
shinjuku-2026-r3-gian-75,easy,summary,R75-ES-03,"要約: 金額2億7,610万円、相手日東電工株式会社",https://www.city.shinjuku.lg.jp/content/000466378.pdf,5e6f0401b4c5684d1ea7ca0369b3fc20d8dd8a8a8be5acb779055f1b0b8cbc0c,議案本文 4 契約の相手方,東京都新宿区百人町二丁目24番10号 … 日東電工株式会社,supported,17d74e71122a1a2a3850eed844256fe9bde4688e94e3f18b9aa29705bd1c302f
shinjuku-2026-r3-gian-75,easy,summary,R75-ES-04,要約: 契約は2033年2月28日まで,https://www.city.shinjuku.lg.jp/content/000464786.pdf,b84b187d220daad484c279199f10899ad35777e2a122875a21faf939baf87e0c,議決案件関係 第75号議案 4 契約期間,本契約締結日の翌日から令和 15 年 2 月 28 日まで,supported,17d74e71122a1a2a3850eed844256fe9bde4688e94e3f18b9aa29705bd1c302f
shinjuku-2026-r3-gian-75,easy,content,R75-E-01,ESCO事業により照明をLED化する工事等委託契約,https://www.city.shinjuku.lg.jp/content/000466378.pdf,5e6f0401b4c5684d1ea7ca0369b3fc20d8dd8a8a8be5acb779055f1b0b8cbc0c,議案本文 前文・1 契約の目的,ＥＳＣＯ事業による新宿区大久保特別出張所外 … 10施設照明ＬＥ … Ｄ化工事等施行のため、下記のとおり工事等委託契約を締結する,supported,17d74e71122a1a2a3850eed844256fe9bde4688e94e3f18b9aa29705bd1c302f
shinjuku-2026-r3-gian-75,easy,content,R75-E-02,区長が2026年9月16日に提出,https://www.city.shinjuku.lg.jp/content/000466378.pdf,5e6f0401b4c5684d1ea7ca0369b3fc20d8dd8a8a8be5acb779055f1b0b8cbc0c,議案本文 提出日・提出者,令和８年９月１６日 … 新宿区長 … 吉住 … 健一,supported,17d74e71122a1a2a3850eed844256fe9bde4688e94e3f18b9aa29705bd1c302f
shinjuku-2026-r3-gian-75,easy,content,R75-E-03,ESCO事業の説明（調査・設計・施工・効果の検証・助言・効果保証等）,https://www.city.shinjuku.lg.jp/content/000464786.pdf,b84b187d220daad484c279199f10899ad35777e2a122875a21faf939baf87e0c,議決案件関係 第75号議案 1 工事概要,省エネルギーに関する包括的なサービス（調査、設計、施工、その後の省エネル … ギー効果の検証や助言、効果保証等）を提供するＥＳＣＯ事業により,supported,17d74e71122a1a2a3850eed844256fe9bde4688e94e3f18b9aa29705bd1c302f
shinjuku-2026-r3-gian-75,easy,content,R75-E-04,工事場所,https://www.city.shinjuku.lg.jp/content/000464786.pdf,b84b187d220daad484c279199f10899ad35777e2a122875a21faf939baf87e0c,議決案件関係 第75号議案 2 工事場所,東京都新宿区大久保二丁目 12 番 7 号 外 5 か所,supported,17d74e71122a1a2a3850eed844256fe9bde4688e94e3f18b9aa29705bd1c302f
shinjuku-2026-r3-gian-75,easy,content,R75-E-05,契約の方法,https://www.city.shinjuku.lg.jp/content/000466378.pdf,5e6f0401b4c5684d1ea7ca0369b3fc20d8dd8a8a8be5acb779055f1b0b8cbc0c,議案本文 2 契約の方法,制限付一般競争入札による契約,supported,17d74e71122a1a2a3850eed844256fe9bde4688e94e3f18b9aa29705bd1c302f
shinjuku-2026-r3-gian-75,easy,content,R75-E-06,契約金額,https://www.city.shinjuku.lg.jp/content/000466378.pdf,5e6f0401b4c5684d1ea7ca0369b3fc20d8dd8a8a8be5acb779055f1b0b8cbc0c,議案本文 3 契約金額,"2億7,610万円",supported,17d74e71122a1a2a3850eed844256fe9bde4688e94e3f18b9aa29705bd1c302f
shinjuku-2026-r3-gian-75,easy,content,R75-E-07,相手方・住所・代表・資本金,https://www.city.shinjuku.lg.jp/content/000464786.pdf,b84b187d220daad484c279199f10899ad35777e2a122875a21faf939baf87e0c,議決案件関係 第75号議案 6・7,"2 億 7,610 万円 … 東京都新宿区百人町二丁目 24 番 10 号 … 日東電工株式会社 … 代表取締役 本間 正明 … 資本金 2,000 万円",supported,17d74e71122a1a2a3850eed844256fe9bde4688e94e3f18b9aa29705bd1c302f
shinjuku-2026-r3-gian-75,easy,content,R75-E-08,仮契約2026年7月31日（金）、本契約は議決日の翌日,https://www.city.shinjuku.lg.jp/content/000464786.pdf,b84b187d220daad484c279199f10899ad35777e2a122875a21faf939baf87e0c,議決案件関係 第75号議案 3 契約月日,仮契約 令和 8 年 7 月 31 日（金） … 本契約 議決日の翌日,supported,17d74e71122a1a2a3850eed844256fe9bde4688e94e3f18b9aa29705bd1c302f
shinjuku-2026-r3-gian-75,easy,content,R75-E-09,契約期間は2033年（令和15年）2月28日まで,https://www.city.shinjuku.lg.jp/content/000464786.pdf,b84b187d220daad484c279199f10899ad35777e2a122875a21faf939baf87e0c,議決案件関係 第75号議案 4 契約期間,本契約締結日の翌日から令和 15 年 2 月 28 日まで,supported,17d74e71122a1a2a3850eed844256fe9bde4688e94e3f18b9aa29705bd1c302f
shinjuku-2026-r3-gian-75,easy,content,R75-E-10,支払いは2027〜2032年度（令和9〜14年度）の債務負担行為,https://www.city.shinjuku.lg.jp/content/000466378.pdf,5e6f0401b4c5684d1ea7ca0369b3fc20d8dd8a8a8be5acb779055f1b0b8cbc0c,議案本文 5 支出科目等,令和9年度 … 債務負担行為 … 令和10年度 … 債務負担行為 … 令和11年度 … 令和12年度 … 令和13年度 … 令和14年度 … 債務負担行為,supported,17d74e71122a1a2a3850eed844256fe9bde4688e94e3f18b9aa29705bd1c302f
shinjuku-2026-r3-gian-75,easy,content,R75-E-11,同じしくみの契約がほかに2つ、あわせて3つ,https://www.city.shinjuku.lg.jp/content/000464786.pdf,b84b187d220daad484c279199f10899ad35777e2a122875a21faf939baf87e0c,議決案件関係 第73〜75号議案,ＥＳＣＯ事業による新宿区立防災センター外 11 施設照明ＬＥＤ化工事等委託契約 … ＥＳＣＯ事業による新宿区四谷特別出張所外 6 施設照明ＬＥＤ化工事等委託契約 … ＥＳＣＯ事業による新宿区大久保特別出張所外 10 施設照明ＬＥＤ化工事等委託契約,supported,17d74e71122a1a2a3850eed844256fe9bde4688e94e3f18b9aa29705bd1c302f
shinjuku-2026-r3-gian-75,easy,content,R75-E-12,令和8年第3回定例会（会期 9月16日〜10月15日）に提出された,https://www.city.shinjuku.lg.jp/kusei/kuseijoho01_001109_03.html,31b8240a9210c5965a74134fca286bef83cc7b5e9eb4bae326847e0a170a89d0,提出議案一覧ページ,令和8年第3回定例会（会期：9月16日～10月15日）提出案件概要を掲載しました,supported,17d74e71122a1a2a3850eed844256fe9bde4688e94e3f18b9aa29705bd1c302f
shinjuku-2026-r3-gian-75,easy,content,R75-E-13,作成時点（令和8年9月30日）で議決結果は公表されていない,https://www.city.shinjuku.lg.jp/content/000466378.pdf,5e6f0401b4c5684d1ea7ca0369b3fc20d8dd8a8a8be5acb779055f1b0b8cbc0c,審議状況,（作成時点の審議状況の記述であり、一次資料の記載による主張ではない）,needs_source,17d74e71122a1a2a3850eed844256fe9bde4688e94e3f18b9aa29705bd1c302f
shinjuku-2026-r3-gian-75,easy,content,R75-E-14,施設一覧、電気代の削減、年度ごとの額、入札の状況は書かれていない,https://www.city.shinjuku.lg.jp/content/000466378.pdf,5e6f0401b4c5684d1ea7ca0369b3fc20d8dd8a8a8be5acb779055f1b0b8cbc0c,出典に記載がない事項,（本件は解説本文が「一次資料に記載がない」と明示している箇所であり、事実主張ではない）,needs_source,17d74e71122a1a2a3850eed844256fe9bde4688e94e3f18b9aa29705bd1c302f
shinjuku-2026-r3-gian-75,normal,title,R75-NT-01,見出し: 照明をESCO事業でLED化する委託契約,https://www.city.shinjuku.lg.jp/content/000466378.pdf,5e6f0401b4c5684d1ea7ca0369b3fc20d8dd8a8a8be5acb779055f1b0b8cbc0c,議案本文 前文・1 契約の目的,ＥＳＣＯ事業による新宿区大久保特別出張所外 … 10施設照明ＬＥ … Ｄ化工事等施行のため、下記のとおり工事等委託契約を締結する,supported,3bb4fcc20ce16098788bd0eba7cbf687bb70633e7d9ca4c373aba24fe3336fb0
shinjuku-2026-r3-gian-75,normal,summary,R75-NS-01,要約: ESCO事業による工事等委託契約,https://www.city.shinjuku.lg.jp/content/000464786.pdf,b84b187d220daad484c279199f10899ad35777e2a122875a21faf939baf87e0c,議決案件関係 第75号議案 1 工事概要,省エネルギーに関する包括的なサービス（調査、設計、施工、その後の省エネル … ギー効果の検証や助言、効果保証等）を提供するＥＳＣＯ事業により,supported,3bb4fcc20ce16098788bd0eba7cbf687bb70633e7d9ca4c373aba24fe3336fb0
shinjuku-2026-r3-gian-75,normal,summary,R75-NS-02,要約: 契約金額・相手方・方法,https://www.city.shinjuku.lg.jp/content/000466378.pdf,5e6f0401b4c5684d1ea7ca0369b3fc20d8dd8a8a8be5acb779055f1b0b8cbc0c,議案本文 4 契約の相手方,東京都新宿区百人町二丁目24番10号 … 日東電工株式会社,supported,3bb4fcc20ce16098788bd0eba7cbf687bb70633e7d9ca4c373aba24fe3336fb0
shinjuku-2026-r3-gian-75,normal,summary,R75-NS-03,要約: 契約期間,https://www.city.shinjuku.lg.jp/content/000464786.pdf,b84b187d220daad484c279199f10899ad35777e2a122875a21faf939baf87e0c,議決案件関係 第75号議案 4 契約期間,本契約締結日の翌日から令和 15 年 2 月 28 日まで,supported,3bb4fcc20ce16098788bd0eba7cbf687bb70633e7d9ca4c373aba24fe3336fb0
shinjuku-2026-r3-gian-75,normal,summary,R75-NS-04,要約: 令和9〜14年度の債務負担行為,https://www.city.shinjuku.lg.jp/content/000466378.pdf,5e6f0401b4c5684d1ea7ca0369b3fc20d8dd8a8a8be5acb779055f1b0b8cbc0c,議案本文 5 支出科目等,令和9年度 … 債務負担行為 … 令和10年度 … 債務負担行為 … 令和11年度 … 令和12年度 … 令和13年度 … 令和14年度 … 債務負担行為,supported,3bb4fcc20ce16098788bd0eba7cbf687bb70633e7d9ca4c373aba24fe3336fb0
shinjuku-2026-r3-gian-75,normal,content,R75-N-01,議決を求める議案,https://www.city.shinjuku.lg.jp/content/000466378.pdf,5e6f0401b4c5684d1ea7ca0369b3fc20d8dd8a8a8be5acb779055f1b0b8cbc0c,議案本文 前文・1 契約の目的,ＥＳＣＯ事業による新宿区大久保特別出張所外 … 10施設照明ＬＥ … Ｄ化工事等施行のため、下記のとおり工事等委託契約を締結する,supported,3bb4fcc20ce16098788bd0eba7cbf687bb70633e7d9ca4c373aba24fe3336fb0
shinjuku-2026-r3-gian-75,normal,content,R75-N-02,提出日,https://www.city.shinjuku.lg.jp/content/000466378.pdf,5e6f0401b4c5684d1ea7ca0369b3fc20d8dd8a8a8be5acb779055f1b0b8cbc0c,議案本文 提出日・提出者,令和８年９月１６日 … 新宿区長 … 吉住 … 健一,supported,3bb4fcc20ce16098788bd0eba7cbf687bb70633e7d9ca4c373aba24fe3336fb0
shinjuku-2026-r3-gian-75,normal,content,R75-N-03,工事概要の説明,https://www.city.shinjuku.lg.jp/content/000464786.pdf,b84b187d220daad484c279199f10899ad35777e2a122875a21faf939baf87e0c,議決案件関係 第75号議案 1 工事概要,省エネルギーに関する包括的なサービス（調査、設計、施工、その後の省エネル … ギー効果の検証や助言、効果保証等）を提供するＥＳＣＯ事業により,supported,3bb4fcc20ce16098788bd0eba7cbf687bb70633e7d9ca4c373aba24fe3336fb0
shinjuku-2026-r3-gian-75,normal,content,R75-N-04,工事場所,https://www.city.shinjuku.lg.jp/content/000464786.pdf,b84b187d220daad484c279199f10899ad35777e2a122875a21faf939baf87e0c,議決案件関係 第75号議案 2 工事場所,東京都新宿区大久保二丁目 12 番 7 号 外 5 か所,supported,3bb4fcc20ce16098788bd0eba7cbf687bb70633e7d9ca4c373aba24fe3336fb0
shinjuku-2026-r3-gian-75,normal,content,R75-N-05,契約の方法,https://www.city.shinjuku.lg.jp/content/000466378.pdf,5e6f0401b4c5684d1ea7ca0369b3fc20d8dd8a8a8be5acb779055f1b0b8cbc0c,議案本文 2 契約の方法,制限付一般競争入札による契約,supported,3bb4fcc20ce16098788bd0eba7cbf687bb70633e7d9ca4c373aba24fe3336fb0
shinjuku-2026-r3-gian-75,normal,content,R75-N-06,契約金額,https://www.city.shinjuku.lg.jp/content/000466378.pdf,5e6f0401b4c5684d1ea7ca0369b3fc20d8dd8a8a8be5acb779055f1b0b8cbc0c,議案本文 3 契約金額,"2億7,610万円",supported,3bb4fcc20ce16098788bd0eba7cbf687bb70633e7d9ca4c373aba24fe3336fb0
shinjuku-2026-r3-gian-75,normal,content,R75-N-07,相手方,https://www.city.shinjuku.lg.jp/content/000464786.pdf,b84b187d220daad484c279199f10899ad35777e2a122875a21faf939baf87e0c,議決案件関係 第75号議案 6・7,"2 億 7,610 万円 … 東京都新宿区百人町二丁目 24 番 10 号 … 日東電工株式会社 … 代表取締役 本間 正明 … 資本金 2,000 万円",supported,3bb4fcc20ce16098788bd0eba7cbf687bb70633e7d9ca4c373aba24fe3336fb0
shinjuku-2026-r3-gian-75,normal,content,R75-N-08,契約月日,https://www.city.shinjuku.lg.jp/content/000464786.pdf,b84b187d220daad484c279199f10899ad35777e2a122875a21faf939baf87e0c,議決案件関係 第75号議案 3 契約月日,仮契約 令和 8 年 7 月 31 日（金） … 本契約 議決日の翌日,supported,3bb4fcc20ce16098788bd0eba7cbf687bb70633e7d9ca4c373aba24fe3336fb0
shinjuku-2026-r3-gian-75,normal,content,R75-N-09,契約期間,https://www.city.shinjuku.lg.jp/content/000464786.pdf,b84b187d220daad484c279199f10899ad35777e2a122875a21faf939baf87e0c,議決案件関係 第75号議案 4 契約期間,本契約締結日の翌日から令和 15 年 2 月 28 日まで,supported,3bb4fcc20ce16098788bd0eba7cbf687bb70633e7d9ca4c373aba24fe3336fb0
shinjuku-2026-r3-gian-75,normal,content,R75-N-10,支出科目等,https://www.city.shinjuku.lg.jp/content/000466378.pdf,5e6f0401b4c5684d1ea7ca0369b3fc20d8dd8a8a8be5acb779055f1b0b8cbc0c,議案本文 5 支出科目等,令和9年度 … 債務負担行為 … 令和10年度 … 債務負担行為 … 令和11年度 … 令和12年度 … 令和13年度 … 令和14年度 … 債務負担行為,supported,3bb4fcc20ce16098788bd0eba7cbf687bb70633e7d9ca4c373aba24fe3336fb0
shinjuku-2026-r3-gian-75,normal,content,R75-N-11,関連議案（第73〜75号）,https://www.city.shinjuku.lg.jp/content/000464786.pdf,b84b187d220daad484c279199f10899ad35777e2a122875a21faf939baf87e0c,議決案件関係 第73〜75号議案,ＥＳＣＯ事業による新宿区立防災センター外 11 施設照明ＬＥＤ化工事等委託契約 … ＥＳＣＯ事業による新宿区四谷特別出張所外 6 施設照明ＬＥＤ化工事等委託契約 … ＥＳＣＯ事業による新宿区大久保特別出張所外 10 施設照明ＬＥＤ化工事等委託契約,supported,3bb4fcc20ce16098788bd0eba7cbf687bb70633e7d9ca4c373aba24fe3336fb0
shinjuku-2026-r3-gian-75,normal,content,R75-N-12,令和8年第3回定例会（会期 9月16日〜10月15日）に提出された,https://www.city.shinjuku.lg.jp/kusei/kuseijoho01_001109_03.html,31b8240a9210c5965a74134fca286bef83cc7b5e9eb4bae326847e0a170a89d0,提出議案一覧ページ,令和8年第3回定例会（会期：9月16日～10月15日）提出案件概要を掲載しました,supported,3bb4fcc20ce16098788bd0eba7cbf687bb70633e7d9ca4c373aba24fe3336fb0
shinjuku-2026-r3-gian-75,normal,content,R75-N-13,作成時点（令和8年9月30日）で議決結果は公表されていない,https://www.city.shinjuku.lg.jp/content/000466378.pdf,5e6f0401b4c5684d1ea7ca0369b3fc20d8dd8a8a8be5acb779055f1b0b8cbc0c,審議状況,（作成時点の審議状況の記述であり、一次資料の記載による主張ではない）,needs_source,3bb4fcc20ce16098788bd0eba7cbf687bb70633e7d9ca4c373aba24fe3336fb0
shinjuku-2026-r3-gian-75,normal,content,R75-N-14,議決後は議決日の翌日に本契約,https://www.city.shinjuku.lg.jp/content/000464786.pdf,b84b187d220daad484c279199f10899ad35777e2a122875a21faf939baf87e0c,議決案件関係 第75号議案 3 契約月日,仮契約 令和 8 年 7 月 31 日（金） … 本契約 議決日の翌日,supported,3bb4fcc20ce16098788bd0eba7cbf687bb70633e7d9ca4c373aba24fe3336fb0
shinjuku-2026-r3-gian-75,normal,content,R75-N-15,施設一覧、削減見込み、効果保証、年度額、入札状況は書かれていない,https://www.city.shinjuku.lg.jp/content/000466378.pdf,5e6f0401b4c5684d1ea7ca0369b3fc20d8dd8a8a8be5acb779055f1b0b8cbc0c,出典に記載がない事項,（本件は解説本文が「一次資料に記載がない」と明示している箇所であり、事実主張ではない）,needs_source,3bb4fcc20ce16098788bd0eba7cbf687bb70633e7d9ca4c373aba24fe3336fb0
shinjuku-2026-r3-gian-75,hard,title,R75-HT-01,見出し: 議案名,https://www.city.shinjuku.lg.jp/content/000466378.pdf,5e6f0401b4c5684d1ea7ca0369b3fc20d8dd8a8a8be5acb779055f1b0b8cbc0c,議案本文 前文・1 契約の目的,ＥＳＣＯ事業による新宿区大久保特別出張所外 … 10施設照明ＬＥ … Ｄ化工事等施行のため、下記のとおり工事等委託契約を締結する,supported,8192dad7f735147a7c5b30dc75d388c7bb5593f9b3a9a38487e7b8544b6e577c
shinjuku-2026-r3-gian-75,hard,summary,R75-HS-01,要約: 方法・相手方・金額,https://www.city.shinjuku.lg.jp/content/000466378.pdf,5e6f0401b4c5684d1ea7ca0369b3fc20d8dd8a8a8be5acb779055f1b0b8cbc0c,議案本文 4 契約の相手方,東京都新宿区百人町二丁目24番10号 … 日東電工株式会社,supported,8192dad7f735147a7c5b30dc75d388c7bb5593f9b3a9a38487e7b8544b6e577c
shinjuku-2026-r3-gian-75,hard,summary,R75-HS-02,要約: 工事場所・契約期間,https://www.city.shinjuku.lg.jp/content/000464786.pdf,b84b187d220daad484c279199f10899ad35777e2a122875a21faf939baf87e0c,議決案件関係 第75号議案 2 工事場所,東京都新宿区大久保二丁目 12 番 7 号 外 5 か所,supported,8192dad7f735147a7c5b30dc75d388c7bb5593f9b3a9a38487e7b8544b6e577c
shinjuku-2026-r3-gian-75,hard,summary,R75-HS-03,要約: 支出科目等,https://www.city.shinjuku.lg.jp/content/000466378.pdf,5e6f0401b4c5684d1ea7ca0369b3fc20d8dd8a8a8be5acb779055f1b0b8cbc0c,議案本文 5 支出科目等,令和9年度 … 債務負担行為 … 令和10年度 … 債務負担行為 … 令和11年度 … 令和12年度 … 令和13年度 … 令和14年度 … 債務負担行為,supported,8192dad7f735147a7c5b30dc75d388c7bb5593f9b3a9a38487e7b8544b6e577c
shinjuku-2026-r3-gian-75,hard,content,R75-H-01,提出日・提出者,https://www.city.shinjuku.lg.jp/content/000466378.pdf,5e6f0401b4c5684d1ea7ca0369b3fc20d8dd8a8a8be5acb779055f1b0b8cbc0c,議案本文 提出日・提出者,令和８年９月１６日 … 新宿区長 … 吉住 … 健一,supported,8192dad7f735147a7c5b30dc75d388c7bb5593f9b3a9a38487e7b8544b6e577c
shinjuku-2026-r3-gian-75,hard,content,R75-H-02,議案本文の前文,https://www.city.shinjuku.lg.jp/content/000466378.pdf,5e6f0401b4c5684d1ea7ca0369b3fc20d8dd8a8a8be5acb779055f1b0b8cbc0c,議案本文 前文・1 契約の目的,ＥＳＣＯ事業による新宿区大久保特別出張所外 … 10施設照明ＬＥ … Ｄ化工事等施行のため、下記のとおり工事等委託契約を締結する,supported,8192dad7f735147a7c5b30dc75d388c7bb5593f9b3a9a38487e7b8544b6e577c
shinjuku-2026-r3-gian-75,hard,content,R75-H-03,提案理由,https://www.city.shinjuku.lg.jp/content/000466378.pdf,5e6f0401b4c5684d1ea7ca0369b3fc20d8dd8a8a8be5acb779055f1b0b8cbc0c,提案理由,Ｄ化工事等を施行する必要があるため,supported,8192dad7f735147a7c5b30dc75d388c7bb5593f9b3a9a38487e7b8544b6e577c
shinjuku-2026-r3-gian-75,hard,content,R75-H-04,契約の方法,https://www.city.shinjuku.lg.jp/content/000466378.pdf,5e6f0401b4c5684d1ea7ca0369b3fc20d8dd8a8a8be5acb779055f1b0b8cbc0c,議案本文 2 契約の方法,制限付一般競争入札による契約,supported,8192dad7f735147a7c5b30dc75d388c7bb5593f9b3a9a38487e7b8544b6e577c
shinjuku-2026-r3-gian-75,hard,content,R75-H-05,契約金額,https://www.city.shinjuku.lg.jp/content/000466378.pdf,5e6f0401b4c5684d1ea7ca0369b3fc20d8dd8a8a8be5acb779055f1b0b8cbc0c,議案本文 3 契約金額,"2億7,610万円",supported,8192dad7f735147a7c5b30dc75d388c7bb5593f9b3a9a38487e7b8544b6e577c
shinjuku-2026-r3-gian-75,hard,content,R75-H-06,契約の相手方,https://www.city.shinjuku.lg.jp/content/000466378.pdf,5e6f0401b4c5684d1ea7ca0369b3fc20d8dd8a8a8be5acb779055f1b0b8cbc0c,議案本文 4 契約の相手方,東京都新宿区百人町二丁目24番10号 … 日東電工株式会社,supported,8192dad7f735147a7c5b30dc75d388c7bb5593f9b3a9a38487e7b8544b6e577c
shinjuku-2026-r3-gian-75,hard,content,R75-H-07,資本金等（概要資料）,https://www.city.shinjuku.lg.jp/content/000464786.pdf,b84b187d220daad484c279199f10899ad35777e2a122875a21faf939baf87e0c,議決案件関係 第75号議案 6・7,"2 億 7,610 万円 … 東京都新宿区百人町二丁目 24 番 10 号 … 日東電工株式会社 … 代表取締役 本間 正明 … 資本金 2,000 万円",supported,8192dad7f735147a7c5b30dc75d388c7bb5593f9b3a9a38487e7b8544b6e577c
shinjuku-2026-r3-gian-75,hard,content,R75-H-08,工事場所,https://www.city.shinjuku.lg.jp/content/000464786.pdf,b84b187d220daad484c279199f10899ad35777e2a122875a21faf939baf87e0c,議決案件関係 第75号議案 2 工事場所,東京都新宿区大久保二丁目 12 番 7 号 外 5 か所,supported,8192dad7f735147a7c5b30dc75d388c7bb5593f9b3a9a38487e7b8544b6e577c
shinjuku-2026-r3-gian-75,hard,content,R75-H-09,契約月日,https://www.city.shinjuku.lg.jp/content/000464786.pdf,b84b187d220daad484c279199f10899ad35777e2a122875a21faf939baf87e0c,議決案件関係 第75号議案 3 契約月日,仮契約 令和 8 年 7 月 31 日（金） … 本契約 議決日の翌日,supported,8192dad7f735147a7c5b30dc75d388c7bb5593f9b3a9a38487e7b8544b6e577c
shinjuku-2026-r3-gian-75,hard,content,R75-H-10,契約期間,https://www.city.shinjuku.lg.jp/content/000464786.pdf,b84b187d220daad484c279199f10899ad35777e2a122875a21faf939baf87e0c,議決案件関係 第75号議案 4 契約期間,本契約締結日の翌日から令和 15 年 2 月 28 日まで,supported,8192dad7f735147a7c5b30dc75d388c7bb5593f9b3a9a38487e7b8544b6e577c
shinjuku-2026-r3-gian-75,hard,content,R75-H-11,工事概要,https://www.city.shinjuku.lg.jp/content/000464786.pdf,b84b187d220daad484c279199f10899ad35777e2a122875a21faf939baf87e0c,議決案件関係 第75号議案 1 工事概要,省エネルギーに関する包括的なサービス（調査、設計、施工、その後の省エネル … ギー効果の検証や助言、効果保証等）を提供するＥＳＣＯ事業により,supported,8192dad7f735147a7c5b30dc75d388c7bb5593f9b3a9a38487e7b8544b6e577c
shinjuku-2026-r3-gian-75,hard,content,R75-H-12,支出科目等（各年度の金額の記載はない）,https://www.city.shinjuku.lg.jp/content/000466378.pdf,5e6f0401b4c5684d1ea7ca0369b3fc20d8dd8a8a8be5acb779055f1b0b8cbc0c,議案本文 5 支出科目等,令和9年度 … 債務負担行為 … 令和10年度 … 債務負担行為 … 令和11年度 … 令和12年度 … 令和13年度 … 令和14年度 … 債務負担行為,supported,8192dad7f735147a7c5b30dc75d388c7bb5593f9b3a9a38487e7b8544b6e577c
shinjuku-2026-r3-gian-75,hard,content,R75-H-13,同種の議案3件,https://www.city.shinjuku.lg.jp/content/000464786.pdf,b84b187d220daad484c279199f10899ad35777e2a122875a21faf939baf87e0c,議決案件関係 第73〜75号議案,ＥＳＣＯ事業による新宿区立防災センター外 11 施設照明ＬＥＤ化工事等委託契約 … ＥＳＣＯ事業による新宿区四谷特別出張所外 6 施設照明ＬＥＤ化工事等委託契約 … ＥＳＣＯ事業による新宿区大久保特別出張所外 10 施設照明ＬＥＤ化工事等委託契約,supported,8192dad7f735147a7c5b30dc75d388c7bb5593f9b3a9a38487e7b8544b6e577c
shinjuku-2026-r3-gian-75,hard,content,R75-H-14,令和8年第3回定例会（会期 9月16日〜10月15日）に提出された,https://www.city.shinjuku.lg.jp/kusei/kuseijoho01_001109_03.html,31b8240a9210c5965a74134fca286bef83cc7b5e9eb4bae326847e0a170a89d0,提出議案一覧ページ,令和8年第3回定例会（会期：9月16日～10月15日）提出案件概要を掲載しました,supported,8192dad7f735147a7c5b30dc75d388c7bb5593f9b3a9a38487e7b8544b6e577c
shinjuku-2026-r3-gian-75,hard,content,R75-H-15,作成時点（令和8年9月30日）で議決結果は公表されていない,https://www.city.shinjuku.lg.jp/content/000466378.pdf,5e6f0401b4c5684d1ea7ca0369b3fc20d8dd8a8a8be5acb779055f1b0b8cbc0c,審議状況,（作成時点の審議状況の記述であり、一次資料の記載による主張ではない）,needs_source,8192dad7f735147a7c5b30dc75d388c7bb5593f9b3a9a38487e7b8544b6e577c
shinjuku-2026-r3-gian-75,hard,content,R75-H-16,施設一覧、削減見込み、効果保証、各年度額、入札状況は資料にない,https://www.city.shinjuku.lg.jp/content/000466378.pdf,5e6f0401b4c5684d1ea7ca0369b3fc20d8dd8a8a8be5acb779055f1b0b8cbc0c,出典に記載がない事項,（本件は解説本文が「一次資料に記載がない」と明示している箇所であり、事実主張ではない）,needs_source,8192dad7f735147a7c5b30dc75d388c7bb5593f9b3a9a38487e7b8544b6e577c
shinjuku-2026-r3-gian-75,hard,content,R75-H-17,同種の議案の表の契約金額・相手方（第73〜75号）,https://www.city.shinjuku.lg.jp/content/000464786.pdf,b84b187d220daad484c279199f10899ad35777e2a122875a21faf939baf87e0c,議決案件関係 第73号議案,"2 億 2,990 万円 … 東京ガスリノベーション株式会社",supported,8192dad7f735147a7c5b30dc75d388c7bb5593f9b3a9a38487e7b8544b6e577c
shinjuku-2026-r3-gian-75,hard,content,R75-H-18,同種の議案の表（第74号）,https://www.city.shinjuku.lg.jp/content/000464786.pdf,b84b187d220daad484c279199f10899ad35777e2a122875a21faf939baf87e0c,議決案件関係 第74号議案,"2 億 5,702 万 6,000 円 … 東邦電気工事株式会社",supported,8192dad7f735147a7c5b30dc75d388c7bb5593f9b3a9a38487e7b8544b6e577c
shinjuku-2026-r3-gian-75,hard,content,R75-H-19,同種の議案の表（第75号）,https://www.city.shinjuku.lg.jp/content/000464786.pdf,b84b187d220daad484c279199f10899ad35777e2a122875a21faf939baf87e0c,議決案件関係 第75号議案,"2 億 7,610 万円 … 日東電工株式会社",supported,8192dad7f735147a7c5b30dc75d388c7bb5593f9b3a9a38487e7b8544b6e577c
shinjuku-2026-r3-gian-76,easy,title,R76-ET-01,見出し: 江戸川橋通りの道路改良工事の契約,https://www.city.shinjuku.lg.jp/content/000466379.pdf,5283955eecb25ddd5a25230d8498feb5ff985bd2233231a7f92a9029b7d452fc,議案本文 前文,道路改良工事（江戸川橋通り第Ⅱ期）施行のため、下記のとおり請負契約を締結する,supported,9a37abf78acfe16bb0776377603dbecd8e4d970e2f2fe057001661dac4c05367
shinjuku-2026-r3-gian-76,easy,summary,R76-ES-01,要約: 江戸川橋通り第Ⅱ期の道路改良工事の契約,https://www.city.shinjuku.lg.jp/content/000466379.pdf,5283955eecb25ddd5a25230d8498feb5ff985bd2233231a7f92a9029b7d452fc,議案本文 前文,道路改良工事（江戸川橋通り第Ⅱ期）施行のため、下記のとおり請負契約を締結する,supported,9a37abf78acfe16bb0776377603dbecd8e4d970e2f2fe057001661dac4c05367
shinjuku-2026-r3-gian-76,easy,summary,R76-ES-02,"要約: 金額4億6,970万円、相手は常盤工業株式会社",https://www.city.shinjuku.lg.jp/content/000466379.pdf,5283955eecb25ddd5a25230d8498feb5ff985bd2233231a7f92a9029b7d452fc,議案本文 4 契約の相手方,東京都新宿区新宿一丁目14番5号 … 常盤工業株式会社 … 執行役員支店長 … 東京支店 … 福岳 … 雄一郎,supported,9a37abf78acfe16bb0776377603dbecd8e4d970e2f2fe057001661dac4c05367
shinjuku-2026-r3-gian-76,easy,summary,R76-ES-03,要約: 工期は2028年12月13日まで,https://www.city.shinjuku.lg.jp/content/000464786.pdf,b84b187d220daad484c279199f10899ad35777e2a122875a21faf939baf87e0c,議決案件関係 第76号議案 4 工期,本契約締結日の翌日から令和 10 年 12 月 13 日まで,supported,9a37abf78acfe16bb0776377603dbecd8e4d970e2f2fe057001661dac4c05367
shinjuku-2026-r3-gian-76,easy,content,R76-E-01,道路改良工事（江戸川橋通り第Ⅱ期）の請負契約,https://www.city.shinjuku.lg.jp/content/000466379.pdf,5283955eecb25ddd5a25230d8498feb5ff985bd2233231a7f92a9029b7d452fc,議案本文 前文,道路改良工事（江戸川橋通り第Ⅱ期）施行のため、下記のとおり請負契約を締結する,supported,9a37abf78acfe16bb0776377603dbecd8e4d970e2f2fe057001661dac4c05367
shinjuku-2026-r3-gian-76,easy,content,R76-E-02,区長が2026年9月16日に提出,https://www.city.shinjuku.lg.jp/content/000466379.pdf,5283955eecb25ddd5a25230d8498feb5ff985bd2233231a7f92a9029b7d452fc,議案本文 提出日・提出者,令和８年９月１６日 … 新宿区長 … 吉住 … 健一,supported,9a37abf78acfe16bb0776377603dbecd8e4d970e2f2fe057001661dac4c05367
shinjuku-2026-r3-gian-76,easy,content,R76-E-03,工事内容7項目（いずれも一式）,https://www.city.shinjuku.lg.jp/content/000464786.pdf,b84b187d220daad484c279199f10899ad35777e2a122875a21faf939baf87e0c,議決案件関係 第76号議案 1 工事概要,⑴ 土工 一式 … ⑵ 仮設工 一式 … ⑶ 排水施設工 一式 … ⑷ 街築工 一式 … ⑸ 舗装工 一式 … ⑹ 交通安全施設工 一式 … ⑺ 下水道施設工 一式,supported,9a37abf78acfe16bb0776377603dbecd8e4d970e2f2fe057001661dac4c05367
shinjuku-2026-r3-gian-76,easy,content,R76-E-04,工事場所,https://www.city.shinjuku.lg.jp/content/000464786.pdf,b84b187d220daad484c279199f10899ad35777e2a122875a21faf939baf87e0c,議決案件関係 第76号議案 2 工事場所,東京都新宿区天神町 63 番地先から文京区関口一丁目 21 番先まで,supported,9a37abf78acfe16bb0776377603dbecd8e4d970e2f2fe057001661dac4c05367
shinjuku-2026-r3-gian-76,easy,content,R76-E-05,契約の方法,https://www.city.shinjuku.lg.jp/content/000466379.pdf,5283955eecb25ddd5a25230d8498feb5ff985bd2233231a7f92a9029b7d452fc,議案本文 2 契約の方法,制限付一般競争入札による契約,supported,9a37abf78acfe16bb0776377603dbecd8e4d970e2f2fe057001661dac4c05367
shinjuku-2026-r3-gian-76,easy,content,R76-E-06,契約金額,https://www.city.shinjuku.lg.jp/content/000466379.pdf,5283955eecb25ddd5a25230d8498feb5ff985bd2233231a7f92a9029b7d452fc,議案本文 3 契約金額,"4億6,970万円",supported,9a37abf78acfe16bb0776377603dbecd8e4d970e2f2fe057001661dac4c05367
shinjuku-2026-r3-gian-76,easy,content,R76-E-07,相手方・住所・代表,https://www.city.shinjuku.lg.jp/content/000466379.pdf,5283955eecb25ddd5a25230d8498feb5ff985bd2233231a7f92a9029b7d452fc,議案本文 4 契約の相手方,東京都新宿区新宿一丁目14番5号 … 常盤工業株式会社 … 執行役員支店長 … 東京支店 … 福岳 … 雄一郎,supported,9a37abf78acfe16bb0776377603dbecd8e4d970e2f2fe057001661dac4c05367
shinjuku-2026-r3-gian-76,easy,content,R76-E-08,資本金1億円,https://www.city.shinjuku.lg.jp/content/000464786.pdf,b84b187d220daad484c279199f10899ad35777e2a122875a21faf939baf87e0c,議決案件関係 第76号議案 7 契約の相手方,常盤工業株式会社 東京支店 … 執行役員支店長 福岳 雄一郎 … 資本金 1 億円,supported,9a37abf78acfe16bb0776377603dbecd8e4d970e2f2fe057001661dac4c05367
shinjuku-2026-r3-gian-76,easy,content,R76-E-09,仮契約2026年8月21日（金）、本契約は議決日の翌日,https://www.city.shinjuku.lg.jp/content/000464786.pdf,b84b187d220daad484c279199f10899ad35777e2a122875a21faf939baf87e0c,議決案件関係 第76号議案 3 契約月日,仮契約 令和 8 年 8 月 21 日（金） … 本契約 議決日の翌日,supported,9a37abf78acfe16bb0776377603dbecd8e4d970e2f2fe057001661dac4c05367
shinjuku-2026-r3-gian-76,easy,content,R76-E-10,工期は2028年（令和10年）12月13日まで,https://www.city.shinjuku.lg.jp/content/000464786.pdf,b84b187d220daad484c279199f10899ad35777e2a122875a21faf939baf87e0c,議決案件関係 第76号議案 4 工期,本契約締結日の翌日から令和 10 年 12 月 13 日まで,supported,9a37abf78acfe16bb0776377603dbecd8e4d970e2f2fe057001661dac4c05367
shinjuku-2026-r3-gian-76,easy,content,R76-E-11,2026年度は土木費の道路新設改良費・受託事業費の工事請負費、2027・2028年度は債務負担行為,https://www.city.shinjuku.lg.jp/content/000466379.pdf,5283955eecb25ddd5a25230d8498feb5ff985bd2233231a7f92a9029b7d452fc,議案本文 5 支出科目等,令 和 8 年 度 区一般 会 計 歳 出 土木費 … 道路橋りょう費 道路新設改良費 … 工事請 負 費 … 道路橋りょう費 受託事業費 … 令 和 9 年 度 債務負 担 行 為 … 令 和 10 年 度 債務負 担 行 為,supported,9a37abf78acfe16bb0776377603dbecd8e4d970e2f2fe057001661dac4c05367
shinjuku-2026-r3-gian-76,easy,content,R76-E-12,令和8年第3回定例会（会期 9月16日〜10月15日）に提出された,https://www.city.shinjuku.lg.jp/kusei/kuseijoho01_001109_03.html,31b8240a9210c5965a74134fca286bef83cc7b5e9eb4bae326847e0a170a89d0,提出議案一覧ページ,令和8年第3回定例会（会期：9月16日～10月15日）提出案件概要を掲載しました,supported,9a37abf78acfe16bb0776377603dbecd8e4d970e2f2fe057001661dac4c05367
shinjuku-2026-r3-gian-76,easy,content,R76-E-13,作成時点（令和8年9月30日）で議決結果は公表されていない,https://www.city.shinjuku.lg.jp/content/000466379.pdf,5283955eecb25ddd5a25230d8498feb5ff985bd2233231a7f92a9029b7d452fc,審議状況,（作成時点の審議状況の記述であり、一次資料の記載による主張ではない）,needs_source,9a37abf78acfe16bb0776377603dbecd8e4d970e2f2fe057001661dac4c05367
shinjuku-2026-r3-gian-76,easy,content,R76-E-14,交通規制、年度ごとの額、受託事業費の内容、入札の状況は書かれていない,https://www.city.shinjuku.lg.jp/content/000466379.pdf,5283955eecb25ddd5a25230d8498feb5ff985bd2233231a7f92a9029b7d452fc,出典に記載がない事項,（本件は解説本文が「一次資料に記載がない」と明示している箇所であり、事実主張ではない）,needs_source,9a37abf78acfe16bb0776377603dbecd8e4d970e2f2fe057001661dac4c05367
shinjuku-2026-r3-gian-76,normal,title,R76-NT-01,見出し: 江戸川橋通り第Ⅱ期の道路改良工事の請負契約,https://www.city.shinjuku.lg.jp/content/000466379.pdf,5283955eecb25ddd5a25230d8498feb5ff985bd2233231a7f92a9029b7d452fc,議案本文 前文,道路改良工事（江戸川橋通り第Ⅱ期）施行のため、下記のとおり請負契約を締結する,supported,b264a7b2a10932e95ce41034d7aac3fb08b3622e46c136fc87600696166d7b93
shinjuku-2026-r3-gian-76,normal,summary,R76-NS-01,要約: 工事場所,https://www.city.shinjuku.lg.jp/content/000464786.pdf,b84b187d220daad484c279199f10899ad35777e2a122875a21faf939baf87e0c,議決案件関係 第76号議案 2 工事場所,東京都新宿区天神町 63 番地先から文京区関口一丁目 21 番先まで,supported,b264a7b2a10932e95ce41034d7aac3fb08b3622e46c136fc87600696166d7b93
shinjuku-2026-r3-gian-76,normal,summary,R76-NS-02,要約: 金額・相手方・方法,https://www.city.shinjuku.lg.jp/content/000466379.pdf,5283955eecb25ddd5a25230d8498feb5ff985bd2233231a7f92a9029b7d452fc,議案本文 4 契約の相手方,東京都新宿区新宿一丁目14番5号 … 常盤工業株式会社 … 執行役員支店長 … 東京支店 … 福岳 … 雄一郎,supported,b264a7b2a10932e95ce41034d7aac3fb08b3622e46c136fc87600696166d7b93
shinjuku-2026-r3-gian-76,normal,summary,R76-NS-03,要約: 工期,https://www.city.shinjuku.lg.jp/content/000464786.pdf,b84b187d220daad484c279199f10899ad35777e2a122875a21faf939baf87e0c,議決案件関係 第76号議案 4 工期,本契約締結日の翌日から令和 10 年 12 月 13 日まで,supported,b264a7b2a10932e95ce41034d7aac3fb08b3622e46c136fc87600696166d7b93
shinjuku-2026-r3-gian-76,normal,content,R76-N-01,議決を求める議案,https://www.city.shinjuku.lg.jp/content/000466379.pdf,5283955eecb25ddd5a25230d8498feb5ff985bd2233231a7f92a9029b7d452fc,議案本文 前文,道路改良工事（江戸川橋通り第Ⅱ期）施行のため、下記のとおり請負契約を締結する,supported,b264a7b2a10932e95ce41034d7aac3fb08b3622e46c136fc87600696166d7b93
shinjuku-2026-r3-gian-76,normal,content,R76-N-02,提出日,https://www.city.shinjuku.lg.jp/content/000466379.pdf,5283955eecb25ddd5a25230d8498feb5ff985bd2233231a7f92a9029b7d452fc,議案本文 提出日・提出者,令和８年９月１６日 … 新宿区長 … 吉住 … 健一,supported,b264a7b2a10932e95ce41034d7aac3fb08b3622e46c136fc87600696166d7b93
shinjuku-2026-r3-gian-76,normal,content,R76-N-03,工事概要,https://www.city.shinjuku.lg.jp/content/000464786.pdf,b84b187d220daad484c279199f10899ad35777e2a122875a21faf939baf87e0c,議決案件関係 第76号議案 1 工事概要,⑴ 土工 一式 … ⑵ 仮設工 一式 … ⑶ 排水施設工 一式 … ⑷ 街築工 一式 … ⑸ 舗装工 一式 … ⑹ 交通安全施設工 一式 … ⑺ 下水道施設工 一式,supported,b264a7b2a10932e95ce41034d7aac3fb08b3622e46c136fc87600696166d7b93
shinjuku-2026-r3-gian-76,normal,content,R76-N-04,工事場所,https://www.city.shinjuku.lg.jp/content/000464786.pdf,b84b187d220daad484c279199f10899ad35777e2a122875a21faf939baf87e0c,議決案件関係 第76号議案 2 工事場所,東京都新宿区天神町 63 番地先から文京区関口一丁目 21 番先まで,supported,b264a7b2a10932e95ce41034d7aac3fb08b3622e46c136fc87600696166d7b93
shinjuku-2026-r3-gian-76,normal,content,R76-N-05,契約の方法,https://www.city.shinjuku.lg.jp/content/000466379.pdf,5283955eecb25ddd5a25230d8498feb5ff985bd2233231a7f92a9029b7d452fc,議案本文 2 契約の方法,制限付一般競争入札による契約,supported,b264a7b2a10932e95ce41034d7aac3fb08b3622e46c136fc87600696166d7b93
shinjuku-2026-r3-gian-76,normal,content,R76-N-06,契約金額,https://www.city.shinjuku.lg.jp/content/000466379.pdf,5283955eecb25ddd5a25230d8498feb5ff985bd2233231a7f92a9029b7d452fc,議案本文 3 契約金額,"4億6,970万円",supported,b264a7b2a10932e95ce41034d7aac3fb08b3622e46c136fc87600696166d7b93
shinjuku-2026-r3-gian-76,normal,content,R76-N-07,相手方,https://www.city.shinjuku.lg.jp/content/000464786.pdf,b84b187d220daad484c279199f10899ad35777e2a122875a21faf939baf87e0c,議決案件関係 第76号議案 7 契約の相手方,常盤工業株式会社 東京支店 … 執行役員支店長 福岳 雄一郎 … 資本金 1 億円,supported,b264a7b2a10932e95ce41034d7aac3fb08b3622e46c136fc87600696166d7b93
shinjuku-2026-r3-gian-76,normal,content,R76-N-08,契約月日,https://www.city.shinjuku.lg.jp/content/000464786.pdf,b84b187d220daad484c279199f10899ad35777e2a122875a21faf939baf87e0c,議決案件関係 第76号議案 3 契約月日,仮契約 令和 8 年 8 月 21 日（金） … 本契約 議決日の翌日,supported,b264a7b2a10932e95ce41034d7aac3fb08b3622e46c136fc87600696166d7b93
shinjuku-2026-r3-gian-76,normal,content,R76-N-09,工期,https://www.city.shinjuku.lg.jp/content/000464786.pdf,b84b187d220daad484c279199f10899ad35777e2a122875a21faf939baf87e0c,議決案件関係 第76号議案 4 工期,本契約締結日の翌日から令和 10 年 12 月 13 日まで,supported,b264a7b2a10932e95ce41034d7aac3fb08b3622e46c136fc87600696166d7b93
shinjuku-2026-r3-gian-76,normal,content,R76-N-10,支出科目等,https://www.city.shinjuku.lg.jp/content/000466379.pdf,5283955eecb25ddd5a25230d8498feb5ff985bd2233231a7f92a9029b7d452fc,議案本文 5 支出科目等,令 和 8 年 度 区一般 会 計 歳 出 土木費 … 道路橋りょう費 道路新設改良費 … 工事請 負 費 … 道路橋りょう費 受託事業費 … 令 和 9 年 度 債務負 担 行 為 … 令 和 10 年 度 債務負 担 行 為,supported,b264a7b2a10932e95ce41034d7aac3fb08b3622e46c136fc87600696166d7b93
shinjuku-2026-r3-gian-76,normal,content,R76-N-11,令和8年第3回定例会（会期 9月16日〜10月15日）に提出された,https://www.city.shinjuku.lg.jp/kusei/kuseijoho01_001109_03.html,31b8240a9210c5965a74134fca286bef83cc7b5e9eb4bae326847e0a170a89d0,提出議案一覧ページ,令和8年第3回定例会（会期：9月16日～10月15日）提出案件概要を掲載しました,supported,b264a7b2a10932e95ce41034d7aac3fb08b3622e46c136fc87600696166d7b93
shinjuku-2026-r3-gian-76,normal,content,R76-N-12,作成時点（令和8年9月30日）で議決結果は公表されていない,https://www.city.shinjuku.lg.jp/content/000466379.pdf,5283955eecb25ddd5a25230d8498feb5ff985bd2233231a7f92a9029b7d452fc,審議状況,（作成時点の審議状況の記述であり、一次資料の記載による主張ではない）,needs_source,b264a7b2a10932e95ce41034d7aac3fb08b3622e46c136fc87600696166d7b93
shinjuku-2026-r3-gian-76,normal,content,R76-N-13,議決後は議決日の翌日に本契約,https://www.city.shinjuku.lg.jp/content/000464786.pdf,b84b187d220daad484c279199f10899ad35777e2a122875a21faf939baf87e0c,議決案件関係 第76号議案 3 契約月日,仮契約 令和 8 年 8 月 21 日（金） … 本契約 議決日の翌日,supported,b264a7b2a10932e95ce41034d7aac3fb08b3622e46c136fc87600696166d7b93
shinjuku-2026-r3-gian-76,normal,content,R76-N-14,交通規制、年度額、受託事業費の委託元、入札状況は書かれていない,https://www.city.shinjuku.lg.jp/content/000466379.pdf,5283955eecb25ddd5a25230d8498feb5ff985bd2233231a7f92a9029b7d452fc,出典に記載がない事項,（本件は解説本文が「一次資料に記載がない」と明示している箇所であり、事実主張ではない）,needs_source,b264a7b2a10932e95ce41034d7aac3fb08b3622e46c136fc87600696166d7b93
shinjuku-2026-r3-gian-76,hard,title,R76-HT-01,見出し: 議案名,https://www.city.shinjuku.lg.jp/content/000466379.pdf,5283955eecb25ddd5a25230d8498feb5ff985bd2233231a7f92a9029b7d452fc,議案本文 前文,道路改良工事（江戸川橋通り第Ⅱ期）施行のため、下記のとおり請負契約を締結する,supported,928c873e8b69c01d87dbfabd4fd4213df4a7b3ef5d119d71a5089d51ce98dd4b
shinjuku-2026-r3-gian-76,hard,summary,R76-HS-01,要約: 方法・相手方・金額,https://www.city.shinjuku.lg.jp/content/000466379.pdf,5283955eecb25ddd5a25230d8498feb5ff985bd2233231a7f92a9029b7d452fc,議案本文 4 契約の相手方,東京都新宿区新宿一丁目14番5号 … 常盤工業株式会社 … 執行役員支店長 … 東京支店 … 福岳 … 雄一郎,supported,928c873e8b69c01d87dbfabd4fd4213df4a7b3ef5d119d71a5089d51ce98dd4b
shinjuku-2026-r3-gian-76,hard,summary,R76-HS-02,要約: 工事場所・工期,https://www.city.shinjuku.lg.jp/content/000464786.pdf,b84b187d220daad484c279199f10899ad35777e2a122875a21faf939baf87e0c,議決案件関係 第76号議案 2 工事場所,東京都新宿区天神町 63 番地先から文京区関口一丁目 21 番先まで,supported,928c873e8b69c01d87dbfabd4fd4213df4a7b3ef5d119d71a5089d51ce98dd4b
shinjuku-2026-r3-gian-76,hard,summary,R76-HS-03,要約: 支出科目等,https://www.city.shinjuku.lg.jp/content/000466379.pdf,5283955eecb25ddd5a25230d8498feb5ff985bd2233231a7f92a9029b7d452fc,議案本文 5 支出科目等,令 和 8 年 度 区一般 会 計 歳 出 土木費 … 道路橋りょう費 道路新設改良費 … 工事請 負 費 … 道路橋りょう費 受託事業費 … 令 和 9 年 度 債務負 担 行 為 … 令 和 10 年 度 債務負 担 行 為,supported,928c873e8b69c01d87dbfabd4fd4213df4a7b3ef5d119d71a5089d51ce98dd4b
shinjuku-2026-r3-gian-76,hard,content,R76-H-01,提出日・提出者,https://www.city.shinjuku.lg.jp/content/000466379.pdf,5283955eecb25ddd5a25230d8498feb5ff985bd2233231a7f92a9029b7d452fc,議案本文 提出日・提出者,令和８年９月１６日 … 新宿区長 … 吉住 … 健一,supported,928c873e8b69c01d87dbfabd4fd4213df4a7b3ef5d119d71a5089d51ce98dd4b
shinjuku-2026-r3-gian-76,hard,content,R76-H-02,議案本文の前文,https://www.city.shinjuku.lg.jp/content/000466379.pdf,5283955eecb25ddd5a25230d8498feb5ff985bd2233231a7f92a9029b7d452fc,議案本文 前文,道路改良工事（江戸川橋通り第Ⅱ期）施行のため、下記のとおり請負契約を締結する,supported,928c873e8b69c01d87dbfabd4fd4213df4a7b3ef5d119d71a5089d51ce98dd4b
shinjuku-2026-r3-gian-76,hard,content,R76-H-03,提案理由,https://www.city.shinjuku.lg.jp/content/000466379.pdf,5283955eecb25ddd5a25230d8498feb5ff985bd2233231a7f92a9029b7d452fc,提案理由,道路改良工事（江戸川橋通り第Ⅱ期）を施行する必要があるため,supported,928c873e8b69c01d87dbfabd4fd4213df4a7b3ef5d119d71a5089d51ce98dd4b
shinjuku-2026-r3-gian-76,hard,content,R76-H-04,件名表記: 一覧ページは「第2)期」,https://www.city.shinjuku.lg.jp/kusei/kuseijoho01_001109_03.html,31b8240a9210c5965a74134fca286bef83cc7b5e9eb4bae326847e0a170a89d0,提出議案一覧ページ 条例案等（全文）,第76号議案　道路改良工事（江戸川橋通り第2)期）請負契約,supported,928c873e8b69c01d87dbfabd4fd4213df4a7b3ef5d119d71a5089d51ce98dd4b
shinjuku-2026-r3-gian-76,hard,content,R76-H-05,契約の方法,https://www.city.shinjuku.lg.jp/content/000466379.pdf,5283955eecb25ddd5a25230d8498feb5ff985bd2233231a7f92a9029b7d452fc,議案本文 2 契約の方法,制限付一般競争入札による契約,supported,928c873e8b69c01d87dbfabd4fd4213df4a7b3ef5d119d71a5089d51ce98dd4b
shinjuku-2026-r3-gian-76,hard,content,R76-H-06,契約金額,https://www.city.shinjuku.lg.jp/content/000466379.pdf,5283955eecb25ddd5a25230d8498feb5ff985bd2233231a7f92a9029b7d452fc,議案本文 3 契約金額,"4億6,970万円",supported,928c873e8b69c01d87dbfabd4fd4213df4a7b3ef5d119d71a5089d51ce98dd4b
shinjuku-2026-r3-gian-76,hard,content,R76-H-07,契約の相手方,https://www.city.shinjuku.lg.jp/content/000466379.pdf,5283955eecb25ddd5a25230d8498feb5ff985bd2233231a7f92a9029b7d452fc,議案本文 4 契約の相手方,東京都新宿区新宿一丁目14番5号 … 常盤工業株式会社 … 執行役員支店長 … 東京支店 … 福岳 … 雄一郎,supported,928c873e8b69c01d87dbfabd4fd4213df4a7b3ef5d119d71a5089d51ce98dd4b
shinjuku-2026-r3-gian-76,hard,content,R76-H-08,資本金,https://www.city.shinjuku.lg.jp/content/000464786.pdf,b84b187d220daad484c279199f10899ad35777e2a122875a21faf939baf87e0c,議決案件関係 第76号議案 7 契約の相手方,常盤工業株式会社 東京支店 … 執行役員支店長 福岳 雄一郎 … 資本金 1 億円,supported,928c873e8b69c01d87dbfabd4fd4213df4a7b3ef5d119d71a5089d51ce98dd4b
shinjuku-2026-r3-gian-76,hard,content,R76-H-09,工事場所,https://www.city.shinjuku.lg.jp/content/000464786.pdf,b84b187d220daad484c279199f10899ad35777e2a122875a21faf939baf87e0c,議決案件関係 第76号議案 2 工事場所,東京都新宿区天神町 63 番地先から文京区関口一丁目 21 番先まで,supported,928c873e8b69c01d87dbfabd4fd4213df4a7b3ef5d119d71a5089d51ce98dd4b
shinjuku-2026-r3-gian-76,hard,content,R76-H-10,契約月日,https://www.city.shinjuku.lg.jp/content/000464786.pdf,b84b187d220daad484c279199f10899ad35777e2a122875a21faf939baf87e0c,議決案件関係 第76号議案 3 契約月日,仮契約 令和 8 年 8 月 21 日（金） … 本契約 議決日の翌日,supported,928c873e8b69c01d87dbfabd4fd4213df4a7b3ef5d119d71a5089d51ce98dd4b
shinjuku-2026-r3-gian-76,hard,content,R76-H-11,工期,https://www.city.shinjuku.lg.jp/content/000464786.pdf,b84b187d220daad484c279199f10899ad35777e2a122875a21faf939baf87e0c,議決案件関係 第76号議案 4 工期,本契約締結日の翌日から令和 10 年 12 月 13 日まで,supported,928c873e8b69c01d87dbfabd4fd4213df4a7b3ef5d119d71a5089d51ce98dd4b
shinjuku-2026-r3-gian-76,hard,content,R76-H-12,工事概要,https://www.city.shinjuku.lg.jp/content/000464786.pdf,b84b187d220daad484c279199f10899ad35777e2a122875a21faf939baf87e0c,議決案件関係 第76号議案 1 工事概要,⑴ 土工 一式 … ⑵ 仮設工 一式 … ⑶ 排水施設工 一式 … ⑷ 街築工 一式 … ⑸ 舗装工 一式 … ⑹ 交通安全施設工 一式 … ⑺ 下水道施設工 一式,supported,928c873e8b69c01d87dbfabd4fd4213df4a7b3ef5d119d71a5089d51ce98dd4b
shinjuku-2026-r3-gian-76,hard,content,R76-H-13,支出科目等（各年度の金額の記載はない）,https://www.city.shinjuku.lg.jp/content/000466379.pdf,5283955eecb25ddd5a25230d8498feb5ff985bd2233231a7f92a9029b7d452fc,議案本文 5 支出科目等,令 和 8 年 度 区一般 会 計 歳 出 土木費 … 道路橋りょう費 道路新設改良費 … 工事請 負 費 … 道路橋りょう費 受託事業費 … 令 和 9 年 度 債務負 担 行 為 … 令 和 10 年 度 債務負 担 行 為,supported,928c873e8b69c01d87dbfabd4fd4213df4a7b3ef5d119d71a5089d51ce98dd4b
shinjuku-2026-r3-gian-76,hard,content,R76-H-14,令和8年第3回定例会（会期 9月16日〜10月15日）に提出された,https://www.city.shinjuku.lg.jp/kusei/kuseijoho01_001109_03.html,31b8240a9210c5965a74134fca286bef83cc7b5e9eb4bae326847e0a170a89d0,提出議案一覧ページ,令和8年第3回定例会（会期：9月16日～10月15日）提出案件概要を掲載しました,supported,928c873e8b69c01d87dbfabd4fd4213df4a7b3ef5d119d71a5089d51ce98dd4b
shinjuku-2026-r3-gian-76,hard,content,R76-H-15,作成時点（令和8年9月30日）で議決結果は公表されていない,https://www.city.shinjuku.lg.jp/content/000466379.pdf,5283955eecb25ddd5a25230d8498feb5ff985bd2233231a7f92a9029b7d452fc,審議状況,（作成時点の審議状況の記述であり、一次資料の記載による主張ではない）,needs_source,928c873e8b69c01d87dbfabd4fd4213df4a7b3ef5d119d71a5089d51ce98dd4b
shinjuku-2026-r3-gian-76,hard,content,R76-H-16,延長・幅員、受託事業費の内容、年度額、交通規制、入札状況、第Ⅰ期との関係は資料にない,https://www.city.shinjuku.lg.jp/content/000466379.pdf,5283955eecb25ddd5a25230d8498feb5ff985bd2233231a7f92a9029b7d452fc,出典に記載がない事項,（本件は解説本文が「一次資料に記載がない」と明示している箇所であり、事実主張ではない）,needs_source,928c873e8b69c01d87dbfabd4fd4213df4a7b3ef5d119d71a5089d51ce98dd4b
shinjuku-2026-r3-gian-77,easy,title,R77-ET-01,見出し: 区のシステムを使い続けるためのライセンスを買う,https://www.city.shinjuku.lg.jp/content/000466380.pdf,a93a8f132b1a4161d9dd7e438cdf7732cc38cd3bd19bad6d7fdf51c07f8b8512,議案本文 1 買入れの目的,現行イントラネットシステム及び情報システム統合基盤の継続 … 運用用,supported,6c5f777e51bd7a1eff62ebef53703e597aa2c9582a18e5e648df7a4ef9c2fd90
shinjuku-2026-r3-gian-77,easy,summary,R77-ES-01,要約: 現行システムの継続運用のため,https://www.city.shinjuku.lg.jp/content/000466380.pdf,a93a8f132b1a4161d9dd7e438cdf7732cc38cd3bd19bad6d7fdf51c07f8b8512,提案理由,現行イントラネットシステム及び情報システム統合基盤を引き続 … き運用するため、マイクロソフト社ソフトウェアライセンスを買い … 入れる必要があるため,supported,6c5f777e51bd7a1eff62ebef53703e597aa2c9582a18e5e648df7a4ef9c2fd90
shinjuku-2026-r3-gian-77,easy,summary,R77-ES-02,要約: マイクロソフト社のライセンスを買う,https://www.city.shinjuku.lg.jp/content/000466380.pdf,a93a8f132b1a4161d9dd7e438cdf7732cc38cd3bd19bad6d7fdf51c07f8b8512,提案理由,現行イントラネットシステム及び情報システム統合基盤を引き続 … き運用するため、マイクロソフト社ソフトウェアライセンスを買い … 入れる必要があるため,supported,6c5f777e51bd7a1eff62ebef53703e597aa2c9582a18e5e648df7a4ef9c2fd90
shinjuku-2026-r3-gian-77,easy,summary,R77-ES-03,"要約: 5億7,062万7,369円",https://www.city.shinjuku.lg.jp/content/000466380.pdf,a93a8f132b1a4161d9dd7e438cdf7732cc38cd3bd19bad6d7fdf51c07f8b8512,議案本文 3 買入金額,"5億7,062万7,369円",supported,6c5f777e51bd7a1eff62ebef53703e597aa2c9582a18e5e648df7a4ef9c2fd90
shinjuku-2026-r3-gian-77,easy,summary,R77-ES-04,要約: 相手は株式会社大塚商会,https://www.city.shinjuku.lg.jp/content/000464786.pdf,b84b187d220daad484c279199f10899ad35777e2a122875a21faf939baf87e0c,議決案件関係 第77号議案 7 契約の相手方,"東京都千代田区飯田橋二丁目 18 番 4 号 … 株式会社大塚商会 LA 事業部公共グループ … グループ長 浅井 秀雄 … 資本金 103 億 7,485 万 1,000 円",supported,6c5f777e51bd7a1eff62ebef53703e597aa2c9582a18e5e648df7a4ef9c2fd90
shinjuku-2026-r3-gian-77,easy,content,R77-E-01,イントラネットシステムと情報システム統合基盤を使い続ける,https://www.city.shinjuku.lg.jp/content/000466380.pdf,a93a8f132b1a4161d9dd7e438cdf7732cc38cd3bd19bad6d7fdf51c07f8b8512,議案本文 1 買入れの目的,現行イントラネットシステム及び情報システム統合基盤の継続 … 運用用,supported,6c5f777e51bd7a1eff62ebef53703e597aa2c9582a18e5e648df7a4ef9c2fd90
shinjuku-2026-r3-gian-77,easy,content,R77-E-02,マイクロソフト社のライセンスを買う,https://www.city.shinjuku.lg.jp/content/000466380.pdf,a93a8f132b1a4161d9dd7e438cdf7732cc38cd3bd19bad6d7fdf51c07f8b8512,提案理由,現行イントラネットシステム及び情報システム統合基盤を引き続 … き運用するため、マイクロソフト社ソフトウェアライセンスを買い … 入れる必要があるため,supported,6c5f777e51bd7a1eff62ebef53703e597aa2c9582a18e5e648df7a4ef9c2fd90
shinjuku-2026-r3-gian-77,easy,content,R77-E-03,区長が2026年9月16日に提出,https://www.city.shinjuku.lg.jp/content/000466380.pdf,a93a8f132b1a4161d9dd7e438cdf7732cc38cd3bd19bad6d7fdf51c07f8b8512,議案本文 提出日・提出者,令和８年９月１６日 … 新宿区長 … 吉住 … 健一,supported,6c5f777e51bd7a1eff62ebef53703e597aa2c9582a18e5e648df7a4ef9c2fd90
shinjuku-2026-r3-gian-77,easy,content,R77-E-04,21種類（⑴〜(21)）,https://www.city.shinjuku.lg.jp/content/000466380.pdf,a93a8f132b1a4161d9dd7e438cdf7732cc38cd3bd19bad6d7fdf51c07f8b8512,議案本文 2 種類及び数量,CIS Suite Datacenter Core ALng LSA 2L 148ライセンス … CIS Suite Standard Core ALng LSA 2L 40ライセンス … Azure prepayment 100ライセンス … Azure Standard Support 1ライセンス … CIS Suite Datacenter Core ALng LSA 2L 210ライセンス … SQL Server Enterprise Core ALng LSA 2L 25ライセンス,supported,6c5f777e51bd7a1eff62ebef53703e597aa2c9582a18e5e648df7a4ef9c2fd90
shinjuku-2026-r3-gian-77,easy,content,R77-E-05,"多いもの: M365 E3 4,382、Defender Suite 4,422",https://www.city.shinjuku.lg.jp/content/000466380.pdf,a93a8f132b1a4161d9dd7e438cdf7732cc38cd3bd19bad6d7fdf51c07f8b8512,議案本文 2 種類及び数量,"M365 E3 Original Sub Gov Per User 4,382ライセンス … Defender Suite Sub Gov Per User 4,422ライセンス … Exchange Online P1 Sub Gov Per User 795ライセンス … EOA Exchange Online Sub Gov Per User 795ライセンス … Defender O365 P2 Sub Gov Per User 795ライセンス … Defender Endpoint Server Sub 95ライセンス",supported,6c5f777e51bd7a1eff62ebef53703e597aa2c9582a18e5e648df7a4ef9c2fd90
shinjuku-2026-r3-gian-77,easy,content,R77-E-06,"多いもの: D365 Team Members 4,185、Azure prepayment 1,540",https://www.city.shinjuku.lg.jp/content/000466380.pdf,a93a8f132b1a4161d9dd7e438cdf7732cc38cd3bd19bad6d7fdf51c07f8b8512,議案本文 2 種類及び数量,"Office Professional Plus ALng LSA 197ライセンス … Azure prepayment 1,540ライセンス … Azure Standard Support 1ライセンス … SQL Server Standard Core ALng LSA 2L 13ライセンス … D365 Team Members Sub Per User 4,185ライセンス … D365 Customer Service Sub Per User 10ライセンス … Power BI Pro Sub Gov Per User 10ライセンス",supported,6c5f777e51bd7a1eff62ebef53703e597aa2c9582a18e5e648df7a4ef9c2fd90
shinjuku-2026-r3-gian-77,easy,content,R77-E-07,用途: パソコンOS・M365、セキュリティ、共有メール、区民意見FAQ、公式ホームページ,https://www.city.shinjuku.lg.jp/content/000464786.pdf,b84b187d220daad484c279199f10899ad35777e2a122875a21faf939baf87e0c,議決案件関係 第77号議案 1 概要,現行イントラネットシステム用クラウド M365、パソコン OS ライセンス … 現行イントラネットシステム用セキュリティライセンス … 現行イントラネットシステム用共有メール BOX 用ライセンス … 現行イントラネットシステム用 Azure 利用ライセンス … 区民意見 FAQ 用 CRM ライセンス … 区公式ホームページ環境用 Azure 利用ライセンス … Server ライセンス及び SystemCenter ライセンス,supported,6c5f777e51bd7a1eff62ebef53703e597aa2c9582a18e5e648df7a4ef9c2fd90
shinjuku-2026-r3-gian-77,easy,content,R77-E-08,買入金額,https://www.city.shinjuku.lg.jp/content/000466380.pdf,a93a8f132b1a4161d9dd7e438cdf7732cc38cd3bd19bad6d7fdf51c07f8b8512,議案本文 3 買入金額,"5億7,062万7,369円",supported,6c5f777e51bd7a1eff62ebef53703e597aa2c9582a18e5e648df7a4ef9c2fd90
shinjuku-2026-r3-gian-77,easy,content,R77-E-09,指名競争入札、納入場所、仮契約2026年8月19日（水）、本契約、納期2026年12月28日,https://www.city.shinjuku.lg.jp/content/000464786.pdf,b84b187d220daad484c279199f10899ad35777e2a122875a21faf939baf87e0c,議決案件関係 第77号議案 2〜7,"納 入 場 所 新宿区指定の場所 … 仮契約 令和 8 年 8 月 19 日（水） … 本契約 議決日の翌日 … 本契約締結日の翌日から令和 8 年 12 月 28 日まで … 指名競争入札 … 5 億 7,062 万 7,369 円",supported,6c5f777e51bd7a1eff62ebef53703e597aa2c9582a18e5e648df7a4ef9c2fd90
shinjuku-2026-r3-gian-77,easy,content,R77-E-10,相手方・住所・代表・資本金,https://www.city.shinjuku.lg.jp/content/000464786.pdf,b84b187d220daad484c279199f10899ad35777e2a122875a21faf939baf87e0c,議決案件関係 第77号議案 7 契約の相手方,"東京都千代田区飯田橋二丁目 18 番 4 号 … 株式会社大塚商会 LA 事業部公共グループ … グループ長 浅井 秀雄 … 資本金 103 億 7,485 万 1,000 円",supported,6c5f777e51bd7a1eff62ebef53703e597aa2c9582a18e5e648df7a4ef9c2fd90
shinjuku-2026-r3-gian-77,easy,content,R77-E-11,令和8年第3回定例会（会期 9月16日〜10月15日）に提出された,https://www.city.shinjuku.lg.jp/kusei/kuseijoho01_001109_03.html,31b8240a9210c5965a74134fca286bef83cc7b5e9eb4bae326847e0a170a89d0,提出議案一覧ページ,令和8年第3回定例会（会期：9月16日～10月15日）提出案件概要を掲載しました,supported,6c5f777e51bd7a1eff62ebef53703e597aa2c9582a18e5e648df7a4ef9c2fd90
shinjuku-2026-r3-gian-77,easy,content,R77-E-12,作成時点（令和8年9月30日）で議決結果は公表されていない,https://www.city.shinjuku.lg.jp/content/000466380.pdf,a93a8f132b1a4161d9dd7e438cdf7732cc38cd3bd19bad6d7fdf51c07f8b8512,審議状況,（作成時点の審議状況の記述であり、一次資料の記載による主張ではない）,needs_source,6c5f777e51bd7a1eff62ebef53703e597aa2c9582a18e5e648df7a4ef9c2fd90
shinjuku-2026-r3-gian-77,easy,content,R77-E-13,利用期間、単価、入札参加者は書かれていない,https://www.city.shinjuku.lg.jp/content/000466380.pdf,a93a8f132b1a4161d9dd7e438cdf7732cc38cd3bd19bad6d7fdf51c07f8b8512,出典に記載がない事項,（本件は解説本文が「一次資料に記載がない」と明示している箇所であり、事実主張ではない）,needs_source,6c5f777e51bd7a1eff62ebef53703e597aa2c9582a18e5e648df7a4ef9c2fd90
shinjuku-2026-r3-gian-77,normal,title,R77-NT-01,見出し: 継続運用のためのマイクロソフト社ライセンスの買入れ,https://www.city.shinjuku.lg.jp/content/000466380.pdf,a93a8f132b1a4161d9dd7e438cdf7732cc38cd3bd19bad6d7fdf51c07f8b8512,議案本文 1 買入れの目的,現行イントラネットシステム及び情報システム統合基盤の継続 … 運用用,supported,f5cffaeb25ce715b49c1ce110586303b24933371dd5afa0c86664046b965bb70
shinjuku-2026-r3-gian-77,normal,summary,R77-NS-01,"要約: 21種類を5億7,062万7,369円で買い入れる",https://www.city.shinjuku.lg.jp/content/000466380.pdf,a93a8f132b1a4161d9dd7e438cdf7732cc38cd3bd19bad6d7fdf51c07f8b8512,議案本文 3 買入金額,"5億7,062万7,369円",supported,f5cffaeb25ce715b49c1ce110586303b24933371dd5afa0c86664046b965bb70
shinjuku-2026-r3-gian-77,normal,summary,R77-NS-02,要約: 継続運用のため,https://www.city.shinjuku.lg.jp/content/000466380.pdf,a93a8f132b1a4161d9dd7e438cdf7732cc38cd3bd19bad6d7fdf51c07f8b8512,提案理由,現行イントラネットシステム及び情報システム統合基盤を引き続 … き運用するため、マイクロソフト社ソフトウェアライセンスを買い … 入れる必要があるため,supported,f5cffaeb25ce715b49c1ce110586303b24933371dd5afa0c86664046b965bb70
shinjuku-2026-r3-gian-77,normal,summary,R77-NS-03,要約: 大塚商会、指名競争入札、納期,https://www.city.shinjuku.lg.jp/content/000464786.pdf,b84b187d220daad484c279199f10899ad35777e2a122875a21faf939baf87e0c,議決案件関係 第77号議案 2〜7,"納 入 場 所 新宿区指定の場所 … 仮契約 令和 8 年 8 月 19 日（水） … 本契約 議決日の翌日 … 本契約締結日の翌日から令和 8 年 12 月 28 日まで … 指名競争入札 … 5 億 7,062 万 7,369 円",supported,f5cffaeb25ce715b49c1ce110586303b24933371dd5afa0c86664046b965bb70
shinjuku-2026-r3-gian-77,normal,content,R77-N-01,議決を求める議案,https://www.city.shinjuku.lg.jp/content/000466380.pdf,a93a8f132b1a4161d9dd7e438cdf7732cc38cd3bd19bad6d7fdf51c07f8b8512,提案理由,現行イントラネットシステム及び情報システム統合基盤を引き続 … き運用するため、マイクロソフト社ソフトウェアライセンスを買い … 入れる必要があるため,supported,f5cffaeb25ce715b49c1ce110586303b24933371dd5afa0c86664046b965bb70
shinjuku-2026-r3-gian-77,normal,content,R77-N-02,提出日,https://www.city.shinjuku.lg.jp/content/000466380.pdf,a93a8f132b1a4161d9dd7e438cdf7732cc38cd3bd19bad6d7fdf51c07f8b8512,議案本文 提出日・提出者,令和８年９月１６日 … 新宿区長 … 吉住 … 健一,supported,f5cffaeb25ce715b49c1ce110586303b24933371dd5afa0c86664046b965bb70
shinjuku-2026-r3-gian-77,normal,content,R77-N-03,21種類,https://www.city.shinjuku.lg.jp/content/000466380.pdf,a93a8f132b1a4161d9dd7e438cdf7732cc38cd3bd19bad6d7fdf51c07f8b8512,議案本文 2 種類及び数量,CIS Suite Datacenter Core ALng LSA 2L 148ライセンス … CIS Suite Standard Core ALng LSA 2L 40ライセンス … Azure prepayment 100ライセンス … Azure Standard Support 1ライセンス … CIS Suite Datacenter Core ALng LSA 2L 210ライセンス … SQL Server Enterprise Core ALng LSA 2L 25ライセンス,supported,f5cffaeb25ce715b49c1ce110586303b24933371dd5afa0c86664046b965bb70
shinjuku-2026-r3-gian-77,normal,content,R77-N-04,主なライセンスと数量（M365 E3、Defender Suite、Exchange Online ほか各795）,https://www.city.shinjuku.lg.jp/content/000466380.pdf,a93a8f132b1a4161d9dd7e438cdf7732cc38cd3bd19bad6d7fdf51c07f8b8512,議案本文 2 種類及び数量,"M365 E3 Original Sub Gov Per User 4,382ライセンス … Defender Suite Sub Gov Per User 4,422ライセンス … Exchange Online P1 Sub Gov Per User 795ライセンス … EOA Exchange Online Sub Gov Per User 795ライセンス … Defender O365 P2 Sub Gov Per User 795ライセンス … Defender Endpoint Server Sub 95ライセンス",supported,f5cffaeb25ce715b49c1ce110586303b24933371dd5afa0c86664046b965bb70
shinjuku-2026-r3-gian-77,normal,content,R77-N-05,"主なライセンスと数量（Azure prepayment 1,540・D365 Team Members 4,185）",https://www.city.shinjuku.lg.jp/content/000466380.pdf,a93a8f132b1a4161d9dd7e438cdf7732cc38cd3bd19bad6d7fdf51c07f8b8512,議案本文 2 種類及び数量,"Office Professional Plus ALng LSA 197ライセンス … Azure prepayment 1,540ライセンス … Azure Standard Support 1ライセンス … SQL Server Standard Core ALng LSA 2L 13ライセンス … D365 Team Members Sub Per User 4,185ライセンス … D365 Customer Service Sub Per User 10ライセンス … Power BI Pro Sub Gov Per User 10ライセンス",supported,f5cffaeb25ce715b49c1ce110586303b24933371dd5afa0c86664046b965bb70
shinjuku-2026-r3-gian-77,normal,content,R77-N-06,主なライセンスと数量（Azure prepayment 100・CIS Suite Datacenter 210）,https://www.city.shinjuku.lg.jp/content/000466380.pdf,a93a8f132b1a4161d9dd7e438cdf7732cc38cd3bd19bad6d7fdf51c07f8b8512,議案本文 2 種類及び数量,CIS Suite Datacenter Core ALng LSA 2L 148ライセンス … CIS Suite Standard Core ALng LSA 2L 40ライセンス … Azure prepayment 100ライセンス … Azure Standard Support 1ライセンス … CIS Suite Datacenter Core ALng LSA 2L 210ライセンス … SQL Server Enterprise Core ALng LSA 2L 25ライセンス,supported,f5cffaeb25ce715b49c1ce110586303b24933371dd5afa0c86664046b965bb70
shinjuku-2026-r3-gian-77,normal,content,R77-N-07,用途,https://www.city.shinjuku.lg.jp/content/000464786.pdf,b84b187d220daad484c279199f10899ad35777e2a122875a21faf939baf87e0c,議決案件関係 第77号議案 1 概要,現行イントラネットシステム用クラウド M365、パソコン OS ライセンス … 現行イントラネットシステム用セキュリティライセンス … 現行イントラネットシステム用共有メール BOX 用ライセンス … 現行イントラネットシステム用 Azure 利用ライセンス … 区民意見 FAQ 用 CRM ライセンス … 区公式ホームページ環境用 Azure 利用ライセンス … Server ライセンス及び SystemCenter ライセンス,supported,f5cffaeb25ce715b49c1ce110586303b24933371dd5afa0c86664046b965bb70
shinjuku-2026-r3-gian-77,normal,content,R77-N-08,買入金額,https://www.city.shinjuku.lg.jp/content/000466380.pdf,a93a8f132b1a4161d9dd7e438cdf7732cc38cd3bd19bad6d7fdf51c07f8b8512,議案本文 3 買入金額,"5億7,062万7,369円",supported,f5cffaeb25ce715b49c1ce110586303b24933371dd5afa0c86664046b965bb70
shinjuku-2026-r3-gian-77,normal,content,R77-N-09,契約の方法・納入場所・契約月日・納期,https://www.city.shinjuku.lg.jp/content/000464786.pdf,b84b187d220daad484c279199f10899ad35777e2a122875a21faf939baf87e0c,議決案件関係 第77号議案 2〜7,"納 入 場 所 新宿区指定の場所 … 仮契約 令和 8 年 8 月 19 日（水） … 本契約 議決日の翌日 … 本契約締結日の翌日から令和 8 年 12 月 28 日まで … 指名競争入札 … 5 億 7,062 万 7,369 円",supported,f5cffaeb25ce715b49c1ce110586303b24933371dd5afa0c86664046b965bb70
shinjuku-2026-r3-gian-77,normal,content,R77-N-10,相手方,https://www.city.shinjuku.lg.jp/content/000464786.pdf,b84b187d220daad484c279199f10899ad35777e2a122875a21faf939baf87e0c,議決案件関係 第77号議案 7 契約の相手方,"東京都千代田区飯田橋二丁目 18 番 4 号 … 株式会社大塚商会 LA 事業部公共グループ … グループ長 浅井 秀雄 … 資本金 103 億 7,485 万 1,000 円",supported,f5cffaeb25ce715b49c1ce110586303b24933371dd5afa0c86664046b965bb70
shinjuku-2026-r3-gian-77,normal,content,R77-N-11,令和8年第3回定例会（会期 9月16日〜10月15日）に提出された,https://www.city.shinjuku.lg.jp/kusei/kuseijoho01_001109_03.html,31b8240a9210c5965a74134fca286bef83cc7b5e9eb4bae326847e0a170a89d0,提出議案一覧ページ,令和8年第3回定例会（会期：9月16日～10月15日）提出案件概要を掲載しました,supported,f5cffaeb25ce715b49c1ce110586303b24933371dd5afa0c86664046b965bb70
shinjuku-2026-r3-gian-77,normal,content,R77-N-12,作成時点（令和8年9月30日）で議決結果は公表されていない,https://www.city.shinjuku.lg.jp/content/000466380.pdf,a93a8f132b1a4161d9dd7e438cdf7732cc38cd3bd19bad6d7fdf51c07f8b8512,審議状況,（作成時点の審議状況の記述であり、一次資料の記載による主張ではない）,needs_source,f5cffaeb25ce715b49c1ce110586303b24933371dd5afa0c86664046b965bb70
shinjuku-2026-r3-gian-77,normal,content,R77-N-13,議決後は議決日の翌日に本契約,https://www.city.shinjuku.lg.jp/content/000464786.pdf,b84b187d220daad484c279199f10899ad35777e2a122875a21faf939baf87e0c,議決案件関係 第77号議案 2〜7,"納 入 場 所 新宿区指定の場所 … 仮契約 令和 8 年 8 月 19 日（水） … 本契約 議決日の翌日 … 本契約締結日の翌日から令和 8 年 12 月 28 日まで … 指名競争入札 … 5 億 7,062 万 7,369 円",supported,f5cffaeb25ce715b49c1ce110586303b24933371dd5afa0c86664046b965bb70
shinjuku-2026-r3-gian-77,normal,content,R77-N-14,利用期間、単価、指名の理由と業者は書かれていない,https://www.city.shinjuku.lg.jp/content/000466380.pdf,a93a8f132b1a4161d9dd7e438cdf7732cc38cd3bd19bad6d7fdf51c07f8b8512,出典に記載がない事項,（本件は解説本文が「一次資料に記載がない」と明示している箇所であり、事実主張ではない）,needs_source,f5cffaeb25ce715b49c1ce110586303b24933371dd5afa0c86664046b965bb70
shinjuku-2026-r3-gian-77,hard,title,R77-HT-01,見出し: 議案名,https://www.city.shinjuku.lg.jp/content/000466380.pdf,a93a8f132b1a4161d9dd7e438cdf7732cc38cd3bd19bad6d7fdf51c07f8b8512,議案本文 1 買入れの目的,現行イントラネットシステム及び情報システム統合基盤の継続 … 運用用,supported,e8a811fb32e0a53b4657ca1f93c6efc7162f302bfe6d42a2c3082dd0ab6028a7
shinjuku-2026-r3-gian-77,hard,summary,R77-HS-01,要約: 継続運用のため21種類を買入れ,https://www.city.shinjuku.lg.jp/content/000466380.pdf,a93a8f132b1a4161d9dd7e438cdf7732cc38cd3bd19bad6d7fdf51c07f8b8512,議案本文 1 買入れの目的,現行イントラネットシステム及び情報システム統合基盤の継続 … 運用用,supported,e8a811fb32e0a53b4657ca1f93c6efc7162f302bfe6d42a2c3082dd0ab6028a7
shinjuku-2026-r3-gian-77,hard,summary,R77-HS-02,要約: 買入金額,https://www.city.shinjuku.lg.jp/content/000466380.pdf,a93a8f132b1a4161d9dd7e438cdf7732cc38cd3bd19bad6d7fdf51c07f8b8512,議案本文 3 買入金額,"5億7,062万7,369円",supported,e8a811fb32e0a53b4657ca1f93c6efc7162f302bfe6d42a2c3082dd0ab6028a7
shinjuku-2026-r3-gian-77,hard,summary,R77-HS-03,要約: 方法・相手方・納期（概要資料）,https://www.city.shinjuku.lg.jp/content/000464786.pdf,b84b187d220daad484c279199f10899ad35777e2a122875a21faf939baf87e0c,議決案件関係 第77号議案 2〜7,"納 入 場 所 新宿区指定の場所 … 仮契約 令和 8 年 8 月 19 日（水） … 本契約 議決日の翌日 … 本契約締結日の翌日から令和 8 年 12 月 28 日まで … 指名競争入札 … 5 億 7,062 万 7,369 円",supported,e8a811fb32e0a53b4657ca1f93c6efc7162f302bfe6d42a2c3082dd0ab6028a7
shinjuku-2026-r3-gian-77,hard,content,R77-H-01,提出日・提出者,https://www.city.shinjuku.lg.jp/content/000466380.pdf,a93a8f132b1a4161d9dd7e438cdf7732cc38cd3bd19bad6d7fdf51c07f8b8512,議案本文 提出日・提出者,令和８年９月１６日 … 新宿区長 … 吉住 … 健一,supported,e8a811fb32e0a53b4657ca1f93c6efc7162f302bfe6d42a2c3082dd0ab6028a7
shinjuku-2026-r3-gian-77,hard,content,R77-H-02,買入れの目的,https://www.city.shinjuku.lg.jp/content/000466380.pdf,a93a8f132b1a4161d9dd7e438cdf7732cc38cd3bd19bad6d7fdf51c07f8b8512,議案本文 1 買入れの目的,現行イントラネットシステム及び情報システム統合基盤の継続 … 運用用,supported,e8a811fb32e0a53b4657ca1f93c6efc7162f302bfe6d42a2c3082dd0ab6028a7
shinjuku-2026-r3-gian-77,hard,content,R77-H-03,買入金額,https://www.city.shinjuku.lg.jp/content/000466380.pdf,a93a8f132b1a4161d9dd7e438cdf7732cc38cd3bd19bad6d7fdf51c07f8b8512,議案本文 3 買入金額,"5億7,062万7,369円",supported,e8a811fb32e0a53b4657ca1f93c6efc7162f302bfe6d42a2c3082dd0ab6028a7
shinjuku-2026-r3-gian-77,hard,content,R77-H-04,提案理由,https://www.city.shinjuku.lg.jp/content/000466380.pdf,a93a8f132b1a4161d9dd7e438cdf7732cc38cd3bd19bad6d7fdf51c07f8b8512,提案理由,現行イントラネットシステム及び情報システム統合基盤を引き続 … き運用するため、マイクロソフト社ソフトウェアライセンスを買い … 入れる必要があるため,supported,e8a811fb32e0a53b4657ca1f93c6efc7162f302bfe6d42a2c3082dd0ab6028a7
shinjuku-2026-r3-gian-77,hard,content,R77-H-05,種類及び数量 ⑴〜⑹,https://www.city.shinjuku.lg.jp/content/000466380.pdf,a93a8f132b1a4161d9dd7e438cdf7732cc38cd3bd19bad6d7fdf51c07f8b8512,議案本文 2 種類及び数量,"M365 E3 Original Sub Gov Per User 4,382ライセンス … Defender Suite Sub Gov Per User 4,422ライセンス … Exchange Online P1 Sub Gov Per User 795ライセンス … EOA Exchange Online Sub Gov Per User 795ライセンス … Defender O365 P2 Sub Gov Per User 795ライセンス … Defender Endpoint Server Sub 95ライセンス",supported,e8a811fb32e0a53b4657ca1f93c6efc7162f302bfe6d42a2c3082dd0ab6028a7
shinjuku-2026-r3-gian-77,hard,content,R77-H-06,種類及び数量 ⑺・⒂,https://www.city.shinjuku.lg.jp/content/000466380.pdf,a93a8f132b1a4161d9dd7e438cdf7732cc38cd3bd19bad6d7fdf51c07f8b8512,議案本文 2 種類及び数量 ⑺・⒂,M365 E5 ShrdSvr ALNG SubsVL MVL Gov PerUsr（Original） 15ラ … Power Pages Anonymous Users T1 Sub（500User/Site/Mo） 195ラ,supported,e8a811fb32e0a53b4657ca1f93c6efc7162f302bfe6d42a2c3082dd0ab6028a7
shinjuku-2026-r3-gian-77,hard,content,R77-H-07,種類及び数量 ⑻〜⒁,https://www.city.shinjuku.lg.jp/content/000466380.pdf,a93a8f132b1a4161d9dd7e438cdf7732cc38cd3bd19bad6d7fdf51c07f8b8512,議案本文 2 種類及び数量,"Office Professional Plus ALng LSA 197ライセンス … Azure prepayment 1,540ライセンス … Azure Standard Support 1ライセンス … SQL Server Standard Core ALng LSA 2L 13ライセンス … D365 Team Members Sub Per User 4,185ライセンス … D365 Customer Service Sub Per User 10ライセンス … Power BI Pro Sub Gov Per User 10ライセンス",supported,e8a811fb32e0a53b4657ca1f93c6efc7162f302bfe6d42a2c3082dd0ab6028a7
shinjuku-2026-r3-gian-77,hard,content,R77-H-08,種類及び数量 ⒃〜(21),https://www.city.shinjuku.lg.jp/content/000466380.pdf,a93a8f132b1a4161d9dd7e438cdf7732cc38cd3bd19bad6d7fdf51c07f8b8512,議案本文 2 種類及び数量,CIS Suite Datacenter Core ALng LSA 2L 148ライセンス … CIS Suite Standard Core ALng LSA 2L 40ライセンス … Azure prepayment 100ライセンス … Azure Standard Support 1ライセンス … CIS Suite Datacenter Core ALng LSA 2L 210ライセンス … SQL Server Enterprise Core ALng LSA 2L 25ライセンス,supported,e8a811fb32e0a53b4657ca1f93c6efc7162f302bfe6d42a2c3082dd0ab6028a7
shinjuku-2026-r3-gian-77,hard,content,R77-H-09,用途（主なもの）,https://www.city.shinjuku.lg.jp/content/000464786.pdf,b84b187d220daad484c279199f10899ad35777e2a122875a21faf939baf87e0c,議決案件関係 第77号議案 1 概要,現行イントラネットシステム用クラウド M365、パソコン OS ライセンス … 現行イントラネットシステム用セキュリティライセンス … 現行イントラネットシステム用共有メール BOX 用ライセンス … 現行イントラネットシステム用 Azure 利用ライセンス … 区民意見 FAQ 用 CRM ライセンス … 区公式ホームページ環境用 Azure 利用ライセンス … Server ライセンス及び SystemCenter ライセンス,supported,e8a811fb32e0a53b4657ca1f93c6efc7162f302bfe6d42a2c3082dd0ab6028a7
shinjuku-2026-r3-gian-77,hard,content,R77-H-10,用途（その他）,https://www.city.shinjuku.lg.jp/content/000464786.pdf,b84b187d220daad484c279199f10899ad35777e2a122875a21faf939baf87e0c,議決案件関係 第77号議案 1 概要,現行イントラネットシステム用共有メール BOX バックアップ用ライセンス … 現行イントラネットシステム用共有メール BOX 用セキュリティライセンス … 現行イントラネットシステム Server 用ウイルス対策ライセンス … 現行イントラネットシステムクラウド検証用ライセンス … 現行イントラネットシステムパソコン用 Office ライセンス … 現行イントラネットシステム用 Azure 技術問合せ用サポートライセンス … 現行イントラネットシステム職員ポータル用ライセンス … 区民意見 FAQ 用 CRM 管理者用ライセンス … 区民意見 FAQ 用 CRM 外部 WEB ページ用ライセンス … 旧イントラネットシステム Server 監視用ライセンス … 区公式ホームページ環境用 Azure 技術問合せ用サポートライセンス … SQL ライセンス,supported,e8a811fb32e0a53b4657ca1f93c6efc7162f302bfe6d42a2c3082dd0ab6028a7
shinjuku-2026-r3-gian-77,hard,content,R77-H-11,概要資料は「DataCenter」と表記,https://www.city.shinjuku.lg.jp/content/000464786.pdf,b84b187d220daad484c279199f10899ad35777e2a122875a21faf939baf87e0c,議決案件関係 第77号議案 ⒃⒇,CIS Suite DataCenter Core ALng LSA 2L 148 ライセンス,supported,e8a811fb32e0a53b4657ca1f93c6efc7162f302bfe6d42a2c3082dd0ab6028a7
shinjuku-2026-r3-gian-77,hard,content,R77-H-12,納入場所・契約月日・納期・方法,https://www.city.shinjuku.lg.jp/content/000464786.pdf,b84b187d220daad484c279199f10899ad35777e2a122875a21faf939baf87e0c,議決案件関係 第77号議案 2〜7,"納 入 場 所 新宿区指定の場所 … 仮契約 令和 8 年 8 月 19 日（水） … 本契約 議決日の翌日 … 本契約締結日の翌日から令和 8 年 12 月 28 日まで … 指名競争入札 … 5 億 7,062 万 7,369 円",supported,e8a811fb32e0a53b4657ca1f93c6efc7162f302bfe6d42a2c3082dd0ab6028a7
shinjuku-2026-r3-gian-77,hard,content,R77-H-13,相手方,https://www.city.shinjuku.lg.jp/content/000464786.pdf,b84b187d220daad484c279199f10899ad35777e2a122875a21faf939baf87e0c,議決案件関係 第77号議案 7 契約の相手方,"東京都千代田区飯田橋二丁目 18 番 4 号 … 株式会社大塚商会 LA 事業部公共グループ … グループ長 浅井 秀雄 … 資本金 103 億 7,485 万 1,000 円",supported,e8a811fb32e0a53b4657ca1f93c6efc7162f302bfe6d42a2c3082dd0ab6028a7
shinjuku-2026-r3-gian-77,hard,content,R77-H-14,令和8年第3回定例会（会期 9月16日〜10月15日）に提出された,https://www.city.shinjuku.lg.jp/kusei/kuseijoho01_001109_03.html,31b8240a9210c5965a74134fca286bef83cc7b5e9eb4bae326847e0a170a89d0,提出議案一覧ページ,令和8年第3回定例会（会期：9月16日～10月15日）提出案件概要を掲載しました,supported,e8a811fb32e0a53b4657ca1f93c6efc7162f302bfe6d42a2c3082dd0ab6028a7
shinjuku-2026-r3-gian-77,hard,content,R77-H-15,作成時点（令和8年9月30日）で議決結果は公表されていない,https://www.city.shinjuku.lg.jp/content/000466380.pdf,a93a8f132b1a4161d9dd7e438cdf7732cc38cd3bd19bad6d7fdf51c07f8b8512,審議状況,（作成時点の審議状況の記述であり、一次資料の記載による主張ではない）,needs_source,e8a811fb32e0a53b4657ca1f93c6efc7162f302bfe6d42a2c3082dd0ab6028a7
shinjuku-2026-r3-gian-77,hard,content,R77-H-16,利用期間・単価、支出科目等、指名の理由等、旧システムの監視ライセンスの理由は資料にない,https://www.city.shinjuku.lg.jp/content/000466380.pdf,a93a8f132b1a4161d9dd7e438cdf7732cc38cd3bd19bad6d7fdf51c07f8b8512,出典に記載がない事項,（本件は解説本文が「一次資料に記載がない」と明示している箇所であり、事実主張ではない）,needs_source,e8a811fb32e0a53b4657ca1f93c6efc7162f302bfe6d42a2c3082dd0ab6028a7
shinjuku-2026-r3-gian-78,easy,title,R78-ET-01,見出し: 遺贈を受ける権利を放棄する,https://www.city.shinjuku.lg.jp/content/000466381.pdf,47afcf8de483ab4b5dd85a099832f156a3e8a03652a54fa89f89ed6494717ffa,議案本文 前文,下記のとおり遺贈により生じた権利を放棄する,supported,acb93ba4e6402f71679b4693d5c0662a24a84105132e1b01ce5b15775bc1073c
shinjuku-2026-r3-gian-78,easy,summary,R78-ES-01,要約: 遺言で区に不動産を遺贈,https://www.city.shinjuku.lg.jp/content/000466381.pdf,47afcf8de483ab4b5dd85a099832f156a3e8a03652a54fa89f89ed6494717ffa,議案本文 3 遺言の主たる内容,グラフィック・デザイン博物館として活用することを条件に、遺 … 贈者の有する不動産を区に遺贈する,supported,acb93ba4e6402f71679b4693d5c0662a24a84105132e1b01ce5b15775bc1073c
shinjuku-2026-r3-gian-78,easy,summary,R78-ES-02,要約: グラフィック・デザイン博物館としての活用が条件,https://www.city.shinjuku.lg.jp/content/000466381.pdf,47afcf8de483ab4b5dd85a099832f156a3e8a03652a54fa89f89ed6494717ffa,議案本文 3 遺言の主たる内容,グラフィック・デザイン博物館として活用することを条件に、遺 … 贈者の有する不動産を区に遺贈する,supported,acb93ba4e6402f71679b4693d5c0662a24a84105132e1b01ce5b15775bc1073c
shinjuku-2026-r3-gian-78,easy,summary,R78-ES-03,要約: 活用が困難,https://www.city.shinjuku.lg.jp/content/000466381.pdf,47afcf8de483ab4b5dd85a099832f156a3e8a03652a54fa89f89ed6494717ffa,議案本文 4 放棄する理由,遺贈の対象となる不動産について、遺贈者の遺志に応えて活用 … することが困難であるため,supported,acb93ba4e6402f71679b4693d5c0662a24a84105132e1b01ce5b15775bc1073c
shinjuku-2026-r3-gian-78,easy,summary,R78-ES-04,要約: 受け取る権利を放棄,https://www.city.shinjuku.lg.jp/content/000466381.pdf,47afcf8de483ab4b5dd85a099832f156a3e8a03652a54fa89f89ed6494717ffa,議案本文 1 放棄する権利,遺贈者の有する財産について遺贈を受ける権利,supported,acb93ba4e6402f71679b4693d5c0662a24a84105132e1b01ce5b15775bc1073c
shinjuku-2026-r3-gian-78,easy,content,R78-E-01,遺言で不動産が区に遺贈された,https://www.city.shinjuku.lg.jp/content/000466381.pdf,47afcf8de483ab4b5dd85a099832f156a3e8a03652a54fa89f89ed6494717ffa,議案本文 3 遺言の主たる内容,グラフィック・デザイン博物館として活用することを条件に、遺 … 贈者の有する不動産を区に遺贈する,supported,acb93ba4e6402f71679b4693d5c0662a24a84105132e1b01ce5b15775bc1073c
shinjuku-2026-r3-gian-78,easy,content,R78-E-02,遺贈を受ける権利を放棄する,https://www.city.shinjuku.lg.jp/content/000466381.pdf,47afcf8de483ab4b5dd85a099832f156a3e8a03652a54fa89f89ed6494717ffa,議案本文 1 放棄する権利,遺贈者の有する財産について遺贈を受ける権利,supported,acb93ba4e6402f71679b4693d5c0662a24a84105132e1b01ce5b15775bc1073c
shinjuku-2026-r3-gian-78,easy,content,R78-E-03,区長が2026年9月16日に提出,https://www.city.shinjuku.lg.jp/content/000466381.pdf,47afcf8de483ab4b5dd85a099832f156a3e8a03652a54fa89f89ed6494717ffa,議案本文 提出日・提出者,令和８年９月１６日 … 新宿区長 … 吉住 … 健一,supported,acb93ba4e6402f71679b4693d5c0662a24a84105132e1b01ce5b15775bc1073c
shinjuku-2026-r3-gian-78,easy,content,R78-E-04,条件はグラフィック・デザイン博物館として活用すること,https://www.city.shinjuku.lg.jp/content/000466381.pdf,47afcf8de483ab4b5dd85a099832f156a3e8a03652a54fa89f89ed6494717ffa,議案本文 3 遺言の主たる内容,グラフィック・デザイン博物館として活用することを条件に、遺 … 贈者の有する不動産を区に遺贈する,supported,acb93ba4e6402f71679b4693d5c0662a24a84105132e1b01ce5b15775bc1073c
shinjuku-2026-r3-gian-78,easy,content,R78-E-05,遺贈者の住所は新宿区、氏名は記載削除,https://www.city.shinjuku.lg.jp/content/000466381.pdf,47afcf8de483ab4b5dd85a099832f156a3e8a03652a54fa89f89ed6494717ffa,議案本文 2 遺贈者,東京都新宿区（記載削除）,supported,acb93ba4e6402f71679b4693d5c0662a24a84105132e1b01ce5b15775bc1073c
shinjuku-2026-r3-gian-78,easy,content,R78-E-06,理由: 遺志に応えて活用することが困難,https://www.city.shinjuku.lg.jp/content/000466381.pdf,47afcf8de483ab4b5dd85a099832f156a3e8a03652a54fa89f89ed6494717ffa,議案本文 4 放棄する理由,遺贈の対象となる不動産について、遺贈者の遺志に応えて活用 … することが困難であるため,supported,acb93ba4e6402f71679b4693d5c0662a24a84105132e1b01ce5b15775bc1073c
shinjuku-2026-r3-gian-78,easy,content,R78-E-07,令和8年第3回定例会（会期 9月16日〜10月15日）に提出された,https://www.city.shinjuku.lg.jp/kusei/kuseijoho01_001109_03.html,31b8240a9210c5965a74134fca286bef83cc7b5e9eb4bae326847e0a170a89d0,提出議案一覧ページ,令和8年第3回定例会（会期：9月16日～10月15日）提出案件概要を掲載しました,supported,acb93ba4e6402f71679b4693d5c0662a24a84105132e1b01ce5b15775bc1073c
shinjuku-2026-r3-gian-78,easy,content,R78-E-08,作成時点（令和8年9月30日）で議決結果は公表されていない,https://www.city.shinjuku.lg.jp/content/000466381.pdf,47afcf8de483ab4b5dd85a099832f156a3e8a03652a54fa89f89ed6494717ffa,審議状況,（作成時点の審議状況の記述であり、一次資料の記載による主張ではない）,needs_source,acb93ba4e6402f71679b4693d5c0662a24a84105132e1b01ce5b15775bc1073c
shinjuku-2026-r3-gian-78,easy,content,R78-E-09,不動産の場所・広さ・価額、困難の具体的理由、放棄後の扱いは書かれていない,https://www.city.shinjuku.lg.jp/content/000466381.pdf,47afcf8de483ab4b5dd85a099832f156a3e8a03652a54fa89f89ed6494717ffa,出典に記載がない事項,（本件は解説本文が「一次資料に記載がない」と明示している箇所であり、事実主張ではない）,needs_source,acb93ba4e6402f71679b4693d5c0662a24a84105132e1b01ce5b15775bc1073c
shinjuku-2026-r3-gian-78,normal,title,R78-NT-01,見出し: グラフィック・デザイン博物館を条件とする遺贈を受ける権利の放棄,https://www.city.shinjuku.lg.jp/content/000466381.pdf,47afcf8de483ab4b5dd85a099832f156a3e8a03652a54fa89f89ed6494717ffa,議案本文 3 遺言の主たる内容,グラフィック・デザイン博物館として活用することを条件に、遺 … 贈者の有する不動産を区に遺贈する,supported,ce088d3e6d4a252f1f7ee78ee75365d2fa50b1ba390f0eb5ee2b8e6453fbf9eb
shinjuku-2026-r3-gian-78,normal,summary,R78-NS-01,要約: 遺言の内容と放棄,https://www.city.shinjuku.lg.jp/content/000466381.pdf,47afcf8de483ab4b5dd85a099832f156a3e8a03652a54fa89f89ed6494717ffa,議案本文 3 遺言の主たる内容,グラフィック・デザイン博物館として活用することを条件に、遺 … 贈者の有する不動産を区に遺贈する,supported,ce088d3e6d4a252f1f7ee78ee75365d2fa50b1ba390f0eb5ee2b8e6453fbf9eb
shinjuku-2026-r3-gian-78,normal,summary,R78-NS-02,要約: 放棄の理由,https://www.city.shinjuku.lg.jp/content/000466381.pdf,47afcf8de483ab4b5dd85a099832f156a3e8a03652a54fa89f89ed6494717ffa,議案本文 4 放棄する理由,遺贈の対象となる不動産について、遺贈者の遺志に応えて活用 … することが困難であるため,supported,ce088d3e6d4a252f1f7ee78ee75365d2fa50b1ba390f0eb5ee2b8e6453fbf9eb
shinjuku-2026-r3-gian-78,normal,content,R78-N-01,議決を求める議案,https://www.city.shinjuku.lg.jp/content/000466381.pdf,47afcf8de483ab4b5dd85a099832f156a3e8a03652a54fa89f89ed6494717ffa,議案本文 前文,下記のとおり遺贈により生じた権利を放棄する,supported,ce088d3e6d4a252f1f7ee78ee75365d2fa50b1ba390f0eb5ee2b8e6453fbf9eb
shinjuku-2026-r3-gian-78,normal,content,R78-N-02,提出日,https://www.city.shinjuku.lg.jp/content/000466381.pdf,47afcf8de483ab4b5dd85a099832f156a3e8a03652a54fa89f89ed6494717ffa,議案本文 提出日・提出者,令和８年９月１６日 … 新宿区長 … 吉住 … 健一,supported,ce088d3e6d4a252f1f7ee78ee75365d2fa50b1ba390f0eb5ee2b8e6453fbf9eb
shinjuku-2026-r3-gian-78,normal,content,R78-N-03,放棄する権利,https://www.city.shinjuku.lg.jp/content/000466381.pdf,47afcf8de483ab4b5dd85a099832f156a3e8a03652a54fa89f89ed6494717ffa,議案本文 1 放棄する権利,遺贈者の有する財産について遺贈を受ける権利,supported,ce088d3e6d4a252f1f7ee78ee75365d2fa50b1ba390f0eb5ee2b8e6453fbf9eb
shinjuku-2026-r3-gian-78,normal,content,R78-N-04,遺贈者（住所地は新宿区、氏名等は記載削除）,https://www.city.shinjuku.lg.jp/content/000466381.pdf,47afcf8de483ab4b5dd85a099832f156a3e8a03652a54fa89f89ed6494717ffa,議案本文 2 遺贈者,東京都新宿区（記載削除）,supported,ce088d3e6d4a252f1f7ee78ee75365d2fa50b1ba390f0eb5ee2b8e6453fbf9eb
shinjuku-2026-r3-gian-78,normal,content,R78-N-05,遺言の主たる内容,https://www.city.shinjuku.lg.jp/content/000466381.pdf,47afcf8de483ab4b5dd85a099832f156a3e8a03652a54fa89f89ed6494717ffa,議案本文 3 遺言の主たる内容,グラフィック・デザイン博物館として活用することを条件に、遺 … 贈者の有する不動産を区に遺贈する,supported,ce088d3e6d4a252f1f7ee78ee75365d2fa50b1ba390f0eb5ee2b8e6453fbf9eb
shinjuku-2026-r3-gian-78,normal,content,R78-N-06,放棄する理由,https://www.city.shinjuku.lg.jp/content/000466381.pdf,47afcf8de483ab4b5dd85a099832f156a3e8a03652a54fa89f89ed6494717ffa,議案本文 4 放棄する理由,遺贈の対象となる不動産について、遺贈者の遺志に応えて活用 … することが困難であるため,supported,ce088d3e6d4a252f1f7ee78ee75365d2fa50b1ba390f0eb5ee2b8e6453fbf9eb
shinjuku-2026-r3-gian-78,normal,content,R78-N-07,提案理由,https://www.city.shinjuku.lg.jp/content/000466381.pdf,47afcf8de483ab4b5dd85a099832f156a3e8a03652a54fa89f89ed6494717ffa,提案理由,遺贈により生じた権利を放棄する必要があるため,supported,ce088d3e6d4a252f1f7ee78ee75365d2fa50b1ba390f0eb5ee2b8e6453fbf9eb
shinjuku-2026-r3-gian-78,normal,content,R78-N-08,令和8年第3回定例会（会期 9月16日〜10月15日）に提出された,https://www.city.shinjuku.lg.jp/kusei/kuseijoho01_001109_03.html,31b8240a9210c5965a74134fca286bef83cc7b5e9eb4bae326847e0a170a89d0,提出議案一覧ページ,令和8年第3回定例会（会期：9月16日～10月15日）提出案件概要を掲載しました,supported,ce088d3e6d4a252f1f7ee78ee75365d2fa50b1ba390f0eb5ee2b8e6453fbf9eb
shinjuku-2026-r3-gian-78,normal,content,R78-N-09,作成時点（令和8年9月30日）で議決結果は公表されていない,https://www.city.shinjuku.lg.jp/content/000466381.pdf,47afcf8de483ab4b5dd85a099832f156a3e8a03652a54fa89f89ed6494717ffa,審議状況,（作成時点の審議状況の記述であり、一次資料の記載による主張ではない）,needs_source,ce088d3e6d4a252f1f7ee78ee75365d2fa50b1ba390f0eb5ee2b8e6453fbf9eb
shinjuku-2026-r3-gian-78,normal,content,R78-N-10,不動産の所在等、判断理由、検討内容、放棄後の扱いは書かれていない,https://www.city.shinjuku.lg.jp/content/000466381.pdf,47afcf8de483ab4b5dd85a099832f156a3e8a03652a54fa89f89ed6494717ffa,出典に記載がない事項,（本件は解説本文が「一次資料に記載がない」と明示している箇所であり、事実主張ではない）,needs_source,ce088d3e6d4a252f1f7ee78ee75365d2fa50b1ba390f0eb5ee2b8e6453fbf9eb
shinjuku-2026-r3-gian-78,hard,title,R78-HT-01,見出し: 議案名,https://www.city.shinjuku.lg.jp/content/000466381.pdf,47afcf8de483ab4b5dd85a099832f156a3e8a03652a54fa89f89ed6494717ffa,議案本文 前文,下記のとおり遺贈により生じた権利を放棄する,supported,c73dbd7550a52a3ac403da38dc714fa7ce9c1cb97c482248c6d70b8d680b0c71
shinjuku-2026-r3-gian-78,hard,summary,R78-HS-01,要約: 遺言の内容と放棄,https://www.city.shinjuku.lg.jp/content/000466381.pdf,47afcf8de483ab4b5dd85a099832f156a3e8a03652a54fa89f89ed6494717ffa,議案本文 3 遺言の主たる内容,グラフィック・デザイン博物館として活用することを条件に、遺 … 贈者の有する不動産を区に遺贈する,supported,c73dbd7550a52a3ac403da38dc714fa7ce9c1cb97c482248c6d70b8d680b0c71
shinjuku-2026-r3-gian-78,hard,summary,R78-HS-02,要約: 放棄の理由,https://www.city.shinjuku.lg.jp/content/000466381.pdf,47afcf8de483ab4b5dd85a099832f156a3e8a03652a54fa89f89ed6494717ffa,議案本文 4 放棄する理由,遺贈の対象となる不動産について、遺贈者の遺志に応えて活用 … することが困難であるため,supported,c73dbd7550a52a3ac403da38dc714fa7ce9c1cb97c482248c6d70b8d680b0c71
shinjuku-2026-r3-gian-78,hard,content,R78-H-01,提出日・提出者,https://www.city.shinjuku.lg.jp/content/000466381.pdf,47afcf8de483ab4b5dd85a099832f156a3e8a03652a54fa89f89ed6494717ffa,議案本文 提出日・提出者,令和８年９月１６日 … 新宿区長 … 吉住 … 健一,supported,c73dbd7550a52a3ac403da38dc714fa7ce9c1cb97c482248c6d70b8d680b0c71
shinjuku-2026-r3-gian-78,hard,content,R78-H-02,議案本文の前文,https://www.city.shinjuku.lg.jp/content/000466381.pdf,47afcf8de483ab4b5dd85a099832f156a3e8a03652a54fa89f89ed6494717ffa,議案本文 前文,下記のとおり遺贈により生じた権利を放棄する,supported,c73dbd7550a52a3ac403da38dc714fa7ce9c1cb97c482248c6d70b8d680b0c71
shinjuku-2026-r3-gian-78,hard,content,R78-H-03,提案理由,https://www.city.shinjuku.lg.jp/content/000466381.pdf,47afcf8de483ab4b5dd85a099832f156a3e8a03652a54fa89f89ed6494717ffa,提案理由,遺贈により生じた権利を放棄する必要があるため,supported,c73dbd7550a52a3ac403da38dc714fa7ce9c1cb97c482248c6d70b8d680b0c71
shinjuku-2026-r3-gian-78,hard,content,R78-H-04,1 放棄する権利,https://www.city.shinjuku.lg.jp/content/000466381.pdf,47afcf8de483ab4b5dd85a099832f156a3e8a03652a54fa89f89ed6494717ffa,議案本文 1 放棄する権利,遺贈者の有する財産について遺贈を受ける権利,supported,c73dbd7550a52a3ac403da38dc714fa7ce9c1cb97c482248c6d70b8d680b0c71
shinjuku-2026-r3-gian-78,hard,content,R78-H-05,2 遺贈者,https://www.city.shinjuku.lg.jp/content/000466381.pdf,47afcf8de483ab4b5dd85a099832f156a3e8a03652a54fa89f89ed6494717ffa,議案本文 2 遺贈者,東京都新宿区（記載削除）,supported,c73dbd7550a52a3ac403da38dc714fa7ce9c1cb97c482248c6d70b8d680b0c71
shinjuku-2026-r3-gian-78,hard,content,R78-H-06,3 遺言の主たる内容,https://www.city.shinjuku.lg.jp/content/000466381.pdf,47afcf8de483ab4b5dd85a099832f156a3e8a03652a54fa89f89ed6494717ffa,議案本文 3 遺言の主たる内容,グラフィック・デザイン博物館として活用することを条件に、遺 … 贈者の有する不動産を区に遺贈する,supported,c73dbd7550a52a3ac403da38dc714fa7ce9c1cb97c482248c6d70b8d680b0c71
shinjuku-2026-r3-gian-78,hard,content,R78-H-07,4 放棄する理由,https://www.city.shinjuku.lg.jp/content/000466381.pdf,47afcf8de483ab4b5dd85a099832f156a3e8a03652a54fa89f89ed6494717ffa,議案本文 4 放棄する理由,遺贈の対象となる不動産について、遺贈者の遺志に応えて活用 … することが困難であるため,supported,c73dbd7550a52a3ac403da38dc714fa7ce9c1cb97c482248c6d70b8d680b0c71
shinjuku-2026-r3-gian-78,hard,content,R78-H-08,概要資料の表記（Ａ、住所地：東京都新宿区）,https://www.city.shinjuku.lg.jp/content/000464786.pdf,b84b187d220daad484c279199f10899ad35777e2a122875a21faf939baf87e0c,議決案件関係 第78号議案,次のとおり遺贈により生じた権利を放棄する。 … Ａ（住所地：東京都新宿区）,supported,c73dbd7550a52a3ac403da38dc714fa7ce9c1cb97c482248c6d70b8d680b0c71
shinjuku-2026-r3-gian-78,hard,content,R78-H-09,令和8年第3回定例会（会期 9月16日〜10月15日）に提出された,https://www.city.shinjuku.lg.jp/kusei/kuseijoho01_001109_03.html,31b8240a9210c5965a74134fca286bef83cc7b5e9eb4bae326847e0a170a89d0,提出議案一覧ページ,令和8年第3回定例会（会期：9月16日～10月15日）提出案件概要を掲載しました,supported,c73dbd7550a52a3ac403da38dc714fa7ce9c1cb97c482248c6d70b8d680b0c71
shinjuku-2026-r3-gian-78,hard,content,R78-H-10,作成時点（令和8年9月30日）で議決結果は公表されていない,https://www.city.shinjuku.lg.jp/content/000466381.pdf,47afcf8de483ab4b5dd85a099832f156a3e8a03652a54fa89f89ed6494717ffa,審議状況,（作成時点の審議状況の記述であり、一次資料の記載による主張ではない）,needs_source,c73dbd7550a52a3ac403da38dc714fa7ce9c1cb97c482248c6d70b8d680b0c71
shinjuku-2026-r3-gian-78,hard,content,R78-H-11,不動産の詳細、遺言の効力発生時期、判断理由、放棄後の帰属、議決の根拠規定は資料にない,https://www.city.shinjuku.lg.jp/content/000466381.pdf,47afcf8de483ab4b5dd85a099832f156a3e8a03652a54fa89f89ed6494717ffa,出典に記載がない事項,（本件は解説本文が「一次資料に記載がない」と明示している箇所であり、事実主張ではない）,needs_source,c73dbd7550a52a3ac403da38dc714fa7ce9c1cb97c482248c6d70b8d680b0c71
shinjuku-2026-r3-gian-79,easy,title,R79-ET-01,見出し: 清掃車の事故の損害賠償の額を決める,https://www.city.shinjuku.lg.jp/content/000466382.pdf,b1a93b53caebf7e266f7dac235a816e11b2338f6f3c3a3cbf1769f63338b641d,議案本文 前文,自動車事故による損害賠償の額を、下記のとおり決定する,supported,23479df87eebe598bf251ed13ed1d4a34bb44014d1e8f454299778a96ce72095
shinjuku-2026-r3-gian-79,easy,summary,R79-ES-01,要約: 首都高速道路で前の車に接触,https://www.city.shinjuku.lg.jp/content/000466382.pdf,b1a93b53caebf7e266f7dac235a816e11b2338f6f3c3a3cbf1769f63338b641d,議案本文 2 事故の概要,令和7年6月28日午前9時48分頃、清掃車両にて首都高速道 … 路を走行中、2台前の車両が無理な車線変更をするため急ブレー … キをかけたことから、1台前の車両が急ブレーキをかけて急停車 … した。清掃車両も急ブレーキをかけたが間に合わず、1台前の車 … 両と接触したものである,supported,23479df87eebe598bf251ed13ed1d4a34bb44014d1e8f454299778a96ce72095
shinjuku-2026-r3-gian-79,easy,summary,R79-ES-02,"要約: 216万8,065円を払う",https://www.city.shinjuku.lg.jp/content/000466382.pdf,b1a93b53caebf7e266f7dac235a816e11b2338f6f3c3a3cbf1769f63338b641d,議案本文 3 損害賠償額,"216万8,065円 … 人身損害 110万6,972円 … 物件損害 106万1,093円",supported,23479df87eebe598bf251ed13ed1d4a34bb44014d1e8f454299778a96ce72095
shinjuku-2026-r3-gian-79,easy,content,R79-E-01,区が保有する自動車の事故,https://www.city.shinjuku.lg.jp/content/000466382.pdf,b1a93b53caebf7e266f7dac235a816e11b2338f6f3c3a3cbf1769f63338b641d,提案理由,区が保有する自動車の事故による損害賠償の額を定める必要があ … るため,supported,23479df87eebe598bf251ed13ed1d4a34bb44014d1e8f454299778a96ce72095
shinjuku-2026-r3-gian-79,easy,content,R79-E-02,損害賠償の額を決定する,https://www.city.shinjuku.lg.jp/content/000466382.pdf,b1a93b53caebf7e266f7dac235a816e11b2338f6f3c3a3cbf1769f63338b641d,議案本文 前文,自動車事故による損害賠償の額を、下記のとおり決定する,supported,23479df87eebe598bf251ed13ed1d4a34bb44014d1e8f454299778a96ce72095
shinjuku-2026-r3-gian-79,easy,content,R79-E-03,区長が2026年9月16日に提出,https://www.city.shinjuku.lg.jp/content/000466382.pdf,b1a93b53caebf7e266f7dac235a816e11b2338f6f3c3a3cbf1769f63338b641d,議案本文 提出日・提出者,令和８年９月１６日 … 新宿区長 … 吉住 … 健一,supported,23479df87eebe598bf251ed13ed1d4a34bb44014d1e8f454299778a96ce72095
shinjuku-2026-r3-gian-79,easy,content,R79-E-04,2025年（令和7年）6月28日（土）午前9時48分ごろ、首都高速道路、清掃車両,https://www.city.shinjuku.lg.jp/content/000466382.pdf,b1a93b53caebf7e266f7dac235a816e11b2338f6f3c3a3cbf1769f63338b641d,議案本文 2 事故の概要,令和7年6月28日午前9時48分頃、清掃車両にて首都高速道 … 路を走行中、2台前の車両が無理な車線変更をするため急ブレー … キをかけたことから、1台前の車両が急ブレーキをかけて急停車 … した。清掃車両も急ブレーキをかけたが間に合わず、1台前の車 … 両と接触したものである,supported,23479df87eebe598bf251ed13ed1d4a34bb44014d1e8f454299778a96ce72095
shinjuku-2026-r3-gian-79,easy,content,R79-E-05,事故の経過（2台前の車線変更・急ブレーキ、1台前の急停車、接触）,https://www.city.shinjuku.lg.jp/content/000466382.pdf,b1a93b53caebf7e266f7dac235a816e11b2338f6f3c3a3cbf1769f63338b641d,議案本文 2 事故の概要,令和7年6月28日午前9時48分頃、清掃車両にて首都高速道 … 路を走行中、2台前の車両が無理な車線変更をするため急ブレー … キをかけたことから、1台前の車両が急ブレーキをかけて急停車 … した。清掃車両も急ブレーキをかけたが間に合わず、1台前の車 … 両と接触したものである,supported,23479df87eebe598bf251ed13ed1d4a34bb44014d1e8f454299778a96ce72095
shinjuku-2026-r3-gian-79,easy,content,R79-E-06,相手方の住所は稲城市、氏名は記載削除,https://www.city.shinjuku.lg.jp/content/000466382.pdf,b1a93b53caebf7e266f7dac235a816e11b2338f6f3c3a3cbf1769f63338b641d,議案本文 1 相手方,東京都稲城市（記載削除）,supported,23479df87eebe598bf251ed13ed1d4a34bb44014d1e8f454299778a96ce72095
shinjuku-2026-r3-gian-79,easy,content,R79-E-07,"人身損害110万6,972円、物件損害106万1,093円、合計216万8,065円",https://www.city.shinjuku.lg.jp/content/000466382.pdf,b1a93b53caebf7e266f7dac235a816e11b2338f6f3c3a3cbf1769f63338b641d,議案本文 3 損害賠償額,"216万8,065円 … 人身損害 110万6,972円 … 物件損害 106万1,093円",supported,23479df87eebe598bf251ed13ed1d4a34bb44014d1e8f454299778a96ce72095
shinjuku-2026-r3-gian-79,easy,content,R79-E-08,令和8年第3回定例会（会期 9月16日〜10月15日）に提出された,https://www.city.shinjuku.lg.jp/kusei/kuseijoho01_001109_03.html,31b8240a9210c5965a74134fca286bef83cc7b5e9eb4bae326847e0a170a89d0,提出議案一覧ページ,令和8年第3回定例会（会期：9月16日～10月15日）提出案件概要を掲載しました,supported,23479df87eebe598bf251ed13ed1d4a34bb44014d1e8f454299778a96ce72095
shinjuku-2026-r3-gian-79,easy,content,R79-E-09,作成時点（令和8年9月30日）で議決結果は公表されていない,https://www.city.shinjuku.lg.jp/content/000466382.pdf,b1a93b53caebf7e266f7dac235a816e11b2338f6f3c3a3cbf1769f63338b641d,審議状況,（作成時点の審議状況の記述であり、一次資料の記載による主張ではない）,needs_source,23479df87eebe598bf251ed13ed1d4a34bb44014d1e8f454299778a96ce72095
shinjuku-2026-r3-gian-79,easy,content,R79-E-10,過失割合、保険、けがの程度は書かれていない,https://www.city.shinjuku.lg.jp/content/000466382.pdf,b1a93b53caebf7e266f7dac235a816e11b2338f6f3c3a3cbf1769f63338b641d,出典に記載がない事項,（本件は解説本文が「一次資料に記載がない」と明示している箇所であり、事実主張ではない）,needs_source,23479df87eebe598bf251ed13ed1d4a34bb44014d1e8f454299778a96ce72095
shinjuku-2026-r3-gian-79,normal,title,R79-NT-01,"見出し: 清掃車両の事故による損害賠償額216万8,065円の決定",https://www.city.shinjuku.lg.jp/content/000466382.pdf,b1a93b53caebf7e266f7dac235a816e11b2338f6f3c3a3cbf1769f63338b641d,議案本文 3 損害賠償額,"216万8,065円 … 人身損害 110万6,972円 … 物件損害 106万1,093円",supported,5ff14b4872bc3ece96de37ae86028012663d8ae2d945ccfb590b4c8ed4fd6840
shinjuku-2026-r3-gian-79,normal,summary,R79-NS-01,要約: 事故の日と場所,https://www.city.shinjuku.lg.jp/content/000466382.pdf,b1a93b53caebf7e266f7dac235a816e11b2338f6f3c3a3cbf1769f63338b641d,議案本文 2 事故の概要,令和7年6月28日午前9時48分頃、清掃車両にて首都高速道 … 路を走行中、2台前の車両が無理な車線変更をするため急ブレー … キをかけたことから、1台前の車両が急ブレーキをかけて急停車 … した。清掃車両も急ブレーキをかけたが間に合わず、1台前の車 … 両と接触したものである,supported,5ff14b4872bc3ece96de37ae86028012663d8ae2d945ccfb590b4c8ed4fd6840
shinjuku-2026-r3-gian-79,normal,summary,R79-NS-02,要約: 額と内訳,https://www.city.shinjuku.lg.jp/content/000466382.pdf,b1a93b53caebf7e266f7dac235a816e11b2338f6f3c3a3cbf1769f63338b641d,議案本文 3 損害賠償額,"216万8,065円 … 人身損害 110万6,972円 … 物件損害 106万1,093円",supported,5ff14b4872bc3ece96de37ae86028012663d8ae2d945ccfb590b4c8ed4fd6840
shinjuku-2026-r3-gian-79,normal,content,R79-N-01,区が保有する自動車の事故による損害賠償の額を定める,https://www.city.shinjuku.lg.jp/content/000466382.pdf,b1a93b53caebf7e266f7dac235a816e11b2338f6f3c3a3cbf1769f63338b641d,提案理由,区が保有する自動車の事故による損害賠償の額を定める必要があ … るため,supported,5ff14b4872bc3ece96de37ae86028012663d8ae2d945ccfb590b4c8ed4fd6840
shinjuku-2026-r3-gian-79,normal,content,R79-N-02,提出日,https://www.city.shinjuku.lg.jp/content/000466382.pdf,b1a93b53caebf7e266f7dac235a816e11b2338f6f3c3a3cbf1769f63338b641d,議案本文 提出日・提出者,令和８年９月１６日 … 新宿区長 … 吉住 … 健一,supported,5ff14b4872bc3ece96de37ae86028012663d8ae2d945ccfb590b4c8ed4fd6840
shinjuku-2026-r3-gian-79,normal,content,R79-N-03,事故の概要（引用）,https://www.city.shinjuku.lg.jp/content/000466382.pdf,b1a93b53caebf7e266f7dac235a816e11b2338f6f3c3a3cbf1769f63338b641d,議案本文 2 事故の概要,令和7年6月28日午前9時48分頃、清掃車両にて首都高速道 … 路を走行中、2台前の車両が無理な車線変更をするため急ブレー … キをかけたことから、1台前の車両が急ブレーキをかけて急停車 … した。清掃車両も急ブレーキをかけたが間に合わず、1台前の車 … 両と接触したものである,supported,5ff14b4872bc3ece96de37ae86028012663d8ae2d945ccfb590b4c8ed4fd6840
shinjuku-2026-r3-gian-79,normal,content,R79-N-04,相手方,https://www.city.shinjuku.lg.jp/content/000466382.pdf,b1a93b53caebf7e266f7dac235a816e11b2338f6f3c3a3cbf1769f63338b641d,議案本文 1 相手方,東京都稲城市（記載削除）,supported,5ff14b4872bc3ece96de37ae86028012663d8ae2d945ccfb590b4c8ed4fd6840
shinjuku-2026-r3-gian-79,normal,content,R79-N-05,損害賠償額の内訳,https://www.city.shinjuku.lg.jp/content/000466382.pdf,b1a93b53caebf7e266f7dac235a816e11b2338f6f3c3a3cbf1769f63338b641d,議案本文 3 損害賠償額,"216万8,065円 … 人身損害 110万6,972円 … 物件損害 106万1,093円",supported,5ff14b4872bc3ece96de37ae86028012663d8ae2d945ccfb590b4c8ed4fd6840
shinjuku-2026-r3-gian-79,normal,content,R79-N-06,令和8年第3回定例会（会期 9月16日〜10月15日）に提出された,https://www.city.shinjuku.lg.jp/kusei/kuseijoho01_001109_03.html,31b8240a9210c5965a74134fca286bef83cc7b5e9eb4bae326847e0a170a89d0,提出議案一覧ページ,令和8年第3回定例会（会期：9月16日～10月15日）提出案件概要を掲載しました,supported,5ff14b4872bc3ece96de37ae86028012663d8ae2d945ccfb590b4c8ed4fd6840
shinjuku-2026-r3-gian-79,normal,content,R79-N-07,作成時点（令和8年9月30日）で議決結果は公表されていない,https://www.city.shinjuku.lg.jp/content/000466382.pdf,b1a93b53caebf7e266f7dac235a816e11b2338f6f3c3a3cbf1769f63338b641d,審議状況,（作成時点の審議状況の記述であり、一次資料の記載による主張ではない）,needs_source,5ff14b4872bc3ece96de37ae86028012663d8ae2d945ccfb590b4c8ed4fd6840
shinjuku-2026-r3-gian-79,normal,content,R79-N-08,過失割合、財源、けがの程度、運転者の所属は書かれていない,https://www.city.shinjuku.lg.jp/content/000466382.pdf,b1a93b53caebf7e266f7dac235a816e11b2338f6f3c3a3cbf1769f63338b641d,出典に記載がない事項,（本件は解説本文が「一次資料に記載がない」と明示している箇所であり、事実主張ではない）,needs_source,5ff14b4872bc3ece96de37ae86028012663d8ae2d945ccfb590b4c8ed4fd6840
shinjuku-2026-r3-gian-79,hard,title,R79-HT-01,見出し: 議案名,https://www.city.shinjuku.lg.jp/content/000466382.pdf,b1a93b53caebf7e266f7dac235a816e11b2338f6f3c3a3cbf1769f63338b641d,議案本文 前文,自動車事故による損害賠償の額を、下記のとおり決定する,supported,462ec4aa25e89b69d6ce9c1ba652a99adfcf69e3dde518a9c9a742961f70bfb3
shinjuku-2026-r3-gian-79,hard,summary,R79-HS-01,要約: 事故の概要,https://www.city.shinjuku.lg.jp/content/000466382.pdf,b1a93b53caebf7e266f7dac235a816e11b2338f6f3c3a3cbf1769f63338b641d,議案本文 2 事故の概要,令和7年6月28日午前9時48分頃、清掃車両にて首都高速道 … 路を走行中、2台前の車両が無理な車線変更をするため急ブレー … キをかけたことから、1台前の車両が急ブレーキをかけて急停車 … した。清掃車両も急ブレーキをかけたが間に合わず、1台前の車 … 両と接触したものである,supported,462ec4aa25e89b69d6ce9c1ba652a99adfcf69e3dde518a9c9a742961f70bfb3
shinjuku-2026-r3-gian-79,hard,summary,R79-HS-02,要約: 額と内訳,https://www.city.shinjuku.lg.jp/content/000466382.pdf,b1a93b53caebf7e266f7dac235a816e11b2338f6f3c3a3cbf1769f63338b641d,議案本文 3 損害賠償額,"216万8,065円 … 人身損害 110万6,972円 … 物件損害 106万1,093円",supported,462ec4aa25e89b69d6ce9c1ba652a99adfcf69e3dde518a9c9a742961f70bfb3
shinjuku-2026-r3-gian-79,hard,content,R79-H-01,提出日・提出者,https://www.city.shinjuku.lg.jp/content/000466382.pdf,b1a93b53caebf7e266f7dac235a816e11b2338f6f3c3a3cbf1769f63338b641d,議案本文 提出日・提出者,令和８年９月１６日 … 新宿区長 … 吉住 … 健一,supported,462ec4aa25e89b69d6ce9c1ba652a99adfcf69e3dde518a9c9a742961f70bfb3
shinjuku-2026-r3-gian-79,hard,content,R79-H-02,議案本文の前文,https://www.city.shinjuku.lg.jp/content/000466382.pdf,b1a93b53caebf7e266f7dac235a816e11b2338f6f3c3a3cbf1769f63338b641d,議案本文 前文,自動車事故による損害賠償の額を、下記のとおり決定する,supported,462ec4aa25e89b69d6ce9c1ba652a99adfcf69e3dde518a9c9a742961f70bfb3
shinjuku-2026-r3-gian-79,hard,content,R79-H-03,提案理由,https://www.city.shinjuku.lg.jp/content/000466382.pdf,b1a93b53caebf7e266f7dac235a816e11b2338f6f3c3a3cbf1769f63338b641d,提案理由,区が保有する自動車の事故による損害賠償の額を定める必要があ … るため,supported,462ec4aa25e89b69d6ce9c1ba652a99adfcf69e3dde518a9c9a742961f70bfb3
shinjuku-2026-r3-gian-79,hard,content,R79-H-04,相手方,https://www.city.shinjuku.lg.jp/content/000466382.pdf,b1a93b53caebf7e266f7dac235a816e11b2338f6f3c3a3cbf1769f63338b641d,議案本文 1 相手方,東京都稲城市（記載削除）,supported,462ec4aa25e89b69d6ce9c1ba652a99adfcf69e3dde518a9c9a742961f70bfb3
shinjuku-2026-r3-gian-79,hard,content,R79-H-05,概要資料の相手方表記,https://www.city.shinjuku.lg.jp/content/000464786.pdf,b84b187d220daad484c279199f10899ad35777e2a122875a21faf939baf87e0c,議決案件関係 第79号議案,"Ａ（住所地：東京都稲城市） … 1 台前の車両が急ブレ … ーキをかけて停車した。 … 216 万 8,065 円",supported,462ec4aa25e89b69d6ce9c1ba652a99adfcf69e3dde518a9c9a742961f70bfb3
shinjuku-2026-r3-gian-79,hard,content,R79-H-06,事故の概要（引用）,https://www.city.shinjuku.lg.jp/content/000466382.pdf,b1a93b53caebf7e266f7dac235a816e11b2338f6f3c3a3cbf1769f63338b641d,議案本文 2 事故の概要,令和7年6月28日午前9時48分頃、清掃車両にて首都高速道 … 路を走行中、2台前の車両が無理な車線変更をするため急ブレー … キをかけたことから、1台前の車両が急ブレーキをかけて急停車 … した。清掃車両も急ブレーキをかけたが間に合わず、1台前の車 … 両と接触したものである,supported,462ec4aa25e89b69d6ce9c1ba652a99adfcf69e3dde518a9c9a742961f70bfb3
shinjuku-2026-r3-gian-79,hard,content,R79-H-07,概要資料は「停車した」と記す,https://www.city.shinjuku.lg.jp/content/000464786.pdf,b84b187d220daad484c279199f10899ad35777e2a122875a21faf939baf87e0c,議決案件関係 第79号議案,"Ａ（住所地：東京都稲城市） … 1 台前の車両が急ブレ … ーキをかけて停車した。 … 216 万 8,065 円",supported,462ec4aa25e89b69d6ce9c1ba652a99adfcf69e3dde518a9c9a742961f70bfb3
shinjuku-2026-r3-gian-79,hard,content,R79-H-08,損害賠償額と内訳,https://www.city.shinjuku.lg.jp/content/000466382.pdf,b1a93b53caebf7e266f7dac235a816e11b2338f6f3c3a3cbf1769f63338b641d,議案本文 3 損害賠償額,"216万8,065円 … 人身損害 110万6,972円 … 物件損害 106万1,093円",supported,462ec4aa25e89b69d6ce9c1ba652a99adfcf69e3dde518a9c9a742961f70bfb3
shinjuku-2026-r3-gian-79,hard,content,R79-H-09,令和8年第3回定例会（会期 9月16日〜10月15日）に提出された,https://www.city.shinjuku.lg.jp/kusei/kuseijoho01_001109_03.html,31b8240a9210c5965a74134fca286bef83cc7b5e9eb4bae326847e0a170a89d0,提出議案一覧ページ,令和8年第3回定例会（会期：9月16日～10月15日）提出案件概要を掲載しました,supported,462ec4aa25e89b69d6ce9c1ba652a99adfcf69e3dde518a9c9a742961f70bfb3
shinjuku-2026-r3-gian-79,hard,content,R79-H-10,作成時点（令和8年9月30日）で議決結果は公表されていない,https://www.city.shinjuku.lg.jp/content/000466382.pdf,b1a93b53caebf7e266f7dac235a816e11b2338f6f3c3a3cbf1769f63338b641d,審議状況,（作成時点の審議状況の記述であり、一次資料の記載による主張ではない）,needs_source,462ec4aa25e89b69d6ce9c1ba652a99adfcf69e3dde518a9c9a742961f70bfb3
shinjuku-2026-r3-gian-79,hard,content,R79-H-11,過失割合・示談、財源、負傷の程度・物件、運転者の所属・求償、議決の根拠規定は資料にない,https://www.city.shinjuku.lg.jp/content/000466382.pdf,b1a93b53caebf7e266f7dac235a816e11b2338f6f3c3a3cbf1769f63338b641d,出典に記載がない事項,（本件は解説本文が「一次資料に記載がない」と明示している箇所であり、事実主張ではない）,needs_source,462ec4aa25e89b69d6ce9c1ba652a99adfcf69e3dde518a9c9a742961f70bfb3
shinjuku-2026-r3-gian-80,easy,title,R80-ET-01,見出し: 区立住宅の明渡しを求める訴えを提起する,https://www.city.shinjuku.lg.jp/content/000466383.pdf,6bde3ec0f10510ef6b2eabdc2c5541164ad519e1808e186bc4b926c0ce1c3de5,議案本文 前文,下記のとおり建物明渡し等の請求に関する訴えを提起する,supported,534deb3bece8dd310fa78b9fb4c190017de2a2b58c22bcaccd37cb0448d7bd5a
shinjuku-2026-r3-gian-80,easy,summary,R80-ES-01,要約: 特定住宅の使用料等の滞納,https://www.city.shinjuku.lg.jp/content/000466383.pdf,6bde3ec0f10510ef6b2eabdc2c5541164ad519e1808e186bc4b926c0ce1c3de5,議案本文 2⑶,入居当時から本件建物の使用料及び共益費（以下 … 「使用料等」という。）を滞納し、区の度重なる督促及び催告 … 並びに納付交渉により一部納付はあったものの、令和6年12月 … 分から使用料等を一切納付しなくなり、滞納が累積していった,supported,534deb3bece8dd310fa78b9fb4c190017de2a2b58c22bcaccd37cb0448d7bd5a
shinjuku-2026-r3-gian-80,easy,summary,R80-ES-02,要約: 使用許可の取消し,https://www.city.shinjuku.lg.jp/content/000466383.pdf,6bde3ec0f10510ef6b2eabdc2c5541164ad519e1808e186bc4b926c0ce1c3de5,議案本文 2⑹,条例第37条第1項第11号の規定に基づ … き、令和8年6月19日をもって本件建物の使用許可を取り消 … し、同年7月10日を期限とする本件建物の明渡しを請求した,supported,534deb3bece8dd310fa78b9fb4c190017de2a2b58c22bcaccd37cb0448d7bd5a
shinjuku-2026-r3-gian-80,easy,summary,R80-ES-03,"要約: 明渡しと滞納分285万9,100円の支払い等を求めて提訴",https://www.city.shinjuku.lg.jp/content/000466383.pdf,6bde3ec0f10510ef6b2eabdc2c5541164ad519e1808e186bc4b926c0ce1c3de5,議案本文 2⑻,"賃借人に対し、本件建物の明渡しを求めるほ … か、賃借人及び連帯保証人に対し、使用料等の滞納分、計285 … 万9,100円及び条例第38条第4項の規定に基づく使用許可取 … 消日の翌日から本件建物の明渡しを行う日までの期間につい … て、毎月、使用料限度額の2倍の金銭の支払並びに仮執行の宣 … 言を求める訴えを提起する",supported,534deb3bece8dd310fa78b9fb4c190017de2a2b58c22bcaccd37cb0448d7bd5a
shinjuku-2026-r3-gian-80,easy,content,R80-E-01,区立住宅（特定住宅）の使用料等を払っていない,https://www.city.shinjuku.lg.jp/content/000466383.pdf,6bde3ec0f10510ef6b2eabdc2c5541164ad519e1808e186bc4b926c0ce1c3de5,議案本文 2⑶,入居当時から本件建物の使用料及び共益費（以下 … 「使用料等」という。）を滞納し、区の度重なる督促及び催告 … 並びに納付交渉により一部納付はあったものの、令和6年12月 … 分から使用料等を一切納付しなくなり、滞納が累積していった,supported,534deb3bece8dd310fa78b9fb4c190017de2a2b58c22bcaccd37cb0448d7bd5a
shinjuku-2026-r3-gian-80,easy,content,R80-E-02,明渡しと支払いを求めて訴えを提起,https://www.city.shinjuku.lg.jp/content/000466383.pdf,6bde3ec0f10510ef6b2eabdc2c5541164ad519e1808e186bc4b926c0ce1c3de5,議案本文 前文,下記のとおり建物明渡し等の請求に関する訴えを提起する,supported,534deb3bece8dd310fa78b9fb4c190017de2a2b58c22bcaccd37cb0448d7bd5a
shinjuku-2026-r3-gian-80,easy,content,R80-E-03,区長が2026年9月16日に提出,https://www.city.shinjuku.lg.jp/content/000466383.pdf,6bde3ec0f10510ef6b2eabdc2c5541164ad519e1808e186bc4b926c0ce1c3de5,議案本文 提出日・提出者,令和８年９月１６日 … 新宿区長 … 吉住 … 健一,supported,534deb3bece8dd310fa78b9fb4c190017de2a2b58c22bcaccd37cb0448d7bd5a
shinjuku-2026-r3-gian-80,easy,content,R80-E-04,原告は新宿区、被告は賃借人と連帯保証人、住所は新宿区・荒川区、氏名は記載削除,https://www.city.shinjuku.lg.jp/content/000466383.pdf,6bde3ec0f10510ef6b2eabdc2c5541164ad519e1808e186bc4b926c0ce1c3de5,議案本文 1 訴訟当事者,原告 東京都新宿区歌舞伎町一丁目4番1号 … 新宿区 … 被告（賃借人） … 東京都新宿区（記載削除） … 被告（連帯保証人） … 東京都荒川区（記載削除）,supported,534deb3bece8dd310fa78b9fb4c190017de2a2b58c22bcaccd37cb0448d7bd5a
shinjuku-2026-r3-gian-80,easy,content,R80-E-05,新宿区立住宅管理条例に基づく特定住宅、2024年（令和6年）10月25日（金）許可、11月7日（木）住民票異動・占有開始,https://www.city.shinjuku.lg.jp/content/000466383.pdf,6bde3ec0f10510ef6b2eabdc2c5541164ad519e1808e186bc4b926c0ce1c3de5,議案本文 2⑴,令和6年10月25日、被 … 告（賃借人）（以下「賃借人」という。）に対して、区が新宿 … 区立住宅管理条例（平成9年新宿区条例第25号。以下「条例」 … という。）に基づき設置し、及び管理している … 特定住宅 … 令和6年11 … 月7日に本件建物へ住民票を異動の上、その占有を開始した,supported,534deb3bece8dd310fa78b9fb4c190017de2a2b58c22bcaccd37cb0448d7bd5a
shinjuku-2026-r3-gian-80,easy,content,R80-E-06,入居当時から滞納、一部納付あり、2024年12月分から一切納付せず,https://www.city.shinjuku.lg.jp/content/000466383.pdf,6bde3ec0f10510ef6b2eabdc2c5541164ad519e1808e186bc4b926c0ce1c3de5,議案本文 2⑶,入居当時から本件建物の使用料及び共益費（以下 … 「使用料等」という。）を滞納し、区の度重なる督促及び催告 … 並びに納付交渉により一部納付はあったものの、令和6年12月 … 分から使用料等を一切納付しなくなり、滞納が累積していった,supported,534deb3bece8dd310fa78b9fb4c190017de2a2b58c22bcaccd37cb0448d7bd5a
shinjuku-2026-r3-gian-80,easy,content,R80-E-07,2025年（令和7年）9月19日（金）法律事務所へ委託、11月25日（火）督促状、連絡なし,https://www.city.shinjuku.lg.jp/content/000466383.pdf,6bde3ec0f10510ef6b2eabdc2c5541164ad519e1808e186bc4b926c0ce1c3de5,議案本文 2⑷,令和7年9月19日に法律事務所へ債権の回 … 収を委託し、同年11月25日に法律事務所から賃借人及び連帯 … 保証人宛てで督促状を送付したが、何らの連絡もなかった,supported,534deb3bece8dd310fa78b9fb4c190017de2a2b58c22bcaccd37cb0448d7bd5a
shinjuku-2026-r3-gian-80,easy,content,R80-E-08,2026年（令和8年）3月16日（月）最後通牒、4月24日（金）連帯保証人へ再送、一度連絡後に音信不通,https://www.city.shinjuku.lg.jp/content/000466383.pdf,6bde3ec0f10510ef6b2eabdc2c5541164ad519e1808e186bc4b926c0ce1c3de5,議案本文 2⑸,令和8年3月16日に法律事務所から賃借人及び連帯保証人 … 宛てで督促状（最後通牒）を送付したが、その期日までに納付 … 及び連絡はなかった。 … 同年4月24日に督促状を再送し、連帯保証人から法律事務 … 所に一度連絡があったものの、その後音信不通となった,supported,534deb3bece8dd310fa78b9fb4c190017de2a2b58c22bcaccd37cb0448d7bd5a
shinjuku-2026-r3-gian-80,easy,content,R80-E-09,2026年6月19日（金）使用許可取消し、7月10日（金）が明渡し期限,https://www.city.shinjuku.lg.jp/content/000466383.pdf,6bde3ec0f10510ef6b2eabdc2c5541164ad519e1808e186bc4b926c0ce1c3de5,議案本文 2⑹,条例第37条第1項第11号の規定に基づ … き、令和8年6月19日をもって本件建物の使用許可を取り消 … し、同年7月10日を期限とする本件建物の明渡しを請求した,supported,534deb3bece8dd310fa78b9fb4c190017de2a2b58c22bcaccd37cb0448d7bd5a
shinjuku-2026-r3-gian-80,easy,content,R80-E-10,明渡し・納付のないまま,https://www.city.shinjuku.lg.jp/content/000466383.pdf,6bde3ec0f10510ef6b2eabdc2c5541164ad519e1808e186bc4b926c0ce1c3de5,議案本文 2⑺,賃借人は本件建物の明渡しを行わず、また、当該使 … 用料等滞納分の納付も行わないまま今日に至っている,supported,534deb3bece8dd310fa78b9fb4c190017de2a2b58c22bcaccd37cb0448d7bd5a
shinjuku-2026-r3-gian-80,easy,content,R80-E-11,連帯保証の限度は使用料の3か月分,https://www.city.shinjuku.lg.jp/content/000466383.pdf,6bde3ec0f10510ef6b2eabdc2c5541164ad519e1808e186bc4b926c0ce1c3de5,議案本文 2⑵,使用許可日における本件建物の使用料の 3か月分を限度とし … て、賃借人が本件建物の使用により生じた一切の債務の履行に … 関し、連帯して保証する旨約した,supported,534deb3bece8dd310fa78b9fb4c190017de2a2b58c22bcaccd37cb0448d7bd5a
shinjuku-2026-r3-gian-80,easy,content,R80-E-12,"明渡し、285万9,100円、取消日の翌日から明渡し日まで毎月使用料限度額の2倍（条例第38条第4項）、仮執行の宣言",https://www.city.shinjuku.lg.jp/content/000466383.pdf,6bde3ec0f10510ef6b2eabdc2c5541164ad519e1808e186bc4b926c0ce1c3de5,議案本文 2⑻,"賃借人に対し、本件建物の明渡しを求めるほ … か、賃借人及び連帯保証人に対し、使用料等の滞納分、計285 … 万9,100円及び条例第38条第4項の規定に基づく使用許可取 … 消日の翌日から本件建物の明渡しを行う日までの期間につい … て、毎月、使用料限度額の2倍の金銭の支払並びに仮執行の宣 … 言を求める訴えを提起する",supported,534deb3bece8dd310fa78b9fb4c190017de2a2b58c22bcaccd37cb0448d7bd5a
shinjuku-2026-r3-gian-80,easy,content,R80-E-13,和解・上訴をすることができる,https://www.city.shinjuku.lg.jp/content/000466383.pdf,6bde3ec0f10510ef6b2eabdc2c5541164ad519e1808e186bc4b926c0ce1c3de5,議案本文 3 訴訟遂行の方針,本件訴訟において必要がある場合は、和解及び上訴をすること … ができるものとする,supported,534deb3bece8dd310fa78b9fb4c190017de2a2b58c22bcaccd37cb0448d7bd5a
shinjuku-2026-r3-gian-80,easy,content,R80-E-14,令和8年第3回定例会（会期 9月16日〜10月15日）に提出された,https://www.city.shinjuku.lg.jp/kusei/kuseijoho01_001109_03.html,31b8240a9210c5965a74134fca286bef83cc7b5e9eb4bae326847e0a170a89d0,提出議案一覧ページ,令和8年第3回定例会（会期：9月16日～10月15日）提出案件概要を掲載しました,supported,534deb3bece8dd310fa78b9fb4c190017de2a2b58c22bcaccd37cb0448d7bd5a
shinjuku-2026-r3-gian-80,easy,content,R80-E-15,作成時点（令和8年9月30日）で議決結果は公表されていない,https://www.city.shinjuku.lg.jp/content/000466383.pdf,6bde3ec0f10510ef6b2eabdc2c5541164ad519e1808e186bc4b926c0ce1c3de5,審議状況,（作成時点の審議状況の記述であり、一次資料の記載による主張ではない）,needs_source,534deb3bece8dd310fa78b9fb4c190017de2a2b58c22bcaccd37cb0448d7bd5a
shinjuku-2026-r3-gian-80,easy,content,R80-E-16,保証限度との関係、月額使用料、特定住宅の内容は書かれていない,https://www.city.shinjuku.lg.jp/content/000466383.pdf,6bde3ec0f10510ef6b2eabdc2c5541164ad519e1808e186bc4b926c0ce1c3de5,出典に記載がない事項,（本件は解説本文が「一次資料に記載がない」と明示している箇所であり、事実主張ではない）,needs_source,534deb3bece8dd310fa78b9fb4c190017de2a2b58c22bcaccd37cb0448d7bd5a
shinjuku-2026-r3-gian-80,normal,title,R80-NT-01,見出し: 区立特定住宅の明渡し等を求める訴えの提起,https://www.city.shinjuku.lg.jp/content/000466383.pdf,6bde3ec0f10510ef6b2eabdc2c5541164ad519e1808e186bc4b926c0ce1c3de5,議案本文 前文,下記のとおり建物明渡し等の請求に関する訴えを提起する,supported,fa062bc8e9ecceaf119bf90e314415572cf76cdb8f2abc37e7f3756cf28fdeb7
shinjuku-2026-r3-gian-80,normal,summary,R80-NS-01,要約: 滞納と使用許可取消し後の不明渡し,https://www.city.shinjuku.lg.jp/content/000466383.pdf,6bde3ec0f10510ef6b2eabdc2c5541164ad519e1808e186bc4b926c0ce1c3de5,議案本文 2⑺,賃借人は本件建物の明渡しを行わず、また、当該使 … 用料等滞納分の納付も行わないまま今日に至っている,supported,fa062bc8e9ecceaf119bf90e314415572cf76cdb8f2abc37e7f3756cf28fdeb7
shinjuku-2026-r3-gian-80,normal,summary,R80-NS-02,"要約: 明渡し・285万9,100円・損害金・仮執行の宣言",https://www.city.shinjuku.lg.jp/content/000466383.pdf,6bde3ec0f10510ef6b2eabdc2c5541164ad519e1808e186bc4b926c0ce1c3de5,議案本文 2⑻,"賃借人に対し、本件建物の明渡しを求めるほ … か、賃借人及び連帯保証人に対し、使用料等の滞納分、計285 … 万9,100円及び条例第38条第4項の規定に基づく使用許可取 … 消日の翌日から本件建物の明渡しを行う日までの期間につい … て、毎月、使用料限度額の2倍の金銭の支払並びに仮執行の宣 … 言を求める訴えを提起する",supported,fa062bc8e9ecceaf119bf90e314415572cf76cdb8f2abc37e7f3756cf28fdeb7
shinjuku-2026-r3-gian-80,normal,summary,R80-NS-03,要約: 和解・上訴,https://www.city.shinjuku.lg.jp/content/000466383.pdf,6bde3ec0f10510ef6b2eabdc2c5541164ad519e1808e186bc4b926c0ce1c3de5,議案本文 3 訴訟遂行の方針,本件訴訟において必要がある場合は、和解及び上訴をすること … ができるものとする,supported,fa062bc8e9ecceaf119bf90e314415572cf76cdb8f2abc37e7f3756cf28fdeb7
shinjuku-2026-r3-gian-80,normal,content,R80-N-01,議決を求める議案,https://www.city.shinjuku.lg.jp/content/000466383.pdf,6bde3ec0f10510ef6b2eabdc2c5541164ad519e1808e186bc4b926c0ce1c3de5,議案本文 前文,下記のとおり建物明渡し等の請求に関する訴えを提起する,supported,fa062bc8e9ecceaf119bf90e314415572cf76cdb8f2abc37e7f3756cf28fdeb7
shinjuku-2026-r3-gian-80,normal,content,R80-N-02,提出日,https://www.city.shinjuku.lg.jp/content/000466383.pdf,6bde3ec0f10510ef6b2eabdc2c5541164ad519e1808e186bc4b926c0ce1c3de5,議案本文 提出日・提出者,令和８年９月１６日 … 新宿区長 … 吉住 … 健一,supported,fa062bc8e9ecceaf119bf90e314415572cf76cdb8f2abc37e7f3756cf28fdeb7
shinjuku-2026-r3-gian-80,normal,content,R80-N-03,訴訟の当事者,https://www.city.shinjuku.lg.jp/content/000466383.pdf,6bde3ec0f10510ef6b2eabdc2c5541164ad519e1808e186bc4b926c0ce1c3de5,議案本文 1 訴訟当事者,原告 東京都新宿区歌舞伎町一丁目4番1号 … 新宿区 … 被告（賃借人） … 東京都新宿区（記載削除） … 被告（連帯保証人） … 東京都荒川区（記載削除）,supported,fa062bc8e9ecceaf119bf90e314415572cf76cdb8f2abc37e7f3756cf28fdeb7
shinjuku-2026-r3-gian-80,normal,content,R80-N-04,経過⑴,https://www.city.shinjuku.lg.jp/content/000466383.pdf,6bde3ec0f10510ef6b2eabdc2c5541164ad519e1808e186bc4b926c0ce1c3de5,議案本文 2⑴,令和6年10月25日、被 … 告（賃借人）（以下「賃借人」という。）に対して、区が新宿 … 区立住宅管理条例（平成9年新宿区条例第25号。以下「条例」 … という。）に基づき設置し、及び管理している … 特定住宅 … 令和6年11 … 月7日に本件建物へ住民票を異動の上、その占有を開始した,supported,fa062bc8e9ecceaf119bf90e314415572cf76cdb8f2abc37e7f3756cf28fdeb7
shinjuku-2026-r3-gian-80,normal,content,R80-N-05,経過⑵,https://www.city.shinjuku.lg.jp/content/000466383.pdf,6bde3ec0f10510ef6b2eabdc2c5541164ad519e1808e186bc4b926c0ce1c3de5,議案本文 2⑵,使用許可日における本件建物の使用料の 3か月分を限度とし … て、賃借人が本件建物の使用により生じた一切の債務の履行に … 関し、連帯して保証する旨約した,supported,fa062bc8e9ecceaf119bf90e314415572cf76cdb8f2abc37e7f3756cf28fdeb7
shinjuku-2026-r3-gian-80,normal,content,R80-N-06,経過⑶,https://www.city.shinjuku.lg.jp/content/000466383.pdf,6bde3ec0f10510ef6b2eabdc2c5541164ad519e1808e186bc4b926c0ce1c3de5,議案本文 2⑶,入居当時から本件建物の使用料及び共益費（以下 … 「使用料等」という。）を滞納し、区の度重なる督促及び催告 … 並びに納付交渉により一部納付はあったものの、令和6年12月 … 分から使用料等を一切納付しなくなり、滞納が累積していった,supported,fa062bc8e9ecceaf119bf90e314415572cf76cdb8f2abc37e7f3756cf28fdeb7
shinjuku-2026-r3-gian-80,normal,content,R80-N-07,経過⑷,https://www.city.shinjuku.lg.jp/content/000466383.pdf,6bde3ec0f10510ef6b2eabdc2c5541164ad519e1808e186bc4b926c0ce1c3de5,議案本文 2⑷,令和7年9月19日に法律事務所へ債権の回 … 収を委託し、同年11月25日に法律事務所から賃借人及び連帯 … 保証人宛てで督促状を送付したが、何らの連絡もなかった,supported,fa062bc8e9ecceaf119bf90e314415572cf76cdb8f2abc37e7f3756cf28fdeb7
shinjuku-2026-r3-gian-80,normal,content,R80-N-08,経過⑸,https://www.city.shinjuku.lg.jp/content/000466383.pdf,6bde3ec0f10510ef6b2eabdc2c5541164ad519e1808e186bc4b926c0ce1c3de5,議案本文 2⑸,令和8年3月16日に法律事務所から賃借人及び連帯保証人 … 宛てで督促状（最後通牒）を送付したが、その期日までに納付 … 及び連絡はなかった。 … 同年4月24日に督促状を再送し、連帯保証人から法律事務 … 所に一度連絡があったものの、その後音信不通となった,supported,fa062bc8e9ecceaf119bf90e314415572cf76cdb8f2abc37e7f3756cf28fdeb7
shinjuku-2026-r3-gian-80,normal,content,R80-N-09,経過⑹,https://www.city.shinjuku.lg.jp/content/000466383.pdf,6bde3ec0f10510ef6b2eabdc2c5541164ad519e1808e186bc4b926c0ce1c3de5,議案本文 2⑹,条例第37条第1項第11号の規定に基づ … き、令和8年6月19日をもって本件建物の使用許可を取り消 … し、同年7月10日を期限とする本件建物の明渡しを請求した,supported,fa062bc8e9ecceaf119bf90e314415572cf76cdb8f2abc37e7f3756cf28fdeb7
shinjuku-2026-r3-gian-80,normal,content,R80-N-10,経過⑺,https://www.city.shinjuku.lg.jp/content/000466383.pdf,6bde3ec0f10510ef6b2eabdc2c5541164ad519e1808e186bc4b926c0ce1c3de5,議案本文 2⑺,賃借人は本件建物の明渡しを行わず、また、当該使 … 用料等滞納分の納付も行わないまま今日に至っている,supported,fa062bc8e9ecceaf119bf90e314415572cf76cdb8f2abc37e7f3756cf28fdeb7
shinjuku-2026-r3-gian-80,normal,content,R80-N-11,区が求めること,https://www.city.shinjuku.lg.jp/content/000466383.pdf,6bde3ec0f10510ef6b2eabdc2c5541164ad519e1808e186bc4b926c0ce1c3de5,議案本文 2⑻,"賃借人に対し、本件建物の明渡しを求めるほ … か、賃借人及び連帯保証人に対し、使用料等の滞納分、計285 … 万9,100円及び条例第38条第4項の規定に基づく使用許可取 … 消日の翌日から本件建物の明渡しを行う日までの期間につい … て、毎月、使用料限度額の2倍の金銭の支払並びに仮執行の宣 … 言を求める訴えを提起する",supported,fa062bc8e9ecceaf119bf90e314415572cf76cdb8f2abc37e7f3756cf28fdeb7
shinjuku-2026-r3-gian-80,normal,content,R80-N-12,訴訟遂行の方針,https://www.city.shinjuku.lg.jp/content/000466383.pdf,6bde3ec0f10510ef6b2eabdc2c5541164ad519e1808e186bc4b926c0ce1c3de5,議案本文 3 訴訟遂行の方針,本件訴訟において必要がある場合は、和解及び上訴をすること … ができるものとする,supported,fa062bc8e9ecceaf119bf90e314415572cf76cdb8f2abc37e7f3756cf28fdeb7
shinjuku-2026-r3-gian-80,normal,content,R80-N-13,令和8年第3回定例会（会期 9月16日〜10月15日）に提出された,https://www.city.shinjuku.lg.jp/kusei/kuseijoho01_001109_03.html,31b8240a9210c5965a74134fca286bef83cc7b5e9eb4bae326847e0a170a89d0,提出議案一覧ページ,令和8年第3回定例会（会期：9月16日～10月15日）提出案件概要を掲載しました,supported,fa062bc8e9ecceaf119bf90e314415572cf76cdb8f2abc37e7f3756cf28fdeb7
shinjuku-2026-r3-gian-80,normal,content,R80-N-14,作成時点（令和8年9月30日）で議決結果は公表されていない,https://www.city.shinjuku.lg.jp/content/000466383.pdf,6bde3ec0f10510ef6b2eabdc2c5541164ad519e1808e186bc4b926c0ce1c3de5,審議状況,（作成時点の審議状況の記述であり、一次資料の記載による主張ではない）,needs_source,fa062bc8e9ecceaf119bf90e314415572cf76cdb8f2abc37e7f3756cf28fdeb7
shinjuku-2026-r3-gian-80,normal,content,R80-N-15,保証限度との関係、月額使用料、特定住宅の制度内容は書かれていない,https://www.city.shinjuku.lg.jp/content/000466383.pdf,6bde3ec0f10510ef6b2eabdc2c5541164ad519e1808e186bc4b926c0ce1c3de5,出典に記載がない事項,（本件は解説本文が「一次資料に記載がない」と明示している箇所であり、事実主張ではない）,needs_source,fa062bc8e9ecceaf119bf90e314415572cf76cdb8f2abc37e7f3756cf28fdeb7
shinjuku-2026-r3-gian-80,hard,title,R80-HT-01,見出し: 議案名,https://www.city.shinjuku.lg.jp/content/000466383.pdf,6bde3ec0f10510ef6b2eabdc2c5541164ad519e1808e186bc4b926c0ce1c3de5,議案本文 前文,下記のとおり建物明渡し等の請求に関する訴えを提起する,supported,f18b5e84b875f6ca33718e12c1babcb9f871626870b5bd7c9e0bfbc1dfa74366
shinjuku-2026-r3-gian-80,hard,summary,R80-HS-01,要約: 使用許可の取消し,https://www.city.shinjuku.lg.jp/content/000466383.pdf,6bde3ec0f10510ef6b2eabdc2c5541164ad519e1808e186bc4b926c0ce1c3de5,議案本文 2⑹,条例第37条第1項第11号の規定に基づ … き、令和8年6月19日をもって本件建物の使用許可を取り消 … し、同年7月10日を期限とする本件建物の明渡しを請求した,supported,f18b5e84b875f6ca33718e12c1babcb9f871626870b5bd7c9e0bfbc1dfa74366
shinjuku-2026-r3-gian-80,hard,summary,R80-HS-02,要約: 請求の内容,https://www.city.shinjuku.lg.jp/content/000466383.pdf,6bde3ec0f10510ef6b2eabdc2c5541164ad519e1808e186bc4b926c0ce1c3de5,議案本文 2⑻,"賃借人に対し、本件建物の明渡しを求めるほ … か、賃借人及び連帯保証人に対し、使用料等の滞納分、計285 … 万9,100円及び条例第38条第4項の規定に基づく使用許可取 … 消日の翌日から本件建物の明渡しを行う日までの期間につい … て、毎月、使用料限度額の2倍の金銭の支払並びに仮執行の宣 … 言を求める訴えを提起する",supported,f18b5e84b875f6ca33718e12c1babcb9f871626870b5bd7c9e0bfbc1dfa74366
shinjuku-2026-r3-gian-80,hard,summary,R80-HS-03,要約: 和解及び上訴の権限,https://www.city.shinjuku.lg.jp/content/000466383.pdf,6bde3ec0f10510ef6b2eabdc2c5541164ad519e1808e186bc4b926c0ce1c3de5,議案本文 3 訴訟遂行の方針,本件訴訟において必要がある場合は、和解及び上訴をすること … ができるものとする,supported,f18b5e84b875f6ca33718e12c1babcb9f871626870b5bd7c9e0bfbc1dfa74366
shinjuku-2026-r3-gian-80,hard,content,R80-H-01,提出日・提出者,https://www.city.shinjuku.lg.jp/content/000466383.pdf,6bde3ec0f10510ef6b2eabdc2c5541164ad519e1808e186bc4b926c0ce1c3de5,議案本文 提出日・提出者,令和８年９月１６日 … 新宿区長 … 吉住 … 健一,supported,f18b5e84b875f6ca33718e12c1babcb9f871626870b5bd7c9e0bfbc1dfa74366
shinjuku-2026-r3-gian-80,hard,content,R80-H-02,議案本文の前文,https://www.city.shinjuku.lg.jp/content/000466383.pdf,6bde3ec0f10510ef6b2eabdc2c5541164ad519e1808e186bc4b926c0ce1c3de5,議案本文 前文,下記のとおり建物明渡し等の請求に関する訴えを提起する,supported,f18b5e84b875f6ca33718e12c1babcb9f871626870b5bd7c9e0bfbc1dfa74366
shinjuku-2026-r3-gian-80,hard,content,R80-H-03,提案理由,https://www.city.shinjuku.lg.jp/content/000466383.pdf,6bde3ec0f10510ef6b2eabdc2c5541164ad519e1808e186bc4b926c0ce1c3de5,提案理由,特定住宅に係る建物明渡し等の請求に関し、訴えを提起する必要 … があるため,supported,f18b5e84b875f6ca33718e12c1babcb9f871626870b5bd7c9e0bfbc1dfa74366
shinjuku-2026-r3-gian-80,hard,content,R80-H-04,訴訟当事者,https://www.city.shinjuku.lg.jp/content/000466383.pdf,6bde3ec0f10510ef6b2eabdc2c5541164ad519e1808e186bc4b926c0ce1c3de5,議案本文 1 訴訟当事者,原告 東京都新宿区歌舞伎町一丁目4番1号 … 新宿区 … 被告（賃借人） … 東京都新宿区（記載削除） … 被告（連帯保証人） … 東京都荒川区（記載削除）,supported,f18b5e84b875f6ca33718e12c1babcb9f871626870b5bd7c9e0bfbc1dfa74366
shinjuku-2026-r3-gian-80,hard,content,R80-H-05,⑴,https://www.city.shinjuku.lg.jp/content/000466383.pdf,6bde3ec0f10510ef6b2eabdc2c5541164ad519e1808e186bc4b926c0ce1c3de5,議案本文 2⑴,令和6年10月25日、被 … 告（賃借人）（以下「賃借人」という。）に対して、区が新宿 … 区立住宅管理条例（平成9年新宿区条例第25号。以下「条例」 … という。）に基づき設置し、及び管理している … 特定住宅 … 令和6年11 … 月7日に本件建物へ住民票を異動の上、その占有を開始した,supported,f18b5e84b875f6ca33718e12c1babcb9f871626870b5bd7c9e0bfbc1dfa74366
shinjuku-2026-r3-gian-80,hard,content,R80-H-06,⑵,https://www.city.shinjuku.lg.jp/content/000466383.pdf,6bde3ec0f10510ef6b2eabdc2c5541164ad519e1808e186bc4b926c0ce1c3de5,議案本文 2⑵,使用許可日における本件建物の使用料の 3か月分を限度とし … て、賃借人が本件建物の使用により生じた一切の債務の履行に … 関し、連帯して保証する旨約した,supported,f18b5e84b875f6ca33718e12c1babcb9f871626870b5bd7c9e0bfbc1dfa74366
shinjuku-2026-r3-gian-80,hard,content,R80-H-07,⑶,https://www.city.shinjuku.lg.jp/content/000466383.pdf,6bde3ec0f10510ef6b2eabdc2c5541164ad519e1808e186bc4b926c0ce1c3de5,議案本文 2⑶,入居当時から本件建物の使用料及び共益費（以下 … 「使用料等」という。）を滞納し、区の度重なる督促及び催告 … 並びに納付交渉により一部納付はあったものの、令和6年12月 … 分から使用料等を一切納付しなくなり、滞納が累積していった,supported,f18b5e84b875f6ca33718e12c1babcb9f871626870b5bd7c9e0bfbc1dfa74366
shinjuku-2026-r3-gian-80,hard,content,R80-H-08,⑷,https://www.city.shinjuku.lg.jp/content/000466383.pdf,6bde3ec0f10510ef6b2eabdc2c5541164ad519e1808e186bc4b926c0ce1c3de5,議案本文 2⑷,令和7年9月19日に法律事務所へ債権の回 … 収を委託し、同年11月25日に法律事務所から賃借人及び連帯 … 保証人宛てで督促状を送付したが、何らの連絡もなかった,supported,f18b5e84b875f6ca33718e12c1babcb9f871626870b5bd7c9e0bfbc1dfa74366
shinjuku-2026-r3-gian-80,hard,content,R80-H-09,⑸,https://www.city.shinjuku.lg.jp/content/000466383.pdf,6bde3ec0f10510ef6b2eabdc2c5541164ad519e1808e186bc4b926c0ce1c3de5,議案本文 2⑸,令和8年3月16日に法律事務所から賃借人及び連帯保証人 … 宛てで督促状（最後通牒）を送付したが、その期日までに納付 … 及び連絡はなかった。 … 同年4月24日に督促状を再送し、連帯保証人から法律事務 … 所に一度連絡があったものの、その後音信不通となった,supported,f18b5e84b875f6ca33718e12c1babcb9f871626870b5bd7c9e0bfbc1dfa74366
shinjuku-2026-r3-gian-80,hard,content,R80-H-10,⑹,https://www.city.shinjuku.lg.jp/content/000466383.pdf,6bde3ec0f10510ef6b2eabdc2c5541164ad519e1808e186bc4b926c0ce1c3de5,議案本文 2⑹,条例第37条第1項第11号の規定に基づ … き、令和8年6月19日をもって本件建物の使用許可を取り消 … し、同年7月10日を期限とする本件建物の明渡しを請求した,supported,f18b5e84b875f6ca33718e12c1babcb9f871626870b5bd7c9e0bfbc1dfa74366
shinjuku-2026-r3-gian-80,hard,content,R80-H-11,⑺,https://www.city.shinjuku.lg.jp/content/000466383.pdf,6bde3ec0f10510ef6b2eabdc2c5541164ad519e1808e186bc4b926c0ce1c3de5,議案本文 2⑺,賃借人は本件建物の明渡しを行わず、また、当該使 … 用料等滞納分の納付も行わないまま今日に至っている,supported,f18b5e84b875f6ca33718e12c1babcb9f871626870b5bd7c9e0bfbc1dfa74366
shinjuku-2026-r3-gian-80,hard,content,R80-H-12,⑻,https://www.city.shinjuku.lg.jp/content/000466383.pdf,6bde3ec0f10510ef6b2eabdc2c5541164ad519e1808e186bc4b926c0ce1c3de5,議案本文 2⑻,"賃借人に対し、本件建物の明渡しを求めるほ … か、賃借人及び連帯保証人に対し、使用料等の滞納分、計285 … 万9,100円及び条例第38条第4項の規定に基づく使用許可取 … 消日の翌日から本件建物の明渡しを行う日までの期間につい … て、毎月、使用料限度額の2倍の金銭の支払並びに仮執行の宣 … 言を求める訴えを提起する",supported,f18b5e84b875f6ca33718e12c1babcb9f871626870b5bd7c9e0bfbc1dfa74366
shinjuku-2026-r3-gian-80,hard,content,R80-H-13,訴訟遂行の方針,https://www.city.shinjuku.lg.jp/content/000466383.pdf,6bde3ec0f10510ef6b2eabdc2c5541164ad519e1808e186bc4b926c0ce1c3de5,議案本文 3 訴訟遂行の方針,本件訴訟において必要がある場合は、和解及び上訴をすること … ができるものとする,supported,f18b5e84b875f6ca33718e12c1babcb9f871626870b5bd7c9e0bfbc1dfa74366
shinjuku-2026-r3-gian-80,hard,content,R80-H-14,概要資料は「令和6年10月から」とする,https://www.city.shinjuku.lg.jp/content/000464786.pdf,b84b187d220daad484c279199f10899ad35777e2a122875a21faf939baf87e0c,議決案件関係 第80号議案,Ａは、令和 6 年 10 月から特定住宅の使用許可を受け、 … 居住を開始した。,supported,f18b5e84b875f6ca33718e12c1babcb9f871626870b5bd7c9e0bfbc1dfa74366
shinjuku-2026-r3-gian-80,hard,content,R80-H-15,令和8年第3回定例会（会期 9月16日〜10月15日）に提出された,https://www.city.shinjuku.lg.jp/kusei/kuseijoho01_001109_03.html,31b8240a9210c5965a74134fca286bef83cc7b5e9eb4bae326847e0a170a89d0,提出議案一覧ページ,令和8年第3回定例会（会期：9月16日～10月15日）提出案件概要を掲載しました,supported,f18b5e84b875f6ca33718e12c1babcb9f871626870b5bd7c9e0bfbc1dfa74366
shinjuku-2026-r3-gian-80,hard,content,R80-H-16,作成時点（令和8年9月30日）で議決結果は公表されていない,https://www.city.shinjuku.lg.jp/content/000466383.pdf,6bde3ec0f10510ef6b2eabdc2c5541164ad519e1808e186bc4b926c0ce1c3de5,審議状況,（作成時点の審議状況の記述であり、一次資料の記載による主張ではない）,needs_source,f18b5e84b875f6ca33718e12c1babcb9f871626870b5bd7c9e0bfbc1dfa74366
shinjuku-2026-r3-gian-80,hard,content,R80-H-17,保証限度との関係、月額使用料・限度額、特定住宅の制度、条文、管轄裁判所・提起時期、議決の根拠規定は資料にない,https://www.city.shinjuku.lg.jp/content/000466383.pdf,6bde3ec0f10510ef6b2eabdc2c5541164ad519e1808e186bc4b926c0ce1c3de5,出典に記載がない事項,（本件は解説本文が「一次資料に記載がない」と明示している箇所であり、事実主張ではない）,needs_source,f18b5e84b875f6ca33718e12c1babcb9f871626870b5bd7c9e0bfbc1dfa74366
