item_key,difficulty,content_field,claim_id,final_claim,source_url,source_sha256,page_or_section,evidence_excerpt,verdict,reviewed_content_sha256
shinjuku-2026-r2-gian-42,easy,title,R42-E-01,表題「商店街の 商品券と 道路の 工事に お金を 足します」は、商品券の拡充と道路工事の増額を指す編集上の見出し,https://www.city.shinjuku.lg.jp/content/000456354.pdf,5369896bb24ed77af0fe3af1d85b13eb4093469ba9e4f6a060f2c6a288104580,p.1 歳出 4文化観光産業費,"（１）新宿区商店会連合会への事業助成 160,224千円",supported,bbb0d6f5edd23cc9d4ce8c00f84e054575c435085fe0fd74bf19e848f87dec24
shinjuku-2026-r2-gian-42,easy,summary,R42-E-02,要約の金額・事業はいずれも本文の主張と同一,https://www.city.shinjuku.lg.jp/content/000457639.pdf,ac6e93cedcf8ebce16843474aa13de52397bb65dc7bfdf7a57ebee1adc3fa5ee,第1条,"歳入歳出予算の総額に歳入歳出それぞれ 292,564 千円を追加し",supported,bbb0d6f5edd23cc9d4ce8c00f84e054575c435085fe0fd74bf19e848f87dec24
shinjuku-2026-r2-gian-42,easy,content,R42-E-03,区長が2026年（令和8年）6月10日（水）に出した（原文の元号表記を西暦と曜日に換算）,https://www.city.shinjuku.lg.jp/content/000457639.pdf,ac6e93cedcf8ebce16843474aa13de52397bb65dc7bfdf7a57ebee1adc3fa5ee,議案冒頭・末尾,令和８年６月１０日 提出 新宿区長 吉住健一,supported,bbb0d6f5edd23cc9d4ce8c00f84e054575c435085fe0fd74bf19e848f87dec24
shinjuku-2026-r2-gian-42,easy,content,R42-E-04,"2億9,256万4千円を足す（292,564千円の万円表記）",https://www.city.shinjuku.lg.jp/content/000457639.pdf,ac6e93cedcf8ebce16843474aa13de52397bb65dc7bfdf7a57ebee1adc3fa5ee,第1条,"歳入歳出予算の総額に歳入歳出それぞれ 292,564 千円を追加し",supported,bbb0d6f5edd23cc9d4ce8c00f84e054575c435085fe0fd74bf19e848f87dec24
shinjuku-2026-r2-gian-42,easy,content,R42-E-05,"区のお金はぜんぶで1,892億9,334万1千円になる（189,293,341千円の万円表記）",https://www.city.shinjuku.lg.jp/content/000457639.pdf,ac6e93cedcf8ebce16843474aa13de52397bb65dc7bfdf7a57ebee1adc3fa5ee,第1条,"歳入歳出予算の総額を歳入歳出それぞれ 189,293,341 千円とする",supported,bbb0d6f5edd23cc9d4ce8c00f84e054575c435085fe0fd74bf19e848f87dec24
shinjuku-2026-r2-gian-42,easy,content,R42-E-06,"商店街の商品券は1億6,022万4千円（160,224千円の万円表記）",https://www.city.shinjuku.lg.jp/content/000456354.pdf,5369896bb24ed77af0fe3af1d85b13eb4093469ba9e4f6a060f2c6a288104580,p.1 歳出 4文化観光産業費,"（１）新宿区商店会連合会への事業助成 160,224千円",supported,bbb0d6f5edd23cc9d4ce8c00f84e054575c435085fe0fd74bf19e848f87dec24
shinjuku-2026-r2-gian-42,easy,content,R42-E-07,おまけの割合は20%から30%になり、1万円で1万3千円分買える,https://www.city.shinjuku.lg.jp/content/000456354.pdf,5369896bb24ed77af0fe3af1d85b13eb4093469ba9e4f6a060f2c6a288104580,p.1 券種,"・プレミアム率 20%→30%（10,000円で13,000円分の紙商品券を区内の全郵便局で販売）",supported,bbb0d6f5edd23cc9d4ce8c00f84e054575c435085fe0fd74bf19e848f87dec24
shinjuku-2026-r2-gian-42,easy,content,R42-E-08,"どの店でも使える券（共通券）は4,500円分から5,000円分になる",https://www.city.shinjuku.lg.jp/content/000456354.pdf,5369896bb24ed77af0fe3af1d85b13eb4093469ba9e4f6a060f2c6a288104580,p.1 券種,"共通券（全ての店舗で利用可）4,500円分→5,000円分",supported,bbb0d6f5edd23cc9d4ce8c00f84e054575c435085fe0fd74bf19e848f87dec24
shinjuku-2026-r2-gian-42,easy,content,R42-E-09,"小さい店で使える券（応援券）は7,500円分から8,000円分になり、中小企業かつ広さ1,000平方メートル未満の店で使える",https://www.city.shinjuku.lg.jp/content/000456354.pdf,5369896bb24ed77af0fe3af1d85b13eb4093469ba9e4f6a060f2c6a288104580,p.1 券種,"応援券（中小企業かつ店舗面積1,000㎡未満の店舗で利用可）7,500円分→8,000円分",supported,bbb0d6f5edd23cc9d4ce8c00f84e054575c435085fe0fd74bf19e848f87dec24
shinjuku-2026-r2-gian-42,easy,content,R42-E-10,商店会と新宿区商店会連合会に入っている店が対象,https://www.city.shinjuku.lg.jp/content/000456354.pdf,5369896bb24ed77af0fe3af1d85b13eb4093469ba9e4f6a060f2c6a288104580,p.1 対象店舗,・対象店舗 商店会加盟店かつ新宿区商店会連合会加盟店,supported,bbb0d6f5edd23cc9d4ce8c00f84e054575c435085fe0fd74bf19e848f87dec24
shinjuku-2026-r2-gian-42,easy,content,R42-E-11,"作る数は150,000冊",https://www.city.shinjuku.lg.jp/content/000456354.pdf,5369896bb24ed77af0fe3af1d85b13eb4093469ba9e4f6a060f2c6a288104580,p.1 発行冊数,"・発行冊数 150,000冊",supported,bbb0d6f5edd23cc9d4ce8c00f84e054575c435085fe0fd74bf19e848f87dec24
shinjuku-2026-r2-gian-42,easy,content,R42-E-12,買える場所は区内のぜんぶの郵便局,https://www.city.shinjuku.lg.jp/content/000456354.pdf,5369896bb24ed77af0fe3af1d85b13eb4093469ba9e4f6a060f2c6a288104580,p.1 プレミアム率,区内の全郵便局で販売,supported,bbb0d6f5edd23cc9d4ce8c00f84e054575c435085fe0fd74bf19e848f87dec24
shinjuku-2026-r2-gian-42,easy,content,R42-E-13,申し込みは2026年7月1日（水）から7月27日（月）,https://www.city.shinjuku.lg.jp/content/000456354.pdf,5369896bb24ed77af0fe3af1d85b13eb4093469ba9e4f6a060f2c6a288104580,p.1 申込期間,・申込期間 7月1日～7月27日,supported,bbb0d6f5edd23cc9d4ce8c00f84e054575c435085fe0fd74bf19e848f87dec24
shinjuku-2026-r2-gian-42,easy,content,R42-E-14,売る期間は2026年9月16日（水）から10月16日（金）,https://www.city.shinjuku.lg.jp/content/000456354.pdf,5369896bb24ed77af0fe3af1d85b13eb4093469ba9e4f6a060f2c6a288104580,p.1 販売期間,・販売期間 9月16日～10月16日,supported,bbb0d6f5edd23cc9d4ce8c00f84e054575c435085fe0fd74bf19e848f87dec24
shinjuku-2026-r2-gian-42,easy,content,R42-E-15,使える期間は2026年10月1日（木）から2027年1月8日（金）,https://www.city.shinjuku.lg.jp/content/000456354.pdf,5369896bb24ed77af0fe3af1d85b13eb4093469ba9e4f6a060f2c6a288104580,p.1 利用期間,・利用期間 10月1日～1月8日,supported,bbb0d6f5edd23cc9d4ce8c00f84e054575c435085fe0fd74bf19e848f87dec24
shinjuku-2026-r2-gian-42,easy,content,R42-E-16,理由は物の値段が長く高いことと中東の情勢の影響で、商店街を元気にし区民の生活も助けるため,https://www.city.shinjuku.lg.jp/content/000456354.pdf,5369896bb24ed77af0fe3af1d85b13eb4093469ba9e4f6a060f2c6a288104580,p.1 歳出 4文化観光産業費,長引く物価高騰に加えて、中東情勢による影響を踏まえ、商店街の活性化を図るとともに、区民生活を支援するため、商店街ハッピー商品券事業を拡充,supported,bbb0d6f5edd23cc9d4ce8c00f84e054575c435085fe0fd74bf19e848f87dec24
shinjuku-2026-r2-gian-42,easy,content,R42-E-17,"角筈地域センターの設備は928万4千円で、働く人の賃金の見直しによる工事費の増額（9,284千円の万円表記）",https://www.city.shinjuku.lg.jp/content/000456354.pdf,5369896bb24ed77af0fe3af1d85b13eb4093469ba9e4f6a060f2c6a288104580,p.1 歳出 3地域振興費,"（１）角筈地域センター（設備整備）9,284千円 労務単価等の見直しに伴い工事費を増額",supported,bbb0d6f5edd23cc9d4ce8c00f84e054575c435085fe0fd74bf19e848f87dec24
shinjuku-2026-r2-gian-42,easy,content,R42-E-18,"江戸川橋通りの道路と下水道は1億2,305万6千円（123,056千円の万円表記）",https://www.city.shinjuku.lg.jp/content/000456354.pdf,5369896bb24ed77af0fe3af1d85b13eb4093469ba9e4f6a060f2c6a288104580,p.1 歳出 9土木費,"９ 土木費 123,056千円",supported,bbb0d6f5edd23cc9d4ce8c00f84e054575c435085fe0fd74bf19e848f87dec24
shinjuku-2026-r2-gian-42,easy,content,R42-E-19,"道路を直す工事は1億881万6千円（108,816千円の万円表記）",https://www.city.shinjuku.lg.jp/content/000456354.pdf,5369896bb24ed77af0fe3af1d85b13eb4093469ba9e4f6a060f2c6a288104580,p.1 歳出 9土木費,"（１）道路の改良（工事費）108,816千円",supported,bbb0d6f5edd23cc9d4ce8c00f84e054575c435085fe0fd74bf19e848f87dec24
shinjuku-2026-r2-gian-42,easy,content,R42-E-20,"下水道をつくる工事は1,424万円（14,240千円の万円表記）",https://www.city.shinjuku.lg.jp/content/000456354.pdf,5369896bb24ed77af0fe3af1d85b13eb4093469ba9e4f6a060f2c6a288104580,p.1 歳出 9土木費,"（２）公共下水道の整備（工事費）14,240千円",supported,bbb0d6f5edd23cc9d4ce8c00f84e054575c435085fe0fd74bf19e848f87dec24
shinjuku-2026-r2-gian-42,easy,content,R42-E-21,工事の計画が変わったための増額で、場所はどちらも江戸川橋通り第Ⅰ期,https://www.city.shinjuku.lg.jp/content/000456354.pdf,5369896bb24ed77af0fe3af1d85b13eb4093469ba9e4f6a060f2c6a288104580,p.1 歳出 9土木費,整備計画変更に伴い工事費を増額 ・江戸川橋通り第Ⅰ期,supported,bbb0d6f5edd23cc9d4ce8c00f84e054575c435085fe0fd74bf19e848f87dec24
shinjuku-2026-r2-gian-42,easy,content,R42-E-22,"貯金をくずす（繰入金）6,198万5千円の内訳は、財政調整基金4,788万5千円と社会資本等整備基金1,410万円",https://www.city.shinjuku.lg.jp/content/000456354.pdf,5369896bb24ed77af0fe3af1d85b13eb4093469ba9e4f6a060f2c6a288104580,p.2 歳入 17繰入金,"財政調整基金繰入金 47,885千円／社会資本等整備基金繰入金 14,100千円",supported,bbb0d6f5edd23cc9d4ce8c00f84e054575c435085fe0fd74bf19e848f87dec24
shinjuku-2026-r2-gian-42,easy,content,R42-E-23,"その他の収入（諸収入）は1億2,657万9千円（126,579千円の万円表記）",https://www.city.shinjuku.lg.jp/content/000456354.pdf,5369896bb24ed77af0fe3af1d85b13eb4093469ba9e4f6a060f2c6a288104580,p.2 歳入 19諸収入,"公共下水道整備費 14,240千円／違約金及び延納利息 32,235千円／雑入（江戸川橋通り第Ⅰ期道路改良工事費返還金相当分）80,104千円",supported,bbb0d6f5edd23cc9d4ce8c00f84e054575c435085fe0fd74bf19e848f87dec24
shinjuku-2026-r2-gian-42,easy,content,R42-E-24,"区の借金（特別区債）は1億400万円（104,000千円の万円表記）",https://www.city.shinjuku.lg.jp/content/000456354.pdf,5369896bb24ed77af0fe3af1d85b13eb4093469ba9e4f6a060f2c6a288104580,p.2 歳入 20特別区債,"地域振興債（地域振興施設整備費）7,000千円／土木債（道路整備費）97,000千円",supported,bbb0d6f5edd23cc9d4ce8c00f84e054575c435085fe0fd74bf19e848f87dec24
shinjuku-2026-r2-gian-42,easy,content,R42-E-25,"財政調整基金を今回4,788万5千円くずし、2026年度（令和8年度）の終わりの残りは261億7,967万円の見こみ",https://www.city.shinjuku.lg.jp/content/000456354.pdf,5369896bb24ed77af0fe3af1d85b13eb4093469ba9e4f6a060f2c6a288104580,p.2 財政調整基金現在高見込み,"今回取崩額 47,885千円／8年度末現在高見込額 26,179,670千円",supported,bbb0d6f5edd23cc9d4ce8c00f84e054575c435085fe0fd74bf19e848f87dec24
shinjuku-2026-r2-gian-42,easy,content,R42-E-26,"区ができる借金の上限が24億4,300万円から25億4,700万円になる",https://www.city.shinjuku.lg.jp/content/000457639.pdf,ac6e93cedcf8ebce16843474aa13de52397bb65dc7bfdf7a57ebee1adc3fa5ee,第2表 特別区債補正,"合計 ２,４４３,０００ → ２,５４７,０００",supported,bbb0d6f5edd23cc9d4ce8c00f84e054575c435085fe0fd74bf19e848f87dec24
shinjuku-2026-r2-gian-42,easy,content,R42-E-27,原案可決。2026年（令和8年）第2回定例会、会期は2026年6月10日（水）から6月19日（金）,https://www.city.shinjuku.lg.jp/kusei/soumu01_002090_00016.html,72349f6e321e79ccc3076036e07386763398510bfb6bb2154b4cd3d6a2d85d58,議決結果ページ,第42号議案 令和8年度新宿区一般会計補正予算（第2号）原案可決,supported,bbb0d6f5edd23cc9d4ce8c00f84e054575c435085fe0fd74bf19e848f87dec24
shinjuku-2026-r2-gian-43,easy,title,B43-E-01,表題「保育園と 予防接種と 学校の 支援に お金を 足します」は歳出上位3款の事業を指す編集上の見出し,https://www.city.shinjuku.lg.jp/content/000456355.pdf,94999df163452634a5f4a9a3181372668f3e57d7d9ae3577c729aed2cca5e2af,歳出 6・7・10 款,"子ども家庭費 117,725千円／健康費 109,998千円／教育費 48,208千円",supported,7ea502a0100a95f3eb978402e4650a2ee23210a53d1a4c409cc14e70abddf47b
shinjuku-2026-r2-gian-43,easy,summary,B43-E-02,要約の金額・事業はいずれも本文の主張と同一,https://www.city.shinjuku.lg.jp/content/000456355.pdf,94999df163452634a5f4a9a3181372668f3e57d7d9ae3577c729aed2cca5e2af,歳出全般,"歳入歳出それぞれ 289,657 千円を追加し／保育所等緊急助成 50,389千円／接種ワクチン 標準量→高用量／学校支援体制の充実 39,507千円 区立小学校 15校／私立幼稚園緊急助成 554千円",supported,7ea502a0100a95f3eb978402e4650a2ee23210a53d1a4c409cc14e70abddf47b
shinjuku-2026-r2-gian-43,easy,content,B43-E-03,区長が2026年（令和8年）6月10日（水）に出した（原文の元号表記を西暦と曜日に換算）,https://www.city.shinjuku.lg.jp/content/000457640.pdf,ab16d01e092dce9b29e5d9f84d0aa46b2ec0d1e6fd86e3c2f92194be0a65c3b2,議案末尾,令和８年６月１０日 提出 新宿区長 吉住健一,supported,7ea502a0100a95f3eb978402e4650a2ee23210a53d1a4c409cc14e70abddf47b
shinjuku-2026-r2-gian-43,easy,content,B43-E-04,"2億8,965万7千円を足す（289,657千円の万円表記）",https://www.city.shinjuku.lg.jp/content/000457640.pdf,ab16d01e092dce9b29e5d9f84d0aa46b2ec0d1e6fd86e3c2f92194be0a65c3b2,第1条,"歳入歳出予算の総額に歳入歳出それぞれ 289,657 千円を追加し",supported,7ea502a0100a95f3eb978402e4650a2ee23210a53d1a4c409cc14e70abddf47b
shinjuku-2026-r2-gian-43,easy,content,B43-E-05,"区のお金はぜんぶで1,895億8,299万8千円になる（189,582,998千円の万円表記）",https://www.city.shinjuku.lg.jp/content/000457640.pdf,ab16d01e092dce9b29e5d9f84d0aa46b2ec0d1e6fd86e3c2f92194be0a65c3b2,第1条,"歳入歳出予算の総額を歳入歳出それぞれ 189,582,998 千円とする",supported,7ea502a0100a95f3eb978402e4650a2ee23210a53d1a4c409cc14e70abddf47b
shinjuku-2026-r2-gian-43,easy,content,B43-E-06,同じ定例会の第42号議案もあとから足すお金であり、この議案はそのあとにさらに足すもの,https://www.city.shinjuku.lg.jp/content/000457639.pdf ; https://www.city.shinjuku.lg.jp/content/000457640.pdf,ac6e93cedcf8ebce16843474aa13de52397bb65dc7bfdf7a57ebee1adc3fa5ee ; ab16d01e092dce9b29e5d9f84d0aa46b2ec0d1e6fd86e3c2f92194be0a65c3b2,第42号議案 第1条 / 第43号議案 第1表 歳入歳出合計,"【第42号議案】歳出予算の総額を歳入歳出それぞれ 189,293,341 千円とする。 ／【第43号議案】歳入合計 補正前予算額 189,293,341",supported,7ea502a0100a95f3eb978402e4650a2ee23210a53d1a4c409cc14e70abddf47b
shinjuku-2026-r2-gian-43,easy,content,B43-E-07,"子どもと家庭は1億1,772万5千円（117,725千円の万円表記）",https://www.city.shinjuku.lg.jp/content/000457640.pdf,ab16d01e092dce9b29e5d9f84d0aa46b2ec0d1e6fd86e3c2f92194be0a65c3b2,第1表 歳出 6 子ども家庭費,"6 子ども家庭費 39,532,093 117,725 39,649,818",supported,7ea502a0100a95f3eb978402e4650a2ee23210a53d1a4c409cc14e70abddf47b
shinjuku-2026-r2-gian-43,easy,content,B43-E-08,"保育所等緊急助成は5,038万9千円で、私立の保育園などへの助け。値段が上がったためで、4月〜6月だった期間を4月〜3月にのばす",https://www.city.shinjuku.lg.jp/content/000456355.pdf,94999df163452634a5f4a9a3181372668f3e57d7d9ae3577c729aed2cca5e2af,歳出 6 子ども家庭費(2),"保育所等緊急助成 50,389千円 食材料費等の物価高騰対策として、私立保育所等への支援を継続 ・実施期間 4月～6月 → 4月～3月",supported,7ea502a0100a95f3eb978402e4650a2ee23210a53d1a4c409cc14e70abddf47b
shinjuku-2026-r2-gian-43,easy,content,B43-E-09,"保育所（設備整備）は4,435万8千円で、鶴巻南公園の中の仮の園舎を2026年（令和8年）8月から12月に直す",https://www.city.shinjuku.lg.jp/content/000456355.pdf,94999df163452634a5f4a9a3181372668f3e57d7d9ae3577c729aed2cca5e2af,歳出 6 子ども家庭費(4),"保育所（設備整備） 44,358千円 早稲田南町保育園分園の仮移転先である鶴巻南公園内保育園仮園舎を改修 ・令和8年8月～12月 改修工事",supported,7ea502a0100a95f3eb978402e4650a2ee23210a53d1a4c409cc14e70abddf47b
shinjuku-2026-r2-gian-43,easy,content,B43-E-10,"保育所（管理運営費）は2,292万5千円で、早稲田南町保育園分園を仮の園舎に2027年（令和9年）1月に移す予定",https://www.city.shinjuku.lg.jp/content/000456355.pdf,94999df163452634a5f4a9a3181372668f3e57d7d9ae3577c729aed2cca5e2af,歳出 6 子ども家庭費(3),"保育所（管理運営費） 22,925千円 早稲田南町保育園分園を鶴巻南公園内保育園仮園舎へ移転 ・令和9年1月 移転予定",supported,7ea502a0100a95f3eb978402e4650a2ee23210a53d1a4c409cc14e70abddf47b
shinjuku-2026-r2-gian-43,easy,content,B43-E-11,子ども未来基金積立金5万3千円は寄付の積み立て,https://www.city.shinjuku.lg.jp/content/000456355.pdf,94999df163452634a5f4a9a3181372668f3e57d7d9ae3577c729aed2cca5e2af,歳出 6 子ども家庭費(1),子ども未来基金積立金 53千円 寄附金の積立,supported,7ea502a0100a95f3eb978402e4650a2ee23210a53d1a4c409cc14e70abddf47b
shinjuku-2026-r2-gian-43,easy,content,B43-E-12,健康は1億999万8千円で、使うワクチンを変えるためインフルエンザの予防接種のお金が増える,https://www.city.shinjuku.lg.jp/content/000456355.pdf,94999df163452634a5f4a9a3181372668f3e57d7d9ae3577c729aed2cca5e2af,歳出 7 健康費(1),"予防接種（インフルエンザ） 109,998千円 定期接種における接種ワクチンの変更による増額",supported,7ea502a0100a95f3eb978402e4650a2ee23210a53d1a4c409cc14e70abddf47b
shinjuku-2026-r2-gian-43,easy,content,B43-E-13,対象は75歳以上の人、ワクチンは標準量から高用量へ、回数1回、お金は無料,https://www.city.shinjuku.lg.jp/content/000456355.pdf,94999df163452634a5f4a9a3181372668f3e57d7d9ae3577c729aed2cca5e2af,歳出 7 健康費(1),・対象者 75歳以上の者 ・接種ワクチン 標準量インフルエンザワクチン→高用量インフルエンザワクチン ・接種回数 1回 ・接種費用 無料,supported,7ea502a0100a95f3eb978402e4650a2ee23210a53d1a4c409cc14e70abddf47b
shinjuku-2026-r2-gian-43,easy,content,B43-E-14,"学校支援体制の充実は3,950万7千円で、区立小学校15校に校内教育支援センター支援員をおき、学校に行けない子どもの勉強と相談を助ける",https://www.city.shinjuku.lg.jp/content/000456355.pdf,94999df163452634a5f4a9a3181372668f3e57d7d9ae3577c729aed2cca5e2af,歳出 10 教育費(1),"学校支援体制の充実 39,507千円 不登校児童への学習支援及び相談支援のため、校内教育支援センター支援員を配置 ・区立小学校 15校",supported,7ea502a0100a95f3eb978402e4650a2ee23210a53d1a4c409cc14e70abddf47b
shinjuku-2026-r2-gian-43,easy,content,B43-E-15,"保険料などの814万7千円はその支援員の社会保険料（8,147千円の万円表記）",https://www.city.shinjuku.lg.jp/content/000456355.pdf,94999df163452634a5f4a9a3181372668f3e57d7d9ae3577c729aed2cca5e2af,歳出 10 教育費(2),"健康保険料及び厚生年金保険料等 8,147千円 校内教育支援センター支援員の社会保険料等",supported,7ea502a0100a95f3eb978402e4650a2ee23210a53d1a4c409cc14e70abddf47b
shinjuku-2026-r2-gian-43,easy,content,B43-E-16,私立幼稚園緊急助成は55万4千円で、期間を4月〜3月にのばす,https://www.city.shinjuku.lg.jp/content/000456355.pdf,94999df163452634a5f4a9a3181372668f3e57d7d9ae3577c729aed2cca5e2af,歳出 10 教育費(3),私立幼稚園緊急助成 554千円 食材料費等の物価高騰対策として、私立幼稚園への支援を継続 ・実施期間 4月～6月 → 4月～3月,supported,7ea502a0100a95f3eb978402e4650a2ee23210a53d1a4c409cc14e70abddf47b
shinjuku-2026-r2-gian-43,easy,content,B43-E-17,環境と清掃は985万3千円で、「新宿区空き缶等の散乱及び路上喫煙による被害の防止に関する条例」の改正にともなう周知,https://www.city.shinjuku.lg.jp/content/000456355.pdf,94999df163452634a5f4a9a3181372668f3e57d7d9ae3577c729aed2cca5e2af,歳出 8 環境清掃費(1),"ポイ捨て防止ときれいなまちづくり 9,853千円 「新宿区空き缶等の散乱及び路上喫煙による被害の防止に関する条例」の改正に伴う普及啓発",supported,7ea502a0100a95f3eb978402e4650a2ee23210a53d1a4c409cc14e70abddf47b
shinjuku-2026-r2-gian-43,easy,content,B43-E-18,下水道をつくる工事は162万2千円で、場所は江戸川橋通り第Ⅱ期。計画が変わったための増額,https://www.city.shinjuku.lg.jp/content/000456355.pdf,94999df163452634a5f4a9a3181372668f3e57d7d9ae3577c729aed2cca5e2af,歳出 9 土木費(1),"公共下水道の整備（工事費） 1,622千円 整備計画変更に伴い工事費を増額 ・江戸川橋通り第Ⅱ期",supported,7ea502a0100a95f3eb978402e4650a2ee23210a53d1a4c409cc14e70abddf47b
shinjuku-2026-r2-gian-43,easy,content,B43-E-19,下宮比町地区の再開発の支援222万1千円は準備組合への支援,https://www.city.shinjuku.lg.jp/content/000456355.pdf,94999df163452634a5f4a9a3181372668f3e57d7d9ae3577c729aed2cca5e2af,歳出 9 土木費(2),"市街地再開発の事業化支援（下宮比町地区） 2,221千円 市街地再開発準備組合への活動支援 ・下宮比町地区",supported,7ea502a0100a95f3eb978402e4650a2ee23210a53d1a4c409cc14e70abddf47b
shinjuku-2026-r2-gian-43,easy,content,B43-E-20,文化と観光の3万円は夏目漱石記念施設整備基金積立金で、寄付の積み立て,https://www.city.shinjuku.lg.jp/content/000456355.pdf,94999df163452634a5f4a9a3181372668f3e57d7d9ae3577c729aed2cca5e2af,歳出 4 文化観光産業費(1),夏目漱石記念施設整備基金積立金 30千円 寄附金の積立,supported,7ea502a0100a95f3eb978402e4650a2ee23210a53d1a4c409cc14e70abddf47b
shinjuku-2026-r2-gian-43,easy,content,B43-E-21,"東京都からのお金（都支出金）は2,142万円（21,420千円の万円表記）",https://www.city.shinjuku.lg.jp/content/000456355.pdf,94999df163452634a5f4a9a3181372668f3e57d7d9ae3577c729aed2cca5e2af,歳入 14 都支出金,"校内教育支援センター設置推進事業費 21,420千円",supported,7ea502a0100a95f3eb978402e4650a2ee23210a53d1a4c409cc14e70abddf47b
shinjuku-2026-r2-gian-43,easy,content,B43-E-22,寄付（寄附金）は8万3千円（83千円の万円表記）,https://www.city.shinjuku.lg.jp/content/000456355.pdf,94999df163452634a5f4a9a3181372668f3e57d7d9ae3577c729aed2cca5e2af,歳入 16 寄附金,夏目漱石記念施設整備基金寄附金 30千円 子ども未来基金寄附金 53千円,supported,7ea502a0100a95f3eb978402e4650a2ee23210a53d1a4c409cc14e70abddf47b
shinjuku-2026-r2-gian-43,easy,content,B43-E-23,"貯金をくずす（繰入金）は2億5,752万4千円で、財政調整基金からの繰り入れ",https://www.city.shinjuku.lg.jp/content/000456355.pdf,94999df163452634a5f4a9a3181372668f3e57d7d9ae3577c729aed2cca5e2af,歳入 17 繰入金,"財政調整基金繰入金 257,524千円",supported,7ea502a0100a95f3eb978402e4650a2ee23210a53d1a4c409cc14e70abddf47b
shinjuku-2026-r2-gian-43,easy,content,B43-E-24,"その他の収入（諸収入）は1,063万円（10,630千円の万円表記）",https://www.city.shinjuku.lg.jp/content/000456355.pdf,94999df163452634a5f4a9a3181372668f3e57d7d9ae3577c729aed2cca5e2af,歳入 19 諸収入,"（受託事業収入）予防接種費 5,930千円 公共下水道整備費 1,622千円 （雑入）労働保険料納付金 173千円 厚生年金保険料納付金 2,905千円",supported,7ea502a0100a95f3eb978402e4650a2ee23210a53d1a4c409cc14e70abddf47b
shinjuku-2026-r2-gian-43,easy,content,B43-E-25,"財政調整基金を今回2億5,752万4千円くずし、2026年度（令和8年度）の終わりの残りは259億2,214万6千円の見こみ",https://www.city.shinjuku.lg.jp/content/000456355.pdf,94999df163452634a5f4a9a3181372668f3e57d7d9ae3577c729aed2cca5e2af,歳入 17 繰入金 財政調整基金現在高見込み,"今回取崩額 257,524千円 8年度末現在高見込額 25,922,146千円",supported,7ea502a0100a95f3eb978402e4650a2ee23210a53d1a4c409cc14e70abddf47b
shinjuku-2026-r2-gian-43,easy,content,B43-E-26,"道路の改良は2027年度（令和9年度）・2億4,287万6千円から2027年度〜2028年度（令和9年度〜令和10年度）・2億5,877万6千円へ",https://www.city.shinjuku.lg.jp/content/000457640.pdf,ab16d01e092dce9b29e5d9f84d0aa46b2ec0d1e6fd86e3c2f92194be0a65c3b2,第2表,"道路の改良 令和９年度 ２４２,８７６ 令和９年度～令和10年度 ２５８,７７６",supported,7ea502a0100a95f3eb978402e4650a2ee23210a53d1a4c409cc14e70abddf47b
shinjuku-2026-r2-gian-43,easy,content,B43-E-27,"公共下水道の整備は2027年度（令和9年度）・872万1千円から2027年度〜2028年度（令和9年度〜令和10年度）・1,115万4千円へ",https://www.city.shinjuku.lg.jp/content/000457640.pdf,ab16d01e092dce9b29e5d9f84d0aa46b2ec0d1e6fd86e3c2f92194be0a65c3b2,第2表,"公共下水道の整備 令和９年度 ８,７２１ 令和９年度～令和10年度 １１,１５４",supported,7ea502a0100a95f3eb978402e4650a2ee23210a53d1a4c409cc14e70abddf47b
shinjuku-2026-r2-gian-43,easy,content,B43-E-28,変える理由はどちらも計画の変更,https://www.city.shinjuku.lg.jp/content/000456355.pdf,94999df163452634a5f4a9a3181372668f3e57d7d9ae3577c729aed2cca5e2af,【債務負担行為（工事請負契約等）】,整備計画を変更するため,supported,7ea502a0100a95f3eb978402e4650a2ee23210a53d1a4c409cc14e70abddf47b
shinjuku-2026-r2-gian-43,easy,content,B43-E-29,原案可決。2026年（令和8年）第2回定例会、会期は2026年6月10日（水）から6月19日（金）,https://www.city.shinjuku.lg.jp/kusei/soumu01_002090_00016.html,72349f6e321e79ccc3076036e07386763398510bfb6bb2154b4cd3d6a2d85d58,議決結果ページ,第43号議案 原案可決,supported,7ea502a0100a95f3eb978402e4650a2ee23210a53d1a4c409cc14e70abddf47b
shinjuku-2026-r2-gian-44,easy,title,B44-E-01,表題「区の 大もとの 考えを 区議会が 決める ことに します」は新設第3条第1項の内容を言い換えた編集上の見出し,https://www.city.shinjuku.lg.jp/content/000457643.pdf,fe0e6cc914f3a9753a90bb19ab4c8090147fb1aa24bc959a321fb353c31c8eab,第3条改正規定,区長は、新宿区基本構想を策定するに当たっては、議会の議決を経なければならない。これを変更しようとする場合も同様とする。,supported,8760030544e75fb43249adacb4a5cfdbae35b6a965184798ea528f10ca54dcbb
shinjuku-2026-r2-gian-44,easy,summary,B44-E-02,要約の内容はいずれも本文の主張と同一,https://www.city.shinjuku.lg.jp/content/000457643.pdf,fe0e6cc914f3a9753a90bb19ab4c8090147fb1aa24bc959a321fb353c31c8eab,改め文全般,区長は、新宿区基本構想を策定するに当たっては、議会の議決を経なければならない。／題名中「新宿区総合計画」を「新宿区基本構想及び新宿区総合計画」に改める。／この条例は、公布の日から施行する。,supported,8760030544e75fb43249adacb4a5cfdbae35b6a965184798ea528f10ca54dcbb
shinjuku-2026-r2-gian-44,easy,content,B44-E-03,変える決まりは「新宿区総合計画の議決に関する条例」（平成19年 新宿区条例 第61号）,https://www.city.shinjuku.lg.jp/content/000457643.pdf,fe0e6cc914f3a9753a90bb19ab4c8090147fb1aa24bc959a321fb353c31c8eab,改め文冒頭,新宿区総合計画の議決に関する条例（平成 19 年新宿区条例第 61 号）の一部を次のように改正する,supported,8760030544e75fb43249adacb4a5cfdbae35b6a965184798ea528f10ca54dcbb
shinjuku-2026-r2-gian-44,easy,content,B44-E-04,この条例で区議会が決める対象は新宿区総合計画の1つで、改正により新宿区基本構想も入る,https://www.city.shinjuku.lg.jp/content/000457643.pdf,fe0e6cc914f3a9753a90bb19ab4c8090147fb1aa24bc959a321fb353c31c8eab,題名・第3条改正規定,題名中「新宿区総合計画」を「新宿区基本構想及び新宿区総合計画」に改める。／同条に第1項として新宿区基本構想を議決対象とする規定を加える。,supported,8760030544e75fb43249adacb4a5cfdbae35b6a965184798ea528f10ca54dcbb
shinjuku-2026-r2-gian-44,easy,content,B44-E-05,区長がつくるときも、あとから変えるときも区議会が決める,https://www.city.shinjuku.lg.jp/content/000457643.pdf,fe0e6cc914f3a9753a90bb19ab4c8090147fb1aa24bc959a321fb353c31c8eab,第3条改正規定,これを変更しようとする場合も同様とする,supported,8760030544e75fb43249adacb4a5cfdbae35b6a965184798ea528f10ca54dcbb
shinjuku-2026-r2-gian-44,easy,content,B44-E-06,決まりの名前が「新宿区基本構想及び新宿区総合計画の議決に関する条例」になる,https://www.city.shinjuku.lg.jp/content/000457643.pdf,fe0e6cc914f3a9753a90bb19ab4c8090147fb1aa24bc959a321fb353c31c8eab,題名改正規定,題名中「新宿区総合計画」を「新宿区基本構想及び新宿区総合計画」に改める,supported,8760030544e75fb43249adacb4a5cfdbae35b6a965184798ea528f10ca54dcbb
shinjuku-2026-r2-gian-44,easy,content,B44-E-07,新宿区基本構想は区の仕事の大もとになる考えで、新宿区基本構想審議会（新宿区基本構想審議会条例 昭和60年 新宿区条例 第3号 第2条）の答申をうけて決める,https://www.city.shinjuku.lg.jp/content/000457643.pdf,fe0e6cc914f3a9753a90bb19ab4c8090147fb1aa24bc959a321fb353c31c8eab,第2条第1号,新宿区基本構想審議会条例（昭和 60 年新宿区条例第 3 号）第 2 条の規定による新宿区基本構想審議会の答申（以下「答申」という。）を受けて定める新宿区における総合的かつ計画的な行政の運営を図るための基本的な構想をいう,supported,8760030544e75fb43249adacb4a5cfdbae35b6a965184798ea528f10ca54dcbb
shinjuku-2026-r2-gian-44,easy,content,B44-E-08,新宿区総合計画は区の基本計画と、都市計画法（昭和43年法律第100号）第18条の2第1項による都市計画の方針をひとつにまとめたもの,https://www.city.shinjuku.lg.jp/content/000457643.pdf,fe0e6cc914f3a9753a90bb19ab4c8090147fb1aa24bc959a321fb353c31c8eab,第2条第2号,答申を受けて定める区の基本計画（施策の方向性を示した行財政運営の指針をいう。）及び都市計画法（昭和 43 年法律第 100 号）第 18 条の 2 第 1 項の規定により定める区の都市計画に関する基本的な方針を総合化したものをいう,supported,8760030544e75fb43249adacb4a5cfdbae35b6a965184798ea528f10ca54dcbb
shinjuku-2026-r2-gian-44,easy,content,B44-E-09,どちらも同じ答申をうけて決める,https://www.city.shinjuku.lg.jp/content/000457643.pdf,fe0e6cc914f3a9753a90bb19ab4c8090147fb1aa24bc959a321fb353c31c8eab,第2条第1号・第2号,⑴ 新宿区基本構想 …新宿区基本構想審議会の答申（以下「答申」という。）を受けて定める… ⑵ 新宿区総合計画 答申を受けて定める区の基本計画…,supported,8760030544e75fb43249adacb4a5cfdbae35b6a965184798ea528f10ca54dcbb
shinjuku-2026-r2-gian-44,easy,content,B44-E-10,議案を変える理由は基本構想を区議会が決める対象にするため,https://www.city.shinjuku.lg.jp/content/000457643.pdf,fe0e6cc914f3a9753a90bb19ab4c8090147fb1aa24bc959a321fb353c31c8eab,提案理由,新宿区基本構想を地方自治法（昭和 22 年法律第 67 号）第 96 条第 2 項の規定に基づく議決すべき事件とする必要があるため,supported,8760030544e75fb43249adacb4a5cfdbae35b6a965184798ea528f10ca54dcbb
shinjuku-2026-r2-gian-44,easy,content,B44-E-11,第1条に「新宿区基本構想及び」を足す,https://www.city.shinjuku.lg.jp/content/000457643.pdf,fe0e6cc914f3a9753a90bb19ab4c8090147fb1aa24bc959a321fb353c31c8eab,第1条改正規定,第 1 条中「基づき、」の次に「新宿区基本構想及び」を加える,supported,8760030544e75fb43249adacb4a5cfdbae35b6a965184798ea528f10ca54dcbb
shinjuku-2026-r2-gian-44,easy,content,B44-E-12,第4条の引用先を「前条各項」に直し、「新宿区基本構想又は」を足す,https://www.city.shinjuku.lg.jp/content/000457643.pdf,fe0e6cc914f3a9753a90bb19ab4c8090147fb1aa24bc959a321fb353c31c8eab,第4条改正規定,第 4 条中「前条第 1 項又は第 2 項」を「前条各項」に改め、「経て、」の次に「新宿区基本構想又は」を加える,supported,8760030544e75fb43249adacb4a5cfdbae35b6a965184798ea528f10ca54dcbb
shinjuku-2026-r2-gian-44,easy,content,B44-E-13,第3条に新しい項が1つ増えるため、あとの項の番号がずれる,https://www.city.shinjuku.lg.jp/content/000457643.pdf,fe0e6cc914f3a9753a90bb19ab4c8090147fb1aa24bc959a321fb353c31c8eab,第3条改正規定,第 3 条中第 2 項を第 3 項とし、第 1 項を第 2 項とし、同条に第 1 項として次の 1 項を加える,supported,8760030544e75fb43249adacb4a5cfdbae35b6a965184798ea528f10ca54dcbb
shinjuku-2026-r2-gian-44,easy,content,B44-E-14,公布の日から始まる,https://www.city.shinjuku.lg.jp/content/000457643.pdf,fe0e6cc914f3a9753a90bb19ab4c8090147fb1aa24bc959a321fb353c31c8eab,附則,この条例は、公布の日から施行する,supported,8760030544e75fb43249adacb4a5cfdbae35b6a965184798ea528f10ca54dcbb
shinjuku-2026-r2-gian-44,easy,content,B44-E-15,地方自治法第96条第2項により、区は条例で議決することを増やせる,https://laws.e-gov.go.jp/api/1/articles;lawNum=昭和二十二年法律第六十七号;article=第九十六条,4817ef62f9200dd9d3a06d2735f725f3e3b64437ff1b791b9e4e12496ffe23f3,第96条第2項,前項に定めるものを除くほか、普通地方公共団体は、条例で普通地方公共団体に関する事件（法定受託事務に係るものにあつては、国の安全に関することその他の事由により議会の議決すべきものとすることが適当でないものとして政令で定めるものを除く。）につき議会の議決すべきものを定めることができる。,supported,8760030544e75fb43249adacb4a5cfdbae35b6a965184798ea528f10ca54dcbb
shinjuku-2026-r2-gian-44,easy,content,B44-E-16,原案可決。2026年（令和8年）第2回定例会、会期は2026年6月10日（水）から6月19日（金）,https://www.city.shinjuku.lg.jp/kusei/soumu01_002090_00016.html,72349f6e321e79ccc3076036e07386763398510bfb6bb2154b4cd3d6a2d85d58,議決結果ページ,第44号議案 原案可決,supported,8760030544e75fb43249adacb4a5cfdbae35b6a965184798ea528f10ca54dcbb
shinjuku-2026-r2-gian-45,easy,content,R45-E-01,やさしい日本語版でも同じ主張を述べている: 対象条例は新宿区における個人番号の利用及び特定個人情報の提供に関する条例（平成27年新宿区条例第47号）である,https://www.city.shinjuku.lg.jp/content/000457644.pdf,949768e6d595f373292c24c16ffc136b1227c874e481ee4cb946d5aebc7e3f40,改め文,新宿区における個人番号の利用及び特定個人情報の提供に関する条例（平成27年新宿区条例第47号）の一部を次のように改正する。,supported,be1d6e7a4734f8ff83fe36df5dd6fca1f290d22002d650154f5b8c96adf27c58
shinjuku-2026-r2-gian-45,easy,content,R45-E-02,やさしい日本語版でも同じ主張を述べている: 独自に利用する事務や他機関と連携して利用する事務は条例で定めることになっている,https://www.city.shinjuku.lg.jp/content/000456353.pdf,e1be5ac0c08d22dc59916c81fd24bd972ef44b601f8cd65ba76fc5d1f9d35c92,第45号議案 概要,行政手続における特定の個人を識別するための番号の利用等に関する法律に基づき条例で定めることとなっている独自利用事務及び他機関連携に係る事務,supported,be1d6e7a4734f8ff83fe36df5dd6fca1f290d22002d650154f5b8c96adf27c58
shinjuku-2026-r2-gian-45,easy,content,R45-E-03,やさしい日本語版でも同じ主張を述べている: 概要資料は独自利用事務及び他機関連携に係る事務に予防接種に関する事務を追加すると説明している,https://www.city.shinjuku.lg.jp/content/000456353.pdf,e1be5ac0c08d22dc59916c81fd24bd972ef44b601f8cd65ba76fc5d1f9d35c92,第45号議案 概要,利用事務及び他機関連携に係る事務に予防接種に関する事務を追加する。,supported,be1d6e7a4734f8ff83fe36df5dd6fca1f290d22002d650154f5b8c96adf27c58
shinjuku-2026-r2-gian-45,easy,content,R45-E-04,やさしい日本語版でも同じ主張を述べている: 追加先は別表の区長の部である,https://www.city.shinjuku.lg.jp/content/000457644.pdf,949768e6d595f373292c24c16ffc136b1227c874e481ee4cb946d5aebc7e3f40,改め文,別表区長の部に次のように加える。,supported,be1d6e7a4734f8ff83fe36df5dd6fca1f290d22002d650154f5b8c96adf27c58
shinjuku-2026-r2-gian-45,easy,content,R45-E-05,やさしい日本語版でも同じ主張を述べている: 対象は規則で定めるものに限られる,https://www.city.shinjuku.lg.jp/content/000457644.pdf,949768e6d595f373292c24c16ffc136b1227c874e481ee4cb946d5aebc7e3f40,改め文 別表区長の部⑻,の実施に関する事務であって規則で定めるもの,supported,be1d6e7a4734f8ff83fe36df5dd6fca1f290d22002d650154f5b8c96adf27c58
shinjuku-2026-r2-gian-45,easy,content,R45-E-06,やさしい日本語版でも同じ主張を述べている: 提案理由は独自に利用する事務および特定個人情報を連携して利用する事務に予防接種の実施に関する事務を加える必要があるためである,https://www.city.shinjuku.lg.jp/content/000457644.pdf,949768e6d595f373292c24c16ffc136b1227c874e481ee4cb946d5aebc7e3f40,提案理由,新宿区において個人番号を独自に利用する事務及び特定個人情報を連携して利用する事務に予防接種の実施に関する事務を加える必要があるため,supported,be1d6e7a4734f8ff83fe36df5dd6fca1f290d22002d650154f5b8c96adf27c58
shinjuku-2026-r2-gian-45,easy,content,R45-E-07,やさしい日本語版でも同じ主張を述べている: 令和8年第2回定例会で原案可決された,https://www.city.shinjuku.lg.jp/kusei/soumu01_002090_00016.html,72349f6e321e79ccc3076036e07386763398510bfb6bb2154b4cd3d6a2d85d58,議決結果表 第45号議案,第45号議案 新宿区における個人番号の利用及び特定個人情報の提供に関する条例の一部を改正する条例 原案可決,supported,be1d6e7a4734f8ff83fe36df5dd6fca1f290d22002d650154f5b8c96adf27c58
shinjuku-2026-r2-gian-45,easy,content,R45-E-08,やさしい日本語版でも同じ主張を述べている: 対象となる予防接種の種類・連携される情報項目・区民の手続の変化は資料に書かれていない,https://www.city.shinjuku.lg.jp/content/000457644.pdf,949768e6d595f373292c24c16ffc136b1227c874e481ee4cb946d5aebc7e3f40,出典に記載がない事項,（本件は解説本文が「議案の資料には書かれていません」と明示している箇所であり、事実主張ではない）,supported,be1d6e7a4734f8ff83fe36df5dd6fca1f290d22002d650154f5b8c96adf27c58
shinjuku-2026-r2-gian-45,easy,title,R45-E-09,やさしい日本語版でも同じ主張を述べている: 見出し: マイナンバーを使える区の事務に予防接種を追加する,https://www.city.shinjuku.lg.jp/content/000456353.pdf,e1be5ac0c08d22dc59916c81fd24bd972ef44b601f8cd65ba76fc5d1f9d35c92,第45号議案 概要,予防接種に関する事務を追加する。,supported,be1d6e7a4734f8ff83fe36df5dd6fca1f290d22002d650154f5b8c96adf27c58
shinjuku-2026-r2-gian-45,easy,summary,R45-E-10,やさしい日本語版でも同じ主張を述べている: 要約: 独自に利用する事務と他機関と連携できる事務に予防接種の実施に関する事務を加える,https://www.city.shinjuku.lg.jp/content/000457644.pdf,949768e6d595f373292c24c16ffc136b1227c874e481ee4cb946d5aebc7e3f40,提案理由,個人番号を独自に利用する事務及び特定個人情報を連携して利用する事務に予防接種の実施に関する事務を加える,supported,be1d6e7a4734f8ff83fe36df5dd6fca1f290d22002d650154f5b8c96adf27c58
shinjuku-2026-r2-gian-45,easy,summary,R45-E-11,やさしい日本語版でも同じ主張を述べている: 要約: 予防接種法と新型インフルエンザ等対策特別措置法によるものは除かれる,https://www.city.shinjuku.lg.jp/content/000457644.pdf,949768e6d595f373292c24c16ffc136b1227c874e481ee4cb946d5aebc7e3f40,改め文 別表区長の部⑻,予防接種法（昭和23年法律第68号）及び新型インフルエンザ等対策特別措置法（平成24年法律第31号）によるものを除く。,supported,be1d6e7a4734f8ff83fe36df5dd6fca1f290d22002d650154f5b8c96adf27c58
shinjuku-2026-r2-gian-46,easy,content,R46-E-01,やさしい日本語版でも同じ主張を述べている: 対象条例は新宿区職員の勤務時間、休日、休暇等に関する条例（平成10年新宿区条例第11号）である,https://www.city.shinjuku.lg.jp/content/000457645.pdf,0ce7168bad3705fb21f93ea78a71d75a1ae37584e219a05cb7ce73da80efd62b,改め文,新宿区職員の勤務時間、休日、休暇等に関する条例（平成10年新宿区条例第11号）の一部を次のように改正する。,supported,00be5736f7d9defed786318c003d57cdc557b96b0ebe42ed655f0a1fb6b48cc0
shinjuku-2026-r2-gian-46,easy,content,R46-E-02,やさしい日本語版でも同じ主張を述べている: 早出遅出勤務は育児、介護等の事情がある職員に限り利用を認めている制度であった,https://www.city.shinjuku.lg.jp/content/000456353.pdf,e1be5ac0c08d22dc59916c81fd24bd972ef44b601f8cd65ba76fc5d1f9d35c92,第46号議案 概要,育児、介護等の事情がある職員に限り利用を認めている早出遅出勤務制度を廃止する。,supported,00be5736f7d9defed786318c003d57cdc557b96b0ebe42ed655f0a1fb6b48cc0
shinjuku-2026-r2-gian-46,easy,content,R46-E-03,やさしい日本語版でも同じ主張を述べている: 概要資料は多様な働き方へのニーズの高まり等を踏まえた改正だと説明している,https://www.city.shinjuku.lg.jp/content/000456353.pdf,e1be5ac0c08d22dc59916c81fd24bd972ef44b601f8cd65ba76fc5d1f9d35c92,第46号議案 概要,多様な働き方へのニーズの高まり等を踏まえ、職員の希望に基づき勤務時間を割り振る時差通勤制度を導入するため、育児、介護等の事情がある職員に限り利用を認めている早出遅出勤務制度を廃止する。,supported,00be5736f7d9defed786318c003d57cdc557b96b0ebe42ed655f0a1fb6b48cc0
shinjuku-2026-r2-gian-46,easy,content,R46-E-04,やさしい日本語版でも同じ主張を述べている: 提案理由は時差通勤制度を導入するため早出遅出勤務を廃止する必要があるためである,https://www.city.shinjuku.lg.jp/content/000457645.pdf,0ce7168bad3705fb21f93ea78a71d75a1ae37584e219a05cb7ce73da80efd62b,提案理由,職員の希望に基づき勤務時間を割り振る時差通勤制度を導入するため、早出遅出勤務を廃止する必要があるため,supported,00be5736f7d9defed786318c003d57cdc557b96b0ebe42ed655f0a1fb6b48cc0
shinjuku-2026-r2-gian-46,easy,content,R46-E-05,やさしい日本語版でも同じ主張を述べている: 第9条の2第1項および第2項から「、第9条の6第1項」を削る,https://www.city.shinjuku.lg.jp/content/000457645.pdf,0ce7168bad3705fb21f93ea78a71d75a1ae37584e219a05cb7ce73da80efd62b,改め文,第9条の2第1項及び第2項中「、第9条の6第1項」を削る。,supported,00be5736f7d9defed786318c003d57cdc557b96b0ebe42ed655f0a1fb6b48cc0
shinjuku-2026-r2-gian-46,easy,content,R46-E-06,やさしい日本語版でも同じ主張を述べている: 第9条の6を削る,https://www.city.shinjuku.lg.jp/content/000457645.pdf,0ce7168bad3705fb21f93ea78a71d75a1ae37584e219a05cb7ce73da80efd62b,改め文,第9条の6を削る。,supported,00be5736f7d9defed786318c003d57cdc557b96b0ebe42ed655f0a1fb6b48cc0
shinjuku-2026-r2-gian-46,easy,content,R46-E-07,やさしい日本語版でも同じ主張を述べている: 施行日は令和8年10月1日である,https://www.city.shinjuku.lg.jp/content/000457645.pdf,0ce7168bad3705fb21f93ea78a71d75a1ae37584e219a05cb7ce73da80efd62b,附則,この条例は、令和8年10月1日から施行する。,supported,00be5736f7d9defed786318c003d57cdc557b96b0ebe42ed655f0a1fb6b48cc0
shinjuku-2026-r2-gian-46,easy,content,R46-E-08,やさしい日本語版でも同じ主張を述べている: 令和8年第2回定例会で原案可決された,https://www.city.shinjuku.lg.jp/kusei/soumu01_002090_00016.html,72349f6e321e79ccc3076036e07386763398510bfb6bb2154b4cd3d6a2d85d58,議決結果表 第46号議案,第46号議案 新宿区職員の勤務時間、休日、休暇等に関する条例の一部を改正する条例 原案可決,supported,00be5736f7d9defed786318c003d57cdc557b96b0ebe42ed655f0a1fb6b48cc0
shinjuku-2026-r2-gian-46,easy,content,R46-E-09,やさしい日本語版でも同じ主張を述べている: 時差通勤制度そのものの中身はこの条例改正に含まれていない（改め文は削除のみ）,https://www.city.shinjuku.lg.jp/content/000457645.pdf,0ce7168bad3705fb21f93ea78a71d75a1ae37584e219a05cb7ce73da80efd62b,改め文,第9条の2第1項及び第2項中「、第9条の6第1項」を削る。 第9条の6を削る。,supported,00be5736f7d9defed786318c003d57cdc557b96b0ebe42ed655f0a1fb6b48cc0
shinjuku-2026-r2-gian-46,easy,content,R46-E-10,やさしい日本語版でも同じ主張を述べている: 幼稚園教育職員についても同じ趣旨の改正が第55号議案として提出されている,https://www.city.shinjuku.lg.jp/content/000456353.pdf,e1be5ac0c08d22dc59916c81fd24bd972ef44b601f8cd65ba76fc5d1f9d35c92,第55号議案 概要,多様な働き方へのニーズの高まり等を踏まえ、幼稚園教育職員の希望に基づき勤務時間を割り振る時差通勤制度を導入するため、育児、介護等の事情がある幼稚園教育職員に限り利用を認めている早出遅出勤務制度を廃止する。,supported,00be5736f7d9defed786318c003d57cdc557b96b0ebe42ed655f0a1fb6b48cc0
shinjuku-2026-r2-gian-46,easy,title,R46-E-11,やさしい日本語版でも同じ主張を述べている: 見出し: 区職員の早出遅出勤務を廃止し時差通勤制度へ移行する,https://www.city.shinjuku.lg.jp/content/000457645.pdf,0ce7168bad3705fb21f93ea78a71d75a1ae37584e219a05cb7ce73da80efd62b,提案理由,時差通勤制度を導入するため、早出遅出勤務を廃止する,supported,00be5736f7d9defed786318c003d57cdc557b96b0ebe42ed655f0a1fb6b48cc0
shinjuku-2026-r2-gian-46,easy,summary,R46-E-12,やさしい日本語版でも同じ主張を述べている: 要約: 早出遅出勤務の制度を廃止する条例改正である,https://www.city.shinjuku.lg.jp/content/000457645.pdf,0ce7168bad3705fb21f93ea78a71d75a1ae37584e219a05cb7ce73da80efd62b,改め文,第9条の6を削る。,supported,00be5736f7d9defed786318c003d57cdc557b96b0ebe42ed655f0a1fb6b48cc0
shinjuku-2026-r2-gian-46,easy,summary,R46-E-13,やさしい日本語版でも同じ主張を述べている: 要約: 概要資料は多様な働き方へのニーズの高まり等を踏まえた廃止だと説明している,https://www.city.shinjuku.lg.jp/content/000456353.pdf,e1be5ac0c08d22dc59916c81fd24bd972ef44b601f8cd65ba76fc5d1f9d35c92,第46号議案 概要,多様な働き方へのニーズの高まり等を踏まえ、職員の希望に基づき勤務時間を割り振る時差通勤制度を導入するため,supported,00be5736f7d9defed786318c003d57cdc557b96b0ebe42ed655f0a1fb6b48cc0
shinjuku-2026-r2-gian-46,easy,summary,R46-E-14,やさしい日本語版でも同じ主張を述べている: 要約: 施行日は令和8年10月1日である,https://www.city.shinjuku.lg.jp/content/000457645.pdf,0ce7168bad3705fb21f93ea78a71d75a1ae37584e219a05cb7ce73da80efd62b,附則,この条例は、令和8年10月1日から施行する。,supported,00be5736f7d9defed786318c003d57cdc557b96b0ebe42ed655f0a1fb6b48cc0
shinjuku-2026-r2-gian-47,easy,content,R47-E-01,やさしい日本語版でも同じ主張を述べている: 対象条例は新宿区特別区税条例（昭和39年新宿区条例第57号）である,https://www.city.shinjuku.lg.jp/content/000457646.pdf,f28d95a2242fb9041e8fe0b7556ec649de6e85c6255494beb87d6c0a0bd08988,改め文,新宿区特別区税条例（昭和39年新宿区条例第57号）の一部を次のように改正する。,supported,787c96d3f7b49268bf89cd705e2ae5238b74b470bef4b008d6f75ba0ea5b1a8a
shinjuku-2026-r2-gian-47,easy,content,R47-E-02,やさしい日本語版でも同じ主張を述べている: 概要資料は主な改正内容としてスイッチOTC医薬品等の購入金額を総所得金額等から控除する医療費控除の特例の時限措置を廃止し恒久化することを挙げている,https://www.city.shinjuku.lg.jp/content/000456353.pdf,e1be5ac0c08d22dc59916c81fd24bd972ef44b601f8cd65ba76fc5d1f9d35c92,第47号議案 主な改正内容,スイッチ OTC 医薬品（医療用から転用された一定の市販薬）等の購入金額を総所得金額等から控除する医療費控除の特例の時限措置を廃止し、恒久化する。,supported,787c96d3f7b49268bf89cd705e2ae5238b74b470bef4b008d6f75ba0ea5b1a8a
shinjuku-2026-r2-gian-47,easy,content,R47-E-03,やさしい日本語版でも同じ主張を述べている: 概要資料が示す施行日は令和9年1月1日である,https://www.city.shinjuku.lg.jp/content/000456353.pdf,e1be5ac0c08d22dc59916c81fd24bd972ef44b601f8cd65ba76fc5d1f9d35c92,第47号議案 施行日,令和 9 年 1 月 1 日,supported,787c96d3f7b49268bf89cd705e2ae5238b74b470bef4b008d6f75ba0ea5b1a8a
shinjuku-2026-r2-gian-47,easy,content,R47-E-04,やさしい日本語版でも同じ主張を述べている: 第24条の3第1項が全面的に書き改められる,https://www.city.shinjuku.lg.jp/content/000457646.pdf,f28d95a2242fb9041e8fe0b7556ec649de6e85c6255494beb87d6c0a0bd08988,改め文,第24条の3第1項を次のように改める。,supported,787c96d3f7b49268bf89cd705e2ae5238b74b470bef4b008d6f75ba0ea5b1a8a
shinjuku-2026-r2-gian-47,easy,content,R47-E-05,やさしい日本語版でも同じ主張を述べている: 第2項として申告書の記載事項を定める規定が新たに加わる,https://www.city.shinjuku.lg.jp/content/000457646.pdf,f28d95a2242fb9041e8fe0b7556ec649de6e85c6255494beb87d6c0a0bd08988,改め文,同条第1項の次に次の1項を加える。 ２ 前項の規定による申告書の記載事項は、次に掲げる事項とする。,supported,787c96d3f7b49268bf89cd705e2ae5238b74b470bef4b008d6f75ba0ea5b1a8a
shinjuku-2026-r2-gian-47,easy,content,R47-E-06,やさしい日本語版でも同じ主張を述べている: 申告書を提出しなければならないのは「公的年金等受給者」である,https://www.city.shinjuku.lg.jp/content/000457646.pdf,f28d95a2242fb9041e8fe0b7556ec649de6e85c6255494beb87d6c0a0bd08988,改正後 第24条の3第1項,次に掲げる者（以下この条において「公的年金等受給者」という。）は,supported,787c96d3f7b49268bf89cd705e2ae5238b74b470bef4b008d6f75ba0ea5b1a8a
shinjuku-2026-r2-gian-47,easy,content,R47-E-07,やさしい日本語版でも同じ主張を述べている: 提出期限は毎年最初に公的年金等の支払を受ける日の前日までである,https://www.city.shinjuku.lg.jp/content/000457646.pdf,f28d95a2242fb9041e8fe0b7556ec649de6e85c6255494beb87d6c0a0bd08988,改正後 第24条の3第1項,毎年最初に公的年金等の支払を受ける日の前日までに,supported,787c96d3f7b49268bf89cd705e2ae5238b74b470bef4b008d6f75ba0ea5b1a8a
shinjuku-2026-r2-gian-47,easy,content,R47-E-08,やさしい日本語版でも同じ主張を述べている: 提出先は区長で、公的年金等支払者を経由する,https://www.city.shinjuku.lg.jp/content/000457646.pdf,f28d95a2242fb9041e8fe0b7556ec649de6e85c6255494beb87d6c0a0bd08988,改正後 第24条の3第1項,当該公的年金等支払者を経由して、区長に提出しなければならない。,supported,787c96d3f7b49268bf89cd705e2ae5238b74b470bef4b008d6f75ba0ea5b1a8a
shinjuku-2026-r2-gian-47,easy,content,R47-E-09,やさしい日本語版でも同じ主張を述べている: 記載事項には特別障害者その他の障害者・寡婦・ひとり親に該当する場合のその旨が含まれる,https://www.city.shinjuku.lg.jp/content/000457646.pdf,f28d95a2242fb9041e8fe0b7556ec649de6e85c6255494beb87d6c0a0bd08988,改正後 第24条の3第2項,法第314条の2第1項第6号に規定する特別障害者又はその他の障害者に該当する場合にはその旨及びその該当する事実並びに寡婦又はひとり親に該当する場合にはその旨,supported,787c96d3f7b49268bf89cd705e2ae5238b74b470bef4b008d6f75ba0ea5b1a8a
shinjuku-2026-r2-gian-47,easy,content,R47-E-10,やさしい日本語版でも同じ主張を述べている: 記載事項には特定配偶者の氏名が含まれる,https://www.city.shinjuku.lg.jp/content/000457646.pdf,f28d95a2242fb9041e8fe0b7556ec649de6e85c6255494beb87d6c0a0bd08988,改正後 第24条の3第2項,⑶ 特定配偶者の氏名,supported,787c96d3f7b49268bf89cd705e2ae5238b74b470bef4b008d6f75ba0ea5b1a8a
shinjuku-2026-r2-gian-47,easy,content,R47-E-11,やさしい日本語版でも同じ主張を述べている: 記載事項には扶養親族又は特定親族の氏名が含まれる,https://www.city.shinjuku.lg.jp/content/000457646.pdf,f28d95a2242fb9041e8fe0b7556ec649de6e85c6255494beb87d6c0a0bd08988,改正後 第24条の3第2項,⑷ 扶養親族又は特定親族の氏名,supported,787c96d3f7b49268bf89cd705e2ae5238b74b470bef4b008d6f75ba0ea5b1a8a
shinjuku-2026-r2-gian-47,easy,content,R47-E-12,やさしい日本語版でも同じ主張を述べている: 記載事項にはその他施行規則で定める事項が含まれる,https://www.city.shinjuku.lg.jp/content/000457646.pdf,f28d95a2242fb9041e8fe0b7556ec649de6e85c6255494beb87d6c0a0bd08988,改正後 第24条の3第2項,⑸ その他施行規則で定める事項,supported,787c96d3f7b49268bf89cd705e2ae5238b74b470bef4b008d6f75ba0ea5b1a8a
shinjuku-2026-r2-gian-47,easy,content,R47-E-13,やさしい日本語版でも同じ主張を述べている: 特定配偶者は所得割の納税義務者（合計所得金額が900万円以下である者に限る）と生計を一にする配偶者（合計所得金額が95万円以下である者に限る）とされている,https://www.city.shinjuku.lg.jp/content/000457646.pdf,f28d95a2242fb9041e8fe0b7556ec649de6e85c6255494beb87d6c0a0bd08988,改正後 第24条の3第1項第2号,特定配偶者（所得割の納税義務者（合計所得金額が 900 万円以下である者に限る。）の自己と生計を一にする配偶者（合計所得金額が 95 万円以下である者に限る。）をいう。,supported,787c96d3f7b49268bf89cd705e2ae5238b74b470bef4b008d6f75ba0ea5b1a8a
shinjuku-2026-r2-gian-47,easy,content,R47-E-14,やさしい日本語版でも同じ主張を述べている: 第20条第2項・第23条第1項ただし書・第24条の2・付則第2条の3・付則第3条の4・付則第5条の2でも改正が行われる,https://www.city.shinjuku.lg.jp/content/000457646.pdf,f28d95a2242fb9041e8fe0b7556ec649de6e85c6255494beb87d6c0a0bd08988,改め文,第20条第2項中 … 第23条第1項ただし書中 … 第24条の2第1項第2号中 … 付則第2条の3中 … 付則第3条の4中 … 付則第5条の2中,supported,787c96d3f7b49268bf89cd705e2ae5238b74b470bef4b008d6f75ba0ea5b1a8a
shinjuku-2026-r2-gian-47,easy,content,R47-E-15,やさしい日本語版でも同じ主張を述べている: 概要資料の説明と改め文のどの部分が対応するかは資料に明示されていない,https://www.city.shinjuku.lg.jp/content/000456353.pdf,e1be5ac0c08d22dc59916c81fd24bd972ef44b601f8cd65ba76fc5d1f9d35c92,第47号議案 概要／改め文,（本件は解説本文が「資料には明示されていません」と明示している箇所であり、事実主張ではない）,supported,787c96d3f7b49268bf89cd705e2ae5238b74b470bef4b008d6f75ba0ea5b1a8a
shinjuku-2026-r2-gian-47,easy,content,R47-E-16,やさしい日本語版でも同じ主張を述べている: 令和9年1月1日施行の対象は第23条第1項ただし書・第24条の2・第24条の3・付則第2条の3の改正規定と附則第2条の規定である,https://www.city.shinjuku.lg.jp/content/000457646.pdf,f28d95a2242fb9041e8fe0b7556ec649de6e85c6255494beb87d6c0a0bd08988,附則第1条第1号,第23条第1項ただし書、第24条の2、第24条の3及び付則第2条の3の改正規定並びに次条の規定 令和 9 年 1 月 1 日,supported,787c96d3f7b49268bf89cd705e2ae5238b74b470bef4b008d6f75ba0ea5b1a8a
shinjuku-2026-r2-gian-47,easy,content,R47-E-17,やさしい日本語版でも同じ主張を述べている: 令和8年第2回定例会で原案可決された,https://www.city.shinjuku.lg.jp/kusei/soumu01_002090_00016.html,72349f6e321e79ccc3076036e07386763398510bfb6bb2154b4cd3d6a2d85d58,議決結果表 第47号議案,第47号議案 新宿区特別区税条例の一部を改正する条例 原案可決,supported,787c96d3f7b49268bf89cd705e2ae5238b74b470bef4b008d6f75ba0ea5b1a8a
shinjuku-2026-r2-gian-47,easy,content,R47-E-18,やさしい日本語版でも同じ主張を述べている: 区税収入への影響額・対象となる納税義務者数・控除額の上限は資料に書かれていない,https://www.city.shinjuku.lg.jp/content/000457646.pdf,f28d95a2242fb9041e8fe0b7556ec649de6e85c6255494beb87d6c0a0bd08988,出典に記載がない事項,（本件は解説本文が「議案の資料には書かれていません」と明示している箇所であり、事実主張ではない）,supported,787c96d3f7b49268bf89cd705e2ae5238b74b470bef4b008d6f75ba0ea5b1a8a
shinjuku-2026-r2-gian-47,easy,title,R47-E-19,やさしい日本語版でも同じ主張を述べている: 見出し: 市販薬の医療費控除の特例を恒久化する区税条例の改正である,https://www.city.shinjuku.lg.jp/content/000456353.pdf,e1be5ac0c08d22dc59916c81fd24bd972ef44b601f8cd65ba76fc5d1f9d35c92,第47号議案 主な改正内容,医療費控除の特例の時限措置を廃止し、恒久化する。,supported,787c96d3f7b49268bf89cd705e2ae5238b74b470bef4b008d6f75ba0ea5b1a8a
shinjuku-2026-r2-gian-47,easy,summary,R47-E-20,やさしい日本語版でも同じ主張を述べている: 要約: 地方税法の改正に伴う区税条例の改正である,https://www.city.shinjuku.lg.jp/content/000456353.pdf,e1be5ac0c08d22dc59916c81fd24bd972ef44b601f8cd65ba76fc5d1f9d35c92,第47号議案 概要,地方税法の改正等に伴い、所要の改正を行う。,supported,787c96d3f7b49268bf89cd705e2ae5238b74b470bef4b008d6f75ba0ea5b1a8a
shinjuku-2026-r2-gian-47,easy,summary,R47-E-21,やさしい日本語版でも同じ主張を述べている: 要約: 概要資料はスイッチOTC医薬品等の購入金額を総所得金額等から控除する医療費控除の特例の恒久化を主な改正内容に挙げている,https://www.city.shinjuku.lg.jp/content/000456353.pdf,e1be5ac0c08d22dc59916c81fd24bd972ef44b601f8cd65ba76fc5d1f9d35c92,第47号議案 主な改正内容,スイッチ OTC 医薬品（医療用から転用された一定の市販薬）等の購入金額を総所得金額等から控除する医療費控除の特例の時限措置を廃止し、恒久化する。,supported,787c96d3f7b49268bf89cd705e2ae5238b74b470bef4b008d6f75ba0ea5b1a8a
shinjuku-2026-r2-gian-47,easy,summary,R47-E-22,やさしい日本語版でも同じ主張を述べている: 要約: 議案本文では公的年金等を受ける者が出す申告書の規定も改められる,https://www.city.shinjuku.lg.jp/content/000457646.pdf,f28d95a2242fb9041e8fe0b7556ec649de6e85c6255494beb87d6c0a0bd08988,改め文,第24条の3第1項を次のように改める。,supported,787c96d3f7b49268bf89cd705e2ae5238b74b470bef4b008d6f75ba0ea5b1a8a
shinjuku-2026-r2-gian-48,easy,content,R48-E-01,やさしい日本語版でも同じ主張を述べている: 提案理由は非常勤消防団員等に係る損害補償の基準を定める政令の一部を改正する政令（令和8年政令第10号）の施行等に伴うものである,https://www.city.shinjuku.lg.jp/content/000457647.pdf,617833890ad1f5cdfb12c73ab8362ab268437d731729681223d1383f9bcd88f2,提案理由,非常勤消防団員等に係る損害補償の基準を定める政令の一部を改正する政令（令和8年政令第10号）の施行等に伴い,supported,dacb8442e1bbed12214def976ff4a62a7de76d33fc482b806d3b8b67d77f7147
shinjuku-2026-r2-gian-48,easy,content,R48-E-02,やさしい日本語版でも同じ主張を述べている: 改定対象は補償基礎額・扶養親族がある場合の加算額・葬祭補償の額である,https://www.city.shinjuku.lg.jp/content/000457647.pdf,617833890ad1f5cdfb12c73ab8362ab268437d731729681223d1383f9bcd88f2,提案理由,補償基礎額及び応急措置の業務等に従事した者に扶養親族がある場合における補償基礎額の加算額並びに葬祭補償の額を改定する必要があるため,supported,dacb8442e1bbed12214def976ff4a62a7de76d33fc482b806d3b8b67d77f7147
shinjuku-2026-r2-gian-48,easy,content,R48-E-03,"やさしい日本語版でも同じ主張を述べている: 補償基礎額は9,700円から10,000円になる",https://www.city.shinjuku.lg.jp/content/000456353.pdf,e1be5ac0c08d22dc59916c81fd24bd972ef44b601f8cd65ba76fc5d1f9d35c92,第48号議案 改定表,"補償基礎額 9,700 円 10,000 円",supported,dacb8442e1bbed12214def976ff4a62a7de76d33fc482b806d3b8b67d77f7147
shinjuku-2026-r2-gian-48,easy,content,R48-E-04,"やさしい日本語版でも同じ主張を述べている: 補償基礎額の増額上限額は14,500円から15,000円になる",https://www.city.shinjuku.lg.jp/content/000456353.pdf,e1be5ac0c08d22dc59916c81fd24bd972ef44b601f8cd65ba76fc5d1f9d35c92,第48号議案 改定表,"補償基礎額の 増額上限額※ 14,500 円 15,000 円",supported,dacb8442e1bbed12214def976ff4a62a7de76d33fc482b806d3b8b67d77f7147
shinjuku-2026-r2-gian-48,easy,content,R48-E-05,やさしい日本語版でも同じ主張を述べている: 扶養加算額（配偶者）は100円からなしになる,https://www.city.shinjuku.lg.jp/content/000456353.pdf,e1be5ac0c08d22dc59916c81fd24bd972ef44b601f8cd65ba76fc5d1f9d35c92,第48号議案 改定表,扶養加算額 （配偶者） 100 円 なし,supported,dacb8442e1bbed12214def976ff4a62a7de76d33fc482b806d3b8b67d77f7147
shinjuku-2026-r2-gian-48,easy,content,R48-E-06,やさしい日本語版でも同じ主張を述べている: 扶養加算額（子）は383円から433円になる,https://www.city.shinjuku.lg.jp/content/000456353.pdf,e1be5ac0c08d22dc59916c81fd24bd972ef44b601f8cd65ba76fc5d1f9d35c92,第48号議案 改定表,扶養加算額 （子） 383 円 433 円,supported,dacb8442e1bbed12214def976ff4a62a7de76d33fc482b806d3b8b67d77f7147
shinjuku-2026-r2-gian-48,easy,content,R48-E-07,"やさしい日本語版でも同じ主張を述べている: 葬祭補償は31万5,000円＋補償基礎額×30から33万円＋補償基礎額×30になる",https://www.city.shinjuku.lg.jp/content/000456353.pdf,e1be5ac0c08d22dc59916c81fd24bd972ef44b601f8cd65ba76fc5d1f9d35c92,第48号議案 改定表,"葬祭補償 31 万 5,000 円 ＋補償基礎額×30 33 万円 ＋補償基礎額×30",supported,dacb8442e1bbed12214def976ff4a62a7de76d33fc482b806d3b8b67d77f7147
shinjuku-2026-r2-gian-48,easy,content,R48-E-08,やさしい日本語版でも同じ主張を述べている: 増額上限額には通常得ている収入の日額に比して公正を欠くと認められるときの注記が付されている,https://www.city.shinjuku.lg.jp/content/000456353.pdf,e1be5ac0c08d22dc59916c81fd24bd972ef44b601f8cd65ba76fc5d1f9d35c92,第48号議案 改定表 注記,その者の通常得ている収入の日額に比して公正を欠くと認められるときは、この額を超えない範囲内において補償基礎額を増額することができる。,supported,dacb8442e1bbed12214def976ff4a62a7de76d33fc482b806d3b8b67d77f7147
shinjuku-2026-r2-gian-48,easy,content,R48-E-09,やさしい日本語版でも同じ主張を述べている: 施行日は令和8年7月1日である,https://www.city.shinjuku.lg.jp/content/000457647.pdf,617833890ad1f5cdfb12c73ab8362ab268437d731729681223d1383f9bcd88f2,附則第1項,この条例は、令和8年7月1日から施行する。,supported,dacb8442e1bbed12214def976ff4a62a7de76d33fc482b806d3b8b67d77f7147
shinjuku-2026-r2-gian-48,easy,content,R48-E-10,やさしい日本語版でも同じ主張を述べている: 適用日は令和8年6月1日である,https://www.city.shinjuku.lg.jp/content/000457647.pdf,617833890ad1f5cdfb12c73ab8362ab268437d731729681223d1383f9bcd88f2,附則第2項,令和8年6月1日（以下「適用日」という。）,supported,dacb8442e1bbed12214def976ff4a62a7de76d33fc482b806d3b8b67d77f7147
shinjuku-2026-r2-gian-48,easy,content,R48-E-11,やさしい日本語版でも同じ主張を述べている: 適用日から施行日の前日までの間に従前の額で支払われた金額は改正後の規定に基づく補償の内払とみなされる,https://www.city.shinjuku.lg.jp/content/000457647.pdf,617833890ad1f5cdfb12c73ab8362ab268437d731729681223d1383f9bcd88f2,附則第3項,として支払われた金額は、これらに相当する改正後の条例の規定に基づく損害補償の内払とみなす。,supported,dacb8442e1bbed12214def976ff4a62a7de76d33fc482b806d3b8b67d77f7147
shinjuku-2026-r2-gian-48,easy,content,R48-E-12,やさしい日本語版でも同じ主張を述べている: 適用日前に支給すべき事由が生じた補償については原則としてなお従前の例による,https://www.city.shinjuku.lg.jp/content/000457647.pdf,617833890ad1f5cdfb12c73ab8362ab268437d731729681223d1383f9bcd88f2,附則第2項,適用日前に支給すべき事由の生じた損害補償（傷病補償年金等を除く。）及び適用日前に支給すべき事由の生じた適用日前の期間に係る傷病補償年金等については、なお従前の例による。,supported,dacb8442e1bbed12214def976ff4a62a7de76d33fc482b806d3b8b67d77f7147
shinjuku-2026-r2-gian-48,easy,content,R48-E-13,やさしい日本語版でも同じ主張を述べている: 令和8年第2回定例会で原案可決された,https://www.city.shinjuku.lg.jp/kusei/soumu01_002090_00016.html,72349f6e321e79ccc3076036e07386763398510bfb6bb2154b4cd3d6a2d85d58,議決結果表 第48号議案,第48号議案 災害に際し応急措置の業務等に従事した者の損害補償に関する条例の一部を改正する条例 原案可決,supported,dacb8442e1bbed12214def976ff4a62a7de76d33fc482b806d3b8b67d77f7147
shinjuku-2026-r2-gian-48,easy,title,R48-E-14,やさしい日本語版でも同じ主張を述べている: 見出し: 災害時に応急措置に従事した人への補償額を引き上げる,https://www.city.shinjuku.lg.jp/content/000456353.pdf,e1be5ac0c08d22dc59916c81fd24bd972ef44b601f8cd65ba76fc5d1f9d35c92,第48号議案 改定表,"補償基礎額 9,700 円 10,000 円",supported,dacb8442e1bbed12214def976ff4a62a7de76d33fc482b806d3b8b67d77f7147
shinjuku-2026-r2-gian-48,easy,summary,R48-E-15,"やさしい日本語版でも同じ主張を述べている: 要約: 葬祭補償を31万5,000円から33万円に引き上げる",https://www.city.shinjuku.lg.jp/content/000457647.pdf,617833890ad1f5cdfb12c73ab8362ab268437d731729681223d1383f9bcd88f2,改め文,"第18条中「31万5,000円」を「33万円」に改める。",supported,dacb8442e1bbed12214def976ff4a62a7de76d33fc482b806d3b8b67d77f7147
shinjuku-2026-r2-gian-48,easy,summary,R48-E-16,やさしい日本語版でも同じ主張を述べている: 要約: 扶養親族の加算額も見直される,https://www.city.shinjuku.lg.jp/content/000456353.pdf,e1be5ac0c08d22dc59916c81fd24bd972ef44b601f8cd65ba76fc5d1f9d35c92,第48号議案 改定表,扶養加算額 （配偶者） 100 円 なし,supported,dacb8442e1bbed12214def976ff4a62a7de76d33fc482b806d3b8b67d77f7147
shinjuku-2026-r2-gian-48,easy,summary,R48-E-17,やさしい日本語版でも同じ主張を述べている: 要約: 施行は令和8年7月1日、適用は令和8年6月1日からである,https://www.city.shinjuku.lg.jp/content/000457647.pdf,617833890ad1f5cdfb12c73ab8362ab268437d731729681223d1383f9bcd88f2,附則第1項・第2項,この条例は、令和8年7月1日から施行する。…令和8年6月1日（以下「適用日」という。）,supported,dacb8442e1bbed12214def976ff4a62a7de76d33fc482b806d3b8b67d77f7147
shinjuku-2026-r2-gian-49,easy,content,R49-E-01,やさしい日本語版でも同じ主張を述べている: 個人番号カードと在留カード等が一体化した2つの書類が創設される,https://www.city.shinjuku.lg.jp/content/000456353.pdf,e1be5ac0c08d22dc59916c81fd24bd972ef44b601f8cd65ba76fc5d1f9d35c92,p.3 第49号議案,出入国管理及び難民認定法の改正等により、個人番号カードと在留カード等が一体化した次に掲げる書類が創設されることを踏まえ,supported,7ce440ea1b946402370882c986da615d2d52bf003064b32a9d39b6cd8e063c14
shinjuku-2026-r2-gian-49,easy,content,R49-E-02,やさしい日本語版でも同じ主張を述べている: 証明書等のコンビニ交付を受けるときに使える書類として2つを追加する,https://www.city.shinjuku.lg.jp/content/000456353.pdf,e1be5ac0c08d22dc59916c81fd24bd972ef44b601f8cd65ba76fc5d1f9d35c92,p.3 第49号議案,これらの書類を証明書等のコンビニ交付に係る必要書類に追加する,supported,7ce440ea1b946402370882c986da615d2d52bf003064b32a9d39b6cd8e063c14
shinjuku-2026-r2-gian-49,easy,content,R49-E-03,やさしい日本語版でも同じ主張を述べている: 新宿区印鑑条例は昭和50年新宿区条例第17号で、改正箇所は第19条,https://www.city.shinjuku.lg.jp/content/000457648.pdf,dbe8f3ae4be3eae10ffbd61accee1bc3e465e76d1c031d804a871a0a76ab6fe1,第1条,新宿区印鑑条例（昭和 50 年新宿区条例第 17 号）の一部を次のように改正する。第 19 条中,supported,7ce440ea1b946402370882c986da615d2d52bf003064b32a9d39b6cd8e063c14
shinjuku-2026-r2-gian-49,easy,content,R49-E-04,やさしい日本語版でも同じ主張を述べている: 新宿区一般事務手数料条例は平成12年新宿区条例第5号で、改正箇所は別表備考,https://www.city.shinjuku.lg.jp/content/000457648.pdf,dbe8f3ae4be3eae10ffbd61accee1bc3e465e76d1c031d804a871a0a76ab6fe1,第2条,新宿区一般事務手数料条例（平成 12 年新宿区条例第 5 号）の一部を次のように改正する。別表備考中,supported,7ce440ea1b946402370882c986da615d2d52bf003064b32a9d39b6cd8e063c14
shinjuku-2026-r2-gian-49,easy,content,R49-E-05,やさしい日本語版でも同じ主張を述べている: 新宿区住民基本台帳制度の適正な運用に関する条例は平成14年新宿区条例第48号で、改正箇所は第11条の2,https://www.city.shinjuku.lg.jp/content/000457648.pdf,dbe8f3ae4be3eae10ffbd61accee1bc3e465e76d1c031d804a871a0a76ab6fe1,第3条,新宿区住民基本台帳制度の適正な運用に関する条例（平成 14 年新宿区条例第 48 号）の一部を次のように改正する。第 11 条の 2 中,supported,7ce440ea1b946402370882c986da615d2d52bf003064b32a9d39b6cd8e063c14
shinjuku-2026-r2-gian-49,easy,content,R49-E-06,やさしい日本語版でも同じ主張を述べている: 施行日は公布の日,https://www.city.shinjuku.lg.jp/content/000457648.pdf,dbe8f3ae4be3eae10ffbd61accee1bc3e465e76d1c031d804a871a0a76ab6fe1,附則,この条例は、公布の日から施行する,supported,7ce440ea1b946402370882c986da615d2d52bf003064b32a9d39b6cd8e063c14
shinjuku-2026-r2-gian-49,easy,content,R49-E-07,"やさしい日本語版でも同じ主張を述べている: 新宿区の外国人住民は令和8年8月1日現在で51,870人",https://www.city.shinjuku.lg.jp/content/000462485.pdf,95935e780c3b7857eed990a87dc41762e4df3ff4455d7409bd69f29aff2c038f,合計行,"令和8年8月1日現在／合計 26,542 25,328 51,870",supported,7ce440ea1b946402370882c986da615d2d52bf003064b32a9d39b6cd8e063c14
shinjuku-2026-r2-gian-49,easy,content,R49-E-08,やさしい日本語版でも同じ主張を述べている: 国籍・地域の数は130を超える,https://www.city.shinjuku.lg.jp/content/000462485.pdf,95935e780c3b7857eed990a87dc41762e4df3ff4455d7409bd69f29aff2c038f,国籍・地域一覧,NO 1〜134（うち64は無国籍）,supported,7ce440ea1b946402370882c986da615d2d52bf003064b32a9d39b6cd8e063c14
shinjuku-2026-r2-gian-49,easy,content,R49-E-09,やさしい日本語版でも同じ主張を述べている: 令和8年第2回定例会で原案可決された,https://www.city.shinjuku.lg.jp/kusei/soumu01_002090_00016.html,72349f6e321e79ccc3076036e07386763398510bfb6bb2154b4cd3d6a2d85d58,議決結果ページ,第49号議案 新宿区印鑑条例等の一部を改正する条例 原案可決,supported,7ce440ea1b946402370882c986da615d2d52bf003064b32a9d39b6cd8e063c14
shinjuku-2026-r2-gian-49,easy,title,R49-E-10,表題「特定在留カードでも コンビニで 証明書を とれます」は、コンビニ交付の必要書類の追加を指す編集上の見出し,https://www.city.shinjuku.lg.jp/content/000456353.pdf,e1be5ac0c08d22dc59916c81fd24bd972ef44b601f8cd65ba76fc5d1f9d35c92,p.3 第49号議案,出入国管理及び難民認定法の改正等により、個人番号カードと在留カード等が一体化した次に掲げる書類が創設されることを踏まえ,supported,7ce440ea1b946402370882c986da615d2d52bf003064b32a9d39b6cd8e063c14
shinjuku-2026-r2-gian-49,easy,summary,R49-E-11,要約の主張（カードの一体化・使える書類への追加・改正する条例が3つ）はいずれも本文の主張と同一,https://www.city.shinjuku.lg.jp/content/000456353.pdf,e1be5ac0c08d22dc59916c81fd24bd972ef44b601f8cd65ba76fc5d1f9d35c92,p.3 第49号議案,出入国管理及び難民認定法の改正等により、個人番号カードと在留カード等が一体化した次に掲げる書類が創設されることを踏まえ,supported,7ce440ea1b946402370882c986da615d2d52bf003064b32a9d39b6cd8e063c14
shinjuku-2026-r2-gian-50,easy,content,R50-E-01,やさしい日本語版でも同じ主張を述べている: 対象条例は新宿区家庭的保育事業等の設備及び運営に関する基準を定める条例（平成26年新宿区条例第28号）である,https://www.city.shinjuku.lg.jp/content/000457649.pdf,40b086a734b3b03dd864a14e09904f4e42ea4c7d1353dfce6eae06a45f931b32,改め文,新宿区家庭的保育事業等の設備及び運営に関する基準を定める条例（平成26年新宿区条例第28号）の一部を次のように改正する。,supported,70effc91411a7e5175b5f213f302c0bd59db393fa810e11c130ba697d1ac3a80
shinjuku-2026-r2-gian-50,easy,content,R50-E-02,やさしい日本語版でも同じ主張を述べている: 児童福祉法第6条の3第10項第3号に掲げる事業を条例では「満3歳以上限定小規模保育事業」と呼ぶ,https://www.city.shinjuku.lg.jp/content/000457649.pdf,40b086a734b3b03dd864a14e09904f4e42ea4c7d1353dfce6eae06a45f931b32,改め文 第7条第1項,法第6条の3第10項第3号に掲げる事業（以下「満3歳以上限定小規模保育事業」という。）,supported,70effc91411a7e5175b5f213f302c0bd59db393fa810e11c130ba697d1ac3a80
shinjuku-2026-r2-gian-50,easy,content,R50-E-03,やさしい日本語版でも同じ主張を述べている: 概要資料は内閣府令の改正に伴い満3歳以上限定小規模保育事業に関する基準を新たに定めると説明している,https://www.city.shinjuku.lg.jp/content/000456353.pdf,e1be5ac0c08d22dc59916c81fd24bd972ef44b601f8cd65ba76fc5d1f9d35c92,第50号議案 概要,家庭的保育事業等の設備及び運営に関する基準を定めている内閣府令の改正に伴い、満 3 歳以上限定小規模保育事業に関する基準を新たに定める。,supported,70effc91411a7e5175b5f213f302c0bd59db393fa810e11c130ba697d1ac3a80
shinjuku-2026-r2-gian-50,easy,content,R50-E-04,やさしい日本語版でも同じ主張を述べている: 第3条では満3歳以上の保育を必要とする児童について保育を行う場合が加えられる,https://www.city.shinjuku.lg.jp/content/000457649.pdf,40b086a734b3b03dd864a14e09904f4e42ea4c7d1353dfce6eae06a45f931b32,改め文 第3条,又は同条第10項第3号の規定により保育を必要とする児童であって満3歳以上のものについて保育を行う場合,supported,70effc91411a7e5175b5f213f302c0bd59db393fa810e11c130ba697d1ac3a80
shinjuku-2026-r2-gian-50,easy,content,R50-E-05,やさしい日本語版でも同じ主張を述べている: 第28条では小規模保育事業B型・C型から満3歳以上限定小規模保育事業が除かれる,https://www.city.shinjuku.lg.jp/content/000457649.pdf,40b086a734b3b03dd864a14e09904f4e42ea4c7d1353dfce6eae06a45f931b32,改め文 第28条,第28条中「小規模保育事業B型」及び「小規模保育事業C型」の次に「（満3歳以上限定小規模保育事業を除く。）」を加える。,supported,70effc91411a7e5175b5f213f302c0bd59db393fa810e11c130ba697d1ac3a80
shinjuku-2026-r2-gian-50,easy,content,R50-E-06,やさしい日本語版でも同じ主張を述べている: 第35条では「第6条の3第10項」が「第6条の3第10項第1号」に改められる,https://www.city.shinjuku.lg.jp/content/000457649.pdf,40b086a734b3b03dd864a14e09904f4e42ea4c7d1353dfce6eae06a45f931b32,改め文 第35条,第35条中「第6条の3第10項」を「第6条の3第10項第1号」に改める。,supported,70effc91411a7e5175b5f213f302c0bd59db393fa810e11c130ba697d1ac3a80
shinjuku-2026-r2-gian-50,easy,content,R50-E-07,やさしい日本語版でも同じ主張を述べている: 附則第4項では満3歳以上限定小規模保育事業者を除く整理が行われる,https://www.city.shinjuku.lg.jp/content/000457649.pdf,40b086a734b3b03dd864a14e09904f4e42ea4c7d1353dfce6eae06a45f931b32,改め文 附則第4項,附則第4項中「家庭的保育事業者等（」の次に「満3歳以上限定小規模保育事業者及び」を加える。,supported,70effc91411a7e5175b5f213f302c0bd59db393fa810e11c130ba697d1ac3a80
shinjuku-2026-r2-gian-50,easy,content,R50-E-18,やさしい日本語版でも同じ主張を述べている: 国の基準は家庭的保育事業等の設備及び運営に関する基準（平成26年厚生労働省令第61号）である,https://www.city.shinjuku.lg.jp/content/000457649.pdf,40b086a734b3b03dd864a14e09904f4e42ea4c7d1353dfce6eae06a45f931b32,提案理由,家庭的保育事業等の設備及び運営に関する基準（平成26年厚生労働省令第61号）,supported,70effc91411a7e5175b5f213f302c0bd59db393fa810e11c130ba697d1ac3a80
shinjuku-2026-r2-gian-50,easy,content,R50-E-19,やさしい日本語版でも同じ主張を述べている: 第7条では満3歳以上限定小規模保育事業者が定める事項が第1号及び第2号に限られる,https://www.city.shinjuku.lg.jp/content/000457649.pdf,40b086a734b3b03dd864a14e09904f4e42ea4c7d1353dfce6eae06a45f931b32,改め文 第7条第1項,にあっては、第1号及び第2号に掲げる事項）,supported,70effc91411a7e5175b5f213f302c0bd59db393fa810e11c130ba697d1ac3a80
shinjuku-2026-r2-gian-50,easy,content,R50-E-20,やさしい日本語版でも同じ主張を述べている: 第30条第2項第3号では児童福祉法第6条の3第10項第2号の次に第3号が加えられる,https://www.city.shinjuku.lg.jp/content/000457649.pdf,40b086a734b3b03dd864a14e09904f4e42ea4c7d1353dfce6eae06a45f931b32,改め文 第30条,第30条第2項第3号中「第6条の3第10項第2号」の次に「又は第3号」を加える。,supported,70effc91411a7e5175b5f213f302c0bd59db393fa810e11c130ba697d1ac3a80
shinjuku-2026-r2-gian-50,easy,content,R50-E-08,やさしい日本語版でも同じ主張を述べている: 原則として公布の日の翌日から施行される,https://www.city.shinjuku.lg.jp/content/000457649.pdf,40b086a734b3b03dd864a14e09904f4e42ea4c7d1353dfce6eae06a45f931b32,附則第1項,この条例は、公布の日の翌日から施行する。,supported,70effc91411a7e5175b5f213f302c0bd59db393fa810e11c130ba697d1ac3a80
shinjuku-2026-r2-gian-50,easy,content,R50-E-09,やさしい日本語版でも同じ主張を述べている: 附則第2項の規定は公布の日から施行される,https://www.city.shinjuku.lg.jp/content/000457649.pdf,40b086a734b3b03dd864a14e09904f4e42ea4c7d1353dfce6eae06a45f931b32,附則第1項,ただし、次項の規定は、公布の日から施行する。,supported,70effc91411a7e5175b5f213f302c0bd59db393fa810e11c130ba697d1ac3a80
shinjuku-2026-r2-gian-50,easy,content,R50-E-10,やさしい日本語版でも同じ主張を述べている: 附則第2項は児童福祉法等の一部を改正する法律（令和7年法律第29号）附則第3条第4項の条例で定める日をこの条例の公布の日とすることを定める,https://www.city.shinjuku.lg.jp/content/000457649.pdf,40b086a734b3b03dd864a14e09904f4e42ea4c7d1353dfce6eae06a45f931b32,附則第2項,児童福祉法等の一部を改正する法律（令和7年法律第29号）附則第3条第4項の条例で定める日は、この条例の公布の日とする。,supported,70effc91411a7e5175b5f213f302c0bd59db393fa810e11c130ba697d1ac3a80
shinjuku-2026-r2-gian-50,easy,content,R50-E-11,やさしい日本語版でも同じ主張を述べている: 令和8年第2回定例会で原案可決された,https://www.city.shinjuku.lg.jp/kusei/soumu01_002090_00016.html,72349f6e321e79ccc3076036e07386763398510bfb6bb2154b4cd3d6a2d85d58,議決結果表 第50号議案,第50号議案 新宿区家庭的保育事業等の設備及び運営に関する基準を定める条例の一部を改正する条例 原案可決,supported,70effc91411a7e5175b5f213f302c0bd59db393fa810e11c130ba697d1ac3a80
shinjuku-2026-r2-gian-50,easy,content,R50-E-12,やさしい日本語版でも同じ主張を述べている: 第51号議案も満3歳以上限定小規模保育事業に関する基準を新たに定めるものとして同時に提出されている,https://www.city.shinjuku.lg.jp/content/000456353.pdf,e1be5ac0c08d22dc59916c81fd24bd972ef44b601f8cd65ba76fc5d1f9d35c92,第51号議案 概要,特定教育・保育施設及び特定地域型保育事業の運営に関する基準を定めている内閣府令の改正に伴い、満 3 歳以上限定小規模保育事業に関する基準を新たに定める。,supported,70effc91411a7e5175b5f213f302c0bd59db393fa810e11c130ba697d1ac3a80
shinjuku-2026-r2-gian-50,easy,content,R50-E-13,やさしい日本語版でも同じ主張を述べている: 施設数・定員・保育士配置基準の数値・区内での実施見込みは資料に書かれていない,https://www.city.shinjuku.lg.jp/content/000457649.pdf,40b086a734b3b03dd864a14e09904f4e42ea4c7d1353dfce6eae06a45f931b32,出典に記載がない事項,（本件は解説本文が「議案の資料には書かれていません」と明示している箇所であり、事実主張ではない）,supported,70effc91411a7e5175b5f213f302c0bd59db393fa810e11c130ba697d1ac3a80
shinjuku-2026-r2-gian-50,easy,title,R50-E-14,やさしい日本語版でも同じ主張を述べている: 見出し: 満3歳以上限定小規模保育事業の基準を新たに定める,https://www.city.shinjuku.lg.jp/content/000456353.pdf,e1be5ac0c08d22dc59916c81fd24bd972ef44b601f8cd65ba76fc5d1f9d35c92,第50号議案 概要,満 3 歳以上限定小規模保育事業に関する基準を新たに定める。,supported,70effc91411a7e5175b5f213f302c0bd59db393fa810e11c130ba697d1ac3a80
shinjuku-2026-r2-gian-50,easy,summary,R50-E-15,やさしい日本語版でも同じ主張を述べている: 要約: 国の内閣府令の改正に伴う改正である,https://www.city.shinjuku.lg.jp/content/000456353.pdf,e1be5ac0c08d22dc59916c81fd24bd972ef44b601f8cd65ba76fc5d1f9d35c92,第50号議案 概要,家庭的保育事業等の設備及び運営に関する基準を定めている内閣府令の改正に伴い,supported,70effc91411a7e5175b5f213f302c0bd59db393fa810e11c130ba697d1ac3a80
shinjuku-2026-r2-gian-50,easy,summary,R50-E-16,やさしい日本語版でも同じ主張を述べている: 要約: 満3歳以上の子どもだけを対象とする小規模保育事業について基準を定める,https://www.city.shinjuku.lg.jp/content/000457649.pdf,40b086a734b3b03dd864a14e09904f4e42ea4c7d1353dfce6eae06a45f931b32,改め文 第7条第1項,法第6条の3第10項第3号に掲げる事業（以下「満3歳以上限定小規模保育事業」という。）,supported,70effc91411a7e5175b5f213f302c0bd59db393fa810e11c130ba697d1ac3a80
shinjuku-2026-r2-gian-50,easy,summary,R50-E-17,やさしい日本語版でも同じ主張を述べている: 要約: 施行日は公布の日の翌日である,https://www.city.shinjuku.lg.jp/content/000457649.pdf,40b086a734b3b03dd864a14e09904f4e42ea4c7d1353dfce6eae06a45f931b32,附則第1項,この条例は、公布の日の翌日から施行する。,supported,70effc91411a7e5175b5f213f302c0bd59db393fa810e11c130ba697d1ac3a80
shinjuku-2026-r2-gian-51,easy,content,R51-E-01,やさしい日本語版でも同じ主張を述べている: 本条例は確認した保育施設・保育事業の運営基準を定めるものである,https://www.city.shinjuku.lg.jp/content/000456353.pdf,e1be5ac0c08d22dc59916c81fd24bd972ef44b601f8cd65ba76fc5d1f9d35c92,p.3 第51号議案,特定教育・保育施設及び特定地域型保育事業の運営に関する基準を定めている内閣府令の改正に伴い,supported,9036dc7972bb7a1fd54bf8a521a7459d6949a36f6722a472e9e4a0f0eb36a40b
shinjuku-2026-r2-gian-51,easy,content,R51-E-02,やさしい日本語版でも同じ主張を述べている: 設備や職員数といった認可の基準は第50号議案（新宿区家庭的保育事業等の設備及び運営に関する基準を定める条例）が扱う,https://www.city.shinjuku.lg.jp/content/000456353.pdf,e1be5ac0c08d22dc59916c81fd24bd972ef44b601f8cd65ba76fc5d1f9d35c92,p.3 第50号議案,家庭的保育事業等の設備及び運営に関する基準を定めている内閣府令の改正に伴い、満 3 歳以上限定小規模保育事業に関する基準を新たに定める,supported,9036dc7972bb7a1fd54bf8a521a7459d6949a36f6722a472e9e4a0f0eb36a40b
shinjuku-2026-r2-gian-51,easy,content,R51-E-03,やさしい日本語版でも同じ主張を述べている: 国の内閣府令改正で満3歳以上限定小規模保育事業が設けられた,https://www.city.shinjuku.lg.jp/content/000456353.pdf,e1be5ac0c08d22dc59916c81fd24bd972ef44b601f8cd65ba76fc5d1f9d35c92,p.3 第51号議案,内閣府令の改正に伴い、満 3 歳以上限定小規模保育事業に関する基準を新たに定める,supported,9036dc7972bb7a1fd54bf8a521a7459d6949a36f6722a472e9e4a0f0eb36a40b
shinjuku-2026-r2-gian-51,easy,content,R51-E-04,やさしい日本語版でも同じ主張を述べている: 第2条に満3歳未満等小規模保育事業と満3歳以上限定小規模保育事業の定義を加える,https://www.city.shinjuku.lg.jp/content/000457650.pdf,8ad70c4705084865668f50dc7c0e1ba727dc645f70308d20bebc607473b6a3ed,第2条第2項,⑶の 2 満 3 歳未満等小規模保育事業／⑶の 3 満 3 歳以上限定小規模保育事業,supported,9036dc7972bb7a1fd54bf8a521a7459d6949a36f6722a472e9e4a0f0eb36a40b
shinjuku-2026-r2-gian-51,easy,content,R51-E-05,やさしい日本語版でも同じ主張を述べている: 教育認定子ども・満3歳以上保育認定子ども・保育認定子どもという呼び方を条例内に置く,https://www.city.shinjuku.lg.jp/content/000457650.pdf,8ad70c4705084865668f50dc7c0e1ba727dc645f70308d20bebc607473b6a3ed,第2条第2項,⑹の 2 教育認定子ども／⑹の 3 満 3 歳以上保育認定子ども／⑹の 4 保育認定子ども,supported,9036dc7972bb7a1fd54bf8a521a7459d6949a36f6722a472e9e4a0f0eb36a40b
shinjuku-2026-r2-gian-51,easy,content,R51-E-06,やさしい日本語版でも同じ主張を述べている: 満3歳以上限定小規模保育事業者は事業所ごとに法第19条第2号の小学校就学前子どもに係る利用定員を定める,https://www.city.shinjuku.lg.jp/content/000457650.pdf,8ad70c4705084865668f50dc7c0e1ba727dc645f70308d20bebc607473b6a3ed,第37条第3項（新設）,満 3 歳以上限定小規模保育事業を行う事業所ごとに、法第 19 条第 2 号に掲げる小学校就学前子どもに係る利用定員を定めるものとする,supported,9036dc7972bb7a1fd54bf8a521a7459d6949a36f6722a472e9e4a0f0eb36a40b
shinjuku-2026-r2-gian-51,easy,content,R51-E-07,やさしい日本語版でも同じ主張を述べている: 申込みと在籍者の合計が利用定員を超える場合は保育の必要性が高い子どもが優先して利用できるよう選考する,https://www.city.shinjuku.lg.jp/content/000457650.pdf,8ad70c4705084865668f50dc7c0e1ba727dc645f70308d20bebc607473b6a3ed,第39条第3項（新設）,保育の必要の程度及び家族等の状況を勘案し、保育を受ける必要性が高いと認められる満 3 歳以上保育認定子どもが優先的に利用できるよう、選考するものとする,supported,9036dc7972bb7a1fd54bf8a521a7459d6949a36f6722a472e9e4a0f0eb36a40b
shinjuku-2026-r2-gian-51,easy,content,R51-E-08,やさしい日本語版でも同じ主張を述べている: 満3歳以上限定小規模保育事業者は卒園後の受け入れに関する連携協力（第42条第1項第3号）を求めなくてよい,https://www.city.shinjuku.lg.jp/content/000457650.pdf,8ad70c4705084865668f50dc7c0e1ba727dc645f70308d20bebc607473b6a3ed,第42条第8項（新設）,連携施設の確保に当たって、同項第 3 号に係る連携協力を求めることを要しない,supported,9036dc7972bb7a1fd54bf8a521a7459d6949a36f6722a472e9e4a0f0eb36a40b
shinjuku-2026-r2-gian-51,easy,content,R51-E-09,やさしい日本語版でも同じ主張を述べている: 特別利用地域型保育の提供時は児童福祉法第46条第1項の認可基準を守る,https://www.city.shinjuku.lg.jp/content/000457650.pdf,8ad70c4705084865668f50dc7c0e1ba727dc645f70308d20bebc607473b6a3ed,第51条の2第1項（新設）,法第 46 条第 1 項に規定する地域型保育事業の認可基準を遵守しなければならない,supported,9036dc7972bb7a1fd54bf8a521a7459d6949a36f6722a472e9e4a0f0eb36a40b
shinjuku-2026-r2-gian-51,easy,content,R51-E-10,やさしい日本語版でも同じ主張を述べている: 教育認定子どもと在籍中の子どもの合計が利用定員を超えないものとする,https://www.city.shinjuku.lg.jp/content/000457650.pdf,8ad70c4705084865668f50dc7c0e1ba727dc645f70308d20bebc607473b6a3ed,第51条の2第2項（新設）,総数が、第 37 条第 3 項の規定により定められた利用定員の数を超えないものとする,supported,9036dc7972bb7a1fd54bf8a521a7459d6949a36f6722a472e9e4a0f0eb36a40b
shinjuku-2026-r2-gian-51,easy,content,R51-E-11,やさしい日本語版でも同じ主張を述べている: 選考は抽選・申込み順・事業者の保育理念に基づく選考その他の公正な方法による,https://www.city.shinjuku.lg.jp/content/000457650.pdf,8ad70c4705084865668f50dc7c0e1ba727dc645f70308d20bebc607473b6a3ed,第51条の2第3項（新設）,抽選、申込みを受けた順序により決定する方法、当該特定地域型保育事業者の保育に関する理念、基本方針等に基づく選考その他公正な方法により,supported,9036dc7972bb7a1fd54bf8a521a7459d6949a36f6722a472e9e4a0f0eb36a40b
shinjuku-2026-r2-gian-51,easy,content,R51-E-12,やさしい日本語版でも同じ主張を述べている: 施行日は公布の日の翌日で、附則第2項の規定は公布の日から施行する,https://www.city.shinjuku.lg.jp/content/000457650.pdf,8ad70c4705084865668f50dc7c0e1ba727dc645f70308d20bebc607473b6a3ed,附則第1項,この条例は、公布の日の翌日から施行する。ただし、次項の規定は、公布の日から施行する,supported,9036dc7972bb7a1fd54bf8a521a7459d6949a36f6722a472e9e4a0f0eb36a40b
shinjuku-2026-r2-gian-51,easy,content,R51-E-13,やさしい日本語版でも同じ主張を述べている: 附則第2項は令和7年法律第29号附則第6条第3項の条例で定める日を公布の日とするもの,https://www.city.shinjuku.lg.jp/content/000457650.pdf,8ad70c4705084865668f50dc7c0e1ba727dc645f70308d20bebc607473b6a3ed,附則第2項,児童福祉法等の一部を改正する法律（令和 7 年法律第 29 号）附則第 6 条第 3 項の条例で定める日は、この条例の公布の日とする,supported,9036dc7972bb7a1fd54bf8a521a7459d6949a36f6722a472e9e4a0f0eb36a40b
shinjuku-2026-r2-gian-51,easy,content,R51-E-14,やさしい日本語版でも同じ主張を述べている: 令和8年第2回定例会で原案可決された,https://www.city.shinjuku.lg.jp/kusei/soumu01_002090_00016.html,72349f6e321e79ccc3076036e07386763398510bfb6bb2154b4cd3d6a2d85d58,議決結果ページ,第51号議案 …原案可決,supported,9036dc7972bb7a1fd54bf8a521a7459d6949a36f6722a472e9e4a0f0eb36a40b
shinjuku-2026-r2-gian-51,easy,title,R51-E-15,表題「3歳以上だけの 小さい 保育の 運営ルールを 決めます」は、満3歳以上限定小規模保育事業の運営基準を指す編集上の見出し,https://www.city.shinjuku.lg.jp/content/000456353.pdf,e1be5ac0c08d22dc59916c81fd24bd972ef44b601f8cd65ba76fc5d1f9d35c92,p.3 第51号議案,特定教育・保育施設及び特定地域型保育事業の運営に関する基準を定めている内閣府令の改正に伴い,supported,9036dc7972bb7a1fd54bf8a521a7459d6949a36f6722a472e9e4a0f0eb36a40b
shinjuku-2026-r2-gian-51,easy,summary,R51-E-16,要約の主張（内閣府令の改正・定員や選考のルールの追加・施行日）はいずれも本文の主張と同一,https://www.city.shinjuku.lg.jp/content/000456353.pdf,e1be5ac0c08d22dc59916c81fd24bd972ef44b601f8cd65ba76fc5d1f9d35c92,p.3 第51号議案,特定教育・保育施設及び特定地域型保育事業の運営に関する基準を定めている内閣府令の改正に伴い,supported,9036dc7972bb7a1fd54bf8a521a7459d6949a36f6722a472e9e4a0f0eb36a40b
shinjuku-2026-r2-gian-52,easy,content,R52-E-01,やさしい日本語版でも同じ主張を述べている: 対象条例は新宿区保健事業の利用に係る使用料等を定める条例（平成14年新宿区条例第43号）である,https://www.city.shinjuku.lg.jp/content/000457651.pdf,07ccac257bd5d99424eaca5e685f037d12534a58172820ed7cdab08913aa22cb,改め文,新宿区保健事業の利用に係る使用料等を定める条例（平成14年新宿区条例第43号）の一部を次のように改正する。,supported,17eb9dafc1c7a8e1735ec7bac404255e2d9eb0ab27b9aa9564e49a30a2b4e66a
shinjuku-2026-r2-gian-52,easy,content,R52-E-02,やさしい日本語版でも同じ主張を述べている: 第2条第1号で「歯周疾患検診」を「歯周病検診」に改める,https://www.city.shinjuku.lg.jp/content/000457651.pdf,07ccac257bd5d99424eaca5e685f037d12534a58172820ed7cdab08913aa22cb,改め文,第2条第1号及び別表 健康診査の項中「歯周疾患検診」を「歯周病検診」に改める。,supported,17eb9dafc1c7a8e1735ec7bac404255e2d9eb0ab27b9aa9564e49a30a2b4e66a
shinjuku-2026-r2-gian-52,easy,content,R52-E-03,やさしい日本語版でも同じ主張を述べている: 別表の健康診査の項でも同じ改正が行われる,https://www.city.shinjuku.lg.jp/content/000457651.pdf,07ccac257bd5d99424eaca5e685f037d12534a58172820ed7cdab08913aa22cb,改め文,別表 健康診査の項中「歯周疾患検診」を「歯周病検診」に改める。,supported,17eb9dafc1c7a8e1735ec7bac404255e2d9eb0ab27b9aa9564e49a30a2b4e66a
shinjuku-2026-r2-gian-52,easy,content,R52-E-04,やさしい日本語版でも同じ主張を述べている: 提案理由は健康増進法施行規則の一部を改正する省令（令和8年厚生労働省令第69号）の施行に伴うものである,https://www.city.shinjuku.lg.jp/content/000457651.pdf,07ccac257bd5d99424eaca5e685f037d12534a58172820ed7cdab08913aa22cb,提案理由,健康増進法施行規則の一部を改正する省令（令和8年厚生労働省令第69号）の施行に伴い、規定を整備する必要があるため,supported,17eb9dafc1c7a8e1735ec7bac404255e2d9eb0ab27b9aa9564e49a30a2b4e66a
shinjuku-2026-r2-gian-52,easy,content,R52-E-05,やさしい日本語版でも同じ主張を述べている: 概要資料は国の省令改正により名称が改められたことに伴う規定整備だと説明している,https://www.city.shinjuku.lg.jp/content/000456353.pdf,e1be5ac0c08d22dc59916c81fd24bd972ef44b601f8cd65ba76fc5d1f9d35c92,第52号議案 概要,健康増進法施行規則の改正により「歯周疾患検診」が「歯周病検診」に改められたことに伴い、規定を整備する。,supported,17eb9dafc1c7a8e1735ec7bac404255e2d9eb0ab27b9aa9564e49a30a2b4e66a
shinjuku-2026-r2-gian-52,easy,content,R52-E-06,やさしい日本語版でも同じ主張を述べている: 施行日は公布の日である,https://www.city.shinjuku.lg.jp/content/000457651.pdf,07ccac257bd5d99424eaca5e685f037d12534a58172820ed7cdab08913aa22cb,附則,この条例は、公布の日から施行する。,supported,17eb9dafc1c7a8e1735ec7bac404255e2d9eb0ab27b9aa9564e49a30a2b4e66a
shinjuku-2026-r2-gian-52,easy,content,R52-E-07,やさしい日本語版でも同じ主張を述べている: 令和8年第2回定例会で原案可決された,https://www.city.shinjuku.lg.jp/kusei/soumu01_002090_00016.html,72349f6e321e79ccc3076036e07386763398510bfb6bb2154b4cd3d6a2d85d58,議決結果表 第52号議案,第52号議案 新宿区保健事業の利用に係る使用料等を定める条例の一部を改正する条例 原案可決,supported,17eb9dafc1c7a8e1735ec7bac404255e2d9eb0ab27b9aa9564e49a30a2b4e66a
shinjuku-2026-r2-gian-52,easy,content,R52-E-08,やさしい日本語版でも同じ主張を述べている: 改め文が行っているのは名称の変更のみである,https://www.city.shinjuku.lg.jp/content/000457651.pdf,07ccac257bd5d99424eaca5e685f037d12534a58172820ed7cdab08913aa22cb,改め文全体,第2条第1号及び別表 健康診査の項中「歯周疾患検診」を「歯周病検診」に改める。,supported,17eb9dafc1c7a8e1735ec7bac404255e2d9eb0ab27b9aa9564e49a30a2b4e66a
shinjuku-2026-r2-gian-52,easy,content,R52-E-09,やさしい日本語版でも同じ主張を述べている: 検診の対象年齢・実施方法・自己負担額の変化は資料に書かれていない,https://www.city.shinjuku.lg.jp/content/000457651.pdf,07ccac257bd5d99424eaca5e685f037d12534a58172820ed7cdab08913aa22cb,出典に記載がない事項,（本件は解説本文が「議案の資料には書かれていません」と明示している箇所であり、事実主張ではない）,supported,17eb9dafc1c7a8e1735ec7bac404255e2d9eb0ab27b9aa9564e49a30a2b4e66a
shinjuku-2026-r2-gian-52,easy,title,R52-E-10,やさしい日本語版でも同じ主張を述べている: 見出し: 「歯周疾患検診」を「歯周病検診」に名称変更する,https://www.city.shinjuku.lg.jp/content/000457651.pdf,07ccac257bd5d99424eaca5e685f037d12534a58172820ed7cdab08913aa22cb,改め文,「歯周疾患検診」を「歯周病検診」に改める。,supported,17eb9dafc1c7a8e1735ec7bac404255e2d9eb0ab27b9aa9564e49a30a2b4e66a
shinjuku-2026-r2-gian-52,easy,summary,R52-E-11,やさしい日本語版でも同じ主張を述べている: 要約: 国の省令で名称が改められたことに伴う改正である,https://www.city.shinjuku.lg.jp/content/000456353.pdf,e1be5ac0c08d22dc59916c81fd24bd972ef44b601f8cd65ba76fc5d1f9d35c92,第52号議案 概要,健康増進法施行規則の改正により「歯周疾患検診」が「歯周病検診」に改められたことに伴い、規定を整備する。,supported,17eb9dafc1c7a8e1735ec7bac404255e2d9eb0ab27b9aa9564e49a30a2b4e66a
shinjuku-2026-r2-gian-52,easy,summary,R52-E-12,やさしい日本語版でも同じ主張を述べている: 要約: 第2条第1号と別表の健康診査の項の名称を改める,https://www.city.shinjuku.lg.jp/content/000457651.pdf,07ccac257bd5d99424eaca5e685f037d12534a58172820ed7cdab08913aa22cb,改め文,第2条第1号及び別表 健康診査の項中「歯周疾患検診」を「歯周病検診」に改める。,supported,17eb9dafc1c7a8e1735ec7bac404255e2d9eb0ab27b9aa9564e49a30a2b4e66a
shinjuku-2026-r2-gian-52,easy,summary,R52-E-13,やさしい日本語版でも同じ主張を述べている: 要約: 施行日は公布の日である,https://www.city.shinjuku.lg.jp/content/000457651.pdf,07ccac257bd5d99424eaca5e685f037d12534a58172820ed7cdab08913aa22cb,附則,この条例は、公布の日から施行する。,supported,17eb9dafc1c7a8e1735ec7bac404255e2d9eb0ab27b9aa9564e49a30a2b4e66a
shinjuku-2026-r2-gian-53,easy,content,R53-E-01,やさしい日本語版でも同じ主張を述べている: 改正対象は平成8年新宿区条例第43号,https://www.city.shinjuku.lg.jp/content/000457652.pdf,53fb47b9441caf8a89cfc884669075d96979e903ae5f0e28e5d40f43561d9188,改正文,新宿区空き缶等の散乱及び路上喫煙による被害の防止に関する条例（平成 8 年新宿区条例第 43 号）の一部を次のように改正する,supported,3dc8bc72ac253175d0d4453ef1fcfa60cc6b0e1c15536cbcefc7ab2f3e8dac3f
shinjuku-2026-r2-gian-53,easy,content,R53-E-02,やさしい日本語版でも同じ主張を述べている: 提案理由は環境美化をより一層推進するため,https://www.city.shinjuku.lg.jp/content/000457652.pdf,53fb47b9441caf8a89cfc884669075d96979e903ae5f0e28e5d40f43561d9188,提案理由,環境美化をより一層推進するため,supported,3dc8bc72ac253175d0d4453ef1fcfa60cc6b0e1c15536cbcefc7ab2f3e8dac3f
shinjuku-2026-r2-gian-53,easy,content,R53-E-03,やさしい日本語版でも同じ主張を述べている: 第2条第1号は「飲料」を「飲食料」に改め、「容器」の次にストロー・割り箸その他の飲食に用いる用具等を加える,https://www.city.shinjuku.lg.jp/content/000457652.pdf,53fb47b9441caf8a89cfc884669075d96979e903ae5f0e28e5d40f43561d9188,第2条第1号改正,第 2 条第 1 号中「飲料」を「飲食料」に改め、「容器」の次に「、ストロー、割り箸その他の飲食に用いる用具及びチューインガムのかみかす」を加え,supported,3dc8bc72ac253175d0d4453ef1fcfa60cc6b0e1c15536cbcefc7ab2f3e8dac3f
shinjuku-2026-r2-gian-53,easy,content,R53-E-04,やさしい日本語版でも同じ主張を述べている: 第4条に加わる新項の条文は区民等が犬に散歩・運動等をさせるときのふん収納用具の携帯と適切な処理,https://www.city.shinjuku.lg.jp/content/000457652.pdf,53fb47b9441caf8a89cfc884669075d96979e903ae5f0e28e5d40f43561d9188,第4条 新設項,区民等は、その所有し、占有し、又は管理する犬に散歩、運動等をさせるときは、ふんを収納する用具を携帯し、その用具によりふんを適切に処理しなければならない,supported,3dc8bc72ac253175d0d4453ef1fcfa60cc6b0e1c15536cbcefc7ab2f3e8dac3f
shinjuku-2026-r2-gian-53,easy,content,R53-E-05,やさしい日本語版でも同じ主張を述べている: 犬のふんに関する規定の施行日は公布の日,https://www.city.shinjuku.lg.jp/content/000457652.pdf,53fb47b9441caf8a89cfc884669075d96979e903ae5f0e28e5d40f43561d9188,附則,ただし、第 4 条中…改正規定は、公布の日から施行する,supported,3dc8bc72ac253175d0d4453ef1fcfa60cc6b0e1c15536cbcefc7ab2f3e8dac3f
shinjuku-2026-r2-gian-53,easy,content,R53-E-06,やさしい日本語版でも同じ主張を述べている: 空き缶等の定義拡大の施行日は令和8年10月1日,https://www.city.shinjuku.lg.jp/content/000457652.pdf,53fb47b9441caf8a89cfc884669075d96979e903ae5f0e28e5d40f43561d9188,附則,この条例は、令和 8 年 10 月 1 日から施行する,supported,3dc8bc72ac253175d0d4453ef1fcfa60cc6b0e1c15536cbcefc7ab2f3e8dac3f
shinjuku-2026-r2-gian-53,easy,content,R53-E-07,やさしい日本語版でも同じ主張を述べている: 令和8年第2回定例会で原案可決された,https://www.city.shinjuku.lg.jp/kusei/soumu01_002090_00016.html,72349f6e321e79ccc3076036e07386763398510bfb6bb2154b4cd3d6a2d85d58,議決結果ページ,第53号議案 …原案可決,supported,3dc8bc72ac253175d0d4453ef1fcfa60cc6b0e1c15536cbcefc7ab2f3e8dac3f
shinjuku-2026-r2-gian-53,easy,title,R53-E-08,表題「食べ物の 容器と 犬の ふんの 決まりを 変えます」は、空き缶等の定義拡大と犬のふんの責務を指す編集上の見出し,https://www.city.shinjuku.lg.jp/content/000457652.pdf,53fb47b9441caf8a89cfc884669075d96979e903ae5f0e28e5d40f43561d9188,改正文,新宿区空き缶等の散乱及び路上喫煙による被害の防止に関する条例（平成 8 年新宿区条例第 43 号）の一部を次のように改正する,supported,3dc8bc72ac253175d0d4453ef1fcfa60cc6b0e1c15536cbcefc7ab2f3e8dac3f
shinjuku-2026-r2-gian-53,easy,summary,R53-E-09,要約の主張（空き缶等への食料品容器等の追加・犬のふんの処理が区民等の責務）はいずれも本文の主張と同一,https://www.city.shinjuku.lg.jp/content/000457652.pdf,53fb47b9441caf8a89cfc884669075d96979e903ae5f0e28e5d40f43561d9188,提案理由,環境美化をより一層推進するため,supported,3dc8bc72ac253175d0d4453ef1fcfa60cc6b0e1c15536cbcefc7ab2f3e8dac3f
shinjuku-2026-r2-gian-54,easy,content,R54-E-01,やさしい日本語版でも同じ主張を述べている: 対象条例は新宿区地区計画の区域内における建築物の制限に関する条例（平成19年新宿区条例第57号）である,https://www.city.shinjuku.lg.jp/content/000457653.pdf,b0eeeecadde1ee46d9e9fb4883301330f6a4644aa534518b1177b25bccbb67ab,改め文,新宿区地区計画の区域内における建築物の制限に関する条例（平成19年新宿区条例第57号）の一部を次のように改正する。,supported,6c998552abe451a2333c1359e1b4e19b11fbfee155ef87fca131ca8d0f4de830
shinjuku-2026-r2-gian-54,easy,content,R54-E-02,やさしい日本語版でも同じ主張を述べている: 提案理由は新宿駅東口地区地区計画の都市計画変更決定に伴い規定を整備する必要があるためである,https://www.city.shinjuku.lg.jp/content/000457653.pdf,b0eeeecadde1ee46d9e9fb4883301330f6a4644aa534518b1177b25bccbb67ab,提案理由,新宿駅東口地区地区計画の都市計画変更決定に伴い、規定を整備する必要があるため,supported,6c998552abe451a2333c1359e1b4e19b11fbfee155ef87fca131ca8d0f4de830
shinjuku-2026-r2-gian-54,easy,content,R54-E-03,やさしい日本語版でも同じ主張を述べている: 概要資料は変更決定の内容を旧メトロ会館・旧セントラルホテル建替え計画の適用区域の設定と補っている,https://www.city.shinjuku.lg.jp/content/000456353.pdf,e1be5ac0c08d22dc59916c81fd24bd972ef44b601f8cd65ba76fc5d1f9d35c92,第54号議案 概要,新宿駅東口地区地区計画の都市計画変更決定（旧メトロ会館・旧セントラルホテル建替え計画の適用区域の設定）に伴い、規定を整備する。,supported,6c998552abe451a2333c1359e1b4e19b11fbfee155ef87fca131ca8d0f4de830
shinjuku-2026-r2-gian-54,easy,content,R54-E-04,やさしい日本語版でも同じ主張を述べている: 別表第1の15の項中の告示は令和7年新宿区告示第275号から令和8年新宿区告示第262号に改められる,https://www.city.shinjuku.lg.jp/content/000457653.pdf,b0eeeecadde1ee46d9e9fb4883301330f6a4644aa534518b1177b25bccbb67ab,改め文,別表第1の15の項中「令和7年新宿区告示第275号」を「令和8年新宿区告示第262号」に改める。,supported,6c998552abe451a2333c1359e1b4e19b11fbfee155ef87fca131ca8d0f4de830
shinjuku-2026-r2-gian-54,easy,content,R54-E-05,やさしい日本語版でも同じ主張を述べている: 別表第2第15号の表5の項第2号中「5の項」が「6の項」に改められる,https://www.city.shinjuku.lg.jp/content/000457653.pdf,b0eeeecadde1ee46d9e9fb4883301330f6a4644aa534518b1177b25bccbb67ab,改め文,別表第2第15号の表5の項第2号中「5の項」を「6の項」に改める。,supported,6c998552abe451a2333c1359e1b4e19b11fbfee155ef87fca131ca8d0f4de830
shinjuku-2026-r2-gian-54,easy,content,R54-E-06,やさしい日本語版でも同じ主張を述べている: 施行日は公布の日である,https://www.city.shinjuku.lg.jp/content/000457653.pdf,b0eeeecadde1ee46d9e9fb4883301330f6a4644aa534518b1177b25bccbb67ab,附則,この条例は、公布の日から施行する。,supported,6c998552abe451a2333c1359e1b4e19b11fbfee155ef87fca131ca8d0f4de830
shinjuku-2026-r2-gian-54,easy,content,R54-E-07,やさしい日本語版でも同じ主張を述べている: 令和8年第2回定例会で原案可決された,https://www.city.shinjuku.lg.jp/kusei/soumu01_002090_00016.html,72349f6e321e79ccc3076036e07386763398510bfb6bb2154b4cd3d6a2d85d58,議決結果表 第54号議案,第54号議案 新宿区地区計画の区域内における建築物の制限に関する条例の一部を改正する条例 原案可決,supported,6c998552abe451a2333c1359e1b4e19b11fbfee155ef87fca131ca8d0f4de830
shinjuku-2026-r2-gian-54,easy,content,R54-E-08,やさしい日本語版でも同じ主張を述べている: 建築物の制限の変化・対象区域の範囲・建替え計画の内容や時期は資料に書かれていない,https://www.city.shinjuku.lg.jp/content/000457653.pdf,b0eeeecadde1ee46d9e9fb4883301330f6a4644aa534518b1177b25bccbb67ab,出典に記載がない事項,（本件は解説本文が「議案の資料には書かれていません」と明示している箇所であり、事実主張ではない）,supported,6c998552abe451a2333c1359e1b4e19b11fbfee155ef87fca131ca8d0f4de830
shinjuku-2026-r2-gian-54,easy,title,R54-E-09,やさしい日本語版でも同じ主張を述べている: 見出し: 新宿駅東口地区の地区計画変更に伴う条例の整備である,https://www.city.shinjuku.lg.jp/content/000457653.pdf,b0eeeecadde1ee46d9e9fb4883301330f6a4644aa534518b1177b25bccbb67ab,提案理由,新宿駅東口地区地区計画の都市計画変更決定に伴い、規定を整備する必要があるため,supported,6c998552abe451a2333c1359e1b4e19b11fbfee155ef87fca131ca8d0f4de830
shinjuku-2026-r2-gian-54,easy,summary,R54-E-10,やさしい日本語版でも同じ主張を述べている: 要約: 引用している告示の番号などを改める,https://www.city.shinjuku.lg.jp/content/000457653.pdf,b0eeeecadde1ee46d9e9fb4883301330f6a4644aa534518b1177b25bccbb67ab,改め文,別表第1の15の項中「令和7年新宿区告示第275号」を「令和8年新宿区告示第262号」に改める。,supported,6c998552abe451a2333c1359e1b4e19b11fbfee155ef87fca131ca8d0f4de830
shinjuku-2026-r2-gian-54,easy,summary,R54-E-11,やさしい日本語版でも同じ主張を述べている: 要約: 概要資料は変更決定を旧メトロ会館・旧セントラルホテル建替え計画の適用区域の設定と説明している,https://www.city.shinjuku.lg.jp/content/000456353.pdf,e1be5ac0c08d22dc59916c81fd24bd972ef44b601f8cd65ba76fc5d1f9d35c92,第54号議案 概要,（旧メトロ会館・旧セントラルホテル建替え計画の適用区域の設定）,supported,6c998552abe451a2333c1359e1b4e19b11fbfee155ef87fca131ca8d0f4de830
shinjuku-2026-r2-gian-54,easy,summary,R54-E-12,やさしい日本語版でも同じ主張を述べている: 要約: 施行日は公布の日である,https://www.city.shinjuku.lg.jp/content/000457653.pdf,b0eeeecadde1ee46d9e9fb4883301330f6a4644aa534518b1177b25bccbb67ab,附則,この条例は、公布の日から施行する。,supported,6c998552abe451a2333c1359e1b4e19b11fbfee155ef87fca131ca8d0f4de830
shinjuku-2026-r2-gian-55,easy,content,R55-E-01,やさしい日本語版でも同じ主張を述べている: 対象条例は新宿区幼稚園教育職員の勤務時間、休日、休暇等に関する条例（平成12年新宿区条例第58号）である,https://www.city.shinjuku.lg.jp/content/000457654.pdf,fa89b50fc251e1889d236958017f1e13be5a6ddd19dfa877ff9bafb0ab1ce2d5,改め文,新宿区幼稚園教育職員の勤務時間、休日、休暇等に関する条例（平成12年新宿区条例第58号）の一部を次のように改正する。,supported,78b97c0e99b77d7afd08b3d23a8c251114fada59b842d79139d40c9efb0fa173
shinjuku-2026-r2-gian-55,easy,content,R55-E-02,やさしい日本語版でも同じ主張を述べている: 早出遅出勤務は育児、介護等の事情がある幼稚園教育職員に限り利用を認めている制度であった,https://www.city.shinjuku.lg.jp/content/000456353.pdf,e1be5ac0c08d22dc59916c81fd24bd972ef44b601f8cd65ba76fc5d1f9d35c92,第55号議案 概要,育児、介護等の事情がある幼稚園教育職員に限り利用を認めている早出遅出勤務制度を廃止する。,supported,78b97c0e99b77d7afd08b3d23a8c251114fada59b842d79139d40c9efb0fa173
shinjuku-2026-r2-gian-55,easy,content,R55-E-03,やさしい日本語版でも同じ主張を述べている: 概要資料は多様な働き方へのニーズの高まり等を踏まえた改正だと説明している,https://www.city.shinjuku.lg.jp/content/000456353.pdf,e1be5ac0c08d22dc59916c81fd24bd972ef44b601f8cd65ba76fc5d1f9d35c92,第55号議案 概要,多様な働き方へのニーズの高まり等を踏まえ、幼稚園教育職員の希望に基づき勤務時間を割り振る時差通勤制度を導入するため、育児、介護等の事情がある幼稚園教育職員に限り利用を認めている早出遅出勤務制度を廃止する。,supported,78b97c0e99b77d7afd08b3d23a8c251114fada59b842d79139d40c9efb0fa173
shinjuku-2026-r2-gian-55,easy,content,R55-E-04,やさしい日本語版でも同じ主張を述べている: 提案理由は時差通勤制度を導入するため早出遅出勤務を廃止する必要があるためである,https://www.city.shinjuku.lg.jp/content/000457654.pdf,fa89b50fc251e1889d236958017f1e13be5a6ddd19dfa877ff9bafb0ab1ce2d5,提案理由,幼稚園教育職員の希望に基づき勤務時間を割り振る時差通勤制度を導入するため、早出遅出勤務を廃止する必要があるため,supported,78b97c0e99b77d7afd08b3d23a8c251114fada59b842d79139d40c9efb0fa173
shinjuku-2026-r2-gian-55,easy,content,R55-E-05,やさしい日本語版でも同じ主張を述べている: 第11条第1項および第2項から「、第11条の5第1項」を削る,https://www.city.shinjuku.lg.jp/content/000457654.pdf,fa89b50fc251e1889d236958017f1e13be5a6ddd19dfa877ff9bafb0ab1ce2d5,改め文,第11条第1項及び第2項中「、第11条の5第1項」を削る。,supported,78b97c0e99b77d7afd08b3d23a8c251114fada59b842d79139d40c9efb0fa173
shinjuku-2026-r2-gian-55,easy,content,R55-E-06,やさしい日本語版でも同じ主張を述べている: 第11条の5を削る,https://www.city.shinjuku.lg.jp/content/000457654.pdf,fa89b50fc251e1889d236958017f1e13be5a6ddd19dfa877ff9bafb0ab1ce2d5,改め文,第11条の5を削る。,supported,78b97c0e99b77d7afd08b3d23a8c251114fada59b842d79139d40c9efb0fa173
shinjuku-2026-r2-gian-55,easy,content,R55-E-07,やさしい日本語版でも同じ主張を述べている: 施行日は令和8年10月1日である,https://www.city.shinjuku.lg.jp/content/000457654.pdf,fa89b50fc251e1889d236958017f1e13be5a6ddd19dfa877ff9bafb0ab1ce2d5,附則,この条例は、令和8年10月1日から施行する。,supported,78b97c0e99b77d7afd08b3d23a8c251114fada59b842d79139d40c9efb0fa173
shinjuku-2026-r2-gian-55,easy,content,R55-E-08,やさしい日本語版でも同じ主張を述べている: 令和8年第2回定例会で原案可決された,https://www.city.shinjuku.lg.jp/kusei/soumu01_002090_00016.html,72349f6e321e79ccc3076036e07386763398510bfb6bb2154b4cd3d6a2d85d58,議決結果表 第55号議案,第55号議案 新宿区幼稚園教育職員の勤務時間、休日、休暇等に関する条例の一部を改正する条例 原案可決,supported,78b97c0e99b77d7afd08b3d23a8c251114fada59b842d79139d40c9efb0fa173
shinjuku-2026-r2-gian-55,easy,content,R55-E-09,やさしい日本語版でも同じ主張を述べている: 時差通勤制度そのものの中身はこの条例改正に含まれていない（改め文は削除のみ）,https://www.city.shinjuku.lg.jp/content/000457654.pdf,fa89b50fc251e1889d236958017f1e13be5a6ddd19dfa877ff9bafb0ab1ce2d5,改め文全体,第11条第1項及び第2項中「、第11条の5第1項」を削る。 第11条の5を削る。,supported,78b97c0e99b77d7afd08b3d23a8c251114fada59b842d79139d40c9efb0fa173
shinjuku-2026-r2-gian-55,easy,content,R55-E-10,やさしい日本語版でも同じ主張を述べている: 区の職員一般についても同じ趣旨の改正が第46号議案として提出されている,https://www.city.shinjuku.lg.jp/content/000456353.pdf,e1be5ac0c08d22dc59916c81fd24bd972ef44b601f8cd65ba76fc5d1f9d35c92,第46号議案 概要,職員の希望に基づき勤務時間を割り振る時差通勤制度を導入するため、育児、介護等の事情がある職員に限り利用を認めている早出遅出勤務制度を廃止する。,supported,78b97c0e99b77d7afd08b3d23a8c251114fada59b842d79139d40c9efb0fa173
shinjuku-2026-r2-gian-55,easy,title,R55-E-11,やさしい日本語版でも同じ主張を述べている: 見出し: 幼稚園教育職員の早出遅出勤務を廃止し時差通勤制度へ移行する,https://www.city.shinjuku.lg.jp/content/000457654.pdf,fa89b50fc251e1889d236958017f1e13be5a6ddd19dfa877ff9bafb0ab1ce2d5,提案理由,時差通勤制度を導入するため、早出遅出勤務を廃止する,supported,78b97c0e99b77d7afd08b3d23a8c251114fada59b842d79139d40c9efb0fa173
shinjuku-2026-r2-gian-55,easy,summary,R55-E-12,やさしい日本語版でも同じ主張を述べている: 要約: 区立幼稚園の教育職員について早出遅出勤務の制度を廃止する,https://www.city.shinjuku.lg.jp/content/000457654.pdf,fa89b50fc251e1889d236958017f1e13be5a6ddd19dfa877ff9bafb0ab1ce2d5,改め文,第11条の5を削る。,supported,78b97c0e99b77d7afd08b3d23a8c251114fada59b842d79139d40c9efb0fa173
shinjuku-2026-r2-gian-55,easy,summary,R55-E-13,やさしい日本語版でも同じ主張を述べている: 要約: 概要資料は多様な働き方へのニーズの高まり等を踏まえた廃止だと説明している,https://www.city.shinjuku.lg.jp/content/000456353.pdf,e1be5ac0c08d22dc59916c81fd24bd972ef44b601f8cd65ba76fc5d1f9d35c92,第55号議案 概要,多様な働き方へのニーズの高まり等を踏まえ、幼稚園教育職員の希望に基づき勤務時間を割り振る時差通勤制度を導入するため、育児、介護等の事情がある幼稚園教育職員に限り利用を認めている早出遅出勤務制度を廃止する。,supported,78b97c0e99b77d7afd08b3d23a8c251114fada59b842d79139d40c9efb0fa173
shinjuku-2026-r2-gian-55,easy,summary,R55-E-14,やさしい日本語版でも同じ主張を述べている: 要約: 施行日は令和8年10月1日である,https://www.city.shinjuku.lg.jp/content/000457654.pdf,fa89b50fc251e1889d236958017f1e13be5a6ddd19dfa877ff9bafb0ab1ce2d5,附則,この条例は、令和8年10月1日から施行する。,supported,78b97c0e99b77d7afd08b3d23a8c251114fada59b842d79139d40c9efb0fa173
shinjuku-2026-r2-gian-56,easy,content,R56-E-01,やさしい日本語版でも同じ主張を述べている: 対象は区立の小学校・中学校・特別支援学校の非常勤の学校医、学校歯科医、学校薬剤師である,https://www.city.shinjuku.lg.jp/content/000457655.pdf,0ccf7e1aae1e7fa1acb4652105849dfa7d940c25276f988fbe1236fc0612c13f,改め文,新宿区立の小学校、中学校及び特別支援学校の非常勤の学校医、学校歯科医及び学校薬剤師の公務災害補償に関する条例（平成14年新宿区条例第24号）,supported,378b2092035f248a0937cc195921cf1308d3687f122827bdcc68918d1251ada0
shinjuku-2026-r2-gian-56,easy,content,R56-E-02,やさしい日本語版でも同じ主張を述べている: 概要資料は都立学校の関係条例の改正に合わせた改定だと説明している,https://www.city.shinjuku.lg.jp/content/000456353.pdf,e1be5ac0c08d22dc59916c81fd24bd972ef44b601f8cd65ba76fc5d1f9d35c92,第56号議案 概要,区立学校医等の公務災害補償額の算定基礎としている都立学校の学校医、学校歯科医及び学校薬剤師の公務災害補償に関する条例の改正に合わせ、次のとおり補償基礎額を改定する。,supported,378b2092035f248a0937cc195921cf1308d3687f122827bdcc68918d1251ada0
shinjuku-2026-r2-gian-56,easy,content,R56-E-03,やさしい日本語版でも同じ主張を述べている: 提案理由は補償基礎額を改定する必要があるためである,https://www.city.shinjuku.lg.jp/content/000457655.pdf,0ccf7e1aae1e7fa1acb4652105849dfa7d940c25276f988fbe1236fc0612c13f,提案理由,補償基礎額を改定する必要があるため,supported,378b2092035f248a0937cc195921cf1308d3687f122827bdcc68918d1251ada0
shinjuku-2026-r2-gian-56,easy,content,R56-E-04,"やさしい日本語版でも同じ主張を述べている: 経験年数10年以上15年未満は14,175円から14,397円になる",https://www.city.shinjuku.lg.jp/content/000456353.pdf,e1be5ac0c08d22dc59916c81fd24bd972ef44b601f8cd65ba76fc5d1f9d35c92,第56号議案 補償基礎額表,"10 年以上 15 年未満 14,175 円 14,397 円",supported,378b2092035f248a0937cc195921cf1308d3687f122827bdcc68918d1251ada0
shinjuku-2026-r2-gian-56,easy,content,R56-E-05,"やさしい日本語版でも同じ主張を述べている: 経験年数15年以上20年未満は14,175円から15,198円になる",https://www.city.shinjuku.lg.jp/content/000456353.pdf,e1be5ac0c08d22dc59916c81fd24bd972ef44b601f8cd65ba76fc5d1f9d35c92,第56号議案 補償基礎額表,"15 年以上 20 年未満 14,175 円 15,198 円",supported,378b2092035f248a0937cc195921cf1308d3687f122827bdcc68918d1251ada0
shinjuku-2026-r2-gian-56,easy,content,R56-E-06,"やさしい日本語版でも同じ主張を述べている: 経験年数20年以上25年未満は16,467円から17,259円になる",https://www.city.shinjuku.lg.jp/content/000456353.pdf,e1be5ac0c08d22dc59916c81fd24bd972ef44b601f8cd65ba76fc5d1f9d35c92,第56号議案 補償基礎額表,"20 年以上 25 年未満 16,467 円 17,259 円",supported,378b2092035f248a0937cc195921cf1308d3687f122827bdcc68918d1251ada0
shinjuku-2026-r2-gian-56,easy,content,R56-E-07,"やさしい日本語版でも同じ主張を述べている: 経験年数25年以上は17,496円から17,937円になる",https://www.city.shinjuku.lg.jp/content/000456353.pdf,e1be5ac0c08d22dc59916c81fd24bd972ef44b601f8cd65ba76fc5d1f9d35c92,第56号議案 補償基礎額表,"25 年以上 17,496 円 17,937 円",supported,378b2092035f248a0937cc195921cf1308d3687f122827bdcc68918d1251ada0
shinjuku-2026-r2-gian-56,easy,content,R56-E-08,"やさしい日本語版でも同じ主張を述べている: 現行では10年以上15年未満と15年以上20年未満が同じ14,175円である",https://www.city.shinjuku.lg.jp/content/000456353.pdf,e1be5ac0c08d22dc59916c81fd24bd972ef44b601f8cd65ba76fc5d1f9d35c92,第56号議案 補償基礎額表,"10 年以上 15 年未満 14,175 円 … 15 年以上 20 年未満 14,175 円",supported,378b2092035f248a0937cc195921cf1308d3687f122827bdcc68918d1251ada0
shinjuku-2026-r2-gian-56,easy,content,R56-E-09,やさしい日本語版でも同じ主張を述べている: 施行日は令和8年7月1日である,https://www.city.shinjuku.lg.jp/content/000457655.pdf,0ccf7e1aae1e7fa1acb4652105849dfa7d940c25276f988fbe1236fc0612c13f,附則第1項,この条例は、令和8年7月1日から施行する。,supported,378b2092035f248a0937cc195921cf1308d3687f122827bdcc68918d1251ada0
shinjuku-2026-r2-gian-56,easy,content,R56-E-10,やさしい日本語版でも同じ主張を述べている: 適用日は令和8年6月1日である,https://www.city.shinjuku.lg.jp/content/000457655.pdf,0ccf7e1aae1e7fa1acb4652105849dfa7d940c25276f988fbe1236fc0612c13f,附則第2項,令和8年6月1日（以下「適用日」という。）,supported,378b2092035f248a0937cc195921cf1308d3687f122827bdcc68918d1251ada0
shinjuku-2026-r2-gian-56,easy,content,R56-E-11,やさしい日本語版でも同じ主張を述べている: 適用日から施行日の前日までの間に従前の額で支払われた金額は改正後の規定に基づく補償の内払とみなされる,https://www.city.shinjuku.lg.jp/content/000457655.pdf,0ccf7e1aae1e7fa1acb4652105849dfa7d940c25276f988fbe1236fc0612c13f,附則第3項,それぞれこれらに相当する改正後の条例の規定に基づく補償の内払とみなす。,supported,378b2092035f248a0937cc195921cf1308d3687f122827bdcc68918d1251ada0
shinjuku-2026-r2-gian-56,easy,content,R56-E-12,やさしい日本語版でも同じ主張を述べている: 令和8年第2回定例会で原案可決された,https://www.city.shinjuku.lg.jp/kusei/soumu01_002090_00016.html,72349f6e321e79ccc3076036e07386763398510bfb6bb2154b4cd3d6a2d85d58,議決結果表 第56号議案,第56号議案 新宿区立の小学校、中学校及び特別支援学校の非常勤の学校医、学校歯科医及び学校薬剤師の公務災害補償に関する条例の一部を改正する条例 原案可決,supported,378b2092035f248a0937cc195921cf1308d3687f122827bdcc68918d1251ada0
shinjuku-2026-r2-gian-56,easy,content,R56-E-13,やさしい日本語版でも同じ主張を述べている: 概要資料の表の表題は「学校医及び学校歯科医の補償基礎額」であり学校薬剤師の額は示されていない,https://www.city.shinjuku.lg.jp/content/000456353.pdf,e1be5ac0c08d22dc59916c81fd24bd972ef44b601f8cd65ba76fc5d1f9d35c92,第56号議案 補償基礎額表 表題,学校医及び学校歯科医の補償基礎額,supported,378b2092035f248a0937cc195921cf1308d3687f122827bdcc68918d1251ada0
shinjuku-2026-r2-gian-56,easy,title,R56-E-14,やさしい日本語版でも同じ主張を述べている: 見出し: 区立学校の学校医などの公務災害補償額を引き上げる,https://www.city.shinjuku.lg.jp/content/000456353.pdf,e1be5ac0c08d22dc59916c81fd24bd972ef44b601f8cd65ba76fc5d1f9d35c92,第56号議案 概要,次のとおり補償基礎額を改定する。,supported,378b2092035f248a0937cc195921cf1308d3687f122827bdcc68918d1251ada0
shinjuku-2026-r2-gian-56,easy,summary,R56-E-15,やさしい日本語版でも同じ主張を述べている: 要約: 対象は区立の小学校・中学校・特別支援学校の非常勤の学校医、学校歯科医、学校薬剤師である,https://www.city.shinjuku.lg.jp/content/000457655.pdf,0ccf7e1aae1e7fa1acb4652105849dfa7d940c25276f988fbe1236fc0612c13f,改め文,新宿区立の小学校、中学校及び特別支援学校の非常勤の学校医、学校歯科医及び学校薬剤師の公務災害補償に関する条例,supported,378b2092035f248a0937cc195921cf1308d3687f122827bdcc68918d1251ada0
shinjuku-2026-r2-gian-56,easy,summary,R56-E-16,"やさしい日本語版でも同じ主張を述べている: 要約: 概要資料は経験年数の区分ごとに14,175円から14,397円などへの改定を示している",https://www.city.shinjuku.lg.jp/content/000456353.pdf,e1be5ac0c08d22dc59916c81fd24bd972ef44b601f8cd65ba76fc5d1f9d35c92,第56号議案 補償基礎額表,"10 年以上 15 年未満 14,175 円 14,397 円",supported,378b2092035f248a0937cc195921cf1308d3687f122827bdcc68918d1251ada0
shinjuku-2026-r2-gian-56,easy,summary,R56-E-17,やさしい日本語版でも同じ主張を述べている: 要約: 施行は令和8年7月1日、適用は令和8年6月1日からである,https://www.city.shinjuku.lg.jp/content/000457655.pdf,0ccf7e1aae1e7fa1acb4652105849dfa7d940c25276f988fbe1236fc0612c13f,附則第1項・第2項,この条例は、令和8年7月1日から施行する。…令和8年6月1日（以下「適用日」という。）,supported,378b2092035f248a0937cc195921cf1308d3687f122827bdcc68918d1251ada0
shinjuku-2026-r2-gian-57,easy,content,R57-E-01,やさしい日本語版でも同じ主張を述べている: 落合中央公園野球場の人工芝等を改修する工事の請負契約である,https://www.city.shinjuku.lg.jp/content/000457656.pdf,7429c78b3b5d63d279f3ae8f41e883b63c88bd8365d5ca2dad0e91824d476502,議案本文,落合中央公園野球場人工芝等改修工事施行のため、下記のとおり請負契約を締結する。,supported,5282ab4ed681248344ec0d7d55ffd466df7aae86feba42664711a297cbd85d96
shinjuku-2026-r2-gian-57,easy,content,R57-E-02,やさしい日本語版でも同じ主張を述べている: 工事概要は施設改修工と安全管理工である,https://www.city.shinjuku.lg.jp/content/000456353.pdf,e1be5ac0c08d22dc59916c81fd24bd972ef44b601f8cd65ba76fc5d1f9d35c92,第57号議案 1 工事概要,⑴ 施設改修工 … ⑵ 安全管理工 一式,supported,5282ab4ed681248344ec0d7d55ffd466df7aae86feba42664711a297cbd85d96
shinjuku-2026-r2-gian-57,easy,content,R57-E-03,やさしい日本語版でも同じ主張を述べている: 施設改修工は準備工・運動施設工・給排水設備工からなる,https://www.city.shinjuku.lg.jp/content/000456353.pdf,e1be5ac0c08d22dc59916c81fd24bd972ef44b601f8cd65ba76fc5d1f9d35c92,第57号議案 1 工事概要,準備工 一式 運動施設工 一式 給排水設備工 一式,supported,5282ab4ed681248344ec0d7d55ffd466df7aae86feba42664711a297cbd85d96
shinjuku-2026-r2-gian-57,easy,content,R57-E-04,やさしい日本語版でも同じ主張を述べている: 工事場所は東京都新宿区上落合一丁目2番である,https://www.city.shinjuku.lg.jp/content/000456353.pdf,e1be5ac0c08d22dc59916c81fd24bd972ef44b601f8cd65ba76fc5d1f9d35c92,第57号議案 2 工事場所,東京都新宿区上落合一丁目 2 番,supported,5282ab4ed681248344ec0d7d55ffd466df7aae86feba42664711a297cbd85d96
shinjuku-2026-r2-gian-57,easy,content,R57-E-05,やさしい日本語版でも同じ主張を述べている: 契約の方法は制限付一般競争入札である,https://www.city.shinjuku.lg.jp/content/000457656.pdf,7429c78b3b5d63d279f3ae8f41e883b63c88bd8365d5ca2dad0e91824d476502,議案本文 2 契約の方法,制限付一般競争入札による契約,supported,5282ab4ed681248344ec0d7d55ffd466df7aae86feba42664711a297cbd85d96
shinjuku-2026-r2-gian-57,easy,content,R57-E-06,"やさしい日本語版でも同じ主張を述べている: 契約金額は2億5,850万円である",https://www.city.shinjuku.lg.jp/content/000457656.pdf,7429c78b3b5d63d279f3ae8f41e883b63c88bd8365d5ca2dad0e91824d476502,議案本文 3 契約金額,"2 億 5, 8 5 0 万 円",supported,5282ab4ed681248344ec0d7d55ffd466df7aae86feba42664711a297cbd85d96
shinjuku-2026-r2-gian-57,easy,content,R57-E-07,やさしい日本語版でも同じ主張を述べている: 契約の相手方は長永スポーツ工業株式会社である,https://www.city.shinjuku.lg.jp/content/000457656.pdf,7429c78b3b5d63d279f3ae8f41e883b63c88bd8365d5ca2dad0e91824d476502,議案本文 4 契約の相手方,長永ス ポ ー ツ 工 業 株 式 会 社,supported,5282ab4ed681248344ec0d7d55ffd466df7aae86feba42664711a297cbd85d96
shinjuku-2026-r2-gian-57,easy,content,R57-E-08,やさしい日本語版でも同じ主張を述べている: 相手方の所在地は東京都世田谷区砧一丁目13番4号である,https://www.city.shinjuku.lg.jp/content/000457656.pdf,7429c78b3b5d63d279f3ae8f41e883b63c88bd8365d5ca2dad0e91824d476502,議案本文 4 契約の相手方,東 京 都 世 田 谷 区 砧 一 丁 目 13 番 4 号,supported,5282ab4ed681248344ec0d7d55ffd466df7aae86feba42664711a297cbd85d96
shinjuku-2026-r2-gian-57,easy,content,R57-E-09,やさしい日本語版でも同じ主張を述べている: 相手方の代表者は代表取締役社長 長谷川信である,https://www.city.shinjuku.lg.jp/content/000457656.pdf,7429c78b3b5d63d279f3ae8f41e883b63c88bd8365d5ca2dad0e91824d476502,議案本文 4 契約の相手方,代表取締 役 社 長 長谷川 信,supported,5282ab4ed681248344ec0d7d55ffd466df7aae86feba42664711a297cbd85d96
shinjuku-2026-r2-gian-57,easy,content,R57-E-10,"やさしい日本語版でも同じ主張を述べている: 相手方の資本金は8,000万円である",https://www.city.shinjuku.lg.jp/content/000456353.pdf,e1be5ac0c08d22dc59916c81fd24bd972ef44b601f8cd65ba76fc5d1f9d35c92,第57号議案 7 契約の相手方,"資本金 8,000 万円",supported,5282ab4ed681248344ec0d7d55ffd466df7aae86feba42664711a297cbd85d96
shinjuku-2026-r2-gian-57,easy,content,R57-E-11,やさしい日本語版でも同じ主張を述べている: 仮契約は令和8年5月19日（火）、本契約は議決日の翌日である,https://www.city.shinjuku.lg.jp/content/000456353.pdf,e1be5ac0c08d22dc59916c81fd24bd972ef44b601f8cd65ba76fc5d1f9d35c92,第57号議案 3 契約月日,仮契約 令和 8 年 5 月 19 日（火） 本契約 議決日の翌日,supported,5282ab4ed681248344ec0d7d55ffd466df7aae86feba42664711a297cbd85d96
shinjuku-2026-r2-gian-57,easy,content,R57-E-12,やさしい日本語版でも同じ主張を述べている: 工期は本契約締結日の翌日から令和9年3月15日までである,https://www.city.shinjuku.lg.jp/content/000456353.pdf,e1be5ac0c08d22dc59916c81fd24bd972ef44b601f8cd65ba76fc5d1f9d35c92,第57号議案 4 工期,本契約締結日の翌日から令和 9 年 3 月 15 日まで,supported,5282ab4ed681248344ec0d7d55ffd466df7aae86feba42664711a297cbd85d96
shinjuku-2026-r2-gian-57,easy,content,R57-E-13,やさしい日本語版でも同じ主張を述べている: 令和8年第2回定例会で原案可決された,https://www.city.shinjuku.lg.jp/kusei/soumu01_002090_00016.html,72349f6e321e79ccc3076036e07386763398510bfb6bb2154b4cd3d6a2d85d58,議決結果表 第57号議案,第57号議案 落合中央公園野球場人工芝等改修工事請負契約 原案可決,supported,5282ab4ed681248344ec0d7d55ffd466df7aae86feba42664711a297cbd85d96
shinjuku-2026-r2-gian-57,easy,content,R57-E-14,やさしい日本語版でも同じ主張を述べている: 人工芝の仕様・改修面積・利用可否・入札参加者数は資料に書かれていない,https://www.city.shinjuku.lg.jp/content/000457656.pdf,7429c78b3b5d63d279f3ae8f41e883b63c88bd8365d5ca2dad0e91824d476502,出典に記載がない事項,（本件は解説本文が「議案の資料には書かれていません」と明示している箇所であり、事実主張ではない）,supported,5282ab4ed681248344ec0d7d55ffd466df7aae86feba42664711a297cbd85d96
shinjuku-2026-r2-gian-57,easy,title,R57-E-15,やさしい日本語版でも同じ主張を述べている: 見出し: 落合中央公園野球場の人工芝を改修する工事の契約である,https://www.city.shinjuku.lg.jp/content/000457656.pdf,7429c78b3b5d63d279f3ae8f41e883b63c88bd8365d5ca2dad0e91824d476502,議案本文,落合中 央 公 園 野 球 場 人 工 芝 等 改 修 工 事 施 行 の た め 、 下 記 の と お り 請負契 約 を 締 結 す る 。,supported,5282ab4ed681248344ec0d7d55ffd466df7aae86feba42664711a297cbd85d96
shinjuku-2026-r2-gian-57,easy,summary,R57-E-16,やさしい日本語版でも同じ主張を述べている: 要約: 工事場所は上落合一丁目である,https://www.city.shinjuku.lg.jp/content/000456353.pdf,e1be5ac0c08d22dc59916c81fd24bd972ef44b601f8cd65ba76fc5d1f9d35c92,第57号議案 2 工事場所,東京都新宿区上落合一丁目 2 番,supported,5282ab4ed681248344ec0d7d55ffd466df7aae86feba42664711a297cbd85d96
shinjuku-2026-r2-gian-57,easy,summary,R57-E-17,"やさしい日本語版でも同じ主張を述べている: 要約: 契約金額は2億5,850万円である",https://www.city.shinjuku.lg.jp/content/000457656.pdf,7429c78b3b5d63d279f3ae8f41e883b63c88bd8365d5ca2dad0e91824d476502,議案本文 3 契約金額,"2 億 5, 8 5 0 万 円",supported,5282ab4ed681248344ec0d7d55ffd466df7aae86feba42664711a297cbd85d96
shinjuku-2026-r2-gian-57,easy,summary,R57-E-18,やさしい日本語版でも同じ主張を述べている: 要約: 相手方は長永スポーツ工業株式会社、制限付一般競争入札である,https://www.city.shinjuku.lg.jp/content/000457656.pdf,7429c78b3b5d63d279f3ae8f41e883b63c88bd8365d5ca2dad0e91824d476502,議案本文 2・4,制限付 一 般 競 争 入 札 に よ る 契 約…長永ス ポ ー ツ 工 業 株 式 会 社,supported,5282ab4ed681248344ec0d7d55ffd466df7aae86feba42664711a297cbd85d96
shinjuku-2026-r2-gian-57,easy,summary,R57-E-19,やさしい日本語版でも同じ主張を述べている: 要約: 工期は本契約締結日の翌日から令和9年3月15日までである,https://www.city.shinjuku.lg.jp/content/000456353.pdf,e1be5ac0c08d22dc59916c81fd24bd972ef44b601f8cd65ba76fc5d1f9d35c92,第57号議案 4 工期,本契約締結日の翌日から令和 9 年 3 月 15 日まで,supported,5282ab4ed681248344ec0d7d55ffd466df7aae86feba42664711a297cbd85d96
shinjuku-2026-r2-gian-58,easy,content,R58-E-01,やさしい日本語版でも同じ主張を述べている: 工事概要はプラネタリウム機器及び附帯設備・機器等の製作と設置,https://www.city.shinjuku.lg.jp/content/000456353.pdf,e1be5ac0c08d22dc59916c81fd24bd972ef44b601f8cd65ba76fc5d1f9d35c92,p.6 1 工事概要,新宿コズミックセンターのプラネタリウム機器及び附帯設備・機器等を製作し、設置を行うとともに,supported,084c6daa551f37758fdcd22f5019604997647556e955e85aa78b98b291d72cda
shinjuku-2026-r2-gian-58,easy,content,R58-E-02,やさしい日本語版でも同じ主張を述べている: 座席及び床カーペットの更新を行う,https://www.city.shinjuku.lg.jp/content/000456353.pdf,e1be5ac0c08d22dc59916c81fd24bd972ef44b601f8cd65ba76fc5d1f9d35c92,p.6 1 工事概要,座席及び床カーペットの更新,supported,084c6daa551f37758fdcd22f5019604997647556e955e85aa78b98b291d72cda
shinjuku-2026-r2-gian-58,easy,content,R58-E-03,やさしい日本語版でも同じ主張を述べている: ドームスクリーンの張替えを行う,https://www.city.shinjuku.lg.jp/content/000456353.pdf,e1be5ac0c08d22dc59916c81fd24bd972ef44b601f8cd65ba76fc5d1f9d35c92,p.6 1 工事概要,ドームスクリーンの張替え,supported,084c6daa551f37758fdcd22f5019604997647556e955e85aa78b98b291d72cda
shinjuku-2026-r2-gian-58,easy,content,R58-E-04,やさしい日本語版でも同じ主張を述べている: プラネタリウム機器の設置エリアの変更に伴う床周りの改修等工事を行う,https://www.city.shinjuku.lg.jp/content/000456353.pdf,e1be5ac0c08d22dc59916c81fd24bd972ef44b601f8cd65ba76fc5d1f9d35c92,p.6 1 工事概要,プラネタリウム機器の設置エリアの変更に伴う床周りの改修等工事を行う,supported,084c6daa551f37758fdcd22f5019604997647556e955e85aa78b98b291d72cda
shinjuku-2026-r2-gian-58,easy,content,R58-E-05,やさしい日本語版でも同じ主張を述べている: 工事場所は東京都新宿区大久保三丁目1番2号 新宿区立教育センター8階,https://www.city.shinjuku.lg.jp/content/000456353.pdf,e1be5ac0c08d22dc59916c81fd24bd972ef44b601f8cd65ba76fc5d1f9d35c92,p.6 2 工事場所,東京都新宿区大久保三丁目 1 番 2 号 新宿区立教育センター8 階,supported,084c6daa551f37758fdcd22f5019604997647556e955e85aa78b98b291d72cda
shinjuku-2026-r2-gian-58,easy,content,R58-E-06,やさしい日本語版でも同じ主張を述べている: 契約の方法は随意契約,https://www.city.shinjuku.lg.jp/content/000457657.pdf,d6c0375028c0c10a6baf287b5e42d1ae8b5bf2bfec7c0053f98bd93ef5e8a5ef,2 契約の方法,随意契約,supported,084c6daa551f37758fdcd22f5019604997647556e955e85aa78b98b291d72cda
shinjuku-2026-r2-gian-58,easy,content,R58-E-07,"やさしい日本語版でも同じ主張を述べている: 契約金額は3億8,489万円",https://www.city.shinjuku.lg.jp/content/000457657.pdf,d6c0375028c0c10a6baf287b5e42d1ae8b5bf2bfec7c0053f98bd93ef5e8a5ef,3 契約金額,"3 億 8,489 万円",supported,084c6daa551f37758fdcd22f5019604997647556e955e85aa78b98b291d72cda
shinjuku-2026-r2-gian-58,easy,content,R58-E-08,やさしい日本語版でも同じ主張を述べている: 契約の相手方は東京都府中市矢崎町四丁目16番地 株式会社五藤光学研究所 取締役社長 五藤信隆,https://www.city.shinjuku.lg.jp/content/000457657.pdf,d6c0375028c0c10a6baf287b5e42d1ae8b5bf2bfec7c0053f98bd93ef5e8a5ef,4 契約の相手方,東京都府中市矢崎町四丁目 16 番地 株式会社五藤光学研究所 取締役社長 五藤 信隆,supported,084c6daa551f37758fdcd22f5019604997647556e955e85aa78b98b291d72cda
shinjuku-2026-r2-gian-58,easy,content,R58-E-09,"やさしい日本語版でも同じ主張を述べている: 相手方の資本金は5,000万円",https://www.city.shinjuku.lg.jp/content/000456353.pdf,e1be5ac0c08d22dc59916c81fd24bd972ef44b601f8cd65ba76fc5d1f9d35c92,p.6 7 契約の相手方,"資本金 5,000 万円",supported,084c6daa551f37758fdcd22f5019604997647556e955e85aa78b98b291d72cda
shinjuku-2026-r2-gian-58,easy,content,R58-E-10,やさしい日本語版でも同じ主張を述べている: 契約月日は仮契約が令和8年5月14日（木）、本契約が議決日の翌日,https://www.city.shinjuku.lg.jp/content/000456353.pdf,e1be5ac0c08d22dc59916c81fd24bd972ef44b601f8cd65ba76fc5d1f9d35c92,p.6 3 契約月日,仮契約 令和 8 年 5 月 14 日（木）本契約 議決日の翌日,supported,084c6daa551f37758fdcd22f5019604997647556e955e85aa78b98b291d72cda
shinjuku-2026-r2-gian-58,easy,content,R58-E-11,やさしい日本語版でも同じ主張を述べている: 履行期間は本契約締結日の翌日から令和9年6月30日まで,https://www.city.shinjuku.lg.jp/content/000456353.pdf,e1be5ac0c08d22dc59916c81fd24bd972ef44b601f8cd65ba76fc5d1f9d35c92,p.6 4 履行期間,本契約締結日の翌日から令和 9 年 6 月 30 日まで,supported,084c6daa551f37758fdcd22f5019604997647556e955e85aa78b98b291d72cda
shinjuku-2026-r2-gian-58,easy,content,R58-E-12,やさしい日本語版でも同じ主張を述べている: 令和8年第2回定例会で原案可決された,https://www.city.shinjuku.lg.jp/kusei/soumu01_002090_00016.html,72349f6e321e79ccc3076036e07386763398510bfb6bb2154b4cd3d6a2d85d58,議決結果ページ,第58号議案 …原案可決,supported,084c6daa551f37758fdcd22f5019604997647556e955e85aa78b98b291d72cda
shinjuku-2026-r2-gian-58,easy,title,R58-E-13,表題「コズミックセンターの プラネタリウムを 直します」は、プラネタリウム設備改修工事等委託契約を指す編集上の見出し,https://www.city.shinjuku.lg.jp/content/000456353.pdf,e1be5ac0c08d22dc59916c81fd24bd972ef44b601f8cd65ba76fc5d1f9d35c92,p.6 1 工事概要,新宿コズミックセンターのプラネタリウム機器及び附帯設備・機器等を製作し、設置を行うとともに,supported,084c6daa551f37758fdcd22f5019604997647556e955e85aa78b98b291d72cda
shinjuku-2026-r2-gian-58,easy,summary,R58-E-14,要約の主張（機器の製作・設置、座席と床カーペットの更新、契約金額と相手方）はいずれも本文の主張と同一,https://www.city.shinjuku.lg.jp/content/000456353.pdf,e1be5ac0c08d22dc59916c81fd24bd972ef44b601f8cd65ba76fc5d1f9d35c92,p.6 1 工事概要,新宿コズミックセンターのプラネタリウム機器及び附帯設備・機器等を製作し、設置を行うとともに,supported,084c6daa551f37758fdcd22f5019604997647556e955e85aa78b98b291d72cda
shinjuku-2026-r2-gian-59,easy,content,R59-E-01,やさしい日本語版でも同じ主張を述べている: 買入れの目的は災害時における避難所での避難生活者、在宅避難者及び帰宅困難者用である,https://www.city.shinjuku.lg.jp/content/000457658.pdf,500d109249f330d8df3a966906413ba882c8f66b9738c45a171cdbfe009cc2cc,議案本文 1 買入れの目的,災害時に お け る 避 難 所 で の 避 難 生 活 者 、 在 宅 避 難 者 及 び 帰 宅 困 難 者用,supported,5c14526d566dc75da4710a23bcbe201097eba6b04257d4f6c7bddec88c449d87
shinjuku-2026-r2-gian-59,easy,content,R59-E-02,やさしい日本語版でも同じ主張を述べている: 灯油缶詰160缶を買い入れる,https://www.city.shinjuku.lg.jp/content/000457658.pdf,500d109249f330d8df3a966906413ba882c8f66b9738c45a171cdbfe009cc2cc,議案本文 2 種類及び数量,⑴ 灯油缶詰 160 缶,supported,5c14526d566dc75da4710a23bcbe201097eba6b04257d4f6c7bddec88c449d87
shinjuku-2026-r2-gian-59,easy,content,R59-E-03,やさしい日本語版でも同じ主張を述べている: ガソリン缶詰360缶を買い入れる,https://www.city.shinjuku.lg.jp/content/000457658.pdf,500d109249f330d8df3a966906413ba882c8f66b9738c45a171cdbfe009cc2cc,議案本文 2 種類及び数量,⑵ ガソリン 缶 詰 360 缶,supported,5c14526d566dc75da4710a23bcbe201097eba6b04257d4f6c7bddec88c449d87
shinjuku-2026-r2-gian-59,easy,content,R59-E-04,やさしい日本語版でも同じ主張を述べている: 乾電池（単三形）200本を買い入れる,https://www.city.shinjuku.lg.jp/content/000457658.pdf,500d109249f330d8df3a966906413ba882c8f66b9738c45a171cdbfe009cc2cc,議案本文 2 種類及び数量,⑶ 乾電池（ 単 三 形 ） 200 本,supported,5c14526d566dc75da4710a23bcbe201097eba6b04257d4f6c7bddec88c449d87
shinjuku-2026-r2-gian-59,easy,content,R59-E-05,やさしい日本語版でも同じ主張を述べている: 乾電池（単四形）816本を買い入れる,https://www.city.shinjuku.lg.jp/content/000457658.pdf,500d109249f330d8df3a966906413ba882c8f66b9738c45a171cdbfe009cc2cc,議案本文 2 種類及び数量,⑷ 乾電池（ 単 四 形 ） 816 本,supported,5c14526d566dc75da4710a23bcbe201097eba6b04257d4f6c7bddec88c449d87
shinjuku-2026-r2-gian-59,easy,content,R59-E-06,"やさしい日本語版でも同じ主張を述べている: アルファ化米160,000食を買い入れる",https://www.city.shinjuku.lg.jp/content/000457658.pdf,500d109249f330d8df3a966906413ba882c8f66b9738c45a171cdbfe009cc2cc,議案本文 2 種類及び数量,"⑸ アルファ 化 米 160, 0 0 0 食",supported,5c14526d566dc75da4710a23bcbe201097eba6b04257d4f6c7bddec88c449d87
shinjuku-2026-r2-gian-59,easy,content,R59-E-07,"やさしい日本語版でも同じ主張を述べている: 液体ミルク2,000缶を買い入れる",https://www.city.shinjuku.lg.jp/content/000457658.pdf,500d109249f330d8df3a966906413ba882c8f66b9738c45a171cdbfe009cc2cc,議案本文 2 種類及び数量,"⑹ 液体ミ ル ク 2,00 0 缶",supported,5c14526d566dc75da4710a23bcbe201097eba6b04257d4f6c7bddec88c449d87
shinjuku-2026-r2-gian-59,easy,content,R59-E-08,"やさしい日本語版でも同じ主張を述べている: 紙皿（お椀型）51,000枚を買い入れる",https://www.city.shinjuku.lg.jp/content/000457658.pdf,500d109249f330d8df3a966906413ba882c8f66b9738c45a171cdbfe009cc2cc,議案本文 2 種類及び数量,"⑺ 紙皿（お 椀 型 ） 51,00 0 枚",supported,5c14526d566dc75da4710a23bcbe201097eba6b04257d4f6c7bddec88c449d87
shinjuku-2026-r2-gian-59,easy,content,R59-E-09,"やさしい日本語版でも同じ主張を述べている: 生理用ナプキン（昼用）5,100パックを買い入れる",https://www.city.shinjuku.lg.jp/content/000457658.pdf,500d109249f330d8df3a966906413ba882c8f66b9738c45a171cdbfe009cc2cc,議案本文 2 種類及び数量,"⑻ 生理用ナ プ キ ン （ 昼 用 ） 5,100 パ ッ ク",supported,5c14526d566dc75da4710a23bcbe201097eba6b04257d4f6c7bddec88c449d87
shinjuku-2026-r2-gian-59,easy,content,R59-E-10,"やさしい日本語版でも同じ主張を述べている: 生理用ナプキン（夜用）5,100パックを買い入れる",https://www.city.shinjuku.lg.jp/content/000457658.pdf,500d109249f330d8df3a966906413ba882c8f66b9738c45a171cdbfe009cc2cc,議案本文 2 種類及び数量,"⑼ 生理用ナ プ キ ン （ 夜 用 ） 5,100 パ ッ ク",supported,5c14526d566dc75da4710a23bcbe201097eba6b04257d4f6c7bddec88c449d87
shinjuku-2026-r2-gian-59,easy,content,R59-E-11,"やさしい日本語版でも同じ主張を述べている: 粉ミルク（一般用）2,200缶を買い入れる",https://www.city.shinjuku.lg.jp/content/000457658.pdf,500d109249f330d8df3a966906413ba882c8f66b9738c45a171cdbfe009cc2cc,議案本文 2 種類及び数量,"⑽ 粉ミルク （ 一 般 用 ） 2,20 0 缶",supported,5c14526d566dc75da4710a23bcbe201097eba6b04257d4f6c7bddec88c449d87
shinjuku-2026-r2-gian-59,easy,content,R59-E-12,やさしい日本語版でも同じ主張を述べている: 粉ミルク（アレルギー用）110缶を買い入れる,https://www.city.shinjuku.lg.jp/content/000457658.pdf,500d109249f330d8df3a966906413ba882c8f66b9738c45a171cdbfe009cc2cc,議案本文 2 種類及び数量,⑾ 粉ミルク （ ア レ ル ギ ー 用 ） 110 缶,supported,5c14526d566dc75da4710a23bcbe201097eba6b04257d4f6c7bddec88c449d87
shinjuku-2026-r2-gian-59,easy,content,R59-E-13,"やさしい日本語版でも同じ主張を述べている: 買入金額は7,513万3,509円である",https://www.city.shinjuku.lg.jp/content/000457658.pdf,500d109249f330d8df3a966906413ba882c8f66b9738c45a171cdbfe009cc2cc,議案本文 3 買入金額,"7,51 3 万 3 , 5 0 9 円",supported,5c14526d566dc75da4710a23bcbe201097eba6b04257d4f6c7bddec88c449d87
shinjuku-2026-r2-gian-59,easy,content,R59-E-14,やさしい日本語版でも同じ主張を述べている: 契約の方法は指名競争入札である,https://www.city.shinjuku.lg.jp/content/000456353.pdf,e1be5ac0c08d22dc59916c81fd24bd972ef44b601f8cd65ba76fc5d1f9d35c92,第59号議案 5 契約の方法,指名競争入札,supported,5c14526d566dc75da4710a23bcbe201097eba6b04257d4f6c7bddec88c449d87
shinjuku-2026-r2-gian-59,easy,content,R59-E-15,やさしい日本語版でも同じ主張を述べている: 契約の相手方は社会福祉法人東京コロニー 東京コロニーである,https://www.city.shinjuku.lg.jp/content/000456353.pdf,e1be5ac0c08d22dc59916c81fd24bd972ef44b601f8cd65ba76fc5d1f9d35c92,第59号議案 7 契約の相手方,社会福祉法人東京コロニー 東京コロニー,supported,5c14526d566dc75da4710a23bcbe201097eba6b04257d4f6c7bddec88c449d87
shinjuku-2026-r2-gian-59,easy,content,R59-E-16,やさしい日本語版でも同じ主張を述べている: 相手方の所在地は東京都葛飾区金町二丁目8番20号である,https://www.city.shinjuku.lg.jp/content/000456353.pdf,e1be5ac0c08d22dc59916c81fd24bd972ef44b601f8cd65ba76fc5d1f9d35c92,第59号議案 7 契約の相手方,東京都葛飾区金町二丁目 8 番 20 号,supported,5c14526d566dc75da4710a23bcbe201097eba6b04257d4f6c7bddec88c449d87
shinjuku-2026-r2-gian-59,easy,content,R59-E-17,"やさしい日本語版でも同じ主張を述べている: 相手方の代表者は理事 近藤章夫、資本金は3億91万5,000円である",https://www.city.shinjuku.lg.jp/content/000456353.pdf,e1be5ac0c08d22dc59916c81fd24bd972ef44b601f8cd65ba76fc5d1f9d35c92,第59号議案 7 契約の相手方,"理事 近藤 章夫 資本金 3 億 91 万 5,000 円",supported,5c14526d566dc75da4710a23bcbe201097eba6b04257d4f6c7bddec88c449d87
shinjuku-2026-r2-gian-59,easy,content,R59-E-18,やさしい日本語版でも同じ主張を述べている: 納入場所は新宿区指定の場所である,https://www.city.shinjuku.lg.jp/content/000456353.pdf,e1be5ac0c08d22dc59916c81fd24bd972ef44b601f8cd65ba76fc5d1f9d35c92,第59号議案 2 納入場所,新宿区指定の場所,supported,5c14526d566dc75da4710a23bcbe201097eba6b04257d4f6c7bddec88c449d87
shinjuku-2026-r2-gian-59,easy,content,R59-E-19,やさしい日本語版でも同じ主張を述べている: 仮契約は令和8年5月14日（木）、本契約は議決日の翌日である,https://www.city.shinjuku.lg.jp/content/000456353.pdf,e1be5ac0c08d22dc59916c81fd24bd972ef44b601f8cd65ba76fc5d1f9d35c92,第59号議案 3 契約月日,仮契約 令和 8 年 5 月 14 日（木） 本契約 議決日の翌日,supported,5c14526d566dc75da4710a23bcbe201097eba6b04257d4f6c7bddec88c449d87
shinjuku-2026-r2-gian-59,easy,content,R59-E-20,やさしい日本語版でも同じ主張を述べている: ⑴から⑶の納期は令和8年7月1日から同年8月28日までである,https://www.city.shinjuku.lg.jp/content/000456353.pdf,e1be5ac0c08d22dc59916c81fd24bd972ef44b601f8cd65ba76fc5d1f9d35c92,第59号議案 4 納期,・⑴から⑶については、令和 8 年 7 月 1 日から同年 8 月 28 日まで,supported,5c14526d566dc75da4710a23bcbe201097eba6b04257d4f6c7bddec88c449d87
shinjuku-2026-r2-gian-59,easy,content,R59-E-21,やさしい日本語版でも同じ主張を述べている: ⑷から⑹の納期は令和8年12月7日から同月18日までである,https://www.city.shinjuku.lg.jp/content/000456353.pdf,e1be5ac0c08d22dc59916c81fd24bd972ef44b601f8cd65ba76fc5d1f9d35c92,第59号議案 4 納期,・⑷から⑹については、令和 8 年 12 月 7 日から同月 18 日まで,supported,5c14526d566dc75da4710a23bcbe201097eba6b04257d4f6c7bddec88c449d87
shinjuku-2026-r2-gian-59,easy,content,R59-E-22,やさしい日本語版でも同じ主張を述べている: 令和8年第2回定例会で原案可決された,https://www.city.shinjuku.lg.jp/kusei/soumu01_002090_00016.html,72349f6e321e79ccc3076036e07386763398510bfb6bb2154b4cd3d6a2d85d58,議決結果表 第59号議案,第59号議案 災害用備蓄物資の買入れについて 原案可決,supported,5c14526d566dc75da4710a23bcbe201097eba6b04257d4f6c7bddec88c449d87
shinjuku-2026-r2-gian-59,easy,content,R59-E-23,やさしい日本語版でも同じ主張を述べている: 単価・保管場所・備蓄計画上の位置づけ・既存備蓄量は資料に書かれていない,https://www.city.shinjuku.lg.jp/content/000457658.pdf,500d109249f330d8df3a966906413ba882c8f66b9738c45a171cdbfe009cc2cc,出典に記載がない事項,（本件は解説本文が「議案の資料には書かれていません」と明示している箇所であり、事実主張ではない）,supported,5c14526d566dc75da4710a23bcbe201097eba6b04257d4f6c7bddec88c449d87
shinjuku-2026-r2-gian-59,easy,title,R59-E-24,やさしい日本語版でも同じ主張を述べている: 見出し: 災害用の備蓄物資を買い入れる。アルファ化米は16万食である,https://www.city.shinjuku.lg.jp/content/000457658.pdf,500d109249f330d8df3a966906413ba882c8f66b9738c45a171cdbfe009cc2cc,議案本文 2 種類及び数量,"⑸ アルファ 化 米 160, 0 0 0 食",supported,5c14526d566dc75da4710a23bcbe201097eba6b04257d4f6c7bddec88c449d87
shinjuku-2026-r2-gian-59,easy,summary,R59-E-25,やさしい日本語版でも同じ主張を述べている: 要約: 災害時における避難所での避難生活者、在宅避難者、帰宅困難者のための備蓄物資である,https://www.city.shinjuku.lg.jp/content/000457658.pdf,500d109249f330d8df3a966906413ba882c8f66b9738c45a171cdbfe009cc2cc,議案本文 1 買入れの目的,災害時に お け る 避 難 所 で の 避 難 生 活 者 、 在 宅 避 難 者 及 び 帰 宅 困 難 者用,supported,5c14526d566dc75da4710a23bcbe201097eba6b04257d4f6c7bddec88c449d87
shinjuku-2026-r2-gian-59,easy,summary,R59-E-26,"やさしい日本語版でも同じ主張を述べている: 要約: 液体ミルクは2,000缶である",https://www.city.shinjuku.lg.jp/content/000457658.pdf,500d109249f330d8df3a966906413ba882c8f66b9738c45a171cdbfe009cc2cc,議案本文 2 種類及び数量,"⑹ 液体ミ ル ク 2,00 0 缶",supported,5c14526d566dc75da4710a23bcbe201097eba6b04257d4f6c7bddec88c449d87
shinjuku-2026-r2-gian-59,easy,summary,R59-E-27,"やさしい日本語版でも同じ主張を述べている: 要約: 11品目で買入金額は7,513万3,509円である",https://www.city.shinjuku.lg.jp/content/000457658.pdf,500d109249f330d8df3a966906413ba882c8f66b9738c45a171cdbfe009cc2cc,議案本文 2・3,"⑾ 粉ミルク （ ア レ ル ギ ー 用 ） 110 缶…7,51 3 万 3 , 5 0 9 円",supported,5c14526d566dc75da4710a23bcbe201097eba6b04257d4f6c7bddec88c449d87
shinjuku-2026-r2-gian-59,easy,summary,R59-E-28,やさしい日本語版でも同じ主張を述べている: 要約: 指名競争入札により社会福祉法人東京コロニーと契約する,https://www.city.shinjuku.lg.jp/content/000456353.pdf,e1be5ac0c08d22dc59916c81fd24bd972ef44b601f8cd65ba76fc5d1f9d35c92,第59号議案 5・7,指名競争入札…社会福祉法人東京コロニー 東京コロニー,supported,5c14526d566dc75da4710a23bcbe201097eba6b04257d4f6c7bddec88c449d87
shinjuku-2026-r2-gian-60,easy,content,R60-E-01,やさしい日本語版でも同じ主張を述べている: 買入れの目的は老朽化への対応、掲示作業の安全性の向上及び作業時間の短縮による負担の軽減である,https://www.city.shinjuku.lg.jp/content/000457659.pdf,401ec865c2ed11c15c222a2106a1551a27a3ef5edb13c312952546375d77d428,議案本文 1 買入れの目的,老朽化 へ の 対 応 、 掲 示 作 業 の 安 全 性 の 向 上 及 び 作 業 時 間 の 短 縮 による 負 担 の 軽 減 の た め,supported,d57e7ee0b931ca7002fe618b2584caedaa4ca9279c8c42c1840c87690ccb93d0
shinjuku-2026-r2-gian-60,easy,content,R60-E-02,やさしい日本語版でも同じ主張を述べている: 掲示板（大）及びマグネットボード（大）737基を買い入れる,https://www.city.shinjuku.lg.jp/content/000457659.pdf,401ec865c2ed11c15c222a2106a1551a27a3ef5edb13c312952546375d77d428,議案本文 2 種類及び数量,⑴ 掲示板（ 大 ） 及 び マ グ ネ ッ ト ボ ー ド （ 大 ） 737 基,supported,d57e7ee0b931ca7002fe618b2584caedaa4ca9279c8c42c1840c87690ccb93d0
shinjuku-2026-r2-gian-60,easy,content,R60-E-03,やさしい日本語版でも同じ主張を述べている: 掲示板（小）及びマグネットボード（小）30基を買い入れる,https://www.city.shinjuku.lg.jp/content/000457659.pdf,401ec865c2ed11c15c222a2106a1551a27a3ef5edb13c312952546375d77d428,議案本文 2 種類及び数量,⑵ 掲示板（ 小 ） 及 び マ グ ネ ッ ト ボ ー ド （ 小 ） 30 基,supported,d57e7ee0b931ca7002fe618b2584caedaa4ca9279c8c42c1840c87690ccb93d0
shinjuku-2026-r2-gian-60,easy,content,R60-E-04,"やさしい日本語版でも同じ主張を述べている: 買入金額は7,930万7,800円である",https://www.city.shinjuku.lg.jp/content/000457659.pdf,401ec865c2ed11c15c222a2106a1551a27a3ef5edb13c312952546375d77d428,議案本文 3 買入金額,"7,93 0 万 7 , 8 0 0 円",supported,d57e7ee0b931ca7002fe618b2584caedaa4ca9279c8c42c1840c87690ccb93d0
shinjuku-2026-r2-gian-60,easy,content,R60-E-05,やさしい日本語版でも同じ主張を述べている: 契約の方法は指名競争入札である,https://www.city.shinjuku.lg.jp/content/000456353.pdf,e1be5ac0c08d22dc59916c81fd24bd972ef44b601f8cd65ba76fc5d1f9d35c92,第60号議案 5 契約の方法,指名競争入札,supported,d57e7ee0b931ca7002fe618b2584caedaa4ca9279c8c42c1840c87690ccb93d0
shinjuku-2026-r2-gian-60,easy,content,R60-E-06,やさしい日本語版でも同じ主張を述べている: 契約の相手方は株式会社地域シャワーコムである,https://www.city.shinjuku.lg.jp/content/000456353.pdf,e1be5ac0c08d22dc59916c81fd24bd972ef44b601f8cd65ba76fc5d1f9d35c92,第60号議案 7 契約の相手方,株式会社地域シャワーコム,supported,d57e7ee0b931ca7002fe618b2584caedaa4ca9279c8c42c1840c87690ccb93d0
shinjuku-2026-r2-gian-60,easy,content,R60-E-07,やさしい日本語版でも同じ主張を述べている: 相手方の所在地は神奈川県中郡大磯町生沢851番地1である,https://www.city.shinjuku.lg.jp/content/000456353.pdf,e1be5ac0c08d22dc59916c81fd24bd972ef44b601f8cd65ba76fc5d1f9d35c92,第60号議案 7 契約の相手方,神奈川県中郡大磯町生沢 851 番地 1,supported,d57e7ee0b931ca7002fe618b2584caedaa4ca9279c8c42c1840c87690ccb93d0
shinjuku-2026-r2-gian-60,easy,content,R60-E-08,"やさしい日本語版でも同じ主張を述べている: 相手方の代表者は代表取締役 外城順子、資本金は1,000万円である",https://www.city.shinjuku.lg.jp/content/000456353.pdf,e1be5ac0c08d22dc59916c81fd24bd972ef44b601f8cd65ba76fc5d1f9d35c92,第60号議案 7 契約の相手方,"代表取締役 外城 順子 資本金 1,000 万円",supported,d57e7ee0b931ca7002fe618b2584caedaa4ca9279c8c42c1840c87690ccb93d0
shinjuku-2026-r2-gian-60,easy,content,R60-E-09,やさしい日本語版でも同じ主張を述べている: 納入場所は新宿区指定の場所である,https://www.city.shinjuku.lg.jp/content/000456353.pdf,e1be5ac0c08d22dc59916c81fd24bd972ef44b601f8cd65ba76fc5d1f9d35c92,第60号議案 2 納入場所,新宿区指定の場所,supported,d57e7ee0b931ca7002fe618b2584caedaa4ca9279c8c42c1840c87690ccb93d0
shinjuku-2026-r2-gian-60,easy,content,R60-E-10,やさしい日本語版でも同じ主張を述べている: 仮契約は令和8年5月14日（木）、本契約は議決日の翌日である,https://www.city.shinjuku.lg.jp/content/000456353.pdf,e1be5ac0c08d22dc59916c81fd24bd972ef44b601f8cd65ba76fc5d1f9d35c92,第60号議案 3 契約月日,仮契約 令和 8 年 5 月 14 日（木） 本契約 議決日の翌日,supported,d57e7ee0b931ca7002fe618b2584caedaa4ca9279c8c42c1840c87690ccb93d0
shinjuku-2026-r2-gian-60,easy,content,R60-E-11,やさしい日本語版でも同じ主張を述べている: 納期は本契約締結日の翌日から令和9年3月31日までである,https://www.city.shinjuku.lg.jp/content/000456353.pdf,e1be5ac0c08d22dc59916c81fd24bd972ef44b601f8cd65ba76fc5d1f9d35c92,第60号議案 4 納期,本契約締結日の翌日から令和 9 年 3 月 31 日まで,supported,d57e7ee0b931ca7002fe618b2584caedaa4ca9279c8c42c1840c87690ccb93d0
shinjuku-2026-r2-gian-60,easy,content,R60-E-12,やさしい日本語版でも同じ主張を述べている: 令和8年第2回定例会で原案可決された,https://www.city.shinjuku.lg.jp/kusei/soumu01_002090_00016.html,72349f6e321e79ccc3076036e07386763398510bfb6bb2154b4cd3d6a2d85d58,議決結果表 第60号議案,第60号議案 区設掲示板用マグネット画板等の買入れについて 原案可決,supported,d57e7ee0b931ca7002fe618b2584caedaa4ca9279c8c42c1840c87690ccb93d0
shinjuku-2026-r2-gian-60,easy,content,R60-E-13,やさしい日本語版でも同じ主張を述べている: 設置場所・寸法・区設掲示板の総数・設置工事の扱い・単価は資料に書かれていない,https://www.city.shinjuku.lg.jp/content/000457659.pdf,401ec865c2ed11c15c222a2106a1551a27a3ef5edb13c312952546375d77d428,出典に記載がない事項,（本件は解説本文が「議案の資料には書かれていません」と明示している箇所であり、事実主張ではない）,supported,d57e7ee0b931ca7002fe618b2584caedaa4ca9279c8c42c1840c87690ccb93d0
shinjuku-2026-r2-gian-60,easy,content,R60-E-14,やさしい日本語版でも同じ主張を述べている: 合計767基である（出典の737基と30基の和。合計値そのものは出典に記載がなく、本解説での算出）,https://www.city.shinjuku.lg.jp/content/000457659.pdf,401ec865c2ed11c15c222a2106a1551a27a3ef5edb13c312952546375d77d428,議案本文 2 種類及び数量,⑴ 掲示板（ 大 ） 及 び マ グ ネ ッ ト ボ ー ド （ 大 ） 737 基…⑵ 掲示板（ 小 ） 及 び マ グ ネ ッ ト ボ ー ド （ 小 ） 30 基,supported,d57e7ee0b931ca7002fe618b2584caedaa4ca9279c8c42c1840c87690ccb93d0
shinjuku-2026-r2-gian-60,easy,title,R60-E-15,やさしい日本語版でも同じ主張を述べている: 見出し: 掲示板とマグネットボードを合計767基買い入れる（737基と30基の和。合計値そのものは出典になく本解説での算出）,https://www.city.shinjuku.lg.jp/content/000457659.pdf,401ec865c2ed11c15c222a2106a1551a27a3ef5edb13c312952546375d77d428,議案本文 2 種類及び数量,⑴ 掲示板（ 大 ） 及 び マ グ ネ ッ ト ボ ー ド （ 大 ） 737 基…⑵ 掲示板（ 小 ） 及 び マ グ ネ ッ ト ボ ー ド （ 小 ） 30 基,supported,d57e7ee0b931ca7002fe618b2584caedaa4ca9279c8c42c1840c87690ccb93d0
shinjuku-2026-r2-gian-60,easy,summary,R60-E-16,やさしい日本語版でも同じ主張を述べている: 要約: 掲示板（大）及びマグネットボード（大）は737基である,https://www.city.shinjuku.lg.jp/content/000457659.pdf,401ec865c2ed11c15c222a2106a1551a27a3ef5edb13c312952546375d77d428,議案本文 2 種類及び数量,⑴ 掲示板（ 大 ） 及 び マ グ ネ ッ ト ボ ー ド （ 大 ） 737 基,supported,d57e7ee0b931ca7002fe618b2584caedaa4ca9279c8c42c1840c87690ccb93d0
shinjuku-2026-r2-gian-60,easy,summary,R60-E-17,やさしい日本語版でも同じ主張を述べている: 要約: 掲示板（小）及びマグネットボード（小）は30基である,https://www.city.shinjuku.lg.jp/content/000457659.pdf,401ec865c2ed11c15c222a2106a1551a27a3ef5edb13c312952546375d77d428,議案本文 2 種類及び数量,⑵ 掲示板（ 小 ） 及 び マ グ ネ ッ ト ボ ー ド （ 小 ） 30 基,supported,d57e7ee0b931ca7002fe618b2584caedaa4ca9279c8c42c1840c87690ccb93d0
shinjuku-2026-r2-gian-60,easy,summary,R60-E-18,"やさしい日本語版でも同じ主張を述べている: 要約: 買入金額は7,930万7,800円である",https://www.city.shinjuku.lg.jp/content/000457659.pdf,401ec865c2ed11c15c222a2106a1551a27a3ef5edb13c312952546375d77d428,議案本文 3 買入金額,"7,93 0 万 7 , 8 0 0 円",supported,d57e7ee0b931ca7002fe618b2584caedaa4ca9279c8c42c1840c87690ccb93d0
shinjuku-2026-r2-gian-60,easy,summary,R60-E-19,やさしい日本語版でも同じ主張を述べている: 要約: 指名競争入札により株式会社地域シャワーコムと契約する,https://www.city.shinjuku.lg.jp/content/000456353.pdf,e1be5ac0c08d22dc59916c81fd24bd972ef44b601f8cd65ba76fc5d1f9d35c92,第60号議案 5・7,指名競争入札…株式会社地域シャワーコム,supported,d57e7ee0b931ca7002fe618b2584caedaa4ca9279c8c42c1840c87690ccb93d0
shinjuku-2026-r2-gian-60,easy,summary,R60-E-20,やさしい日本語版でも同じ主張を述べている: 要約: 老朽化への対応と掲示作業の安全性向上、作業時間の短縮が目的である,https://www.city.shinjuku.lg.jp/content/000457659.pdf,401ec865c2ed11c15c222a2106a1551a27a3ef5edb13c312952546375d77d428,議案本文 1 買入れの目的,老朽化 へ の 対 応 、 掲 示 作 業 の 安 全 性 の 向 上 及 び 作 業 時 間 の 短 縮 による 負 担 の 軽 減 の た め,supported,d57e7ee0b931ca7002fe618b2584caedaa4ca9279c8c42c1840c87690ccb93d0
shinjuku-2026-r2-gian-61,easy,content,R61-E-01,やさしい日本語版でも同じ主張を述べている: 提出日は令和8年6月19日である,https://www.city.shinjuku.lg.jp/content/000458535.pdf,d34b802d20c7cd980c29ee6b449b8a56382a87f0579bef9ac8f47c7d44fd5b2a,議案本文末尾,令和８年６月１９日 提出者 新宿区長 吉住 健一,supported,727760b3de9119caafacdb1eef4405521f64bb3f8ac246d8759a5708aa9ed2b5
shinjuku-2026-r2-gian-61,easy,content,R61-E-02,やさしい日本語版でも同じ主張を述べている: 他の多くの議案は令和8年6月10日提出である,https://www.city.shinjuku.lg.jp/content/000457656.pdf,7429c78b3b5d63d279f3ae8f41e883b63c88bd8365d5ca2dad0e91824d476502,議案本文末尾,令和８年６月１０日 提出者 新宿区長 吉住 健一,supported,727760b3de9119caafacdb1eef4405521f64bb3f8ac246d8759a5708aa9ed2b5
shinjuku-2026-r2-gian-61,easy,content,R61-E-03,やさしい日本語版でも同じ主張を述べている: 工事場所は東京都新宿区天神町63番地先から山吹町293番地先までである,https://www.city.shinjuku.lg.jp/content/000458106.pdf,f553a43c27864291cb20e4552c3725687b4cf75df5bd85647defc1a518209ec7,第61号議案 2 工事場所,東京都新宿区天神町 63 番地先から山吹町 293 番地先まで,supported,727760b3de9119caafacdb1eef4405521f64bb3f8ac246d8759a5708aa9ed2b5
shinjuku-2026-r2-gian-61,easy,content,R61-E-04,やさしい日本語版でも同じ主張を述べている: 工事概要は土工・仮設工・排水施設工・街築工・舗装工・交通安全施設工・下水道施設工である,https://www.city.shinjuku.lg.jp/content/000458106.pdf,f553a43c27864291cb20e4552c3725687b4cf75df5bd85647defc1a518209ec7,第61号議案 1 工事概要,⑴ 土工 一式 ⑵ 仮設工 一式 ⑶ 排水施設工 一式 ⑷ 街築工 一式 ⑸ 舗装工 一式 ⑹ 交通安全施設工 一式 ⑺ 下水道施設工 一式,supported,727760b3de9119caafacdb1eef4405521f64bb3f8ac246d8759a5708aa9ed2b5
shinjuku-2026-r2-gian-61,easy,content,R61-E-05,やさしい日本語版でも同じ主張を述べている: 契約の方法は随意契約である,https://www.city.shinjuku.lg.jp/content/000458535.pdf,d34b802d20c7cd980c29ee6b449b8a56382a87f0579bef9ac8f47c7d44fd5b2a,議案本文 2 契約の方法,随意契約,supported,727760b3de9119caafacdb1eef4405521f64bb3f8ac246d8759a5708aa9ed2b5
shinjuku-2026-r2-gian-61,easy,content,R61-E-06,"やさしい日本語版でも同じ主張を述べている: 契約金額は2億4,685万9,800円である",https://www.city.shinjuku.lg.jp/content/000458535.pdf,d34b802d20c7cd980c29ee6b449b8a56382a87f0579bef9ac8f47c7d44fd5b2a,議案本文 3 契約金額,"2 億 4,685 万 9,800 円",supported,727760b3de9119caafacdb1eef4405521f64bb3f8ac246d8759a5708aa9ed2b5
shinjuku-2026-r2-gian-61,easy,content,R61-E-07,やさしい日本語版でも同じ主張を述べている: 契約の相手方は常盤工業株式会社 東京支店である,https://www.city.shinjuku.lg.jp/content/000458535.pdf,d34b802d20c7cd980c29ee6b449b8a56382a87f0579bef9ac8f47c7d44fd5b2a,議案本文 4 契約の相手方,常盤工業株式会社 東京支店,supported,727760b3de9119caafacdb1eef4405521f64bb3f8ac246d8759a5708aa9ed2b5
shinjuku-2026-r2-gian-61,easy,content,R61-E-08,やさしい日本語版でも同じ主張を述べている: 相手方の所在地は東京都新宿区新宿一丁目14番5号である,https://www.city.shinjuku.lg.jp/content/000458535.pdf,d34b802d20c7cd980c29ee6b449b8a56382a87f0579bef9ac8f47c7d44fd5b2a,議案本文 4 契約の相手方,東 京 都 新 宿 区 新 宿 一 丁 目 14 番 5 号,supported,727760b3de9119caafacdb1eef4405521f64bb3f8ac246d8759a5708aa9ed2b5
shinjuku-2026-r2-gian-61,easy,content,R61-E-09,やさしい日本語版でも同じ主張を述べている: 相手方の代表者は執行役員支店長 福岳雄一郎、資本金は1億円である,https://www.city.shinjuku.lg.jp/content/000458106.pdf,f553a43c27864291cb20e4552c3725687b4cf75df5bd85647defc1a518209ec7,第61号議案 7 契約の相手方,執行役員支店長 福岳 雄一郎 資本金 1 億円,supported,727760b3de9119caafacdb1eef4405521f64bb3f8ac246d8759a5708aa9ed2b5
shinjuku-2026-r2-gian-61,easy,content,R61-E-10,やさしい日本語版でも同じ主張を述べている: 仮契約は令和8年6月15日（月）、本契約は議決日の翌日である,https://www.city.shinjuku.lg.jp/content/000458106.pdf,f553a43c27864291cb20e4552c3725687b4cf75df5bd85647defc1a518209ec7,第61号議案 3 契約月日,仮契約 令和 8 年 6 月 15 日（月） 本契約 議決日の翌日,supported,727760b3de9119caafacdb1eef4405521f64bb3f8ac246d8759a5708aa9ed2b5
shinjuku-2026-r2-gian-61,easy,content,R61-E-11,やさしい日本語版でも同じ主張を述べている: 工期は本契約締結日の翌日から令和9年3月29日までである,https://www.city.shinjuku.lg.jp/content/000458106.pdf,f553a43c27864291cb20e4552c3725687b4cf75df5bd85647defc1a518209ec7,第61号議案 4 工期,本契約締結日の翌日から令和 9 年 3 月 29 日まで,supported,727760b3de9119caafacdb1eef4405521f64bb3f8ac246d8759a5708aa9ed2b5
shinjuku-2026-r2-gian-61,easy,content,R61-E-12,やさしい日本語版でも同じ主張を述べている: 支出科目等には受託事業費 工事請負費も含まれる,https://www.city.shinjuku.lg.jp/content/000458535.pdf,d34b802d20c7cd980c29ee6b449b8a56382a87f0579bef9ac8f47c7d44fd5b2a,議案本文 5 支出科目等,令和 8 年度 区一般会計歳出 土木費 道路橋りょう費 受託事業費 工事請負費,supported,727760b3de9119caafacdb1eef4405521f64bb3f8ac246d8759a5708aa9ed2b5
shinjuku-2026-r2-gian-61,easy,content,R61-E-13,やさしい日本語版でも同じ主張を述べている: 令和8年第2回定例会で原案可決された,https://www.city.shinjuku.lg.jp/kusei/soumu01_002090_00016.html,72349f6e321e79ccc3076036e07386763398510bfb6bb2154b4cd3d6a2d85d58,議決結果表 第61号議案,第61号議案 道路改良工事（江戸川橋通り第1期）（その2）請負契約 原案可決,supported,727760b3de9119caafacdb1eef4405521f64bb3f8ac246d8759a5708aa9ed2b5
shinjuku-2026-r2-gian-61,easy,content,R61-E-14,やさしい日本語版でも同じ主張を述べている: 延長や幅員・工区の分け方・随意契約の理由・交通規制は資料に書かれていない,https://www.city.shinjuku.lg.jp/content/000458535.pdf,d34b802d20c7cd980c29ee6b449b8a56382a87f0579bef9ac8f47c7d44fd5b2a,出典に記載がない事項,（本件は解説本文が「議案の資料には書かれていません」と明示している箇所であり、事実主張ではない）,supported,727760b3de9119caafacdb1eef4405521f64bb3f8ac246d8759a5708aa9ed2b5
shinjuku-2026-r2-gian-61,easy,title,R61-E-15,やさしい日本語版でも同じ主張を述べている: 見出し: 江戸川橋通りの道路改良工事（その2）の契約である,https://www.city.shinjuku.lg.jp/content/000458535.pdf,d34b802d20c7cd980c29ee6b449b8a56382a87f0579bef9ac8f47c7d44fd5b2a,議案本文,道 路 改 良 工 事（ 江 戸 川 橋 通 り 第 Ⅰ 期 ）（ そ の 2 ）,supported,727760b3de9119caafacdb1eef4405521f64bb3f8ac246d8759a5708aa9ed2b5
shinjuku-2026-r2-gian-61,easy,summary,R61-E-16,やさしい日本語版でも同じ主張を述べている: 要約: 工事場所は天神町63番地先から山吹町293番地先までである,https://www.city.shinjuku.lg.jp/content/000458106.pdf,f553a43c27864291cb20e4552c3725687b4cf75df5bd85647defc1a518209ec7,第61号議案 2 工事場所,東京都新宿区天神町 63 番地先から山吹町 293 番地先まで,supported,727760b3de9119caafacdb1eef4405521f64bb3f8ac246d8759a5708aa9ed2b5
shinjuku-2026-r2-gian-61,easy,summary,R61-E-17,"やさしい日本語版でも同じ主張を述べている: 要約: 契約金額は2億4,685万9,800円である",https://www.city.shinjuku.lg.jp/content/000458535.pdf,d34b802d20c7cd980c29ee6b449b8a56382a87f0579bef9ac8f47c7d44fd5b2a,議案本文 3 契約金額,"2 億 4,685 万 9,800 円",supported,727760b3de9119caafacdb1eef4405521f64bb3f8ac246d8759a5708aa9ed2b5
shinjuku-2026-r2-gian-61,easy,summary,R61-E-18,やさしい日本語版でも同じ主張を述べている: 要約: 相手方は常盤工業株式会社東京支店、随意契約である,https://www.city.shinjuku.lg.jp/content/000458535.pdf,d34b802d20c7cd980c29ee6b449b8a56382a87f0579bef9ac8f47c7d44fd5b2a,議案本文 2・4,随意契約…常盤工業株式会社 東京支店,supported,727760b3de9119caafacdb1eef4405521f64bb3f8ac246d8759a5708aa9ed2b5
shinjuku-2026-r2-gian-61,easy,summary,R61-E-19,やさしい日本語版でも同じ主張を述べている: 要約: 工期は本契約締結日の翌日から令和9年3月29日までである,https://www.city.shinjuku.lg.jp/content/000458106.pdf,f553a43c27864291cb20e4552c3725687b4cf75df5bd85647defc1a518209ec7,第61号議案 4 工期,本契約締結日の翌日から令和 9 年 3 月 29 日まで,supported,727760b3de9119caafacdb1eef4405521f64bb3f8ac246d8759a5708aa9ed2b5
shinjuku-2026-r2-gian-62,easy,content,R62-E-01,やさしい日本語版でも同じ主張を述べている: すでに結んでいる工事請負契約の金額を変更する議案である,https://www.city.shinjuku.lg.jp/content/000458536.pdf,5eb92cf035a2c73da3e46038868e27cdbf8dd402e331fe18d72e5ec7d1978808,議案本文,新宿区立角筈区民ホール天井改修その他工事請負契約について、その契約金額を下記のとおり変更する。,supported,ea60330d1c70262a0ca9de6410d402fc77137bfd38c6efcfd78fc38fb97ed715
shinjuku-2026-r2-gian-62,easy,content,R62-E-02,やさしい日本語版でも同じ主張を述べている: 提出日は令和8年6月19日である,https://www.city.shinjuku.lg.jp/content/000458536.pdf,5eb92cf035a2c73da3e46038868e27cdbf8dd402e331fe18d72e5ec7d1978808,議案本文末尾,令和８年６月１９日 提出者 新宿区長 吉住 健一,supported,ea60330d1c70262a0ca9de6410d402fc77137bfd38c6efcfd78fc38fb97ed715
shinjuku-2026-r2-gian-62,easy,content,R62-E-03,やさしい日本語版でも同じ主張を述べている: 原契約は令和7年第2回新宿区議会定例会における議決に基づき締結されたものである,https://www.city.shinjuku.lg.jp/content/000458536.pdf,5eb92cf035a2c73da3e46038868e27cdbf8dd402e331fe18d72e5ec7d1978808,議案本文,令和 7 年第 2 回新宿区議会定例会における議決に基づき締結した,supported,ea60330d1c70262a0ca9de6410d402fc77137bfd38c6efcfd78fc38fb97ed715
shinjuku-2026-r2-gian-62,easy,content,R62-E-04,やさしい日本語版でも同じ主張を述べている: 工事場所は東京都新宿区西新宿四丁目33番7号である,https://www.city.shinjuku.lg.jp/content/000458106.pdf,f553a43c27864291cb20e4552c3725687b4cf75df5bd85647defc1a518209ec7,第62号議案 2 工事場所,東京都新宿区西新宿四丁目 33 番 7 号,supported,ea60330d1c70262a0ca9de6410d402fc77137bfd38c6efcfd78fc38fb97ed715
shinjuku-2026-r2-gian-62,easy,content,R62-E-05,やさしい日本語版でも同じ主張を述べている: 契約月日は令和7年6月20日である,https://www.city.shinjuku.lg.jp/content/000458106.pdf,f553a43c27864291cb20e4552c3725687b4cf75df5bd85647defc1a518209ec7,第62号議案 3 契約月日,令和 7 年 6 月 20 日,supported,ea60330d1c70262a0ca9de6410d402fc77137bfd38c6efcfd78fc38fb97ed715
shinjuku-2026-r2-gian-62,easy,content,R62-E-06,やさしい日本語版でも同じ主張を述べている: 工期は本契約締結日の翌日から令和9年1月29日までである,https://www.city.shinjuku.lg.jp/content/000458106.pdf,f553a43c27864291cb20e4552c3725687b4cf75df5bd85647defc1a518209ec7,第62号議案 4 工期,本契約締結日の翌日から令和 9 年 1 月 29 日まで,supported,ea60330d1c70262a0ca9de6410d402fc77137bfd38c6efcfd78fc38fb97ed715
shinjuku-2026-r2-gian-62,easy,content,R62-E-07,やさしい日本語版でも同じ主張を述べている: 受注者は菊池建設株式会社 新宿支店である,https://www.city.shinjuku.lg.jp/content/000458106.pdf,f553a43c27864291cb20e4552c3725687b4cf75df5bd85647defc1a518209ec7,第62号議案 7 受注者,菊池建設株式会社 新宿支店,supported,ea60330d1c70262a0ca9de6410d402fc77137bfd38c6efcfd78fc38fb97ed715
shinjuku-2026-r2-gian-62,easy,content,R62-E-08,やさしい日本語版でも同じ主張を述べている: 受注者の代表者は支店長 鈴木喜博である,https://www.city.shinjuku.lg.jp/content/000458106.pdf,f553a43c27864291cb20e4552c3725687b4cf75df5bd85647defc1a518209ec7,第62号議案 7 受注者,支店長 鈴木 喜博,supported,ea60330d1c70262a0ca9de6410d402fc77137bfd38c6efcfd78fc38fb97ed715
shinjuku-2026-r2-gian-62,easy,content,R62-E-09,"やさしい日本語版でも同じ主張を述べている: 変更前の金額は6億3,140万円である",https://www.city.shinjuku.lg.jp/content/000458536.pdf,5eb92cf035a2c73da3e46038868e27cdbf8dd402e331fe18d72e5ec7d1978808,議案本文,"変更前 6 億 3,140 万円",supported,ea60330d1c70262a0ca9de6410d402fc77137bfd38c6efcfd78fc38fb97ed715
shinjuku-2026-r2-gian-62,easy,content,R62-E-10,"やさしい日本語版でも同じ主張を述べている: 変更後の金額は6億4,068万4,000円である",https://www.city.shinjuku.lg.jp/content/000458536.pdf,5eb92cf035a2c73da3e46038868e27cdbf8dd402e331fe18d72e5ec7d1978808,議案本文,"変更後 6 億 4,068 万 4,000 円",supported,ea60330d1c70262a0ca9de6410d402fc77137bfd38c6efcfd78fc38fb97ed715
shinjuku-2026-r2-gian-62,easy,content,R62-E-11,やさしい日本語版でも同じ主張を述べている: 国は令和8年3月1日が工期内である工事のうち残工期が2か月以上ある工事案件について新労務単価を反映した請負代金額に変更する措置を講じている,https://www.city.shinjuku.lg.jp/content/000458106.pdf,f553a43c27864291cb20e4552c3725687b4cf75df5bd85647defc1a518209ec7,第62号議案 1 変更概要 ⑴ 変更理由,国は、賃金等の急激な変動に対処するため、令和 8 年 3 月 1 日が工期内である工事のうち、残工期が 2 か月以上ある工事案件について、新労務単価を反映した請負代金額に変更する措置を講じている。,supported,ea60330d1c70262a0ca9de6410d402fc77137bfd38c6efcfd78fc38fb97ed715
shinjuku-2026-r2-gian-62,easy,content,R62-E-12,やさしい日本語版でも同じ主張を述べている: 区も同様の措置を講ずることとし本件工事請負契約の請負代金額を変更する,https://www.city.shinjuku.lg.jp/content/000458106.pdf,f553a43c27864291cb20e4552c3725687b4cf75df5bd85647defc1a518209ec7,第62号議案 1 変更概要 ⑴ 変更理由,区においても、技能労働者への適切な賃金水準確保の重要性を踏まえ、同様の措置を講ずることとし、本件工事請負契約の請負代金額を変更する。,supported,ea60330d1c70262a0ca9de6410d402fc77137bfd38c6efcfd78fc38fb97ed715
shinjuku-2026-r2-gian-62,easy,content,R62-E-13,やさしい日本語版でも同じ主張を述べている: 変更内容は残工期に係る工事費に新労務単価を適用して積算した価格を基礎とした金額に変更するものである,https://www.city.shinjuku.lg.jp/content/000458106.pdf,f553a43c27864291cb20e4552c3725687b4cf75df5bd85647defc1a518209ec7,第62号議案 1 変更概要 ⑵ 変更内容,受注者からの協議に基づき、残工期に係る工事費に新労務単価を適用して積算した価格を基礎とした金額に変更する。,supported,ea60330d1c70262a0ca9de6410d402fc77137bfd38c6efcfd78fc38fb97ed715
shinjuku-2026-r2-gian-62,easy,content,R62-E-14,やさしい日本語版でも同じ主張を述べている: 変更月日は議決日の翌日である,https://www.city.shinjuku.lg.jp/content/000458106.pdf,f553a43c27864291cb20e4552c3725687b4cf75df5bd85647defc1a518209ec7,第62号議案 6 変更月日,議決日の翌日,supported,ea60330d1c70262a0ca9de6410d402fc77137bfd38c6efcfd78fc38fb97ed715
shinjuku-2026-r2-gian-62,easy,content,R62-E-15,やさしい日本語版でも同じ主張を述べている: 令和8年第2回定例会で原案可決された,https://www.city.shinjuku.lg.jp/kusei/soumu01_002090_00016.html,72349f6e321e79ccc3076036e07386763398510bfb6bb2154b4cd3d6a2d85d58,議決結果表 第62号議案,第62号議案 新宿区立角筈区民ホール天井改修その他工事請負契約の変更について 原案可決,supported,ea60330d1c70262a0ca9de6410d402fc77137bfd38c6efcfd78fc38fb97ed715
shinjuku-2026-r2-gian-62,easy,content,R62-E-16,やさしい日本語版でも同じ主張を述べている: 工事内容の変更の有無・残工期に係る工事費の額・当初契約の入札方法は資料に書かれていない,https://www.city.shinjuku.lg.jp/content/000458536.pdf,5eb92cf035a2c73da3e46038868e27cdbf8dd402e331fe18d72e5ec7d1978808,出典に記載がない事項,（本件は解説本文が「議案の資料には書かれていません」と明示している箇所であり、事実主張ではない）,supported,ea60330d1c70262a0ca9de6410d402fc77137bfd38c6efcfd78fc38fb97ed715
shinjuku-2026-r2-gian-62,easy,summary,R62-E-17,やさしい日本語版でも同じ主張を述べている: 要約: 原契約は令和7年第2回定例会の議決に基づき結ばれた,https://www.city.shinjuku.lg.jp/content/000458536.pdf,5eb92cf035a2c73da3e46038868e27cdbf8dd402e331fe18d72e5ec7d1978808,議案本文,令和 7 年第 2 回新宿区議会定例会における議決に基づき締結した,supported,ea60330d1c70262a0ca9de6410d402fc77137bfd38c6efcfd78fc38fb97ed715
shinjuku-2026-r2-gian-62,easy,summary,R62-E-18,"やさしい日本語版でも同じ主張を述べている: 要約: 契約金額を6億3,140万円から6億4,068万4,000円に変更する",https://www.city.shinjuku.lg.jp/content/000458536.pdf,5eb92cf035a2c73da3e46038868e27cdbf8dd402e331fe18d72e5ec7d1978808,議案本文,"変更前 6 億 3,140 万円 変更後 6 億 4,068 万 4,000 円",supported,ea60330d1c70262a0ca9de6410d402fc77137bfd38c6efcfd78fc38fb97ed715
shinjuku-2026-r2-gian-62,easy,summary,R62-E-19,やさしい日本語版でも同じ主張を述べている: 要約: 国が定める公共工事設計労務単価が引き上げられたことに合わせた増額である,https://www.city.shinjuku.lg.jp/content/000458106.pdf,f553a43c27864291cb20e4552c3725687b4cf75df5bd85647defc1a518209ec7,第62号議案 1 変更概要 ⑴ 変更理由,国において決定された令和 8 年 3 月から適用される公共工事設計労務単価（新労務単価）,supported,ea60330d1c70262a0ca9de6410d402fc77137bfd38c6efcfd78fc38fb97ed715
shinjuku-2026-r2-gian-62,easy,title,R62-E-20,表題「角筈区民ホールの 工事の お金を 増やします」は、工事請負契約の契約金額の変更を指す編集上の見出し,https://www.city.shinjuku.lg.jp/content/000458536.pdf,5eb92cf035a2c73da3e46038868e27cdbf8dd402e331fe18d72e5ec7d1978808,議案本文,新宿区立角筈区民ホール天井改修その他工事請負契約について、その契約金額を下記のとおり変更する。,supported,ea60330d1c70262a0ca9de6410d402fc77137bfd38c6efcfd78fc38fb97ed715
shinjuku-2026-r2-shonin-2,easy,content,S2-E-01,やさしい日本語版でも同じ主張を述べている: 議決結果は「可決」ではなく「承認」と表記される,https://www.city.shinjuku.lg.jp/kusei/soumu01_002090_00016.html,72349f6e321e79ccc3076036e07386763398510bfb6bb2154b4cd3d6a2d85d58,議決結果ページ,承認第2号 承認,supported,35a9eecfb08bfc1273d02863bd8a21806ed2bb450927fbdf84d3d778e83ef749
shinjuku-2026-r2-shonin-2,easy,content,S2-E-02,やさしい日本語版でも同じ主張を述べている: 議決すべき事件は新宿区特別区税条例（昭和39年新宿区条例第57号）の一部を改正する件,https://www.city.shinjuku.lg.jp/content/000457641.pdf,dc7ec4b2f70eac312c9cab76a20b47fdd0f5c18e02105a43fb1b03d22434ce46,告示 1 議決すべき事件,新宿区特別区税条例（昭和 39 年新宿区条例第 57 号）の一部を改正する件,supported,35a9eecfb08bfc1273d02863bd8a21806ed2bb450927fbdf84d3d778e83ef749
shinjuku-2026-r2-shonin-2,easy,content,S2-E-03,やさしい日本語版でも同じ主張を述べている: 処分した日は令和8年3月31日,https://www.city.shinjuku.lg.jp/content/000457641.pdf,dc7ec4b2f70eac312c9cab76a20b47fdd0f5c18e02105a43fb1b03d22434ce46,告示 2 処分した日,令和 8 年 3 月 31 日,supported,35a9eecfb08bfc1273d02863bd8a21806ed2bb450927fbdf84d3d778e83ef749
shinjuku-2026-r2-shonin-2,easy,content,S2-E-04,やさしい日本語版でも同じ主張を述べている: 告示番号は新宿区告示第202号,https://www.city.shinjuku.lg.jp/content/000457641.pdf,dc7ec4b2f70eac312c9cab76a20b47fdd0f5c18e02105a43fb1b03d22434ce46,告示冒頭,新宿区告示第２０２号,supported,35a9eecfb08bfc1273d02863bd8a21806ed2bb450927fbdf84d3d778e83ef749
shinjuku-2026-r2-shonin-2,easy,content,S2-E-05,やさしい日本語版でも同じ主張を述べている: 理由は地方税法等の一部を改正する法律（令和8年法律第2号）が令和8年3月31日に公布され同年4月1日から施行されることに伴うもの,https://www.city.shinjuku.lg.jp/content/000457641.pdf,dc7ec4b2f70eac312c9cab76a20b47fdd0f5c18e02105a43fb1b03d22434ce46,告示 3 理由,地方税法等の一部を改正する法律（令和 8 年法律第 2 号）が令和 8 年 3 月 31 日に公布され同年 4 月 1 日から施行されることに伴い、緊急に新宿区特別区税条例の一部を改正しこれを施行するに当たり、新宿区議会を招集する時間的余裕がないことが明らかであるため,supported,35a9eecfb08bfc1273d02863bd8a21806ed2bb450927fbdf84d3d778e83ef749
shinjuku-2026-r2-shonin-2,easy,content,S2-E-06,やさしい日本語版でも同じ主張を述べている: 軽自動車税の環境性能割を廃止するとともに現行の種別割を軽自動車税に名称変更する,https://www.city.shinjuku.lg.jp/content/000456353.pdf,e1be5ac0c08d22dc59916c81fd24bd972ef44b601f8cd65ba76fc5d1f9d35c92,承認第2号の欄 ［主な制定内容］⑴,軽自動車税の環境性能割を廃止するとともに、現行の種別割を軽自動車税に名称変更する。,supported,35a9eecfb08bfc1273d02863bd8a21806ed2bb450927fbdf84d3d778e83ef749
shinjuku-2026-r2-shonin-2,easy,content,S2-E-07,やさしい日本語版でも同じ主張を述べている: グリーン化特例は取得した日の属する年度の翌年度分の税率を軽減するもので、75%軽減の対象とする特例を令和10年度まで2年間延長する,https://www.city.shinjuku.lg.jp/content/000456353.pdf,e1be5ac0c08d22dc59916c81fd24bd972ef44b601f8cd65ba76fc5d1f9d35c92,承認第2号の欄 ［主な制定内容］⑵,取得した日の属する年度の翌年度分の軽自動車税の税率を軽減するグリーン化特例について、75％軽減の対象とする特例を令和 10 年度まで 2 年間延長する。,supported,35a9eecfb08bfc1273d02863bd8a21806ed2bb450927fbdf84d3d778e83ef749
shinjuku-2026-r2-shonin-2,easy,content,S2-E-08,やさしい日本語版でも同じ主張を述べている: 区民税の住宅ローン控除の適用期間を令和12年12月31日までの居住開始分まで5年間延長する,https://www.city.shinjuku.lg.jp/content/000456353.pdf,e1be5ac0c08d22dc59916c81fd24bd972ef44b601f8cd65ba76fc5d1f9d35c92,承認第2号の欄 ［主な制定内容］⑶,区民税の住宅ローン控除（住宅借入金等特別税額控除）の適用期間を令和 12 年 12 月 31 日までの居住開始分まで 5 年間延長する。,supported,35a9eecfb08bfc1273d02863bd8a21806ed2bb450927fbdf84d3d778e83ef749
shinjuku-2026-r2-shonin-2,easy,content,S2-E-09,やさしい日本語版でも同じ主張を述べている: 優良住宅地の造成等のための譲渡に係る特例の適用期限を令和11年度まで3年間延長する,https://www.city.shinjuku.lg.jp/content/000456353.pdf,e1be5ac0c08d22dc59916c81fd24bd972ef44b601f8cd65ba76fc5d1f9d35c92,承認第2号の欄 ［主な制定内容］⑷ア,特例の適用期限を令和 11 年度まで 3 年間延長する。,supported,35a9eecfb08bfc1273d02863bd8a21806ed2bb450927fbdf84d3d778e83ef749
shinjuku-2026-r2-shonin-2,easy,content,S2-E-10,やさしい日本語版でも同じ主張を述べている: 地すべり防止区域・急傾斜地崩壊危険区域・土砂災害特別警戒区域・浸水被害防止区域内の土地等の譲渡には特例を適用できないこととする,https://www.city.shinjuku.lg.jp/content/000456353.pdf,e1be5ac0c08d22dc59916c81fd24bd972ef44b601f8cd65ba76fc5d1f9d35c92,承認第2号の欄 ［主な制定内容］⑷イ,譲渡をした土地等が、その譲渡をした時において地すべり防止区域、急傾斜地崩壊危険区域、土砂災害特別警戒区域又は浸水被害防止区域内に存する場合には、特例を適用することができないこととする。,supported,35a9eecfb08bfc1273d02863bd8a21806ed2bb450927fbdf84d3d778e83ef749
shinjuku-2026-r2-shonin-2,easy,content,S2-E-11,やさしい日本語版でも同じ主張を述べている: 施行日前に取得された三輪以上の軽自動車に課する環境性能割も従前の例による,https://www.city.shinjuku.lg.jp/content/000457641.pdf,dc7ec4b2f70eac312c9cab76a20b47fdd0f5c18e02105a43fb1b03d22434ce46,附則第3条第2項,この条例の施行の日前に取得された三輪以上の軽自動車に対して課する軽自動車税の環境性能割については、なお従前の例による。,supported,35a9eecfb08bfc1273d02863bd8a21806ed2bb450927fbdf84d3d778e83ef749
shinjuku-2026-r2-shonin-2,easy,content,S2-E-12,やさしい日本語版でも同じ主張を述べている: 提出日は令和8年6月10日、提出者は新宿区長 吉住健一,https://www.city.shinjuku.lg.jp/content/000457641.pdf,dc7ec4b2f70eac312c9cab76a20b47fdd0f5c18e02105a43fb1b03d22434ce46,承認第2号 末尾,令和８年６月１０日 提出者 新宿区長 吉住健一,supported,35a9eecfb08bfc1273d02863bd8a21806ed2bb450927fbdf84d3d778e83ef749
shinjuku-2026-r2-shonin-2,easy,content,S2-E-13,やさしい日本語版でも同じ主張を述べている: 令和8年第2回定例会（会期6月10日〜6月19日）で承認された,https://www.city.shinjuku.lg.jp/kusei/soumu01_002090_00016.html,72349f6e321e79ccc3076036e07386763398510bfb6bb2154b4cd3d6a2d85d58,議決結果ページ,承認第2号 承認,supported,35a9eecfb08bfc1273d02863bd8a21806ed2bb450927fbdf84d3d778e83ef749
shinjuku-2026-r2-shonin-2,easy,summary,S2-E-14,やさしい日本語版でも同じ主張を述べている: 要約の内容はいずれも本文の主張と同一,https://www.city.shinjuku.lg.jp/content/000457641.pdf,dc7ec4b2f70eac312c9cab76a20b47fdd0f5c18e02105a43fb1b03d22434ce46,全般,地方自治法（昭和 22 年法律第 67 号）第 179 条第 1 項の規定に基づき、令和 8 年 3 月 31 日付けで専決処分したので／地方税法等の一部を改正する法律（令和 8 年法律第 2 号）が令和 8 年 3 月 31 日に公布され同年 4 月 1 日から施行されることに伴い／軽自動車税の環境性能割を廃止するとともに、現行の種別割を軽自動車税に名称変更する。／住宅ローン控除…を令和 12 年 12 月 31 日までの居住開始分まで 5 年間延長する。,supported,35a9eecfb08bfc1273d02863bd8a21806ed2bb450927fbdf84d3d778e83ef749
shinjuku-2026-r2-shonin-2,easy,title,S2-E-15,表題「区の 税の 決まりを 先に 直しました」は、区税条例の専決処分の承認を指す編集上の見出し,https://www.city.shinjuku.lg.jp/content/000457641.pdf,dc7ec4b2f70eac312c9cab76a20b47fdd0f5c18e02105a43fb1b03d22434ce46,告示第202号,特に緊急を要するため新宿区議会を招集する時間的余裕がないことが明らかであると認め、地方自治法（昭和 22 年法律第 67 号）第 179 条第 1 項の規定により次のとおり処分した,supported,35a9eecfb08bfc1273d02863bd8a21806ed2bb450927fbdf84d3d778e83ef749
shinjuku-2026-r2-shonin-3,easy,content,S3-E-01,やさしい日本語版でも同じ主張を述べている: 区長が令和8年3月31日付けで専決処分した条例改正について議会の承認を求める案件である,https://www.city.shinjuku.lg.jp/content/000457642.pdf,a27e37a4294f4ce00969031938958bd38f63b0ab469bd1597fa3405be28ee752,議案本文,令和8年3月31日付けで専決処分したので、同条第3項の規定に基づき、別紙のとおりその処置について報告し、承認を求める,supported,28b5e8cdb08bd267a458ddacdcf64adcac1e49022001b8d6671f13492e0960c1
shinjuku-2026-r2-shonin-3,easy,content,S3-E-02,やさしい日本語版でも同じ主張を述べている: 専決処分の根拠は地方自治法第179条第1項である,https://www.city.shinjuku.lg.jp/content/000457642.pdf,a27e37a4294f4ce00969031938958bd38f63b0ab469bd1597fa3405be28ee752,議案本文,地方自治法（昭和22年法律第67号）第179条第1項の規定に基づき,supported,28b5e8cdb08bd267a458ddacdcf64adcac1e49022001b8d6671f13492e0960c1
shinjuku-2026-r2-shonin-3,easy,content,S3-E-03,やさしい日本語版でも同じ主張を述べている: 告示は新宿区告示第203号、令和8年3月31日付けである,https://www.city.shinjuku.lg.jp/content/000457642.pdf,a27e37a4294f4ce00969031938958bd38f63b0ab469bd1597fa3405be28ee752,新宿区告示第203号,新宿区告示第２０３号 専決処分について … 令和８年３月３１日 新宿区長 吉住 健一,supported,28b5e8cdb08bd267a458ddacdcf64adcac1e49022001b8d6671f13492e0960c1
shinjuku-2026-r2-shonin-3,easy,content,S3-E-04,やさしい日本語版でも同じ主張を述べている: 緊急を要するため区議会を招集する時間的余裕がないことが明らかであると認めた旨が告示にある,https://www.city.shinjuku.lg.jp/content/000457642.pdf,a27e37a4294f4ce00969031938958bd38f63b0ab469bd1597fa3405be28ee752,新宿区告示第203号,特に緊急を要するため新宿区議会を招集する時間的余裕がないことが明らかであると認め,supported,28b5e8cdb08bd267a458ddacdcf64adcac1e49022001b8d6671f13492e0960c1
shinjuku-2026-r2-shonin-3,easy,content,S3-E-05,やさしい日本語版でも同じ主張を述べている: 対象条例は昭和28年新宿区条例第8号である,https://www.city.shinjuku.lg.jp/content/000457642.pdf,a27e37a4294f4ce00969031938958bd38f63b0ab469bd1597fa3405be28ee752,改め文,アメリカ合衆国軍隊の構成員等の所有する軽自動車等に対する軽自動車税の種別割の徴収の特例に関する条例（昭和28年新宿区条例第8号）,supported,28b5e8cdb08bd267a458ddacdcf64adcac1e49022001b8d6671f13492e0960c1
shinjuku-2026-r2-shonin-3,easy,content,S3-E-06,やさしい日本語版でも同じ主張を述べている: 概要資料は日米地位協定の実施に伴う地方税法の臨時特例に関する法律の改正に伴い現行の種別割を軽自動車税に名称変更すると説明している,https://www.city.shinjuku.lg.jp/content/000456353.pdf,e1be5ac0c08d22dc59916c81fd24bd972ef44b601f8cd65ba76fc5d1f9d35c92,承認第3号 主な制定内容,日本国とアメリカ合衆国との間の相互協力及び安全保障条約第6条に基づく施設及び区域並びに日本国における合衆国軍隊の地位に関する協定の実施に伴う地方税法の臨時特例に関する法律の改正に伴い、現行の種別割を軽自動車税に名称変更する。,supported,28b5e8cdb08bd267a458ddacdcf64adcac1e49022001b8d6671f13492e0960c1
shinjuku-2026-r2-shonin-3,easy,content,S3-E-07,やさしい日本語版でも同じ主張を述べている: 題名や各条文から「の種別割」という文言を削る,https://www.city.shinjuku.lg.jp/content/000457642.pdf,a27e37a4294f4ce00969031938958bd38f63b0ab469bd1597fa3405be28ee752,改め文,題名及び第1条中「の種別割」を削る。,supported,28b5e8cdb08bd267a458ddacdcf64adcac1e49022001b8d6671f13492e0960c1
shinjuku-2026-r2-shonin-3,easy,content,S3-E-08,やさしい日本語版でも同じ主張を述べている: 「軽自動車税（種別割）納税証紙」を「軽自動車税納税証紙」に改める,https://www.city.shinjuku.lg.jp/content/000457642.pdf,a27e37a4294f4ce00969031938958bd38f63b0ab469bd1597fa3405be28ee752,改め文 第2条第3項,「軽自動車税（種別割）納税証紙」を「軽自動車税納税証紙」に,supported,28b5e8cdb08bd267a458ddacdcf64adcac1e49022001b8d6671f13492e0960c1
shinjuku-2026-r2-shonin-3,easy,content,S3-E-09,やさしい日本語版でも同じ主張を述べている: 「軽自動車税（種別割）納税済検印」を「軽自動車税納税済検印」に改める,https://www.city.shinjuku.lg.jp/content/000457642.pdf,a27e37a4294f4ce00969031938958bd38f63b0ab469bd1597fa3405be28ee752,改め文 第2条第3項,「軽自動車税（種別割）納税済検印」を「軽自動車税納税済検印」に改める。,supported,28b5e8cdb08bd267a458ddacdcf64adcac1e49022001b8d6671f13492e0960c1
shinjuku-2026-r2-shonin-3,easy,content,S3-E-10,やさしい日本語版でも同じ主張を述べている: 施行日は令和8年4月1日である,https://www.city.shinjuku.lg.jp/content/000457642.pdf,a27e37a4294f4ce00969031938958bd38f63b0ab469bd1597fa3405be28ee752,附則第1項,この条例は、令和8年4月1日から施行する。,supported,28b5e8cdb08bd267a458ddacdcf64adcac1e49022001b8d6671f13492e0960c1
shinjuku-2026-r2-shonin-3,easy,content,S3-E-11,やさしい日本語版でも同じ主張を述べている: 令和8年第2回定例会で承認された,https://www.city.shinjuku.lg.jp/kusei/soumu01_002090_00016.html,72349f6e321e79ccc3076036e07386763398510bfb6bb2154b4cd3d6a2d85d58,議決結果表 承認第3号,承認第3号 専決処分の承認について 承認,supported,28b5e8cdb08bd267a458ddacdcf64adcac1e49022001b8d6671f13492e0960c1
shinjuku-2026-r2-shonin-3,easy,content,S3-E-12,やさしい日本語版でも同じ主張を述べている: 承認案件の議決は「可決」ではなく「承認」である,https://www.city.shinjuku.lg.jp/kusei/soumu01_002090_00016.html,72349f6e321e79ccc3076036e07386763398510bfb6bb2154b4cd3d6a2d85d58,議決結果表,承認第3号 専決処分の承認について 承認,supported,28b5e8cdb08bd267a458ddacdcf64adcac1e49022001b8d6671f13492e0960c1
shinjuku-2026-r2-shonin-3,easy,title,S3-E-13,やさしい日本語版でも同じ主張を述べている: 見出し: 在日米軍関係の軽自動車税の条例の名称変更に関する専決処分の承認である,https://www.city.shinjuku.lg.jp/content/000456353.pdf,e1be5ac0c08d22dc59916c81fd24bd972ef44b601f8cd65ba76fc5d1f9d35c92,承認第3号 主な制定内容,現行の種別割を軽自動車税に名称変更する。,supported,28b5e8cdb08bd267a458ddacdcf64adcac1e49022001b8d6671f13492e0960c1
shinjuku-2026-r2-shonin-3,easy,summary,S3-E-14,やさしい日本語版でも同じ主張を述べている: 要約: 対象は在日米軍の構成員等が持つ軽自動車等の軽自動車税の徴収の特例を定めた条例である,https://www.city.shinjuku.lg.jp/content/000457642.pdf,a27e37a4294f4ce00969031938958bd38f63b0ab469bd1597fa3405be28ee752,改め文,アメリカ合衆国軍隊の構成員等の所有する軽自動車等に対する軽自動車税の種別割の徴収の特例に関する条例（昭和28年新宿区条例第8号）,supported,28b5e8cdb08bd267a458ddacdcf64adcac1e49022001b8d6671f13492e0960c1
shinjuku-2026-r2-shonin-3,easy,summary,S3-E-15,やさしい日本語版でも同じ主張を述べている: 要約: 法改正の公布は令和8年3月31日、施行は4月1日である,https://www.city.shinjuku.lg.jp/content/000457642.pdf,a27e37a4294f4ce00969031938958bd38f63b0ab469bd1597fa3405be28ee752,新宿区告示第203号 3 理由,令和8年3月31日に公布され同年4月1日から施行され,supported,28b5e8cdb08bd267a458ddacdcf64adcac1e49022001b8d6671f13492e0960c1
