item_key,difficulty,content_field,claim_id,final_claim,source_url,source_sha256,page_or_section,evidence_excerpt,verdict,reviewed_content_sha256
shinjuku-2026-r1-gian-32,easy,title,OC32-ET-01,見出し: 公共料金支払基金の 金額を 上げます,https://www.city.shinjuku.lg.jp/content/000447774.pdf,1dc3eaffcafb1b1c9e139e823182dc80dc0755624813ca87d8b274d15f5b6624,第32号議案,安定的な公共料金の支払を担保するため、新宿区公共料金支…払基金の額を3億円から4億円に引き上げる。,supported,ed9ad3bcb31ab17257a5899e98908472aef2314bd09c7676818d18193e97e9f9
shinjuku-2026-r1-gian-32,easy,summary,OC32-ES-01,要約: 公共料金支払基金の 金額を 3億円から 4億円に 上げます。,https://www.city.shinjuku.lg.jp/content/000447774.pdf,1dc3eaffcafb1b1c9e139e823182dc80dc0755624813ca87d8b274d15f5b6624,第32号議案,安定的な公共料金の支払を担保するため、新宿区公共料金支…払基金の額を3億円から4億円に引き上げる。,supported,ed9ad3bcb31ab17257a5899e98908472aef2314bd09c7676818d18193e97e9f9
shinjuku-2026-r1-gian-32,easy,summary,OC32-ES-02,要約: 始まる 日は 2026年（令和8年）4月1日（水）です。,https://www.city.shinjuku.lg.jp/content/000448448.pdf,1884761de72a445f9375201f331f7629fdfb5c3b04fac29b236f9777528a03ba,附則,この条例は、令和8年4月1日から施行する,supported,ed9ad3bcb31ab17257a5899e98908472aef2314bd09c7676818d18193e97e9f9
shinjuku-2026-r1-gian-32,easy,content,OC32-E-01,【新宿区公共料金支払基金条例】［しんじゅくくこうきょうりょうきんしはらいききんじょうれい］（＝区の 公共料金支払基金の 決まり）を 変えます。,https://www.city.shinjuku.lg.jp/content/000448448.pdf,1884761de72a445f9375201f331f7629fdfb5c3b04fac29b236f9777528a03ba,件名,新宿区公共料金支払基金条例の一部を改正する条例,supported,ed9ad3bcb31ab17257a5899e98908472aef2314bd09c7676818d18193e97e9f9
shinjuku-2026-r1-gian-32,easy,content,OC32-E-02,対象は 平成17年 新宿区条例 第26号です。,https://www.city.shinjuku.lg.jp/content/000448448.pdf,1884761de72a445f9375201f331f7629fdfb5c3b04fac29b236f9777528a03ba,改め文,新宿区公共料金支払基金条例（平成17年新宿区条例第26号）の一部を次のように改正する,supported,ed9ad3bcb31ab17257a5899e98908472aef2314bd09c7676818d18193e97e9f9
shinjuku-2026-r1-gian-32,easy,content,OC32-E-03,安定的な 公共料金の 支払を 担保する ためです。,https://www.city.shinjuku.lg.jp/content/000448448.pdf,1884761de72a445f9375201f331f7629fdfb5c3b04fac29b236f9777528a03ba,（提案理由）,安定的な公共料金の支払を担保するため、新宿区公共料金支払基金の額を引き上げる必要があるため,supported,ed9ad3bcb31ab17257a5899e98908472aef2314bd09c7676818d18193e97e9f9
shinjuku-2026-r1-gian-32,easy,content,OC32-E-04,第2条の 「3億円」を 「4億円」に 変えます。,https://www.city.shinjuku.lg.jp/content/000448448.pdf,1884761de72a445f9375201f331f7629fdfb5c3b04fac29b236f9777528a03ba,改め文,第2条中「3億円」を「4億円」に改める,supported,ed9ad3bcb31ab17257a5899e98908472aef2314bd09c7676818d18193e97e9f9
shinjuku-2026-r1-gian-32,easy,content,OC32-E-05,基金の 額を 3億円から 4億円に 引き上げます。,https://www.city.shinjuku.lg.jp/content/000447774.pdf,1dc3eaffcafb1b1c9e139e823182dc80dc0755624813ca87d8b274d15f5b6624,第32号議案,安定的な公共料金の支払を担保するため、新宿区公共料金支…払基金の額を3億円から4億円に引き上げる。,supported,ed9ad3bcb31ab17257a5899e98908472aef2314bd09c7676818d18193e97e9f9
shinjuku-2026-r1-gian-32,easy,content,OC32-E-06,条文の 変更は これだけです。,https://www.city.shinjuku.lg.jp/content/000448448.pdf,1884761de72a445f9375201f331f7629fdfb5c3b04fac29b236f9777528a03ba,改め文,第2条中「3億円」を「4億円」に改める。附則,supported,ed9ad3bcb31ab17257a5899e98908472aef2314bd09c7676818d18193e97e9f9
shinjuku-2026-r1-gian-32,easy,content,OC32-E-07,2026年（令和8年）4月1日（水）から 始まります。,https://www.city.shinjuku.lg.jp/content/000448448.pdf,1884761de72a445f9375201f331f7629fdfb5c3b04fac29b236f9777528a03ba,附則,この条例は、令和8年4月1日から施行する,supported,ed9ad3bcb31ab17257a5899e98908472aef2314bd09c7676818d18193e97e9f9
shinjuku-2026-r1-gian-32,easy,content,OC32-E-08,【原案可決】［げんあんかけつ］（＝出した 通りの 内容で 決まること）です。,https://www.city.shinjuku.lg.jp/kusei/soumu01_002090_00015.html,7c2b6f68db1b433b860b35d176b4dd9211e78582ec9de718fcfefe68b22d896a,審議状況（議決結果ページ）,第32号議案新宿区公共料金支払基金条例の一部を改正する条例原案可決,supported,ed9ad3bcb31ab17257a5899e98908472aef2314bd09c7676818d18193e97e9f9
shinjuku-2026-r1-gian-32,easy,content,OC32-E-09,2026年（令和8年）の 第1回定例会で 決まりました。,https://www.city.shinjuku.lg.jp/content/000452334.pdf,22ba4f49b18c96bd1fa26241606257c05477f38e25ac46d6f8e4f416a2cedbf2,審議状況（会期）,令和８年第１回定例会…２月１７日～３月２４日,supported,ed9ad3bcb31ab17257a5899e98908472aef2314bd09c7676818d18193e97e9f9
shinjuku-2026-r1-gian-32,easy,content,OC32-E-10,会期は 2026年2月17日（火）から 3月24日（火）まででした。,https://www.city.shinjuku.lg.jp/content/000452334.pdf,22ba4f49b18c96bd1fa26241606257c05477f38e25ac46d6f8e4f416a2cedbf2,審議状況（会期）,令和８年第１回定例会…２月１７日～３月２４日,supported,ed9ad3bcb31ab17257a5899e98908472aef2314bd09c7676818d18193e97e9f9
shinjuku-2026-r1-gian-32,easy,content,OC32-E-11,本会議で 決まった 日は 3月24日（火）です。,https://ssp.kaigiroku.net/tenant/shinjuku/MinuteView.html?council_id=3163&schedule_id=5&minute_id=1,bd058d36962b45d8d965e4625bb95ecd661a102a026175213f37ba9eb575424a,審議状況（本会議 3月24日 議長）,令和８年第１回定例会会議録（第４日）第４号令和８年３月２４日（火曜日）,supported,ed9ad3bcb31ab17257a5899e98908472aef2314bd09c7676818d18193e97e9f9
shinjuku-2026-r1-gian-32,easy,content,OC32-E-12,ほかの 議案と まとめて 議題に なりました。,https://ssp.kaigiroku.net/tenant/shinjuku/MinuteView.html?council_id=3163&schedule_id=5&minute_id=19,8a31f81d234a3fc5b7611fdb2c52bf9ed24b1c6d4debb8d75e66e76874004ad4,審議状況（本会議 3月24日 議長）,日程第3から日程第10までを一括議題とします,supported,ed9ad3bcb31ab17257a5899e98908472aef2314bd09c7676818d18193e97e9f9
shinjuku-2026-r1-gian-32,easy,content,OC32-E-13,総務区民委員会の 審査報告書は 可決でした。,https://ssp.kaigiroku.net/tenant/shinjuku/MinuteView.html?council_id=3163&schedule_id=5&minute_id=28,fc1da089857f696094cec7d628ff438dd74002a8df2fa07026c0a0506f81e6d2,審議状況（本会議 3月24日 議長）,総務区民委員会審査報告書は、可決です,supported,ed9ad3bcb31ab17257a5899e98908472aef2314bd09c7676818d18193e97e9f9
shinjuku-2026-r1-gian-32,easy,content,OC32-E-14,議長が 異議が ないか たずねました。,https://ssp.kaigiroku.net/tenant/shinjuku/MinuteView.html?council_id=3163&schedule_id=5&minute_id=28,fc1da089857f696094cec7d628ff438dd74002a8df2fa07026c0a0506f81e6d2,審議状況（本会議 3月24日 議長）,総務区民委員会審査報告書は、可決です,supported,ed9ad3bcb31ab17257a5899e98908472aef2314bd09c7676818d18193e97e9f9
shinjuku-2026-r1-gian-32,easy,content,OC32-E-15,異議なしと 認められて 可決しました。,https://ssp.kaigiroku.net/tenant/shinjuku/MinuteView.html?council_id=3163&schedule_id=5&minute_id=29,970914f9ce4a28e423e8480a3d4ce175afafafeebd92448698df42d97cb2ec1d,審議状況（本会議 3月24日 議長）,異議なしと認めます…本案は、いずれも委員会審査報告のとおり可決されました,supported,ed9ad3bcb31ab17257a5899e98908472aef2314bd09c7676818d18193e97e9f9
shinjuku-2026-r1-gian-32,easy,content,OC32-E-16,賛成したのは ８つの 会派 すべてです。,https://www.city.shinjuku.lg.jp/content/000452334.pdf,22ba4f49b18c96bd1fa26241606257c05477f38e25ac46d6f8e4f416a2cedbf2,審議状況（議案の概要と審議結果の採決結果行）,安定的な公共料金の支払を担保するため、新宿区公共料金支払基金の額を3億円から4億円に引き上げる。○○○○○○○○可決,supported,ed9ad3bcb31ab17257a5899e98908472aef2314bd09c7676818d18193e97e9f9
shinjuku-2026-r1-gian-32,normal,title,OC32-NT-01,見出し: 公共料金支払基金条例の一部改正（基金の額を3億円から4億円へ）,https://www.city.shinjuku.lg.jp/content/000447774.pdf,1dc3eaffcafb1b1c9e139e823182dc80dc0755624813ca87d8b274d15f5b6624,第32号議案,安定的な公共料金の支払を担保するため、新宿区公共料金支…払基金の額を3億円から4億円に引き上げる。,supported,5ae781d343430c9e3330c79f516ecc004e18a02f69d6c6978aa294a3a75bcaf2
shinjuku-2026-r1-gian-32,normal,summary,OC32-NS-01,要約: 新宿区公共料金支払基金の額を、3億円から4億円に引き上げる条例改正です。,https://www.city.shinjuku.lg.jp/content/000447774.pdf,1dc3eaffcafb1b1c9e139e823182dc80dc0755624813ca87d8b274d15f5b6624,第32号議案,安定的な公共料金の支払を担保するため、新宿区公共料金支…払基金の額を3億円から4億円に引き上げる。,supported,5ae781d343430c9e3330c79f516ecc004e18a02f69d6c6978aa294a3a75bcaf2
shinjuku-2026-r1-gian-32,normal,summary,OC32-NS-02,要約: 施行日は令和8年4月1日です。,https://www.city.shinjuku.lg.jp/content/000448448.pdf,1884761de72a445f9375201f331f7629fdfb5c3b04fac29b236f9777528a03ba,附則,この条例は、令和8年4月1日から施行する,supported,5ae781d343430c9e3330c79f516ecc004e18a02f69d6c6978aa294a3a75bcaf2
shinjuku-2026-r1-gian-32,normal,content,OC32-N-01,新宿区公共料金支払基金条例の一部を改正する条例案です。,https://www.city.shinjuku.lg.jp/content/000448448.pdf,1884761de72a445f9375201f331f7629fdfb5c3b04fac29b236f9777528a03ba,件名,新宿区公共料金支払基金条例の一部を改正する条例,supported,5ae781d343430c9e3330c79f516ecc004e18a02f69d6c6978aa294a3a75bcaf2
shinjuku-2026-r1-gian-32,normal,content,OC32-N-02,安定的な公共料金の支払を担保するため、新宿区公共料金支払基金の額を3億円から4億円に引き上げる。,https://www.city.shinjuku.lg.jp/content/000447774.pdf,1dc3eaffcafb1b1c9e139e823182dc80dc0755624813ca87d8b274d15f5b6624,第32号議案,安定的な公共料金の支払を担保するため、新宿区公共料金支…払基金の額を3億円から4億円に引き上げる。,supported,5ae781d343430c9e3330c79f516ecc004e18a02f69d6c6978aa294a3a75bcaf2
shinjuku-2026-r1-gian-32,normal,content,OC32-N-03,議案本文の提案理由も、安定的な公共料金の支払を担保するため、新宿区公共料金支払基金の額を引き上げる必要があるため、としています。,https://www.city.shinjuku.lg.jp/content/000448448.pdf,1884761de72a445f9375201f331f7629fdfb5c3b04fac29b236f9777528a03ba,（提案理由）,安定的な公共料金の支払を担保するため、新宿区公共料金支払基金の額を引き上げる必要があるため,supported,5ae781d343430c9e3330c79f516ecc004e18a02f69d6c6978aa294a3a75bcaf2
shinjuku-2026-r1-gian-32,normal,content,OC32-N-04,区長は2月25日の本会議で、本案を「安定的な公共料金の支払いを担保するため、新宿区公共料金支払基金の額を引き上げるもの」と説明しました。,https://ssp.kaigiroku.net/tenant/shinjuku/MinuteView.html?council_id=3163&schedule_id=4&minute_id=137,e4ea62817b80d326ca1bd4d81dad578ca1f858b097c497b61fc490389ff3d0be,審議状況（本会議 2月25日 区長・議長）,第32号議案の新宿区公共料金支払基金条例の一部を改正する条例ですが、本案は、安定的な公共料金の支払いを担保するため、新宿区公共料金支払基金の額を引き上げるものです,supported,5ae781d343430c9e3330c79f516ecc004e18a02f69d6c6978aa294a3a75bcaf2
shinjuku-2026-r1-gian-32,normal,content,OC32-N-05,改正の対象は、平成17年新宿区条例第26号の新宿区公共料金支払基金条例です。,https://www.city.shinjuku.lg.jp/content/000448448.pdf,1884761de72a445f9375201f331f7629fdfb5c3b04fac29b236f9777528a03ba,改め文,新宿区公共料金支払基金条例（平成17年新宿区条例第26号）の一部を次のように改正する,supported,5ae781d343430c9e3330c79f516ecc004e18a02f69d6c6978aa294a3a75bcaf2
shinjuku-2026-r1-gian-32,normal,content,OC32-N-06,改め文は、第2条中の「3億円」を「4億円」に改めるものです。,https://www.city.shinjuku.lg.jp/content/000448448.pdf,1884761de72a445f9375201f331f7629fdfb5c3b04fac29b236f9777528a03ba,改め文,第2条中「3億円」を「4億円」に改める,supported,5ae781d343430c9e3330c79f516ecc004e18a02f69d6c6978aa294a3a75bcaf2
shinjuku-2026-r1-gian-32,normal,content,OC32-N-07,概要資料は、基金の額を3億円から4億円に引き上げるとしています。,https://www.city.shinjuku.lg.jp/content/000447774.pdf,1dc3eaffcafb1b1c9e139e823182dc80dc0755624813ca87d8b274d15f5b6624,第32号議案,安定的な公共料金の支払を担保するため、新宿区公共料金支…払基金の額を3億円から4億円に引き上げる。,supported,5ae781d343430c9e3330c79f516ecc004e18a02f69d6c6978aa294a3a75bcaf2
shinjuku-2026-r1-gian-32,normal,content,OC32-N-08,条文の改正は、この1か所です。,https://www.city.shinjuku.lg.jp/content/000448448.pdf,1884761de72a445f9375201f331f7629fdfb5c3b04fac29b236f9777528a03ba,改め文,第2条中「3億円」を「4億円」に改める。附則,supported,5ae781d343430c9e3330c79f516ecc004e18a02f69d6c6978aa294a3a75bcaf2
shinjuku-2026-r1-gian-32,normal,content,OC32-N-09,令和8年4月1日から施行されます。,https://www.city.shinjuku.lg.jp/content/000448448.pdf,1884761de72a445f9375201f331f7629fdfb5c3b04fac29b236f9777528a03ba,附則,この条例は、令和8年4月1日から施行する,supported,5ae781d343430c9e3330c79f516ecc004e18a02f69d6c6978aa294a3a75bcaf2
shinjuku-2026-r1-gian-32,normal,content,OC32-N-10,概要資料の施行日も令和8年4月1日です。,https://www.city.shinjuku.lg.jp/content/000447774.pdf,1dc3eaffcafb1b1c9e139e823182dc80dc0755624813ca87d8b274d15f5b6624,第32号議案［施行日］,払基金の額を3億円から4億円に引き上げる。…［施行日］…令和8年4月1日,supported,5ae781d343430c9e3330c79f516ecc004e18a02f69d6c6978aa294a3a75bcaf2
shinjuku-2026-r1-gian-32,normal,content,OC32-N-11,附則は、施行期日だけを定めています。,https://www.city.shinjuku.lg.jp/content/000448448.pdf,1884761de72a445f9375201f331f7629fdfb5c3b04fac29b236f9777528a03ba,附則,附則…この条例は、令和8年4月1日から施行する。（提案理由）,supported,5ae781d343430c9e3330c79f516ecc004e18a02f69d6c6978aa294a3a75bcaf2
shinjuku-2026-r1-gian-32,normal,content,OC32-N-12,令和8年第1回定例会（会期は2月17日から3月24日まで）で審議されました。,https://www.city.shinjuku.lg.jp/content/000452334.pdf,22ba4f49b18c96bd1fa26241606257c05477f38e25ac46d6f8e4f416a2cedbf2,審議状況（会期）,令和８年第１回定例会…２月１７日～３月２４日,supported,5ae781d343430c9e3330c79f516ecc004e18a02f69d6c6978aa294a3a75bcaf2
shinjuku-2026-r1-gian-32,normal,content,OC32-N-13,2月25日（水曜日）に開かれた本会議で、区長が提案を説明しました。,https://ssp.kaigiroku.net/tenant/shinjuku/MinuteView.html?council_id=3163&schedule_id=4&minute_id=137,e4ea62817b80d326ca1bd4d81dad578ca1f858b097c497b61fc490389ff3d0be,審議状況（本会議 2月25日 区長・議長）,第32号議案の新宿区公共料金支払基金条例の一部を改正する条例ですが、本案は、安定的な公共料金の支払いを担保するため、新宿区公共料金支払基金の額を引き上げるものです,supported,5ae781d343430c9e3330c79f516ecc004e18a02f69d6c6978aa294a3a75bcaf2
shinjuku-2026-r1-gian-32,normal,content,OC32-N-14,議案付託表のとおり、所管の常任委員会に付託されました。,https://ssp.kaigiroku.net/tenant/shinjuku/MinuteView.html?council_id=3163&schedule_id=4&minute_id=138,7b1e6047c2dbb6dcfb1607b64f34573d7b55ab43d1c71a3f8b75c42c17b937a6,審議状況（本会議 2月25日 区長・議長）,第22号議案から第35号議案までは、議案付託表のとおり、それぞれ所管の常任委員会に付託します,supported,5ae781d343430c9e3330c79f516ecc004e18a02f69d6c6978aa294a3a75bcaf2
shinjuku-2026-r1-gian-32,normal,content,OC32-N-15,本会議は第4日にあたる3月24日（火曜日）でした。,https://ssp.kaigiroku.net/tenant/shinjuku/MinuteView.html?council_id=3163&schedule_id=5&minute_id=1,bd058d36962b45d8d965e4625bb95ecd661a102a026175213f37ba9eb575424a,審議状況（本会議 3月24日 議長）,令和８年第１回定例会会議録（第４日）第４号令和８年３月２４日（火曜日）,supported,5ae781d343430c9e3330c79f516ecc004e18a02f69d6c6978aa294a3a75bcaf2
shinjuku-2026-r1-gian-32,normal,content,OC32-N-16,3月24日の本会議では、日程第3から日程第10までの議案とあわせて、一括して議題となりました。,https://ssp.kaigiroku.net/tenant/shinjuku/MinuteView.html?council_id=3163&schedule_id=5&minute_id=19,8a31f81d234a3fc5b7611fdb2c52bf9ed24b1c6d4debb8d75e66e76874004ad4,審議状況（本会議 3月24日 議長）,日程第3から日程第10までを一括議題とします,supported,5ae781d343430c9e3330c79f516ecc004e18a02f69d6c6978aa294a3a75bcaf2
shinjuku-2026-r1-gian-32,normal,content,OC32-N-17,総務区民委員会の審査報告書は「可決」でした。,https://ssp.kaigiroku.net/tenant/shinjuku/MinuteView.html?council_id=3163&schedule_id=5&minute_id=28,fc1da089857f696094cec7d628ff438dd74002a8df2fa07026c0a0506f81e6d2,審議状況（本会議 3月24日 議長）,総務区民委員会審査報告書は、可決です,supported,5ae781d343430c9e3330c79f516ecc004e18a02f69d6c6978aa294a3a75bcaf2
shinjuku-2026-r1-gian-32,normal,content,OC32-N-18,本会議は、異議なしと認めて、委員会審査報告のとおり可決しました。,https://ssp.kaigiroku.net/tenant/shinjuku/MinuteView.html?council_id=3163&schedule_id=5&minute_id=29,970914f9ce4a28e423e8480a3d4ce175afafafeebd92448698df42d97cb2ec1d,審議状況（本会議 3月24日 議長）,異議なしと認めます…本案は、いずれも委員会審査報告のとおり可決されました,supported,5ae781d343430c9e3330c79f516ecc004e18a02f69d6c6978aa294a3a75bcaf2
shinjuku-2026-r1-gian-32,normal,content,OC32-N-19,議決結果ページの記載は「原案可決」です。,https://www.city.shinjuku.lg.jp/kusei/soumu01_002090_00015.html,7c2b6f68db1b433b860b35d176b4dd9211e78582ec9de718fcfefe68b22d896a,審議状況（議決結果ページ）,第32号議案新宿区公共料金支払基金条例の一部を改正する条例原案可決,supported,5ae781d343430c9e3330c79f516ecc004e18a02f69d6c6978aa294a3a75bcaf2
shinjuku-2026-r1-gian-32,normal,content,OC32-N-20,「議案の概要と審議結果」の採決結果行では、8会派すべてが賛成（○）でした。,https://www.city.shinjuku.lg.jp/content/000452334.pdf,22ba4f49b18c96bd1fa26241606257c05477f38e25ac46d6f8e4f416a2cedbf2,審議状況（議案の概要と審議結果の採決結果行）,安定的な公共料金の支払を担保するため、新宿区公共料金支払基金の額を3億円から4億円に引き上げる。○○○○○○○○可決,supported,5ae781d343430c9e3330c79f516ecc004e18a02f69d6c6978aa294a3a75bcaf2
shinjuku-2026-r1-gian-32,hard,title,OC32-HT-01,見出し: 第32号議案 新宿区公共料金支払基金条例の一部を改正する条例,https://www.city.shinjuku.lg.jp/content/000448448.pdf,1884761de72a445f9375201f331f7629fdfb5c3b04fac29b236f9777528a03ba,件名,新宿区公共料金支払基金条例の一部を改正する条例,supported,b3b87ae30759e2dc4c496de9728cccb9c76e3c507162ddfe10b69e62557b80d5
shinjuku-2026-r1-gian-32,hard,summary,OC32-HS-01,要約: 新宿区公共料金支払基金条例第2条の基金の額を、3億円から4億円に改める条例改正。,https://www.city.shinjuku.lg.jp/content/000448448.pdf,1884761de72a445f9375201f331f7629fdfb5c3b04fac29b236f9777528a03ba,改め文,第2条中「3億円」を「4億円」に改める,supported,b3b87ae30759e2dc4c496de9728cccb9c76e3c507162ddfe10b69e62557b80d5
shinjuku-2026-r1-gian-32,hard,summary,OC32-HS-02,要約: 施行日は令和8年4月1日。,https://www.city.shinjuku.lg.jp/content/000448448.pdf,1884761de72a445f9375201f331f7629fdfb5c3b04fac29b236f9777528a03ba,附則,この条例は、令和8年4月1日から施行する,supported,b3b87ae30759e2dc4c496de9728cccb9c76e3c507162ddfe10b69e62557b80d5
shinjuku-2026-r1-gian-32,hard,content,OC32-H-01,提出日: 令和8年2月17日,https://www.city.shinjuku.lg.jp/content/000448448.pdf,1884761de72a445f9375201f331f7629fdfb5c3b04fac29b236f9777528a03ba,提出日・提出者,令和８年２月１７日…新宿区長…吉住…健一,supported,b3b87ae30759e2dc4c496de9728cccb9c76e3c507162ddfe10b69e62557b80d5
shinjuku-2026-r1-gian-32,hard,content,OC32-H-02,提出者: 新宿区長 吉住健一,https://www.city.shinjuku.lg.jp/content/000448448.pdf,1884761de72a445f9375201f331f7629fdfb5c3b04fac29b236f9777528a03ba,提出日・提出者,令和８年２月１７日…新宿区長…吉住…健一,supported,b3b87ae30759e2dc4c496de9728cccb9c76e3c507162ddfe10b69e62557b80d5
shinjuku-2026-r1-gian-32,hard,content,OC32-H-03,改正する条例: 新宿区公共料金支払基金条例（平成17年新宿区条例第26号）,https://www.city.shinjuku.lg.jp/content/000448448.pdf,1884761de72a445f9375201f331f7629fdfb5c3b04fac29b236f9777528a03ba,改め文,新宿区公共料金支払基金条例（平成17年新宿区条例第26号）の一部を次のように改正する,supported,b3b87ae30759e2dc4c496de9728cccb9c76e3c507162ddfe10b69e62557b80d5
shinjuku-2026-r1-gian-32,hard,content,OC32-H-04,議決: 原案可決（議決結果ページの記載）,https://www.city.shinjuku.lg.jp/kusei/soumu01_002090_00015.html,7c2b6f68db1b433b860b35d176b4dd9211e78582ec9de718fcfefe68b22d896a,審議状況（議決結果ページ）,第32号議案新宿区公共料金支払基金条例の一部を改正する条例原案可決,supported,b3b87ae30759e2dc4c496de9728cccb9c76e3c507162ddfe10b69e62557b80d5
shinjuku-2026-r1-gian-32,hard,content,OC32-H-05,提案の説明: 令和8年2月25日（水曜日）の本会議（第3日第3号）で区長が説明,https://ssp.kaigiroku.net/tenant/shinjuku/MinuteView.html?council_id=3163&schedule_id=4&minute_id=137,e4ea62817b80d326ca1bd4d81dad578ca1f858b097c497b61fc490389ff3d0be,審議状況（本会議 2月25日 区長・議長）,第32号議案の新宿区公共料金支払基金条例の一部を改正する条例ですが、本案は、安定的な公共料金の支払いを担保するため、新宿区公共料金支払基金の額を引き上げるものです,supported,b3b87ae30759e2dc4c496de9728cccb9c76e3c507162ddfe10b69e62557b80d5
shinjuku-2026-r1-gian-32,hard,content,OC32-H-06,提案の説明: 令和8年2月25日（水曜日）の本会議（第3日第3号）で区長が説明,https://ssp.kaigiroku.net/tenant/shinjuku/MinuteView.html?council_id=3163&schedule_id=4&minute_id=1,3ccc7b9665b5c85e509060592cad910ed18345c1b72e8a75761ad1e7e538a622,審議状況（本会議 2月25日 区長・議長）,令和８年第１回定例会会議録（第３日）第３号令和８年２月２５日（水曜日）,supported,b3b87ae30759e2dc4c496de9728cccb9c76e3c507162ddfe10b69e62557b80d5
shinjuku-2026-r1-gian-32,hard,content,OC32-H-07,付託: 議案付託表のとおり、所管の常任委員会に付託,https://ssp.kaigiroku.net/tenant/shinjuku/MinuteView.html?council_id=3163&schedule_id=4&minute_id=138,7b1e6047c2dbb6dcfb1607b64f34573d7b55ab43d1c71a3f8b75c42c17b937a6,審議状況（本会議 2月25日 区長・議長）,第22号議案から第35号議案までは、議案付託表のとおり、それぞれ所管の常任委員会に付託します,supported,b3b87ae30759e2dc4c496de9728cccb9c76e3c507162ddfe10b69e62557b80d5
shinjuku-2026-r1-gian-32,hard,content,OC32-H-08,本会議: 令和8年3月24日（火曜日）、会議録 第4日第4号,https://ssp.kaigiroku.net/tenant/shinjuku/MinuteView.html?council_id=3163&schedule_id=5&minute_id=1,bd058d36962b45d8d965e4625bb95ecd661a102a026175213f37ba9eb575424a,審議状況（本会議 3月24日 議長）,令和８年第１回定例会会議録（第４日）第４号令和８年３月２４日（火曜日）,supported,b3b87ae30759e2dc4c496de9728cccb9c76e3c507162ddfe10b69e62557b80d5
shinjuku-2026-r1-gian-32,hard,content,OC32-H-09,議題: 日程第3から日程第10までを一括議題とした,https://ssp.kaigiroku.net/tenant/shinjuku/MinuteView.html?council_id=3163&schedule_id=5&minute_id=19,8a31f81d234a3fc5b7611fdb2c52bf9ed24b1c6d4debb8d75e66e76874004ad4,審議状況（本会議 3月24日 議長）,日程第3から日程第10までを一括議題とします,supported,b3b87ae30759e2dc4c496de9728cccb9c76e3c507162ddfe10b69e62557b80d5
shinjuku-2026-r1-gian-32,hard,content,OC32-H-10,会議録: 第32号議案の議題朗読が記載されている,https://ssp.kaigiroku.net/tenant/shinjuku/MinuteView.html?council_id=3163&schedule_id=5&minute_id=26,06bfde9381fa17f99b8b534f93728cd00468e70abfa0e153183a7b68343b1ed1,審議状況（本会議 3月24日 議長）,第32号議案新宿区公共料金支払基金条例の一部を改正する条例,supported,b3b87ae30759e2dc4c496de9728cccb9c76e3c507162ddfe10b69e62557b80d5
shinjuku-2026-r1-gian-32,hard,content,OC32-H-11,委員会審査報告: 総務区民委員会の審査報告書は可決,https://ssp.kaigiroku.net/tenant/shinjuku/MinuteView.html?council_id=3163&schedule_id=5&minute_id=28,fc1da089857f696094cec7d628ff438dd74002a8df2fa07026c0a0506f81e6d2,審議状況（本会議 3月24日 議長）,総務区民委員会審査報告書は、可決です,supported,b3b87ae30759e2dc4c496de9728cccb9c76e3c507162ddfe10b69e62557b80d5
shinjuku-2026-r1-gian-32,hard,content,OC32-H-12,採決方法: 異議なし,https://ssp.kaigiroku.net/tenant/shinjuku/MinuteView.html?council_id=3163&schedule_id=5&minute_id=29,970914f9ce4a28e423e8480a3d4ce175afafafeebd92448698df42d97cb2ec1d,審議状況（本会議 3月24日 議長）,異議なしと認めます…本案は、いずれも委員会審査報告のとおり可決されました,supported,b3b87ae30759e2dc4c496de9728cccb9c76e3c507162ddfe10b69e62557b80d5
shinjuku-2026-r1-gian-32,hard,content,OC32-H-13,会派別の賛否: 全8会派が賛成（採決結果行は ○○○○○○○○）,https://www.city.shinjuku.lg.jp/content/000452334.pdf,22ba4f49b18c96bd1fa26241606257c05477f38e25ac46d6f8e4f416a2cedbf2,審議状況（議案の概要と審議結果の採決結果行）,安定的な公共料金の支払を担保するため、新宿区公共料金支払基金の額を3億円から4億円に引き上げる。○○○○○○○○可決,supported,b3b87ae30759e2dc4c496de9728cccb9c76e3c507162ddfe10b69e62557b80d5
shinjuku-2026-r1-gian-32,hard,content,OC32-H-14,会派: 自民・参政クラブ、新宿区議会公明党、日本共産党新宿区議会議員団、新宿未来の会、立憲民主党・無所属クラブ、日本維新の会・新宿区議団、現役世代に優しい新宿・減税の会、れいわ新選組 新宿,https://www.city.shinjuku.lg.jp/content/000452334.pdf,22ba4f49b18c96bd1fa26241606257c05477f38e25ac46d6f8e4f416a2cedbf2,会派略称・列の並び,共産＝日本共産党新宿区議会議員団…れいわ＝れいわ新選組 新宿…自参ク＝自民・参政クラブ…公明＝新宿区議会公明党…新宿会＝新宿未来の会…民無ク＝立憲民主党・無所属クラブ…維新＝日本維新の会・新宿区議団…現役＝現役世代に優しい新宿・減税の会,supported,b3b87ae30759e2dc4c496de9728cccb9c76e3c507162ddfe10b69e62557b80d5
shinjuku-2026-r1-gian-32,hard,content,OC32-H-15,安定的な公共料金の支払を担保するため、新宿区公共料金支払基金の額を引き上げる必要があるため,https://www.city.shinjuku.lg.jp/content/000448448.pdf,1884761de72a445f9375201f331f7629fdfb5c3b04fac29b236f9777528a03ba,（提案理由）,安定的な公共料金の支払を担保するため、新宿区公共料金支払基金の額を引き上げる必要があるため,supported,b3b87ae30759e2dc4c496de9728cccb9c76e3c507162ddfe10b69e62557b80d5
shinjuku-2026-r1-gian-32,hard,content,OC32-H-16,改正する条例 / 新宿区公共料金支払基金条例（平成17年新宿区条例第26号）,https://www.city.shinjuku.lg.jp/content/000448448.pdf,1884761de72a445f9375201f331f7629fdfb5c3b04fac29b236f9777528a03ba,改め文,新宿区公共料金支払基金条例（平成17年新宿区条例第26号）の一部を次のように改正する,supported,b3b87ae30759e2dc4c496de9728cccb9c76e3c507162ddfe10b69e62557b80d5
shinjuku-2026-r1-gian-32,hard,content,OC32-H-17,第2条 / 「3億円」を「4億円」に改める,https://www.city.shinjuku.lg.jp/content/000448448.pdf,1884761de72a445f9375201f331f7629fdfb5c3b04fac29b236f9777528a03ba,改め文,第2条中「3億円」を「4億円」に改める,supported,b3b87ae30759e2dc4c496de9728cccb9c76e3c507162ddfe10b69e62557b80d5
shinjuku-2026-r1-gian-32,hard,content,OC32-H-18,改め文は第2条の語句を改めるものであり、ほかの条は改めない。,https://www.city.shinjuku.lg.jp/content/000448448.pdf,1884761de72a445f9375201f331f7629fdfb5c3b04fac29b236f9777528a03ba,改め文,第2条中「3億円」を「4億円」に改める。附則,supported,b3b87ae30759e2dc4c496de9728cccb9c76e3c507162ddfe10b69e62557b80d5
shinjuku-2026-r1-gian-32,hard,content,OC32-H-19,安定的な公共料金の支払を担保するため、新宿区公共料金支払基金の額を3億円から4億円に引き上げる。,https://www.city.shinjuku.lg.jp/content/000447774.pdf,1dc3eaffcafb1b1c9e139e823182dc80dc0755624813ca87d8b274d15f5b6624,第32号議案,安定的な公共料金の支払を担保するため、新宿区公共料金支…払基金の額を3億円から4億円に引き上げる。,supported,b3b87ae30759e2dc4c496de9728cccb9c76e3c507162ddfe10b69e62557b80d5
shinjuku-2026-r1-gian-32,hard,content,OC32-H-20,施行日は令和8年4月1日と記載されている。,https://www.city.shinjuku.lg.jp/content/000447774.pdf,1dc3eaffcafb1b1c9e139e823182dc80dc0755624813ca87d8b274d15f5b6624,第32号議案［施行日］,払基金の額を3億円から4億円に引き上げる。…［施行日］…令和8年4月1日,supported,b3b87ae30759e2dc4c496de9728cccb9c76e3c507162ddfe10b69e62557b80d5
shinjuku-2026-r1-gian-32,hard,content,OC32-H-21,「議案の概要と審議結果」も同旨の概要を記載している。,https://www.city.shinjuku.lg.jp/content/000452334.pdf,22ba4f49b18c96bd1fa26241606257c05477f38e25ac46d6f8e4f416a2cedbf2,第32号議案（議案の概要）,安定的な公共料金の支払を担保するため、新宿区公共料金支払基金の額を3億円から4億円に引き上げる。,supported,b3b87ae30759e2dc4c496de9728cccb9c76e3c507162ddfe10b69e62557b80d5
shinjuku-2026-r1-gian-32,hard,content,OC32-H-22,区長は2月25日の本会議で、本案を「安定的な公共料金の支払いを担保するため、新宿区公共料金支払基金の額を引き上げるもの」と説明した。,https://ssp.kaigiroku.net/tenant/shinjuku/MinuteView.html?council_id=3163&schedule_id=4&minute_id=137,e4ea62817b80d326ca1bd4d81dad578ca1f858b097c497b61fc490389ff3d0be,審議状況（本会議 2月25日 区長・議長）,第32号議案の新宿区公共料金支払基金条例の一部を改正する条例ですが、本案は、安定的な公共料金の支払いを担保するため、新宿区公共料金支払基金の額を引き上げるものです,supported,b3b87ae30759e2dc4c496de9728cccb9c76e3c507162ddfe10b69e62557b80d5
shinjuku-2026-r1-gian-32,hard,content,OC32-H-23,この条例は、令和8年4月1日から施行する。,https://www.city.shinjuku.lg.jp/content/000448448.pdf,1884761de72a445f9375201f331f7629fdfb5c3b04fac29b236f9777528a03ba,附則,この条例は、令和8年4月1日から施行する,supported,b3b87ae30759e2dc4c496de9728cccb9c76e3c507162ddfe10b69e62557b80d5
shinjuku-2026-r1-gian-32,hard,content,OC32-H-24,附則は、施行期日だけを定めている。,https://www.city.shinjuku.lg.jp/content/000448448.pdf,1884761de72a445f9375201f331f7629fdfb5c3b04fac29b236f9777528a03ba,附則,附則…この条例は、令和8年4月1日から施行する。（提案理由）,supported,b3b87ae30759e2dc4c496de9728cccb9c76e3c507162ddfe10b69e62557b80d5
shinjuku-2026-r1-gian-32,hard,content,OC32-H-25,第32号議案 全文 / https://www.city.shinjuku.lg.jp/content/000448448.pdf / 1884761de72a445f9375201f331f7629fdfb5c3b04fac29b236f9777528a03ba,https://www.city.shinjuku.lg.jp/content/000448448.pdf,1884761de72a445f9375201f331f7629fdfb5c3b04fac29b236f9777528a03ba,件名,新宿区公共料金支払基金条例の一部を改正する条例,supported,b3b87ae30759e2dc4c496de9728cccb9c76e3c507162ddfe10b69e62557b80d5
shinjuku-2026-r1-gian-32,hard,content,OC32-H-26,提出案件概要（条例関係） / https://www.city.shinjuku.lg.jp/content/000447774.pdf / 1dc3eaffcafb1b1c9e139e823182dc80dc0755624813ca87d8b274d15f5b6624,https://www.city.shinjuku.lg.jp/content/000447774.pdf,1dc3eaffcafb1b1c9e139e823182dc80dc0755624813ca87d8b274d15f5b6624,提出案件概要（条例関係）,第1回区議会定例会提出案件概要…（条例関係）,supported,b3b87ae30759e2dc4c496de9728cccb9c76e3c507162ddfe10b69e62557b80d5
shinjuku-2026-r1-gian-32,hard,content,OC32-H-27,議案の概要と審議結果 / https://www.city.shinjuku.lg.jp/content/000452334.pdf / 22ba4f49b18c96bd1fa26241606257c05477f38e25ac46d6f8e4f416a2cedbf2,https://www.city.shinjuku.lg.jp/content/000452334.pdf,22ba4f49b18c96bd1fa26241606257c05477f38e25ac46d6f8e4f416a2cedbf2,議案の概要と審議結果,議案の概要と審議結果,supported,b3b87ae30759e2dc4c496de9728cccb9c76e3c507162ddfe10b69e62557b80d5
shinjuku-2026-r1-gian-32,hard,content,OC32-H-28,議決結果ページ（2026-10-04 取得） / https://www.city.shinjuku.lg.jp/kusei/soumu01_002090_00015.html / 7c2b6f68db1b433b860b35d176b4dd9211e78582ec9de718fcfefe68b22d896a,https://www.city.shinjuku.lg.jp/kusei/soumu01_002090_00015.html,7c2b6f68db1b433b860b35d176b4dd9211e78582ec9de718fcfefe68b22d896a,審議状況（議決結果ページ）,第32号議案新宿区公共料金支払基金条例の一部を改正する条例原案可決,supported,b3b87ae30759e2dc4c496de9728cccb9c76e3c507162ddfe10b69e62557b80d5
shinjuku-2026-r1-gian-32,hard,content,OC32-H-29,会議録 2月25日 区長（提案説明） / https://ssp.kaigiroku.net/tenant/shinjuku/MinuteView.html?council_id=3163&schedule_id=4&minute_id=137 / e4ea62817b80d326ca1bd4d81dad578ca1f858b097c497b61fc490389ff3d0be,https://ssp.kaigiroku.net/tenant/shinjuku/MinuteView.html?council_id=3163&schedule_id=4&minute_id=137,e4ea62817b80d326ca1bd4d81dad578ca1f858b097c497b61fc490389ff3d0be,審議状況（本会議 2月25日 区長・議長）,第32号議案の新宿区公共料金支払基金条例の一部を改正する条例ですが、本案は、安定的な公共料金の支払いを担保するため、新宿区公共料金支払基金の額を引き上げるものです,supported,b3b87ae30759e2dc4c496de9728cccb9c76e3c507162ddfe10b69e62557b80d5
shinjuku-2026-r1-gian-32,hard,content,OC32-H-30,会議録 3月24日 議長（委員会審査報告） / https://ssp.kaigiroku.net/tenant/shinjuku/MinuteView.html?council_id=3163&schedule_id=5&minute_id=28 / fc1da089857f696094cec7d628ff438dd74002a8df2fa07026c0a0506f81e6d2,https://ssp.kaigiroku.net/tenant/shinjuku/MinuteView.html?council_id=3163&schedule_id=5&minute_id=28,fc1da089857f696094cec7d628ff438dd74002a8df2fa07026c0a0506f81e6d2,審議状況（本会議 3月24日 議長）,総務区民委員会審査報告書は、可決です,supported,b3b87ae30759e2dc4c496de9728cccb9c76e3c507162ddfe10b69e62557b80d5
shinjuku-2026-r1-gian-32,hard,content,OC32-H-31,会議録 3月24日 議長（採決） / https://ssp.kaigiroku.net/tenant/shinjuku/MinuteView.html?council_id=3163&schedule_id=5&minute_id=29 / 970914f9ce4a28e423e8480a3d4ce175afafafeebd92448698df42d97cb2ec1d,https://ssp.kaigiroku.net/tenant/shinjuku/MinuteView.html?council_id=3163&schedule_id=5&minute_id=29,970914f9ce4a28e423e8480a3d4ce175afafafeebd92448698df42d97cb2ec1d,審議状況（本会議 3月24日 議長）,異議なしと認めます…本案は、いずれも委員会審査報告のとおり可決されました,supported,b3b87ae30759e2dc4c496de9728cccb9c76e3c507162ddfe10b69e62557b80d5
shinjuku-2026-r1-gian-33,easy,title,OC33-ET-01,見出し: 管理職員特別勤務手当の 時間を 広げます,https://www.city.shinjuku.lg.jp/content/000447774.pdf,1dc3eaffcafb1b1c9e139e823182dc80dc0755624813ca87d8b274d15f5b6624,第33号議案,国の取扱いとの均衡等を踏まえ、週休日等以外の日における…管理職員特別勤務手当の支給対象時間を拡大する。,supported,151cad919f1ca75eadaa5ab1547d137087d3e41321a9c873401ab9a86f1d69cb
shinjuku-2026-r1-gian-33,easy,summary,OC33-ES-01,要約: 管理職員特別勤務手当の 対象に なる 時間を 広げます。,https://www.city.shinjuku.lg.jp/content/000447774.pdf,1dc3eaffcafb1b1c9e139e823182dc80dc0755624813ca87d8b274d15f5b6624,第33号議案,国の取扱いとの均衡等を踏まえ、週休日等以外の日における…管理職員特別勤務手当の支給対象時間を拡大する。,supported,151cad919f1ca75eadaa5ab1547d137087d3e41321a9c873401ab9a86f1d69cb
shinjuku-2026-r1-gian-33,easy,summary,OC33-ES-02,要約: 始まる 日は 2026年（令和8年）4月1日（水）です。,https://www.city.shinjuku.lg.jp/content/000448421.pdf,8f6fcda98fbdebdf758773b58078dd16de90c6d893233a1b6f8d382a3c076b6c,附則,この条例は、令和8年4月1日から施行する,supported,151cad919f1ca75eadaa5ab1547d137087d3e41321a9c873401ab9a86f1d69cb
shinjuku-2026-r1-gian-33,easy,content,OC33-E-01,【新宿区幼稚園教育職員の給与に関する条例】［しんじゅくくようちえんきょういくしょくいんのきゅうよにかんするじょうれい］（＝区の 幼稚園教育職員の 給与の 決まり）を 変えます。,https://www.city.shinjuku.lg.jp/content/000448421.pdf,8f6fcda98fbdebdf758773b58078dd16de90c6d893233a1b6f8d382a3c076b6c,件名,新宿区幼稚園教育職員の給与に関する条例の一部を改正する条例,supported,151cad919f1ca75eadaa5ab1547d137087d3e41321a9c873401ab9a86f1d69cb
shinjuku-2026-r1-gian-33,easy,content,OC33-E-02,対象は 平成12年 新宿区条例 第56号です。,https://www.city.shinjuku.lg.jp/content/000448421.pdf,8f6fcda98fbdebdf758773b58078dd16de90c6d893233a1b6f8d382a3c076b6c,改め文,新宿区幼稚園教育職員の給与に関する条例（平成12年新宿区条例第56号）の一部を次のように改正する,supported,151cad919f1ca75eadaa5ab1547d137087d3e41321a9c873401ab9a86f1d69cb
shinjuku-2026-r1-gian-33,easy,content,OC33-E-03,国の 取扱いと つり合いを とる ためなどです。,https://www.city.shinjuku.lg.jp/content/000448421.pdf,8f6fcda98fbdebdf758773b58078dd16de90c6d893233a1b6f8d382a3c076b6c,（提案理由）,国の取扱いとの均衡等を踏まえ、週休日等以外の日における管理職員特別勤務手当の支給対象となる時間を拡大する等所要の改正を行う必要があるため,supported,151cad919f1ca75eadaa5ab1547d137087d3e41321a9c873401ab9a86f1d69cb
shinjuku-2026-r1-gian-33,easy,content,OC33-E-04,特別区人事委員会は 異議が ないと 答えました。,https://ssp.kaigiroku.net/tenant/shinjuku/MinuteView.html?council_id=3163&schedule_id=4&minute_id=139,2c581f0e2166fe0d8c270321a80c9af920072de6d32b426e4e63518d9c5c6408,審議状況（本会議 2月25日 区長・議長）,第33号議案につきましては、地方公務員法第5条第2項の規定に基づき、あらかじめ特別区人事委員会の意見を聴取したところ、異議がないとの回答を得ております,supported,151cad919f1ca75eadaa5ab1547d137087d3e41321a9c873401ab9a86f1d69cb
shinjuku-2026-r1-gian-33,easy,content,OC33-E-05,第23条の 第1項から 第3項までを 変えます。,https://www.city.shinjuku.lg.jp/content/000448421.pdf,8f6fcda98fbdebdf758773b58078dd16de90c6d893233a1b6f8d382a3c076b6c,改め文（第23条第1項）,第23条第1項中「勤務した」を「勤務をした」に改め、同項ただし書中「勤務しなかった」を「勤務をしなかった」に改め,supported,151cad919f1ca75eadaa5ab1547d137087d3e41321a9c873401ab9a86f1d69cb
shinjuku-2026-r1-gian-33,easy,content,OC33-E-06,第23条の 第1項から 第3項までを 変えます。,https://www.city.shinjuku.lg.jp/content/000448421.pdf,8f6fcda98fbdebdf758773b58078dd16de90c6d893233a1b6f8d382a3c076b6c,改め文（第23条第2項）,同条第2項中「週休日等以外の日の午前0時から」を「午後10時から翌日の」に改め、「の間」の次に「（週休日等に含まれる時間を除く。）」を加え、「勤務した」を「勤務をした」に改め,supported,151cad919f1ca75eadaa5ab1547d137087d3e41321a9c873401ab9a86f1d69cb
shinjuku-2026-r1-gian-33,easy,content,OC33-E-07,第23条の 第1項から 第3項までを 変えます。,https://www.city.shinjuku.lg.jp/content/000448421.pdf,8f6fcda98fbdebdf758773b58078dd16de90c6d893233a1b6f8d382a3c076b6c,改め文（第23条第3項）,同条第3項中「に定める額」の次に「（前2項に規定する勤務に従事する時間を考慮して人事委員会の承認を得て教育委員会規則で定める勤務にあっては、その額に100分の150を乗じて得た額）」を加え,supported,151cad919f1ca75eadaa5ab1547d137087d3e41321a9c873401ab9a86f1d69cb
shinjuku-2026-r1-gian-33,easy,content,OC33-E-08,手当の 名前は 管理職員特別勤務手当です。,https://www.city.shinjuku.lg.jp/content/000447774.pdf,1dc3eaffcafb1b1c9e139e823182dc80dc0755624813ca87d8b274d15f5b6624,第33号議案,国の取扱いとの均衡等を踏まえ、週休日等以外の日における…管理職員特別勤務手当の支給対象時間を拡大する。,supported,151cad919f1ca75eadaa5ab1547d137087d3e41321a9c873401ab9a86f1d69cb
shinjuku-2026-r1-gian-33,easy,content,OC33-E-09,週休日等以外の 日で 手当の 対象に なる 時間を 広げます。,https://www.city.shinjuku.lg.jp/content/000447774.pdf,1dc3eaffcafb1b1c9e139e823182dc80dc0755624813ca87d8b274d15f5b6624,第33号議案,国の取扱いとの均衡等を踏まえ、週休日等以外の日における…管理職員特別勤務手当の支給対象時間を拡大する。,supported,151cad919f1ca75eadaa5ab1547d137087d3e41321a9c873401ab9a86f1d69cb
shinjuku-2026-r1-gian-33,easy,content,OC33-E-10,今の 対象は 午前0時から 午前5時までです。,https://www.city.shinjuku.lg.jp/content/000447774.pdf,1dc3eaffcafb1b1c9e139e823182dc80dc0755624813ca87d8b274d15f5b6624,第33号議案,「午前0時から午前5時まで」⇒「午後10時から翌日の午…前5時まで」,supported,151cad919f1ca75eadaa5ab1547d137087d3e41321a9c873401ab9a86f1d69cb
shinjuku-2026-r1-gian-33,easy,content,OC33-E-11,変えた あとは 午後10時から 次の 日の 午前5時までです。,https://www.city.shinjuku.lg.jp/content/000447774.pdf,1dc3eaffcafb1b1c9e139e823182dc80dc0755624813ca87d8b274d15f5b6624,第33号議案,「午前0時から午前5時まで」⇒「午後10時から翌日の午…前5時まで」,supported,151cad919f1ca75eadaa5ab1547d137087d3e41321a9c873401ab9a86f1d69cb
shinjuku-2026-r1-gian-33,easy,content,OC33-E-12,第1項と 第2項で 「勤務した」を 「勤務をした」に 変えます。,https://www.city.shinjuku.lg.jp/content/000448421.pdf,8f6fcda98fbdebdf758773b58078dd16de90c6d893233a1b6f8d382a3c076b6c,改め文（第23条第1項）,第23条第1項中「勤務した」を「勤務をした」に改め、同項ただし書中「勤務しなかった」を「勤務をしなかった」に改め,supported,151cad919f1ca75eadaa5ab1547d137087d3e41321a9c873401ab9a86f1d69cb
shinjuku-2026-r1-gian-33,easy,content,OC33-E-13,第1項と 第2項で 「勤務した」を 「勤務をした」に 変えます。,https://www.city.shinjuku.lg.jp/content/000448421.pdf,8f6fcda98fbdebdf758773b58078dd16de90c6d893233a1b6f8d382a3c076b6c,改め文（第23条第2項）,同条第2項中「週休日等以外の日の午前0時から」を「午後10時から翌日の」に改め、「の間」の次に「（週休日等に含まれる時間を除く。）」を加え、「勤務した」を「勤務をした」に改め,supported,151cad919f1ca75eadaa5ab1547d137087d3e41321a9c873401ab9a86f1d69cb
shinjuku-2026-r1-gian-33,easy,content,OC33-E-14,第3項に 括弧書きを 足します。,https://www.city.shinjuku.lg.jp/content/000448421.pdf,8f6fcda98fbdebdf758773b58078dd16de90c6d893233a1b6f8d382a3c076b6c,改め文（第23条第3項）,同条第3項中「に定める額」の次に「（前2項に規定する勤務に従事する時間を考慮して人事委員会の承認を得て教育委員会規則で定める勤務にあっては、その額に100分の150を乗じて得た額）」を加え,supported,151cad919f1ca75eadaa5ab1547d137087d3e41321a9c873401ab9a86f1d69cb
shinjuku-2026-r1-gian-33,easy,content,OC33-E-15,人事委員会の 承認を 得て 教育委員会規則で 定める 勤務が あります。,https://www.city.shinjuku.lg.jp/content/000448421.pdf,8f6fcda98fbdebdf758773b58078dd16de90c6d893233a1b6f8d382a3c076b6c,改め文（第23条第3項）,同条第3項中「に定める額」の次に「（前2項に規定する勤務に従事する時間を考慮して人事委員会の承認を得て教育委員会規則で定める勤務にあっては、その額に100分の150を乗じて得た額）」を加え,supported,151cad919f1ca75eadaa5ab1547d137087d3e41321a9c873401ab9a86f1d69cb
shinjuku-2026-r1-gian-33,easy,content,OC33-E-16,その 勤務は、額に 100分の150を かけます。,https://www.city.shinjuku.lg.jp/content/000448421.pdf,8f6fcda98fbdebdf758773b58078dd16de90c6d893233a1b6f8d382a3c076b6c,改め文（第23条第3項）,同条第3項中「に定める額」の次に「（前2項に規定する勤務に従事する時間を考慮して人事委員会の承認を得て教育委員会規則で定める勤務にあっては、その額に100分の150を乗じて得た額）」を加え,supported,151cad919f1ca75eadaa5ab1547d137087d3e41321a9c873401ab9a86f1d69cb
shinjuku-2026-r1-gian-33,easy,content,OC33-E-17,同じ 項の 第1号に あった 括弧書きは 削ります。,https://www.city.shinjuku.lg.jp/content/000448421.pdf,8f6fcda98fbdebdf758773b58078dd16de90c6d893233a1b6f8d382a3c076b6c,改め文（第23条第3項第1号）,同項第1号中「（当該勤務に従事する時間等を考慮して人事委員会の承認を得て教育委員会規則で定める勤務にあっては、その額に100分の150を乗じて得た額）」を削る,supported,151cad919f1ca75eadaa5ab1547d137087d3e41321a9c873401ab9a86f1d69cb
shinjuku-2026-r1-gian-33,easy,content,OC33-E-18,2026年（令和8年）4月1日（水）から 始まります。,https://www.city.shinjuku.lg.jp/content/000448421.pdf,8f6fcda98fbdebdf758773b58078dd16de90c6d893233a1b6f8d382a3c076b6c,附則,この条例は、令和8年4月1日から施行する,supported,151cad919f1ca75eadaa5ab1547d137087d3e41321a9c873401ab9a86f1d69cb
shinjuku-2026-r1-gian-33,easy,content,OC33-E-19,【原案可決】［げんあんかけつ］（＝出した 通りの 内容で 決まること）です。,https://www.city.shinjuku.lg.jp/kusei/soumu01_002090_00015.html,7c2b6f68db1b433b860b35d176b4dd9211e78582ec9de718fcfefe68b22d896a,審議状況（議決結果ページ）,第33号議案新宿区幼稚園教育職員の給与に関する条例の一部を改正する条例原案可決,supported,151cad919f1ca75eadaa5ab1547d137087d3e41321a9c873401ab9a86f1d69cb
shinjuku-2026-r1-gian-33,easy,content,OC33-E-20,2026年（令和8年）の 第1回定例会で 決まりました。,https://www.city.shinjuku.lg.jp/content/000452334.pdf,22ba4f49b18c96bd1fa26241606257c05477f38e25ac46d6f8e4f416a2cedbf2,審議状況（会期）,令和８年第１回定例会…２月１７日～３月２４日,supported,151cad919f1ca75eadaa5ab1547d137087d3e41321a9c873401ab9a86f1d69cb
shinjuku-2026-r1-gian-33,easy,content,OC33-E-21,会期は 2026年2月17日（火）から 3月24日（火）まででした。,https://www.city.shinjuku.lg.jp/content/000452334.pdf,22ba4f49b18c96bd1fa26241606257c05477f38e25ac46d6f8e4f416a2cedbf2,審議状況（会期）,令和８年第１回定例会…２月１７日～３月２４日,supported,151cad919f1ca75eadaa5ab1547d137087d3e41321a9c873401ab9a86f1d69cb
shinjuku-2026-r1-gian-33,easy,content,OC33-E-22,本会議で 決まった 日は 3月24日（火）です。,https://ssp.kaigiroku.net/tenant/shinjuku/MinuteView.html?council_id=3163&schedule_id=5&minute_id=1,bd058d36962b45d8d965e4625bb95ecd661a102a026175213f37ba9eb575424a,審議状況（本会議 3月24日 議長）,令和８年第１回定例会会議録（第４日）第４号令和８年３月２４日（火曜日）,supported,151cad919f1ca75eadaa5ab1547d137087d3e41321a9c873401ab9a86f1d69cb
shinjuku-2026-r1-gian-33,easy,content,OC33-E-23,ほかの 議案と まとめて 議題に なりました。,https://ssp.kaigiroku.net/tenant/shinjuku/MinuteView.html?council_id=3163&schedule_id=5&minute_id=52,ab4537cc101707d2f265c906951c6e03fc7c344e5b7f317a87e433a4d9dc4b65,審議状況（本会議 3月24日 議長）,日程第22から日程第26までを一括議題とします,supported,151cad919f1ca75eadaa5ab1547d137087d3e41321a9c873401ab9a86f1d69cb
shinjuku-2026-r1-gian-33,easy,content,OC33-E-24,文教子ども家庭委員会の 審査報告書は 可決でした。,https://ssp.kaigiroku.net/tenant/shinjuku/MinuteView.html?council_id=3163&schedule_id=5&minute_id=58,69368f14e256835f225802d7539f39260bf2106b46b6e0ee675d011db724582f,審議状況（本会議 3月24日 議長）,文教子ども家庭委員会審査報告書は、可決です,supported,151cad919f1ca75eadaa5ab1547d137087d3e41321a9c873401ab9a86f1d69cb
shinjuku-2026-r1-gian-33,easy,content,OC33-E-25,議長が 異議が ないか たずねました。,https://ssp.kaigiroku.net/tenant/shinjuku/MinuteView.html?council_id=3163&schedule_id=5&minute_id=58,69368f14e256835f225802d7539f39260bf2106b46b6e0ee675d011db724582f,審議状況（本会議 3月24日 議長）,文教子ども家庭委員会審査報告書は、可決です,supported,151cad919f1ca75eadaa5ab1547d137087d3e41321a9c873401ab9a86f1d69cb
shinjuku-2026-r1-gian-33,easy,content,OC33-E-26,異議なしと 認められて 可決しました。,https://ssp.kaigiroku.net/tenant/shinjuku/MinuteView.html?council_id=3163&schedule_id=5&minute_id=59,970914f9ce4a28e423e8480a3d4ce175afafafeebd92448698df42d97cb2ec1d,審議状況（本会議 3月24日 議長）,異議なしと認めます…本案は、いずれも委員会審査報告のとおり可決されました,supported,151cad919f1ca75eadaa5ab1547d137087d3e41321a9c873401ab9a86f1d69cb
shinjuku-2026-r1-gian-33,easy,content,OC33-E-27,賛成したのは ８つの 会派 すべてです。,https://www.city.shinjuku.lg.jp/content/000452334.pdf,22ba4f49b18c96bd1fa26241606257c05477f38e25ac46d6f8e4f416a2cedbf2,審議状況（議案の概要と審議結果の採決結果行）,国の取扱いとの均衡等を踏まえ、週休日等以外の日における管理職員特別勤務手当の支給対象時間を拡大する。○○○○○○○○可決,supported,151cad919f1ca75eadaa5ab1547d137087d3e41321a9c873401ab9a86f1d69cb
shinjuku-2026-r1-gian-33,normal,title,OC33-NT-01,見出し: 幼稚園教育職員の管理職員特別勤務手当の支給対象時間を拡大,https://www.city.shinjuku.lg.jp/content/000447774.pdf,1dc3eaffcafb1b1c9e139e823182dc80dc0755624813ca87d8b274d15f5b6624,第33号議案,国の取扱いとの均衡等を踏まえ、週休日等以外の日における…管理職員特別勤務手当の支給対象時間を拡大する。,supported,19c7549a291affed117a3e66d9174b5dd8274754a3f21e9a6971e9a71913ce49
shinjuku-2026-r1-gian-33,normal,summary,OC33-NS-01,要約: 週休日等以外の日における管理職員特別勤務手当の支給対象時間を、午前0時から午前5時までから、午後10時から翌日の午前5時までに広げる条例改正です。,https://www.city.shinjuku.lg.jp/content/000447774.pdf,1dc3eaffcafb1b1c9e139e823182dc80dc0755624813ca87d8b274d15f5b6624,第33号議案,「午前0時から午前5時まで」⇒「午後10時から翌日の午…前5時まで」,supported,19c7549a291affed117a3e66d9174b5dd8274754a3f21e9a6971e9a71913ce49
shinjuku-2026-r1-gian-33,normal,summary,OC33-NS-02,要約: 施行日は令和8年4月1日です。,https://www.city.shinjuku.lg.jp/content/000448421.pdf,8f6fcda98fbdebdf758773b58078dd16de90c6d893233a1b6f8d382a3c076b6c,附則,この条例は、令和8年4月1日から施行する,supported,19c7549a291affed117a3e66d9174b5dd8274754a3f21e9a6971e9a71913ce49
shinjuku-2026-r1-gian-33,normal,content,OC33-N-01,新宿区幼稚園教育職員の給与に関する条例の一部を改正する条例案です。,https://www.city.shinjuku.lg.jp/content/000448421.pdf,8f6fcda98fbdebdf758773b58078dd16de90c6d893233a1b6f8d382a3c076b6c,件名,新宿区幼稚園教育職員の給与に関する条例の一部を改正する条例,supported,19c7549a291affed117a3e66d9174b5dd8274754a3f21e9a6971e9a71913ce49
shinjuku-2026-r1-gian-33,normal,content,OC33-N-02,国の取扱いとの均衡等を踏まえ、週休日等以外の日における管理職員特別勤務手当の支給対象時間を拡大する。,https://www.city.shinjuku.lg.jp/content/000447774.pdf,1dc3eaffcafb1b1c9e139e823182dc80dc0755624813ca87d8b274d15f5b6624,第33号議案,国の取扱いとの均衡等を踏まえ、週休日等以外の日における…管理職員特別勤務手当の支給対象時間を拡大する。,supported,19c7549a291affed117a3e66d9174b5dd8274754a3f21e9a6971e9a71913ce49
shinjuku-2026-r1-gian-33,normal,content,OC33-N-03,議案本文の提案理由は、国の取扱いとの均衡等を踏まえ、週休日等以外の日における管理職員特別勤務手当の支給対象となる時間を拡大する等所要の改正を行う必要があるため、としています。,https://www.city.shinjuku.lg.jp/content/000448421.pdf,8f6fcda98fbdebdf758773b58078dd16de90c6d893233a1b6f8d382a3c076b6c,（提案理由）,国の取扱いとの均衡等を踏まえ、週休日等以外の日における管理職員特別勤務手当の支給対象となる時間を拡大する等所要の改正を行う必要があるため,supported,19c7549a291affed117a3e66d9174b5dd8274754a3f21e9a6971e9a71913ce49
shinjuku-2026-r1-gian-33,normal,content,OC33-N-04,区長は2月25日の本会議で、本案を「国の取扱いとの均衡等を踏まえ、週休日等以外の日における管理職員特別勤務手当の支給対象となる時間を拡大する等、所要の改正を行うもの」と説明しました。,https://ssp.kaigiroku.net/tenant/shinjuku/MinuteView.html?council_id=3163&schedule_id=4&minute_id=137,e4ea62817b80d326ca1bd4d81dad578ca1f858b097c497b61fc490389ff3d0be,審議状況（本会議 2月25日 区長・議長）,第33号議案の新宿区幼稚園教育職員の給与に関する条例の一部を改正する条例ですが、本案は、国の取扱いとの均衡等を踏まえ、週休日等以外の日における管理職員特別勤務手当の支給対象となる時間を拡大する等、所要の改正を行うものです,supported,19c7549a291affed117a3e66d9174b5dd8274754a3f21e9a6971e9a71913ce49
shinjuku-2026-r1-gian-33,normal,content,OC33-N-05,この条例案については、地方公務員法第5条第2項の規定に基づき、あらかじめ特別区人事委員会の意見を聴取したところ、異議がないとの回答を得たと、議長が2月25日の本会議で報告しました。,https://ssp.kaigiroku.net/tenant/shinjuku/MinuteView.html?council_id=3163&schedule_id=4&minute_id=139,2c581f0e2166fe0d8c270321a80c9af920072de6d32b426e4e63518d9c5c6408,審議状況（本会議 2月25日 区長・議長）,第33号議案につきましては、地方公務員法第5条第2項の規定に基づき、あらかじめ特別区人事委員会の意見を聴取したところ、異議がないとの回答を得ております,supported,19c7549a291affed117a3e66d9174b5dd8274754a3f21e9a6971e9a71913ce49
shinjuku-2026-r1-gian-33,normal,content,OC33-N-06,改正の対象は、平成12年新宿区条例第56号の新宿区幼稚園教育職員の給与に関する条例の第23条です。,https://www.city.shinjuku.lg.jp/content/000448421.pdf,8f6fcda98fbdebdf758773b58078dd16de90c6d893233a1b6f8d382a3c076b6c,改め文,新宿区幼稚園教育職員の給与に関する条例（平成12年新宿区条例第56号）の一部を次のように改正する,supported,19c7549a291affed117a3e66d9174b5dd8274754a3f21e9a6971e9a71913ce49
shinjuku-2026-r1-gian-33,normal,content,OC33-N-07,改正の対象は、平成12年新宿区条例第56号の新宿区幼稚園教育職員の給与に関する条例の第23条です。,https://www.city.shinjuku.lg.jp/content/000448421.pdf,8f6fcda98fbdebdf758773b58078dd16de90c6d893233a1b6f8d382a3c076b6c,改め文（第23条第1項）,第23条第1項中「勤務した」を「勤務をした」に改め、同項ただし書中「勤務しなかった」を「勤務をしなかった」に改め,supported,19c7549a291affed117a3e66d9174b5dd8274754a3f21e9a6971e9a71913ce49
shinjuku-2026-r1-gian-33,normal,content,OC33-N-08,現行: 午前0時から午前5時まで,https://www.city.shinjuku.lg.jp/content/000447774.pdf,1dc3eaffcafb1b1c9e139e823182dc80dc0755624813ca87d8b274d15f5b6624,第33号議案,「午前0時から午前5時まで」⇒「午後10時から翌日の午…前5時まで」,supported,19c7549a291affed117a3e66d9174b5dd8274754a3f21e9a6971e9a71913ce49
shinjuku-2026-r1-gian-33,normal,content,OC33-N-09,改正後: 午後10時から翌日の午前5時まで,https://www.city.shinjuku.lg.jp/content/000447774.pdf,1dc3eaffcafb1b1c9e139e823182dc80dc0755624813ca87d8b274d15f5b6624,第33号議案,「午前0時から午前5時まで」⇒「午後10時から翌日の午…前5時まで」,supported,19c7549a291affed117a3e66d9174b5dd8274754a3f21e9a6971e9a71913ce49
shinjuku-2026-r1-gian-33,normal,content,OC33-N-10,第1項: 「勤務した」を「勤務をした」に、ただし書中の「勤務しなかった」を「勤務をしなかった」に改めます。,https://www.city.shinjuku.lg.jp/content/000448421.pdf,8f6fcda98fbdebdf758773b58078dd16de90c6d893233a1b6f8d382a3c076b6c,改め文（第23条第1項）,第23条第1項中「勤務した」を「勤務をした」に改め、同項ただし書中「勤務しなかった」を「勤務をしなかった」に改め,supported,19c7549a291affed117a3e66d9174b5dd8274754a3f21e9a6971e9a71913ce49
shinjuku-2026-r1-gian-33,normal,content,OC33-N-11,第2項: 「週休日等以外の日の午前0時から」を「午後10時から翌日の」に改めます。,https://www.city.shinjuku.lg.jp/content/000448421.pdf,8f6fcda98fbdebdf758773b58078dd16de90c6d893233a1b6f8d382a3c076b6c,改め文（第23条第2項）,同条第2項中「週休日等以外の日の午前0時から」を「午後10時から翌日の」に改め,supported,19c7549a291affed117a3e66d9174b5dd8274754a3f21e9a6971e9a71913ce49
shinjuku-2026-r1-gian-33,normal,content,OC33-N-12,第2項: 「の間」の次に「（週休日等に含まれる時間を除く。）」を加え、「勤務した」を「勤務をした」に改めます。,https://www.city.shinjuku.lg.jp/content/000448421.pdf,8f6fcda98fbdebdf758773b58078dd16de90c6d893233a1b6f8d382a3c076b6c,改め文（第23条第2項）,同条第2項中「週休日等以外の日の午前0時から」を「午後10時から翌日の」に改め、「の間」の次に「（週休日等に含まれる時間を除く。）」を加え、「勤務した」を「勤務をした」に改め,supported,19c7549a291affed117a3e66d9174b5dd8274754a3f21e9a6971e9a71913ce49
shinjuku-2026-r1-gian-33,normal,content,OC33-N-13,第3項: 「に定める額」の次に、前2項に規定する勤務に従事する時間を考慮して人事委員会の承認を得て教育委員会規則で定める勤務にあっては、その額に100分の150を乗じて得た額とする旨の括弧書きを加えます。,https://www.city.shinjuku.lg.jp/content/000448421.pdf,8f6fcda98fbdebdf758773b58078dd16de90c6d893233a1b6f8d382a3c076b6c,改め文（第23条第3項）,同条第3項中「に定める額」の次に「（前2項に規定する勤務に従事する時間を考慮して人事委員会の承認を得て教育委員会規則で定める勤務にあっては、その額に100分の150を乗じて得た額）」を加え,supported,19c7549a291affed117a3e66d9174b5dd8274754a3f21e9a6971e9a71913ce49
shinjuku-2026-r1-gian-33,normal,content,OC33-N-14,第3項第1号: 当該勤務に従事する時間等を考慮して人事委員会の承認を得て教育委員会規則で定める勤務にあっては、その額に100分の150を乗じて得た額とする旨の括弧書きを削ります。,https://www.city.shinjuku.lg.jp/content/000448421.pdf,8f6fcda98fbdebdf758773b58078dd16de90c6d893233a1b6f8d382a3c076b6c,改め文（第23条第3項第1号）,同項第1号中「（当該勤務に従事する時間等を考慮して人事委員会の承認を得て教育委員会規則で定める勤務にあっては、その額に100分の150を乗じて得た額）」を削る,supported,19c7549a291affed117a3e66d9174b5dd8274754a3f21e9a6971e9a71913ce49
shinjuku-2026-r1-gian-33,normal,content,OC33-N-15,令和8年4月1日から施行されます。,https://www.city.shinjuku.lg.jp/content/000448421.pdf,8f6fcda98fbdebdf758773b58078dd16de90c6d893233a1b6f8d382a3c076b6c,附則,この条例は、令和8年4月1日から施行する,supported,19c7549a291affed117a3e66d9174b5dd8274754a3f21e9a6971e9a71913ce49
shinjuku-2026-r1-gian-33,normal,content,OC33-N-16,概要資料の施行日も令和8年4月1日です。,https://www.city.shinjuku.lg.jp/content/000447774.pdf,1dc3eaffcafb1b1c9e139e823182dc80dc0755624813ca87d8b274d15f5b6624,第33号議案［施行日］,管理職員特別勤務手当の支給対象時間を拡大する。…［施行日］…令和8年4月1日,supported,19c7549a291affed117a3e66d9174b5dd8274754a3f21e9a6971e9a71913ce49
shinjuku-2026-r1-gian-33,normal,content,OC33-N-17,附則は、施行期日だけを定めています。,https://www.city.shinjuku.lg.jp/content/000448421.pdf,8f6fcda98fbdebdf758773b58078dd16de90c6d893233a1b6f8d382a3c076b6c,附則,附則…この条例は、令和8年4月1日から施行する。（提案理由）,supported,19c7549a291affed117a3e66d9174b5dd8274754a3f21e9a6971e9a71913ce49
shinjuku-2026-r1-gian-33,normal,content,OC33-N-18,令和8年第1回定例会（会期は2月17日から3月24日まで）で審議されました。,https://www.city.shinjuku.lg.jp/content/000452334.pdf,22ba4f49b18c96bd1fa26241606257c05477f38e25ac46d6f8e4f416a2cedbf2,審議状況（会期）,令和８年第１回定例会…２月１７日～３月２４日,supported,19c7549a291affed117a3e66d9174b5dd8274754a3f21e9a6971e9a71913ce49
shinjuku-2026-r1-gian-33,normal,content,OC33-N-19,2月25日（水曜日）に開かれた本会議で、区長が提案を説明しました。,https://ssp.kaigiroku.net/tenant/shinjuku/MinuteView.html?council_id=3163&schedule_id=4&minute_id=137,e4ea62817b80d326ca1bd4d81dad578ca1f858b097c497b61fc490389ff3d0be,審議状況（本会議 2月25日 区長・議長）,第33号議案の新宿区幼稚園教育職員の給与に関する条例の一部を改正する条例ですが、本案は、国の取扱いとの均衡等を踏まえ、週休日等以外の日における管理職員特別勤務手当の支給対象となる時間を拡大する等、所要の改正を行うものです,supported,19c7549a291affed117a3e66d9174b5dd8274754a3f21e9a6971e9a71913ce49
shinjuku-2026-r1-gian-33,normal,content,OC33-N-20,議案付託表のとおり、所管の常任委員会に付託されました。,https://ssp.kaigiroku.net/tenant/shinjuku/MinuteView.html?council_id=3163&schedule_id=4&minute_id=138,7b1e6047c2dbb6dcfb1607b64f34573d7b55ab43d1c71a3f8b75c42c17b937a6,審議状況（本会議 2月25日 区長・議長）,第22号議案から第35号議案までは、議案付託表のとおり、それぞれ所管の常任委員会に付託します,supported,19c7549a291affed117a3e66d9174b5dd8274754a3f21e9a6971e9a71913ce49
shinjuku-2026-r1-gian-33,normal,content,OC33-N-21,本会議は第4日にあたる3月24日（火曜日）でした。,https://ssp.kaigiroku.net/tenant/shinjuku/MinuteView.html?council_id=3163&schedule_id=5&minute_id=1,bd058d36962b45d8d965e4625bb95ecd661a102a026175213f37ba9eb575424a,審議状況（本会議 3月24日 議長）,令和８年第１回定例会会議録（第４日）第４号令和８年３月２４日（火曜日）,supported,19c7549a291affed117a3e66d9174b5dd8274754a3f21e9a6971e9a71913ce49
shinjuku-2026-r1-gian-33,normal,content,OC33-N-22,3月24日の本会議では、日程第22から日程第26までの議案とあわせて、一括して議題となりました。,https://ssp.kaigiroku.net/tenant/shinjuku/MinuteView.html?council_id=3163&schedule_id=5&minute_id=52,ab4537cc101707d2f265c906951c6e03fc7c344e5b7f317a87e433a4d9dc4b65,審議状況（本会議 3月24日 議長）,日程第22から日程第26までを一括議題とします,supported,19c7549a291affed117a3e66d9174b5dd8274754a3f21e9a6971e9a71913ce49
shinjuku-2026-r1-gian-33,normal,content,OC33-N-23,文教子ども家庭委員会の審査報告書は「可決」でした。,https://ssp.kaigiroku.net/tenant/shinjuku/MinuteView.html?council_id=3163&schedule_id=5&minute_id=58,69368f14e256835f225802d7539f39260bf2106b46b6e0ee675d011db724582f,審議状況（本会議 3月24日 議長）,文教子ども家庭委員会審査報告書は、可決です,supported,19c7549a291affed117a3e66d9174b5dd8274754a3f21e9a6971e9a71913ce49
shinjuku-2026-r1-gian-33,normal,content,OC33-N-24,本会議は、異議なしと認めて、委員会審査報告のとおり可決しました。,https://ssp.kaigiroku.net/tenant/shinjuku/MinuteView.html?council_id=3163&schedule_id=5&minute_id=59,970914f9ce4a28e423e8480a3d4ce175afafafeebd92448698df42d97cb2ec1d,審議状況（本会議 3月24日 議長）,異議なしと認めます…本案は、いずれも委員会審査報告のとおり可決されました,supported,19c7549a291affed117a3e66d9174b5dd8274754a3f21e9a6971e9a71913ce49
shinjuku-2026-r1-gian-33,normal,content,OC33-N-25,議決結果ページの記載は「原案可決」です。,https://www.city.shinjuku.lg.jp/kusei/soumu01_002090_00015.html,7c2b6f68db1b433b860b35d176b4dd9211e78582ec9de718fcfefe68b22d896a,審議状況（議決結果ページ）,第33号議案新宿区幼稚園教育職員の給与に関する条例の一部を改正する条例原案可決,supported,19c7549a291affed117a3e66d9174b5dd8274754a3f21e9a6971e9a71913ce49
shinjuku-2026-r1-gian-33,normal,content,OC33-N-26,「議案の概要と審議結果」の採決結果行では、8会派すべてが賛成（○）でした。,https://www.city.shinjuku.lg.jp/content/000452334.pdf,22ba4f49b18c96bd1fa26241606257c05477f38e25ac46d6f8e4f416a2cedbf2,審議状況（議案の概要と審議結果の採決結果行）,国の取扱いとの均衡等を踏まえ、週休日等以外の日における管理職員特別勤務手当の支給対象時間を拡大する。○○○○○○○○可決,supported,19c7549a291affed117a3e66d9174b5dd8274754a3f21e9a6971e9a71913ce49
shinjuku-2026-r1-gian-33,hard,title,OC33-HT-01,見出し: 第33号議案 新宿区幼稚園教育職員の給与に関する条例の一部を改正する条例,https://www.city.shinjuku.lg.jp/content/000448421.pdf,8f6fcda98fbdebdf758773b58078dd16de90c6d893233a1b6f8d382a3c076b6c,件名,新宿区幼稚園教育職員の給与に関する条例の一部を改正する条例,supported,9393cefb6ff75b214bfeb760377b9084cbeeaae1bc9e8dece227519f57ff9d1c
shinjuku-2026-r1-gian-33,hard,summary,OC33-HS-01,要約: 新宿区幼稚園教育職員の給与に関する条例第23条を改め、週休日等以外の日における管理職員特別勤務手当の支給対象時間を拡大する条例改正。,https://www.city.shinjuku.lg.jp/content/000447774.pdf,1dc3eaffcafb1b1c9e139e823182dc80dc0755624813ca87d8b274d15f5b6624,第33号議案,国の取扱いとの均衡等を踏まえ、週休日等以外の日における…管理職員特別勤務手当の支給対象時間を拡大する。,supported,9393cefb6ff75b214bfeb760377b9084cbeeaae1bc9e8dece227519f57ff9d1c
shinjuku-2026-r1-gian-33,hard,summary,OC33-HS-02,要約: 新宿区幼稚園教育職員の給与に関する条例第23条を改め、週休日等以外の日における管理職員特別勤務手当の支給対象時間を拡大する条例改正。,https://www.city.shinjuku.lg.jp/content/000448421.pdf,8f6fcda98fbdebdf758773b58078dd16de90c6d893233a1b6f8d382a3c076b6c,改め文（第23条第1項）,第23条第1項中「勤務した」を「勤務をした」に改め、同項ただし書中「勤務しなかった」を「勤務をしなかった」に改め,supported,9393cefb6ff75b214bfeb760377b9084cbeeaae1bc9e8dece227519f57ff9d1c
shinjuku-2026-r1-gian-33,hard,summary,OC33-HS-03,要約: 施行日は令和8年4月1日。,https://www.city.shinjuku.lg.jp/content/000448421.pdf,8f6fcda98fbdebdf758773b58078dd16de90c6d893233a1b6f8d382a3c076b6c,附則,この条例は、令和8年4月1日から施行する,supported,9393cefb6ff75b214bfeb760377b9084cbeeaae1bc9e8dece227519f57ff9d1c
shinjuku-2026-r1-gian-33,hard,content,OC33-H-01,提出日: 令和8年2月17日,https://www.city.shinjuku.lg.jp/content/000448421.pdf,8f6fcda98fbdebdf758773b58078dd16de90c6d893233a1b6f8d382a3c076b6c,提出日・提出者,令和８年２月１７日…新宿区長…吉住…健一,supported,9393cefb6ff75b214bfeb760377b9084cbeeaae1bc9e8dece227519f57ff9d1c
shinjuku-2026-r1-gian-33,hard,content,OC33-H-02,提出者: 新宿区長 吉住健一,https://www.city.shinjuku.lg.jp/content/000448421.pdf,8f6fcda98fbdebdf758773b58078dd16de90c6d893233a1b6f8d382a3c076b6c,提出日・提出者,令和８年２月１７日…新宿区長…吉住…健一,supported,9393cefb6ff75b214bfeb760377b9084cbeeaae1bc9e8dece227519f57ff9d1c
shinjuku-2026-r1-gian-33,hard,content,OC33-H-03,改正する条例: 新宿区幼稚園教育職員の給与に関する条例（平成12年新宿区条例第56号）,https://www.city.shinjuku.lg.jp/content/000448421.pdf,8f6fcda98fbdebdf758773b58078dd16de90c6d893233a1b6f8d382a3c076b6c,改め文,新宿区幼稚園教育職員の給与に関する条例（平成12年新宿区条例第56号）の一部を次のように改正する,supported,9393cefb6ff75b214bfeb760377b9084cbeeaae1bc9e8dece227519f57ff9d1c
shinjuku-2026-r1-gian-33,hard,content,OC33-H-04,議決: 原案可決（議決結果ページの記載）,https://www.city.shinjuku.lg.jp/kusei/soumu01_002090_00015.html,7c2b6f68db1b433b860b35d176b4dd9211e78582ec9de718fcfefe68b22d896a,審議状況（議決結果ページ）,第33号議案新宿区幼稚園教育職員の給与に関する条例の一部を改正する条例原案可決,supported,9393cefb6ff75b214bfeb760377b9084cbeeaae1bc9e8dece227519f57ff9d1c
shinjuku-2026-r1-gian-33,hard,content,OC33-H-05,提案の説明: 令和8年2月25日（水曜日）の本会議（第3日第3号）で区長が説明,https://ssp.kaigiroku.net/tenant/shinjuku/MinuteView.html?council_id=3163&schedule_id=4&minute_id=137,e4ea62817b80d326ca1bd4d81dad578ca1f858b097c497b61fc490389ff3d0be,審議状況（本会議 2月25日 区長・議長）,第33号議案の新宿区幼稚園教育職員の給与に関する条例の一部を改正する条例ですが、本案は、国の取扱いとの均衡等を踏まえ、週休日等以外の日における管理職員特別勤務手当の支給対象となる時間を拡大する等、所要の改正を行うものです,supported,9393cefb6ff75b214bfeb760377b9084cbeeaae1bc9e8dece227519f57ff9d1c
shinjuku-2026-r1-gian-33,hard,content,OC33-H-06,提案の説明: 令和8年2月25日（水曜日）の本会議（第3日第3号）で区長が説明,https://ssp.kaigiroku.net/tenant/shinjuku/MinuteView.html?council_id=3163&schedule_id=4&minute_id=1,3ccc7b9665b5c85e509060592cad910ed18345c1b72e8a75761ad1e7e538a622,審議状況（本会議 2月25日 区長・議長）,令和８年第１回定例会会議録（第３日）第３号令和８年２月２５日（水曜日）,supported,9393cefb6ff75b214bfeb760377b9084cbeeaae1bc9e8dece227519f57ff9d1c
shinjuku-2026-r1-gian-33,hard,content,OC33-H-07,人事委員会の意見: 地方公務員法第5条第2項の規定に基づき、あらかじめ特別区人事委員会の意見を聴取したところ、異議がないとの回答を得た旨を、2月25日の本会議で議長が報告,https://ssp.kaigiroku.net/tenant/shinjuku/MinuteView.html?council_id=3163&schedule_id=4&minute_id=139,2c581f0e2166fe0d8c270321a80c9af920072de6d32b426e4e63518d9c5c6408,審議状況（本会議 2月25日 区長・議長）,第33号議案につきましては、地方公務員法第5条第2項の規定に基づき、あらかじめ特別区人事委員会の意見を聴取したところ、異議がないとの回答を得ております,supported,9393cefb6ff75b214bfeb760377b9084cbeeaae1bc9e8dece227519f57ff9d1c
shinjuku-2026-r1-gian-33,hard,content,OC33-H-08,付託: 議案付託表のとおり、所管の常任委員会に付託,https://ssp.kaigiroku.net/tenant/shinjuku/MinuteView.html?council_id=3163&schedule_id=4&minute_id=138,7b1e6047c2dbb6dcfb1607b64f34573d7b55ab43d1c71a3f8b75c42c17b937a6,審議状況（本会議 2月25日 区長・議長）,第22号議案から第35号議案までは、議案付託表のとおり、それぞれ所管の常任委員会に付託します,supported,9393cefb6ff75b214bfeb760377b9084cbeeaae1bc9e8dece227519f57ff9d1c
shinjuku-2026-r1-gian-33,hard,content,OC33-H-09,本会議: 令和8年3月24日（火曜日）、会議録 第4日第4号,https://ssp.kaigiroku.net/tenant/shinjuku/MinuteView.html?council_id=3163&schedule_id=5&minute_id=1,bd058d36962b45d8d965e4625bb95ecd661a102a026175213f37ba9eb575424a,審議状況（本会議 3月24日 議長）,令和８年第１回定例会会議録（第４日）第４号令和８年３月２４日（火曜日）,supported,9393cefb6ff75b214bfeb760377b9084cbeeaae1bc9e8dece227519f57ff9d1c
shinjuku-2026-r1-gian-33,hard,content,OC33-H-10,議題: 日程第22から日程第26までを一括議題とした,https://ssp.kaigiroku.net/tenant/shinjuku/MinuteView.html?council_id=3163&schedule_id=5&minute_id=52,ab4537cc101707d2f265c906951c6e03fc7c344e5b7f317a87e433a4d9dc4b65,審議状況（本会議 3月24日 議長）,日程第22から日程第26までを一括議題とします,supported,9393cefb6ff75b214bfeb760377b9084cbeeaae1bc9e8dece227519f57ff9d1c
shinjuku-2026-r1-gian-33,hard,content,OC33-H-11,会議録: 第33号議案の議題朗読が記載されている,https://ssp.kaigiroku.net/tenant/shinjuku/MinuteView.html?council_id=3163&schedule_id=5&minute_id=56,23c54cb72ddd013653182839b153d0341bf77db6812dbcb94d86c1c881dc5b20,審議状況（本会議 3月24日 議長）,第33号議案新宿区幼稚園教育職員の給与に関する条例の一部を改正する条例,supported,9393cefb6ff75b214bfeb760377b9084cbeeaae1bc9e8dece227519f57ff9d1c
shinjuku-2026-r1-gian-33,hard,content,OC33-H-12,委員会審査報告: 文教子ども家庭委員会の審査報告書は可決,https://ssp.kaigiroku.net/tenant/shinjuku/MinuteView.html?council_id=3163&schedule_id=5&minute_id=58,69368f14e256835f225802d7539f39260bf2106b46b6e0ee675d011db724582f,審議状況（本会議 3月24日 議長）,文教子ども家庭委員会審査報告書は、可決です,supported,9393cefb6ff75b214bfeb760377b9084cbeeaae1bc9e8dece227519f57ff9d1c
shinjuku-2026-r1-gian-33,hard,content,OC33-H-13,採決方法: 異議なし,https://ssp.kaigiroku.net/tenant/shinjuku/MinuteView.html?council_id=3163&schedule_id=5&minute_id=59,970914f9ce4a28e423e8480a3d4ce175afafafeebd92448698df42d97cb2ec1d,審議状況（本会議 3月24日 議長）,異議なしと認めます…本案は、いずれも委員会審査報告のとおり可決されました,supported,9393cefb6ff75b214bfeb760377b9084cbeeaae1bc9e8dece227519f57ff9d1c
shinjuku-2026-r1-gian-33,hard,content,OC33-H-14,会派別の賛否: 全8会派が賛成（採決結果行は ○○○○○○○○）,https://www.city.shinjuku.lg.jp/content/000452334.pdf,22ba4f49b18c96bd1fa26241606257c05477f38e25ac46d6f8e4f416a2cedbf2,審議状況（議案の概要と審議結果の採決結果行）,国の取扱いとの均衡等を踏まえ、週休日等以外の日における管理職員特別勤務手当の支給対象時間を拡大する。○○○○○○○○可決,supported,9393cefb6ff75b214bfeb760377b9084cbeeaae1bc9e8dece227519f57ff9d1c
shinjuku-2026-r1-gian-33,hard,content,OC33-H-15,会派: 自民・参政クラブ、新宿区議会公明党、日本共産党新宿区議会議員団、新宿未来の会、立憲民主党・無所属クラブ、日本維新の会・新宿区議団、現役世代に優しい新宿・減税の会、れいわ新選組 新宿,https://www.city.shinjuku.lg.jp/content/000452334.pdf,22ba4f49b18c96bd1fa26241606257c05477f38e25ac46d6f8e4f416a2cedbf2,会派略称・列の並び,共産＝日本共産党新宿区議会議員団…れいわ＝れいわ新選組 新宿…自参ク＝自民・参政クラブ…公明＝新宿区議会公明党…新宿会＝新宿未来の会…民無ク＝立憲民主党・無所属クラブ…維新＝日本維新の会・新宿区議団…現役＝現役世代に優しい新宿・減税の会,supported,9393cefb6ff75b214bfeb760377b9084cbeeaae1bc9e8dece227519f57ff9d1c
shinjuku-2026-r1-gian-33,hard,content,OC33-H-16,国の取扱いとの均衡等を踏まえ、週休日等以外の日における管理職員特別勤務手当の支給対象となる時間を拡大する等所要の改正を行う必要があるため,https://www.city.shinjuku.lg.jp/content/000448421.pdf,8f6fcda98fbdebdf758773b58078dd16de90c6d893233a1b6f8d382a3c076b6c,（提案理由）,国の取扱いとの均衡等を踏まえ、週休日等以外の日における管理職員特別勤務手当の支給対象となる時間を拡大する等所要の改正を行う必要があるため,supported,9393cefb6ff75b214bfeb760377b9084cbeeaae1bc9e8dece227519f57ff9d1c
shinjuku-2026-r1-gian-33,hard,content,OC33-H-17,改正する条例 / 新宿区幼稚園教育職員の給与に関する条例（平成12年新宿区条例第56号）,https://www.city.shinjuku.lg.jp/content/000448421.pdf,8f6fcda98fbdebdf758773b58078dd16de90c6d893233a1b6f8d382a3c076b6c,改め文,新宿区幼稚園教育職員の給与に関する条例（平成12年新宿区条例第56号）の一部を次のように改正する,supported,9393cefb6ff75b214bfeb760377b9084cbeeaae1bc9e8dece227519f57ff9d1c
shinjuku-2026-r1-gian-33,hard,content,OC33-H-18,第23条第1項 / 「勤務した」を「勤務をした」に改め、同項ただし書中「勤務しなかった」を「勤務をしなかった」に改める,https://www.city.shinjuku.lg.jp/content/000448421.pdf,8f6fcda98fbdebdf758773b58078dd16de90c6d893233a1b6f8d382a3c076b6c,改め文（第23条第1項）,第23条第1項中「勤務した」を「勤務をした」に改め、同項ただし書中「勤務しなかった」を「勤務をしなかった」に改め,supported,9393cefb6ff75b214bfeb760377b9084cbeeaae1bc9e8dece227519f57ff9d1c
shinjuku-2026-r1-gian-33,hard,content,OC33-H-19,第23条第2項 / 「週休日等以外の日の午前0時から」を「午後10時から翌日の」に改め、「の間」の次に「（週休日等に含まれる時間を除く。）」を加え、「勤務した」を「勤務をした」に改める,https://www.city.shinjuku.lg.jp/content/000448421.pdf,8f6fcda98fbdebdf758773b58078dd16de90c6d893233a1b6f8d382a3c076b6c,改め文（第23条第2項）,同条第2項中「週休日等以外の日の午前0時から」を「午後10時から翌日の」に改め、「の間」の次に「（週休日等に含まれる時間を除く。）」を加え、「勤務した」を「勤務をした」に改め,supported,9393cefb6ff75b214bfeb760377b9084cbeeaae1bc9e8dece227519f57ff9d1c
shinjuku-2026-r1-gian-33,hard,content,OC33-H-20,第23条第3項 / 「に定める額」の次に「（前2項に規定する勤務に従事する時間を考慮して人事委員会の承認を得て教育委員会規則で定める勤務にあっては、その額に100分の150を乗じて得た額）」を加える,https://www.city.shinjuku.lg.jp/content/000448421.pdf,8f6fcda98fbdebdf758773b58078dd16de90c6d893233a1b6f8d382a3c076b6c,改め文（第23条第3項）,同条第3項中「に定める額」の次に「（前2項に規定する勤務に従事する時間を考慮して人事委員会の承認を得て教育委員会規則で定める勤務にあっては、その額に100分の150を乗じて得た額）」を加え,supported,9393cefb6ff75b214bfeb760377b9084cbeeaae1bc9e8dece227519f57ff9d1c
shinjuku-2026-r1-gian-33,hard,content,OC33-H-21,第23条第3項第1号 / 「（当該勤務に従事する時間等を考慮して人事委員会の承認を得て教育委員会規則で定める勤務にあっては、その額に100分の150を乗じて得た額）」を削る,https://www.city.shinjuku.lg.jp/content/000448421.pdf,8f6fcda98fbdebdf758773b58078dd16de90c6d893233a1b6f8d382a3c076b6c,改め文（第23条第3項第1号）,同項第1号中「（当該勤務に従事する時間等を考慮して人事委員会の承認を得て教育委員会規則で定める勤務にあっては、その額に100分の150を乗じて得た額）」を削る,supported,9393cefb6ff75b214bfeb760377b9084cbeeaae1bc9e8dece227519f57ff9d1c
shinjuku-2026-r1-gian-33,hard,content,OC33-H-22,管理職員特別勤務手当という名称は、提案理由と概要資料の記載による。,https://www.city.shinjuku.lg.jp/content/000448421.pdf,8f6fcda98fbdebdf758773b58078dd16de90c6d893233a1b6f8d382a3c076b6c,（提案理由）,国の取扱いとの均衡等を踏まえ、週休日等以外の日における管理職員特別勤務手当の支給対象となる時間を拡大する等所要の改正を行う必要があるため,supported,9393cefb6ff75b214bfeb760377b9084cbeeaae1bc9e8dece227519f57ff9d1c
shinjuku-2026-r1-gian-33,hard,content,OC33-H-23,管理職員特別勤務手当という名称は、提案理由と概要資料の記載による。,https://www.city.shinjuku.lg.jp/content/000447774.pdf,1dc3eaffcafb1b1c9e139e823182dc80dc0755624813ca87d8b274d15f5b6624,第33号議案,国の取扱いとの均衡等を踏まえ、週休日等以外の日における…管理職員特別勤務手当の支給対象時間を拡大する。,supported,9393cefb6ff75b214bfeb760377b9084cbeeaae1bc9e8dece227519f57ff9d1c
shinjuku-2026-r1-gian-33,hard,content,OC33-H-24,国の取扱いとの均衡等を踏まえ、週休日等以外の日における管理職員特別勤務手当の支給対象時間を拡大する。,https://www.city.shinjuku.lg.jp/content/000447774.pdf,1dc3eaffcafb1b1c9e139e823182dc80dc0755624813ca87d8b274d15f5b6624,第33号議案,国の取扱いとの均衡等を踏まえ、週休日等以外の日における…管理職員特別勤務手当の支給対象時間を拡大する。,supported,9393cefb6ff75b214bfeb760377b9084cbeeaae1bc9e8dece227519f57ff9d1c
shinjuku-2026-r1-gian-33,hard,content,OC33-H-25,現行 / 午前0時から午前5時まで,https://www.city.shinjuku.lg.jp/content/000447774.pdf,1dc3eaffcafb1b1c9e139e823182dc80dc0755624813ca87d8b274d15f5b6624,第33号議案,「午前0時から午前5時まで」⇒「午後10時から翌日の午…前5時まで」,supported,9393cefb6ff75b214bfeb760377b9084cbeeaae1bc9e8dece227519f57ff9d1c
shinjuku-2026-r1-gian-33,hard,content,OC33-H-26,改正後 / 午後10時から翌日の午前5時まで,https://www.city.shinjuku.lg.jp/content/000447774.pdf,1dc3eaffcafb1b1c9e139e823182dc80dc0755624813ca87d8b274d15f5b6624,第33号議案,「午前0時から午前5時まで」⇒「午後10時から翌日の午…前5時まで」,supported,9393cefb6ff75b214bfeb760377b9084cbeeaae1bc9e8dece227519f57ff9d1c
shinjuku-2026-r1-gian-33,hard,content,OC33-H-27,施行日は令和8年4月1日と記載されている。,https://www.city.shinjuku.lg.jp/content/000447774.pdf,1dc3eaffcafb1b1c9e139e823182dc80dc0755624813ca87d8b274d15f5b6624,第33号議案［施行日］,管理職員特別勤務手当の支給対象時間を拡大する。…［施行日］…令和8年4月1日,supported,9393cefb6ff75b214bfeb760377b9084cbeeaae1bc9e8dece227519f57ff9d1c
shinjuku-2026-r1-gian-33,hard,content,OC33-H-28,「議案の概要と審議結果」も同旨の概要を記載している。,https://www.city.shinjuku.lg.jp/content/000452334.pdf,22ba4f49b18c96bd1fa26241606257c05477f38e25ac46d6f8e4f416a2cedbf2,第33号議案（議案の概要）,国の取扱いとの均衡等を踏まえ、週休日等以外の日における管理職員特別勤務手当の支給対象時間を拡大する。,supported,9393cefb6ff75b214bfeb760377b9084cbeeaae1bc9e8dece227519f57ff9d1c
shinjuku-2026-r1-gian-33,hard,content,OC33-H-29,この条例は、令和8年4月1日から施行する。,https://www.city.shinjuku.lg.jp/content/000448421.pdf,8f6fcda98fbdebdf758773b58078dd16de90c6d893233a1b6f8d382a3c076b6c,附則,この条例は、令和8年4月1日から施行する,supported,9393cefb6ff75b214bfeb760377b9084cbeeaae1bc9e8dece227519f57ff9d1c
shinjuku-2026-r1-gian-33,hard,content,OC33-H-30,附則は、施行期日だけを定めている。,https://www.city.shinjuku.lg.jp/content/000448421.pdf,8f6fcda98fbdebdf758773b58078dd16de90c6d893233a1b6f8d382a3c076b6c,附則,附則…この条例は、令和8年4月1日から施行する。（提案理由）,supported,9393cefb6ff75b214bfeb760377b9084cbeeaae1bc9e8dece227519f57ff9d1c
shinjuku-2026-r1-gian-33,hard,content,OC33-H-31,第33号議案 全文 / https://www.city.shinjuku.lg.jp/content/000448421.pdf / 8f6fcda98fbdebdf758773b58078dd16de90c6d893233a1b6f8d382a3c076b6c,https://www.city.shinjuku.lg.jp/content/000448421.pdf,8f6fcda98fbdebdf758773b58078dd16de90c6d893233a1b6f8d382a3c076b6c,件名,新宿区幼稚園教育職員の給与に関する条例の一部を改正する条例,supported,9393cefb6ff75b214bfeb760377b9084cbeeaae1bc9e8dece227519f57ff9d1c
shinjuku-2026-r1-gian-33,hard,content,OC33-H-32,提出案件概要（条例関係） / https://www.city.shinjuku.lg.jp/content/000447774.pdf / 1dc3eaffcafb1b1c9e139e823182dc80dc0755624813ca87d8b274d15f5b6624,https://www.city.shinjuku.lg.jp/content/000447774.pdf,1dc3eaffcafb1b1c9e139e823182dc80dc0755624813ca87d8b274d15f5b6624,提出案件概要（条例関係）,第1回区議会定例会提出案件概要…（条例関係）,supported,9393cefb6ff75b214bfeb760377b9084cbeeaae1bc9e8dece227519f57ff9d1c
shinjuku-2026-r1-gian-33,hard,content,OC33-H-33,議案の概要と審議結果 / https://www.city.shinjuku.lg.jp/content/000452334.pdf / 22ba4f49b18c96bd1fa26241606257c05477f38e25ac46d6f8e4f416a2cedbf2,https://www.city.shinjuku.lg.jp/content/000452334.pdf,22ba4f49b18c96bd1fa26241606257c05477f38e25ac46d6f8e4f416a2cedbf2,議案の概要と審議結果,議案の概要と審議結果,supported,9393cefb6ff75b214bfeb760377b9084cbeeaae1bc9e8dece227519f57ff9d1c
shinjuku-2026-r1-gian-33,hard,content,OC33-H-34,議決結果ページ（2026-10-04 取得） / https://www.city.shinjuku.lg.jp/kusei/soumu01_002090_00015.html / 7c2b6f68db1b433b860b35d176b4dd9211e78582ec9de718fcfefe68b22d896a,https://www.city.shinjuku.lg.jp/kusei/soumu01_002090_00015.html,7c2b6f68db1b433b860b35d176b4dd9211e78582ec9de718fcfefe68b22d896a,審議状況（議決結果ページ）,第33号議案新宿区幼稚園教育職員の給与に関する条例の一部を改正する条例原案可決,supported,9393cefb6ff75b214bfeb760377b9084cbeeaae1bc9e8dece227519f57ff9d1c
shinjuku-2026-r1-gian-33,hard,content,OC33-H-35,会議録 2月25日 区長（提案説明） / https://ssp.kaigiroku.net/tenant/shinjuku/MinuteView.html?council_id=3163&schedule_id=4&minute_id=137 / e4ea62817b80d326ca1bd4d81dad578ca1f858b097c497b61fc490389ff3d0be,https://ssp.kaigiroku.net/tenant/shinjuku/MinuteView.html?council_id=3163&schedule_id=4&minute_id=137,e4ea62817b80d326ca1bd4d81dad578ca1f858b097c497b61fc490389ff3d0be,審議状況（本会議 2月25日 区長・議長）,第33号議案の新宿区幼稚園教育職員の給与に関する条例の一部を改正する条例ですが、本案は、国の取扱いとの均衡等を踏まえ、週休日等以外の日における管理職員特別勤務手当の支給対象となる時間を拡大する等、所要の改正を行うものです,supported,9393cefb6ff75b214bfeb760377b9084cbeeaae1bc9e8dece227519f57ff9d1c
shinjuku-2026-r1-gian-33,hard,content,OC33-H-36,会議録 2月25日 議長（人事委員会の意見） / https://ssp.kaigiroku.net/tenant/shinjuku/MinuteView.html?council_id=3163&schedule_id=4&minute_id=139 / 2c581f0e2166fe0d8c270321a80c9af920072de6d32b426e4e63518d9c5c6408,https://ssp.kaigiroku.net/tenant/shinjuku/MinuteView.html?council_id=3163&schedule_id=4&minute_id=139,2c581f0e2166fe0d8c270321a80c9af920072de6d32b426e4e63518d9c5c6408,審議状況（本会議 2月25日 区長・議長）,第33号議案につきましては、地方公務員法第5条第2項の規定に基づき、あらかじめ特別区人事委員会の意見を聴取したところ、異議がないとの回答を得ております,supported,9393cefb6ff75b214bfeb760377b9084cbeeaae1bc9e8dece227519f57ff9d1c
shinjuku-2026-r1-gian-33,hard,content,OC33-H-37,会議録 3月24日 議長（委員会審査報告） / https://ssp.kaigiroku.net/tenant/shinjuku/MinuteView.html?council_id=3163&schedule_id=5&minute_id=58 / 69368f14e256835f225802d7539f39260bf2106b46b6e0ee675d011db724582f,https://ssp.kaigiroku.net/tenant/shinjuku/MinuteView.html?council_id=3163&schedule_id=5&minute_id=58,69368f14e256835f225802d7539f39260bf2106b46b6e0ee675d011db724582f,審議状況（本会議 3月24日 議長）,文教子ども家庭委員会審査報告書は、可決です,supported,9393cefb6ff75b214bfeb760377b9084cbeeaae1bc9e8dece227519f57ff9d1c
shinjuku-2026-r1-gian-33,hard,content,OC33-H-38,会議録 3月24日 議長（採決） / https://ssp.kaigiroku.net/tenant/shinjuku/MinuteView.html?council_id=3163&schedule_id=5&minute_id=59 / 970914f9ce4a28e423e8480a3d4ce175afafafeebd92448698df42d97cb2ec1d,https://ssp.kaigiroku.net/tenant/shinjuku/MinuteView.html?council_id=3163&schedule_id=5&minute_id=59,970914f9ce4a28e423e8480a3d4ce175afafafeebd92448698df42d97cb2ec1d,審議状況（本会議 3月24日 議長）,異議なしと認めます…本案は、いずれも委員会審査報告のとおり可決されました,supported,9393cefb6ff75b214bfeb760377b9084cbeeaae1bc9e8dece227519f57ff9d1c
shinjuku-2026-r1-gian-34,easy,title,OC34-ET-01,見出し: 学校医などの 補償の 金額を 上げます,https://www.city.shinjuku.lg.jp/content/000447774.pdf,1dc3eaffcafb1b1c9e139e823182dc80dc0755624813ca87d8b274d15f5b6624,第34号議案,区立学校医等の公務災害補償額の算定基礎としている都立…学校の学校医、学校歯科医及び学校薬剤師の公務災害補償に関…する条例の改正に合わせ、次のとおり補償基礎額を改定する,supported,0a3e990fd3cdc063bc70dfd37e7811a6f384111d86dca70b8c74ad3f7374c7a7
shinjuku-2026-r1-gian-34,easy,summary,OC34-ES-01,要約: 学校医などの 公務災害補償の 基礎に なる 金額を 上げます。,https://www.city.shinjuku.lg.jp/content/000447774.pdf,1dc3eaffcafb1b1c9e139e823182dc80dc0755624813ca87d8b274d15f5b6624,第34号議案,区立学校医等の公務災害補償額の算定基礎としている都立…学校の学校医、学校歯科医及び学校薬剤師の公務災害補償に関…する条例の改正に合わせ、次のとおり補償基礎額を改定する,supported,0a3e990fd3cdc063bc70dfd37e7811a6f384111d86dca70b8c74ad3f7374c7a7
shinjuku-2026-r1-gian-34,easy,summary,OC34-ES-02,要約: 始まる 日は 2026年（令和8年）4月1日（水）です。,https://www.city.shinjuku.lg.jp/content/000448422.pdf,a6bf4741a153791c61a4fb5e7a2b35175d59fdb41d6d811309df9c53598dd3dd,附則（施行期日）,この条例は、令和8年4月1日から施行する,supported,0a3e990fd3cdc063bc70dfd37e7811a6f384111d86dca70b8c74ad3f7374c7a7
shinjuku-2026-r1-gian-34,easy,content,OC34-E-01,【公務災害補償】［こうむさいがいほしょう］（＝仕事中の けがなどへの 補償）の 条例を 変えます。,https://www.city.shinjuku.lg.jp/content/000448422.pdf,a6bf4741a153791c61a4fb5e7a2b35175d59fdb41d6d811309df9c53598dd3dd,件名,新宿区立の小学校、中学校及び特別支援学校の非常勤の学校医、学校歯科医及び学校薬剤師の公務災害補償に関する条例の一部を改正する条例,supported,0a3e990fd3cdc063bc70dfd37e7811a6f384111d86dca70b8c74ad3f7374c7a7
shinjuku-2026-r1-gian-34,easy,content,OC34-E-02,対象は 平成14年 新宿区条例 第24号です。,https://www.city.shinjuku.lg.jp/content/000448422.pdf,a6bf4741a153791c61a4fb5e7a2b35175d59fdb41d6d811309df9c53598dd3dd,改め文,（平成14年新宿区条例第24号）の一部を次のように改正する,supported,0a3e990fd3cdc063bc70dfd37e7811a6f384111d86dca70b8c74ad3f7374c7a7
shinjuku-2026-r1-gian-34,easy,content,OC34-E-03,区立の 小学校、中学校、特別支援学校の 非常勤の 人が 対象です。,https://www.city.shinjuku.lg.jp/content/000448422.pdf,a6bf4741a153791c61a4fb5e7a2b35175d59fdb41d6d811309df9c53598dd3dd,件名,新宿区立の小学校、中学校及び特別支援学校の非常勤の学校医、学校歯科医及び学校薬剤師の公務災害補償に関する条例の一部を改正する条例,supported,0a3e990fd3cdc063bc70dfd37e7811a6f384111d86dca70b8c74ad3f7374c7a7
shinjuku-2026-r1-gian-34,easy,content,OC34-E-04,学校医、学校歯科医、学校薬剤師の ことです。,https://www.city.shinjuku.lg.jp/content/000448422.pdf,a6bf4741a153791c61a4fb5e7a2b35175d59fdb41d6d811309df9c53598dd3dd,件名,新宿区立の小学校、中学校及び特別支援学校の非常勤の学校医、学校歯科医及び学校薬剤師の公務災害補償に関する条例の一部を改正する条例,supported,0a3e990fd3cdc063bc70dfd37e7811a6f384111d86dca70b8c74ad3f7374c7a7
shinjuku-2026-r1-gian-34,easy,content,OC34-E-05,区は 都立学校の 学校医などの 条例を 算定の もとに して います。,https://www.city.shinjuku.lg.jp/content/000447774.pdf,1dc3eaffcafb1b1c9e139e823182dc80dc0755624813ca87d8b274d15f5b6624,第34号議案,区立学校医等の公務災害補償額の算定基礎としている都立…学校の学校医、学校歯科医及び学校薬剤師の公務災害補償に関…する条例の改正に合わせ、次のとおり補償基礎額を改定する,supported,0a3e990fd3cdc063bc70dfd37e7811a6f384111d86dca70b8c74ad3f7374c7a7
shinjuku-2026-r1-gian-34,easy,content,OC34-E-06,その 条例が 改正された ため、金額を 合わせます。,https://www.city.shinjuku.lg.jp/content/000447774.pdf,1dc3eaffcafb1b1c9e139e823182dc80dc0755624813ca87d8b274d15f5b6624,第34号議案,区立学校医等の公務災害補償額の算定基礎としている都立…学校の学校医、学校歯科医及び学校薬剤師の公務災害補償に関…する条例の改正に合わせ、次のとおり補償基礎額を改定する,supported,0a3e990fd3cdc063bc70dfd37e7811a6f384111d86dca70b8c74ad3f7374c7a7
shinjuku-2026-r1-gian-34,easy,content,OC34-E-07,【補償基礎額】［ほしょうきそがく］（＝補償の 基準に なる 金額）を 変えます。,https://www.city.shinjuku.lg.jp/content/000447774.pdf,1dc3eaffcafb1b1c9e139e823182dc80dc0755624813ca87d8b274d15f5b6624,第34号議案,区立学校医等の公務災害補償額の算定基礎としている都立…学校の学校医、学校歯科医及び学校薬剤師の公務災害補償に関…する条例の改正に合わせ、次のとおり補償基礎額を改定する,supported,0a3e990fd3cdc063bc70dfd37e7811a6f384111d86dca70b8c74ad3f7374c7a7
shinjuku-2026-r1-gian-34,easy,content,OC34-E-08,別表の 金額を 12か所 変えます。,https://www.city.shinjuku.lg.jp/content/000448422.pdf,a6bf4741a153791c61a4fb5e7a2b35175d59fdb41d6d811309df9c53598dd3dd,改め文,"別表中「8,529円」を「9,060円」に、「7,164円」を「7,629円」に、「9,909円」を「10,332円」に、「7,932円」を「8,340円」に、「12,351円」を「14,175円」に、「9,438円」を「9,873円」に、「13,575円」を「14,175円」に、「10,701円」を「11,073円」に、「15,837円」を「16,467円」に、「11,610円」を「11,907円」に、「16,866円」を「17,496円」に、「11,970円」を「12,246円」に改める",supported,0a3e990fd3cdc063bc70dfd37e7811a6f384111d86dca70b8c74ad3f7374c7a7
shinjuku-2026-r1-gian-34,easy,content,OC34-E-09,金額は 働いた 年数ごとに 決まって います。,https://www.city.shinjuku.lg.jp/content/000447774.pdf,1dc3eaffcafb1b1c9e139e823182dc80dc0755624813ca87d8b274d15f5b6624,第34号議案（学校医・学校歯科医・学校薬剤師の補償基礎額の表）,⑴学校医及び学校歯科医…経験年数…現行…改定後…⑵学校薬剤師,supported,0a3e990fd3cdc063bc70dfd37e7811a6f384111d86dca70b8c74ad3f7374c7a7
shinjuku-2026-r1-gian-34,easy,content,OC34-E-10,学校医・学校歯科医と 学校薬剤師は 金額が 別です。,https://www.city.shinjuku.lg.jp/content/000447774.pdf,1dc3eaffcafb1b1c9e139e823182dc80dc0755624813ca87d8b274d15f5b6624,第34号議案（学校医・学校歯科医・学校薬剤師の補償基礎額の表）,⑴学校医及び学校歯科医…経験年数…現行…改定後…⑵学校薬剤師,supported,0a3e990fd3cdc063bc70dfd37e7811a6f384111d86dca70b8c74ad3f7374c7a7
shinjuku-2026-r1-gian-34,easy,content,OC34-E-11,学校医と 学校歯科医の 金額は 次の とおりです。,https://www.city.shinjuku.lg.jp/content/000447774.pdf,1dc3eaffcafb1b1c9e139e823182dc80dc0755624813ca87d8b274d15f5b6624,第34号議案（学校医・学校歯科医・学校薬剤師の補償基礎額の表）,⑴学校医及び学校歯科医…経験年数…現行…改定後…⑵学校薬剤師,supported,0a3e990fd3cdc063bc70dfd37e7811a6f384111d86dca70b8c74ad3f7374c7a7
shinjuku-2026-r1-gian-34,easy,content,OC34-E-12,"5年未満は 8,529円から 9,060円です。",https://www.city.shinjuku.lg.jp/content/000447774.pdf,1dc3eaffcafb1b1c9e139e823182dc80dc0755624813ca87d8b274d15f5b6624,第34号議案（学校医及び学校歯科医の補償基礎額）,"5年未満8,529円9,060円",supported,0a3e990fd3cdc063bc70dfd37e7811a6f384111d86dca70b8c74ad3f7374c7a7
shinjuku-2026-r1-gian-34,easy,content,OC34-E-13,"5年以上10年未満は 9,909円から 10,332円です。",https://www.city.shinjuku.lg.jp/content/000447774.pdf,1dc3eaffcafb1b1c9e139e823182dc80dc0755624813ca87d8b274d15f5b6624,第34号議案（学校医及び学校歯科医の補償基礎額）,"5年以上10年未満9,909円10,332円",supported,0a3e990fd3cdc063bc70dfd37e7811a6f384111d86dca70b8c74ad3f7374c7a7
shinjuku-2026-r1-gian-34,easy,content,OC34-E-14,"10年以上15年未満は 12,351円から 14,175円です。",https://www.city.shinjuku.lg.jp/content/000447774.pdf,1dc3eaffcafb1b1c9e139e823182dc80dc0755624813ca87d8b274d15f5b6624,第34号議案（学校医及び学校歯科医の補償基礎額）,"10年以上15年未満12,351円14,175円",supported,0a3e990fd3cdc063bc70dfd37e7811a6f384111d86dca70b8c74ad3f7374c7a7
shinjuku-2026-r1-gian-34,easy,content,OC34-E-15,"15年以上20年未満は 13,575円から 14,175円です。",https://www.city.shinjuku.lg.jp/content/000447774.pdf,1dc3eaffcafb1b1c9e139e823182dc80dc0755624813ca87d8b274d15f5b6624,第34号議案（学校医及び学校歯科医の補償基礎額）,"15年以上20年未満13,575円14,175円",supported,0a3e990fd3cdc063bc70dfd37e7811a6f384111d86dca70b8c74ad3f7374c7a7
shinjuku-2026-r1-gian-34,easy,content,OC34-E-16,"20年以上25年未満は 15,837円から 16,467円です。",https://www.city.shinjuku.lg.jp/content/000447774.pdf,1dc3eaffcafb1b1c9e139e823182dc80dc0755624813ca87d8b274d15f5b6624,第34号議案（学校医及び学校歯科医の補償基礎額）,"20年以上25年未満15,837円16,467円",supported,0a3e990fd3cdc063bc70dfd37e7811a6f384111d86dca70b8c74ad3f7374c7a7
shinjuku-2026-r1-gian-34,easy,content,OC34-E-17,"25年以上は 16,866円から 17,496円です。",https://www.city.shinjuku.lg.jp/content/000447774.pdf,1dc3eaffcafb1b1c9e139e823182dc80dc0755624813ca87d8b274d15f5b6624,第34号議案（学校医及び学校歯科医の補償基礎額）,"25年以上16,866円17,496円",supported,0a3e990fd3cdc063bc70dfd37e7811a6f384111d86dca70b8c74ad3f7374c7a7
shinjuku-2026-r1-gian-34,easy,content,OC34-E-18,学校薬剤師の 金額は 次の とおりです。,https://www.city.shinjuku.lg.jp/content/000447774.pdf,1dc3eaffcafb1b1c9e139e823182dc80dc0755624813ca87d8b274d15f5b6624,第34号議案（学校医・学校歯科医・学校薬剤師の補償基礎額の表）,⑴学校医及び学校歯科医…経験年数…現行…改定後…⑵学校薬剤師,supported,0a3e990fd3cdc063bc70dfd37e7811a6f384111d86dca70b8c74ad3f7374c7a7
shinjuku-2026-r1-gian-34,easy,content,OC34-E-19,"5年未満は 7,164円から 7,629円です。",https://www.city.shinjuku.lg.jp/content/000447774.pdf,1dc3eaffcafb1b1c9e139e823182dc80dc0755624813ca87d8b274d15f5b6624,第34号議案（学校薬剤師の補償基礎額）,"5年未満7,164円7,629円",supported,0a3e990fd3cdc063bc70dfd37e7811a6f384111d86dca70b8c74ad3f7374c7a7
shinjuku-2026-r1-gian-34,easy,content,OC34-E-20,"5年以上10年未満は 7,932円から 8,340円です。",https://www.city.shinjuku.lg.jp/content/000447774.pdf,1dc3eaffcafb1b1c9e139e823182dc80dc0755624813ca87d8b274d15f5b6624,第34号議案（学校薬剤師の補償基礎額）,"5年以上10年未満7,932円8,340円",supported,0a3e990fd3cdc063bc70dfd37e7811a6f384111d86dca70b8c74ad3f7374c7a7
shinjuku-2026-r1-gian-34,easy,content,OC34-E-21,"10年以上15年未満は 9,438円から 9,873円です。",https://www.city.shinjuku.lg.jp/content/000447774.pdf,1dc3eaffcafb1b1c9e139e823182dc80dc0755624813ca87d8b274d15f5b6624,第34号議案（学校薬剤師の補償基礎額）,"10年以上15年未満9,438円9,873円",supported,0a3e990fd3cdc063bc70dfd37e7811a6f384111d86dca70b8c74ad3f7374c7a7
shinjuku-2026-r1-gian-34,easy,content,OC34-E-22,"15年以上20年未満は 10,701円から 11,073円です。",https://www.city.shinjuku.lg.jp/content/000447774.pdf,1dc3eaffcafb1b1c9e139e823182dc80dc0755624813ca87d8b274d15f5b6624,第34号議案（学校薬剤師の補償基礎額）,"15年以上20年未満10,701円11,073円",supported,0a3e990fd3cdc063bc70dfd37e7811a6f384111d86dca70b8c74ad3f7374c7a7
shinjuku-2026-r1-gian-34,easy,content,OC34-E-23,"20年以上25年未満は 11,610円から 11,907円です。",https://www.city.shinjuku.lg.jp/content/000447774.pdf,1dc3eaffcafb1b1c9e139e823182dc80dc0755624813ca87d8b274d15f5b6624,第34号議案（学校薬剤師の補償基礎額）,"20年以上25年未満11,610円11,907円",supported,0a3e990fd3cdc063bc70dfd37e7811a6f384111d86dca70b8c74ad3f7374c7a7
shinjuku-2026-r1-gian-34,easy,content,OC34-E-24,"25年以上は 11,970円から 12,246円です。",https://www.city.shinjuku.lg.jp/content/000447774.pdf,1dc3eaffcafb1b1c9e139e823182dc80dc0755624813ca87d8b274d15f5b6624,第34号議案（学校薬剤師の補償基礎額）,"25年以上11,970円12,246円",supported,0a3e990fd3cdc063bc70dfd37e7811a6f384111d86dca70b8c74ad3f7374c7a7
shinjuku-2026-r1-gian-34,easy,content,OC34-E-25,2026年（令和8年）4月1日（水）から 始まります。,https://www.city.shinjuku.lg.jp/content/000448422.pdf,a6bf4741a153791c61a4fb5e7a2b35175d59fdb41d6d811309df9c53598dd3dd,附則（施行期日）,この条例は、令和8年4月1日から施行する,supported,0a3e990fd3cdc063bc70dfd37e7811a6f384111d86dca70b8c74ad3f7374c7a7
shinjuku-2026-r1-gian-34,easy,content,OC34-E-26,ただし 新しい 金額は 2026年（令和8年）2月1日（日）から 使います。,https://www.city.shinjuku.lg.jp/content/000448422.pdf,a6bf4741a153791c61a4fb5e7a2b35175d59fdb41d6d811309df9c53598dd3dd,附則（経過措置）,令和8年2月1日（以下「適用日」という。）,supported,0a3e990fd3cdc063bc70dfd37e7811a6f384111d86dca70b8c74ad3f7374c7a7
shinjuku-2026-r1-gian-34,easy,content,OC34-E-27,4月1日より 前の 日から 使う ことに なります。,https://www.city.shinjuku.lg.jp/content/000448422.pdf,a6bf4741a153791c61a4fb5e7a2b35175d59fdb41d6d811309df9c53598dd3dd,附則（経過措置）,この条例による改正後の新宿区立の小学校、中学校及び特別支援学校の非常勤の学校医、学校歯科医及び学校薬剤師の公務災害補償に関する条例（以下「改正後の条例」という。）別表の規定（次項の規定により読み替えて適用する場合を含む。）は、令和8年2月1日（以下「適用日」という。）以後に支給すべき事由が生じた補償並びに適用日前に支給すべき事由が生じた傷病補償年金、障害補償年金及び遺族補償年金（以下「傷病補償年金等」という。）で適用日以後の期間について支給すべきものの補償基礎額について適用し、その他の補償の補償基礎額については、なお従前の例による,supported,0a3e990fd3cdc063bc70dfd37e7811a6f384111d86dca70b8c74ad3f7374c7a7
shinjuku-2026-r1-gian-34,easy,content,OC34-E-28,2月1日から 3月31日までは 次の とおりです。,https://www.city.shinjuku.lg.jp/content/000448422.pdf,a6bf4741a153791c61a4fb5e7a2b35175d59fdb41d6d811309df9c53598dd3dd,附則（経過措置）,"適用日からこの条例の施行の日（以下「施行日」という。）の前日までの期間における改正後の条例別表の規定の適用については、同表10年以上15年未満の項学校医及び学校歯科医の補償基礎額の欄中「14,175円」とあるのは、「12,951円」とする",supported,0a3e990fd3cdc063bc70dfd37e7811a6f384111d86dca70b8c74ad3f7374c7a7
shinjuku-2026-r1-gian-34,easy,content,OC34-E-29,"10年以上15年未満の 学校医と 学校歯科医は 12,951円です。",https://www.city.shinjuku.lg.jp/content/000448422.pdf,a6bf4741a153791c61a4fb5e7a2b35175d59fdb41d6d811309df9c53598dd3dd,附則（経過措置）,"適用日からこの条例の施行の日（以下「施行日」という。）の前日までの期間における改正後の条例別表の規定の適用については、同表10年以上15年未満の項学校医及び学校歯科医の補償基礎額の欄中「14,175円」とあるのは、「12,951円」とする",supported,0a3e990fd3cdc063bc70dfd37e7811a6f384111d86dca70b8c74ad3f7374c7a7
shinjuku-2026-r1-gian-34,easy,content,OC34-E-30,この 間に 古い 金額で 払った 分は 【内払】［うちばらい］（＝先に 払った 分を 後の 金額の 一部と みなすこと）と みなします。,https://www.city.shinjuku.lg.jp/content/000448422.pdf,a6bf4741a153791c61a4fb5e7a2b35175d59fdb41d6d811309df9c53598dd3dd,附則（経過措置）,適用日から施行日の前日までの間において、この条例による改正前の別表の規定に基づき、傷病補償年金等（適用日から施行日の前日までの間に係る分に限る。）として支払われた金額並びに休業補償、障害補償一時金、遺族補償一時金及び葬祭補償（適用日から施行日の前日までの間に支給すべき事由が生じたものに限る。）として支払われた金額は、それぞれこれらに相当する改正後の条例（前項の規定により読み替えて適用する場合を含む。）の規定に基づく補償の内払とみなす,supported,0a3e990fd3cdc063bc70dfd37e7811a6f384111d86dca70b8c74ad3f7374c7a7
shinjuku-2026-r1-gian-34,easy,content,OC34-E-31,【原案可決】［げんあんかけつ］（＝出した 通りの 内容で 決まること）です。,https://www.city.shinjuku.lg.jp/kusei/soumu01_002090_00015.html,7c2b6f68db1b433b860b35d176b4dd9211e78582ec9de718fcfefe68b22d896a,審議状況（議決結果ページ）,第34号議案新宿区立の小学校、中学校及び特別支援学校の非常勤の学校医、学校歯科医及び学校薬剤師の公務災害補償に関する条例の一部を改正する条例原案可決,supported,0a3e990fd3cdc063bc70dfd37e7811a6f384111d86dca70b8c74ad3f7374c7a7
shinjuku-2026-r1-gian-34,easy,content,OC34-E-32,2026年（令和8年）の 第1回定例会で 決まりました。,https://www.city.shinjuku.lg.jp/content/000452334.pdf,22ba4f49b18c96bd1fa26241606257c05477f38e25ac46d6f8e4f416a2cedbf2,審議状況（会期）,令和８年第１回定例会…２月１７日～３月２４日,supported,0a3e990fd3cdc063bc70dfd37e7811a6f384111d86dca70b8c74ad3f7374c7a7
shinjuku-2026-r1-gian-34,easy,content,OC34-E-33,会期は 2026年2月17日（火）から 3月24日（火）まででした。,https://www.city.shinjuku.lg.jp/content/000452334.pdf,22ba4f49b18c96bd1fa26241606257c05477f38e25ac46d6f8e4f416a2cedbf2,審議状況（会期）,令和８年第１回定例会…２月１７日～３月２４日,supported,0a3e990fd3cdc063bc70dfd37e7811a6f384111d86dca70b8c74ad3f7374c7a7
shinjuku-2026-r1-gian-34,easy,content,OC34-E-34,本会議で 決まった 日は 3月24日（火）です。,https://ssp.kaigiroku.net/tenant/shinjuku/MinuteView.html?council_id=3163&schedule_id=5&minute_id=1,bd058d36962b45d8d965e4625bb95ecd661a102a026175213f37ba9eb575424a,審議状況（本会議 3月24日 議長）,令和８年第１回定例会会議録（第４日）第４号令和８年３月２４日（火曜日）,supported,0a3e990fd3cdc063bc70dfd37e7811a6f384111d86dca70b8c74ad3f7374c7a7
shinjuku-2026-r1-gian-34,easy,content,OC34-E-35,ほかの 議案と まとめて 議題に なりました。,https://ssp.kaigiroku.net/tenant/shinjuku/MinuteView.html?council_id=3163&schedule_id=5&minute_id=52,ab4537cc101707d2f265c906951c6e03fc7c344e5b7f317a87e433a4d9dc4b65,審議状況（本会議 3月24日 議長）,日程第22から日程第26までを一括議題とします,supported,0a3e990fd3cdc063bc70dfd37e7811a6f384111d86dca70b8c74ad3f7374c7a7
shinjuku-2026-r1-gian-34,easy,content,OC34-E-36,文教子ども家庭委員会の 審査報告書は 可決でした。,https://ssp.kaigiroku.net/tenant/shinjuku/MinuteView.html?council_id=3163&schedule_id=5&minute_id=58,69368f14e256835f225802d7539f39260bf2106b46b6e0ee675d011db724582f,審議状況（本会議 3月24日 議長）,文教子ども家庭委員会審査報告書は、可決です,supported,0a3e990fd3cdc063bc70dfd37e7811a6f384111d86dca70b8c74ad3f7374c7a7
shinjuku-2026-r1-gian-34,easy,content,OC34-E-37,議長が 異議が ないか たずねました。,https://ssp.kaigiroku.net/tenant/shinjuku/MinuteView.html?council_id=3163&schedule_id=5&minute_id=58,69368f14e256835f225802d7539f39260bf2106b46b6e0ee675d011db724582f,審議状況（本会議 3月24日 議長）,文教子ども家庭委員会審査報告書は、可決です,supported,0a3e990fd3cdc063bc70dfd37e7811a6f384111d86dca70b8c74ad3f7374c7a7
shinjuku-2026-r1-gian-34,easy,content,OC34-E-38,異議なしと 認められて 可決しました。,https://ssp.kaigiroku.net/tenant/shinjuku/MinuteView.html?council_id=3163&schedule_id=5&minute_id=59,970914f9ce4a28e423e8480a3d4ce175afafafeebd92448698df42d97cb2ec1d,審議状況（本会議 3月24日 議長）,異議なしと認めます…本案は、いずれも委員会審査報告のとおり可決されました,supported,0a3e990fd3cdc063bc70dfd37e7811a6f384111d86dca70b8c74ad3f7374c7a7
shinjuku-2026-r1-gian-34,easy,content,OC34-E-39,賛成したのは ８つの 会派 すべてです。,https://www.city.shinjuku.lg.jp/content/000452334.pdf,22ba4f49b18c96bd1fa26241606257c05477f38e25ac46d6f8e4f416a2cedbf2,審議状況（議案の概要と審議結果の採決結果行）,区立学校医等の公務災害補償額の算定基礎としている『都立学校の学校医、学校歯科医及び学校薬剤師の公務災害補償に関する条例』の改正に合わせ、補償基礎額を改定する。○○○○○○○○可決,supported,0a3e990fd3cdc063bc70dfd37e7811a6f384111d86dca70b8c74ad3f7374c7a7
shinjuku-2026-r1-gian-34,normal,title,OC34-NT-01,見出し: 区立学校の非常勤の学校医等の公務災害補償の補償基礎額を改定,https://www.city.shinjuku.lg.jp/content/000447774.pdf,1dc3eaffcafb1b1c9e139e823182dc80dc0755624813ca87d8b274d15f5b6624,第34号議案,区立学校医等の公務災害補償額の算定基礎としている都立…学校の学校医、学校歯科医及び学校薬剤師の公務災害補償に関…する条例の改正に合わせ、次のとおり補償基礎額を改定する,supported,12026f88164ab9b82456192453c6c59b34d63d7adeec7782737f0684f0eba540
shinjuku-2026-r1-gian-34,normal,summary,OC34-NS-01,要約: 新宿区立の小学校、中学校及び特別支援学校の非常勤の学校医、学校歯科医及び学校薬剤師の公務災害補償に関する条例の別表にある補償基礎額を、経験年数ごとに引き上げる条例改正です。,https://www.city.shinjuku.lg.jp/content/000447774.pdf,1dc3eaffcafb1b1c9e139e823182dc80dc0755624813ca87d8b274d15f5b6624,第34号議案,区立学校医等の公務災害補償額の算定基礎としている都立…学校の学校医、学校歯科医及び学校薬剤師の公務災害補償に関…する条例の改正に合わせ、次のとおり補償基礎額を改定する,supported,12026f88164ab9b82456192453c6c59b34d63d7adeec7782737f0684f0eba540
shinjuku-2026-r1-gian-34,normal,summary,OC34-NS-02,要約: 新宿区立の小学校、中学校及び特別支援学校の非常勤の学校医、学校歯科医及び学校薬剤師の公務災害補償に関する条例の別表にある補償基礎額を、経験年数ごとに引き上げる条例改正です。,https://www.city.shinjuku.lg.jp/content/000448422.pdf,a6bf4741a153791c61a4fb5e7a2b35175d59fdb41d6d811309df9c53598dd3dd,改め文,"別表中「8,529円」を「9,060円」に、「7,164円」を「7,629円」に、「9,909円」を「10,332円」に、「7,932円」を「8,340円」に、「12,351円」を「14,175円」に、「9,438円」を「9,873円」に、「13,575円」を「14,175円」に、「10,701円」を「11,073円」に、「15,837円」を「16,467円」に、「11,610円」を「11,907円」に、「16,866円」を「17,496円」に、「11,970円」を「12,246円」に改める",supported,12026f88164ab9b82456192453c6c59b34d63d7adeec7782737f0684f0eba540
shinjuku-2026-r1-gian-34,normal,summary,OC34-NS-03,要約: 施行日は令和8年4月1日で、新しい額は令和8年2月1日にさかのぼって適用されます。,https://www.city.shinjuku.lg.jp/content/000448422.pdf,a6bf4741a153791c61a4fb5e7a2b35175d59fdb41d6d811309df9c53598dd3dd,附則（施行期日）,この条例は、令和8年4月1日から施行する,supported,12026f88164ab9b82456192453c6c59b34d63d7adeec7782737f0684f0eba540
shinjuku-2026-r1-gian-34,normal,summary,OC34-NS-04,要約: 施行日は令和8年4月1日で、新しい額は令和8年2月1日にさかのぼって適用されます。,https://www.city.shinjuku.lg.jp/content/000448422.pdf,a6bf4741a153791c61a4fb5e7a2b35175d59fdb41d6d811309df9c53598dd3dd,附則（経過措置）,令和8年2月1日（以下「適用日」という。）,supported,12026f88164ab9b82456192453c6c59b34d63d7adeec7782737f0684f0eba540
shinjuku-2026-r1-gian-34,normal,content,OC34-N-01,新宿区立の小学校、中学校及び特別支援学校の非常勤の学校医、学校歯科医及び学校薬剤師の公務災害補償に関する条例の一部を改正する条例案です。,https://www.city.shinjuku.lg.jp/content/000448422.pdf,a6bf4741a153791c61a4fb5e7a2b35175d59fdb41d6d811309df9c53598dd3dd,件名,新宿区立の小学校、中学校及び特別支援学校の非常勤の学校医、学校歯科医及び学校薬剤師の公務災害補償に関する条例の一部を改正する条例,supported,12026f88164ab9b82456192453c6c59b34d63d7adeec7782737f0684f0eba540
shinjuku-2026-r1-gian-34,normal,content,OC34-N-02,区立学校医等の公務災害補償額の算定基礎としている都立学校の学校医、学校歯科医及び学校薬剤師の公務災害補償に関する条例の改正に合わせ、次のとおり補償基礎額を改定する。,https://www.city.shinjuku.lg.jp/content/000447774.pdf,1dc3eaffcafb1b1c9e139e823182dc80dc0755624813ca87d8b274d15f5b6624,第34号議案,区立学校医等の公務災害補償額の算定基礎としている都立…学校の学校医、学校歯科医及び学校薬剤師の公務災害補償に関…する条例の改正に合わせ、次のとおり補償基礎額を改定する,supported,12026f88164ab9b82456192453c6c59b34d63d7adeec7782737f0684f0eba540
shinjuku-2026-r1-gian-34,normal,content,OC34-N-03,議案本文の提案理由は、補償基礎額を改定する必要があるため、としています。,https://www.city.shinjuku.lg.jp/content/000448422.pdf,a6bf4741a153791c61a4fb5e7a2b35175d59fdb41d6d811309df9c53598dd3dd,（提案理由）,補償基礎額を改定する必要があるため,supported,12026f88164ab9b82456192453c6c59b34d63d7adeec7782737f0684f0eba540
shinjuku-2026-r1-gian-34,normal,content,OC34-N-04,区長は2月25日の本会議で、本案を「補償基礎額を改定するもの」と説明しました。,https://ssp.kaigiroku.net/tenant/shinjuku/MinuteView.html?council_id=3163&schedule_id=4&minute_id=137,e4ea62817b80d326ca1bd4d81dad578ca1f858b097c497b61fc490389ff3d0be,審議状況（本会議 2月25日 区長・議長）,第34号議案の新宿区立の小学校、中学校及び特別支援学校の非常勤の学校医、学校歯科医及び学校薬剤師の公務災害補償に関する条例の一部を改正する条例ですが、本案は、補償基礎額を改定するものです,supported,12026f88164ab9b82456192453c6c59b34d63d7adeec7782737f0684f0eba540
shinjuku-2026-r1-gian-34,normal,content,OC34-N-05,改正の対象は、平成14年新宿区条例第24号の条例の別表です。,https://www.city.shinjuku.lg.jp/content/000448422.pdf,a6bf4741a153791c61a4fb5e7a2b35175d59fdb41d6d811309df9c53598dd3dd,改め文,（平成14年新宿区条例第24号）の一部を次のように改正する,supported,12026f88164ab9b82456192453c6c59b34d63d7adeec7782737f0684f0eba540
shinjuku-2026-r1-gian-34,normal,content,OC34-N-06,改め文は、別表の12か所の金額を改めるものです。,https://www.city.shinjuku.lg.jp/content/000448422.pdf,a6bf4741a153791c61a4fb5e7a2b35175d59fdb41d6d811309df9c53598dd3dd,改め文,"別表中「8,529円」を「9,060円」に、「7,164円」を「7,629円」に、「9,909円」を「10,332円」に、「7,932円」を「8,340円」に、「12,351円」を「14,175円」に、「9,438円」を「9,873円」に、「13,575円」を「14,175円」に、「10,701円」を「11,073円」に、「15,837円」を「16,467円」に、「11,610円」を「11,907円」に、「16,866円」を「17,496円」に、「11,970円」を「12,246円」に改める",supported,12026f88164ab9b82456192453c6c59b34d63d7adeec7782737f0684f0eba540
shinjuku-2026-r1-gian-34,normal,content,OC34-N-07,概要資料は、経験年数ごとの補償基礎額を学校医・学校歯科医と学校薬剤師に分けて示しています。,https://www.city.shinjuku.lg.jp/content/000447774.pdf,1dc3eaffcafb1b1c9e139e823182dc80dc0755624813ca87d8b274d15f5b6624,第34号議案（学校医・学校歯科医・学校薬剤師の補償基礎額の表）,⑴学校医及び学校歯科医…経験年数…現行…改定後…⑵学校薬剤師,supported,12026f88164ab9b82456192453c6c59b34d63d7adeec7782737f0684f0eba540
shinjuku-2026-r1-gian-34,normal,content,OC34-N-08,"5年未満: 8,529円から9,060円に改定",https://www.city.shinjuku.lg.jp/content/000447774.pdf,1dc3eaffcafb1b1c9e139e823182dc80dc0755624813ca87d8b274d15f5b6624,第34号議案（学校医及び学校歯科医の補償基礎額）,"5年未満8,529円9,060円",supported,12026f88164ab9b82456192453c6c59b34d63d7adeec7782737f0684f0eba540
shinjuku-2026-r1-gian-34,normal,content,OC34-N-09,"5年以上10年未満: 9,909円から10,332円に改定",https://www.city.shinjuku.lg.jp/content/000447774.pdf,1dc3eaffcafb1b1c9e139e823182dc80dc0755624813ca87d8b274d15f5b6624,第34号議案（学校医及び学校歯科医の補償基礎額）,"5年以上10年未満9,909円10,332円",supported,12026f88164ab9b82456192453c6c59b34d63d7adeec7782737f0684f0eba540
shinjuku-2026-r1-gian-34,normal,content,OC34-N-10,"10年以上15年未満: 12,351円から14,175円に改定",https://www.city.shinjuku.lg.jp/content/000447774.pdf,1dc3eaffcafb1b1c9e139e823182dc80dc0755624813ca87d8b274d15f5b6624,第34号議案（学校医及び学校歯科医の補償基礎額）,"10年以上15年未満12,351円14,175円",supported,12026f88164ab9b82456192453c6c59b34d63d7adeec7782737f0684f0eba540
shinjuku-2026-r1-gian-34,normal,content,OC34-N-11,"15年以上20年未満: 13,575円から14,175円に改定",https://www.city.shinjuku.lg.jp/content/000447774.pdf,1dc3eaffcafb1b1c9e139e823182dc80dc0755624813ca87d8b274d15f5b6624,第34号議案（学校医及び学校歯科医の補償基礎額）,"15年以上20年未満13,575円14,175円",supported,12026f88164ab9b82456192453c6c59b34d63d7adeec7782737f0684f0eba540
shinjuku-2026-r1-gian-34,normal,content,OC34-N-12,"20年以上25年未満: 15,837円から16,467円に改定",https://www.city.shinjuku.lg.jp/content/000447774.pdf,1dc3eaffcafb1b1c9e139e823182dc80dc0755624813ca87d8b274d15f5b6624,第34号議案（学校医及び学校歯科医の補償基礎額）,"20年以上25年未満15,837円16,467円",supported,12026f88164ab9b82456192453c6c59b34d63d7adeec7782737f0684f0eba540
shinjuku-2026-r1-gian-34,normal,content,OC34-N-13,"25年以上: 16,866円から17,496円に改定",https://www.city.shinjuku.lg.jp/content/000447774.pdf,1dc3eaffcafb1b1c9e139e823182dc80dc0755624813ca87d8b274d15f5b6624,第34号議案（学校医及び学校歯科医の補償基礎額）,"25年以上16,866円17,496円",supported,12026f88164ab9b82456192453c6c59b34d63d7adeec7782737f0684f0eba540
shinjuku-2026-r1-gian-34,normal,content,OC34-N-14,"5年未満: 7,164円から7,629円に改定",https://www.city.shinjuku.lg.jp/content/000447774.pdf,1dc3eaffcafb1b1c9e139e823182dc80dc0755624813ca87d8b274d15f5b6624,第34号議案（学校薬剤師の補償基礎額）,"5年未満7,164円7,629円",supported,12026f88164ab9b82456192453c6c59b34d63d7adeec7782737f0684f0eba540
shinjuku-2026-r1-gian-34,normal,content,OC34-N-15,"5年以上10年未満: 7,932円から8,340円に改定",https://www.city.shinjuku.lg.jp/content/000447774.pdf,1dc3eaffcafb1b1c9e139e823182dc80dc0755624813ca87d8b274d15f5b6624,第34号議案（学校薬剤師の補償基礎額）,"5年以上10年未満7,932円8,340円",supported,12026f88164ab9b82456192453c6c59b34d63d7adeec7782737f0684f0eba540
shinjuku-2026-r1-gian-34,normal,content,OC34-N-16,"10年以上15年未満: 9,438円から9,873円に改定",https://www.city.shinjuku.lg.jp/content/000447774.pdf,1dc3eaffcafb1b1c9e139e823182dc80dc0755624813ca87d8b274d15f5b6624,第34号議案（学校薬剤師の補償基礎額）,"10年以上15年未満9,438円9,873円",supported,12026f88164ab9b82456192453c6c59b34d63d7adeec7782737f0684f0eba540
shinjuku-2026-r1-gian-34,normal,content,OC34-N-17,"15年以上20年未満: 10,701円から11,073円に改定",https://www.city.shinjuku.lg.jp/content/000447774.pdf,1dc3eaffcafb1b1c9e139e823182dc80dc0755624813ca87d8b274d15f5b6624,第34号議案（学校薬剤師の補償基礎額）,"15年以上20年未満10,701円11,073円",supported,12026f88164ab9b82456192453c6c59b34d63d7adeec7782737f0684f0eba540
shinjuku-2026-r1-gian-34,normal,content,OC34-N-18,"20年以上25年未満: 11,610円から11,907円に改定",https://www.city.shinjuku.lg.jp/content/000447774.pdf,1dc3eaffcafb1b1c9e139e823182dc80dc0755624813ca87d8b274d15f5b6624,第34号議案（学校薬剤師の補償基礎額）,"20年以上25年未満11,610円11,907円",supported,12026f88164ab9b82456192453c6c59b34d63d7adeec7782737f0684f0eba540
shinjuku-2026-r1-gian-34,normal,content,OC34-N-19,"25年以上: 11,970円から12,246円に改定",https://www.city.shinjuku.lg.jp/content/000447774.pdf,1dc3eaffcafb1b1c9e139e823182dc80dc0755624813ca87d8b274d15f5b6624,第34号議案（学校薬剤師の補償基礎額）,"25年以上11,970円12,246円",supported,12026f88164ab9b82456192453c6c59b34d63d7adeec7782737f0684f0eba540
shinjuku-2026-r1-gian-34,normal,content,OC34-N-20,"学校医及び学校歯科医では、10年以上15年未満と15年以上20年未満の改定後の額が、どちらも14,175円です。",https://www.city.shinjuku.lg.jp/content/000447774.pdf,1dc3eaffcafb1b1c9e139e823182dc80dc0755624813ca87d8b274d15f5b6624,第34号議案（学校医及び学校歯科医の補償基礎額）,"10年以上15年未満12,351円14,175円",supported,12026f88164ab9b82456192453c6c59b34d63d7adeec7782737f0684f0eba540
shinjuku-2026-r1-gian-34,normal,content,OC34-N-21,"学校医及び学校歯科医では、10年以上15年未満と15年以上20年未満の改定後の額が、どちらも14,175円です。",https://www.city.shinjuku.lg.jp/content/000447774.pdf,1dc3eaffcafb1b1c9e139e823182dc80dc0755624813ca87d8b274d15f5b6624,第34号議案（学校医及び学校歯科医の補償基礎額）,"15年以上20年未満13,575円14,175円",supported,12026f88164ab9b82456192453c6c59b34d63d7adeec7782737f0684f0eba540
shinjuku-2026-r1-gian-34,normal,content,OC34-N-22,令和8年4月1日から施行されます。,https://www.city.shinjuku.lg.jp/content/000448422.pdf,a6bf4741a153791c61a4fb5e7a2b35175d59fdb41d6d811309df9c53598dd3dd,附則（施行期日）,この条例は、令和8年4月1日から施行する,supported,12026f88164ab9b82456192453c6c59b34d63d7adeec7782737f0684f0eba540
shinjuku-2026-r1-gian-34,normal,content,OC34-N-23,概要資料の施行日も令和8年4月1日です。,https://www.city.shinjuku.lg.jp/content/000447774.pdf,1dc3eaffcafb1b1c9e139e823182dc80dc0755624813ca87d8b274d15f5b6624,第34号議案［施行日］,補償基礎額を改定する。…［施行日］…令和8年4月1日,supported,12026f88164ab9b82456192453c6c59b34d63d7adeec7782737f0684f0eba540
shinjuku-2026-r1-gian-34,normal,content,OC34-N-24,経過措置として、改正後の別表の規定は、令和8年2月1日（適用日）以後に支給すべき事由が生じた補償などの補償基礎額に適用されます。,https://www.city.shinjuku.lg.jp/content/000448422.pdf,a6bf4741a153791c61a4fb5e7a2b35175d59fdb41d6d811309df9c53598dd3dd,附則（経過措置）,この条例による改正後の新宿区立の小学校、中学校及び特別支援学校の非常勤の学校医、学校歯科医及び学校薬剤師の公務災害補償に関する条例（以下「改正後の条例」という。）別表の規定（次項の規定により読み替えて適用する場合を含む。）は、令和8年2月1日（以下「適用日」という。）以後に支給すべき事由が生じた補償並びに適用日前に支給すべき事由が生じた傷病補償年金、障害補償年金及び遺族補償年金（以下「傷病補償年金等」という。）で適用日以後の期間について支給すべきものの補償基礎額について適用し、その他の補償の補償基礎額については、なお従前の例による,supported,12026f88164ab9b82456192453c6c59b34d63d7adeec7782737f0684f0eba540
shinjuku-2026-r1-gian-34,normal,content,OC34-N-25,適用日より前に支給すべき事由が生じた傷病補償年金、障害補償年金及び遺族補償年金でも、適用日以後の期間について支給すべきものには適用されます。,https://www.city.shinjuku.lg.jp/content/000448422.pdf,a6bf4741a153791c61a4fb5e7a2b35175d59fdb41d6d811309df9c53598dd3dd,附則（経過措置）,この条例による改正後の新宿区立の小学校、中学校及び特別支援学校の非常勤の学校医、学校歯科医及び学校薬剤師の公務災害補償に関する条例（以下「改正後の条例」という。）別表の規定（次項の規定により読み替えて適用する場合を含む。）は、令和8年2月1日（以下「適用日」という。）以後に支給すべき事由が生じた補償並びに適用日前に支給すべき事由が生じた傷病補償年金、障害補償年金及び遺族補償年金（以下「傷病補償年金等」という。）で適用日以後の期間について支給すべきものの補償基礎額について適用し、その他の補償の補償基礎額については、なお従前の例による,supported,12026f88164ab9b82456192453c6c59b34d63d7adeec7782737f0684f0eba540
shinjuku-2026-r1-gian-34,normal,content,OC34-N-26,その他の補償の補償基礎額は、なお従前の例によります。,https://www.city.shinjuku.lg.jp/content/000448422.pdf,a6bf4741a153791c61a4fb5e7a2b35175d59fdb41d6d811309df9c53598dd3dd,附則（経過措置）,この条例による改正後の新宿区立の小学校、中学校及び特別支援学校の非常勤の学校医、学校歯科医及び学校薬剤師の公務災害補償に関する条例（以下「改正後の条例」という。）別表の規定（次項の規定により読み替えて適用する場合を含む。）は、令和8年2月1日（以下「適用日」という。）以後に支給すべき事由が生じた補償並びに適用日前に支給すべき事由が生じた傷病補償年金、障害補償年金及び遺族補償年金（以下「傷病補償年金等」という。）で適用日以後の期間について支給すべきものの補償基礎額について適用し、その他の補償の補償基礎額については、なお従前の例による,supported,12026f88164ab9b82456192453c6c59b34d63d7adeec7782737f0684f0eba540
shinjuku-2026-r1-gian-34,normal,content,OC34-N-27,"適用日から施行日の前日（令和8年3月31日）までの期間は、10年以上15年未満の項の学校医及び学校歯科医の補償基礎額の欄にある14,175円を、12,951円として適用します。",https://www.city.shinjuku.lg.jp/content/000448422.pdf,a6bf4741a153791c61a4fb5e7a2b35175d59fdb41d6d811309df9c53598dd3dd,附則（経過措置）,"適用日からこの条例の施行の日（以下「施行日」という。）の前日までの期間における改正後の条例別表の規定の適用については、同表10年以上15年未満の項学校医及び学校歯科医の補償基礎額の欄中「14,175円」とあるのは、「12,951円」とする",supported,12026f88164ab9b82456192453c6c59b34d63d7adeec7782737f0684f0eba540
shinjuku-2026-r1-gian-34,normal,content,OC34-N-28,この期間に改正前の別表に基づいて支払われた金額は、改正後の規定に基づく補償の内払とみなされます。,https://www.city.shinjuku.lg.jp/content/000448422.pdf,a6bf4741a153791c61a4fb5e7a2b35175d59fdb41d6d811309df9c53598dd3dd,附則（経過措置）,適用日から施行日の前日までの間において、この条例による改正前の別表の規定に基づき、傷病補償年金等（適用日から施行日の前日までの間に係る分に限る。）として支払われた金額並びに休業補償、障害補償一時金、遺族補償一時金及び葬祭補償（適用日から施行日の前日までの間に支給すべき事由が生じたものに限る。）として支払われた金額は、それぞれこれらに相当する改正後の条例（前項の規定により読み替えて適用する場合を含む。）の規定に基づく補償の内払とみなす,supported,12026f88164ab9b82456192453c6c59b34d63d7adeec7782737f0684f0eba540
shinjuku-2026-r1-gian-34,normal,content,OC34-N-29,令和8年第1回定例会（会期は2月17日から3月24日まで）で審議されました。,https://www.city.shinjuku.lg.jp/content/000452334.pdf,22ba4f49b18c96bd1fa26241606257c05477f38e25ac46d6f8e4f416a2cedbf2,審議状況（会期）,令和８年第１回定例会…２月１７日～３月２４日,supported,12026f88164ab9b82456192453c6c59b34d63d7adeec7782737f0684f0eba540
shinjuku-2026-r1-gian-34,normal,content,OC34-N-30,2月25日（水曜日）に開かれた本会議で、区長が提案を説明しました。,https://ssp.kaigiroku.net/tenant/shinjuku/MinuteView.html?council_id=3163&schedule_id=4&minute_id=137,e4ea62817b80d326ca1bd4d81dad578ca1f858b097c497b61fc490389ff3d0be,審議状況（本会議 2月25日 区長・議長）,第34号議案の新宿区立の小学校、中学校及び特別支援学校の非常勤の学校医、学校歯科医及び学校薬剤師の公務災害補償に関する条例の一部を改正する条例ですが、本案は、補償基礎額を改定するものです,supported,12026f88164ab9b82456192453c6c59b34d63d7adeec7782737f0684f0eba540
shinjuku-2026-r1-gian-34,normal,content,OC34-N-31,議案付託表のとおり、所管の常任委員会に付託されました。,https://ssp.kaigiroku.net/tenant/shinjuku/MinuteView.html?council_id=3163&schedule_id=4&minute_id=138,7b1e6047c2dbb6dcfb1607b64f34573d7b55ab43d1c71a3f8b75c42c17b937a6,審議状況（本会議 2月25日 区長・議長）,第22号議案から第35号議案までは、議案付託表のとおり、それぞれ所管の常任委員会に付託します,supported,12026f88164ab9b82456192453c6c59b34d63d7adeec7782737f0684f0eba540
shinjuku-2026-r1-gian-34,normal,content,OC34-N-32,本会議は第4日にあたる3月24日（火曜日）でした。,https://ssp.kaigiroku.net/tenant/shinjuku/MinuteView.html?council_id=3163&schedule_id=5&minute_id=1,bd058d36962b45d8d965e4625bb95ecd661a102a026175213f37ba9eb575424a,審議状況（本会議 3月24日 議長）,令和８年第１回定例会会議録（第４日）第４号令和８年３月２４日（火曜日）,supported,12026f88164ab9b82456192453c6c59b34d63d7adeec7782737f0684f0eba540
shinjuku-2026-r1-gian-34,normal,content,OC34-N-33,3月24日の本会議では、日程第22から日程第26までの議案とあわせて、一括して議題となりました。,https://ssp.kaigiroku.net/tenant/shinjuku/MinuteView.html?council_id=3163&schedule_id=5&minute_id=52,ab4537cc101707d2f265c906951c6e03fc7c344e5b7f317a87e433a4d9dc4b65,審議状況（本会議 3月24日 議長）,日程第22から日程第26までを一括議題とします,supported,12026f88164ab9b82456192453c6c59b34d63d7adeec7782737f0684f0eba540
shinjuku-2026-r1-gian-34,normal,content,OC34-N-34,文教子ども家庭委員会の審査報告書は「可決」でした。,https://ssp.kaigiroku.net/tenant/shinjuku/MinuteView.html?council_id=3163&schedule_id=5&minute_id=58,69368f14e256835f225802d7539f39260bf2106b46b6e0ee675d011db724582f,審議状況（本会議 3月24日 議長）,文教子ども家庭委員会審査報告書は、可決です,supported,12026f88164ab9b82456192453c6c59b34d63d7adeec7782737f0684f0eba540
shinjuku-2026-r1-gian-34,normal,content,OC34-N-35,本会議は、異議なしと認めて、委員会審査報告のとおり可決しました。,https://ssp.kaigiroku.net/tenant/shinjuku/MinuteView.html?council_id=3163&schedule_id=5&minute_id=59,970914f9ce4a28e423e8480a3d4ce175afafafeebd92448698df42d97cb2ec1d,審議状況（本会議 3月24日 議長）,異議なしと認めます…本案は、いずれも委員会審査報告のとおり可決されました,supported,12026f88164ab9b82456192453c6c59b34d63d7adeec7782737f0684f0eba540
shinjuku-2026-r1-gian-34,normal,content,OC34-N-36,議決結果ページの記載は「原案可決」です。,https://www.city.shinjuku.lg.jp/kusei/soumu01_002090_00015.html,7c2b6f68db1b433b860b35d176b4dd9211e78582ec9de718fcfefe68b22d896a,審議状況（議決結果ページ）,第34号議案新宿区立の小学校、中学校及び特別支援学校の非常勤の学校医、学校歯科医及び学校薬剤師の公務災害補償に関する条例の一部を改正する条例原案可決,supported,12026f88164ab9b82456192453c6c59b34d63d7adeec7782737f0684f0eba540
shinjuku-2026-r1-gian-34,normal,content,OC34-N-37,「議案の概要と審議結果」の採決結果行では、8会派すべてが賛成（○）でした。,https://www.city.shinjuku.lg.jp/content/000452334.pdf,22ba4f49b18c96bd1fa26241606257c05477f38e25ac46d6f8e4f416a2cedbf2,審議状況（議案の概要と審議結果の採決結果行）,区立学校医等の公務災害補償額の算定基礎としている『都立学校の学校医、学校歯科医及び学校薬剤師の公務災害補償に関する条例』の改正に合わせ、補償基礎額を改定する。○○○○○○○○可決,supported,12026f88164ab9b82456192453c6c59b34d63d7adeec7782737f0684f0eba540
shinjuku-2026-r1-gian-34,hard,title,OC34-HT-01,見出し: 第34号議案 新宿区立の小学校、中学校及び特別支援学校の非常勤の学校医、学校歯科医及び学校薬剤師の公務災害補償に関する条例の一部を改正する条例,https://www.city.shinjuku.lg.jp/content/000448422.pdf,a6bf4741a153791c61a4fb5e7a2b35175d59fdb41d6d811309df9c53598dd3dd,件名,新宿区立の小学校、中学校及び特別支援学校の非常勤の学校医、学校歯科医及び学校薬剤師の公務災害補償に関する条例の一部を改正する条例,supported,9870591e96f54737ddba2e9e2863b722be80bf5ab589ddaac48dcc468c671343
shinjuku-2026-r1-gian-34,hard,summary,OC34-HS-01,要約: 区立学校の非常勤の学校医、学校歯科医及び学校薬剤師の公務災害補償に関する条例の別表の補償基礎額を改める条例改正。,https://www.city.shinjuku.lg.jp/content/000447774.pdf,1dc3eaffcafb1b1c9e139e823182dc80dc0755624813ca87d8b274d15f5b6624,第34号議案,区立学校医等の公務災害補償額の算定基礎としている都立…学校の学校医、学校歯科医及び学校薬剤師の公務災害補償に関…する条例の改正に合わせ、次のとおり補償基礎額を改定する,supported,9870591e96f54737ddba2e9e2863b722be80bf5ab589ddaac48dcc468c671343
shinjuku-2026-r1-gian-34,hard,summary,OC34-HS-02,要約: 区立学校の非常勤の学校医、学校歯科医及び学校薬剤師の公務災害補償に関する条例の別表の補償基礎額を改める条例改正。,https://www.city.shinjuku.lg.jp/content/000448422.pdf,a6bf4741a153791c61a4fb5e7a2b35175d59fdb41d6d811309df9c53598dd3dd,改め文,"別表中「8,529円」を「9,060円」に、「7,164円」を「7,629円」に、「9,909円」を「10,332円」に、「7,932円」を「8,340円」に、「12,351円」を「14,175円」に、「9,438円」を「9,873円」に、「13,575円」を「14,175円」に、「10,701円」を「11,073円」に、「15,837円」を「16,467円」に、「11,610円」を「11,907円」に、「16,866円」を「17,496円」に、「11,970円」を「12,246円」に改める",supported,9870591e96f54737ddba2e9e2863b722be80bf5ab589ddaac48dcc468c671343
shinjuku-2026-r1-gian-34,hard,summary,OC34-HS-03,要約: 施行日は令和8年4月1日、適用日は令和8年2月1日。,https://www.city.shinjuku.lg.jp/content/000448422.pdf,a6bf4741a153791c61a4fb5e7a2b35175d59fdb41d6d811309df9c53598dd3dd,附則（施行期日）,この条例は、令和8年4月1日から施行する,supported,9870591e96f54737ddba2e9e2863b722be80bf5ab589ddaac48dcc468c671343
shinjuku-2026-r1-gian-34,hard,summary,OC34-HS-04,要約: 施行日は令和8年4月1日、適用日は令和8年2月1日。,https://www.city.shinjuku.lg.jp/content/000448422.pdf,a6bf4741a153791c61a4fb5e7a2b35175d59fdb41d6d811309df9c53598dd3dd,附則（経過措置）,令和8年2月1日（以下「適用日」という。）,supported,9870591e96f54737ddba2e9e2863b722be80bf5ab589ddaac48dcc468c671343
shinjuku-2026-r1-gian-34,hard,content,OC34-H-01,提出日: 令和8年2月17日,https://www.city.shinjuku.lg.jp/content/000448422.pdf,a6bf4741a153791c61a4fb5e7a2b35175d59fdb41d6d811309df9c53598dd3dd,提出日・提出者,令和８年２月１７日…新宿区長…吉住…健一,supported,9870591e96f54737ddba2e9e2863b722be80bf5ab589ddaac48dcc468c671343
shinjuku-2026-r1-gian-34,hard,content,OC34-H-02,提出者: 新宿区長 吉住健一,https://www.city.shinjuku.lg.jp/content/000448422.pdf,a6bf4741a153791c61a4fb5e7a2b35175d59fdb41d6d811309df9c53598dd3dd,提出日・提出者,令和８年２月１７日…新宿区長…吉住…健一,supported,9870591e96f54737ddba2e9e2863b722be80bf5ab589ddaac48dcc468c671343
shinjuku-2026-r1-gian-34,hard,content,OC34-H-03,改正する条例: 新宿区立の小学校、中学校及び特別支援学校の非常勤の学校医、学校歯科医及び学校薬剤師の公務災害補償に関する条例（平成14年新宿区条例第24号）,https://www.city.shinjuku.lg.jp/content/000448422.pdf,a6bf4741a153791c61a4fb5e7a2b35175d59fdb41d6d811309df9c53598dd3dd,改め文,（平成14年新宿区条例第24号）の一部を次のように改正する,supported,9870591e96f54737ddba2e9e2863b722be80bf5ab589ddaac48dcc468c671343
shinjuku-2026-r1-gian-34,hard,content,OC34-H-04,改正する条例: 新宿区立の小学校、中学校及び特別支援学校の非常勤の学校医、学校歯科医及び学校薬剤師の公務災害補償に関する条例（平成14年新宿区条例第24号）,https://www.city.shinjuku.lg.jp/content/000448422.pdf,a6bf4741a153791c61a4fb5e7a2b35175d59fdb41d6d811309df9c53598dd3dd,件名,新宿区立の小学校、中学校及び特別支援学校の非常勤の学校医、学校歯科医及び学校薬剤師の公務災害補償に関する条例の一部を改正する条例,supported,9870591e96f54737ddba2e9e2863b722be80bf5ab589ddaac48dcc468c671343
shinjuku-2026-r1-gian-34,hard,content,OC34-H-05,議決: 原案可決（議決結果ページの記載）,https://www.city.shinjuku.lg.jp/kusei/soumu01_002090_00015.html,7c2b6f68db1b433b860b35d176b4dd9211e78582ec9de718fcfefe68b22d896a,審議状況（議決結果ページ）,第34号議案新宿区立の小学校、中学校及び特別支援学校の非常勤の学校医、学校歯科医及び学校薬剤師の公務災害補償に関する条例の一部を改正する条例原案可決,supported,9870591e96f54737ddba2e9e2863b722be80bf5ab589ddaac48dcc468c671343
shinjuku-2026-r1-gian-34,hard,content,OC34-H-06,提案の説明: 令和8年2月25日（水曜日）の本会議（第3日第3号）で区長が説明,https://ssp.kaigiroku.net/tenant/shinjuku/MinuteView.html?council_id=3163&schedule_id=4&minute_id=137,e4ea62817b80d326ca1bd4d81dad578ca1f858b097c497b61fc490389ff3d0be,審議状況（本会議 2月25日 区長・議長）,第34号議案の新宿区立の小学校、中学校及び特別支援学校の非常勤の学校医、学校歯科医及び学校薬剤師の公務災害補償に関する条例の一部を改正する条例ですが、本案は、補償基礎額を改定するものです,supported,9870591e96f54737ddba2e9e2863b722be80bf5ab589ddaac48dcc468c671343
shinjuku-2026-r1-gian-34,hard,content,OC34-H-07,提案の説明: 令和8年2月25日（水曜日）の本会議（第3日第3号）で区長が説明,https://ssp.kaigiroku.net/tenant/shinjuku/MinuteView.html?council_id=3163&schedule_id=4&minute_id=1,3ccc7b9665b5c85e509060592cad910ed18345c1b72e8a75761ad1e7e538a622,審議状況（本会議 2月25日 区長・議長）,令和８年第１回定例会会議録（第３日）第３号令和８年２月２５日（水曜日）,supported,9870591e96f54737ddba2e9e2863b722be80bf5ab589ddaac48dcc468c671343
shinjuku-2026-r1-gian-34,hard,content,OC34-H-08,付託: 議案付託表のとおり、所管の常任委員会に付託,https://ssp.kaigiroku.net/tenant/shinjuku/MinuteView.html?council_id=3163&schedule_id=4&minute_id=138,7b1e6047c2dbb6dcfb1607b64f34573d7b55ab43d1c71a3f8b75c42c17b937a6,審議状況（本会議 2月25日 区長・議長）,第22号議案から第35号議案までは、議案付託表のとおり、それぞれ所管の常任委員会に付託します,supported,9870591e96f54737ddba2e9e2863b722be80bf5ab589ddaac48dcc468c671343
shinjuku-2026-r1-gian-34,hard,content,OC34-H-09,本会議: 令和8年3月24日（火曜日）、会議録 第4日第4号,https://ssp.kaigiroku.net/tenant/shinjuku/MinuteView.html?council_id=3163&schedule_id=5&minute_id=1,bd058d36962b45d8d965e4625bb95ecd661a102a026175213f37ba9eb575424a,審議状況（本会議 3月24日 議長）,令和８年第１回定例会会議録（第４日）第４号令和８年３月２４日（火曜日）,supported,9870591e96f54737ddba2e9e2863b722be80bf5ab589ddaac48dcc468c671343
shinjuku-2026-r1-gian-34,hard,content,OC34-H-10,議題: 日程第22から日程第26までを一括議題とした,https://ssp.kaigiroku.net/tenant/shinjuku/MinuteView.html?council_id=3163&schedule_id=5&minute_id=52,ab4537cc101707d2f265c906951c6e03fc7c344e5b7f317a87e433a4d9dc4b65,審議状況（本会議 3月24日 議長）,日程第22から日程第26までを一括議題とします,supported,9870591e96f54737ddba2e9e2863b722be80bf5ab589ddaac48dcc468c671343
shinjuku-2026-r1-gian-34,hard,content,OC34-H-11,会議録: 第34号議案の議題朗読が記載されている,https://ssp.kaigiroku.net/tenant/shinjuku/MinuteView.html?council_id=3163&schedule_id=5&minute_id=57,59c8ac861b3e9c12f6e1d696020f7734234402a6992a74ddaf64a042a3ca9beb,審議状況（本会議 3月24日 議長）,第34号議案新宿区立の小学校、中学校及び特別支援学校の非常勤の学校医、学校歯科医及び学校薬剤師の公務災害補償に関する条例の一部を改正する条例,supported,9870591e96f54737ddba2e9e2863b722be80bf5ab589ddaac48dcc468c671343
shinjuku-2026-r1-gian-34,hard,content,OC34-H-12,委員会審査報告: 文教子ども家庭委員会の審査報告書は可決,https://ssp.kaigiroku.net/tenant/shinjuku/MinuteView.html?council_id=3163&schedule_id=5&minute_id=58,69368f14e256835f225802d7539f39260bf2106b46b6e0ee675d011db724582f,審議状況（本会議 3月24日 議長）,文教子ども家庭委員会審査報告書は、可決です,supported,9870591e96f54737ddba2e9e2863b722be80bf5ab589ddaac48dcc468c671343
shinjuku-2026-r1-gian-34,hard,content,OC34-H-13,採決方法: 異議なし,https://ssp.kaigiroku.net/tenant/shinjuku/MinuteView.html?council_id=3163&schedule_id=5&minute_id=59,970914f9ce4a28e423e8480a3d4ce175afafafeebd92448698df42d97cb2ec1d,審議状況（本会議 3月24日 議長）,異議なしと認めます…本案は、いずれも委員会審査報告のとおり可決されました,supported,9870591e96f54737ddba2e9e2863b722be80bf5ab589ddaac48dcc468c671343
shinjuku-2026-r1-gian-34,hard,content,OC34-H-14,会派別の賛否: 全8会派が賛成（採決結果行は ○○○○○○○○）,https://www.city.shinjuku.lg.jp/content/000452334.pdf,22ba4f49b18c96bd1fa26241606257c05477f38e25ac46d6f8e4f416a2cedbf2,審議状況（議案の概要と審議結果の採決結果行）,区立学校医等の公務災害補償額の算定基礎としている『都立学校の学校医、学校歯科医及び学校薬剤師の公務災害補償に関する条例』の改正に合わせ、補償基礎額を改定する。○○○○○○○○可決,supported,9870591e96f54737ddba2e9e2863b722be80bf5ab589ddaac48dcc468c671343
shinjuku-2026-r1-gian-34,hard,content,OC34-H-15,会派: 自民・参政クラブ、新宿区議会公明党、日本共産党新宿区議会議員団、新宿未来の会、立憲民主党・無所属クラブ、日本維新の会・新宿区議団、現役世代に優しい新宿・減税の会、れいわ新選組 新宿,https://www.city.shinjuku.lg.jp/content/000452334.pdf,22ba4f49b18c96bd1fa26241606257c05477f38e25ac46d6f8e4f416a2cedbf2,会派略称・列の並び,共産＝日本共産党新宿区議会議員団…れいわ＝れいわ新選組 新宿…自参ク＝自民・参政クラブ…公明＝新宿区議会公明党…新宿会＝新宿未来の会…民無ク＝立憲民主党・無所属クラブ…維新＝日本維新の会・新宿区議団…現役＝現役世代に優しい新宿・減税の会,supported,9870591e96f54737ddba2e9e2863b722be80bf5ab589ddaac48dcc468c671343
shinjuku-2026-r1-gian-34,hard,content,OC34-H-16,補償基礎額を改定する必要があるため,https://www.city.shinjuku.lg.jp/content/000448422.pdf,a6bf4741a153791c61a4fb5e7a2b35175d59fdb41d6d811309df9c53598dd3dd,（提案理由）,補償基礎額を改定する必要があるため,supported,9870591e96f54737ddba2e9e2863b722be80bf5ab589ddaac48dcc468c671343
shinjuku-2026-r1-gian-34,hard,content,OC34-H-17,改め文は別表中の金額12か所を改めるものであり、ほかの条は改めない。,https://www.city.shinjuku.lg.jp/content/000448422.pdf,a6bf4741a153791c61a4fb5e7a2b35175d59fdb41d6d811309df9c53598dd3dd,改め文,"一部を次のように改正する。別表中「8,529円」…「11,970円」を「12,246円」に改める。附則",supported,9870591e96f54737ddba2e9e2863b722be80bf5ab589ddaac48dcc468c671343
shinjuku-2026-r1-gian-34,hard,content,OC34-H-18,"別表中「8,529円」を「9,060円」に、「7,164円」を「7,629円」に、「9,909円」を「10,332円」に、「7,932円」を「8,340円」に、「12,351円」を「14,175円」に、「9,438円」を「9,873円」に、「13,575円」を「14,175円」に、「10,701円」を「11,073円」に、「15,837円」を「16,467円」に、「11,610円」を「11,907円」に、「16,866円」を「17,496円」に、「11,970円」を「12,246円」に改める。",https://www.city.shinjuku.lg.jp/content/000448422.pdf,a6bf4741a153791c61a4fb5e7a2b35175d59fdb41d6d811309df9c53598dd3dd,改め文,"別表中「8,529円」を「9,060円」に、「7,164円」を「7,629円」に、「9,909円」を「10,332円」に、「7,932円」を「8,340円」に、「12,351円」を「14,175円」に、「9,438円」を「9,873円」に、「13,575円」を「14,175円」に、「10,701円」を「11,073円」に、「15,837円」を「16,467円」に、「11,610円」を「11,907円」に、「16,866円」を「17,496円」に、「11,970円」を「12,246円」に改める",supported,9870591e96f54737ddba2e9e2863b722be80bf5ab589ddaac48dcc468c671343
shinjuku-2026-r1-gian-34,hard,content,OC34-H-19,"5年未満 / 8,529円 / 9,060円",https://www.city.shinjuku.lg.jp/content/000447774.pdf,1dc3eaffcafb1b1c9e139e823182dc80dc0755624813ca87d8b274d15f5b6624,第34号議案（学校医及び学校歯科医の補償基礎額）,"5年未満8,529円9,060円",supported,9870591e96f54737ddba2e9e2863b722be80bf5ab589ddaac48dcc468c671343
shinjuku-2026-r1-gian-34,hard,content,OC34-H-20,"5年以上10年未満 / 9,909円 / 10,332円",https://www.city.shinjuku.lg.jp/content/000447774.pdf,1dc3eaffcafb1b1c9e139e823182dc80dc0755624813ca87d8b274d15f5b6624,第34号議案（学校医及び学校歯科医の補償基礎額）,"5年以上10年未満9,909円10,332円",supported,9870591e96f54737ddba2e9e2863b722be80bf5ab589ddaac48dcc468c671343
shinjuku-2026-r1-gian-34,hard,content,OC34-H-21,"10年以上15年未満 / 12,351円 / 14,175円",https://www.city.shinjuku.lg.jp/content/000447774.pdf,1dc3eaffcafb1b1c9e139e823182dc80dc0755624813ca87d8b274d15f5b6624,第34号議案（学校医及び学校歯科医の補償基礎額）,"10年以上15年未満12,351円14,175円",supported,9870591e96f54737ddba2e9e2863b722be80bf5ab589ddaac48dcc468c671343
shinjuku-2026-r1-gian-34,hard,content,OC34-H-22,"15年以上20年未満 / 13,575円 / 14,175円",https://www.city.shinjuku.lg.jp/content/000447774.pdf,1dc3eaffcafb1b1c9e139e823182dc80dc0755624813ca87d8b274d15f5b6624,第34号議案（学校医及び学校歯科医の補償基礎額）,"15年以上20年未満13,575円14,175円",supported,9870591e96f54737ddba2e9e2863b722be80bf5ab589ddaac48dcc468c671343
shinjuku-2026-r1-gian-34,hard,content,OC34-H-23,"20年以上25年未満 / 15,837円 / 16,467円",https://www.city.shinjuku.lg.jp/content/000447774.pdf,1dc3eaffcafb1b1c9e139e823182dc80dc0755624813ca87d8b274d15f5b6624,第34号議案（学校医及び学校歯科医の補償基礎額）,"20年以上25年未満15,837円16,467円",supported,9870591e96f54737ddba2e9e2863b722be80bf5ab589ddaac48dcc468c671343
shinjuku-2026-r1-gian-34,hard,content,OC34-H-24,"25年以上 / 16,866円 / 17,496円",https://www.city.shinjuku.lg.jp/content/000447774.pdf,1dc3eaffcafb1b1c9e139e823182dc80dc0755624813ca87d8b274d15f5b6624,第34号議案（学校医及び学校歯科医の補償基礎額）,"25年以上16,866円17,496円",supported,9870591e96f54737ddba2e9e2863b722be80bf5ab589ddaac48dcc468c671343
shinjuku-2026-r1-gian-34,hard,content,OC34-H-25,"5年未満 / 7,164円 / 7,629円",https://www.city.shinjuku.lg.jp/content/000447774.pdf,1dc3eaffcafb1b1c9e139e823182dc80dc0755624813ca87d8b274d15f5b6624,第34号議案（学校薬剤師の補償基礎額）,"5年未満7,164円7,629円",supported,9870591e96f54737ddba2e9e2863b722be80bf5ab589ddaac48dcc468c671343
shinjuku-2026-r1-gian-34,hard,content,OC34-H-26,"5年以上10年未満 / 7,932円 / 8,340円",https://www.city.shinjuku.lg.jp/content/000447774.pdf,1dc3eaffcafb1b1c9e139e823182dc80dc0755624813ca87d8b274d15f5b6624,第34号議案（学校薬剤師の補償基礎額）,"5年以上10年未満7,932円8,340円",supported,9870591e96f54737ddba2e9e2863b722be80bf5ab589ddaac48dcc468c671343
shinjuku-2026-r1-gian-34,hard,content,OC34-H-27,"10年以上15年未満 / 9,438円 / 9,873円",https://www.city.shinjuku.lg.jp/content/000447774.pdf,1dc3eaffcafb1b1c9e139e823182dc80dc0755624813ca87d8b274d15f5b6624,第34号議案（学校薬剤師の補償基礎額）,"10年以上15年未満9,438円9,873円",supported,9870591e96f54737ddba2e9e2863b722be80bf5ab589ddaac48dcc468c671343
shinjuku-2026-r1-gian-34,hard,content,OC34-H-28,"15年以上20年未満 / 10,701円 / 11,073円",https://www.city.shinjuku.lg.jp/content/000447774.pdf,1dc3eaffcafb1b1c9e139e823182dc80dc0755624813ca87d8b274d15f5b6624,第34号議案（学校薬剤師の補償基礎額）,"15年以上20年未満10,701円11,073円",supported,9870591e96f54737ddba2e9e2863b722be80bf5ab589ddaac48dcc468c671343
shinjuku-2026-r1-gian-34,hard,content,OC34-H-29,"20年以上25年未満 / 11,610円 / 11,907円",https://www.city.shinjuku.lg.jp/content/000447774.pdf,1dc3eaffcafb1b1c9e139e823182dc80dc0755624813ca87d8b274d15f5b6624,第34号議案（学校薬剤師の補償基礎額）,"20年以上25年未満11,610円11,907円",supported,9870591e96f54737ddba2e9e2863b722be80bf5ab589ddaac48dcc468c671343
shinjuku-2026-r1-gian-34,hard,content,OC34-H-30,"25年以上 / 11,970円 / 12,246円",https://www.city.shinjuku.lg.jp/content/000447774.pdf,1dc3eaffcafb1b1c9e139e823182dc80dc0755624813ca87d8b274d15f5b6624,第34号議案（学校薬剤師の補償基礎額）,"25年以上11,970円12,246円",supported,9870591e96f54737ddba2e9e2863b722be80bf5ab589ddaac48dcc468c671343
shinjuku-2026-r1-gian-34,hard,content,OC34-H-31,"学校医及び学校歯科医の「10年以上15年未満」と「15年以上20年未満」の改定後の額は、どちらも14,175円である。",https://www.city.shinjuku.lg.jp/content/000447774.pdf,1dc3eaffcafb1b1c9e139e823182dc80dc0755624813ca87d8b274d15f5b6624,第34号議案（学校医及び学校歯科医の補償基礎額）,"10年以上15年未満12,351円14,175円",supported,9870591e96f54737ddba2e9e2863b722be80bf5ab589ddaac48dcc468c671343
shinjuku-2026-r1-gian-34,hard,content,OC34-H-32,"学校医及び学校歯科医の「10年以上15年未満」と「15年以上20年未満」の改定後の額は、どちらも14,175円である。",https://www.city.shinjuku.lg.jp/content/000447774.pdf,1dc3eaffcafb1b1c9e139e823182dc80dc0755624813ca87d8b274d15f5b6624,第34号議案（学校医及び学校歯科医の補償基礎額）,"15年以上20年未満13,575円14,175円",supported,9870591e96f54737ddba2e9e2863b722be80bf5ab589ddaac48dcc468c671343
shinjuku-2026-r1-gian-34,hard,content,OC34-H-33,区立学校医等の公務災害補償額の算定基礎としている都立学校の学校医、学校歯科医及び学校薬剤師の公務災害補償に関する条例の改正に合わせ、次のとおり補償基礎額を改定する。,https://www.city.shinjuku.lg.jp/content/000447774.pdf,1dc3eaffcafb1b1c9e139e823182dc80dc0755624813ca87d8b274d15f5b6624,第34号議案,区立学校医等の公務災害補償額の算定基礎としている都立…学校の学校医、学校歯科医及び学校薬剤師の公務災害補償に関…する条例の改正に合わせ、次のとおり補償基礎額を改定する,supported,9870591e96f54737ddba2e9e2863b722be80bf5ab589ddaac48dcc468c671343
shinjuku-2026-r1-gian-34,hard,content,OC34-H-34,施行日は令和8年4月1日と記載されている。,https://www.city.shinjuku.lg.jp/content/000447774.pdf,1dc3eaffcafb1b1c9e139e823182dc80dc0755624813ca87d8b274d15f5b6624,第34号議案［施行日］,補償基礎額を改定する。…［施行日］…令和8年4月1日,supported,9870591e96f54737ddba2e9e2863b722be80bf5ab589ddaac48dcc468c671343
shinjuku-2026-r1-gian-34,hard,content,OC34-H-35,「議案の概要と審議結果」も同旨の概要を記載している。,https://www.city.shinjuku.lg.jp/content/000452334.pdf,22ba4f49b18c96bd1fa26241606257c05477f38e25ac46d6f8e4f416a2cedbf2,第34号議案（議案の概要）,区立学校医等の公務災害補償額の算定基礎としている『都立学校の学校医、学校歯科医及び学校薬剤師の公務災害補償に関する条例』の改正に合わせ、補償基礎額を改定する。,supported,9870591e96f54737ddba2e9e2863b722be80bf5ab589ddaac48dcc468c671343
shinjuku-2026-r1-gian-34,hard,content,OC34-H-36,この条例は、令和8年4月1日から施行する。,https://www.city.shinjuku.lg.jp/content/000448422.pdf,a6bf4741a153791c61a4fb5e7a2b35175d59fdb41d6d811309df9c53598dd3dd,附則（施行期日）,この条例は、令和8年4月1日から施行する,supported,9870591e96f54737ddba2e9e2863b722be80bf5ab589ddaac48dcc468c671343
shinjuku-2026-r1-gian-34,hard,content,OC34-H-37,この条例による改正後の新宿区立の小学校、中学校及び特別支援学校の非常勤の学校医、学校歯科医及び学校薬剤師の公務災害補償に関する条例（以下「改正後の条例」という。）別表の規定（次項の規定により読み替えて適用する場合を含む。）は、令和8年2月1日（以下「適用日」という。）以後に支給すべき事由が生じた補償並びに適用日前に支給すべき事由が生じた傷病補償年金、障害補償年金及び遺族補償年金（以下「傷病補償年金等」という。）で適用日以後の期間について支給すべきものの補償基礎額について適用し、その他の補償の補償基礎額については、なお従前の例による。,https://www.city.shinjuku.lg.jp/content/000448422.pdf,a6bf4741a153791c61a4fb5e7a2b35175d59fdb41d6d811309df9c53598dd3dd,附則（経過措置）,この条例による改正後の新宿区立の小学校、中学校及び特別支援学校の非常勤の学校医、学校歯科医及び学校薬剤師の公務災害補償に関する条例（以下「改正後の条例」という。）別表の規定（次項の規定により読み替えて適用する場合を含む。）は、令和8年2月1日（以下「適用日」という。）以後に支給すべき事由が生じた補償並びに適用日前に支給すべき事由が生じた傷病補償年金、障害補償年金及び遺族補償年金（以下「傷病補償年金等」という。）で適用日以後の期間について支給すべきものの補償基礎額について適用し、その他の補償の補償基礎額については、なお従前の例による,supported,9870591e96f54737ddba2e9e2863b722be80bf5ab589ddaac48dcc468c671343
shinjuku-2026-r1-gian-34,hard,content,OC34-H-38,適用日（令和8年2月1日）は施行日（令和8年4月1日）より前の日である。,https://www.city.shinjuku.lg.jp/content/000448422.pdf,a6bf4741a153791c61a4fb5e7a2b35175d59fdb41d6d811309df9c53598dd3dd,附則（経過措置）,令和8年2月1日（以下「適用日」という。）,supported,9870591e96f54737ddba2e9e2863b722be80bf5ab589ddaac48dcc468c671343
shinjuku-2026-r1-gian-34,hard,content,OC34-H-39,適用日（令和8年2月1日）は施行日（令和8年4月1日）より前の日である。,https://www.city.shinjuku.lg.jp/content/000448422.pdf,a6bf4741a153791c61a4fb5e7a2b35175d59fdb41d6d811309df9c53598dd3dd,附則（施行期日）,この条例は、令和8年4月1日から施行する,supported,9870591e96f54737ddba2e9e2863b722be80bf5ab589ddaac48dcc468c671343
shinjuku-2026-r1-gian-34,hard,content,OC34-H-40,"適用日からこの条例の施行の日（以下「施行日」という。）の前日までの期間における改正後の条例別表の規定の適用については、同表10年以上15年未満の項学校医及び学校歯科医の補償基礎額の欄中「14,175円」とあるのは、「12,951円」とする。",https://www.city.shinjuku.lg.jp/content/000448422.pdf,a6bf4741a153791c61a4fb5e7a2b35175d59fdb41d6d811309df9c53598dd3dd,附則（経過措置）,"適用日からこの条例の施行の日（以下「施行日」という。）の前日までの期間における改正後の条例別表の規定の適用については、同表10年以上15年未満の項学校医及び学校歯科医の補償基礎額の欄中「14,175円」とあるのは、「12,951円」とする",supported,9870591e96f54737ddba2e9e2863b722be80bf5ab589ddaac48dcc468c671343
shinjuku-2026-r1-gian-34,hard,content,OC34-H-41,適用日から施行日の前日までの間において、この条例による改正前の別表の規定に基づき、傷病補償年金等（適用日から施行日の前日までの間に係る分に限る。）として支払われた金額並びに休業補償、障害補償一時金、遺族補償一時金及び葬祭補償（適用日から施行日の前日までの間に支給すべき事由が生じたものに限る。）として支払われた金額は、それぞれこれらに相当する改正後の条例（前項の規定により読み替えて適用する場合を含む。）の規定に基づく補償の内払とみなす。,https://www.city.shinjuku.lg.jp/content/000448422.pdf,a6bf4741a153791c61a4fb5e7a2b35175d59fdb41d6d811309df9c53598dd3dd,附則（経過措置）,適用日から施行日の前日までの間において、この条例による改正前の別表の規定に基づき、傷病補償年金等（適用日から施行日の前日までの間に係る分に限る。）として支払われた金額並びに休業補償、障害補償一時金、遺族補償一時金及び葬祭補償（適用日から施行日の前日までの間に支給すべき事由が生じたものに限る。）として支払われた金額は、それぞれこれらに相当する改正後の条例（前項の規定により読み替えて適用する場合を含む。）の規定に基づく補償の内払とみなす,supported,9870591e96f54737ddba2e9e2863b722be80bf5ab589ddaac48dcc468c671343
shinjuku-2026-r1-gian-34,hard,content,OC34-H-42,第34号議案 全文 / https://www.city.shinjuku.lg.jp/content/000448422.pdf / a6bf4741a153791c61a4fb5e7a2b35175d59fdb41d6d811309df9c53598dd3dd,https://www.city.shinjuku.lg.jp/content/000448422.pdf,a6bf4741a153791c61a4fb5e7a2b35175d59fdb41d6d811309df9c53598dd3dd,件名,新宿区立の小学校、中学校及び特別支援学校の非常勤の学校医、学校歯科医及び学校薬剤師の公務災害補償に関する条例の一部を改正する条例,supported,9870591e96f54737ddba2e9e2863b722be80bf5ab589ddaac48dcc468c671343
shinjuku-2026-r1-gian-34,hard,content,OC34-H-43,提出案件概要（条例関係） / https://www.city.shinjuku.lg.jp/content/000447774.pdf / 1dc3eaffcafb1b1c9e139e823182dc80dc0755624813ca87d8b274d15f5b6624,https://www.city.shinjuku.lg.jp/content/000447774.pdf,1dc3eaffcafb1b1c9e139e823182dc80dc0755624813ca87d8b274d15f5b6624,提出案件概要（条例関係）,第1回区議会定例会提出案件概要…（条例関係）,supported,9870591e96f54737ddba2e9e2863b722be80bf5ab589ddaac48dcc468c671343
shinjuku-2026-r1-gian-34,hard,content,OC34-H-44,議案の概要と審議結果 / https://www.city.shinjuku.lg.jp/content/000452334.pdf / 22ba4f49b18c96bd1fa26241606257c05477f38e25ac46d6f8e4f416a2cedbf2,https://www.city.shinjuku.lg.jp/content/000452334.pdf,22ba4f49b18c96bd1fa26241606257c05477f38e25ac46d6f8e4f416a2cedbf2,議案の概要と審議結果,議案の概要と審議結果,supported,9870591e96f54737ddba2e9e2863b722be80bf5ab589ddaac48dcc468c671343
shinjuku-2026-r1-gian-34,hard,content,OC34-H-45,議決結果ページ（2026-10-04 取得） / https://www.city.shinjuku.lg.jp/kusei/soumu01_002090_00015.html / 7c2b6f68db1b433b860b35d176b4dd9211e78582ec9de718fcfefe68b22d896a,https://www.city.shinjuku.lg.jp/kusei/soumu01_002090_00015.html,7c2b6f68db1b433b860b35d176b4dd9211e78582ec9de718fcfefe68b22d896a,審議状況（議決結果ページ）,第34号議案新宿区立の小学校、中学校及び特別支援学校の非常勤の学校医、学校歯科医及び学校薬剤師の公務災害補償に関する条例の一部を改正する条例原案可決,supported,9870591e96f54737ddba2e9e2863b722be80bf5ab589ddaac48dcc468c671343
shinjuku-2026-r1-gian-34,hard,content,OC34-H-46,会議録 2月25日 区長（提案説明） / https://ssp.kaigiroku.net/tenant/shinjuku/MinuteView.html?council_id=3163&schedule_id=4&minute_id=137 / e4ea62817b80d326ca1bd4d81dad578ca1f858b097c497b61fc490389ff3d0be,https://ssp.kaigiroku.net/tenant/shinjuku/MinuteView.html?council_id=3163&schedule_id=4&minute_id=137,e4ea62817b80d326ca1bd4d81dad578ca1f858b097c497b61fc490389ff3d0be,審議状況（本会議 2月25日 区長・議長）,第34号議案の新宿区立の小学校、中学校及び特別支援学校の非常勤の学校医、学校歯科医及び学校薬剤師の公務災害補償に関する条例の一部を改正する条例ですが、本案は、補償基礎額を改定するものです,supported,9870591e96f54737ddba2e9e2863b722be80bf5ab589ddaac48dcc468c671343
shinjuku-2026-r1-gian-34,hard,content,OC34-H-47,会議録 3月24日 議長（委員会審査報告） / https://ssp.kaigiroku.net/tenant/shinjuku/MinuteView.html?council_id=3163&schedule_id=5&minute_id=58 / 69368f14e256835f225802d7539f39260bf2106b46b6e0ee675d011db724582f,https://ssp.kaigiroku.net/tenant/shinjuku/MinuteView.html?council_id=3163&schedule_id=5&minute_id=58,69368f14e256835f225802d7539f39260bf2106b46b6e0ee675d011db724582f,審議状況（本会議 3月24日 議長）,文教子ども家庭委員会審査報告書は、可決です,supported,9870591e96f54737ddba2e9e2863b722be80bf5ab589ddaac48dcc468c671343
shinjuku-2026-r1-gian-34,hard,content,OC34-H-48,会議録 3月24日 議長（採決） / https://ssp.kaigiroku.net/tenant/shinjuku/MinuteView.html?council_id=3163&schedule_id=5&minute_id=59 / 970914f9ce4a28e423e8480a3d4ce175afafafeebd92448698df42d97cb2ec1d,https://ssp.kaigiroku.net/tenant/shinjuku/MinuteView.html?council_id=3163&schedule_id=5&minute_id=59,970914f9ce4a28e423e8480a3d4ce175afafafeebd92448698df42d97cb2ec1d,審議状況（本会議 3月24日 議長）,異議なしと認めます…本案は、いずれも委員会審査報告のとおり可決されました,supported,9870591e96f54737ddba2e9e2863b722be80bf5ab589ddaac48dcc468c671343
shinjuku-2026-r1-gian-35,easy,title,OC35-ET-01,見出し: 選挙長などの 報酬を 上げます,https://www.city.shinjuku.lg.jp/content/000447774.pdf,1dc3eaffcafb1b1c9e139e823182dc80dc0755624813ca87d8b274d15f5b6624,第35号議案,国会議員の選挙等の執行経費の基準に関する法律の改正を…踏まえ、新宿区選挙管理委員会等が管理する選挙及び投票にお…ける選挙長等の報酬の額を次のとおり改定する,supported,0cbc6a5abfd3b02104ce71799918519291c98404aca6badaefed248445fe82ea
shinjuku-2026-r1-gian-35,easy,summary,OC35-ES-01,要約: 選挙長などの 報酬の 額を 上げます。,https://www.city.shinjuku.lg.jp/content/000447774.pdf,1dc3eaffcafb1b1c9e139e823182dc80dc0755624813ca87d8b274d15f5b6624,第35号議案,国会議員の選挙等の執行経費の基準に関する法律の改正を…踏まえ、新宿区選挙管理委員会等が管理する選挙及び投票にお…ける選挙長等の報酬の額を次のとおり改定する,supported,0cbc6a5abfd3b02104ce71799918519291c98404aca6badaefed248445fe82ea
shinjuku-2026-r1-gian-35,easy,summary,OC35-ES-02,要約: 始まる 日は 公布の 日です。,https://www.city.shinjuku.lg.jp/content/000448423.pdf,70059518eee6b5fadccf39926a14300ad8e636ff161237c56619dc11937c90cd,附則（施行期日）,この条例は、公布の日から施行する,supported,0cbc6a5abfd3b02104ce71799918519291c98404aca6badaefed248445fe82ea
shinjuku-2026-r1-gian-35,easy,content,OC35-E-01,【新宿区選挙長等の報酬及び費用弁償等に関する条例】［しんじゅくくせんきょちょうとうのほうしゅうおよびひようべんしょうとうにかんするじょうれい］（＝選挙長などの 報酬の 決まり）を 変えます。,https://www.city.shinjuku.lg.jp/content/000448423.pdf,70059518eee6b5fadccf39926a14300ad8e636ff161237c56619dc11937c90cd,件名,新宿区選挙長等の報酬及び費用弁償等に関する条例の一部を改正する条例,supported,0cbc6a5abfd3b02104ce71799918519291c98404aca6badaefed248445fe82ea
shinjuku-2026-r1-gian-35,easy,content,OC35-E-02,対象は 昭和34年 新宿区条例 第2号です。,https://www.city.shinjuku.lg.jp/content/000448423.pdf,70059518eee6b5fadccf39926a14300ad8e636ff161237c56619dc11937c90cd,改め文,新宿区選挙長等の報酬及び費用弁償等に関する条例（昭和34年新宿区条例第2号）の一部を次のように改正する,supported,0cbc6a5abfd3b02104ce71799918519291c98404aca6badaefed248445fe82ea
shinjuku-2026-r1-gian-35,easy,content,OC35-E-03,国会議員の 選挙等の 執行経費の 基準に 関する 法律が 改正されました。,https://www.city.shinjuku.lg.jp/content/000448423.pdf,70059518eee6b5fadccf39926a14300ad8e636ff161237c56619dc11937c90cd,（提案理由）,国会議員の選挙等の執行経費の基準に関する法律の一部を改正する法律（令和7年法律第50号）の施行を踏まえ、選挙長等の報酬の額を改定する必要があるため,supported,0cbc6a5abfd3b02104ce71799918519291c98404aca6badaefed248445fe82ea
shinjuku-2026-r1-gian-35,easy,content,OC35-E-04,その 施行を 踏まえて 報酬の 額を 変えます。,https://www.city.shinjuku.lg.jp/content/000448423.pdf,70059518eee6b5fadccf39926a14300ad8e636ff161237c56619dc11937c90cd,（提案理由）,国会議員の選挙等の執行経費の基準に関する法律の一部を改正する法律（令和7年法律第50号）の施行を踏まえ、選挙長等の報酬の額を改定する必要があるため,supported,0cbc6a5abfd3b02104ce71799918519291c98404aca6badaefed248445fe82ea
shinjuku-2026-r1-gian-35,easy,content,OC35-E-05,新宿区選挙管理委員会などが 管理する 選挙と 投票が 対象です。,https://www.city.shinjuku.lg.jp/content/000447774.pdf,1dc3eaffcafb1b1c9e139e823182dc80dc0755624813ca87d8b274d15f5b6624,第35号議案,国会議員の選挙等の執行経費の基準に関する法律の改正を…踏まえ、新宿区選挙管理委員会等が管理する選挙及び投票にお…ける選挙長等の報酬の額を次のとおり改定する,supported,0cbc6a5abfd3b02104ce71799918519291c98404aca6badaefed248445fe82ea
shinjuku-2026-r1-gian-35,easy,content,OC35-E-06,第2条第1項の 報酬の 額を 上げます。,https://www.city.shinjuku.lg.jp/content/000448423.pdf,70059518eee6b5fadccf39926a14300ad8e636ff161237c56619dc11937c90cd,改め文（第2条第1項第1号・第2号）,"第2条第1項第1号及び第2号中「1万8,000円」を「1万9,000円」に改め",supported,0cbc6a5abfd3b02104ce71799918519291c98404aca6badaefed248445fe82ea
shinjuku-2026-r1-gian-35,easy,content,OC35-E-07,次の 8つの 役目の 額が 変わります。,https://www.city.shinjuku.lg.jp/content/000447774.pdf,1dc3eaffcafb1b1c9e139e823182dc80dc0755624813ca87d8b274d15f5b6624,第35号議案,国会議員の選挙等の執行経費の基準に関する法律の改正を…踏まえ、新宿区選挙管理委員会等が管理する選挙及び投票にお…ける選挙長等の報酬の額を次のとおり改定する,supported,0cbc6a5abfd3b02104ce71799918519291c98404aca6badaefed248445fe82ea
shinjuku-2026-r1-gian-35,easy,content,OC35-E-08,"選挙長は 18,000円から 19,000円です。",https://www.city.shinjuku.lg.jp/content/000447774.pdf,1dc3eaffcafb1b1c9e139e823182dc80dc0755624813ca87d8b274d15f5b6624,第35号議案（選挙長等の報酬の額）,"⑴選挙長18,000円⇒19,000円",supported,0cbc6a5abfd3b02104ce71799918519291c98404aca6badaefed248445fe82ea
shinjuku-2026-r1-gian-35,easy,content,OC35-E-09,"開票管理者は 18,000円から 19,000円です。",https://www.city.shinjuku.lg.jp/content/000447774.pdf,1dc3eaffcafb1b1c9e139e823182dc80dc0755624813ca87d8b274d15f5b6624,第35号議案（選挙長等の報酬の額）,"⑵開票管理者18,000円⇒19,000円",supported,0cbc6a5abfd3b02104ce71799918519291c98404aca6badaefed248445fe82ea
shinjuku-2026-r1-gian-35,easy,content,OC35-E-10,"投票所の投票管理者は 21,000円から 23,000円です。",https://www.city.shinjuku.lg.jp/content/000447774.pdf,1dc3eaffcafb1b1c9e139e823182dc80dc0755624813ca87d8b274d15f5b6624,第35号議案（選挙長等の報酬の額）,"⑶投票所の投票管理者21,000円⇒23,000円",supported,0cbc6a5abfd3b02104ce71799918519291c98404aca6badaefed248445fe82ea
shinjuku-2026-r1-gian-35,easy,content,OC35-E-11,"期日前投票所の投票管理者は 18,000円から 20,000円です。",https://www.city.shinjuku.lg.jp/content/000447774.pdf,1dc3eaffcafb1b1c9e139e823182dc80dc0755624813ca87d8b274d15f5b6624,第35号議案（選挙長等の報酬の額）,"⑷期日前投票所の投票管理者18,000円⇒20,000円",supported,0cbc6a5abfd3b02104ce71799918519291c98404aca6badaefed248445fe82ea
shinjuku-2026-r1-gian-35,easy,content,OC35-E-12,"選挙立会人は 14,000円から 15,000円です。",https://www.city.shinjuku.lg.jp/content/000447774.pdf,1dc3eaffcafb1b1c9e139e823182dc80dc0755624813ca87d8b274d15f5b6624,第35号議案（選挙長等の報酬の額）,"⑸選挙立会人14,000円⇒15,000円",supported,0cbc6a5abfd3b02104ce71799918519291c98404aca6badaefed248445fe82ea
shinjuku-2026-r1-gian-35,easy,content,OC35-E-13,"開票立会人は 14,000円から 15,000円です。",https://www.city.shinjuku.lg.jp/content/000447774.pdf,1dc3eaffcafb1b1c9e139e823182dc80dc0755624813ca87d8b274d15f5b6624,第35号議案（選挙長等の報酬の額）,"⑹開票立会人14,000円⇒15,000円",supported,0cbc6a5abfd3b02104ce71799918519291c98404aca6badaefed248445fe82ea
shinjuku-2026-r1-gian-35,easy,content,OC35-E-14,"投票所の投票立会人は 17,500円から 19,500円です。",https://www.city.shinjuku.lg.jp/content/000447774.pdf,1dc3eaffcafb1b1c9e139e823182dc80dc0755624813ca87d8b274d15f5b6624,第35号議案（選挙長等の報酬の額）,"⑺投票所の投票立会人17,500円⇒19,500円",supported,0cbc6a5abfd3b02104ce71799918519291c98404aca6badaefed248445fe82ea
shinjuku-2026-r1-gian-35,easy,content,OC35-E-15,"期日前投票所の投票立会人は 15,000円から 17,000円です。",https://www.city.shinjuku.lg.jp/content/000447774.pdf,1dc3eaffcafb1b1c9e139e823182dc80dc0755624813ca87d8b274d15f5b6624,第35号議案（選挙長等の報酬の額）,"⑻期日前投票所の投票立会人15,000円⇒17,000円",supported,0cbc6a5abfd3b02104ce71799918519291c98404aca6badaefed248445fe82ea
shinjuku-2026-r1-gian-35,easy,content,OC35-E-16,【公布の日】［こうふのひ］（＝条例を 広く 知らせる 日）から 始まります。,https://www.city.shinjuku.lg.jp/content/000448423.pdf,70059518eee6b5fadccf39926a14300ad8e636ff161237c56619dc11937c90cd,附則（施行期日）,この条例は、公布の日から施行する,supported,0cbc6a5abfd3b02104ce71799918519291c98404aca6badaefed248445fe82ea
shinjuku-2026-r1-gian-35,easy,content,OC35-E-17,新しい 額は 次の 選挙と 投票から 使います。,https://www.city.shinjuku.lg.jp/content/000448423.pdf,70059518eee6b5fadccf39926a14300ad8e636ff161237c56619dc11937c90cd,附則（経過措置）,（以下「施行日」という。）以後にその期日を公示され、又は告示される選挙及び投票について適用し,supported,0cbc6a5abfd3b02104ce71799918519291c98404aca6badaefed248445fe82ea
shinjuku-2026-r1-gian-35,easy,content,OC35-E-18,施行の 日以後に 期日が 公示か 告示される ものです。,https://www.city.shinjuku.lg.jp/content/000448423.pdf,70059518eee6b5fadccf39926a14300ad8e636ff161237c56619dc11937c90cd,附則（経過措置）,（以下「施行日」という。）以後にその期日を公示され、又は告示される選挙及び投票について適用し,supported,0cbc6a5abfd3b02104ce71799918519291c98404aca6badaefed248445fe82ea
shinjuku-2026-r1-gian-35,easy,content,OC35-E-19,施行の 日の 前の 日までに 公示か 告示された ものは、,https://www.city.shinjuku.lg.jp/content/000448423.pdf,70059518eee6b5fadccf39926a14300ad8e636ff161237c56619dc11937c90cd,附則（経過措置）,施行日の前日までにその期日を公示され、又は告示された選挙及び投票については、なお従前の例による,supported,0cbc6a5abfd3b02104ce71799918519291c98404aca6badaefed248445fe82ea
shinjuku-2026-r1-gian-35,easy,content,OC35-E-20,今までの 額の ままです。,https://www.city.shinjuku.lg.jp/content/000448423.pdf,70059518eee6b5fadccf39926a14300ad8e636ff161237c56619dc11937c90cd,附則（経過措置）,施行日の前日までにその期日を公示され、又は告示された選挙及び投票については、なお従前の例による,supported,0cbc6a5abfd3b02104ce71799918519291c98404aca6badaefed248445fe82ea
shinjuku-2026-r1-gian-35,easy,content,OC35-E-21,【原案可決】［げんあんかけつ］（＝出した 通りの 内容で 決まること）です。,https://www.city.shinjuku.lg.jp/kusei/soumu01_002090_00015.html,7c2b6f68db1b433b860b35d176b4dd9211e78582ec9de718fcfefe68b22d896a,審議状況（議決結果ページ）,第35号議案新宿区選挙長等の報酬及び費用弁償等に関する条例の一部を改正する条例原案可決,supported,0cbc6a5abfd3b02104ce71799918519291c98404aca6badaefed248445fe82ea
shinjuku-2026-r1-gian-35,easy,content,OC35-E-22,2026年（令和8年）の 第1回定例会で 決まりました。,https://www.city.shinjuku.lg.jp/content/000452334.pdf,22ba4f49b18c96bd1fa26241606257c05477f38e25ac46d6f8e4f416a2cedbf2,審議状況（会期）,令和８年第１回定例会…２月１７日～３月２４日,supported,0cbc6a5abfd3b02104ce71799918519291c98404aca6badaefed248445fe82ea
shinjuku-2026-r1-gian-35,easy,content,OC35-E-23,会期は 2026年2月17日（火）から 3月24日（火）まででした。,https://www.city.shinjuku.lg.jp/content/000452334.pdf,22ba4f49b18c96bd1fa26241606257c05477f38e25ac46d6f8e4f416a2cedbf2,審議状況（会期）,令和８年第１回定例会…２月１７日～３月２４日,supported,0cbc6a5abfd3b02104ce71799918519291c98404aca6badaefed248445fe82ea
shinjuku-2026-r1-gian-35,easy,content,OC35-E-24,本会議で 決まった 日は 3月24日（火）です。,https://ssp.kaigiroku.net/tenant/shinjuku/MinuteView.html?council_id=3163&schedule_id=5&minute_id=1,bd058d36962b45d8d965e4625bb95ecd661a102a026175213f37ba9eb575424a,審議状況（本会議 3月24日 議長）,令和８年第１回定例会会議録（第４日）第４号令和８年３月２４日（火曜日）,supported,0cbc6a5abfd3b02104ce71799918519291c98404aca6badaefed248445fe82ea
shinjuku-2026-r1-gian-35,easy,content,OC35-E-25,ほかの 議案と まとめて 議題に なりました。,https://ssp.kaigiroku.net/tenant/shinjuku/MinuteView.html?council_id=3163&schedule_id=5&minute_id=19,8a31f81d234a3fc5b7611fdb2c52bf9ed24b1c6d4debb8d75e66e76874004ad4,審議状況（本会議 3月24日 議長）,日程第3から日程第10までを一括議題とします,supported,0cbc6a5abfd3b02104ce71799918519291c98404aca6badaefed248445fe82ea
shinjuku-2026-r1-gian-35,easy,content,OC35-E-26,総務区民委員会の 審査報告書は 可決でした。,https://ssp.kaigiroku.net/tenant/shinjuku/MinuteView.html?council_id=3163&schedule_id=5&minute_id=28,fc1da089857f696094cec7d628ff438dd74002a8df2fa07026c0a0506f81e6d2,審議状況（本会議 3月24日 議長）,総務区民委員会審査報告書は、可決です,supported,0cbc6a5abfd3b02104ce71799918519291c98404aca6badaefed248445fe82ea
shinjuku-2026-r1-gian-35,easy,content,OC35-E-27,議長が 異議が ないか たずねました。,https://ssp.kaigiroku.net/tenant/shinjuku/MinuteView.html?council_id=3163&schedule_id=5&minute_id=28,fc1da089857f696094cec7d628ff438dd74002a8df2fa07026c0a0506f81e6d2,審議状況（本会議 3月24日 議長）,総務区民委員会審査報告書は、可決です,supported,0cbc6a5abfd3b02104ce71799918519291c98404aca6badaefed248445fe82ea
shinjuku-2026-r1-gian-35,easy,content,OC35-E-28,異議なしと 認められて 可決しました。,https://ssp.kaigiroku.net/tenant/shinjuku/MinuteView.html?council_id=3163&schedule_id=5&minute_id=29,970914f9ce4a28e423e8480a3d4ce175afafafeebd92448698df42d97cb2ec1d,審議状況（本会議 3月24日 議長）,異議なしと認めます…本案は、いずれも委員会審査報告のとおり可決されました,supported,0cbc6a5abfd3b02104ce71799918519291c98404aca6badaefed248445fe82ea
shinjuku-2026-r1-gian-35,easy,content,OC35-E-29,賛成したのは ８つの 会派 すべてです。,https://www.city.shinjuku.lg.jp/content/000452334.pdf,22ba4f49b18c96bd1fa26241606257c05477f38e25ac46d6f8e4f416a2cedbf2,審議状況（議案の概要と審議結果の採決結果行）,『国会議員の選挙等の執行経費の基準に関する法律』の改正を踏まえ、新宿区選挙管理委員会等が管理する選挙及び投票における選挙長等の報酬の額を改定する。○○○○○○○○可決,supported,0cbc6a5abfd3b02104ce71799918519291c98404aca6badaefed248445fe82ea
shinjuku-2026-r1-gian-35,normal,title,OC35-NT-01,見出し: 選挙長等の報酬及び費用弁償等に関する条例の報酬額を改定,https://www.city.shinjuku.lg.jp/content/000447774.pdf,1dc3eaffcafb1b1c9e139e823182dc80dc0755624813ca87d8b274d15f5b6624,第35号議案,国会議員の選挙等の執行経費の基準に関する法律の改正を…踏まえ、新宿区選挙管理委員会等が管理する選挙及び投票にお…ける選挙長等の報酬の額を次のとおり改定する,supported,172459b50661de38e09c51a80799ed1dba40fd7ad8b45d83e8feb5cfbb26a171
shinjuku-2026-r1-gian-35,normal,summary,OC35-NS-01,要約: 新宿区選挙管理委員会等が管理する選挙及び投票における選挙長等の報酬の額を、国会議員の選挙等の執行経費の基準に関する法律の改正を踏まえて引き上げる条例改正です。,https://www.city.shinjuku.lg.jp/content/000447774.pdf,1dc3eaffcafb1b1c9e139e823182dc80dc0755624813ca87d8b274d15f5b6624,第35号議案,国会議員の選挙等の執行経費の基準に関する法律の改正を…踏まえ、新宿区選挙管理委員会等が管理する選挙及び投票にお…ける選挙長等の報酬の額を次のとおり改定する,supported,172459b50661de38e09c51a80799ed1dba40fd7ad8b45d83e8feb5cfbb26a171
shinjuku-2026-r1-gian-35,normal,summary,OC35-NS-02,要約: 新宿区選挙管理委員会等が管理する選挙及び投票における選挙長等の報酬の額を、国会議員の選挙等の執行経費の基準に関する法律の改正を踏まえて引き上げる条例改正です。,https://www.city.shinjuku.lg.jp/content/000448423.pdf,70059518eee6b5fadccf39926a14300ad8e636ff161237c56619dc11937c90cd,（提案理由）,国会議員の選挙等の執行経費の基準に関する法律の一部を改正する法律（令和7年法律第50号）の施行を踏まえ、選挙長等の報酬の額を改定する必要があるため,supported,172459b50661de38e09c51a80799ed1dba40fd7ad8b45d83e8feb5cfbb26a171
shinjuku-2026-r1-gian-35,normal,summary,OC35-NS-03,要約: 施行日は公布の日です。,https://www.city.shinjuku.lg.jp/content/000448423.pdf,70059518eee6b5fadccf39926a14300ad8e636ff161237c56619dc11937c90cd,附則（施行期日）,この条例は、公布の日から施行する,supported,172459b50661de38e09c51a80799ed1dba40fd7ad8b45d83e8feb5cfbb26a171
shinjuku-2026-r1-gian-35,normal,content,OC35-N-01,新宿区選挙長等の報酬及び費用弁償等に関する条例の一部を改正する条例案です。,https://www.city.shinjuku.lg.jp/content/000448423.pdf,70059518eee6b5fadccf39926a14300ad8e636ff161237c56619dc11937c90cd,件名,新宿区選挙長等の報酬及び費用弁償等に関する条例の一部を改正する条例,supported,172459b50661de38e09c51a80799ed1dba40fd7ad8b45d83e8feb5cfbb26a171
shinjuku-2026-r1-gian-35,normal,content,OC35-N-02,国会議員の選挙等の執行経費の基準に関する法律の改正を踏まえ、新宿区選挙管理委員会等が管理する選挙及び投票における選挙長等の報酬の額を次のとおり改定する。,https://www.city.shinjuku.lg.jp/content/000447774.pdf,1dc3eaffcafb1b1c9e139e823182dc80dc0755624813ca87d8b274d15f5b6624,第35号議案,国会議員の選挙等の執行経費の基準に関する法律の改正を…踏まえ、新宿区選挙管理委員会等が管理する選挙及び投票にお…ける選挙長等の報酬の額を次のとおり改定する,supported,172459b50661de38e09c51a80799ed1dba40fd7ad8b45d83e8feb5cfbb26a171
shinjuku-2026-r1-gian-35,normal,content,OC35-N-03,議案本文の提案理由は、国会議員の選挙等の執行経費の基準に関する法律の一部を改正する法律（令和7年法律第50号）の施行を踏まえ、選挙長等の報酬の額を改定する必要があるため、としています。,https://www.city.shinjuku.lg.jp/content/000448423.pdf,70059518eee6b5fadccf39926a14300ad8e636ff161237c56619dc11937c90cd,（提案理由）,国会議員の選挙等の執行経費の基準に関する法律の一部を改正する法律（令和7年法律第50号）の施行を踏まえ、選挙長等の報酬の額を改定する必要があるため,supported,172459b50661de38e09c51a80799ed1dba40fd7ad8b45d83e8feb5cfbb26a171
shinjuku-2026-r1-gian-35,normal,content,OC35-N-04,区長は2月25日の本会議で、本案を「国会議員の選挙等の執行経費の基準に関する法律の一部を改正する法律の施行を踏まえ、選挙長等の報酬の額を改定するもの」と説明しました。,https://ssp.kaigiroku.net/tenant/shinjuku/MinuteView.html?council_id=3163&schedule_id=4&minute_id=137,e4ea62817b80d326ca1bd4d81dad578ca1f858b097c497b61fc490389ff3d0be,審議状況（本会議 2月25日 区長・議長）,第35号議案の新宿区選挙長等の報酬及び費用弁償等に関する条例の一部を改正する条例ですが、本案は、国会議員の選挙等の執行経費の基準に関する法律の一部を改正する法律の施行を踏まえ、選挙長等の報酬の額を改定するものです,supported,172459b50661de38e09c51a80799ed1dba40fd7ad8b45d83e8feb5cfbb26a171
shinjuku-2026-r1-gian-35,normal,content,OC35-N-05,改正の対象は、昭和34年新宿区条例第2号の新宿区選挙長等の報酬及び費用弁償等に関する条例の第2条第1項です。,https://www.city.shinjuku.lg.jp/content/000448423.pdf,70059518eee6b5fadccf39926a14300ad8e636ff161237c56619dc11937c90cd,改め文,新宿区選挙長等の報酬及び費用弁償等に関する条例（昭和34年新宿区条例第2号）の一部を次のように改正する,supported,172459b50661de38e09c51a80799ed1dba40fd7ad8b45d83e8feb5cfbb26a171
shinjuku-2026-r1-gian-35,normal,content,OC35-N-06,改正の対象は、昭和34年新宿区条例第2号の新宿区選挙長等の報酬及び費用弁償等に関する条例の第2条第1項です。,https://www.city.shinjuku.lg.jp/content/000448423.pdf,70059518eee6b5fadccf39926a14300ad8e636ff161237c56619dc11937c90cd,改め文（第2条第1項第1号・第2号）,"第2条第1項第1号及び第2号中「1万8,000円」を「1万9,000円」に改め",supported,172459b50661de38e09c51a80799ed1dba40fd7ad8b45d83e8feb5cfbb26a171
shinjuku-2026-r1-gian-35,normal,content,OC35-N-07,改め文は、同項第1号から第8号までの金額を改めるものです。,https://www.city.shinjuku.lg.jp/content/000448423.pdf,70059518eee6b5fadccf39926a14300ad8e636ff161237c56619dc11937c90cd,改め文（第2条第1項第1号・第2号）,"第2条第1項第1号及び第2号中「1万8,000円」を「1万9,000円」に改め",supported,172459b50661de38e09c51a80799ed1dba40fd7ad8b45d83e8feb5cfbb26a171
shinjuku-2026-r1-gian-35,normal,content,OC35-N-08,改め文は、同項第1号から第8号までの金額を改めるものです。,https://www.city.shinjuku.lg.jp/content/000448423.pdf,70059518eee6b5fadccf39926a14300ad8e636ff161237c56619dc11937c90cd,改め文（第2条第1項第8号）,"同項第8号中「1万5,000円」を「1万7,000円」に、「7,500円」を「8,500円」に改める",supported,172459b50661de38e09c51a80799ed1dba40fd7ad8b45d83e8feb5cfbb26a171
shinjuku-2026-r1-gian-35,normal,content,OC35-N-09,"選挙長: 18,000円から19,000円に改定",https://www.city.shinjuku.lg.jp/content/000447774.pdf,1dc3eaffcafb1b1c9e139e823182dc80dc0755624813ca87d8b274d15f5b6624,第35号議案（選挙長等の報酬の額）,"⑴選挙長18,000円⇒19,000円",supported,172459b50661de38e09c51a80799ed1dba40fd7ad8b45d83e8feb5cfbb26a171
shinjuku-2026-r1-gian-35,normal,content,OC35-N-10,"開票管理者: 18,000円から19,000円に改定",https://www.city.shinjuku.lg.jp/content/000447774.pdf,1dc3eaffcafb1b1c9e139e823182dc80dc0755624813ca87d8b274d15f5b6624,第35号議案（選挙長等の報酬の額）,"⑵開票管理者18,000円⇒19,000円",supported,172459b50661de38e09c51a80799ed1dba40fd7ad8b45d83e8feb5cfbb26a171
shinjuku-2026-r1-gian-35,normal,content,OC35-N-11,"投票所の投票管理者: 21,000円から23,000円に改定",https://www.city.shinjuku.lg.jp/content/000447774.pdf,1dc3eaffcafb1b1c9e139e823182dc80dc0755624813ca87d8b274d15f5b6624,第35号議案（選挙長等の報酬の額）,"⑶投票所の投票管理者21,000円⇒23,000円",supported,172459b50661de38e09c51a80799ed1dba40fd7ad8b45d83e8feb5cfbb26a171
shinjuku-2026-r1-gian-35,normal,content,OC35-N-12,"期日前投票所の投票管理者: 18,000円から20,000円に改定",https://www.city.shinjuku.lg.jp/content/000447774.pdf,1dc3eaffcafb1b1c9e139e823182dc80dc0755624813ca87d8b274d15f5b6624,第35号議案（選挙長等の報酬の額）,"⑷期日前投票所の投票管理者18,000円⇒20,000円",supported,172459b50661de38e09c51a80799ed1dba40fd7ad8b45d83e8feb5cfbb26a171
shinjuku-2026-r1-gian-35,normal,content,OC35-N-13,"選挙立会人: 14,000円から15,000円に改定",https://www.city.shinjuku.lg.jp/content/000447774.pdf,1dc3eaffcafb1b1c9e139e823182dc80dc0755624813ca87d8b274d15f5b6624,第35号議案（選挙長等の報酬の額）,"⑸選挙立会人14,000円⇒15,000円",supported,172459b50661de38e09c51a80799ed1dba40fd7ad8b45d83e8feb5cfbb26a171
shinjuku-2026-r1-gian-35,normal,content,OC35-N-14,"開票立会人: 14,000円から15,000円に改定",https://www.city.shinjuku.lg.jp/content/000447774.pdf,1dc3eaffcafb1b1c9e139e823182dc80dc0755624813ca87d8b274d15f5b6624,第35号議案（選挙長等の報酬の額）,"⑹開票立会人14,000円⇒15,000円",supported,172459b50661de38e09c51a80799ed1dba40fd7ad8b45d83e8feb5cfbb26a171
shinjuku-2026-r1-gian-35,normal,content,OC35-N-15,"投票所の投票立会人: 17,500円から19,500円に改定",https://www.city.shinjuku.lg.jp/content/000447774.pdf,1dc3eaffcafb1b1c9e139e823182dc80dc0755624813ca87d8b274d15f5b6624,第35号議案（選挙長等の報酬の額）,"⑺投票所の投票立会人17,500円⇒19,500円",supported,172459b50661de38e09c51a80799ed1dba40fd7ad8b45d83e8feb5cfbb26a171
shinjuku-2026-r1-gian-35,normal,content,OC35-N-16,"期日前投票所の投票立会人: 15,000円から17,000円に改定",https://www.city.shinjuku.lg.jp/content/000447774.pdf,1dc3eaffcafb1b1c9e139e823182dc80dc0755624813ca87d8b274d15f5b6624,第35号議案（選挙長等の報酬の額）,"⑻期日前投票所の投票立会人15,000円⇒17,000円",supported,172459b50661de38e09c51a80799ed1dba40fd7ad8b45d83e8feb5cfbb26a171
shinjuku-2026-r1-gian-35,normal,content,OC35-N-17,改め文では、第3号、第4号、第7号、第8号に、概要資料の表にはない2つ目の金額の改定もあります。,https://www.city.shinjuku.lg.jp/content/000448423.pdf,70059518eee6b5fadccf39926a14300ad8e636ff161237c56619dc11937c90cd,改め文（第2条第1項第3号）,"同項第3号中「2万1,000円」を「2万3,000円」に、「1万500円」を「1万1,500円」に改め",supported,172459b50661de38e09c51a80799ed1dba40fd7ad8b45d83e8feb5cfbb26a171
shinjuku-2026-r1-gian-35,normal,content,OC35-N-18,改め文では、第3号、第4号、第7号、第8号に、概要資料の表にはない2つ目の金額の改定もあります。,https://www.city.shinjuku.lg.jp/content/000448423.pdf,70059518eee6b5fadccf39926a14300ad8e636ff161237c56619dc11937c90cd,改め文（第2条第1項第4号）,"同項第4号中「1万8,000円」を「2万円」に、「9,000円」を「1万円」に改め",supported,172459b50661de38e09c51a80799ed1dba40fd7ad8b45d83e8feb5cfbb26a171
shinjuku-2026-r1-gian-35,normal,content,OC35-N-19,改め文では、第3号、第4号、第7号、第8号に、概要資料の表にはない2つ目の金額の改定もあります。,https://www.city.shinjuku.lg.jp/content/000448423.pdf,70059518eee6b5fadccf39926a14300ad8e636ff161237c56619dc11937c90cd,改め文（第2条第1項第7号）,"同項第7号中「1万7,500円」を「1万9,500円」に、「8,750円」を「9,750円」に改め",supported,172459b50661de38e09c51a80799ed1dba40fd7ad8b45d83e8feb5cfbb26a171
shinjuku-2026-r1-gian-35,normal,content,OC35-N-20,改め文では、第3号、第4号、第7号、第8号に、概要資料の表にはない2つ目の金額の改定もあります。,https://www.city.shinjuku.lg.jp/content/000448423.pdf,70059518eee6b5fadccf39926a14300ad8e636ff161237c56619dc11937c90cd,改め文（第2条第1項第8号）,"同項第8号中「1万5,000円」を「1万7,000円」に、「7,500円」を「8,500円」に改める",supported,172459b50661de38e09c51a80799ed1dba40fd7ad8b45d83e8feb5cfbb26a171
shinjuku-2026-r1-gian-35,normal,content,OC35-N-21,"第3号: 1万500円から1万1,500円に",https://www.city.shinjuku.lg.jp/content/000448423.pdf,70059518eee6b5fadccf39926a14300ad8e636ff161237c56619dc11937c90cd,改め文（第2条第1項第3号）,"同項第3号中「2万1,000円」を「2万3,000円」に、「1万500円」を「1万1,500円」に改め",supported,172459b50661de38e09c51a80799ed1dba40fd7ad8b45d83e8feb5cfbb26a171
shinjuku-2026-r1-gian-35,normal,content,OC35-N-22,"第4号: 9,000円から1万円に",https://www.city.shinjuku.lg.jp/content/000448423.pdf,70059518eee6b5fadccf39926a14300ad8e636ff161237c56619dc11937c90cd,改め文（第2条第1項第4号）,"同項第4号中「1万8,000円」を「2万円」に、「9,000円」を「1万円」に改め",supported,172459b50661de38e09c51a80799ed1dba40fd7ad8b45d83e8feb5cfbb26a171
shinjuku-2026-r1-gian-35,normal,content,OC35-N-23,"第7号: 8,750円から9,750円に",https://www.city.shinjuku.lg.jp/content/000448423.pdf,70059518eee6b5fadccf39926a14300ad8e636ff161237c56619dc11937c90cd,改め文（第2条第1項第7号）,"同項第7号中「1万7,500円」を「1万9,500円」に、「8,750円」を「9,750円」に改め",supported,172459b50661de38e09c51a80799ed1dba40fd7ad8b45d83e8feb5cfbb26a171
shinjuku-2026-r1-gian-35,normal,content,OC35-N-24,"第8号: 7,500円から8,500円に",https://www.city.shinjuku.lg.jp/content/000448423.pdf,70059518eee6b5fadccf39926a14300ad8e636ff161237c56619dc11937c90cd,改め文（第2条第1項第8号）,"同項第8号中「1万5,000円」を「1万7,000円」に、「7,500円」を「8,500円」に改める",supported,172459b50661de38e09c51a80799ed1dba40fd7ad8b45d83e8feb5cfbb26a171
shinjuku-2026-r1-gian-35,normal,content,OC35-N-25,公布の日から施行されます。,https://www.city.shinjuku.lg.jp/content/000448423.pdf,70059518eee6b5fadccf39926a14300ad8e636ff161237c56619dc11937c90cd,附則（施行期日）,この条例は、公布の日から施行する,supported,172459b50661de38e09c51a80799ed1dba40fd7ad8b45d83e8feb5cfbb26a171
shinjuku-2026-r1-gian-35,normal,content,OC35-N-26,概要資料の施行日も公布の日です。,https://www.city.shinjuku.lg.jp/content/000447774.pdf,1dc3eaffcafb1b1c9e139e823182dc80dc0755624813ca87d8b274d15f5b6624,第35号議案［施行日］,選挙長等の報酬の額を次のとおり改定する。…［施行日］…公布の日,supported,172459b50661de38e09c51a80799ed1dba40fd7ad8b45d83e8feb5cfbb26a171
shinjuku-2026-r1-gian-35,normal,content,OC35-N-27,経過措置として、改正後の第2条第1項の規定は、施行日以後にその期日を公示され、または告示される選挙及び投票について適用されます。,https://www.city.shinjuku.lg.jp/content/000448423.pdf,70059518eee6b5fadccf39926a14300ad8e636ff161237c56619dc11937c90cd,附則（経過措置）,（以下「施行日」という。）以後にその期日を公示され、又は告示される選挙及び投票について適用し,supported,172459b50661de38e09c51a80799ed1dba40fd7ad8b45d83e8feb5cfbb26a171
shinjuku-2026-r1-gian-35,normal,content,OC35-N-28,施行日の前日までにその期日を公示され、または告示された選挙及び投票については、なお従前の例によります。,https://www.city.shinjuku.lg.jp/content/000448423.pdf,70059518eee6b5fadccf39926a14300ad8e636ff161237c56619dc11937c90cd,附則（経過措置）,施行日の前日までにその期日を公示され、又は告示された選挙及び投票については、なお従前の例による,supported,172459b50661de38e09c51a80799ed1dba40fd7ad8b45d83e8feb5cfbb26a171
shinjuku-2026-r1-gian-35,normal,content,OC35-N-29,令和8年第1回定例会（会期は2月17日から3月24日まで）で審議されました。,https://www.city.shinjuku.lg.jp/content/000452334.pdf,22ba4f49b18c96bd1fa26241606257c05477f38e25ac46d6f8e4f416a2cedbf2,審議状況（会期）,令和８年第１回定例会…２月１７日～３月２４日,supported,172459b50661de38e09c51a80799ed1dba40fd7ad8b45d83e8feb5cfbb26a171
shinjuku-2026-r1-gian-35,normal,content,OC35-N-30,2月25日（水曜日）に開かれた本会議で、区長が提案を説明しました。,https://ssp.kaigiroku.net/tenant/shinjuku/MinuteView.html?council_id=3163&schedule_id=4&minute_id=137,e4ea62817b80d326ca1bd4d81dad578ca1f858b097c497b61fc490389ff3d0be,審議状況（本会議 2月25日 区長・議長）,第35号議案の新宿区選挙長等の報酬及び費用弁償等に関する条例の一部を改正する条例ですが、本案は、国会議員の選挙等の執行経費の基準に関する法律の一部を改正する法律の施行を踏まえ、選挙長等の報酬の額を改定するものです,supported,172459b50661de38e09c51a80799ed1dba40fd7ad8b45d83e8feb5cfbb26a171
shinjuku-2026-r1-gian-35,normal,content,OC35-N-31,議案付託表のとおり、所管の常任委員会に付託されました。,https://ssp.kaigiroku.net/tenant/shinjuku/MinuteView.html?council_id=3163&schedule_id=4&minute_id=138,7b1e6047c2dbb6dcfb1607b64f34573d7b55ab43d1c71a3f8b75c42c17b937a6,審議状況（本会議 2月25日 区長・議長）,第22号議案から第35号議案までは、議案付託表のとおり、それぞれ所管の常任委員会に付託します,supported,172459b50661de38e09c51a80799ed1dba40fd7ad8b45d83e8feb5cfbb26a171
shinjuku-2026-r1-gian-35,normal,content,OC35-N-32,本会議は第4日にあたる3月24日（火曜日）でした。,https://ssp.kaigiroku.net/tenant/shinjuku/MinuteView.html?council_id=3163&schedule_id=5&minute_id=1,bd058d36962b45d8d965e4625bb95ecd661a102a026175213f37ba9eb575424a,審議状況（本会議 3月24日 議長）,令和８年第１回定例会会議録（第４日）第４号令和８年３月２４日（火曜日）,supported,172459b50661de38e09c51a80799ed1dba40fd7ad8b45d83e8feb5cfbb26a171
shinjuku-2026-r1-gian-35,normal,content,OC35-N-33,3月24日の本会議では、日程第3から日程第10までの議案とあわせて、一括して議題となりました。,https://ssp.kaigiroku.net/tenant/shinjuku/MinuteView.html?council_id=3163&schedule_id=5&minute_id=19,8a31f81d234a3fc5b7611fdb2c52bf9ed24b1c6d4debb8d75e66e76874004ad4,審議状況（本会議 3月24日 議長）,日程第3から日程第10までを一括議題とします,supported,172459b50661de38e09c51a80799ed1dba40fd7ad8b45d83e8feb5cfbb26a171
shinjuku-2026-r1-gian-35,normal,content,OC35-N-34,総務区民委員会の審査報告書は「可決」でした。,https://ssp.kaigiroku.net/tenant/shinjuku/MinuteView.html?council_id=3163&schedule_id=5&minute_id=28,fc1da089857f696094cec7d628ff438dd74002a8df2fa07026c0a0506f81e6d2,審議状況（本会議 3月24日 議長）,総務区民委員会審査報告書は、可決です,supported,172459b50661de38e09c51a80799ed1dba40fd7ad8b45d83e8feb5cfbb26a171
shinjuku-2026-r1-gian-35,normal,content,OC35-N-35,本会議は、異議なしと認めて、委員会審査報告のとおり可決しました。,https://ssp.kaigiroku.net/tenant/shinjuku/MinuteView.html?council_id=3163&schedule_id=5&minute_id=29,970914f9ce4a28e423e8480a3d4ce175afafafeebd92448698df42d97cb2ec1d,審議状況（本会議 3月24日 議長）,異議なしと認めます…本案は、いずれも委員会審査報告のとおり可決されました,supported,172459b50661de38e09c51a80799ed1dba40fd7ad8b45d83e8feb5cfbb26a171
shinjuku-2026-r1-gian-35,normal,content,OC35-N-36,議決結果ページの記載は「原案可決」です。,https://www.city.shinjuku.lg.jp/kusei/soumu01_002090_00015.html,7c2b6f68db1b433b860b35d176b4dd9211e78582ec9de718fcfefe68b22d896a,審議状況（議決結果ページ）,第35号議案新宿区選挙長等の報酬及び費用弁償等に関する条例の一部を改正する条例原案可決,supported,172459b50661de38e09c51a80799ed1dba40fd7ad8b45d83e8feb5cfbb26a171
shinjuku-2026-r1-gian-35,normal,content,OC35-N-37,「議案の概要と審議結果」の採決結果行では、8会派すべてが賛成（○）でした。,https://www.city.shinjuku.lg.jp/content/000452334.pdf,22ba4f49b18c96bd1fa26241606257c05477f38e25ac46d6f8e4f416a2cedbf2,審議状況（議案の概要と審議結果の採決結果行）,『国会議員の選挙等の執行経費の基準に関する法律』の改正を踏まえ、新宿区選挙管理委員会等が管理する選挙及び投票における選挙長等の報酬の額を改定する。○○○○○○○○可決,supported,172459b50661de38e09c51a80799ed1dba40fd7ad8b45d83e8feb5cfbb26a171
shinjuku-2026-r1-gian-35,hard,title,OC35-HT-01,見出し: 第35号議案 新宿区選挙長等の報酬及び費用弁償等に関する条例の一部を改正する条例,https://www.city.shinjuku.lg.jp/content/000448423.pdf,70059518eee6b5fadccf39926a14300ad8e636ff161237c56619dc11937c90cd,件名,新宿区選挙長等の報酬及び費用弁償等に関する条例の一部を改正する条例,supported,d03436a86cda8ff20c87999839534dd07866a3d88d5d406b7da6d3eefbe960a5
shinjuku-2026-r1-gian-35,hard,summary,OC35-HS-01,要約: 新宿区選挙長等の報酬及び費用弁償等に関する条例第2条第1項第1号から第8号までの報酬の額を改める条例改正。,https://www.city.shinjuku.lg.jp/content/000448423.pdf,70059518eee6b5fadccf39926a14300ad8e636ff161237c56619dc11937c90cd,改め文（第2条第1項第1号・第2号）,"第2条第1項第1号及び第2号中「1万8,000円」を「1万9,000円」に改め",supported,d03436a86cda8ff20c87999839534dd07866a3d88d5d406b7da6d3eefbe960a5
shinjuku-2026-r1-gian-35,hard,summary,OC35-HS-02,要約: 新宿区選挙長等の報酬及び費用弁償等に関する条例第2条第1項第1号から第8号までの報酬の額を改める条例改正。,https://www.city.shinjuku.lg.jp/content/000448423.pdf,70059518eee6b5fadccf39926a14300ad8e636ff161237c56619dc11937c90cd,改め文（第2条第1項第8号）,"同項第8号中「1万5,000円」を「1万7,000円」に、「7,500円」を「8,500円」に改める",supported,d03436a86cda8ff20c87999839534dd07866a3d88d5d406b7da6d3eefbe960a5
shinjuku-2026-r1-gian-35,hard,summary,OC35-HS-03,要約: 施行日は公布の日。,https://www.city.shinjuku.lg.jp/content/000448423.pdf,70059518eee6b5fadccf39926a14300ad8e636ff161237c56619dc11937c90cd,附則（施行期日）,この条例は、公布の日から施行する,supported,d03436a86cda8ff20c87999839534dd07866a3d88d5d406b7da6d3eefbe960a5
shinjuku-2026-r1-gian-35,hard,content,OC35-H-01,提出日: 令和8年2月17日,https://www.city.shinjuku.lg.jp/content/000448423.pdf,70059518eee6b5fadccf39926a14300ad8e636ff161237c56619dc11937c90cd,提出日・提出者,令和８年２月１７日…新宿区長…吉住…健一,supported,d03436a86cda8ff20c87999839534dd07866a3d88d5d406b7da6d3eefbe960a5
shinjuku-2026-r1-gian-35,hard,content,OC35-H-02,提出者: 新宿区長 吉住健一,https://www.city.shinjuku.lg.jp/content/000448423.pdf,70059518eee6b5fadccf39926a14300ad8e636ff161237c56619dc11937c90cd,提出日・提出者,令和８年２月１７日…新宿区長…吉住…健一,supported,d03436a86cda8ff20c87999839534dd07866a3d88d5d406b7da6d3eefbe960a5
shinjuku-2026-r1-gian-35,hard,content,OC35-H-03,改正する条例: 新宿区選挙長等の報酬及び費用弁償等に関する条例（昭和34年新宿区条例第2号）,https://www.city.shinjuku.lg.jp/content/000448423.pdf,70059518eee6b5fadccf39926a14300ad8e636ff161237c56619dc11937c90cd,改め文,新宿区選挙長等の報酬及び費用弁償等に関する条例（昭和34年新宿区条例第2号）の一部を次のように改正する,supported,d03436a86cda8ff20c87999839534dd07866a3d88d5d406b7da6d3eefbe960a5
shinjuku-2026-r1-gian-35,hard,content,OC35-H-04,議決: 原案可決（議決結果ページの記載）,https://www.city.shinjuku.lg.jp/kusei/soumu01_002090_00015.html,7c2b6f68db1b433b860b35d176b4dd9211e78582ec9de718fcfefe68b22d896a,審議状況（議決結果ページ）,第35号議案新宿区選挙長等の報酬及び費用弁償等に関する条例の一部を改正する条例原案可決,supported,d03436a86cda8ff20c87999839534dd07866a3d88d5d406b7da6d3eefbe960a5
shinjuku-2026-r1-gian-35,hard,content,OC35-H-05,提案の説明: 令和8年2月25日（水曜日）の本会議（第3日第3号）で区長が説明,https://ssp.kaigiroku.net/tenant/shinjuku/MinuteView.html?council_id=3163&schedule_id=4&minute_id=137,e4ea62817b80d326ca1bd4d81dad578ca1f858b097c497b61fc490389ff3d0be,審議状況（本会議 2月25日 区長・議長）,第35号議案の新宿区選挙長等の報酬及び費用弁償等に関する条例の一部を改正する条例ですが、本案は、国会議員の選挙等の執行経費の基準に関する法律の一部を改正する法律の施行を踏まえ、選挙長等の報酬の額を改定するものです,supported,d03436a86cda8ff20c87999839534dd07866a3d88d5d406b7da6d3eefbe960a5
shinjuku-2026-r1-gian-35,hard,content,OC35-H-06,提案の説明: 令和8年2月25日（水曜日）の本会議（第3日第3号）で区長が説明,https://ssp.kaigiroku.net/tenant/shinjuku/MinuteView.html?council_id=3163&schedule_id=4&minute_id=1,3ccc7b9665b5c85e509060592cad910ed18345c1b72e8a75761ad1e7e538a622,審議状況（本会議 2月25日 区長・議長）,令和８年第１回定例会会議録（第３日）第３号令和８年２月２５日（水曜日）,supported,d03436a86cda8ff20c87999839534dd07866a3d88d5d406b7da6d3eefbe960a5
shinjuku-2026-r1-gian-35,hard,content,OC35-H-07,付託: 議案付託表のとおり、所管の常任委員会に付託,https://ssp.kaigiroku.net/tenant/shinjuku/MinuteView.html?council_id=3163&schedule_id=4&minute_id=138,7b1e6047c2dbb6dcfb1607b64f34573d7b55ab43d1c71a3f8b75c42c17b937a6,審議状況（本会議 2月25日 区長・議長）,第22号議案から第35号議案までは、議案付託表のとおり、それぞれ所管の常任委員会に付託します,supported,d03436a86cda8ff20c87999839534dd07866a3d88d5d406b7da6d3eefbe960a5
shinjuku-2026-r1-gian-35,hard,content,OC35-H-08,本会議: 令和8年3月24日（火曜日）、会議録 第4日第4号,https://ssp.kaigiroku.net/tenant/shinjuku/MinuteView.html?council_id=3163&schedule_id=5&minute_id=1,bd058d36962b45d8d965e4625bb95ecd661a102a026175213f37ba9eb575424a,審議状況（本会議 3月24日 議長）,令和８年第１回定例会会議録（第４日）第４号令和８年３月２４日（火曜日）,supported,d03436a86cda8ff20c87999839534dd07866a3d88d5d406b7da6d3eefbe960a5
shinjuku-2026-r1-gian-35,hard,content,OC35-H-09,議題: 日程第3から日程第10までを一括議題とした,https://ssp.kaigiroku.net/tenant/shinjuku/MinuteView.html?council_id=3163&schedule_id=5&minute_id=19,8a31f81d234a3fc5b7611fdb2c52bf9ed24b1c6d4debb8d75e66e76874004ad4,審議状況（本会議 3月24日 議長）,日程第3から日程第10までを一括議題とします,supported,d03436a86cda8ff20c87999839534dd07866a3d88d5d406b7da6d3eefbe960a5
shinjuku-2026-r1-gian-35,hard,content,OC35-H-10,会議録: 第35号議案の議題朗読が記載されている,https://ssp.kaigiroku.net/tenant/shinjuku/MinuteView.html?council_id=3163&schedule_id=5&minute_id=27,bece66e68976270a8349df84af83a1c446a44ddec47f1731b40fe2c98d831d97,審議状況（本会議 3月24日 議長）,第35号議案新宿区選挙長等の報酬及び費用弁償等に関する条例の一部を改正する条例,supported,d03436a86cda8ff20c87999839534dd07866a3d88d5d406b7da6d3eefbe960a5
shinjuku-2026-r1-gian-35,hard,content,OC35-H-11,委員会審査報告: 総務区民委員会の審査報告書は可決,https://ssp.kaigiroku.net/tenant/shinjuku/MinuteView.html?council_id=3163&schedule_id=5&minute_id=28,fc1da089857f696094cec7d628ff438dd74002a8df2fa07026c0a0506f81e6d2,審議状況（本会議 3月24日 議長）,総務区民委員会審査報告書は、可決です,supported,d03436a86cda8ff20c87999839534dd07866a3d88d5d406b7da6d3eefbe960a5
shinjuku-2026-r1-gian-35,hard,content,OC35-H-12,採決方法: 異議なし,https://ssp.kaigiroku.net/tenant/shinjuku/MinuteView.html?council_id=3163&schedule_id=5&minute_id=29,970914f9ce4a28e423e8480a3d4ce175afafafeebd92448698df42d97cb2ec1d,審議状況（本会議 3月24日 議長）,異議なしと認めます…本案は、いずれも委員会審査報告のとおり可決されました,supported,d03436a86cda8ff20c87999839534dd07866a3d88d5d406b7da6d3eefbe960a5
shinjuku-2026-r1-gian-35,hard,content,OC35-H-13,会派別の賛否: 全8会派が賛成（採決結果行は ○○○○○○○○）,https://www.city.shinjuku.lg.jp/content/000452334.pdf,22ba4f49b18c96bd1fa26241606257c05477f38e25ac46d6f8e4f416a2cedbf2,審議状況（議案の概要と審議結果の採決結果行）,『国会議員の選挙等の執行経費の基準に関する法律』の改正を踏まえ、新宿区選挙管理委員会等が管理する選挙及び投票における選挙長等の報酬の額を改定する。○○○○○○○○可決,supported,d03436a86cda8ff20c87999839534dd07866a3d88d5d406b7da6d3eefbe960a5
shinjuku-2026-r1-gian-35,hard,content,OC35-H-14,会派: 自民・参政クラブ、新宿区議会公明党、日本共産党新宿区議会議員団、新宿未来の会、立憲民主党・無所属クラブ、日本維新の会・新宿区議団、現役世代に優しい新宿・減税の会、れいわ新選組 新宿,https://www.city.shinjuku.lg.jp/content/000452334.pdf,22ba4f49b18c96bd1fa26241606257c05477f38e25ac46d6f8e4f416a2cedbf2,会派略称・列の並び,共産＝日本共産党新宿区議会議員団…れいわ＝れいわ新選組 新宿…自参ク＝自民・参政クラブ…公明＝新宿区議会公明党…新宿会＝新宿未来の会…民無ク＝立憲民主党・無所属クラブ…維新＝日本維新の会・新宿区議団…現役＝現役世代に優しい新宿・減税の会,supported,d03436a86cda8ff20c87999839534dd07866a3d88d5d406b7da6d3eefbe960a5
shinjuku-2026-r1-gian-35,hard,content,OC35-H-15,国会議員の選挙等の執行経費の基準に関する法律の一部を改正する法律（令和7年法律第50号）の施行を踏まえ、選挙長等の報酬の額を改定する必要があるため,https://www.city.shinjuku.lg.jp/content/000448423.pdf,70059518eee6b5fadccf39926a14300ad8e636ff161237c56619dc11937c90cd,（提案理由）,国会議員の選挙等の執行経費の基準に関する法律の一部を改正する法律（令和7年法律第50号）の施行を踏まえ、選挙長等の報酬の額を改定する必要があるため,supported,d03436a86cda8ff20c87999839534dd07866a3d88d5d406b7da6d3eefbe960a5
shinjuku-2026-r1-gian-35,hard,content,OC35-H-16,改め文は第2条第1項の第1号から第8号までの金額を改めるものであり、ほかの条は改めない。,https://www.city.shinjuku.lg.jp/content/000448423.pdf,70059518eee6b5fadccf39926a14300ad8e636ff161237c56619dc11937c90cd,改め文,"一部を次のように改正する。第2条第1項第1号及び第2号中…「7,500円」を「8,500円」に改める。附則",supported,d03436a86cda8ff20c87999839534dd07866a3d88d5d406b7da6d3eefbe960a5
shinjuku-2026-r1-gian-35,hard,content,OC35-H-17,"第2条第1項第1号・第2号 / 「1万8,000円」を「1万9,000円」に改める",https://www.city.shinjuku.lg.jp/content/000448423.pdf,70059518eee6b5fadccf39926a14300ad8e636ff161237c56619dc11937c90cd,改め文（第2条第1項第1号・第2号）,"第2条第1項第1号及び第2号中「1万8,000円」を「1万9,000円」に改め",supported,d03436a86cda8ff20c87999839534dd07866a3d88d5d406b7da6d3eefbe960a5
shinjuku-2026-r1-gian-35,hard,content,OC35-H-18,"第2条第1項第3号 / 「2万1,000円」を「2万3,000円」に、「1万500円」を「1万1,500円」に改める",https://www.city.shinjuku.lg.jp/content/000448423.pdf,70059518eee6b5fadccf39926a14300ad8e636ff161237c56619dc11937c90cd,改め文（第2条第1項第3号）,"同項第3号中「2万1,000円」を「2万3,000円」に、「1万500円」を「1万1,500円」に改め",supported,d03436a86cda8ff20c87999839534dd07866a3d88d5d406b7da6d3eefbe960a5
shinjuku-2026-r1-gian-35,hard,content,OC35-H-19,"第2条第1項第4号 / 「1万8,000円」を「2万円」に、「9,000円」を「1万円」に改める",https://www.city.shinjuku.lg.jp/content/000448423.pdf,70059518eee6b5fadccf39926a14300ad8e636ff161237c56619dc11937c90cd,改め文（第2条第1項第4号）,"同項第4号中「1万8,000円」を「2万円」に、「9,000円」を「1万円」に改め",supported,d03436a86cda8ff20c87999839534dd07866a3d88d5d406b7da6d3eefbe960a5
shinjuku-2026-r1-gian-35,hard,content,OC35-H-20,"第2条第1項第5号・第6号 / 「1万4,000円」を「1万5,000円」に改める",https://www.city.shinjuku.lg.jp/content/000448423.pdf,70059518eee6b5fadccf39926a14300ad8e636ff161237c56619dc11937c90cd,改め文（第2条第1項第5号・第6号）,"同項第5号及び第6号中「1万4,000円」を「1万5,000円」に改め",supported,d03436a86cda8ff20c87999839534dd07866a3d88d5d406b7da6d3eefbe960a5
shinjuku-2026-r1-gian-35,hard,content,OC35-H-21,"第2条第1項第7号 / 「1万7,500円」を「1万9,500円」に、「8,750円」を「9,750円」に改める",https://www.city.shinjuku.lg.jp/content/000448423.pdf,70059518eee6b5fadccf39926a14300ad8e636ff161237c56619dc11937c90cd,改め文（第2条第1項第7号）,"同項第7号中「1万7,500円」を「1万9,500円」に、「8,750円」を「9,750円」に改め",supported,d03436a86cda8ff20c87999839534dd07866a3d88d5d406b7da6d3eefbe960a5
shinjuku-2026-r1-gian-35,hard,content,OC35-H-22,"第2条第1項第8号 / 「1万5,000円」を「1万7,000円」に、「7,500円」を「8,500円」に改める",https://www.city.shinjuku.lg.jp/content/000448423.pdf,70059518eee6b5fadccf39926a14300ad8e636ff161237c56619dc11937c90cd,改め文（第2条第1項第8号）,"同項第8号中「1万5,000円」を「1万7,000円」に、「7,500円」を「8,500円」に改める",supported,d03436a86cda8ff20c87999839534dd07866a3d88d5d406b7da6d3eefbe960a5
shinjuku-2026-r1-gian-35,hard,content,OC35-H-23,国会議員の選挙等の執行経費の基準に関する法律の改正を踏まえ、新宿区選挙管理委員会等が管理する選挙及び投票における選挙長等の報酬の額を次のとおり改定する。,https://www.city.shinjuku.lg.jp/content/000447774.pdf,1dc3eaffcafb1b1c9e139e823182dc80dc0755624813ca87d8b274d15f5b6624,第35号議案,国会議員の選挙等の執行経費の基準に関する法律の改正を…踏まえ、新宿区選挙管理委員会等が管理する選挙及び投票にお…ける選挙長等の報酬の額を次のとおり改定する,supported,d03436a86cda8ff20c87999839534dd07866a3d88d5d406b7da6d3eefbe960a5
shinjuku-2026-r1-gian-35,hard,content,OC35-H-24,"⑴ 選挙長 / 18,000円 / 19,000円",https://www.city.shinjuku.lg.jp/content/000447774.pdf,1dc3eaffcafb1b1c9e139e823182dc80dc0755624813ca87d8b274d15f5b6624,第35号議案（選挙長等の報酬の額）,"⑴選挙長18,000円⇒19,000円",supported,d03436a86cda8ff20c87999839534dd07866a3d88d5d406b7da6d3eefbe960a5
shinjuku-2026-r1-gian-35,hard,content,OC35-H-25,"⑵ 開票管理者 / 18,000円 / 19,000円",https://www.city.shinjuku.lg.jp/content/000447774.pdf,1dc3eaffcafb1b1c9e139e823182dc80dc0755624813ca87d8b274d15f5b6624,第35号議案（選挙長等の報酬の額）,"⑵開票管理者18,000円⇒19,000円",supported,d03436a86cda8ff20c87999839534dd07866a3d88d5d406b7da6d3eefbe960a5
shinjuku-2026-r1-gian-35,hard,content,OC35-H-26,"⑶ 投票所の投票管理者 / 21,000円 / 23,000円",https://www.city.shinjuku.lg.jp/content/000447774.pdf,1dc3eaffcafb1b1c9e139e823182dc80dc0755624813ca87d8b274d15f5b6624,第35号議案（選挙長等の報酬の額）,"⑶投票所の投票管理者21,000円⇒23,000円",supported,d03436a86cda8ff20c87999839534dd07866a3d88d5d406b7da6d3eefbe960a5
shinjuku-2026-r1-gian-35,hard,content,OC35-H-27,"⑷ 期日前投票所の投票管理者 / 18,000円 / 20,000円",https://www.city.shinjuku.lg.jp/content/000447774.pdf,1dc3eaffcafb1b1c9e139e823182dc80dc0755624813ca87d8b274d15f5b6624,第35号議案（選挙長等の報酬の額）,"⑷期日前投票所の投票管理者18,000円⇒20,000円",supported,d03436a86cda8ff20c87999839534dd07866a3d88d5d406b7da6d3eefbe960a5
shinjuku-2026-r1-gian-35,hard,content,OC35-H-28,"⑸ 選挙立会人 / 14,000円 / 15,000円",https://www.city.shinjuku.lg.jp/content/000447774.pdf,1dc3eaffcafb1b1c9e139e823182dc80dc0755624813ca87d8b274d15f5b6624,第35号議案（選挙長等の報酬の額）,"⑸選挙立会人14,000円⇒15,000円",supported,d03436a86cda8ff20c87999839534dd07866a3d88d5d406b7da6d3eefbe960a5
shinjuku-2026-r1-gian-35,hard,content,OC35-H-29,"⑹ 開票立会人 / 14,000円 / 15,000円",https://www.city.shinjuku.lg.jp/content/000447774.pdf,1dc3eaffcafb1b1c9e139e823182dc80dc0755624813ca87d8b274d15f5b6624,第35号議案（選挙長等の報酬の額）,"⑹開票立会人14,000円⇒15,000円",supported,d03436a86cda8ff20c87999839534dd07866a3d88d5d406b7da6d3eefbe960a5
shinjuku-2026-r1-gian-35,hard,content,OC35-H-30,"⑺ 投票所の投票立会人 / 17,500円 / 19,500円",https://www.city.shinjuku.lg.jp/content/000447774.pdf,1dc3eaffcafb1b1c9e139e823182dc80dc0755624813ca87d8b274d15f5b6624,第35号議案（選挙長等の報酬の額）,"⑺投票所の投票立会人17,500円⇒19,500円",supported,d03436a86cda8ff20c87999839534dd07866a3d88d5d406b7da6d3eefbe960a5
shinjuku-2026-r1-gian-35,hard,content,OC35-H-31,"⑻ 期日前投票所の投票立会人 / 15,000円 / 17,000円",https://www.city.shinjuku.lg.jp/content/000447774.pdf,1dc3eaffcafb1b1c9e139e823182dc80dc0755624813ca87d8b274d15f5b6624,第35号議案（選挙長等の報酬の額）,"⑻期日前投票所の投票立会人15,000円⇒17,000円",supported,d03436a86cda8ff20c87999839534dd07866a3d88d5d406b7da6d3eefbe960a5
shinjuku-2026-r1-gian-35,hard,content,OC35-H-32,概要資料の表には、各号の最初の金額が載っている。第3号、第4号、第7号、第8号の2つ目の金額は、概要資料の表にない。,https://www.city.shinjuku.lg.jp/content/000448423.pdf,70059518eee6b5fadccf39926a14300ad8e636ff161237c56619dc11937c90cd,改め文（第2条第1項第3号）,"同項第3号中「2万1,000円」を「2万3,000円」に、「1万500円」を「1万1,500円」に改め",supported,d03436a86cda8ff20c87999839534dd07866a3d88d5d406b7da6d3eefbe960a5
shinjuku-2026-r1-gian-35,hard,content,OC35-H-33,概要資料の表には、各号の最初の金額が載っている。第3号、第4号、第7号、第8号の2つ目の金額は、概要資料の表にない。,https://www.city.shinjuku.lg.jp/content/000448423.pdf,70059518eee6b5fadccf39926a14300ad8e636ff161237c56619dc11937c90cd,改め文（第2条第1項第4号）,"同項第4号中「1万8,000円」を「2万円」に、「9,000円」を「1万円」に改め",supported,d03436a86cda8ff20c87999839534dd07866a3d88d5d406b7da6d3eefbe960a5
shinjuku-2026-r1-gian-35,hard,content,OC35-H-34,概要資料の表には、各号の最初の金額が載っている。第3号、第4号、第7号、第8号の2つ目の金額は、概要資料の表にない。,https://www.city.shinjuku.lg.jp/content/000448423.pdf,70059518eee6b5fadccf39926a14300ad8e636ff161237c56619dc11937c90cd,改め文（第2条第1項第7号）,"同項第7号中「1万7,500円」を「1万9,500円」に、「8,750円」を「9,750円」に改め",supported,d03436a86cda8ff20c87999839534dd07866a3d88d5d406b7da6d3eefbe960a5
shinjuku-2026-r1-gian-35,hard,content,OC35-H-35,概要資料の表には、各号の最初の金額が載っている。第3号、第4号、第7号、第8号の2つ目の金額は、概要資料の表にない。,https://www.city.shinjuku.lg.jp/content/000448423.pdf,70059518eee6b5fadccf39926a14300ad8e636ff161237c56619dc11937c90cd,改め文（第2条第1項第8号）,"同項第8号中「1万5,000円」を「1万7,000円」に、「7,500円」を「8,500円」に改める",supported,d03436a86cda8ff20c87999839534dd07866a3d88d5d406b7da6d3eefbe960a5
shinjuku-2026-r1-gian-35,hard,content,OC35-H-36,施行日は公布の日と記載されている。,https://www.city.shinjuku.lg.jp/content/000447774.pdf,1dc3eaffcafb1b1c9e139e823182dc80dc0755624813ca87d8b274d15f5b6624,第35号議案［施行日］,選挙長等の報酬の額を次のとおり改定する。…［施行日］…公布の日,supported,d03436a86cda8ff20c87999839534dd07866a3d88d5d406b7da6d3eefbe960a5
shinjuku-2026-r1-gian-35,hard,content,OC35-H-37,「議案の概要と審議結果」も同旨の概要を記載している。,https://www.city.shinjuku.lg.jp/content/000452334.pdf,22ba4f49b18c96bd1fa26241606257c05477f38e25ac46d6f8e4f416a2cedbf2,第35号議案（議案の概要）,『国会議員の選挙等の執行経費の基準に関する法律』の改正を踏まえ、新宿区選挙管理委員会等が管理する選挙及び投票における選挙長等の報酬の額を改定する。,supported,d03436a86cda8ff20c87999839534dd07866a3d88d5d406b7da6d3eefbe960a5
shinjuku-2026-r1-gian-35,hard,content,OC35-H-38,この条例は、公布の日から施行する。,https://www.city.shinjuku.lg.jp/content/000448423.pdf,70059518eee6b5fadccf39926a14300ad8e636ff161237c56619dc11937c90cd,附則（施行期日）,この条例は、公布の日から施行する,supported,d03436a86cda8ff20c87999839534dd07866a3d88d5d406b7da6d3eefbe960a5
shinjuku-2026-r1-gian-35,hard,content,OC35-H-39,この条例による改正後の第2条第1項の規定は、この条例の施行の日（以下「施行日」という。）以後にその期日を公示され、又は告示される選挙及び投票について適用し、施行日の前日までにその期日を公示され、又は告示された選挙及び投票については、なお従前の例による。,https://www.city.shinjuku.lg.jp/content/000448423.pdf,70059518eee6b5fadccf39926a14300ad8e636ff161237c56619dc11937c90cd,附則（経過措置）,この条例による改正後の第2条第1項の規定は、この条例の施行の日（以下「施行日」という。）以後にその期日を公示され、又は告示される選挙及び投票について適用し、施行日の前日までにその期日を公示され、又は告示された選挙及び投票については、なお従前の例による,supported,d03436a86cda8ff20c87999839534dd07866a3d88d5d406b7da6d3eefbe960a5
shinjuku-2026-r1-gian-35,hard,content,OC35-H-40,第35号議案 全文 / https://www.city.shinjuku.lg.jp/content/000448423.pdf / 70059518eee6b5fadccf39926a14300ad8e636ff161237c56619dc11937c90cd,https://www.city.shinjuku.lg.jp/content/000448423.pdf,70059518eee6b5fadccf39926a14300ad8e636ff161237c56619dc11937c90cd,件名,新宿区選挙長等の報酬及び費用弁償等に関する条例の一部を改正する条例,supported,d03436a86cda8ff20c87999839534dd07866a3d88d5d406b7da6d3eefbe960a5
shinjuku-2026-r1-gian-35,hard,content,OC35-H-41,提出案件概要（条例関係） / https://www.city.shinjuku.lg.jp/content/000447774.pdf / 1dc3eaffcafb1b1c9e139e823182dc80dc0755624813ca87d8b274d15f5b6624,https://www.city.shinjuku.lg.jp/content/000447774.pdf,1dc3eaffcafb1b1c9e139e823182dc80dc0755624813ca87d8b274d15f5b6624,提出案件概要（条例関係）,第1回区議会定例会提出案件概要…（条例関係）,supported,d03436a86cda8ff20c87999839534dd07866a3d88d5d406b7da6d3eefbe960a5
shinjuku-2026-r1-gian-35,hard,content,OC35-H-42,議案の概要と審議結果 / https://www.city.shinjuku.lg.jp/content/000452334.pdf / 22ba4f49b18c96bd1fa26241606257c05477f38e25ac46d6f8e4f416a2cedbf2,https://www.city.shinjuku.lg.jp/content/000452334.pdf,22ba4f49b18c96bd1fa26241606257c05477f38e25ac46d6f8e4f416a2cedbf2,議案の概要と審議結果,議案の概要と審議結果,supported,d03436a86cda8ff20c87999839534dd07866a3d88d5d406b7da6d3eefbe960a5
shinjuku-2026-r1-gian-35,hard,content,OC35-H-43,議決結果ページ（2026-10-04 取得） / https://www.city.shinjuku.lg.jp/kusei/soumu01_002090_00015.html / 7c2b6f68db1b433b860b35d176b4dd9211e78582ec9de718fcfefe68b22d896a,https://www.city.shinjuku.lg.jp/kusei/soumu01_002090_00015.html,7c2b6f68db1b433b860b35d176b4dd9211e78582ec9de718fcfefe68b22d896a,審議状況（議決結果ページ）,第35号議案新宿区選挙長等の報酬及び費用弁償等に関する条例の一部を改正する条例原案可決,supported,d03436a86cda8ff20c87999839534dd07866a3d88d5d406b7da6d3eefbe960a5
shinjuku-2026-r1-gian-35,hard,content,OC35-H-44,会議録 2月25日 区長（提案説明） / https://ssp.kaigiroku.net/tenant/shinjuku/MinuteView.html?council_id=3163&schedule_id=4&minute_id=137 / e4ea62817b80d326ca1bd4d81dad578ca1f858b097c497b61fc490389ff3d0be,https://ssp.kaigiroku.net/tenant/shinjuku/MinuteView.html?council_id=3163&schedule_id=4&minute_id=137,e4ea62817b80d326ca1bd4d81dad578ca1f858b097c497b61fc490389ff3d0be,審議状況（本会議 2月25日 区長・議長）,第35号議案の新宿区選挙長等の報酬及び費用弁償等に関する条例の一部を改正する条例ですが、本案は、国会議員の選挙等の執行経費の基準に関する法律の一部を改正する法律の施行を踏まえ、選挙長等の報酬の額を改定するものです,supported,d03436a86cda8ff20c87999839534dd07866a3d88d5d406b7da6d3eefbe960a5
shinjuku-2026-r1-gian-35,hard,content,OC35-H-45,会議録 3月24日 議長（委員会審査報告） / https://ssp.kaigiroku.net/tenant/shinjuku/MinuteView.html?council_id=3163&schedule_id=5&minute_id=28 / fc1da089857f696094cec7d628ff438dd74002a8df2fa07026c0a0506f81e6d2,https://ssp.kaigiroku.net/tenant/shinjuku/MinuteView.html?council_id=3163&schedule_id=5&minute_id=28,fc1da089857f696094cec7d628ff438dd74002a8df2fa07026c0a0506f81e6d2,審議状況（本会議 3月24日 議長）,総務区民委員会審査報告書は、可決です,supported,d03436a86cda8ff20c87999839534dd07866a3d88d5d406b7da6d3eefbe960a5
shinjuku-2026-r1-gian-35,hard,content,OC35-H-46,会議録 3月24日 議長（採決） / https://ssp.kaigiroku.net/tenant/shinjuku/MinuteView.html?council_id=3163&schedule_id=5&minute_id=29 / 970914f9ce4a28e423e8480a3d4ce175afafafeebd92448698df42d97cb2ec1d,https://ssp.kaigiroku.net/tenant/shinjuku/MinuteView.html?council_id=3163&schedule_id=5&minute_id=29,970914f9ce4a28e423e8480a3d4ce175afafafeebd92448698df42d97cb2ec1d,審議状況（本会議 3月24日 議長）,異議なしと認めます…本案は、いずれも委員会審査報告のとおり可決されました,supported,d03436a86cda8ff20c87999839534dd07866a3d88d5d406b7da6d3eefbe960a5
shinjuku-2026-r1-gian-36,easy,title,OC36-ET-01,見出し: 広域連合の 規約の 年度を 変えます,https://www.city.shinjuku.lg.jp/content/000448424.pdf,8aaed1c405554591ff01d7b83ac1d3d66ee97dea599c3a720d635a9f68c8cad2,変更する規約,附則第5項中「令和6年度分及び令和7年度分」を「令和8年度分及び令和9年度分」に、「令和6年4月1日現在」を「令和8年4月1日現在」に改める,supported,f14d6dcab66c5c8b93f1e86d6ecf2b20025038c18dfe16be3ab7082a72406bfb
shinjuku-2026-r1-gian-36,easy,summary,OC36-ES-01,要約: 東京都後期高齢者医療広域連合の 規約の 年度を 変えます。,https://www.city.shinjuku.lg.jp/content/000448424.pdf,8aaed1c405554591ff01d7b83ac1d3d66ee97dea599c3a720d635a9f68c8cad2,変更する規約,附則第5項中「令和6年度分及び令和7年度分」を「令和8年度分及び令和9年度分」に、「令和6年4月1日現在」を「令和8年4月1日現在」に改める,supported,f14d6dcab66c5c8b93f1e86d6ecf2b20025038c18dfe16be3ab7082a72406bfb
shinjuku-2026-r1-gian-36,easy,summary,OC36-ES-02,要約: 始まる 日は 2026年（令和8年）4月1日（水）です。,https://www.city.shinjuku.lg.jp/content/000448424.pdf,8aaed1c405554591ff01d7b83ac1d3d66ee97dea599c3a720d635a9f68c8cad2,附則（施行期日）,この規約は、令和8年4月1日から施行する,supported,f14d6dcab66c5c8b93f1e86d6ecf2b20025038c18dfe16be3ab7082a72406bfb
shinjuku-2026-r1-gian-36,easy,content,OC36-E-01,【東京都後期高齢者医療広域連合規約】［とうきょうとこうきこうれいしゃいりょうこういきれんごうきやく］（＝区市町村が 関わる 後期高齢者医療の 組織の 決まり）を 変えます。,https://www.city.shinjuku.lg.jp/content/000448424.pdf,8aaed1c405554591ff01d7b83ac1d3d66ee97dea599c3a720d635a9f68c8cad2,件名,東京都後期高齢者医療広域連合規約の一部を変更する規約について,supported,f14d6dcab66c5c8b93f1e86d6ecf2b20025038c18dfe16be3ab7082a72406bfb
shinjuku-2026-r1-gian-36,easy,content,OC36-E-02,この 規約は 2007年（平成19年）3月1日に 東京都知事が 許可しました。,https://www.city.shinjuku.lg.jp/content/000448424.pdf,8aaed1c405554591ff01d7b83ac1d3d66ee97dea599c3a720d635a9f68c8cad2,議案本文,東京都後期高齢者医療広域連合規約（平成19年3月1日東京都知事許可）の一部を変更する規約を定める,supported,f14d6dcab66c5c8b93f1e86d6ecf2b20025038c18dfe16be3ab7082a72406bfb
shinjuku-2026-r1-gian-36,easy,content,OC36-E-03,規約を 変える ときは、関係する 自治体と 話し合います。,https://www.city.shinjuku.lg.jp/content/000448424.pdf,8aaed1c405554591ff01d7b83ac1d3d66ee97dea599c3a720d635a9f68c8cad2,議案本文,地方自治法（昭和22年法律第67号）第291条の3第3項の規定に基づき、関係地方公共団体との協議により、別紙のとおり東京都後期高齢者医療広域連合規約（平成19年3月1日東京都知事許可）の一部を変更する規約を定める,supported,f14d6dcab66c5c8b93f1e86d6ecf2b20025038c18dfe16be3ab7082a72406bfb
shinjuku-2026-r1-gian-36,easy,content,OC36-E-04,区議会の 議決が 必要です。,https://www.city.shinjuku.lg.jp/content/000448424.pdf,8aaed1c405554591ff01d7b83ac1d3d66ee97dea599c3a720d635a9f68c8cad2,（提案理由）,東京都後期高齢者医療広域連合規約の一部を変更するため関係地方公共団体と協議を行うに当たり、地方自治法（昭和22年法律第67号）第291条の11の規定により、議会の議決を経る必要があるため,supported,f14d6dcab66c5c8b93f1e86d6ecf2b20025038c18dfe16be3ab7082a72406bfb
shinjuku-2026-r1-gian-36,easy,content,OC36-E-05,概要資料は、経費の 払い方を 変える ためと 書いて います。,https://www.city.shinjuku.lg.jp/content/000447774.pdf,1dc3eaffcafb1b1c9e139e823182dc80dc0755624813ca87d8b274d15f5b6624,第36号議案,東京都後期高齢者医療広域連合の経費の支弁の方法を変更…するため,supported,f14d6dcab66c5c8b93f1e86d6ecf2b20025038c18dfe16be3ab7082a72406bfb
shinjuku-2026-r1-gian-36,easy,content,OC36-E-06,規約の 附則第5項を 変えます。,https://www.city.shinjuku.lg.jp/content/000448424.pdf,8aaed1c405554591ff01d7b83ac1d3d66ee97dea599c3a720d635a9f68c8cad2,変更する規約,附則第5項中「令和6年度分及び令和7年度分」を「令和8年度分及び令和9年度分」に、「令和6年4月1日現在」を「令和8年4月1日現在」に改める,supported,f14d6dcab66c5c8b93f1e86d6ecf2b20025038c18dfe16be3ab7082a72406bfb
shinjuku-2026-r1-gian-36,easy,content,OC36-E-07,年度を 2つ 変えます。,https://www.city.shinjuku.lg.jp/content/000448424.pdf,8aaed1c405554591ff01d7b83ac1d3d66ee97dea599c3a720d635a9f68c8cad2,変更する規約,附則第5項中「令和6年度分及び令和7年度分」を「令和8年度分及び令和9年度分」に、「令和6年4月1日現在」を「令和8年4月1日現在」に改める,supported,f14d6dcab66c5c8b93f1e86d6ecf2b20025038c18dfe16be3ab7082a72406bfb
shinjuku-2026-r1-gian-36,easy,content,OC36-E-08,今は 2024年度（令和6年度）分と 2025年度（令和7年度）分です。,https://www.city.shinjuku.lg.jp/content/000448424.pdf,8aaed1c405554591ff01d7b83ac1d3d66ee97dea599c3a720d635a9f68c8cad2,変更する規約,附則第5項中「令和6年度分及び令和7年度分」を「令和8年度分及び令和9年度分」に、「令和6年4月1日現在」を「令和8年4月1日現在」に改める,supported,f14d6dcab66c5c8b93f1e86d6ecf2b20025038c18dfe16be3ab7082a72406bfb
shinjuku-2026-r1-gian-36,easy,content,OC36-E-09,変えた あとは 2026年度（令和8年度）分と 2027年度（令和9年度）分です。,https://www.city.shinjuku.lg.jp/content/000448424.pdf,8aaed1c405554591ff01d7b83ac1d3d66ee97dea599c3a720d635a9f68c8cad2,変更する規約,附則第5項中「令和6年度分及び令和7年度分」を「令和8年度分及び令和9年度分」に、「令和6年4月1日現在」を「令和8年4月1日現在」に改める,supported,f14d6dcab66c5c8b93f1e86d6ecf2b20025038c18dfe16be3ab7082a72406bfb
shinjuku-2026-r1-gian-36,easy,content,OC36-E-10,日付も 1つ 変えます。,https://www.city.shinjuku.lg.jp/content/000448424.pdf,8aaed1c405554591ff01d7b83ac1d3d66ee97dea599c3a720d635a9f68c8cad2,変更する規約,附則第5項中「令和6年度分及び令和7年度分」を「令和8年度分及び令和9年度分」に、「令和6年4月1日現在」を「令和8年4月1日現在」に改める,supported,f14d6dcab66c5c8b93f1e86d6ecf2b20025038c18dfe16be3ab7082a72406bfb
shinjuku-2026-r1-gian-36,easy,content,OC36-E-11,今は 2024年（令和6年）4月1日現在です。,https://www.city.shinjuku.lg.jp/content/000448424.pdf,8aaed1c405554591ff01d7b83ac1d3d66ee97dea599c3a720d635a9f68c8cad2,変更する規約,附則第5項中「令和6年度分及び令和7年度分」を「令和8年度分及び令和9年度分」に、「令和6年4月1日現在」を「令和8年4月1日現在」に改める,supported,f14d6dcab66c5c8b93f1e86d6ecf2b20025038c18dfe16be3ab7082a72406bfb
shinjuku-2026-r1-gian-36,easy,content,OC36-E-12,変えた あとは 2026年（令和8年）4月1日現在です。,https://www.city.shinjuku.lg.jp/content/000448424.pdf,8aaed1c405554591ff01d7b83ac1d3d66ee97dea599c3a720d635a9f68c8cad2,変更する規約,附則第5項中「令和6年度分及び令和7年度分」を「令和8年度分及び令和9年度分」に、「令和6年4月1日現在」を「令和8年4月1日現在」に改める,supported,f14d6dcab66c5c8b93f1e86d6ecf2b20025038c18dfe16be3ab7082a72406bfb
shinjuku-2026-r1-gian-36,easy,content,OC36-E-13,保険料は 2026年度（令和8年度）分と 2027年度（令和9年度）分です。,https://www.city.shinjuku.lg.jp/content/000447774.pdf,1dc3eaffcafb1b1c9e139e823182dc80dc0755624813ca87d8b274d15f5b6624,第36号議案（⑴）,関係区市町村は、令和8年度分及び令和9年度分の保険…料を軽減するため、次に掲げる経費を一般会計から負担す…るものとする,supported,f14d6dcab66c5c8b93f1e86d6ecf2b20025038c18dfe16be3ab7082a72406bfb
shinjuku-2026-r1-gian-36,easy,content,OC36-E-14,その 保険料を 軽くする ための 負担です。,https://www.city.shinjuku.lg.jp/content/000447774.pdf,1dc3eaffcafb1b1c9e139e823182dc80dc0755624813ca87d8b274d15f5b6624,第36号議案（⑴）,関係区市町村は、令和8年度分及び令和9年度分の保険…料を軽減するため、次に掲げる経費を一般会計から負担す…るものとする,supported,f14d6dcab66c5c8b93f1e86d6ecf2b20025038c18dfe16be3ab7082a72406bfb
shinjuku-2026-r1-gian-36,easy,content,OC36-E-15,関係する 区市町村は 次の 経費を 一般会計から 負担します。,https://www.city.shinjuku.lg.jp/content/000447774.pdf,1dc3eaffcafb1b1c9e139e823182dc80dc0755624813ca87d8b274d15f5b6624,第36号議案（⑴）,関係区市町村は、令和8年度分及び令和9年度分の保険…料を軽減するため、次に掲げる経費を一般会計から負担す…るものとする,supported,f14d6dcab66c5c8b93f1e86d6ecf2b20025038c18dfe16be3ab7082a72406bfb
shinjuku-2026-r1-gian-36,easy,content,OC36-E-16,審査支払手数料相当額,https://www.city.shinjuku.lg.jp/content/000447774.pdf,1dc3eaffcafb1b1c9e139e823182dc80dc0755624813ca87d8b274d15f5b6624,第36号議案（⑴の経費）,審査支払手数料相当額,supported,f14d6dcab66c5c8b93f1e86d6ecf2b20025038c18dfe16be3ab7082a72406bfb
shinjuku-2026-r1-gian-36,easy,content,OC36-E-17,財政安定化基金拠出金相当額,https://www.city.shinjuku.lg.jp/content/000447774.pdf,1dc3eaffcafb1b1c9e139e823182dc80dc0755624813ca87d8b274d15f5b6624,第36号議案（⑴の経費）,財政安定化基金拠出金相当額,supported,f14d6dcab66c5c8b93f1e86d6ecf2b20025038c18dfe16be3ab7082a72406bfb
shinjuku-2026-r1-gian-36,easy,content,OC36-E-18,保険料未収金補塡分相当額,https://www.city.shinjuku.lg.jp/content/000447774.pdf,1dc3eaffcafb1b1c9e139e823182dc80dc0755624813ca87d8b274d15f5b6624,第36号議案（⑴の経費）,保険料未収金補塡分相当額,supported,f14d6dcab66c5c8b93f1e86d6ecf2b20025038c18dfe16be3ab7082a72406bfb
shinjuku-2026-r1-gian-36,easy,content,OC36-E-19,保険料所得割額減額分相当額,https://www.city.shinjuku.lg.jp/content/000447774.pdf,1dc3eaffcafb1b1c9e139e823182dc80dc0755624813ca87d8b274d15f5b6624,第36号議案（⑴の経費）,保険料所得割額減額分相当額,supported,f14d6dcab66c5c8b93f1e86d6ecf2b20025038c18dfe16be3ab7082a72406bfb
shinjuku-2026-r1-gian-36,easy,content,OC36-E-20,葬祭費相当額,https://www.city.shinjuku.lg.jp/content/000447774.pdf,1dc3eaffcafb1b1c9e139e823182dc80dc0755624813ca87d8b274d15f5b6624,第36号議案（⑴の経費）,葬祭費相当額,supported,f14d6dcab66c5c8b93f1e86d6ecf2b20025038c18dfe16be3ab7082a72406bfb
shinjuku-2026-r1-gian-36,easy,content,OC36-E-21,負担の 割合は どの 経費も 100パーセントです。,https://www.city.shinjuku.lg.jp/content/000447774.pdf,1dc3eaffcafb1b1c9e139e823182dc80dc0755624813ca87d8b274d15f5b6624,第36号議案（⑵）,負担割合は、各経費とも100パーセントとする,supported,f14d6dcab66c5c8b93f1e86d6ecf2b20025038c18dfe16be3ab7082a72406bfb
shinjuku-2026-r1-gian-36,easy,content,OC36-E-22,2026年（令和8年）4月1日（水）から 始まります。,https://www.city.shinjuku.lg.jp/content/000448424.pdf,8aaed1c405554591ff01d7b83ac1d3d66ee97dea599c3a720d635a9f68c8cad2,附則（施行期日）,この規約は、令和8年4月1日から施行する,supported,f14d6dcab66c5c8b93f1e86d6ecf2b20025038c18dfe16be3ab7082a72406bfb
shinjuku-2026-r1-gian-36,easy,content,OC36-E-23,新しい 決まりは 2026年度（令和8年度）分から 使います。,https://www.city.shinjuku.lg.jp/content/000448424.pdf,8aaed1c405554591ff01d7b83ac1d3d66ee97dea599c3a720d635a9f68c8cad2,附則（経過措置）,附則第5項の規定は、令和8年度分以降の変更後の規約第18条第1項第1号に規定する関係区市町村の負担金（以下単に「関係区市町村の負担金」という。）について適用し,supported,f14d6dcab66c5c8b93f1e86d6ecf2b20025038c18dfe16be3ab7082a72406bfb
shinjuku-2026-r1-gian-36,easy,content,OC36-E-24,2025年度（令和7年度）分までは 今までの 決まりの ままです。,https://www.city.shinjuku.lg.jp/content/000448424.pdf,8aaed1c405554591ff01d7b83ac1d3d66ee97dea599c3a720d635a9f68c8cad2,附則（経過措置）,令和7年度分以前の関係区市町村の負担金については、なお従前の例による,supported,f14d6dcab66c5c8b93f1e86d6ecf2b20025038c18dfe16be3ab7082a72406bfb
shinjuku-2026-r1-gian-36,easy,content,OC36-E-25,【原案可決】［げんあんかけつ］（＝出した 通りの 内容で 決まること）です。,https://www.city.shinjuku.lg.jp/kusei/soumu01_002090_00015.html,7c2b6f68db1b433b860b35d176b4dd9211e78582ec9de718fcfefe68b22d896a,審議状況（議決結果ページ）,第36号議案東京都後期高齢者医療広域連合規約の一部を変更する規約について原案可決,supported,f14d6dcab66c5c8b93f1e86d6ecf2b20025038c18dfe16be3ab7082a72406bfb
shinjuku-2026-r1-gian-36,easy,content,OC36-E-26,2026年（令和8年）の 第1回定例会で 決まりました。,https://www.city.shinjuku.lg.jp/content/000452334.pdf,22ba4f49b18c96bd1fa26241606257c05477f38e25ac46d6f8e4f416a2cedbf2,審議状況（会期）,令和８年第１回定例会…２月１７日～３月２４日,supported,f14d6dcab66c5c8b93f1e86d6ecf2b20025038c18dfe16be3ab7082a72406bfb
shinjuku-2026-r1-gian-36,easy,content,OC36-E-27,会期は 2026年2月17日（火）から 3月24日（火）まででした。,https://www.city.shinjuku.lg.jp/content/000452334.pdf,22ba4f49b18c96bd1fa26241606257c05477f38e25ac46d6f8e4f416a2cedbf2,審議状況（会期）,令和８年第１回定例会…２月１７日～３月２４日,supported,f14d6dcab66c5c8b93f1e86d6ecf2b20025038c18dfe16be3ab7082a72406bfb
shinjuku-2026-r1-gian-36,easy,content,OC36-E-28,本会議で 決まった 日は 3月24日（火）です。,https://ssp.kaigiroku.net/tenant/shinjuku/MinuteView.html?council_id=3163&schedule_id=5&minute_id=1,bd058d36962b45d8d965e4625bb95ecd661a102a026175213f37ba9eb575424a,審議状況（本会議 3月24日 議長）,令和８年第１回定例会会議録（第４日）第４号令和８年３月２４日（火曜日）,supported,f14d6dcab66c5c8b93f1e86d6ecf2b20025038c18dfe16be3ab7082a72406bfb
shinjuku-2026-r1-gian-36,easy,content,OC36-E-29,この 議案だけで 議題に なりました。,https://ssp.kaigiroku.net/tenant/shinjuku/MinuteView.html?council_id=3163&schedule_id=5&minute_id=64,12a01288a67b8d2e4dfdc8ddc1437bee4dfcc3614aef398008acac61c50999e4,審議状況（本会議 3月24日 議長）,日程第28を議題とします,supported,f14d6dcab66c5c8b93f1e86d6ecf2b20025038c18dfe16be3ab7082a72406bfb
shinjuku-2026-r1-gian-36,easy,content,OC36-E-30,福祉健康委員会の 審査報告書は 可決でした。,https://ssp.kaigiroku.net/tenant/shinjuku/MinuteView.html?council_id=3163&schedule_id=5&minute_id=66,f2d5bec61398b5a3d9835ce13c248ccfbd00f4b21a7769847d2b4907762fee50,審議状況（本会議 3月24日 議長）,福祉健康委員会審査報告書は、可決です,supported,f14d6dcab66c5c8b93f1e86d6ecf2b20025038c18dfe16be3ab7082a72406bfb
shinjuku-2026-r1-gian-36,easy,content,OC36-E-31,議長が 異議が ないか たずねました。,https://ssp.kaigiroku.net/tenant/shinjuku/MinuteView.html?council_id=3163&schedule_id=5&minute_id=66,f2d5bec61398b5a3d9835ce13c248ccfbd00f4b21a7769847d2b4907762fee50,審議状況（本会議 3月24日 議長）,福祉健康委員会審査報告書は、可決です,supported,f14d6dcab66c5c8b93f1e86d6ecf2b20025038c18dfe16be3ab7082a72406bfb
shinjuku-2026-r1-gian-36,easy,content,OC36-E-32,異議なしと 認められて 可決しました。,https://ssp.kaigiroku.net/tenant/shinjuku/MinuteView.html?council_id=3163&schedule_id=5&minute_id=67,469517cb54ed833bfde88001efb60a72952500b0f78ebbde21767ee8e0561b75,審議状況（本会議 3月24日 議長）,異議なしと認めます…本案は、委員会審査報告のとおり可決されました,supported,f14d6dcab66c5c8b93f1e86d6ecf2b20025038c18dfe16be3ab7082a72406bfb
shinjuku-2026-r1-gian-36,easy,content,OC36-E-33,賛成したのは ８つの 会派 すべてです。,https://www.city.shinjuku.lg.jp/content/000452334.pdf,22ba4f49b18c96bd1fa26241606257c05477f38e25ac46d6f8e4f416a2cedbf2,審議状況（議案の概要と審議結果の採決結果行）,東京都後期高齢者医療広域連合の経費の支弁の方法を変更するため、『地方自治法』第291条の3第3項の規定に基づき、関係地方公共団体との協議により、東京都後期高齢者医療広域連合規約の一部を変更する規約を定める。○○○○○○○○可決,supported,f14d6dcab66c5c8b93f1e86d6ecf2b20025038c18dfe16be3ab7082a72406bfb
shinjuku-2026-r1-gian-36,normal,title,OC36-NT-01,見出し: 東京都後期高齢者医療広域連合規約の一部変更（附則第5項の年度等の改め）,https://www.city.shinjuku.lg.jp/content/000448424.pdf,8aaed1c405554591ff01d7b83ac1d3d66ee97dea599c3a720d635a9f68c8cad2,変更する規約,附則第5項中「令和6年度分及び令和7年度分」を「令和8年度分及び令和9年度分」に、「令和6年4月1日現在」を「令和8年4月1日現在」に改める,supported,b361175014940857badee02061eb9bc2fca2911a0be6838ce9320d86715f3075
shinjuku-2026-r1-gian-36,normal,summary,OC36-NS-01,要約: 東京都後期高齢者医療広域連合規約の附則第5項にある年度と基準日を、令和8年度分及び令和9年度分、令和8年4月1日現在に改める規約変更です。,https://www.city.shinjuku.lg.jp/content/000448424.pdf,8aaed1c405554591ff01d7b83ac1d3d66ee97dea599c3a720d635a9f68c8cad2,変更する規約,附則第5項中「令和6年度分及び令和7年度分」を「令和8年度分及び令和9年度分」に、「令和6年4月1日現在」を「令和8年4月1日現在」に改める,supported,b361175014940857badee02061eb9bc2fca2911a0be6838ce9320d86715f3075
shinjuku-2026-r1-gian-36,normal,summary,OC36-NS-02,要約: 地方自治法第291条の11の規定により、関係地方公共団体との協議を行うに当たって議会の議決を経る議案です。,https://www.city.shinjuku.lg.jp/content/000448424.pdf,8aaed1c405554591ff01d7b83ac1d3d66ee97dea599c3a720d635a9f68c8cad2,（提案理由）,東京都後期高齢者医療広域連合規約の一部を変更するため関係地方公共団体と協議を行うに当たり、地方自治法（昭和22年法律第67号）第291条の11の規定により、議会の議決を経る必要があるため,supported,b361175014940857badee02061eb9bc2fca2911a0be6838ce9320d86715f3075
shinjuku-2026-r1-gian-36,normal,summary,OC36-NS-03,要約: 施行日は令和8年4月1日です。,https://www.city.shinjuku.lg.jp/content/000448424.pdf,8aaed1c405554591ff01d7b83ac1d3d66ee97dea599c3a720d635a9f68c8cad2,附則（施行期日）,この規約は、令和8年4月1日から施行する,supported,b361175014940857badee02061eb9bc2fca2911a0be6838ce9320d86715f3075
shinjuku-2026-r1-gian-36,normal,content,OC36-N-01,東京都後期高齢者医療広域連合規約の一部を変更する規約について、議会の議決を求める議案です。,https://www.city.shinjuku.lg.jp/content/000448424.pdf,8aaed1c405554591ff01d7b83ac1d3d66ee97dea599c3a720d635a9f68c8cad2,件名,東京都後期高齢者医療広域連合規約の一部を変更する規約について,supported,b361175014940857badee02061eb9bc2fca2911a0be6838ce9320d86715f3075
shinjuku-2026-r1-gian-36,normal,content,OC36-N-02,議案本文は、地方自治法第291条の3第3項の規定に基づき、関係地方公共団体との協議により、東京都後期高齢者医療広域連合規約（平成19年3月1日東京都知事許可）の一部を変更する規約を定める、としています。,https://www.city.shinjuku.lg.jp/content/000448424.pdf,8aaed1c405554591ff01d7b83ac1d3d66ee97dea599c3a720d635a9f68c8cad2,議案本文,地方自治法（昭和22年法律第67号）第291条の3第3項の規定に基づき、関係地方公共団体との協議により、別紙のとおり東京都後期高齢者医療広域連合規約（平成19年3月1日東京都知事許可）の一部を変更する規約を定める,supported,b361175014940857badee02061eb9bc2fca2911a0be6838ce9320d86715f3075
shinjuku-2026-r1-gian-36,normal,content,OC36-N-03,提案理由は、規約の一部を変更するため関係地方公共団体と協議を行うに当たり、地方自治法第291条の11の規定により、議会の議決を経る必要があるため、としています。,https://www.city.shinjuku.lg.jp/content/000448424.pdf,8aaed1c405554591ff01d7b83ac1d3d66ee97dea599c3a720d635a9f68c8cad2,（提案理由）,東京都後期高齢者医療広域連合規約の一部を変更するため関係地方公共団体と協議を行うに当たり、地方自治法（昭和22年法律第67号）第291条の11の規定により、議会の議決を経る必要があるため,supported,b361175014940857badee02061eb9bc2fca2911a0be6838ce9320d86715f3075
shinjuku-2026-r1-gian-36,normal,content,OC36-N-04,区長は2月25日の本会議で、本案を、関係地方公共団体と協議を行うに当たり、地方自治法第291条の11の規定により議会の議決を経るものと説明しました。,https://ssp.kaigiroku.net/tenant/shinjuku/MinuteView.html?council_id=3163&schedule_id=4&minute_id=145,55d7568597d5b06f2cd597e7cc142d148c123c633fcbb2e905f3867f59d76ce0,審議状況（本会議 2月25日 区長・議長）,第36号議案東京都後期高齢者医療広域連合規約の一部を変更する規約についてを御説明いたします。本案は、東京都後期高齢者医療広域連合規約の一部を変更するため、関係地方公共団体と協議を行うに当たり、地方自治法第291条の11の規定により議会の議決を経るものです,supported,b361175014940857badee02061eb9bc2fca2911a0be6838ce9320d86715f3075
shinjuku-2026-r1-gian-36,normal,content,OC36-N-05,東京都後期高齢者医療広域連合の経費の支弁の方法を変更するため、地方自治法第291条の3第3項の規定に基づき、関係地方公共団体との協議により、次のとおり東京都後期高齢者医療広域連合規約の一部を変更する規約を定める。,https://www.city.shinjuku.lg.jp/content/000447774.pdf,1dc3eaffcafb1b1c9e139e823182dc80dc0755624813ca87d8b274d15f5b6624,第36号議案,東京都後期高齢者医療広域連合の経費の支弁の方法を変更…するため、地方自治法第291条の3第3項の規定に基づき、関…係地方公共団体との協議により、次のとおり東京都後期高齢者…医療広域連合規約の一部を変更する規約を定める,supported,b361175014940857badee02061eb9bc2fca2911a0be6838ce9320d86715f3075
shinjuku-2026-r1-gian-36,normal,content,OC36-N-06,議案本文の変更は、規約の附則第5項の語句を改めるものです。,https://www.city.shinjuku.lg.jp/content/000448424.pdf,8aaed1c405554591ff01d7b83ac1d3d66ee97dea599c3a720d635a9f68c8cad2,変更する規約,一部を次のように変更する。附則第5項中「令和6年度分及び令和7年度分」…「令和8年4月1日現在」に改める。附則,supported,b361175014940857badee02061eb9bc2fca2911a0be6838ce9320d86715f3075
shinjuku-2026-r1-gian-36,normal,content,OC36-N-07,「令和6年度分及び令和7年度分」を「令和8年度分及び令和9年度分」に改めます。,https://www.city.shinjuku.lg.jp/content/000448424.pdf,8aaed1c405554591ff01d7b83ac1d3d66ee97dea599c3a720d635a9f68c8cad2,変更する規約,附則第5項中「令和6年度分及び令和7年度分」を「令和8年度分及び令和9年度分」に、「令和6年4月1日現在」を「令和8年4月1日現在」に改める,supported,b361175014940857badee02061eb9bc2fca2911a0be6838ce9320d86715f3075
shinjuku-2026-r1-gian-36,normal,content,OC36-N-08,「令和6年4月1日現在」を「令和8年4月1日現在」に改めます。,https://www.city.shinjuku.lg.jp/content/000448424.pdf,8aaed1c405554591ff01d7b83ac1d3d66ee97dea599c3a720d635a9f68c8cad2,変更する規約,附則第5項中「令和6年度分及び令和7年度分」を「令和8年度分及び令和9年度分」に、「令和6年4月1日現在」を「令和8年4月1日現在」に改める,supported,b361175014940857badee02061eb9bc2fca2911a0be6838ce9320d86715f3075
shinjuku-2026-r1-gian-36,normal,content,OC36-N-09,関係区市町村は、令和8年度分及び令和9年度分の保険料を軽減するため、次に掲げる経費を一般会計から負担するものとする。,https://www.city.shinjuku.lg.jp/content/000447774.pdf,1dc3eaffcafb1b1c9e139e823182dc80dc0755624813ca87d8b274d15f5b6624,第36号議案（⑴）,関係区市町村は、令和8年度分及び令和9年度分の保険…料を軽減するため、次に掲げる経費を一般会計から負担す…るものとする,supported,b361175014940857badee02061eb9bc2fca2911a0be6838ce9320d86715f3075
shinjuku-2026-r1-gian-36,normal,content,OC36-N-10,審査支払手数料相当額,https://www.city.shinjuku.lg.jp/content/000447774.pdf,1dc3eaffcafb1b1c9e139e823182dc80dc0755624813ca87d8b274d15f5b6624,第36号議案（⑴の経費）,審査支払手数料相当額,supported,b361175014940857badee02061eb9bc2fca2911a0be6838ce9320d86715f3075
shinjuku-2026-r1-gian-36,normal,content,OC36-N-11,財政安定化基金拠出金相当額,https://www.city.shinjuku.lg.jp/content/000447774.pdf,1dc3eaffcafb1b1c9e139e823182dc80dc0755624813ca87d8b274d15f5b6624,第36号議案（⑴の経費）,財政安定化基金拠出金相当額,supported,b361175014940857badee02061eb9bc2fca2911a0be6838ce9320d86715f3075
shinjuku-2026-r1-gian-36,normal,content,OC36-N-12,保険料未収金補塡分相当額,https://www.city.shinjuku.lg.jp/content/000447774.pdf,1dc3eaffcafb1b1c9e139e823182dc80dc0755624813ca87d8b274d15f5b6624,第36号議案（⑴の経費）,保険料未収金補塡分相当額,supported,b361175014940857badee02061eb9bc2fca2911a0be6838ce9320d86715f3075
shinjuku-2026-r1-gian-36,normal,content,OC36-N-13,保険料所得割額減額分相当額,https://www.city.shinjuku.lg.jp/content/000447774.pdf,1dc3eaffcafb1b1c9e139e823182dc80dc0755624813ca87d8b274d15f5b6624,第36号議案（⑴の経費）,保険料所得割額減額分相当額,supported,b361175014940857badee02061eb9bc2fca2911a0be6838ce9320d86715f3075
shinjuku-2026-r1-gian-36,normal,content,OC36-N-14,葬祭費相当額,https://www.city.shinjuku.lg.jp/content/000447774.pdf,1dc3eaffcafb1b1c9e139e823182dc80dc0755624813ca87d8b274d15f5b6624,第36号議案（⑴の経費）,葬祭費相当額,supported,b361175014940857badee02061eb9bc2fca2911a0be6838ce9320d86715f3075
shinjuku-2026-r1-gian-36,normal,content,OC36-N-15,負担割合は、各経費とも100パーセントとされています。,https://www.city.shinjuku.lg.jp/content/000447774.pdf,1dc3eaffcafb1b1c9e139e823182dc80dc0755624813ca87d8b274d15f5b6624,第36号議案（⑵）,負担割合は、各経費とも100パーセントとする,supported,b361175014940857badee02061eb9bc2fca2911a0be6838ce9320d86715f3075
shinjuku-2026-r1-gian-36,normal,content,OC36-N-16,令和8年4月1日から施行されます。,https://www.city.shinjuku.lg.jp/content/000448424.pdf,8aaed1c405554591ff01d7b83ac1d3d66ee97dea599c3a720d635a9f68c8cad2,附則（施行期日）,この規約は、令和8年4月1日から施行する,supported,b361175014940857badee02061eb9bc2fca2911a0be6838ce9320d86715f3075
shinjuku-2026-r1-gian-36,normal,content,OC36-N-17,概要資料の施行日も令和8年4月1日です。,https://www.city.shinjuku.lg.jp/content/000447774.pdf,1dc3eaffcafb1b1c9e139e823182dc80dc0755624813ca87d8b274d15f5b6624,第36号議案［施行日］,負担割合は、各経費とも100パーセントとする。…［施行日］…令和8年4月1日,supported,b361175014940857badee02061eb9bc2fca2911a0be6838ce9320d86715f3075
shinjuku-2026-r1-gian-36,normal,content,OC36-N-18,経過措置として、変更後の附則第5項の規定は、令和8年度分以降の関係区市町村の負担金について適用されます。,https://www.city.shinjuku.lg.jp/content/000448424.pdf,8aaed1c405554591ff01d7b83ac1d3d66ee97dea599c3a720d635a9f68c8cad2,附則（経過措置）,附則第5項の規定は、令和8年度分以降の変更後の規約第18条第1項第1号に規定する関係区市町村の負担金（以下単に「関係区市町村の負担金」という。）について適用し,supported,b361175014940857badee02061eb9bc2fca2911a0be6838ce9320d86715f3075
shinjuku-2026-r1-gian-36,normal,content,OC36-N-19,令和7年度分以前の関係区市町村の負担金については、なお従前の例によります。,https://www.city.shinjuku.lg.jp/content/000448424.pdf,8aaed1c405554591ff01d7b83ac1d3d66ee97dea599c3a720d635a9f68c8cad2,附則（経過措置）,令和7年度分以前の関係区市町村の負担金については、なお従前の例による,supported,b361175014940857badee02061eb9bc2fca2911a0be6838ce9320d86715f3075
shinjuku-2026-r1-gian-36,normal,content,OC36-N-20,令和8年第1回定例会（会期は2月17日から3月24日まで）で審議されました。,https://www.city.shinjuku.lg.jp/content/000452334.pdf,22ba4f49b18c96bd1fa26241606257c05477f38e25ac46d6f8e4f416a2cedbf2,審議状況（会期）,令和８年第１回定例会…２月１７日～３月２４日,supported,b361175014940857badee02061eb9bc2fca2911a0be6838ce9320d86715f3075
shinjuku-2026-r1-gian-36,normal,content,OC36-N-21,2月25日（水曜日）に開かれた本会議で、区長が提案を説明しました。,https://ssp.kaigiroku.net/tenant/shinjuku/MinuteView.html?council_id=3163&schedule_id=4&minute_id=145,55d7568597d5b06f2cd597e7cc142d148c123c633fcbb2e905f3867f59d76ce0,審議状況（本会議 2月25日 区長・議長）,第36号議案東京都後期高齢者医療広域連合規約の一部を変更する規約についてを御説明いたします。本案は、東京都後期高齢者医療広域連合規約の一部を変更するため、関係地方公共団体と協議を行うに当たり、地方自治法第291条の11の規定により議会の議決を経るものです,supported,b361175014940857badee02061eb9bc2fca2911a0be6838ce9320d86715f3075
shinjuku-2026-r1-gian-36,normal,content,OC36-N-22,議案付託表のとおり、福祉健康委員会に付託されました。,https://ssp.kaigiroku.net/tenant/shinjuku/MinuteView.html?council_id=3163&schedule_id=4&minute_id=146,a1647937621d81ce5df4a95fad63c8f14a09a2b4d9c72812f3b5f54ef34177d5,審議状況（本会議 2月25日 区長・議長）,ただいま議題となっています第36号議案は、議案付託表のとおり、福祉健康委員会に付託します,supported,b361175014940857badee02061eb9bc2fca2911a0be6838ce9320d86715f3075
shinjuku-2026-r1-gian-36,normal,content,OC36-N-23,本会議は第4日にあたる3月24日（火曜日）でした。,https://ssp.kaigiroku.net/tenant/shinjuku/MinuteView.html?council_id=3163&schedule_id=5&minute_id=1,bd058d36962b45d8d965e4625bb95ecd661a102a026175213f37ba9eb575424a,審議状況（本会議 3月24日 議長）,令和８年第１回定例会会議録（第４日）第４号令和８年３月２４日（火曜日）,supported,b361175014940857badee02061eb9bc2fca2911a0be6838ce9320d86715f3075
shinjuku-2026-r1-gian-36,normal,content,OC36-N-24,3月24日の本会議では、日程第28として、この議案だけが議題となりました。,https://ssp.kaigiroku.net/tenant/shinjuku/MinuteView.html?council_id=3163&schedule_id=5&minute_id=64,12a01288a67b8d2e4dfdc8ddc1437bee4dfcc3614aef398008acac61c50999e4,審議状況（本会議 3月24日 議長）,日程第28を議題とします,supported,b361175014940857badee02061eb9bc2fca2911a0be6838ce9320d86715f3075
shinjuku-2026-r1-gian-36,normal,content,OC36-N-25,福祉健康委員会の審査報告書は「可決」でした。,https://ssp.kaigiroku.net/tenant/shinjuku/MinuteView.html?council_id=3163&schedule_id=5&minute_id=66,f2d5bec61398b5a3d9835ce13c248ccfbd00f4b21a7769847d2b4907762fee50,審議状況（本会議 3月24日 議長）,福祉健康委員会審査報告書は、可決です,supported,b361175014940857badee02061eb9bc2fca2911a0be6838ce9320d86715f3075
shinjuku-2026-r1-gian-36,normal,content,OC36-N-26,本会議は、異議なしと認めて、委員会審査報告のとおり可決しました。,https://ssp.kaigiroku.net/tenant/shinjuku/MinuteView.html?council_id=3163&schedule_id=5&minute_id=67,469517cb54ed833bfde88001efb60a72952500b0f78ebbde21767ee8e0561b75,審議状況（本会議 3月24日 議長）,異議なしと認めます…本案は、委員会審査報告のとおり可決されました,supported,b361175014940857badee02061eb9bc2fca2911a0be6838ce9320d86715f3075
shinjuku-2026-r1-gian-36,normal,content,OC36-N-27,議決結果ページの記載は「原案可決」です。,https://www.city.shinjuku.lg.jp/kusei/soumu01_002090_00015.html,7c2b6f68db1b433b860b35d176b4dd9211e78582ec9de718fcfefe68b22d896a,審議状況（議決結果ページ）,第36号議案東京都後期高齢者医療広域連合規約の一部を変更する規約について原案可決,supported,b361175014940857badee02061eb9bc2fca2911a0be6838ce9320d86715f3075
shinjuku-2026-r1-gian-36,normal,content,OC36-N-28,「議案の概要と審議結果」の採決結果行では、8会派すべてが賛成（○）でした。,https://www.city.shinjuku.lg.jp/content/000452334.pdf,22ba4f49b18c96bd1fa26241606257c05477f38e25ac46d6f8e4f416a2cedbf2,審議状況（議案の概要と審議結果の採決結果行）,東京都後期高齢者医療広域連合の経費の支弁の方法を変更するため、『地方自治法』第291条の3第3項の規定に基づき、関係地方公共団体との協議により、東京都後期高齢者医療広域連合規約の一部を変更する規約を定める。○○○○○○○○可決,supported,b361175014940857badee02061eb9bc2fca2911a0be6838ce9320d86715f3075
shinjuku-2026-r1-gian-36,hard,title,OC36-HT-01,見出し: 第36号議案 東京都後期高齢者医療広域連合規約の一部を変更する規約について,https://www.city.shinjuku.lg.jp/content/000448424.pdf,8aaed1c405554591ff01d7b83ac1d3d66ee97dea599c3a720d635a9f68c8cad2,件名,東京都後期高齢者医療広域連合規約の一部を変更する規約について,supported,5f179df5b59dee29d375b2c883f74101705c553ab66ed11a87d86629981fde5f
shinjuku-2026-r1-gian-36,hard,summary,OC36-HS-01,要約: 東京都後期高齢者医療広域連合規約の附則第5項にある年度と基準日を改める規約変更。地方自治法第291条の11の規定による議会の議決。,https://www.city.shinjuku.lg.jp/content/000448424.pdf,8aaed1c405554591ff01d7b83ac1d3d66ee97dea599c3a720d635a9f68c8cad2,変更する規約,附則第5項中「令和6年度分及び令和7年度分」を「令和8年度分及び令和9年度分」に、「令和6年4月1日現在」を「令和8年4月1日現在」に改める,supported,5f179df5b59dee29d375b2c883f74101705c553ab66ed11a87d86629981fde5f
shinjuku-2026-r1-gian-36,hard,summary,OC36-HS-02,要約: 東京都後期高齢者医療広域連合規約の附則第5項にある年度と基準日を改める規約変更。地方自治法第291条の11の規定による議会の議決。,https://www.city.shinjuku.lg.jp/content/000448424.pdf,8aaed1c405554591ff01d7b83ac1d3d66ee97dea599c3a720d635a9f68c8cad2,（提案理由）,東京都後期高齢者医療広域連合規約の一部を変更するため関係地方公共団体と協議を行うに当たり、地方自治法（昭和22年法律第67号）第291条の11の規定により、議会の議決を経る必要があるため,supported,5f179df5b59dee29d375b2c883f74101705c553ab66ed11a87d86629981fde5f
shinjuku-2026-r1-gian-36,hard,summary,OC36-HS-03,要約: 施行日は令和8年4月1日。,https://www.city.shinjuku.lg.jp/content/000448424.pdf,8aaed1c405554591ff01d7b83ac1d3d66ee97dea599c3a720d635a9f68c8cad2,附則（施行期日）,この規約は、令和8年4月1日から施行する,supported,5f179df5b59dee29d375b2c883f74101705c553ab66ed11a87d86629981fde5f
shinjuku-2026-r1-gian-36,hard,content,OC36-H-01,提出日: 令和8年2月17日,https://www.city.shinjuku.lg.jp/content/000448424.pdf,8aaed1c405554591ff01d7b83ac1d3d66ee97dea599c3a720d635a9f68c8cad2,提出日・提出者,令和８年２月１７日…新宿区長…吉住…健一,supported,5f179df5b59dee29d375b2c883f74101705c553ab66ed11a87d86629981fde5f
shinjuku-2026-r1-gian-36,hard,content,OC36-H-02,提出者: 新宿区長 吉住健一,https://www.city.shinjuku.lg.jp/content/000448424.pdf,8aaed1c405554591ff01d7b83ac1d3d66ee97dea599c3a720d635a9f68c8cad2,提出日・提出者,令和８年２月１７日…新宿区長…吉住…健一,supported,5f179df5b59dee29d375b2c883f74101705c553ab66ed11a87d86629981fde5f
shinjuku-2026-r1-gian-36,hard,content,OC36-H-03,変更する規約: 東京都後期高齢者医療広域連合規約（平成19年3月1日東京都知事許可）,https://www.city.shinjuku.lg.jp/content/000448424.pdf,8aaed1c405554591ff01d7b83ac1d3d66ee97dea599c3a720d635a9f68c8cad2,議案本文,東京都後期高齢者医療広域連合規約（平成19年3月1日東京都知事許可）の一部を変更する規約を定める,supported,5f179df5b59dee29d375b2c883f74101705c553ab66ed11a87d86629981fde5f
shinjuku-2026-r1-gian-36,hard,content,OC36-H-04,根拠: 地方自治法（昭和22年法律第67号）第291条の3第3項の規定に基づき、関係地方公共団体との協議により変更する規約を定める,https://www.city.shinjuku.lg.jp/content/000448424.pdf,8aaed1c405554591ff01d7b83ac1d3d66ee97dea599c3a720d635a9f68c8cad2,議案本文,地方自治法（昭和22年法律第67号）第291条の3第3項の規定に基づき、関係地方公共団体との協議により、別紙のとおり東京都後期高齢者医療広域連合規約（平成19年3月1日東京都知事許可）の一部を変更する規約を定める,supported,5f179df5b59dee29d375b2c883f74101705c553ab66ed11a87d86629981fde5f
shinjuku-2026-r1-gian-36,hard,content,OC36-H-05,議決: 原案可決（議決結果ページの記載）,https://www.city.shinjuku.lg.jp/kusei/soumu01_002090_00015.html,7c2b6f68db1b433b860b35d176b4dd9211e78582ec9de718fcfefe68b22d896a,審議状況（議決結果ページ）,第36号議案東京都後期高齢者医療広域連合規約の一部を変更する規約について原案可決,supported,5f179df5b59dee29d375b2c883f74101705c553ab66ed11a87d86629981fde5f
shinjuku-2026-r1-gian-36,hard,content,OC36-H-06,提案の説明: 令和8年2月25日（水曜日）の本会議（第3日第3号）で区長が説明,https://ssp.kaigiroku.net/tenant/shinjuku/MinuteView.html?council_id=3163&schedule_id=4&minute_id=145,55d7568597d5b06f2cd597e7cc142d148c123c633fcbb2e905f3867f59d76ce0,審議状況（本会議 2月25日 区長・議長）,第36号議案東京都後期高齢者医療広域連合規約の一部を変更する規約についてを御説明いたします。本案は、東京都後期高齢者医療広域連合規約の一部を変更するため、関係地方公共団体と協議を行うに当たり、地方自治法第291条の11の規定により議会の議決を経るものです,supported,5f179df5b59dee29d375b2c883f74101705c553ab66ed11a87d86629981fde5f
shinjuku-2026-r1-gian-36,hard,content,OC36-H-07,提案の説明: 令和8年2月25日（水曜日）の本会議（第3日第3号）で区長が説明,https://ssp.kaigiroku.net/tenant/shinjuku/MinuteView.html?council_id=3163&schedule_id=4&minute_id=1,3ccc7b9665b5c85e509060592cad910ed18345c1b72e8a75761ad1e7e538a622,審議状況（本会議 2月25日 区長・議長）,令和８年第１回定例会会議録（第３日）第３号令和８年２月２５日（水曜日）,supported,5f179df5b59dee29d375b2c883f74101705c553ab66ed11a87d86629981fde5f
shinjuku-2026-r1-gian-36,hard,content,OC36-H-08,付託: 議案付託表のとおり、福祉健康委員会に付託,https://ssp.kaigiroku.net/tenant/shinjuku/MinuteView.html?council_id=3163&schedule_id=4&minute_id=146,a1647937621d81ce5df4a95fad63c8f14a09a2b4d9c72812f3b5f54ef34177d5,審議状況（本会議 2月25日 区長・議長）,ただいま議題となっています第36号議案は、議案付託表のとおり、福祉健康委員会に付託します,supported,5f179df5b59dee29d375b2c883f74101705c553ab66ed11a87d86629981fde5f
shinjuku-2026-r1-gian-36,hard,content,OC36-H-09,本会議: 令和8年3月24日（火曜日）、会議録 第4日第4号,https://ssp.kaigiroku.net/tenant/shinjuku/MinuteView.html?council_id=3163&schedule_id=5&minute_id=1,bd058d36962b45d8d965e4625bb95ecd661a102a026175213f37ba9eb575424a,審議状況（本会議 3月24日 議長）,令和８年第１回定例会会議録（第４日）第４号令和８年３月２４日（火曜日）,supported,5f179df5b59dee29d375b2c883f74101705c553ab66ed11a87d86629981fde5f
shinjuku-2026-r1-gian-36,hard,content,OC36-H-10,議題: 日程第28として単独で議題とした,https://ssp.kaigiroku.net/tenant/shinjuku/MinuteView.html?council_id=3163&schedule_id=5&minute_id=64,12a01288a67b8d2e4dfdc8ddc1437bee4dfcc3614aef398008acac61c50999e4,審議状況（本会議 3月24日 議長）,日程第28を議題とします,supported,5f179df5b59dee29d375b2c883f74101705c553ab66ed11a87d86629981fde5f
shinjuku-2026-r1-gian-36,hard,content,OC36-H-11,会議録: 第36号議案の議題朗読が記載されている,https://ssp.kaigiroku.net/tenant/shinjuku/MinuteView.html?council_id=3163&schedule_id=5&minute_id=65,1b66c9f86b145ab20df9acca02067edd6cd36093585b3b91e440f414d217834d,審議状況（本会議 3月24日 議長）,第36号議案東京都後期高齢者医療広域連合規約の一部を変更する規約について,supported,5f179df5b59dee29d375b2c883f74101705c553ab66ed11a87d86629981fde5f
shinjuku-2026-r1-gian-36,hard,content,OC36-H-12,委員会審査報告: 福祉健康委員会の審査報告書は可決,https://ssp.kaigiroku.net/tenant/shinjuku/MinuteView.html?council_id=3163&schedule_id=5&minute_id=66,f2d5bec61398b5a3d9835ce13c248ccfbd00f4b21a7769847d2b4907762fee50,審議状況（本会議 3月24日 議長）,福祉健康委員会審査報告書は、可決です,supported,5f179df5b59dee29d375b2c883f74101705c553ab66ed11a87d86629981fde5f
shinjuku-2026-r1-gian-36,hard,content,OC36-H-13,採決方法: 異議なし,https://ssp.kaigiroku.net/tenant/shinjuku/MinuteView.html?council_id=3163&schedule_id=5&minute_id=67,469517cb54ed833bfde88001efb60a72952500b0f78ebbde21767ee8e0561b75,審議状況（本会議 3月24日 議長）,異議なしと認めます…本案は、委員会審査報告のとおり可決されました,supported,5f179df5b59dee29d375b2c883f74101705c553ab66ed11a87d86629981fde5f
shinjuku-2026-r1-gian-36,hard,content,OC36-H-14,会派別の賛否: 全8会派が賛成（採決結果行は ○○○○○○○○）,https://www.city.shinjuku.lg.jp/content/000452334.pdf,22ba4f49b18c96bd1fa26241606257c05477f38e25ac46d6f8e4f416a2cedbf2,審議状況（議案の概要と審議結果の採決結果行）,東京都後期高齢者医療広域連合の経費の支弁の方法を変更するため、『地方自治法』第291条の3第3項の規定に基づき、関係地方公共団体との協議により、東京都後期高齢者医療広域連合規約の一部を変更する規約を定める。○○○○○○○○可決,supported,5f179df5b59dee29d375b2c883f74101705c553ab66ed11a87d86629981fde5f
shinjuku-2026-r1-gian-36,hard,content,OC36-H-15,会派: 自民・参政クラブ、新宿区議会公明党、日本共産党新宿区議会議員団、新宿未来の会、立憲民主党・無所属クラブ、日本維新の会・新宿区議団、現役世代に優しい新宿・減税の会、れいわ新選組 新宿,https://www.city.shinjuku.lg.jp/content/000452334.pdf,22ba4f49b18c96bd1fa26241606257c05477f38e25ac46d6f8e4f416a2cedbf2,会派略称・列の並び,共産＝日本共産党新宿区議会議員団…れいわ＝れいわ新選組 新宿…自参ク＝自民・参政クラブ…公明＝新宿区議会公明党…新宿会＝新宿未来の会…民無ク＝立憲民主党・無所属クラブ…維新＝日本維新の会・新宿区議団…現役＝現役世代に優しい新宿・減税の会,supported,5f179df5b59dee29d375b2c883f74101705c553ab66ed11a87d86629981fde5f
shinjuku-2026-r1-gian-36,hard,content,OC36-H-16,東京都後期高齢者医療広域連合規約の一部を変更するため関係地方公共団体と協議を行うに当たり、地方自治法（昭和22年法律第67号）第291条の11の規定により、議会の議決を経る必要があるため,https://www.city.shinjuku.lg.jp/content/000448424.pdf,8aaed1c405554591ff01d7b83ac1d3d66ee97dea599c3a720d635a9f68c8cad2,（提案理由）,東京都後期高齢者医療広域連合規約の一部を変更するため関係地方公共団体と協議を行うに当たり、地方自治法（昭和22年法律第67号）第291条の11の規定により、議会の議決を経る必要があるため,supported,5f179df5b59dee29d375b2c883f74101705c553ab66ed11a87d86629981fde5f
shinjuku-2026-r1-gian-36,hard,content,OC36-H-17,議案は条例の改正ではなく、広域連合の規約の変更を定める規約である。変更するのは附則第5項だけである。,https://www.city.shinjuku.lg.jp/content/000448424.pdf,8aaed1c405554591ff01d7b83ac1d3d66ee97dea599c3a720d635a9f68c8cad2,変更する規約,一部を次のように変更する。附則第5項中「令和6年度分及び令和7年度分」…「令和8年4月1日現在」に改める。附則,supported,5f179df5b59dee29d375b2c883f74101705c553ab66ed11a87d86629981fde5f
shinjuku-2026-r1-gian-36,hard,content,OC36-H-18,変更する規約 / 東京都後期高齢者医療広域連合規約（平成19年3月1日東京都知事許可）,https://www.city.shinjuku.lg.jp/content/000448424.pdf,8aaed1c405554591ff01d7b83ac1d3d66ee97dea599c3a720d635a9f68c8cad2,議案本文,東京都後期高齢者医療広域連合規約（平成19年3月1日東京都知事許可）の一部を変更する規約を定める,supported,5f179df5b59dee29d375b2c883f74101705c553ab66ed11a87d86629981fde5f
shinjuku-2026-r1-gian-36,hard,content,OC36-H-19,附則第5項 / 「令和6年度分及び令和7年度分」を「令和8年度分及び令和9年度分」に、「令和6年4月1日現在」を「令和8年4月1日現在」に改める,https://www.city.shinjuku.lg.jp/content/000448424.pdf,8aaed1c405554591ff01d7b83ac1d3d66ee97dea599c3a720d635a9f68c8cad2,変更する規約,附則第5項中「令和6年度分及び令和7年度分」を「令和8年度分及び令和9年度分」に、「令和6年4月1日現在」を「令和8年4月1日現在」に改める,supported,5f179df5b59dee29d375b2c883f74101705c553ab66ed11a87d86629981fde5f
shinjuku-2026-r1-gian-36,hard,content,OC36-H-20,東京都後期高齢者医療広域連合の経費の支弁の方法を変更するため、地方自治法第291条の3第3項の規定に基づき、関係地方公共団体との協議により、次のとおり東京都後期高齢者医療広域連合規約の一部を変更する規約を定める。,https://www.city.shinjuku.lg.jp/content/000447774.pdf,1dc3eaffcafb1b1c9e139e823182dc80dc0755624813ca87d8b274d15f5b6624,第36号議案,東京都後期高齢者医療広域連合の経費の支弁の方法を変更…するため、地方自治法第291条の3第3項の規定に基づき、関…係地方公共団体との協議により、次のとおり東京都後期高齢者…医療広域連合規約の一部を変更する規約を定める,supported,5f179df5b59dee29d375b2c883f74101705c553ab66ed11a87d86629981fde5f
shinjuku-2026-r1-gian-36,hard,content,OC36-H-21,⑴ 関係区市町村は、令和8年度分及び令和9年度分の保険料を軽減するため、次に掲げる経費を一般会計から負担するものとする。,https://www.city.shinjuku.lg.jp/content/000447774.pdf,1dc3eaffcafb1b1c9e139e823182dc80dc0755624813ca87d8b274d15f5b6624,第36号議案（⑴）,関係区市町村は、令和8年度分及び令和9年度分の保険…料を軽減するため、次に掲げる経費を一般会計から負担す…るものとする,supported,5f179df5b59dee29d375b2c883f74101705c553ab66ed11a87d86629981fde5f
shinjuku-2026-r1-gian-36,hard,content,OC36-H-22,ア / 審査支払手数料相当額,https://www.city.shinjuku.lg.jp/content/000447774.pdf,1dc3eaffcafb1b1c9e139e823182dc80dc0755624813ca87d8b274d15f5b6624,第36号議案（⑴の経費）,審査支払手数料相当額,supported,5f179df5b59dee29d375b2c883f74101705c553ab66ed11a87d86629981fde5f
shinjuku-2026-r1-gian-36,hard,content,OC36-H-23,イ / 財政安定化基金拠出金相当額,https://www.city.shinjuku.lg.jp/content/000447774.pdf,1dc3eaffcafb1b1c9e139e823182dc80dc0755624813ca87d8b274d15f5b6624,第36号議案（⑴の経費）,財政安定化基金拠出金相当額,supported,5f179df5b59dee29d375b2c883f74101705c553ab66ed11a87d86629981fde5f
shinjuku-2026-r1-gian-36,hard,content,OC36-H-24,ウ / 保険料未収金補塡分相当額,https://www.city.shinjuku.lg.jp/content/000447774.pdf,1dc3eaffcafb1b1c9e139e823182dc80dc0755624813ca87d8b274d15f5b6624,第36号議案（⑴の経費）,保険料未収金補塡分相当額,supported,5f179df5b59dee29d375b2c883f74101705c553ab66ed11a87d86629981fde5f
shinjuku-2026-r1-gian-36,hard,content,OC36-H-25,エ / 保険料所得割額減額分相当額,https://www.city.shinjuku.lg.jp/content/000447774.pdf,1dc3eaffcafb1b1c9e139e823182dc80dc0755624813ca87d8b274d15f5b6624,第36号議案（⑴の経費）,保険料所得割額減額分相当額,supported,5f179df5b59dee29d375b2c883f74101705c553ab66ed11a87d86629981fde5f
shinjuku-2026-r1-gian-36,hard,content,OC36-H-26,オ / 葬祭費相当額,https://www.city.shinjuku.lg.jp/content/000447774.pdf,1dc3eaffcafb1b1c9e139e823182dc80dc0755624813ca87d8b274d15f5b6624,第36号議案（⑴の経費）,葬祭費相当額,supported,5f179df5b59dee29d375b2c883f74101705c553ab66ed11a87d86629981fde5f
shinjuku-2026-r1-gian-36,hard,content,OC36-H-27,⑵ 負担割合は、各経費とも100パーセントとする。,https://www.city.shinjuku.lg.jp/content/000447774.pdf,1dc3eaffcafb1b1c9e139e823182dc80dc0755624813ca87d8b274d15f5b6624,第36号議案（⑵）,負担割合は、各経費とも100パーセントとする,supported,5f179df5b59dee29d375b2c883f74101705c553ab66ed11a87d86629981fde5f
shinjuku-2026-r1-gian-36,hard,content,OC36-H-28,施行日は令和8年4月1日と記載されている。,https://www.city.shinjuku.lg.jp/content/000447774.pdf,1dc3eaffcafb1b1c9e139e823182dc80dc0755624813ca87d8b274d15f5b6624,第36号議案［施行日］,負担割合は、各経費とも100パーセントとする。…［施行日］…令和8年4月1日,supported,5f179df5b59dee29d375b2c883f74101705c553ab66ed11a87d86629981fde5f
shinjuku-2026-r1-gian-36,hard,content,OC36-H-29,「議案の概要と審議結果」も同旨の概要を記載している。,https://www.city.shinjuku.lg.jp/content/000452334.pdf,22ba4f49b18c96bd1fa26241606257c05477f38e25ac46d6f8e4f416a2cedbf2,第36号議案（議案の概要）,東京都後期高齢者医療広域連合の経費の支弁の方法を変更するため、『地方自治法』第291条の3第3項の規定に基づき、関係地方公共団体との協議により、東京都後期高齢者医療広域連合規約の一部を変更する規約を定める。,supported,5f179df5b59dee29d375b2c883f74101705c553ab66ed11a87d86629981fde5f
shinjuku-2026-r1-gian-36,hard,content,OC36-H-30,この規約は、令和8年4月1日から施行する。,https://www.city.shinjuku.lg.jp/content/000448424.pdf,8aaed1c405554591ff01d7b83ac1d3d66ee97dea599c3a720d635a9f68c8cad2,附則（施行期日）,この規約は、令和8年4月1日から施行する,supported,5f179df5b59dee29d375b2c883f74101705c553ab66ed11a87d86629981fde5f
shinjuku-2026-r1-gian-36,hard,content,OC36-H-31,この規約による変更後の東京都後期高齢者医療広域連合規約（以下「変更後の規約」という。）附則第5項の規定は、令和8年度分以降の変更後の規約第18条第1項第1号に規定する関係区市町村の負担金（以下単に「関係区市町村の負担金」という。）について適用し、令和7年度分以前の関係区市町村の負担金については、なお従前の例による。,https://www.city.shinjuku.lg.jp/content/000448424.pdf,8aaed1c405554591ff01d7b83ac1d3d66ee97dea599c3a720d635a9f68c8cad2,附則（経過措置）,この規約による変更後の東京都後期高齢者医療広域連合規約（以下「変更後の規約」という。）附則第5項の規定は、令和8年度分以降の変更後の規約第18条第1項第1号に規定する関係区市町村の負担金（以下単に「関係区市町村の負担金」という。）について適用し、令和7年度分以前の関係区市町村の負担金については、なお従前の例による,supported,5f179df5b59dee29d375b2c883f74101705c553ab66ed11a87d86629981fde5f
shinjuku-2026-r1-gian-36,hard,content,OC36-H-32,第36号議案 全文 / https://www.city.shinjuku.lg.jp/content/000448424.pdf / 8aaed1c405554591ff01d7b83ac1d3d66ee97dea599c3a720d635a9f68c8cad2,https://www.city.shinjuku.lg.jp/content/000448424.pdf,8aaed1c405554591ff01d7b83ac1d3d66ee97dea599c3a720d635a9f68c8cad2,件名,東京都後期高齢者医療広域連合規約の一部を変更する規約について,supported,5f179df5b59dee29d375b2c883f74101705c553ab66ed11a87d86629981fde5f
shinjuku-2026-r1-gian-36,hard,content,OC36-H-33,提出案件概要（議決案件関係） / https://www.city.shinjuku.lg.jp/content/000447774.pdf / 1dc3eaffcafb1b1c9e139e823182dc80dc0755624813ca87d8b274d15f5b6624,https://www.city.shinjuku.lg.jp/content/000447774.pdf,1dc3eaffcafb1b1c9e139e823182dc80dc0755624813ca87d8b274d15f5b6624,提出案件概要（議決案件関係）,第1回区議会定例会提出案件概要…（議決案件関係）,supported,5f179df5b59dee29d375b2c883f74101705c553ab66ed11a87d86629981fde5f
shinjuku-2026-r1-gian-36,hard,content,OC36-H-34,議案の概要と審議結果 / https://www.city.shinjuku.lg.jp/content/000452334.pdf / 22ba4f49b18c96bd1fa26241606257c05477f38e25ac46d6f8e4f416a2cedbf2,https://www.city.shinjuku.lg.jp/content/000452334.pdf,22ba4f49b18c96bd1fa26241606257c05477f38e25ac46d6f8e4f416a2cedbf2,議案の概要と審議結果,議案の概要と審議結果,supported,5f179df5b59dee29d375b2c883f74101705c553ab66ed11a87d86629981fde5f
shinjuku-2026-r1-gian-36,hard,content,OC36-H-35,議決結果ページ（2026-10-04 取得） / https://www.city.shinjuku.lg.jp/kusei/soumu01_002090_00015.html / 7c2b6f68db1b433b860b35d176b4dd9211e78582ec9de718fcfefe68b22d896a,https://www.city.shinjuku.lg.jp/kusei/soumu01_002090_00015.html,7c2b6f68db1b433b860b35d176b4dd9211e78582ec9de718fcfefe68b22d896a,審議状況（議決結果ページ）,第36号議案東京都後期高齢者医療広域連合規約の一部を変更する規約について原案可決,supported,5f179df5b59dee29d375b2c883f74101705c553ab66ed11a87d86629981fde5f
shinjuku-2026-r1-gian-36,hard,content,OC36-H-36,会議録 2月25日 区長（提案説明） / https://ssp.kaigiroku.net/tenant/shinjuku/MinuteView.html?council_id=3163&schedule_id=4&minute_id=145 / 55d7568597d5b06f2cd597e7cc142d148c123c633fcbb2e905f3867f59d76ce0,https://ssp.kaigiroku.net/tenant/shinjuku/MinuteView.html?council_id=3163&schedule_id=4&minute_id=145,55d7568597d5b06f2cd597e7cc142d148c123c633fcbb2e905f3867f59d76ce0,審議状況（本会議 2月25日 区長・議長）,第36号議案東京都後期高齢者医療広域連合規約の一部を変更する規約についてを御説明いたします。本案は、東京都後期高齢者医療広域連合規約の一部を変更するため、関係地方公共団体と協議を行うに当たり、地方自治法第291条の11の規定により議会の議決を経るものです,supported,5f179df5b59dee29d375b2c883f74101705c553ab66ed11a87d86629981fde5f
shinjuku-2026-r1-gian-36,hard,content,OC36-H-37,会議録 2月25日 議長（付託） / https://ssp.kaigiroku.net/tenant/shinjuku/MinuteView.html?council_id=3163&schedule_id=4&minute_id=146 / a1647937621d81ce5df4a95fad63c8f14a09a2b4d9c72812f3b5f54ef34177d5,https://ssp.kaigiroku.net/tenant/shinjuku/MinuteView.html?council_id=3163&schedule_id=4&minute_id=146,a1647937621d81ce5df4a95fad63c8f14a09a2b4d9c72812f3b5f54ef34177d5,審議状況（本会議 2月25日 区長・議長）,ただいま議題となっています第36号議案は、議案付託表のとおり、福祉健康委員会に付託します,supported,5f179df5b59dee29d375b2c883f74101705c553ab66ed11a87d86629981fde5f
shinjuku-2026-r1-gian-36,hard,content,OC36-H-38,会議録 3月24日 議長（委員会審査報告） / https://ssp.kaigiroku.net/tenant/shinjuku/MinuteView.html?council_id=3163&schedule_id=5&minute_id=66 / f2d5bec61398b5a3d9835ce13c248ccfbd00f4b21a7769847d2b4907762fee50,https://ssp.kaigiroku.net/tenant/shinjuku/MinuteView.html?council_id=3163&schedule_id=5&minute_id=66,f2d5bec61398b5a3d9835ce13c248ccfbd00f4b21a7769847d2b4907762fee50,審議状況（本会議 3月24日 議長）,福祉健康委員会審査報告書は、可決です,supported,5f179df5b59dee29d375b2c883f74101705c553ab66ed11a87d86629981fde5f
shinjuku-2026-r1-gian-36,hard,content,OC36-H-39,会議録 3月24日 議長（採決） / https://ssp.kaigiroku.net/tenant/shinjuku/MinuteView.html?council_id=3163&schedule_id=5&minute_id=67 / 469517cb54ed833bfde88001efb60a72952500b0f78ebbde21767ee8e0561b75,https://ssp.kaigiroku.net/tenant/shinjuku/MinuteView.html?council_id=3163&schedule_id=5&minute_id=67,469517cb54ed833bfde88001efb60a72952500b0f78ebbde21767ee8e0561b75,審議状況（本会議 3月24日 議長）,異議なしと認めます…本案は、委員会審査報告のとおり可決されました,supported,5f179df5b59dee29d375b2c883f74101705c553ab66ed11a87d86629981fde5f
shinjuku-2026-r1-shonin-1,easy,title,OCS1-ET-01,見出し: 選挙の 予算の 専決処分を 認めます,https://www.city.shinjuku.lg.jp/content/000448425.pdf,d91d4b8cf65895b76e438ecf93c37f6678899d90fcb22c1522c2db507602852b,専決処分の告示（新宿区告示第54号）,理由衆議院議員選挙及び最高裁判所裁判官国民審査の執行に関し、令和7年度新宿区一般会計歳入歳出予算を補正する必要があるため,supported,f8e86ae14452fd1f362ad87244af16ba8a7121b277c65d0d80aef0145ecaa62e
shinjuku-2026-r1-shonin-1,easy,summary,OCS1-ES-01,要約: 区長が 先に 決めた 選挙の 補正予算を 認める 議案です。,https://www.city.shinjuku.lg.jp/content/000448425.pdf,d91d4b8cf65895b76e438ecf93c37f6678899d90fcb22c1522c2db507602852b,議案本文,令和7年度新宿区一般会計補正予算（第11号）を定める件については、地方自治法（昭和22年法律第67号）第179条第1項の規定に基づき、令和8年1月23日付けで専決処分したので、同条第3項の規定に基づき、別紙のとおりその処置について報告し、承認を求める,supported,f8e86ae14452fd1f362ad87244af16ba8a7121b277c65d0d80aef0145ecaa62e
shinjuku-2026-r1-shonin-1,easy,summary,OCS1-ES-02,要約: 補正予算の 額は 2億687万円です。,https://www.city.shinjuku.lg.jp/content/000452334.pdf,22ba4f49b18c96bd1fa26241606257c05477f38e25ac46d6f8e4f416a2cedbf2,専決処分の承認について（議案の概要）,"補正予算額：２億687万円、補正後予算額：1,983億1,029万8千円",supported,f8e86ae14452fd1f362ad87244af16ba8a7121b277c65d0d80aef0145ecaa62e
shinjuku-2026-r1-shonin-1,easy,content,OCS1-E-01,【専決処分】［せんけつしょぶん］（＝議会を 開く 時間が ないとき 区長が 先に 決めること）の 承認を 求める 議案です。,https://www.city.shinjuku.lg.jp/content/000448425.pdf,d91d4b8cf65895b76e438ecf93c37f6678899d90fcb22c1522c2db507602852b,議案本文,令和7年度新宿区一般会計補正予算（第11号）を定める件については、地方自治法（昭和22年法律第67号）第179条第1項の規定に基づき、令和8年1月23日付けで専決処分したので、同条第3項の規定に基づき、別紙のとおりその処置について報告し、承認を求める,supported,f8e86ae14452fd1f362ad87244af16ba8a7121b277c65d0d80aef0145ecaa62e
shinjuku-2026-r1-shonin-1,easy,content,OCS1-E-02,【専決処分】［せんけつしょぶん］（＝議会を 開く 時間が ないとき 区長が 先に 決めること）の 承認を 求める 議案です。,https://www.city.shinjuku.lg.jp/content/000448425.pdf,d91d4b8cf65895b76e438ecf93c37f6678899d90fcb22c1522c2db507602852b,専決処分の告示（新宿区告示第54号）,特に緊急を要するため新宿区議会を招集する時間的余裕がないことが明らかであると認め、地方自治法（昭和22年法律第67号）第179条第1項の規定により次のとおり処分した,supported,f8e86ae14452fd1f362ad87244af16ba8a7121b277c65d0d80aef0145ecaa62e
shinjuku-2026-r1-shonin-1,easy,content,OCS1-E-03,区長は 2026年（令和8年）1月23日（金）に 専決処分を しました。,https://www.city.shinjuku.lg.jp/content/000448425.pdf,d91d4b8cf65895b76e438ecf93c37f6678899d90fcb22c1522c2db507602852b,専決処分の告示（新宿区告示第54号）,処分した日令和8年1月23日,supported,f8e86ae14452fd1f362ad87244af16ba8a7121b277c65d0d80aef0145ecaa62e
shinjuku-2026-r1-shonin-1,easy,content,OCS1-E-04,対象は 2025年度（令和7年度）の 一般会計補正予算（第11号）です。,https://www.city.shinjuku.lg.jp/content/000448425.pdf,d91d4b8cf65895b76e438ecf93c37f6678899d90fcb22c1522c2db507602852b,専決処分の告示（新宿区告示第54号）,議決すべき事件…令和7年度新宿区一般会計補正予算（第11号）を定める件,supported,f8e86ae14452fd1f362ad87244af16ba8a7121b277c65d0d80aef0145ecaa62e
shinjuku-2026-r1-shonin-1,easy,content,OCS1-E-05,理由は 衆議院議員選挙と 最高裁判所裁判官国民審査の 執行です。,https://www.city.shinjuku.lg.jp/content/000448425.pdf,d91d4b8cf65895b76e438ecf93c37f6678899d90fcb22c1522c2db507602852b,専決処分の告示（新宿区告示第54号）,理由衆議院議員選挙及び最高裁判所裁判官国民審査の執行に関し、令和7年度新宿区一般会計歳入歳出予算を補正する必要があるため,supported,f8e86ae14452fd1f362ad87244af16ba8a7121b277c65d0d80aef0145ecaa62e
shinjuku-2026-r1-shonin-1,easy,content,OCS1-E-06,区長は 区議会に 報告して、承認を 求めました。,https://www.city.shinjuku.lg.jp/content/000448425.pdf,d91d4b8cf65895b76e438ecf93c37f6678899d90fcb22c1522c2db507602852b,議案本文,同条第3項の規定に基づき、別紙のとおりその処置について報告し、承認を求める,supported,f8e86ae14452fd1f362ad87244af16ba8a7121b277c65d0d80aef0145ecaa62e
shinjuku-2026-r1-shonin-1,easy,content,OCS1-E-07,選挙の 費用として 補正予算を 足しました。,https://www.city.shinjuku.lg.jp/content/000448425.pdf,d91d4b8cf65895b76e438ecf93c37f6678899d90fcb22c1522c2db507602852b,専決処分の告示（新宿区告示第54号）,理由衆議院議員選挙及び最高裁判所裁判官国民審査の執行に関し、令和7年度新宿区一般会計歳入歳出予算を補正する必要があるため,supported,f8e86ae14452fd1f362ad87244af16ba8a7121b277c65d0d80aef0145ecaa62e
shinjuku-2026-r1-shonin-1,easy,content,OCS1-E-08,補正予算の 額は 2億687万円です。,https://www.city.shinjuku.lg.jp/content/000452334.pdf,22ba4f49b18c96bd1fa26241606257c05477f38e25ac46d6f8e4f416a2cedbf2,専決処分の承認について（議案の概要）,"補正予算額：２億687万円、補正後予算額：1,983億1,029万8千円",supported,f8e86ae14452fd1f362ad87244af16ba8a7121b277c65d0d80aef0145ecaa62e
shinjuku-2026-r1-shonin-1,easy,content,OCS1-E-09,"補正の あとの 予算の 額は 1,983億1,029万8千円です。",https://www.city.shinjuku.lg.jp/content/000452334.pdf,22ba4f49b18c96bd1fa26241606257c05477f38e25ac46d6f8e4f416a2cedbf2,専決処分の承認について（議案の概要）,"補正予算額：２億687万円、補正後予算額：1,983億1,029万8千円",supported,f8e86ae14452fd1f362ad87244af16ba8a7121b277c65d0d80aef0145ecaa62e
shinjuku-2026-r1-shonin-1,easy,content,OCS1-E-10,使い道は 総務費の 選挙の 経費です。,https://www.city.shinjuku.lg.jp/content/000448541.pdf,0696b0f3f72941906bde4f4a43e83ec821fadab4f0507739a78cee1e0ca8f295,歳出（2 総務費）,"衆議院議員選挙及び最高裁判…所裁判官国民審査の執行に要…する経費…206,870千円",supported,f8e86ae14452fd1f362ad87244af16ba8a7121b277c65d0d80aef0145ecaa62e
shinjuku-2026-r1-shonin-1,easy,content,OCS1-E-11,入る お金は 東京都からの 委託金です。,https://www.city.shinjuku.lg.jp/content/000448541.pdf,0696b0f3f72941906bde4f4a43e83ec821fadab4f0507739a78cee1e0ca8f295,歳入（15 都支出金）,"歳入…206,870千円…15都支出金…（委託金）…衆議院議員選挙及び国民審査費…206,870千円",supported,f8e86ae14452fd1f362ad87244af16ba8a7121b277c65d0d80aef0145ecaa62e
shinjuku-2026-r1-shonin-1,easy,content,OCS1-E-12,経費の 内訳は 次の とおりです。,https://www.city.shinjuku.lg.jp/content/000448541.pdf,0696b0f3f72941906bde4f4a43e83ec821fadab4f0507739a78cee1e0ca8f295,執行に要する経費,"衆議院議員選挙及び国民審査費206,870",supported,f8e86ae14452fd1f362ad87244af16ba8a7121b277c65d0d80aef0145ecaa62e
shinjuku-2026-r1-shonin-1,easy,content,OCS1-E-13,"投票事務は 1億1,989万3千円です。",https://www.city.shinjuku.lg.jp/content/000448541.pdf,0696b0f3f72941906bde4f4a43e83ec821fadab4f0507739a78cee1e0ca8f295,執行に要する経費の内訳,"1投票事務119,893",supported,f8e86ae14452fd1f362ad87244af16ba8a7121b277c65d0d80aef0145ecaa62e
shinjuku-2026-r1-shonin-1,easy,content,OCS1-E-14,"期日前投票及び不在者投票事務は 2,506万1千円です。",https://www.city.shinjuku.lg.jp/content/000448541.pdf,0696b0f3f72941906bde4f4a43e83ec821fadab4f0507739a78cee1e0ca8f295,執行に要する経費の内訳,"2期日前投票及び不在者投票事務25,061",supported,f8e86ae14452fd1f362ad87244af16ba8a7121b277c65d0d80aef0145ecaa62e
shinjuku-2026-r1-shonin-1,easy,content,OCS1-E-15,"開票事務は 2,049万5千円です。",https://www.city.shinjuku.lg.jp/content/000448541.pdf,0696b0f3f72941906bde4f4a43e83ec821fadab4f0507739a78cee1e0ca8f295,執行に要する経費の内訳,"3開票事務20,495",supported,f8e86ae14452fd1f362ad87244af16ba8a7121b277c65d0d80aef0145ecaa62e
shinjuku-2026-r1-shonin-1,easy,content,OCS1-E-16,"ポスター掲示場設置等は 1,722万1千円です。",https://www.city.shinjuku.lg.jp/content/000448541.pdf,0696b0f3f72941906bde4f4a43e83ec821fadab4f0507739a78cee1e0ca8f295,執行に要する経費の内訳,"4ポスター掲示場設置等17,221",supported,f8e86ae14452fd1f362ad87244af16ba8a7121b277c65d0d80aef0145ecaa62e
shinjuku-2026-r1-shonin-1,easy,content,OCS1-E-17,選挙時啓発は 261万3千円です。,https://www.city.shinjuku.lg.jp/content/000448541.pdf,0696b0f3f72941906bde4f4a43e83ec821fadab4f0507739a78cee1e0ca8f295,執行に要する経費の内訳,"5選挙時啓発2,613",supported,f8e86ae14452fd1f362ad87244af16ba8a7121b277c65d0d80aef0145ecaa62e
shinjuku-2026-r1-shonin-1,easy,content,OCS1-E-18,選挙公報配布は 910万2千円です。,https://www.city.shinjuku.lg.jp/content/000448541.pdf,0696b0f3f72941906bde4f4a43e83ec821fadab4f0507739a78cee1e0ca8f295,執行に要する経費の内訳,"6選挙公報配布9,102",supported,f8e86ae14452fd1f362ad87244af16ba8a7121b277c65d0d80aef0145ecaa62e
shinjuku-2026-r1-shonin-1,easy,content,OCS1-E-19,"一般事務費は 1,248万5千円です。",https://www.city.shinjuku.lg.jp/content/000448541.pdf,0696b0f3f72941906bde4f4a43e83ec821fadab4f0507739a78cee1e0ca8f295,執行に要する経費の内訳,"7一般事務費12,485",supported,f8e86ae14452fd1f362ad87244af16ba8a7121b277c65d0d80aef0145ecaa62e
shinjuku-2026-r1-shonin-1,easy,content,OCS1-E-20,選挙の 日にちは 次の とおりです。,https://www.city.shinjuku.lg.jp/content/000448541.pdf,0696b0f3f72941906bde4f4a43e83ec821fadab4f0507739a78cee1e0ca8f295,選挙の期日等,投・開票日…令和8年2月8日（日）…最高裁判所裁判官国民審査の告示日…令和8年1月27日（火）,supported,f8e86ae14452fd1f362ad87244af16ba8a7121b277c65d0d80aef0145ecaa62e
shinjuku-2026-r1-shonin-1,easy,content,OCS1-E-21,公示日と 告示日は 2026年（令和8年）1月27日（火）です。,https://www.city.shinjuku.lg.jp/content/000448541.pdf,0696b0f3f72941906bde4f4a43e83ec821fadab4f0507739a78cee1e0ca8f295,選挙の期日等,投・開票日…令和8年2月8日（日）…最高裁判所裁判官国民審査の告示日…令和8年1月27日（火）,supported,f8e86ae14452fd1f362ad87244af16ba8a7121b277c65d0d80aef0145ecaa62e
shinjuku-2026-r1-shonin-1,easy,content,OCS1-E-22,投票と 開票の 日は 2026年（令和8年）2月8日（日）です。,https://www.city.shinjuku.lg.jp/content/000448541.pdf,0696b0f3f72941906bde4f4a43e83ec821fadab4f0507739a78cee1e0ca8f295,選挙の期日等,投・開票日…令和8年2月8日（日）…最高裁判所裁判官国民審査の告示日…令和8年1月27日（火）,supported,f8e86ae14452fd1f362ad87244af16ba8a7121b277c65d0d80aef0145ecaa62e
shinjuku-2026-r1-shonin-1,easy,content,OCS1-E-23,投票所は 50所です。,https://www.city.shinjuku.lg.jp/content/000448541.pdf,0696b0f3f72941906bde4f4a43e83ec821fadab4f0507739a78cee1e0ca8f295,規模,50所…11所…1所（新宿スポーツセンター）…379所,supported,f8e86ae14452fd1f362ad87244af16ba8a7121b277c65d0d80aef0145ecaa62e
shinjuku-2026-r1-shonin-1,easy,content,OCS1-E-24,開票所は 新宿スポーツセンターの 1所です。,https://www.city.shinjuku.lg.jp/content/000448541.pdf,0696b0f3f72941906bde4f4a43e83ec821fadab4f0507739a78cee1e0ca8f295,規模,50所…11所…1所（新宿スポーツセンター）…379所,supported,f8e86ae14452fd1f362ad87244af16ba8a7121b277c65d0d80aef0145ecaa62e
shinjuku-2026-r1-shonin-1,easy,content,OCS1-E-25,専決処分の 日は 2026年（令和8年）1月23日（金）です。,https://www.city.shinjuku.lg.jp/content/000448425.pdf,d91d4b8cf65895b76e438ecf93c37f6678899d90fcb22c1522c2db507602852b,専決処分の告示（新宿区告示第54号）,処分した日令和8年1月23日,supported,f8e86ae14452fd1f362ad87244af16ba8a7121b277c65d0d80aef0145ecaa62e
shinjuku-2026-r1-shonin-1,easy,content,OCS1-E-26,期日前投票は 2026年（令和8年）1月28日（水）から 始まりました。,https://www.city.shinjuku.lg.jp/content/000448541.pdf,0696b0f3f72941906bde4f4a43e83ec821fadab4f0507739a78cee1e0ca8f295,期日前投票の期間,期日前投票の期間…新宿区役所（第一分庁舎）…令和8年1月28日（水）～2月7日（土）…特別出張所（全10か所）…令和8年2月1日（日）～2月7日（土）,supported,f8e86ae14452fd1f362ad87244af16ba8a7121b277c65d0d80aef0145ecaa62e
shinjuku-2026-r1-shonin-1,easy,content,OCS1-E-27,区役所の 期日前投票は 2026年（令和8年）2月7日（土）までです。,https://www.city.shinjuku.lg.jp/content/000448541.pdf,0696b0f3f72941906bde4f4a43e83ec821fadab4f0507739a78cee1e0ca8f295,期日前投票の期間,期日前投票の期間…新宿区役所（第一分庁舎）…令和8年1月28日（水）～2月7日（土）…特別出張所（全10か所）…令和8年2月1日（日）～2月7日（土）,supported,f8e86ae14452fd1f362ad87244af16ba8a7121b277c65d0d80aef0145ecaa62e
shinjuku-2026-r1-shonin-1,easy,content,OCS1-E-28,結果は 承認です。,https://www.city.shinjuku.lg.jp/kusei/soumu01_002090_00015.html,7c2b6f68db1b433b860b35d176b4dd9211e78582ec9de718fcfefe68b22d896a,審議状況（議決結果ページ）,承認案（1件）承認第1号専決処分の承認について承認,supported,f8e86ae14452fd1f362ad87244af16ba8a7121b277c65d0d80aef0145ecaa62e
shinjuku-2026-r1-shonin-1,easy,content,OCS1-E-29,2026年（令和8年）の 第1回定例会で 決まりました。,https://www.city.shinjuku.lg.jp/content/000452334.pdf,22ba4f49b18c96bd1fa26241606257c05477f38e25ac46d6f8e4f416a2cedbf2,審議状況（会期）,令和８年第１回定例会…２月１７日～３月２４日,supported,f8e86ae14452fd1f362ad87244af16ba8a7121b277c65d0d80aef0145ecaa62e
shinjuku-2026-r1-shonin-1,easy,content,OCS1-E-30,会期は 2026年2月17日（火）から 3月24日（火）まででした。,https://www.city.shinjuku.lg.jp/content/000452334.pdf,22ba4f49b18c96bd1fa26241606257c05477f38e25ac46d6f8e4f416a2cedbf2,審議状況（会期）,令和８年第１回定例会…２月１７日～３月２４日,supported,f8e86ae14452fd1f362ad87244af16ba8a7121b277c65d0d80aef0145ecaa62e
shinjuku-2026-r1-shonin-1,easy,content,OCS1-E-31,本会議で 決まった 日は 3月24日（火）です。,https://ssp.kaigiroku.net/tenant/shinjuku/MinuteView.html?council_id=3163&schedule_id=5&minute_id=1,bd058d36962b45d8d965e4625bb95ecd661a102a026175213f37ba9eb575424a,審議状況（本会議 3月24日 議長）,令和８年第１回定例会会議録（第４日）第４号令和８年３月２４日（火曜日）,supported,f8e86ae14452fd1f362ad87244af16ba8a7121b277c65d0d80aef0145ecaa62e
shinjuku-2026-r1-shonin-1,easy,content,OCS1-E-32,この 議案だけで 議題に なりました。,https://ssp.kaigiroku.net/tenant/shinjuku/MinuteView.html?council_id=3163&schedule_id=5&minute_id=15,ad105b894947afde52f8d745191d666d4f86352f11179b9d1cf3655d9d6fde02,審議状況（本会議 3月24日 議長）,日程第2を議題とします,supported,f8e86ae14452fd1f362ad87244af16ba8a7121b277c65d0d80aef0145ecaa62e
shinjuku-2026-r1-shonin-1,easy,content,OCS1-E-33,総務区民委員会の 審査報告書は 承認でした。,https://ssp.kaigiroku.net/tenant/shinjuku/MinuteView.html?council_id=3163&schedule_id=5&minute_id=17,f9365bfd81f5b760d4b05587ddaed2175506efd5c5a79651c20a77ee495a9f49,審議状況（本会議 3月24日 議長）,総務区民委員会審査報告書は、承認です,supported,f8e86ae14452fd1f362ad87244af16ba8a7121b277c65d0d80aef0145ecaa62e
shinjuku-2026-r1-shonin-1,easy,content,OCS1-E-34,議長が 異議が ないか たずねました。,https://ssp.kaigiroku.net/tenant/shinjuku/MinuteView.html?council_id=3163&schedule_id=5&minute_id=17,f9365bfd81f5b760d4b05587ddaed2175506efd5c5a79651c20a77ee495a9f49,審議状況（本会議 3月24日 議長）,総務区民委員会審査報告書は、承認です,supported,f8e86ae14452fd1f362ad87244af16ba8a7121b277c65d0d80aef0145ecaa62e
shinjuku-2026-r1-shonin-1,easy,content,OCS1-E-35,異議なしと 認められて 承認されました。,https://ssp.kaigiroku.net/tenant/shinjuku/MinuteView.html?council_id=3163&schedule_id=5&minute_id=18,e33dc47dfbe81265a485efe31601850c628be46ccedd15292f1576c0c852574c,審議状況（本会議 3月24日 議長）,異議なしと認めます…本案は、委員会審査報告のとおり承認されました,supported,f8e86ae14452fd1f362ad87244af16ba8a7121b277c65d0d80aef0145ecaa62e
shinjuku-2026-r1-shonin-1,easy,content,OCS1-E-36,賛成したのは ８つの 会派 すべてです。,https://www.city.shinjuku.lg.jp/content/000452334.pdf,22ba4f49b18c96bd1fa26241606257c05477f38e25ac46d6f8e4f416a2cedbf2,審議状況（議案の概要と審議結果の採決結果行）,"専決処分の承認について…議決すべき事件：令和7年度新宿区一般会計補正予算（第11号）を定める件…補正予算額：２億687万円、補正後予算額：1,983億1,029万8千円…○○○○○○○○承認",supported,f8e86ae14452fd1f362ad87244af16ba8a7121b277c65d0d80aef0145ecaa62e
shinjuku-2026-r1-shonin-1,normal,title,OCS1-NT-01,見出し: 令和7年度一般会計補正予算（第11号）の専決処分の承認（衆議院議員選挙等の執行経費）,https://www.city.shinjuku.lg.jp/content/000448425.pdf,d91d4b8cf65895b76e438ecf93c37f6678899d90fcb22c1522c2db507602852b,専決処分の告示（新宿区告示第54号）,議決すべき事件…令和7年度新宿区一般会計補正予算（第11号）を定める件,supported,2253c1cfb89795d1e2d0f8c432659a61f45e49d55a6147b05ffb27b4380d517b
shinjuku-2026-r1-shonin-1,normal,summary,OCS1-NS-01,要約: 衆議院議員選挙と最高裁判所裁判官国民審査の執行に伴い、区長が令和8年1月23日に専決処分した補正予算（第11号）の承認を求める議案です。,https://www.city.shinjuku.lg.jp/content/000448425.pdf,d91d4b8cf65895b76e438ecf93c37f6678899d90fcb22c1522c2db507602852b,議案本文,令和7年度新宿区一般会計補正予算（第11号）を定める件については、地方自治法（昭和22年法律第67号）第179条第1項の規定に基づき、令和8年1月23日付けで専決処分したので、同条第3項の規定に基づき、別紙のとおりその処置について報告し、承認を求める,supported,2253c1cfb89795d1e2d0f8c432659a61f45e49d55a6147b05ffb27b4380d517b
shinjuku-2026-r1-shonin-1,normal,summary,OCS1-NS-02,要約: 衆議院議員選挙と最高裁判所裁判官国民審査の執行に伴い、区長が令和8年1月23日に専決処分した補正予算（第11号）の承認を求める議案です。,https://www.city.shinjuku.lg.jp/content/000448425.pdf,d91d4b8cf65895b76e438ecf93c37f6678899d90fcb22c1522c2db507602852b,専決処分の告示（新宿区告示第54号）,理由衆議院議員選挙及び最高裁判所裁判官国民審査の執行に関し、令和7年度新宿区一般会計歳入歳出予算を補正する必要があるため,supported,2253c1cfb89795d1e2d0f8c432659a61f45e49d55a6147b05ffb27b4380d517b
shinjuku-2026-r1-shonin-1,normal,summary,OCS1-NS-03,"要約: 補正額は2億687万円（206,870千円）です。",https://www.city.shinjuku.lg.jp/content/000452334.pdf,22ba4f49b18c96bd1fa26241606257c05477f38e25ac46d6f8e4f416a2cedbf2,専決処分の承認について（議案の概要）,"補正予算額：２億687万円、補正後予算額：1,983億1,029万8千円",supported,2253c1cfb89795d1e2d0f8c432659a61f45e49d55a6147b05ffb27b4380d517b
shinjuku-2026-r1-shonin-1,normal,summary,OCS1-NS-04,"要約: 補正額は2億687万円（206,870千円）です。",https://www.city.shinjuku.lg.jp/content/000448541.pdf,0696b0f3f72941906bde4f4a43e83ec821fadab4f0507739a78cee1e0ca8f295,歳出,"歳出…206,870千円…2総務費…206,870千円",supported,2253c1cfb89795d1e2d0f8c432659a61f45e49d55a6147b05ffb27b4380d517b
shinjuku-2026-r1-shonin-1,normal,content,OCS1-N-01,承認第1号は、区長が行った専決処分を区議会に報告し、承認を求める議案です。,https://www.city.shinjuku.lg.jp/content/000448425.pdf,d91d4b8cf65895b76e438ecf93c37f6678899d90fcb22c1522c2db507602852b,議案本文,令和7年度新宿区一般会計補正予算（第11号）を定める件については、地方自治法（昭和22年法律第67号）第179条第1項の規定に基づき、令和8年1月23日付けで専決処分したので、同条第3項の規定に基づき、別紙のとおりその処置について報告し、承認を求める,supported,2253c1cfb89795d1e2d0f8c432659a61f45e49d55a6147b05ffb27b4380d517b
shinjuku-2026-r1-shonin-1,normal,content,OCS1-N-02,議案本文は、令和7年度新宿区一般会計補正予算（第11号）を定める件について、地方自治法第179条第1項の規定に基づき令和8年1月23日付けで専決処分したので、同条第3項の規定に基づき、別紙のとおりその処置について報告し、承認を求める、としています。,https://www.city.shinjuku.lg.jp/content/000448425.pdf,d91d4b8cf65895b76e438ecf93c37f6678899d90fcb22c1522c2db507602852b,議案本文,令和7年度新宿区一般会計補正予算（第11号）を定める件については、地方自治法（昭和22年法律第67号）第179条第1項の規定に基づき、令和8年1月23日付けで専決処分したので、同条第3項の規定に基づき、別紙のとおりその処置について報告し、承認を求める,supported,2253c1cfb89795d1e2d0f8c432659a61f45e49d55a6147b05ffb27b4380d517b
shinjuku-2026-r1-shonin-1,normal,content,OCS1-N-03,専決処分の告示（新宿区告示第54号）は、特に緊急を要するため新宿区議会を招集する時間的余裕がないことが明らかであると認めた、としています。,https://www.city.shinjuku.lg.jp/content/000448425.pdf,d91d4b8cf65895b76e438ecf93c37f6678899d90fcb22c1522c2db507602852b,専決処分の告示（新宿区告示第54号）,特に緊急を要するため新宿区議会を招集する時間的余裕がないことが明らかであると認め、地方自治法（昭和22年法律第67号）第179条第1項の規定により次のとおり処分した,supported,2253c1cfb89795d1e2d0f8c432659a61f45e49d55a6147b05ffb27b4380d517b
shinjuku-2026-r1-shonin-1,normal,content,OCS1-N-04,処分の理由は、衆議院議員選挙および最高裁判所裁判官国民審査の執行に関し、令和7年度新宿区一般会計歳入歳出予算を補正する必要があるため、とされています。,https://www.city.shinjuku.lg.jp/content/000448425.pdf,d91d4b8cf65895b76e438ecf93c37f6678899d90fcb22c1522c2db507602852b,専決処分の告示（新宿区告示第54号）,理由衆議院議員選挙及び最高裁判所裁判官国民審査の執行に関し、令和7年度新宿区一般会計歳入歳出予算を補正する必要があるため,supported,2253c1cfb89795d1e2d0f8c432659a61f45e49d55a6147b05ffb27b4380d517b
shinjuku-2026-r1-shonin-1,normal,content,OCS1-N-05,区長は2月25日の本会議で、本案を、衆議院議員選挙および最高裁判所裁判官国民審査の執行に伴い緊急に補正予算（第11号）を定めることが必要になったことを受けて行った専決処分について、報告し承認を求めるものと説明しました。,https://ssp.kaigiroku.net/tenant/shinjuku/MinuteView.html?council_id=3163&schedule_id=4&minute_id=108,4708088d7b83ddd98b9a4375d4f3960c16f379361ebd22891a24449fca46d3c4,審議状況（本会議 2月25日 区長・議長）,承認第1号の専決処分の承認について御説明いたします。本案は、衆議院議員選挙及び最高裁判所裁判官国民審査の執行に伴い、緊急に令和7年度新宿区一般会計補正予算（第11号）を定めることが必要になったことを受け、地方自治法第179条第1項の規定により、令和8年1月23日付で行った専決処分について、同条第3項の規定に基づき御報告し、御承認を求めるものです,supported,2253c1cfb89795d1e2d0f8c432659a61f45e49d55a6147b05ffb27b4380d517b
shinjuku-2026-r1-shonin-1,normal,content,OCS1-N-06,"補正予算額: 206,870千円（2億687万円）",https://www.city.shinjuku.lg.jp/content/000448541.pdf,0696b0f3f72941906bde4f4a43e83ec821fadab4f0507739a78cee1e0ca8f295,歳出,"歳出…206,870千円…2総務費…206,870千円",supported,2253c1cfb89795d1e2d0f8c432659a61f45e49d55a6147b05ffb27b4380d517b
shinjuku-2026-r1-shonin-1,normal,content,OCS1-N-07,"補正予算額: 206,870千円（2億687万円）",https://www.city.shinjuku.lg.jp/content/000452334.pdf,22ba4f49b18c96bd1fa26241606257c05477f38e25ac46d6f8e4f416a2cedbf2,専決処分の承認について（議案の概要）,"補正予算額：２億687万円、補正後予算額：1,983億1,029万8千円",supported,2253c1cfb89795d1e2d0f8c432659a61f45e49d55a6147b05ffb27b4380d517b
shinjuku-2026-r1-shonin-1,normal,content,OCS1-N-08,"11号補正後の予算額: 198,310,298千円（1,983億1,029万8千円）",https://www.city.shinjuku.lg.jp/content/000448541.pdf,0696b0f3f72941906bde4f4a43e83ec821fadab4f0507739a78cee1e0ca8f295,一般会計（補正第11号）,"一般会計（補正第11号）…11号補正後予算額…198,310,298千円",supported,2253c1cfb89795d1e2d0f8c432659a61f45e49d55a6147b05ffb27b4380d517b
shinjuku-2026-r1-shonin-1,normal,content,OCS1-N-09,"11号補正後の予算額: 198,310,298千円（1,983億1,029万8千円）",https://www.city.shinjuku.lg.jp/content/000452334.pdf,22ba4f49b18c96bd1fa26241606257c05477f38e25ac46d6f8e4f416a2cedbf2,専決処分の承認について（議案の概要）,"補正予算額：２億687万円、補正後予算額：1,983億1,029万8千円",supported,2253c1cfb89795d1e2d0f8c432659a61f45e49d55a6147b05ffb27b4380d517b
shinjuku-2026-r1-shonin-1,normal,content,OCS1-N-10,"歳出は、2款総務費の「衆議院議員選挙及び最高裁判所裁判官国民審査の執行に要する経費」206,870千円です。",https://www.city.shinjuku.lg.jp/content/000448541.pdf,0696b0f3f72941906bde4f4a43e83ec821fadab4f0507739a78cee1e0ca8f295,歳出（2 総務費）,"衆議院議員選挙及び最高裁判…所裁判官国民審査の執行に要…する経費…206,870千円",supported,2253c1cfb89795d1e2d0f8c432659a61f45e49d55a6147b05ffb27b4380d517b
shinjuku-2026-r1-shonin-1,normal,content,OCS1-N-11,"歳入は、15款都支出金（委託金）の「衆議院議員選挙及び国民審査費」206,870千円です。",https://www.city.shinjuku.lg.jp/content/000448541.pdf,0696b0f3f72941906bde4f4a43e83ec821fadab4f0507739a78cee1e0ca8f295,歳入（15 都支出金）,"歳入…206,870千円…15都支出金…（委託金）…衆議院議員選挙及び国民審査費…206,870千円",supported,2253c1cfb89795d1e2d0f8c432659a61f45e49d55a6147b05ffb27b4380d517b
shinjuku-2026-r1-shonin-1,normal,content,OCS1-N-12,"投票事務: 119,893千円（1億1,989万3千円）",https://www.city.shinjuku.lg.jp/content/000448541.pdf,0696b0f3f72941906bde4f4a43e83ec821fadab4f0507739a78cee1e0ca8f295,執行に要する経費の内訳,"1投票事務119,893",supported,2253c1cfb89795d1e2d0f8c432659a61f45e49d55a6147b05ffb27b4380d517b
shinjuku-2026-r1-shonin-1,normal,content,OCS1-N-13,"期日前投票及び不在者投票事務: 25,061千円（2,506万1千円）",https://www.city.shinjuku.lg.jp/content/000448541.pdf,0696b0f3f72941906bde4f4a43e83ec821fadab4f0507739a78cee1e0ca8f295,執行に要する経費の内訳,"2期日前投票及び不在者投票事務25,061",supported,2253c1cfb89795d1e2d0f8c432659a61f45e49d55a6147b05ffb27b4380d517b
shinjuku-2026-r1-shonin-1,normal,content,OCS1-N-14,"開票事務: 20,495千円（2,049万5千円）",https://www.city.shinjuku.lg.jp/content/000448541.pdf,0696b0f3f72941906bde4f4a43e83ec821fadab4f0507739a78cee1e0ca8f295,執行に要する経費の内訳,"3開票事務20,495",supported,2253c1cfb89795d1e2d0f8c432659a61f45e49d55a6147b05ffb27b4380d517b
shinjuku-2026-r1-shonin-1,normal,content,OCS1-N-15,"ポスター掲示場設置等: 17,221千円（1,722万1千円）",https://www.city.shinjuku.lg.jp/content/000448541.pdf,0696b0f3f72941906bde4f4a43e83ec821fadab4f0507739a78cee1e0ca8f295,執行に要する経費の内訳,"4ポスター掲示場設置等17,221",supported,2253c1cfb89795d1e2d0f8c432659a61f45e49d55a6147b05ffb27b4380d517b
shinjuku-2026-r1-shonin-1,normal,content,OCS1-N-16,"選挙時啓発: 2,613千円（261万3千円）",https://www.city.shinjuku.lg.jp/content/000448541.pdf,0696b0f3f72941906bde4f4a43e83ec821fadab4f0507739a78cee1e0ca8f295,執行に要する経費の内訳,"5選挙時啓発2,613",supported,2253c1cfb89795d1e2d0f8c432659a61f45e49d55a6147b05ffb27b4380d517b
shinjuku-2026-r1-shonin-1,normal,content,OCS1-N-17,"選挙公報配布: 9,102千円（910万2千円）",https://www.city.shinjuku.lg.jp/content/000448541.pdf,0696b0f3f72941906bde4f4a43e83ec821fadab4f0507739a78cee1e0ca8f295,執行に要する経費の内訳,"6選挙公報配布9,102",supported,2253c1cfb89795d1e2d0f8c432659a61f45e49d55a6147b05ffb27b4380d517b
shinjuku-2026-r1-shonin-1,normal,content,OCS1-N-18,"一般事務費: 12,485千円（1,248万5千円）",https://www.city.shinjuku.lg.jp/content/000448541.pdf,0696b0f3f72941906bde4f4a43e83ec821fadab4f0507739a78cee1e0ca8f295,執行に要する経費の内訳,"7一般事務費12,485",supported,2253c1cfb89795d1e2d0f8c432659a61f45e49d55a6147b05ffb27b4380d517b
shinjuku-2026-r1-shonin-1,normal,content,OCS1-N-19,選挙の期日（投票日・開票日）: 令和8年2月8日（日）,https://www.city.shinjuku.lg.jp/content/000448541.pdf,0696b0f3f72941906bde4f4a43e83ec821fadab4f0507739a78cee1e0ca8f295,選挙の期日等,投・開票日…令和8年2月8日（日）…最高裁判所裁判官国民審査の告示日…令和8年1月27日（火）,supported,2253c1cfb89795d1e2d0f8c432659a61f45e49d55a6147b05ffb27b4380d517b
shinjuku-2026-r1-shonin-1,normal,content,OCS1-N-20,衆議院議員選挙の公示日、最高裁判所裁判官国民審査の告示日: 令和8年1月27日（火）,https://www.city.shinjuku.lg.jp/content/000448541.pdf,0696b0f3f72941906bde4f4a43e83ec821fadab4f0507739a78cee1e0ca8f295,選挙の期日等,投・開票日…令和8年2月8日（日）…最高裁判所裁判官国民審査の告示日…令和8年1月27日（火）,supported,2253c1cfb89795d1e2d0f8c432659a61f45e49d55a6147b05ffb27b4380d517b
shinjuku-2026-r1-shonin-1,normal,content,OCS1-N-21,"規模: 永久選挙人名簿登録者274,683人（令和7年12月1日現在）、在外選挙人名簿登録者1,090人（令和7年12月25日現在）",https://www.city.shinjuku.lg.jp/content/000448541.pdf,0696b0f3f72941906bde4f4a43e83ec821fadab4f0507739a78cee1e0ca8f295,規模,"永久選挙人名簿登録者…在外選挙人名簿登録者…274,683人（令和7年12月1日現在）…1,090人（令和7年12月25日現在）",supported,2253c1cfb89795d1e2d0f8c432659a61f45e49d55a6147b05ffb27b4380d517b
shinjuku-2026-r1-shonin-1,normal,content,OCS1-N-22,規模: 投票所50所、期日前投票所11所、開票所1所（新宿スポーツセンター）、ポスター掲示場379所,https://www.city.shinjuku.lg.jp/content/000448541.pdf,0696b0f3f72941906bde4f4a43e83ec821fadab4f0507739a78cee1e0ca8f295,規模,50所…11所…1所（新宿スポーツセンター）…379所,supported,2253c1cfb89795d1e2d0f8c432659a61f45e49d55a6147b05ffb27b4380d517b
shinjuku-2026-r1-shonin-1,normal,content,OCS1-N-23,専決処分は、令和8年1月23日（金）付けで行われました。,https://www.city.shinjuku.lg.jp/content/000448425.pdf,d91d4b8cf65895b76e438ecf93c37f6678899d90fcb22c1522c2db507602852b,専決処分の告示（新宿区告示第54号）,処分した日令和8年1月23日,supported,2253c1cfb89795d1e2d0f8c432659a61f45e49d55a6147b05ffb27b4380d517b
shinjuku-2026-r1-shonin-1,normal,content,OCS1-N-24,衆議院議員選挙の期日前投票: 新宿区役所（第一分庁舎）は令和8年1月28日（水）から2月7日（土）まで、特別出張所（全10か所）は2月1日（日）から2月7日（土）まで,https://www.city.shinjuku.lg.jp/content/000448541.pdf,0696b0f3f72941906bde4f4a43e83ec821fadab4f0507739a78cee1e0ca8f295,期日前投票の期間,期日前投票の期間…新宿区役所（第一分庁舎）…令和8年1月28日（水）～2月7日（土）…特別出張所（全10か所）…令和8年2月1日（日）～2月7日（土）,supported,2253c1cfb89795d1e2d0f8c432659a61f45e49d55a6147b05ffb27b4380d517b
shinjuku-2026-r1-shonin-1,normal,content,OCS1-N-25,最高裁判所裁判官国民審査の期日前投票: 新宿区役所（第一分庁舎）と特別出張所（全10か所）のどちらも2月1日（日）から2月7日（土）まで,https://www.city.shinjuku.lg.jp/content/000448541.pdf,0696b0f3f72941906bde4f4a43e83ec821fadab4f0507739a78cee1e0ca8f295,期日前投票の期間（最高裁判所裁判官国民審査）,最高裁判所裁判官国民審査…新宿区役所（第一分庁舎）…令和8年2月1日（日）～2月7日（土）…特別出張所（全10か所）…令和8年2月1日（日）～2月7日（土）,supported,2253c1cfb89795d1e2d0f8c432659a61f45e49d55a6147b05ffb27b4380d517b
shinjuku-2026-r1-shonin-1,normal,content,OCS1-N-26,投票日: 令和8年2月8日（日）,https://www.city.shinjuku.lg.jp/content/000448541.pdf,0696b0f3f72941906bde4f4a43e83ec821fadab4f0507739a78cee1e0ca8f295,選挙の期日等,投・開票日…令和8年2月8日（日）…最高裁判所裁判官国民審査の告示日…令和8年1月27日（火）,supported,2253c1cfb89795d1e2d0f8c432659a61f45e49d55a6147b05ffb27b4380d517b
shinjuku-2026-r1-shonin-1,normal,content,OCS1-N-27,この議案は専決処分の承認を求めるもので、施行期日を定める条例の改正ではありません。,https://www.city.shinjuku.lg.jp/content/000448425.pdf,d91d4b8cf65895b76e438ecf93c37f6678899d90fcb22c1522c2db507602852b,議案本文,令和7年度新宿区一般会計補正予算（第11号）を定める件については、地方自治法（昭和22年法律第67号）第179条第1項の規定に基づき、令和8年1月23日付けで専決処分したので、同条第3項の規定に基づき、別紙のとおりその処置について報告し、承認を求める,supported,2253c1cfb89795d1e2d0f8c432659a61f45e49d55a6147b05ffb27b4380d517b
shinjuku-2026-r1-shonin-1,normal,content,OCS1-N-28,令和8年第1回定例会（会期は2月17日から3月24日まで）で審議されました。,https://www.city.shinjuku.lg.jp/content/000452334.pdf,22ba4f49b18c96bd1fa26241606257c05477f38e25ac46d6f8e4f416a2cedbf2,審議状況（会期）,令和８年第１回定例会…２月１７日～３月２４日,supported,2253c1cfb89795d1e2d0f8c432659a61f45e49d55a6147b05ffb27b4380d517b
shinjuku-2026-r1-shonin-1,normal,content,OCS1-N-29,2月25日（水曜日）に開かれた本会議で、区長が提案を説明しました。,https://ssp.kaigiroku.net/tenant/shinjuku/MinuteView.html?council_id=3163&schedule_id=4&minute_id=108,4708088d7b83ddd98b9a4375d4f3960c16f379361ebd22891a24449fca46d3c4,審議状況（本会議 2月25日 区長・議長）,承認第1号の専決処分の承認について御説明いたします。本案は、衆議院議員選挙及び最高裁判所裁判官国民審査の執行に伴い、緊急に令和7年度新宿区一般会計補正予算（第11号）を定めることが必要になったことを受け、地方自治法第179条第1項の規定により、令和8年1月23日付で行った専決処分について、同条第3項の規定に基づき御報告し、御承認を求めるものです,supported,2253c1cfb89795d1e2d0f8c432659a61f45e49d55a6147b05ffb27b4380d517b
shinjuku-2026-r1-shonin-1,normal,content,OCS1-N-30,議案付託表のとおり、総務区民委員会に付託されました。,https://ssp.kaigiroku.net/tenant/shinjuku/MinuteView.html?council_id=3163&schedule_id=4&minute_id=109,8c0f45aab8a925397ff85a0665875cfc0d29cd7a650d4c1f3d93fa636fd45b26,審議状況（本会議 2月25日 区長・議長）,ただいま議題となっています承認第1号は、議案付託表のとおり、総務区民委員会に付託します,supported,2253c1cfb89795d1e2d0f8c432659a61f45e49d55a6147b05ffb27b4380d517b
shinjuku-2026-r1-shonin-1,normal,content,OCS1-N-31,本会議は第4日にあたる3月24日（火曜日）でした。,https://ssp.kaigiroku.net/tenant/shinjuku/MinuteView.html?council_id=3163&schedule_id=5&minute_id=1,bd058d36962b45d8d965e4625bb95ecd661a102a026175213f37ba9eb575424a,審議状況（本会議 3月24日 議長）,令和８年第１回定例会会議録（第４日）第４号令和８年３月２４日（火曜日）,supported,2253c1cfb89795d1e2d0f8c432659a61f45e49d55a6147b05ffb27b4380d517b
shinjuku-2026-r1-shonin-1,normal,content,OCS1-N-32,この議案は日程第2として、単独で議題となりました。,https://ssp.kaigiroku.net/tenant/shinjuku/MinuteView.html?council_id=3163&schedule_id=5&minute_id=15,ad105b894947afde52f8d745191d666d4f86352f11179b9d1cf3655d9d6fde02,審議状況（本会議 3月24日 議長）,日程第2を議題とします,supported,2253c1cfb89795d1e2d0f8c432659a61f45e49d55a6147b05ffb27b4380d517b
shinjuku-2026-r1-shonin-1,normal,content,OCS1-N-33,総務区民委員会の審査報告書は「承認」でした。,https://ssp.kaigiroku.net/tenant/shinjuku/MinuteView.html?council_id=3163&schedule_id=5&minute_id=17,f9365bfd81f5b760d4b05587ddaed2175506efd5c5a79651c20a77ee495a9f49,審議状況（本会議 3月24日 議長）,総務区民委員会審査報告書は、承認です,supported,2253c1cfb89795d1e2d0f8c432659a61f45e49d55a6147b05ffb27b4380d517b
shinjuku-2026-r1-shonin-1,normal,content,OCS1-N-34,本会議は、異議なしと認めて、委員会審査報告のとおり承認しました。,https://ssp.kaigiroku.net/tenant/shinjuku/MinuteView.html?council_id=3163&schedule_id=5&minute_id=18,e33dc47dfbe81265a485efe31601850c628be46ccedd15292f1576c0c852574c,審議状況（本会議 3月24日 議長）,異議なしと認めます…本案は、委員会審査報告のとおり承認されました,supported,2253c1cfb89795d1e2d0f8c432659a61f45e49d55a6147b05ffb27b4380d517b
shinjuku-2026-r1-shonin-1,normal,content,OCS1-N-35,議決結果ページの記載は「承認」です。,https://www.city.shinjuku.lg.jp/kusei/soumu01_002090_00015.html,7c2b6f68db1b433b860b35d176b4dd9211e78582ec9de718fcfefe68b22d896a,審議状況（議決結果ページ）,承認案（1件）承認第1号専決処分の承認について承認,supported,2253c1cfb89795d1e2d0f8c432659a61f45e49d55a6147b05ffb27b4380d517b
shinjuku-2026-r1-shonin-1,normal,content,OCS1-N-36,「議案の概要と審議結果」の採決結果行では、8会派すべてが賛成（○）でした。,https://www.city.shinjuku.lg.jp/content/000452334.pdf,22ba4f49b18c96bd1fa26241606257c05477f38e25ac46d6f8e4f416a2cedbf2,審議状況（議案の概要と審議結果の採決結果行）,"専決処分の承認について…議決すべき事件：令和7年度新宿区一般会計補正予算（第11号）を定める件…補正予算額：２億687万円、補正後予算額：1,983億1,029万8千円…○○○○○○○○承認",supported,2253c1cfb89795d1e2d0f8c432659a61f45e49d55a6147b05ffb27b4380d517b
shinjuku-2026-r1-shonin-1,hard,title,OCS1-HT-01,見出し: 承認第1号 専決処分の承認について（令和7年度新宿区一般会計補正予算（第11号））,https://www.city.shinjuku.lg.jp/content/000448425.pdf,d91d4b8cf65895b76e438ecf93c37f6678899d90fcb22c1522c2db507602852b,専決処分の告示（新宿区告示第54号）,議決すべき事件…令和7年度新宿区一般会計補正予算（第11号）を定める件,supported,6f0debf420f637190af490baa9b1d6ddec80447f4ca97956895d96c979e480d3
shinjuku-2026-r1-shonin-1,hard,summary,OCS1-HS-01,要約: 衆議院議員選挙及び最高裁判所裁判官国民審査の執行に関し、令和8年1月23日付けで専決処分した令和7年度一般会計補正予算（第11号）について、地方自治法第179条第3項の規定により承認を求める。,https://www.city.shinjuku.lg.jp/content/000448425.pdf,d91d4b8cf65895b76e438ecf93c37f6678899d90fcb22c1522c2db507602852b,議案本文,令和7年度新宿区一般会計補正予算（第11号）を定める件については、地方自治法（昭和22年法律第67号）第179条第1項の規定に基づき、令和8年1月23日付けで専決処分したので、同条第3項の規定に基づき、別紙のとおりその処置について報告し、承認を求める,supported,6f0debf420f637190af490baa9b1d6ddec80447f4ca97956895d96c979e480d3
shinjuku-2026-r1-shonin-1,hard,summary,OCS1-HS-02,要約: 衆議院議員選挙及び最高裁判所裁判官国民審査の執行に関し、令和8年1月23日付けで専決処分した令和7年度一般会計補正予算（第11号）について、地方自治法第179条第3項の規定により承認を求める。,https://www.city.shinjuku.lg.jp/content/000448425.pdf,d91d4b8cf65895b76e438ecf93c37f6678899d90fcb22c1522c2db507602852b,専決処分の告示（新宿区告示第54号）,理由衆議院議員選挙及び最高裁判所裁判官国民審査の執行に関し、令和7年度新宿区一般会計歳入歳出予算を補正する必要があるため,supported,6f0debf420f637190af490baa9b1d6ddec80447f4ca97956895d96c979e480d3
shinjuku-2026-r1-shonin-1,hard,summary,OCS1-HS-03,"要約: 補正予算額は206,870千円、補正後予算額は198,310,298千円。",https://www.city.shinjuku.lg.jp/content/000448541.pdf,0696b0f3f72941906bde4f4a43e83ec821fadab4f0507739a78cee1e0ca8f295,歳出,"歳出…206,870千円…2総務費…206,870千円",supported,6f0debf420f637190af490baa9b1d6ddec80447f4ca97956895d96c979e480d3
shinjuku-2026-r1-shonin-1,hard,summary,OCS1-HS-04,"要約: 補正予算額は206,870千円、補正後予算額は198,310,298千円。",https://www.city.shinjuku.lg.jp/content/000448541.pdf,0696b0f3f72941906bde4f4a43e83ec821fadab4f0507739a78cee1e0ca8f295,一般会計（補正第11号）,"一般会計（補正第11号）…11号補正後予算額…198,310,298千円",supported,6f0debf420f637190af490baa9b1d6ddec80447f4ca97956895d96c979e480d3
shinjuku-2026-r1-shonin-1,hard,content,OCS1-H-01,提出日: 令和8年2月17日,https://www.city.shinjuku.lg.jp/content/000448425.pdf,d91d4b8cf65895b76e438ecf93c37f6678899d90fcb22c1522c2db507602852b,提出日・提出者,令和８年２月１７日…新宿区長…吉住…健一,supported,6f0debf420f637190af490baa9b1d6ddec80447f4ca97956895d96c979e480d3
shinjuku-2026-r1-shonin-1,hard,content,OCS1-H-02,提出者: 新宿区長 吉住健一,https://www.city.shinjuku.lg.jp/content/000448425.pdf,d91d4b8cf65895b76e438ecf93c37f6678899d90fcb22c1522c2db507602852b,提出日・提出者,令和８年２月１７日…新宿区長…吉住…健一,supported,6f0debf420f637190af490baa9b1d6ddec80447f4ca97956895d96c979e480d3
shinjuku-2026-r1-shonin-1,hard,content,OCS1-H-03,件名: 承認第1号 専決処分の承認について,https://www.city.shinjuku.lg.jp/content/000448425.pdf,d91d4b8cf65895b76e438ecf93c37f6678899d90fcb22c1522c2db507602852b,件名,承認第1号専決処分の承認について,supported,6f0debf420f637190af490baa9b1d6ddec80447f4ca97956895d96c979e480d3
shinjuku-2026-r1-shonin-1,hard,content,OCS1-H-04,専決処分した事件: 令和7年度新宿区一般会計補正予算（第11号）を定める件,https://www.city.shinjuku.lg.jp/content/000448425.pdf,d91d4b8cf65895b76e438ecf93c37f6678899d90fcb22c1522c2db507602852b,専決処分の告示（新宿区告示第54号）,議決すべき事件…令和7年度新宿区一般会計補正予算（第11号）を定める件,supported,6f0debf420f637190af490baa9b1d6ddec80447f4ca97956895d96c979e480d3
shinjuku-2026-r1-shonin-1,hard,content,OCS1-H-05,専決処分の日: 令和8年1月23日,https://www.city.shinjuku.lg.jp/content/000448425.pdf,d91d4b8cf65895b76e438ecf93c37f6678899d90fcb22c1522c2db507602852b,専決処分の告示（新宿区告示第54号）,処分した日令和8年1月23日,supported,6f0debf420f637190af490baa9b1d6ddec80447f4ca97956895d96c979e480d3
shinjuku-2026-r1-shonin-1,hard,content,OCS1-H-06,根拠: 地方自治法第179条第1項の規定による専決処分、同条第3項の規定による報告と承認の請求,https://www.city.shinjuku.lg.jp/content/000448425.pdf,d91d4b8cf65895b76e438ecf93c37f6678899d90fcb22c1522c2db507602852b,議案本文,令和7年度新宿区一般会計補正予算（第11号）を定める件については、地方自治法（昭和22年法律第67号）第179条第1項の規定に基づき、令和8年1月23日付けで専決処分したので、同条第3項の規定に基づき、別紙のとおりその処置について報告し、承認を求める,supported,6f0debf420f637190af490baa9b1d6ddec80447f4ca97956895d96c979e480d3
shinjuku-2026-r1-shonin-1,hard,content,OCS1-H-07,議決: 承認（議決結果ページの記載）,https://www.city.shinjuku.lg.jp/kusei/soumu01_002090_00015.html,7c2b6f68db1b433b860b35d176b4dd9211e78582ec9de718fcfefe68b22d896a,審議状況（議決結果ページ）,承認案（1件）承認第1号専決処分の承認について承認,supported,6f0debf420f637190af490baa9b1d6ddec80447f4ca97956895d96c979e480d3
shinjuku-2026-r1-shonin-1,hard,content,OCS1-H-08,提案の説明: 令和8年2月25日（水曜日）の本会議（第3日第3号）で区長が説明,https://ssp.kaigiroku.net/tenant/shinjuku/MinuteView.html?council_id=3163&schedule_id=4&minute_id=108,4708088d7b83ddd98b9a4375d4f3960c16f379361ebd22891a24449fca46d3c4,審議状況（本会議 2月25日 区長・議長）,承認第1号の専決処分の承認について御説明いたします。本案は、衆議院議員選挙及び最高裁判所裁判官国民審査の執行に伴い、緊急に令和7年度新宿区一般会計補正予算（第11号）を定めることが必要になったことを受け、地方自治法第179条第1項の規定により、令和8年1月23日付で行った専決処分について、同条第3項の規定に基づき御報告し、御承認を求めるものです,supported,6f0debf420f637190af490baa9b1d6ddec80447f4ca97956895d96c979e480d3
shinjuku-2026-r1-shonin-1,hard,content,OCS1-H-09,提案の説明: 令和8年2月25日（水曜日）の本会議（第3日第3号）で区長が説明,https://ssp.kaigiroku.net/tenant/shinjuku/MinuteView.html?council_id=3163&schedule_id=4&minute_id=1,3ccc7b9665b5c85e509060592cad910ed18345c1b72e8a75761ad1e7e538a622,審議状況（本会議 2月25日 区長・議長）,令和８年第１回定例会会議録（第３日）第３号令和８年２月２５日（水曜日）,supported,6f0debf420f637190af490baa9b1d6ddec80447f4ca97956895d96c979e480d3
shinjuku-2026-r1-shonin-1,hard,content,OCS1-H-10,付託: 議案付託表のとおり、総務区民委員会に付託,https://ssp.kaigiroku.net/tenant/shinjuku/MinuteView.html?council_id=3163&schedule_id=4&minute_id=109,8c0f45aab8a925397ff85a0665875cfc0d29cd7a650d4c1f3d93fa636fd45b26,審議状況（本会議 2月25日 区長・議長）,ただいま議題となっています承認第1号は、議案付託表のとおり、総務区民委員会に付託します,supported,6f0debf420f637190af490baa9b1d6ddec80447f4ca97956895d96c979e480d3
shinjuku-2026-r1-shonin-1,hard,content,OCS1-H-11,本会議: 令和8年3月24日（火曜日）、会議録 第4日第4号,https://ssp.kaigiroku.net/tenant/shinjuku/MinuteView.html?council_id=3163&schedule_id=5&minute_id=1,bd058d36962b45d8d965e4625bb95ecd661a102a026175213f37ba9eb575424a,審議状況（本会議 3月24日 議長）,令和８年第１回定例会会議録（第４日）第４号令和８年３月２４日（火曜日）,supported,6f0debf420f637190af490baa9b1d6ddec80447f4ca97956895d96c979e480d3
shinjuku-2026-r1-shonin-1,hard,content,OCS1-H-12,議題: 日程第2として単独で議題とした,https://ssp.kaigiroku.net/tenant/shinjuku/MinuteView.html?council_id=3163&schedule_id=5&minute_id=15,ad105b894947afde52f8d745191d666d4f86352f11179b9d1cf3655d9d6fde02,審議状況（本会議 3月24日 議長）,日程第2を議題とします,supported,6f0debf420f637190af490baa9b1d6ddec80447f4ca97956895d96c979e480d3
shinjuku-2026-r1-shonin-1,hard,content,OCS1-H-13,会議録: 承認第1号の議題朗読が記載されている,https://ssp.kaigiroku.net/tenant/shinjuku/MinuteView.html?council_id=3163&schedule_id=5&minute_id=16,67899ad960f811232aeffb35cf9157c5a4bc8cddc5c668cd7db04a668afeddcf,審議状況（本会議 3月24日 議長）,承認第1号専決処分の承認について,supported,6f0debf420f637190af490baa9b1d6ddec80447f4ca97956895d96c979e480d3
shinjuku-2026-r1-shonin-1,hard,content,OCS1-H-14,委員会審査報告: 総務区民委員会の審査報告書は承認,https://ssp.kaigiroku.net/tenant/shinjuku/MinuteView.html?council_id=3163&schedule_id=5&minute_id=17,f9365bfd81f5b760d4b05587ddaed2175506efd5c5a79651c20a77ee495a9f49,審議状況（本会議 3月24日 議長）,総務区民委員会審査報告書は、承認です,supported,6f0debf420f637190af490baa9b1d6ddec80447f4ca97956895d96c979e480d3
shinjuku-2026-r1-shonin-1,hard,content,OCS1-H-15,採決方法: 異議なし,https://ssp.kaigiroku.net/tenant/shinjuku/MinuteView.html?council_id=3163&schedule_id=5&minute_id=18,e33dc47dfbe81265a485efe31601850c628be46ccedd15292f1576c0c852574c,審議状況（本会議 3月24日 議長）,異議なしと認めます…本案は、委員会審査報告のとおり承認されました,supported,6f0debf420f637190af490baa9b1d6ddec80447f4ca97956895d96c979e480d3
shinjuku-2026-r1-shonin-1,hard,content,OCS1-H-16,会派別の賛否: 全8会派が賛成（採決結果行は ○○○○○○○○）,https://www.city.shinjuku.lg.jp/content/000452334.pdf,22ba4f49b18c96bd1fa26241606257c05477f38e25ac46d6f8e4f416a2cedbf2,審議状況（議案の概要と審議結果の採決結果行）,"専決処分の承認について…議決すべき事件：令和7年度新宿区一般会計補正予算（第11号）を定める件…補正予算額：２億687万円、補正後予算額：1,983億1,029万8千円…○○○○○○○○承認",supported,6f0debf420f637190af490baa9b1d6ddec80447f4ca97956895d96c979e480d3
shinjuku-2026-r1-shonin-1,hard,content,OCS1-H-17,会派: 自民・参政クラブ、新宿区議会公明党、日本共産党新宿区議会議員団、新宿未来の会、立憲民主党・無所属クラブ、日本維新の会・新宿区議団、現役世代に優しい新宿・減税の会、れいわ新選組 新宿,https://www.city.shinjuku.lg.jp/content/000452334.pdf,22ba4f49b18c96bd1fa26241606257c05477f38e25ac46d6f8e4f416a2cedbf2,会派略称・列の並び,共産＝日本共産党新宿区議会議員団…れいわ＝れいわ新選組 新宿…自参ク＝自民・参政クラブ…公明＝新宿区議会公明党…新宿会＝新宿未来の会…民無ク＝立憲民主党・無所属クラブ…維新＝日本維新の会・新宿区議団…現役＝現役世代に優しい新宿・減税の会,supported,6f0debf420f637190af490baa9b1d6ddec80447f4ca97956895d96c979e480d3
shinjuku-2026-r1-shonin-1,hard,content,OCS1-H-18,令和7年度新宿区一般会計補正予算（第11号）を定める件については、地方自治法（昭和22年法律第67号）第179条第1項の規定に基づき、令和8年1月23日付けで専決処分したので、同条第3項の規定に基づき、別紙のとおりその処置について報告し、承認を求める。,https://www.city.shinjuku.lg.jp/content/000448425.pdf,d91d4b8cf65895b76e438ecf93c37f6678899d90fcb22c1522c2db507602852b,議案本文,令和7年度新宿区一般会計補正予算（第11号）を定める件については、地方自治法（昭和22年法律第67号）第179条第1項の規定に基づき、令和8年1月23日付けで専決処分したので、同条第3項の規定に基づき、別紙のとおりその処置について報告し、承認を求める,supported,6f0debf420f637190af490baa9b1d6ddec80447f4ca97956895d96c979e480d3
shinjuku-2026-r1-shonin-1,hard,content,OCS1-H-19,承認第1号は条例の改正ではなく、専決処分の承認を求める議案である。専決処分の内容は、議案に添付された新宿区告示第54号に示されている。,https://www.city.shinjuku.lg.jp/content/000448425.pdf,d91d4b8cf65895b76e438ecf93c37f6678899d90fcb22c1522c2db507602852b,議案本文,令和7年度新宿区一般会計補正予算（第11号）を定める件については、地方自治法（昭和22年法律第67号）第179条第1項の規定に基づき、令和8年1月23日付けで専決処分したので、同条第3項の規定に基づき、別紙のとおりその処置について報告し、承認を求める,supported,6f0debf420f637190af490baa9b1d6ddec80447f4ca97956895d96c979e480d3
shinjuku-2026-r1-shonin-1,hard,content,OCS1-H-20,承認第1号は条例の改正ではなく、専決処分の承認を求める議案である。専決処分の内容は、議案に添付された新宿区告示第54号に示されている。,https://www.city.shinjuku.lg.jp/content/000448425.pdf,d91d4b8cf65895b76e438ecf93c37f6678899d90fcb22c1522c2db507602852b,専決処分の告示（新宿区告示第54号）,新宿区告示第54号専決処分について,supported,6f0debf420f637190af490baa9b1d6ddec80447f4ca97956895d96c979e480d3
shinjuku-2026-r1-shonin-1,hard,content,OCS1-H-21,告示 / 新宿区告示第54号 専決処分について,https://www.city.shinjuku.lg.jp/content/000448425.pdf,d91d4b8cf65895b76e438ecf93c37f6678899d90fcb22c1522c2db507602852b,専決処分の告示（新宿区告示第54号）,新宿区告示第54号専決処分について,supported,6f0debf420f637190af490baa9b1d6ddec80447f4ca97956895d96c979e480d3
shinjuku-2026-r1-shonin-1,hard,content,OCS1-H-22,議決すべき事件 / 令和7年度新宿区一般会計補正予算（第11号）を定める件,https://www.city.shinjuku.lg.jp/content/000448425.pdf,d91d4b8cf65895b76e438ecf93c37f6678899d90fcb22c1522c2db507602852b,専決処分の告示（新宿区告示第54号）,議決すべき事件…令和7年度新宿区一般会計補正予算（第11号）を定める件,supported,6f0debf420f637190af490baa9b1d6ddec80447f4ca97956895d96c979e480d3
shinjuku-2026-r1-shonin-1,hard,content,OCS1-H-23,処分した日 / 令和8年1月23日,https://www.city.shinjuku.lg.jp/content/000448425.pdf,d91d4b8cf65895b76e438ecf93c37f6678899d90fcb22c1522c2db507602852b,専決処分の告示（新宿区告示第54号）,処分した日令和8年1月23日,supported,6f0debf420f637190af490baa9b1d6ddec80447f4ca97956895d96c979e480d3
shinjuku-2026-r1-shonin-1,hard,content,OCS1-H-24,理由 / 衆議院議員選挙及び最高裁判所裁判官国民審査の執行に関し、令和7年度新宿区一般会計歳入歳出予算を補正する必要があるため,https://www.city.shinjuku.lg.jp/content/000448425.pdf,d91d4b8cf65895b76e438ecf93c37f6678899d90fcb22c1522c2db507602852b,専決処分の告示（新宿区告示第54号）,理由衆議院議員選挙及び最高裁判所裁判官国民審査の執行に関し、令和7年度新宿区一般会計歳入歳出予算を補正する必要があるため,supported,6f0debf420f637190af490baa9b1d6ddec80447f4ca97956895d96c979e480d3
shinjuku-2026-r1-shonin-1,hard,content,OCS1-H-25,新宿区議会の議決すべき事件について、特に緊急を要するため新宿区議会を招集する時間的余裕がないことが明らかであると認め、地方自治法（昭和22年法律第67号）第179条第1項の規定により次のとおり処分した。,https://www.city.shinjuku.lg.jp/content/000448425.pdf,d91d4b8cf65895b76e438ecf93c37f6678899d90fcb22c1522c2db507602852b,専決処分の告示（新宿区告示第54号）,特に緊急を要するため新宿区議会を招集する時間的余裕がないことが明らかであると認め、地方自治法（昭和22年法律第67号）第179条第1項の規定により次のとおり処分した,supported,6f0debf420f637190af490baa9b1d6ddec80447f4ca97956895d96c979e480d3
shinjuku-2026-r1-shonin-1,hard,content,OCS1-H-26,"11号補正後予算額 / 一般会計 / 198,310,298",https://www.city.shinjuku.lg.jp/content/000448541.pdf,0696b0f3f72941906bde4f4a43e83ec821fadab4f0507739a78cee1e0ca8f295,一般会計（補正第11号）,"一般会計（補正第11号）…11号補正後予算額…198,310,298千円",supported,6f0debf420f637190af490baa9b1d6ddec80447f4ca97956895d96c979e480d3
shinjuku-2026-r1-shonin-1,hard,content,OCS1-H-27,"歳出 / 2款 総務費 衆議院議員選挙及び最高裁判所裁判官国民審査の執行に要する経費 / 206,870",https://www.city.shinjuku.lg.jp/content/000448541.pdf,0696b0f3f72941906bde4f4a43e83ec821fadab4f0507739a78cee1e0ca8f295,歳出（2 総務費）,"衆議院議員選挙及び最高裁判…所裁判官国民審査の執行に要…する経費…206,870千円",supported,6f0debf420f637190af490baa9b1d6ddec80447f4ca97956895d96c979e480d3
shinjuku-2026-r1-shonin-1,hard,content,OCS1-H-28,"歳入 / 15款 都支出金（委託金） 衆議院議員選挙及び国民審査費 / 206,870",https://www.city.shinjuku.lg.jp/content/000448541.pdf,0696b0f3f72941906bde4f4a43e83ec821fadab4f0507739a78cee1e0ca8f295,歳入（15 都支出金）,"歳入…206,870千円…15都支出金…（委託金）…衆議院議員選挙及び国民審査費…206,870千円",supported,6f0debf420f637190af490baa9b1d6ddec80447f4ca97956895d96c979e480d3
shinjuku-2026-r1-shonin-1,hard,content,OCS1-H-29,"「議案の概要と審議結果」は、補正予算額を2億687万円、補正後予算額を1,983億1,029万8千円と記す。",https://www.city.shinjuku.lg.jp/content/000452334.pdf,22ba4f49b18c96bd1fa26241606257c05477f38e25ac46d6f8e4f416a2cedbf2,専決処分の承認について（議案の概要）,"補正予算額：２億687万円、補正後予算額：1,983億1,029万8千円",supported,6f0debf420f637190af490baa9b1d6ddec80447f4ca97956895d96c979e480d3
shinjuku-2026-r1-shonin-1,hard,content,OCS1-H-30,"衆議院議員選挙及び国民審査費 / 206,870 / 2億687万円",https://www.city.shinjuku.lg.jp/content/000448541.pdf,0696b0f3f72941906bde4f4a43e83ec821fadab4f0507739a78cee1e0ca8f295,執行に要する経費,"衆議院議員選挙及び国民審査費206,870",supported,6f0debf420f637190af490baa9b1d6ddec80447f4ca97956895d96c979e480d3
shinjuku-2026-r1-shonin-1,hard,content,OCS1-H-31,"1 投票事務 / 119,893 / 1億1,989万3千円",https://www.city.shinjuku.lg.jp/content/000448541.pdf,0696b0f3f72941906bde4f4a43e83ec821fadab4f0507739a78cee1e0ca8f295,執行に要する経費の内訳,"1投票事務119,893",supported,6f0debf420f637190af490baa9b1d6ddec80447f4ca97956895d96c979e480d3
shinjuku-2026-r1-shonin-1,hard,content,OCS1-H-32,"2 期日前投票及び不在者投票事務 / 25,061 / 2,506万1千円",https://www.city.shinjuku.lg.jp/content/000448541.pdf,0696b0f3f72941906bde4f4a43e83ec821fadab4f0507739a78cee1e0ca8f295,執行に要する経費の内訳,"2期日前投票及び不在者投票事務25,061",supported,6f0debf420f637190af490baa9b1d6ddec80447f4ca97956895d96c979e480d3
shinjuku-2026-r1-shonin-1,hard,content,OCS1-H-33,"3 開票事務 / 20,495 / 2,049万5千円",https://www.city.shinjuku.lg.jp/content/000448541.pdf,0696b0f3f72941906bde4f4a43e83ec821fadab4f0507739a78cee1e0ca8f295,執行に要する経費の内訳,"3開票事務20,495",supported,6f0debf420f637190af490baa9b1d6ddec80447f4ca97956895d96c979e480d3
shinjuku-2026-r1-shonin-1,hard,content,OCS1-H-34,"4 ポスター掲示場設置等 / 17,221 / 1,722万1千円",https://www.city.shinjuku.lg.jp/content/000448541.pdf,0696b0f3f72941906bde4f4a43e83ec821fadab4f0507739a78cee1e0ca8f295,執行に要する経費の内訳,"4ポスター掲示場設置等17,221",supported,6f0debf420f637190af490baa9b1d6ddec80447f4ca97956895d96c979e480d3
shinjuku-2026-r1-shonin-1,hard,content,OCS1-H-35,"5 選挙時啓発 / 2,613 / 261万3千円",https://www.city.shinjuku.lg.jp/content/000448541.pdf,0696b0f3f72941906bde4f4a43e83ec821fadab4f0507739a78cee1e0ca8f295,執行に要する経費の内訳,"5選挙時啓発2,613",supported,6f0debf420f637190af490baa9b1d6ddec80447f4ca97956895d96c979e480d3
shinjuku-2026-r1-shonin-1,hard,content,OCS1-H-36,"6 選挙公報配布 / 9,102 / 910万2千円",https://www.city.shinjuku.lg.jp/content/000448541.pdf,0696b0f3f72941906bde4f4a43e83ec821fadab4f0507739a78cee1e0ca8f295,執行に要する経費の内訳,"6選挙公報配布9,102",supported,6f0debf420f637190af490baa9b1d6ddec80447f4ca97956895d96c979e480d3
shinjuku-2026-r1-shonin-1,hard,content,OCS1-H-37,"7 一般事務費 / 12,485 / 1,248万5千円",https://www.city.shinjuku.lg.jp/content/000448541.pdf,0696b0f3f72941906bde4f4a43e83ec821fadab4f0507739a78cee1e0ca8f295,執行に要する経費の内訳,"7一般事務費12,485",supported,6f0debf420f637190af490baa9b1d6ddec80447f4ca97956895d96c979e480d3
shinjuku-2026-r1-shonin-1,hard,content,OCS1-H-38,選挙の期日（投・開票日） / 令和8年2月8日（日）,https://www.city.shinjuku.lg.jp/content/000448541.pdf,0696b0f3f72941906bde4f4a43e83ec821fadab4f0507739a78cee1e0ca8f295,選挙の期日等,投・開票日…令和8年2月8日（日）…最高裁判所裁判官国民審査の告示日…令和8年1月27日（火）,supported,6f0debf420f637190af490baa9b1d6ddec80447f4ca97956895d96c979e480d3
shinjuku-2026-r1-shonin-1,hard,content,OCS1-H-39,衆議院議員選挙の公示日・最高裁判所裁判官国民審査の告示日 / 令和8年1月27日（火）,https://www.city.shinjuku.lg.jp/content/000448541.pdf,0696b0f3f72941906bde4f4a43e83ec821fadab4f0507739a78cee1e0ca8f295,選挙の期日等,投・開票日…令和8年2月8日（日）…最高裁判所裁判官国民審査の告示日…令和8年1月27日（火）,supported,6f0debf420f637190af490baa9b1d6ddec80447f4ca97956895d96c979e480d3
shinjuku-2026-r1-shonin-1,hard,content,OCS1-H-40,期日前投票（衆議院議員選挙） / 新宿区役所（第一分庁舎）令和8年1月28日（水）～2月7日（土）、特別出張所（全10か所）令和8年2月1日（日）～2月7日（土）,https://www.city.shinjuku.lg.jp/content/000448541.pdf,0696b0f3f72941906bde4f4a43e83ec821fadab4f0507739a78cee1e0ca8f295,期日前投票の期間,期日前投票の期間…新宿区役所（第一分庁舎）…令和8年1月28日（水）～2月7日（土）…特別出張所（全10か所）…令和8年2月1日（日）～2月7日（土）,supported,6f0debf420f637190af490baa9b1d6ddec80447f4ca97956895d96c979e480d3
shinjuku-2026-r1-shonin-1,hard,content,OCS1-H-41,期日前投票（最高裁判所裁判官国民審査） / 新宿区役所（第一分庁舎）・特別出張所（全10か所）とも令和8年2月1日（日）～2月7日（土）,https://www.city.shinjuku.lg.jp/content/000448541.pdf,0696b0f3f72941906bde4f4a43e83ec821fadab4f0507739a78cee1e0ca8f295,期日前投票の期間（最高裁判所裁判官国民審査）,最高裁判所裁判官国民審査…新宿区役所（第一分庁舎）…令和8年2月1日（日）～2月7日（土）…特別出張所（全10か所）…令和8年2月1日（日）～2月7日（土）,supported,6f0debf420f637190af490baa9b1d6ddec80447f4ca97956895d96c979e480d3
shinjuku-2026-r1-shonin-1,hard,content,OCS1-H-42,"永久選挙人名簿登録者 / 274,683人（令和7年12月1日現在）",https://www.city.shinjuku.lg.jp/content/000448541.pdf,0696b0f3f72941906bde4f4a43e83ec821fadab4f0507739a78cee1e0ca8f295,規模,"永久選挙人名簿登録者…在外選挙人名簿登録者…274,683人（令和7年12月1日現在）…1,090人（令和7年12月25日現在）",supported,6f0debf420f637190af490baa9b1d6ddec80447f4ca97956895d96c979e480d3
shinjuku-2026-r1-shonin-1,hard,content,OCS1-H-43,"在外選挙人名簿登録者 / 1,090人（令和7年12月25日現在）",https://www.city.shinjuku.lg.jp/content/000448541.pdf,0696b0f3f72941906bde4f4a43e83ec821fadab4f0507739a78cee1e0ca8f295,規模,"永久選挙人名簿登録者…在外選挙人名簿登録者…274,683人（令和7年12月1日現在）…1,090人（令和7年12月25日現在）",supported,6f0debf420f637190af490baa9b1d6ddec80447f4ca97956895d96c979e480d3
shinjuku-2026-r1-shonin-1,hard,content,OCS1-H-44,投票所・期日前投票所・開票所・ポスター掲示場 / 50所・11所・1所（新宿スポーツセンター）・379所,https://www.city.shinjuku.lg.jp/content/000448541.pdf,0696b0f3f72941906bde4f4a43e83ec821fadab4f0507739a78cee1e0ca8f295,規模,50所…11所…1所（新宿スポーツセンター）…379所,supported,6f0debf420f637190af490baa9b1d6ddec80447f4ca97956895d96c979e480d3
shinjuku-2026-r1-shonin-1,hard,content,OCS1-H-45,専決処分は令和8年1月23日付けで行われた。,https://www.city.shinjuku.lg.jp/content/000448425.pdf,d91d4b8cf65895b76e438ecf93c37f6678899d90fcb22c1522c2db507602852b,専決処分の告示（新宿区告示第54号）,処分した日令和8年1月23日,supported,6f0debf420f637190af490baa9b1d6ddec80447f4ca97956895d96c979e480d3
shinjuku-2026-r1-shonin-1,hard,content,OCS1-H-46,承認第1号は条例の制定改廃ではなく、施行期日や経過措置を定める附則は、議案の本文にも告示にもない。,https://www.city.shinjuku.lg.jp/content/000448425.pdf,d91d4b8cf65895b76e438ecf93c37f6678899d90fcb22c1522c2db507602852b,議案本文,令和7年度新宿区一般会計補正予算（第11号）を定める件については、地方自治法（昭和22年法律第67号）第179条第1項の規定に基づき、令和8年1月23日付けで専決処分したので、同条第3項の規定に基づき、別紙のとおりその処置について報告し、承認を求める,supported,6f0debf420f637190af490baa9b1d6ddec80447f4ca97956895d96c979e480d3
shinjuku-2026-r1-shonin-1,hard,content,OCS1-H-47,承認第1号は条例の制定改廃ではなく、施行期日や経過措置を定める附則は、議案の本文にも告示にもない。,https://www.city.shinjuku.lg.jp/content/000448425.pdf,d91d4b8cf65895b76e438ecf93c37f6678899d90fcb22c1522c2db507602852b,専決処分の告示（新宿区告示第54号）,新宿区告示第54号専決処分について,supported,6f0debf420f637190af490baa9b1d6ddec80447f4ca97956895d96c979e480d3
shinjuku-2026-r1-shonin-1,hard,content,OCS1-H-48,承認第1号 全文 / https://www.city.shinjuku.lg.jp/content/000448425.pdf / d91d4b8cf65895b76e438ecf93c37f6678899d90fcb22c1522c2db507602852b,https://www.city.shinjuku.lg.jp/content/000448425.pdf,d91d4b8cf65895b76e438ecf93c37f6678899d90fcb22c1522c2db507602852b,件名,承認第1号専決処分の承認について,supported,6f0debf420f637190af490baa9b1d6ddec80447f4ca97956895d96c979e480d3
shinjuku-2026-r1-shonin-1,hard,content,OCS1-H-49,令和7年度1月補正予算概要（承認第1号） / https://www.city.shinjuku.lg.jp/content/000448541.pdf / 0696b0f3f72941906bde4f4a43e83ec821fadab4f0507739a78cee1e0ca8f295,https://www.city.shinjuku.lg.jp/content/000448541.pdf,0696b0f3f72941906bde4f4a43e83ec821fadab4f0507739a78cee1e0ca8f295,令和7年度1月補正予算概要,承認第1号…令和7年度1月補正予算概要,supported,6f0debf420f637190af490baa9b1d6ddec80447f4ca97956895d96c979e480d3
shinjuku-2026-r1-shonin-1,hard,content,OCS1-H-50,議案の概要と審議結果 / https://www.city.shinjuku.lg.jp/content/000452334.pdf / 22ba4f49b18c96bd1fa26241606257c05477f38e25ac46d6f8e4f416a2cedbf2,https://www.city.shinjuku.lg.jp/content/000452334.pdf,22ba4f49b18c96bd1fa26241606257c05477f38e25ac46d6f8e4f416a2cedbf2,議案の概要と審議結果,議案の概要と審議結果,supported,6f0debf420f637190af490baa9b1d6ddec80447f4ca97956895d96c979e480d3
shinjuku-2026-r1-shonin-1,hard,content,OCS1-H-51,議決結果ページ（2026-10-04 取得） / https://www.city.shinjuku.lg.jp/kusei/soumu01_002090_00015.html / 7c2b6f68db1b433b860b35d176b4dd9211e78582ec9de718fcfefe68b22d896a,https://www.city.shinjuku.lg.jp/kusei/soumu01_002090_00015.html,7c2b6f68db1b433b860b35d176b4dd9211e78582ec9de718fcfefe68b22d896a,審議状況（議決結果ページ）,承認案（1件）承認第1号専決処分の承認について承認,supported,6f0debf420f637190af490baa9b1d6ddec80447f4ca97956895d96c979e480d3
shinjuku-2026-r1-shonin-1,hard,content,OCS1-H-52,会議録 2月25日 区長（提案説明） / https://ssp.kaigiroku.net/tenant/shinjuku/MinuteView.html?council_id=3163&schedule_id=4&minute_id=108 / 4708088d7b83ddd98b9a4375d4f3960c16f379361ebd22891a24449fca46d3c4,https://ssp.kaigiroku.net/tenant/shinjuku/MinuteView.html?council_id=3163&schedule_id=4&minute_id=108,4708088d7b83ddd98b9a4375d4f3960c16f379361ebd22891a24449fca46d3c4,審議状況（本会議 2月25日 区長・議長）,承認第1号の専決処分の承認について御説明いたします。本案は、衆議院議員選挙及び最高裁判所裁判官国民審査の執行に伴い、緊急に令和7年度新宿区一般会計補正予算（第11号）を定めることが必要になったことを受け、地方自治法第179条第1項の規定により、令和8年1月23日付で行った専決処分について、同条第3項の規定に基づき御報告し、御承認を求めるものです,supported,6f0debf420f637190af490baa9b1d6ddec80447f4ca97956895d96c979e480d3
shinjuku-2026-r1-shonin-1,hard,content,OCS1-H-53,会議録 2月25日 議長（付託） / https://ssp.kaigiroku.net/tenant/shinjuku/MinuteView.html?council_id=3163&schedule_id=4&minute_id=109 / 8c0f45aab8a925397ff85a0665875cfc0d29cd7a650d4c1f3d93fa636fd45b26,https://ssp.kaigiroku.net/tenant/shinjuku/MinuteView.html?council_id=3163&schedule_id=4&minute_id=109,8c0f45aab8a925397ff85a0665875cfc0d29cd7a650d4c1f3d93fa636fd45b26,審議状況（本会議 2月25日 区長・議長）,ただいま議題となっています承認第1号は、議案付託表のとおり、総務区民委員会に付託します,supported,6f0debf420f637190af490baa9b1d6ddec80447f4ca97956895d96c979e480d3
shinjuku-2026-r1-shonin-1,hard,content,OCS1-H-54,会議録 3月24日 議長（委員会審査報告） / https://ssp.kaigiroku.net/tenant/shinjuku/MinuteView.html?council_id=3163&schedule_id=5&minute_id=17 / f9365bfd81f5b760d4b05587ddaed2175506efd5c5a79651c20a77ee495a9f49,https://ssp.kaigiroku.net/tenant/shinjuku/MinuteView.html?council_id=3163&schedule_id=5&minute_id=17,f9365bfd81f5b760d4b05587ddaed2175506efd5c5a79651c20a77ee495a9f49,審議状況（本会議 3月24日 議長）,総務区民委員会審査報告書は、承認です,supported,6f0debf420f637190af490baa9b1d6ddec80447f4ca97956895d96c979e480d3
shinjuku-2026-r1-shonin-1,hard,content,OCS1-H-55,会議録 3月24日 議長（採決） / https://ssp.kaigiroku.net/tenant/shinjuku/MinuteView.html?council_id=3163&schedule_id=5&minute_id=18 / e33dc47dfbe81265a485efe31601850c628be46ccedd15292f1576c0c852574c,https://ssp.kaigiroku.net/tenant/shinjuku/MinuteView.html?council_id=3163&schedule_id=5&minute_id=18,e33dc47dfbe81265a485efe31601850c628be46ccedd15292f1576c0c852574c,審議状況（本会議 3月24日 議長）,異議なしと認めます…本案は、委員会審査報告のとおり承認されました,supported,6f0debf420f637190af490baa9b1d6ddec80447f4ca97956895d96c979e480d3
shinjuku-2026-r1-gian-41,easy,title,OC41-ET-01,見出し: 国民健康保険料の 決まりを 変えます,https://www.city.shinjuku.lg.jp/content/000450970.pdf,86bc683ffe2891e9c7ba6347e8ef0ebb4e5e3108fc38232e79b5cbc715a92dda,第41号議案,基礎賦課額等の保険料率を次のとおり改定する,supported,b0a2917a68f56732fcf95022f9725d18f77989c2ca5569fea6d8b011055c5891
shinjuku-2026-r1-gian-41,easy,summary,OC41-ES-01,要約: 国民健康保険料の 率や 金額を 変えます。,https://www.city.shinjuku.lg.jp/content/000450970.pdf,86bc683ffe2891e9c7ba6347e8ef0ebb4e5e3108fc38232e79b5cbc715a92dda,第41号議案,基礎賦課額等の保険料率を次のとおり改定する,supported,b0a2917a68f56732fcf95022f9725d18f77989c2ca5569fea6d8b011055c5891
shinjuku-2026-r1-gian-41,easy,summary,OC41-ES-02,要約: 新しく 子ども・子育て支援納付金を 足します。,https://www.city.shinjuku.lg.jp/content/000450970.pdf,86bc683ffe2891e9c7ba6347e8ef0ebb4e5e3108fc38232e79b5cbc715a92dda,第41号議案,子ども・子育て支援法の改正等により子ども・子育て支援金制度が創設されたことに伴い、保険料の賦課額に子ども・子育て支援納付金賦課額を追加し、保険料率を定める,supported,b0a2917a68f56732fcf95022f9725d18f77989c2ca5569fea6d8b011055c5891
shinjuku-2026-r1-gian-41,easy,summary,OC41-ES-03,要約: 始まる 日は 2026年（令和8年）4月1日（水）です。,https://www.city.shinjuku.lg.jp/content/000451614.pdf,a24b0555a1d4d0150686d1205bf1b6be467b484629ddaed70dca3cf6b8cb1cbc,附則（施行期日）,この条例は、令和8年4月1日から施行する,supported,b0a2917a68f56732fcf95022f9725d18f77989c2ca5569fea6d8b011055c5891
shinjuku-2026-r1-gian-41,easy,content,OC41-E-01,【新宿区国民健康保険条例】［しんじゅくくこくみんけんこうほけんじょうれい］（＝区の 国民健康保険の 決まり）を 変えます。,https://www.city.shinjuku.lg.jp/content/000451614.pdf,a24b0555a1d4d0150686d1205bf1b6be467b484629ddaed70dca3cf6b8cb1cbc,件名,新宿区国民健康保険条例の一部を改正する条例,supported,b0a2917a68f56732fcf95022f9725d18f77989c2ca5569fea6d8b011055c5891
shinjuku-2026-r1-gian-41,easy,content,OC41-E-02,対象は 昭和34年 新宿区条例 第11号です。,https://www.city.shinjuku.lg.jp/content/000451614.pdf,a24b0555a1d4d0150686d1205bf1b6be467b484629ddaed70dca3cf6b8cb1cbc,改め文,新宿区国民健康保険条例（昭和34年新宿区条例第11号）の一部を次のように改正する,supported,b0a2917a68f56732fcf95022f9725d18f77989c2ca5569fea6d8b011055c5891
shinjuku-2026-r1-gian-41,easy,content,OC41-E-03,議案は 2026年（令和8年）3月24日（火）に 出されました。,https://www.city.shinjuku.lg.jp/content/000451614.pdf,a24b0555a1d4d0150686d1205bf1b6be467b484629ddaed70dca3cf6b8cb1cbc,提出日・提出者,令和８年３月２４日…新宿区長…吉住…健一,supported,b0a2917a68f56732fcf95022f9725d18f77989c2ca5569fea6d8b011055c5891
shinjuku-2026-r1-gian-41,easy,content,OC41-E-04,変える 理由は 4つ あります。,https://www.city.shinjuku.lg.jp/content/000450970.pdf,86bc683ffe2891e9c7ba6347e8ef0ebb4e5e3108fc38232e79b5cbc715a92dda,第41号議案,基礎賦課額等の保険料率を次のとおり改定する,supported,b0a2917a68f56732fcf95022f9725d18f77989c2ca5569fea6d8b011055c5891
shinjuku-2026-r1-gian-41,easy,content,OC41-E-05,変える 理由は 4つ あります。,https://www.city.shinjuku.lg.jp/content/000450970.pdf,86bc683ffe2891e9c7ba6347e8ef0ebb4e5e3108fc38232e79b5cbc715a92dda,第41号議案,子ども・子育て支援法の改正等により子ども・子育て支援金制度が創設されたことに伴い、保険料の賦課額に子ども・子育て支援納付金賦課額を追加し、保険料率を定める,supported,b0a2917a68f56732fcf95022f9725d18f77989c2ca5569fea6d8b011055c5891
shinjuku-2026-r1-gian-41,easy,content,OC41-E-06,変える 理由は 4つ あります。,https://www.city.shinjuku.lg.jp/content/000450970.pdf,86bc683ffe2891e9c7ba6347e8ef0ebb4e5e3108fc38232e79b5cbc715a92dda,第41号議案,国民健康保険法施行令の改正に伴い、保険料の減額の対象となる所得基準を次のとおり改める,supported,b0a2917a68f56732fcf95022f9725d18f77989c2ca5569fea6d8b011055c5891
shinjuku-2026-r1-gian-41,easy,content,OC41-E-07,変える 理由は 4つ あります。,https://www.city.shinjuku.lg.jp/content/000450970.pdf,86bc683ffe2891e9c7ba6347e8ef0ebb4e5e3108fc38232e79b5cbc715a92dda,第41号議案,世帯主が1月1日に日本国内に住所を有していなかった世帯の普通徴収に係る保険料の前納について定める,supported,b0a2917a68f56732fcf95022f9725d18f77989c2ca5569fea6d8b011055c5891
shinjuku-2026-r1-gian-41,easy,content,OC41-E-08,1つ目は 保険料の 率や 金額の 見直しです。,https://www.city.shinjuku.lg.jp/content/000450970.pdf,86bc683ffe2891e9c7ba6347e8ef0ebb4e5e3108fc38232e79b5cbc715a92dda,第41号議案,基礎賦課額等の保険料率を次のとおり改定する,supported,b0a2917a68f56732fcf95022f9725d18f77989c2ca5569fea6d8b011055c5891
shinjuku-2026-r1-gian-41,easy,content,OC41-E-09,2つ目は 子ども・子育て支援金制度の 開始です。,https://www.city.shinjuku.lg.jp/content/000450970.pdf,86bc683ffe2891e9c7ba6347e8ef0ebb4e5e3108fc38232e79b5cbc715a92dda,第41号議案,子ども・子育て支援法の改正等により子ども・子育て支援金制度が創設されたことに伴い、保険料の賦課額に子ども・子育て支援納付金賦課額を追加し、保険料率を定める,supported,b0a2917a68f56732fcf95022f9725d18f77989c2ca5569fea6d8b011055c5891
shinjuku-2026-r1-gian-41,easy,content,OC41-E-10,3つ目は 保険料を 減らす 所得基準の 見直しです。,https://www.city.shinjuku.lg.jp/content/000450970.pdf,86bc683ffe2891e9c7ba6347e8ef0ebb4e5e3108fc38232e79b5cbc715a92dda,第41号議案,国民健康保険法施行令の改正に伴い、保険料の減額の対象となる所得基準を次のとおり改める,supported,b0a2917a68f56732fcf95022f9725d18f77989c2ca5569fea6d8b011055c5891
shinjuku-2026-r1-gian-41,easy,content,OC41-E-11,4つ目は 納期限に ついての 決まりです。,https://www.city.shinjuku.lg.jp/content/000450970.pdf,86bc683ffe2891e9c7ba6347e8ef0ebb4e5e3108fc38232e79b5cbc715a92dda,第41号議案,世帯主が1月1日に日本国内に住所を有していなかった世帯の普通徴収に係る保険料の前納について定める,supported,b0a2917a68f56732fcf95022f9725d18f77989c2ca5569fea6d8b011055c5891
shinjuku-2026-r1-gian-41,easy,content,OC41-E-12,【所得割】［しょとくわり］（＝所得に 応じて 決まる 保険料）の 率を 変えます。,https://www.city.shinjuku.lg.jp/content/000450970.pdf,86bc683ffe2891e9c7ba6347e8ef0ebb4e5e3108fc38232e79b5cbc715a92dda,基礎賦課額,基礎賦課額所得割100分の7.71100分の7.51,supported,b0a2917a68f56732fcf95022f9725d18f77989c2ca5569fea6d8b011055c5891
shinjuku-2026-r1-gian-41,easy,content,OC41-E-13,【被保険者均等割】［ひほけんしゃきんとうわり］（＝加入者 1人ごとの 保険料）の 額を 変えます。,https://www.city.shinjuku.lg.jp/content/000450970.pdf,86bc683ffe2891e9c7ba6347e8ef0ebb4e5e3108fc38232e79b5cbc715a92dda,基礎賦課額,"被保険者均等割4万7,300円4万7,600円",supported,b0a2917a68f56732fcf95022f9725d18f77989c2ca5569fea6d8b011055c5891
shinjuku-2026-r1-gian-41,easy,content,OC41-E-14,【賦課限度額】［ふかげんどがく］（＝保険料の 上限の 額）も 変えます。,https://www.city.shinjuku.lg.jp/content/000450970.pdf,86bc683ffe2891e9c7ba6347e8ef0ebb4e5e3108fc38232e79b5cbc715a92dda,基礎賦課額,賦課限度額66万円67万円,supported,b0a2917a68f56732fcf95022f9725d18f77989c2ca5569fea6d8b011055c5891
shinjuku-2026-r1-gian-41,easy,content,OC41-E-15,基礎賦課額は 次の とおりです。,https://www.city.shinjuku.lg.jp/content/000450970.pdf,86bc683ffe2891e9c7ba6347e8ef0ebb4e5e3108fc38232e79b5cbc715a92dda,基礎賦課額,基礎賦課額所得割100分の7.71100分の7.51,supported,b0a2917a68f56732fcf95022f9725d18f77989c2ca5569fea6d8b011055c5891
shinjuku-2026-r1-gian-41,easy,content,OC41-E-16,所得割は 100分の7.71から 100分の7.51です。,https://www.city.shinjuku.lg.jp/content/000450970.pdf,86bc683ffe2891e9c7ba6347e8ef0ebb4e5e3108fc38232e79b5cbc715a92dda,基礎賦課額,基礎賦課額所得割100分の7.71100分の7.51,supported,b0a2917a68f56732fcf95022f9725d18f77989c2ca5569fea6d8b011055c5891
shinjuku-2026-r1-gian-41,easy,content,OC41-E-17,"被保険者均等割は 4万7,300円から 4万7,600円です。",https://www.city.shinjuku.lg.jp/content/000450970.pdf,86bc683ffe2891e9c7ba6347e8ef0ebb4e5e3108fc38232e79b5cbc715a92dda,基礎賦課額,"被保険者均等割4万7,300円4万7,600円",supported,b0a2917a68f56732fcf95022f9725d18f77989c2ca5569fea6d8b011055c5891
shinjuku-2026-r1-gian-41,easy,content,OC41-E-18,賦課限度額は 66万円から 67万円です。,https://www.city.shinjuku.lg.jp/content/000450970.pdf,86bc683ffe2891e9c7ba6347e8ef0ebb4e5e3108fc38232e79b5cbc715a92dda,基礎賦課額,賦課限度額66万円67万円,supported,b0a2917a68f56732fcf95022f9725d18f77989c2ca5569fea6d8b011055c5891
shinjuku-2026-r1-gian-41,easy,content,OC41-E-19,後期高齢者支援金等賦課額は 次の とおりです。,https://www.city.shinjuku.lg.jp/content/000450970.pdf,86bc683ffe2891e9c7ba6347e8ef0ebb4e5e3108fc38232e79b5cbc715a92dda,後期高齢者支援金等賦課額,所得割100分の2.69100分の2.80,supported,b0a2917a68f56732fcf95022f9725d18f77989c2ca5569fea6d8b011055c5891
shinjuku-2026-r1-gian-41,easy,content,OC41-E-20,所得割は 100分の2.69から 100分の2.80です。,https://www.city.shinjuku.lg.jp/content/000450970.pdf,86bc683ffe2891e9c7ba6347e8ef0ebb4e5e3108fc38232e79b5cbc715a92dda,後期高齢者支援金等賦課額,所得割100分の2.69100分の2.80,supported,b0a2917a68f56732fcf95022f9725d18f77989c2ca5569fea6d8b011055c5891
shinjuku-2026-r1-gian-41,easy,content,OC41-E-21,"被保険者均等割は 1万6,800円から 1万7,600円です。",https://www.city.shinjuku.lg.jp/content/000450970.pdf,86bc683ffe2891e9c7ba6347e8ef0ebb4e5e3108fc38232e79b5cbc715a92dda,後期高齢者支援金等賦課額,"被保険者均等割1万6,800円1万7,600円",supported,b0a2917a68f56732fcf95022f9725d18f77989c2ca5569fea6d8b011055c5891
shinjuku-2026-r1-gian-41,easy,content,OC41-E-22,賦課限度額は 26万円の ままです。,https://www.city.shinjuku.lg.jp/content/000450970.pdf,86bc683ffe2891e9c7ba6347e8ef0ebb4e5e3108fc38232e79b5cbc715a92dda,後期高齢者支援金等賦課額,賦課限度額26万円改定なし,supported,b0a2917a68f56732fcf95022f9725d18f77989c2ca5569fea6d8b011055c5891
shinjuku-2026-r1-gian-41,easy,content,OC41-E-23,介護納付金賦課額は 次の とおりです。,https://www.city.shinjuku.lg.jp/content/000450970.pdf,86bc683ffe2891e9c7ba6347e8ef0ebb4e5e3108fc38232e79b5cbc715a92dda,介護納付金賦課額,所得割100分の2.25100分の2.43,supported,b0a2917a68f56732fcf95022f9725d18f77989c2ca5569fea6d8b011055c5891
shinjuku-2026-r1-gian-41,easy,content,OC41-E-24,所得割は 100分の2.25から 100分の2.43です。,https://www.city.shinjuku.lg.jp/content/000450970.pdf,86bc683ffe2891e9c7ba6347e8ef0ebb4e5e3108fc38232e79b5cbc715a92dda,介護納付金賦課額,所得割100分の2.25100分の2.43,supported,b0a2917a68f56732fcf95022f9725d18f77989c2ca5569fea6d8b011055c5891
shinjuku-2026-r1-gian-41,easy,content,OC41-E-25,"被保険者均等割は 1万6,600円から 1万7,800円です。",https://www.city.shinjuku.lg.jp/content/000450970.pdf,86bc683ffe2891e9c7ba6347e8ef0ebb4e5e3108fc38232e79b5cbc715a92dda,介護納付金賦課額,"被保険者均等割1万6,600円1万7,800円",supported,b0a2917a68f56732fcf95022f9725d18f77989c2ca5569fea6d8b011055c5891
shinjuku-2026-r1-gian-41,easy,content,OC41-E-26,賦課限度額は 17万円の ままです。,https://www.city.shinjuku.lg.jp/content/000450970.pdf,86bc683ffe2891e9c7ba6347e8ef0ebb4e5e3108fc38232e79b5cbc715a92dda,介護納付金賦課額,賦課限度額17万円改定なし,supported,b0a2917a68f56732fcf95022f9725d18f77989c2ca5569fea6d8b011055c5891
shinjuku-2026-r1-gian-41,easy,content,OC41-E-27,新しく 【子ども・子育て支援納付金賦課額】［こども・こそだてしえんのうふきんふかがく］（＝子ども・子育て支援金制度の ための 保険料）を 足します。,https://www.city.shinjuku.lg.jp/content/000450970.pdf,86bc683ffe2891e9c7ba6347e8ef0ebb4e5e3108fc38232e79b5cbc715a92dda,第41号議案,子ども・子育て支援法の改正等により子ども・子育て支援金制度が創設されたことに伴い、保険料の賦課額に子ども・子育て支援納付金賦課額を追加し、保険料率を定める,supported,b0a2917a68f56732fcf95022f9725d18f77989c2ca5569fea6d8b011055c5891
shinjuku-2026-r1-gian-41,easy,content,OC41-E-28,所得割は 100分の0.27です。,https://www.city.shinjuku.lg.jp/content/000450970.pdf,86bc683ffe2891e9c7ba6347e8ef0ebb4e5e3108fc38232e79b5cbc715a92dda,子ども・子育て支援納付金賦課額,所得割100分の0.27,supported,b0a2917a68f56732fcf95022f9725d18f77989c2ca5569fea6d8b011055c5891
shinjuku-2026-r1-gian-41,easy,content,OC41-E-29,"被保険者均等割は 1人 1,800円です。",https://www.city.shinjuku.lg.jp/content/000450970.pdf,86bc683ffe2891e9c7ba6347e8ef0ebb4e5e3108fc38232e79b5cbc715a92dda,子ども・子育て支援納付金賦課額,"被保険者均等割1,800円",supported,b0a2917a68f56732fcf95022f9725d18f77989c2ca5569fea6d8b011055c5891
shinjuku-2026-r1-gian-41,easy,content,OC41-E-30,18歳以上被保険者均等割は 1人 73円です。,https://www.city.shinjuku.lg.jp/content/000450970.pdf,86bc683ffe2891e9c7ba6347e8ef0ebb4e5e3108fc38232e79b5cbc715a92dda,子ども・子育て支援納付金賦課額,18歳以上被保険者均等割73円,supported,b0a2917a68f56732fcf95022f9725d18f77989c2ca5569fea6d8b011055c5891
shinjuku-2026-r1-gian-41,easy,content,OC41-E-31,賦課限度額は 3万円です。,https://www.city.shinjuku.lg.jp/content/000450970.pdf,86bc683ffe2891e9c7ba6347e8ef0ebb4e5e3108fc38232e79b5cbc715a92dda,子ども・子育て支援納付金賦課額,賦課限度額3万円,supported,b0a2917a68f56732fcf95022f9725d18f77989c2ca5569fea6d8b011055c5891
shinjuku-2026-r1-gian-41,easy,content,OC41-E-32,18歳未満の 被保険者の 分は、,https://www.city.shinjuku.lg.jp/content/000450970.pdf,86bc683ffe2891e9c7ba6347e8ef0ebb4e5e3108fc38232e79b5cbc715a92dda,第41号議案（※18歳以上被保険者均等割）,18歳未満の被保険者に係る子ども・子育て支援納付金…賦課額の被保険者均等割額を10割軽減するための原資と…して、18歳以上の被保険者からその軽減総額を按分して…徴収する,supported,b0a2917a68f56732fcf95022f9725d18f77989c2ca5569fea6d8b011055c5891
shinjuku-2026-r1-gian-41,easy,content,OC41-E-33,子ども・子育て支援納付金賦課額の 均等割を 10割 軽くします。,https://www.city.shinjuku.lg.jp/content/000450970.pdf,86bc683ffe2891e9c7ba6347e8ef0ebb4e5e3108fc38232e79b5cbc715a92dda,第41号議案（※18歳以上被保険者均等割）,18歳未満の被保険者に係る子ども・子育て支援納付金…賦課額の被保険者均等割額を10割軽減するための原資と…して、18歳以上の被保険者からその軽減総額を按分して…徴収する,supported,b0a2917a68f56732fcf95022f9725d18f77989c2ca5569fea6d8b011055c5891
shinjuku-2026-r1-gian-41,easy,content,OC41-E-34,その 分の お金は 18歳以上の 加入者から 集めます。,https://www.city.shinjuku.lg.jp/content/000450970.pdf,86bc683ffe2891e9c7ba6347e8ef0ebb4e5e3108fc38232e79b5cbc715a92dda,第41号議案（※18歳以上被保険者均等割）,18歳未満の被保険者に係る子ども・子育て支援納付金…賦課額の被保険者均等割額を10割軽減するための原資と…して、18歳以上の被保険者からその軽減総額を按分して…徴収する,supported,b0a2917a68f56732fcf95022f9725d18f77989c2ca5569fea6d8b011055c5891
shinjuku-2026-r1-gian-41,easy,content,OC41-E-35,保険料を 減らす 所得基準も 変えます。,https://www.city.shinjuku.lg.jp/content/000450970.pdf,86bc683ffe2891e9c7ba6347e8ef0ebb4e5e3108fc38232e79b5cbc715a92dda,第41号議案,国民健康保険法施行令の改正に伴い、保険料の減額の対象となる所得基準を次のとおり改める,supported,b0a2917a68f56732fcf95022f9725d18f77989c2ca5569fea6d8b011055c5891
shinjuku-2026-r1-gian-41,easy,content,OC41-E-36,2割 減額の 基準は 56万円から 57万円です。,https://www.city.shinjuku.lg.jp/content/000450970.pdf,86bc683ffe2891e9c7ba6347e8ef0ebb4e5e3108fc38232e79b5cbc715a92dda,所得基準（2割減額）,2割減額…56万円×被保険者等の数…57万円×被保険者等の数,supported,b0a2917a68f56732fcf95022f9725d18f77989c2ca5569fea6d8b011055c5891
shinjuku-2026-r1-gian-41,easy,content,OC41-E-37,"5割 減額の 基準は 30万5,000円から 31万円です。",https://www.city.shinjuku.lg.jp/content/000450970.pdf,86bc683ffe2891e9c7ba6347e8ef0ebb4e5e3108fc38232e79b5cbc715a92dda,所得基準（5割減額）,"5割減額…30万5,000円×被保険者等の数…31万円×被保険者等の数",supported,b0a2917a68f56732fcf95022f9725d18f77989c2ca5569fea6d8b011055c5891
shinjuku-2026-r1-gian-41,easy,content,OC41-E-38,【前納】［ぜんのう］（＝前もって 払うこと）に ついて 新しく 決めます。,https://www.city.shinjuku.lg.jp/content/000450970.pdf,86bc683ffe2891e9c7ba6347e8ef0ebb4e5e3108fc38232e79b5cbc715a92dda,第41号議案,世帯主が1月1日に日本国内に住所を有していなかった世帯の普通徴収に係る保険料の前納について定める,supported,b0a2917a68f56732fcf95022f9725d18f77989c2ca5569fea6d8b011055c5891
shinjuku-2026-r1-gian-41,easy,content,OC41-E-39,世帯主が 1月1日に 日本国内に 住所を 持っていなかった 世帯が 対象です。,https://www.city.shinjuku.lg.jp/content/000451614.pdf,a24b0555a1d4d0150686d1205bf1b6be467b484629ddaed70dca3cf6b8cb1cbc,新設（第18条の3第1項）,第18条第1項の規定にかかわらず、当該年度の初日の属する年の1月1日において日本国内に住所を有していなかつた者が世帯主である世帯…普通徴収に係る当該年度の保険料の納期限は、6月末日とする。ただし、区長が特別の事情があると認める場合は、第18条第1項に定める納期限とする,supported,b0a2917a68f56732fcf95022f9725d18f77989c2ca5569fea6d8b011055c5891
shinjuku-2026-r1-gian-41,easy,content,OC41-E-40,この 世帯の 保険料の 納期限は 6月末日です。,https://www.city.shinjuku.lg.jp/content/000451614.pdf,a24b0555a1d4d0150686d1205bf1b6be467b484629ddaed70dca3cf6b8cb1cbc,新設（第18条の3第1項）,第18条第1項の規定にかかわらず、当該年度の初日の属する年の1月1日において日本国内に住所を有していなかつた者が世帯主である世帯…普通徴収に係る当該年度の保険料の納期限は、6月末日とする。ただし、区長が特別の事情があると認める場合は、第18条第1項に定める納期限とする,supported,b0a2917a68f56732fcf95022f9725d18f77989c2ca5569fea6d8b011055c5891
shinjuku-2026-r1-gian-41,easy,content,OC41-E-41,ただし 区長が 特別の 事情が あると 認める 場合は、,https://www.city.shinjuku.lg.jp/content/000451614.pdf,a24b0555a1d4d0150686d1205bf1b6be467b484629ddaed70dca3cf6b8cb1cbc,新設（第18条の3第1項）,第18条第1項の規定にかかわらず、当該年度の初日の属する年の1月1日において日本国内に住所を有していなかつた者が世帯主である世帯…普通徴収に係る当該年度の保険料の納期限は、6月末日とする。ただし、区長が特別の事情があると認める場合は、第18条第1項に定める納期限とする,supported,b0a2917a68f56732fcf95022f9725d18f77989c2ca5569fea6d8b011055c5891
shinjuku-2026-r1-gian-41,easy,content,OC41-E-42,第18条第1項の 納期限に なります。,https://www.city.shinjuku.lg.jp/content/000451614.pdf,a24b0555a1d4d0150686d1205bf1b6be467b484629ddaed70dca3cf6b8cb1cbc,新設（第18条の3第1項）,第18条第1項の規定にかかわらず、当該年度の初日の属する年の1月1日において日本国内に住所を有していなかつた者が世帯主である世帯…普通徴収に係る当該年度の保険料の納期限は、6月末日とする。ただし、区長が特別の事情があると認める場合は、第18条第1項に定める納期限とする,supported,b0a2917a68f56732fcf95022f9725d18f77989c2ca5569fea6d8b011055c5891
shinjuku-2026-r1-gian-41,easy,content,OC41-E-43,2026年（令和8年）4月1日（水）から 始まります。,https://www.city.shinjuku.lg.jp/content/000451614.pdf,a24b0555a1d4d0150686d1205bf1b6be467b484629ddaed70dca3cf6b8cb1cbc,附則（施行期日）,この条例は、令和8年4月1日から施行する,supported,b0a2917a68f56732fcf95022f9725d18f77989c2ca5569fea6d8b011055c5891
shinjuku-2026-r1-gian-41,easy,content,OC41-E-44,2026年度（令和8年度）以後の 保険料に 使います。,https://www.city.shinjuku.lg.jp/content/000451614.pdf,a24b0555a1d4d0150686d1205bf1b6be467b484629ddaed70dca3cf6b8cb1cbc,附則（経過措置）,令和8年度以後の年度分の保険料について適用し,supported,b0a2917a68f56732fcf95022f9725d18f77989c2ca5569fea6d8b011055c5891
shinjuku-2026-r1-gian-41,easy,content,OC41-E-45,2025年度（令和7年度）分までは 今までの 決まりの ままです。,https://www.city.shinjuku.lg.jp/content/000451614.pdf,a24b0555a1d4d0150686d1205bf1b6be467b484629ddaed70dca3cf6b8cb1cbc,附則（経過措置）,令和7年度分までの保険料については、なお従前の例による,supported,b0a2917a68f56732fcf95022f9725d18f77989c2ca5569fea6d8b011055c5891
shinjuku-2026-r1-gian-41,easy,content,OC41-E-46,【原案可決】［げんあんかけつ］（＝出した 通りの 内容で 決まること）です。,https://www.city.shinjuku.lg.jp/kusei/soumu01_002090_00015.html,7c2b6f68db1b433b860b35d176b4dd9211e78582ec9de718fcfefe68b22d896a,審議状況（議決結果ページ）,第41号議案新宿区国民健康保険条例の一部を改正する条例原案可決,supported,b0a2917a68f56732fcf95022f9725d18f77989c2ca5569fea6d8b011055c5891
shinjuku-2026-r1-gian-41,easy,content,OC41-E-47,2026年（令和8年）の 第1回定例会で 決まりました。,https://www.city.shinjuku.lg.jp/content/000452334.pdf,22ba4f49b18c96bd1fa26241606257c05477f38e25ac46d6f8e4f416a2cedbf2,審議状況（会期）,令和８年第１回定例会…２月１７日～３月２４日,supported,b0a2917a68f56732fcf95022f9725d18f77989c2ca5569fea6d8b011055c5891
shinjuku-2026-r1-gian-41,easy,content,OC41-E-48,会期は 2026年2月17日（火）から 3月24日（火）まででした。,https://www.city.shinjuku.lg.jp/content/000452334.pdf,22ba4f49b18c96bd1fa26241606257c05477f38e25ac46d6f8e4f416a2cedbf2,審議状況（会期）,令和８年第１回定例会…２月１７日～３月２４日,supported,b0a2917a68f56732fcf95022f9725d18f77989c2ca5569fea6d8b011055c5891
shinjuku-2026-r1-gian-41,easy,content,OC41-E-49,本会議で 決まった 日は 3月24日（火）です。,https://ssp.kaigiroku.net/tenant/shinjuku/MinuteView.html?council_id=3163&schedule_id=5&minute_id=1,bd058d36962b45d8d965e4625bb95ecd661a102a026175213f37ba9eb575424a,審議状況（本会議 3月24日 議長）,令和８年第１回定例会会議録（第４日）第４号令和８年３月２４日（火曜日）,supported,b0a2917a68f56732fcf95022f9725d18f77989c2ca5569fea6d8b011055c5891
shinjuku-2026-r1-gian-41,easy,content,OC41-E-50,区長は この 日に 議案の 説明を しました。,https://ssp.kaigiroku.net/tenant/shinjuku/MinuteView.html?council_id=3163&schedule_id=5&minute_id=126,028029468c55965ec7b38178348292f9a689d4453dc62f8293e25623672fad3f,審議状況（本会議 3月24日 議長）,第41号議案の新宿区国民健康保険条例の一部を改正する条例について御説明いたします…世帯主が1月1日において日本国内に住所を有していなかった世帯の普通徴収に係る保険料の前納に係る納期限を定める等、所要の改正を行うものです,supported,b0a2917a68f56732fcf95022f9725d18f77989c2ca5569fea6d8b011055c5891
shinjuku-2026-r1-gian-41,easy,content,OC41-E-51,福祉健康委員会に 付託されました。,https://ssp.kaigiroku.net/tenant/shinjuku/MinuteView.html?council_id=3163&schedule_id=5&minute_id=127,4443bd3dc3f45d16e61a6ba3a2e3c685812d5863b097a69eccf33ae56641b4e4,審議状況（本会議 3月24日 議長）,第41号議案は、議案付託表のとおり、福祉健康委員会に付託します,supported,b0a2917a68f56732fcf95022f9725d18f77989c2ca5569fea6d8b011055c5891
shinjuku-2026-r1-gian-41,easy,content,OC41-E-52,委員会の 審査報告書が 出て、日程に 追加されました。,https://ssp.kaigiroku.net/tenant/shinjuku/MinuteView.html?council_id=3163&schedule_id=5&minute_id=149,57791e5ff51d7628a6b4310f5e1c4cb5b44676951297f4e6ee83127360c1b1ed,審議状況（本会議 3月24日 議長）,第37号議案から第41号議案までの委員会審査報告書が提出されました。これを本日の日程に追加したい,supported,b0a2917a68f56732fcf95022f9725d18f77989c2ca5569fea6d8b011055c5891
shinjuku-2026-r1-gian-41,easy,content,OC41-E-53,委員会の 審査報告書が 出て、日程に 追加されました。,https://ssp.kaigiroku.net/tenant/shinjuku/MinuteView.html?council_id=3163&schedule_id=5&minute_id=150,bb084dfbd5b5c85c3dcff5d1c81f77ecdbae694a72c8c4eb298a04e010722cf9,審議状況（本会議 3月24日 議長）,異議なしと認め、本日の日程に追加することに決定しました,supported,b0a2917a68f56732fcf95022f9725d18f77989c2ca5569fea6d8b011055c5891
shinjuku-2026-r1-gian-41,easy,content,OC41-E-54,追加日程第1で 議題に なりました。,https://ssp.kaigiroku.net/tenant/shinjuku/MinuteView.html?council_id=3163&schedule_id=5&minute_id=151,0f88d96500617f7df3a71b18cd7522cc4bde9a3fcdbd9090b8b0e9ba317c6f05,審議状況（本会議 3月24日 議長）,追加日程第1を議題とします,supported,b0a2917a68f56732fcf95022f9725d18f77989c2ca5569fea6d8b011055c5891
shinjuku-2026-r1-gian-41,easy,content,OC41-E-55,福祉健康委員会の 審査報告書は 可決でした。,https://ssp.kaigiroku.net/tenant/shinjuku/MinuteView.html?council_id=3163&schedule_id=5&minute_id=153,552b32fe46d9258940407f8537d64d9f9ee29293515e17e4dff8c9aed2a52352,審議状況（本会議 3月24日 議長）,福祉健康委員会審査報告書は、可決です,supported,b0a2917a68f56732fcf95022f9725d18f77989c2ca5569fea6d8b011055c5891
shinjuku-2026-r1-gian-41,easy,content,OC41-E-56,【少数意見】［しょうすういけん］（＝委員会で 少数に なった 意見）を 報告する 申し出が ありました。,https://ssp.kaigiroku.net/tenant/shinjuku/MinuteView.html?council_id=3163&schedule_id=5&minute_id=153,552b32fe46d9258940407f8537d64d9f9ee29293515e17e4dff8c9aed2a52352,審議状況（本会議 3月24日 議長）,少数意見を口頭で報告するとの申出がありますので、これを許します。20番佐藤佳一議員,supported,b0a2917a68f56732fcf95022f9725d18f77989c2ca5569fea6d8b011055c5891
shinjuku-2026-r1-gian-41,easy,content,OC41-E-57,議長は 【起立】［きりつ］（＝立ち上がって 賛成を 示す こと）で 採決しました。,https://ssp.kaigiroku.net/tenant/shinjuku/MinuteView.html?council_id=3163&schedule_id=5&minute_id=159,636f300ac94d7d5a9679a0a75568f315f1cf4971d66e1d0eaaa1060e4bdd633e,審議状況（本会議 3月24日 議長）,討論は終わりました。これから、起立により採決します。本案を委員会審査報告のとおり決定することに賛成の方は御起立願います,supported,b0a2917a68f56732fcf95022f9725d18f77989c2ca5569fea6d8b011055c5891
shinjuku-2026-r1-gian-41,easy,content,OC41-E-58,起立した 人が 多く 可決しました。,https://ssp.kaigiroku.net/tenant/shinjuku/MinuteView.html?council_id=3163&schedule_id=5&minute_id=160,0405f4221f73a11b0034c2a81abc651c7799688051fdfb5441349221a4be563a,審議状況（本会議 3月24日 議長）,起立多数と認めます。本案は、委員会審査報告のとおり可決されました,supported,b0a2917a68f56732fcf95022f9725d18f77989c2ca5569fea6d8b011055c5891
shinjuku-2026-r1-gian-41,easy,content,OC41-E-59,賛成したのは ６つの 会派です。,https://www.city.shinjuku.lg.jp/content/000452334.pdf,22ba4f49b18c96bd1fa26241606257c05477f38e25ac46d6f8e4f416a2cedbf2,審議状況（議案の概要と審議結果の採決結果行）,世帯主が1月1日に日本国内に住所を有していなかった世帯の普通徴収に係る保険料の前納について定める。○○×○○○○×可決,supported,b0a2917a68f56732fcf95022f9725d18f77989c2ca5569fea6d8b011055c5891
shinjuku-2026-r1-gian-41,easy,content,OC41-E-60,反対したのは 日本共産党新宿区議会議員団と れいわ新選組 新宿です。,https://www.city.shinjuku.lg.jp/content/000452334.pdf,22ba4f49b18c96bd1fa26241606257c05477f38e25ac46d6f8e4f416a2cedbf2,審議状況（議案の概要と審議結果の採決結果行）,世帯主が1月1日に日本国内に住所を有していなかった世帯の普通徴収に係る保険料の前納について定める。○○×○○○○×可決,supported,b0a2917a68f56732fcf95022f9725d18f77989c2ca5569fea6d8b011055c5891
shinjuku-2026-r1-gian-41,easy,content,OC41-E-61,立憲民主党・無所属クラブの 欄には「1人反対」と 書いて あります。,https://www.city.shinjuku.lg.jp/content/000452334.pdf,22ba4f49b18c96bd1fa26241606257c05477f38e25ac46d6f8e4f416a2cedbf2,審議状況（議案の概要と審議結果の採決結果行。「1人反対」の注記は民無ク列の下にある）,世帯主が1月1日に日本国内に住所を有していなかった世帯の普通徴収に係る保険料の前納について定める。○○×○○○○×可決…1人反対,supported,b0a2917a68f56732fcf95022f9725d18f77989c2ca5569fea6d8b011055c5891
shinjuku-2026-r1-gian-41,easy,content,OC41-E-62,少数意見を 報告した 20番の 佐藤佳一議員は、次の ように 述べました。,https://ssp.kaigiroku.net/tenant/shinjuku/MinuteView.html?council_id=3163&schedule_id=5&minute_id=153,552b32fe46d9258940407f8537d64d9f9ee29293515e17e4dff8c9aed2a52352,審議状況（本会議 3月24日 議長）,少数意見を口頭で報告するとの申出がありますので、これを許します。20番佐藤佳一議員,supported,b0a2917a68f56732fcf95022f9725d18f77989c2ca5569fea6d8b011055c5891
shinjuku-2026-r1-gian-41,easy,content,OC41-E-63,前納制は 外国人差別の 制度だと 述べました。,https://ssp.kaigiroku.net/tenant/shinjuku/MinuteView.html?council_id=3163&schedule_id=5&minute_id=154,13b8168ab0f79288b443960da4b58c0f36412bcfd3758252adfaae252696e37d,審議状況（本会議 3月24日 少数意見の報告）,新宿区は海外から転入した人の国民健康保険の加入に当たり、2026年度から初年度の保険料を前納制とするとしています。導入経緯からいっても、外国人差別の制度と言わざるを得ません,supported,b0a2917a68f56732fcf95022f9725d18f77989c2ca5569fea6d8b011055c5891
shinjuku-2026-r1-gian-41,easy,content,OC41-E-64,憲法や 国際人権規約に 違反すると 述べました。,https://ssp.kaigiroku.net/tenant/shinjuku/MinuteView.html?council_id=3163&schedule_id=5&minute_id=154,13b8168ab0f79288b443960da4b58c0f36412bcfd3758252adfaae252696e37d,審議状況（本会議 3月24日 少数意見の報告）,憲法に違反し、国際人権規約にも違反の前納制には反対です,supported,b0a2917a68f56732fcf95022f9725d18f77989c2ca5569fea6d8b011055c5891
shinjuku-2026-r1-gian-41,easy,content,OC41-E-65,子ども・子育て支援金は 国が 税金で 負担すべきだと 述べました。,https://ssp.kaigiroku.net/tenant/shinjuku/MinuteView.html?council_id=3163&schedule_id=5&minute_id=154,13b8168ab0f79288b443960da4b58c0f36412bcfd3758252adfaae252696e37d,審議状況（本会議 3月24日 少数意見の報告）,新たに国民から徴収する子ども・子育て支援金制度です…国が責任を持って税金で負担すべきです,supported,b0a2917a68f56732fcf95022f9725d18f77989c2ca5569fea6d8b011055c5891
shinjuku-2026-r1-gian-41,easy,content,OC41-E-66,れいわ新選組 新宿の さわいめぐみ議員は、反対の 立場で 討論しました。,https://ssp.kaigiroku.net/tenant/shinjuku/MinuteView.html?council_id=3163&schedule_id=5&minute_id=156,0dcaa86d0a7c0754eee05a725a357138b6d29a611cfad2f19f0a32a77c7085bd,審議状況（本会議 3月24日 討論）,れいわ新選組新宿のさわいめぐみです。第41号議案新宿区国民健康保険条例の一部を改正する条例について、反対の立場で討論いたします,supported,b0a2917a68f56732fcf95022f9725d18f77989c2ca5569fea6d8b011055c5891
shinjuku-2026-r1-gian-41,easy,content,OC41-E-67,区が 前納制度などを 進めた ことは 差別的だと 述べました。,https://ssp.kaigiroku.net/tenant/shinjuku/MinuteView.html?council_id=3163&schedule_id=5&minute_id=156,0dcaa86d0a7c0754eee05a725a357138b6d29a611cfad2f19f0a32a77c7085bd,審議状況（本会議 3月24日 討論）,まずは保険制度の周知に努めることが先決であると考えますが…前納制度を進めることでした。差別的であると言わざるを得ません,supported,b0a2917a68f56732fcf95022f9725d18f77989c2ca5569fea6d8b011055c5891
shinjuku-2026-r1-gian-41,easy,content,OC41-E-68,子ども・子育て支援金で 負担が 上がると 述べました。,https://ssp.kaigiroku.net/tenant/shinjuku/MinuteView.html?council_id=3163&schedule_id=5&minute_id=156,0dcaa86d0a7c0754eee05a725a357138b6d29a611cfad2f19f0a32a77c7085bd,審議状況（本会議 3月24日 討論）,国の制度改正による子ども・子育て支援金の追加徴収などにより国民健康保険料負担が上がる内容です,supported,b0a2917a68f56732fcf95022f9725d18f77989c2ca5569fea6d8b011055c5891
shinjuku-2026-r1-gian-41,easy,content,OC41-E-69,日本維新の会・新宿区議団の 古畑まさのり議員は、賛成の 立場で 討論しました。,https://ssp.kaigiroku.net/tenant/shinjuku/MinuteView.html?council_id=3163&schedule_id=5&minute_id=158,32cc9b4a4d9e197420c03843b84bba348886821f80192f775808e77f7896a2c3,審議状況（本会議 3月24日 討論）,日本維新の会・新宿区議団、古畑まさのりです。第41号議案新宿区国民健康保険条例の一部を改正する条例について、賛成の立場から討論いたします,supported,b0a2917a68f56732fcf95022f9725d18f77989c2ca5569fea6d8b011055c5891
shinjuku-2026-r1-gian-41,easy,content,OC41-E-70,前納制を 未納対策として 評価すると 述べました。,https://ssp.kaigiroku.net/tenant/shinjuku/MinuteView.html?council_id=3163&schedule_id=5&minute_id=158,32cc9b4a4d9e197420c03843b84bba348886821f80192f775808e77f7896a2c3,審議状況（本会議 3月24日 討論）,前納制は、これまで本会議で繰り返し提起してきた未納対策が具体的な制度として形になったものであり、まずその点を評価いたします,supported,b0a2917a68f56732fcf95022f9725d18f77989c2ca5569fea6d8b011055c5891
shinjuku-2026-r1-gian-41,easy,content,OC41-E-71,子ども・子育て支援金は 国に 見直しを 求めると 述べました。,https://ssp.kaigiroku.net/tenant/shinjuku/MinuteView.html?council_id=3163&schedule_id=5&minute_id=158,32cc9b4a4d9e197420c03843b84bba348886821f80192f775808e77f7896a2c3,審議状況（本会議 3月24日 討論）,子ども・子育て支援金については、医療保険料に上乗せして徴収する仕組みであり…国に対して引き続き見直しを強く求めていきます,supported,b0a2917a68f56732fcf95022f9725d18f77989c2ca5569fea6d8b011055c5891
shinjuku-2026-r1-gian-41,normal,title,OC41-NT-01,見出し: 国民健康保険条例の一部改正（保険料率の改定・子ども・子育て支援納付金賦課額の新設・前納の納期限）,https://www.city.shinjuku.lg.jp/content/000450970.pdf,86bc683ffe2891e9c7ba6347e8ef0ebb4e5e3108fc38232e79b5cbc715a92dda,第41号議案,基礎賦課額等の保険料率を次のとおり改定する,supported,e974026b38ada660299cdb0f7ed3b7218bdc8f614b00ddb21766c223056034e9
shinjuku-2026-r1-gian-41,normal,title,OC41-NT-02,見出し: 国民健康保険条例の一部改正（保険料率の改定・子ども・子育て支援納付金賦課額の新設・前納の納期限）,https://www.city.shinjuku.lg.jp/content/000450970.pdf,86bc683ffe2891e9c7ba6347e8ef0ebb4e5e3108fc38232e79b5cbc715a92dda,第41号議案,子ども・子育て支援法の改正等により子ども・子育て支援金制度が創設されたことに伴い、保険料の賦課額に子ども・子育て支援納付金賦課額を追加し、保険料率を定める,supported,e974026b38ada660299cdb0f7ed3b7218bdc8f614b00ddb21766c223056034e9
shinjuku-2026-r1-gian-41,normal,summary,OC41-NS-01,要約: 基礎賦課額、後期高齢者支援金等賦課額、介護納付金賦課額の保険料率等を改定し、子ども・子育て支援納付金賦課額を新たに加える条例改正です。,https://www.city.shinjuku.lg.jp/content/000450970.pdf,86bc683ffe2891e9c7ba6347e8ef0ebb4e5e3108fc38232e79b5cbc715a92dda,第41号議案,基礎賦課額等の保険料率を次のとおり改定する,supported,e974026b38ada660299cdb0f7ed3b7218bdc8f614b00ddb21766c223056034e9
shinjuku-2026-r1-gian-41,normal,summary,OC41-NS-02,要約: 基礎賦課額、後期高齢者支援金等賦課額、介護納付金賦課額の保険料率等を改定し、子ども・子育て支援納付金賦課額を新たに加える条例改正です。,https://www.city.shinjuku.lg.jp/content/000450970.pdf,86bc683ffe2891e9c7ba6347e8ef0ebb4e5e3108fc38232e79b5cbc715a92dda,第41号議案,子ども・子育て支援法の改正等により子ども・子育て支援金制度が創設されたことに伴い、保険料の賦課額に子ども・子育て支援納付金賦課額を追加し、保険料率を定める,supported,e974026b38ada660299cdb0f7ed3b7218bdc8f614b00ddb21766c223056034e9
shinjuku-2026-r1-gian-41,normal,summary,OC41-NS-03,要約: 世帯主が1月1日に日本国内に住所を有していなかった世帯の普通徴収に係る保険料の納期限も定めます。,https://www.city.shinjuku.lg.jp/content/000450970.pdf,86bc683ffe2891e9c7ba6347e8ef0ebb4e5e3108fc38232e79b5cbc715a92dda,第41号議案,世帯主が1月1日に日本国内に住所を有していなかった世帯の普通徴収に係る保険料の前納について定める,supported,e974026b38ada660299cdb0f7ed3b7218bdc8f614b00ddb21766c223056034e9
shinjuku-2026-r1-gian-41,normal,summary,OC41-NS-04,要約: 世帯主が1月1日に日本国内に住所を有していなかった世帯の普通徴収に係る保険料の納期限も定めます。,https://www.city.shinjuku.lg.jp/content/000451614.pdf,a24b0555a1d4d0150686d1205bf1b6be467b484629ddaed70dca3cf6b8cb1cbc,新設（第18条の3第1項）,第18条第1項の規定にかかわらず、当該年度の初日の属する年の1月1日において日本国内に住所を有していなかつた者が世帯主である世帯…普通徴収に係る当該年度の保険料の納期限は、6月末日とする。ただし、区長が特別の事情があると認める場合は、第18条第1項に定める納期限とする,supported,e974026b38ada660299cdb0f7ed3b7218bdc8f614b00ddb21766c223056034e9
shinjuku-2026-r1-gian-41,normal,summary,OC41-NS-05,要約: 施行日は令和8年4月1日です。,https://www.city.shinjuku.lg.jp/content/000451614.pdf,a24b0555a1d4d0150686d1205bf1b6be467b484629ddaed70dca3cf6b8cb1cbc,附則（施行期日）,この条例は、令和8年4月1日から施行する,supported,e974026b38ada660299cdb0f7ed3b7218bdc8f614b00ddb21766c223056034e9
shinjuku-2026-r1-gian-41,normal,content,OC41-N-01,新宿区国民健康保険条例の一部を改正する条例案です。,https://www.city.shinjuku.lg.jp/content/000451614.pdf,a24b0555a1d4d0150686d1205bf1b6be467b484629ddaed70dca3cf6b8cb1cbc,件名,新宿区国民健康保険条例の一部を改正する条例,supported,e974026b38ada660299cdb0f7ed3b7218bdc8f614b00ddb21766c223056034e9
shinjuku-2026-r1-gian-41,normal,content,OC41-N-02,この議案は、令和8年3月24日付けで区長から提出されています。,https://www.city.shinjuku.lg.jp/content/000451614.pdf,a24b0555a1d4d0150686d1205bf1b6be467b484629ddaed70dca3cf6b8cb1cbc,提出日・提出者,令和８年３月２４日…新宿区長…吉住…健一,supported,e974026b38ada660299cdb0f7ed3b7218bdc8f614b00ddb21766c223056034e9
shinjuku-2026-r1-gian-41,normal,content,OC41-N-03,1. 基礎賦課額等の保険料率を改定する。,https://www.city.shinjuku.lg.jp/content/000450970.pdf,86bc683ffe2891e9c7ba6347e8ef0ebb4e5e3108fc38232e79b5cbc715a92dda,第41号議案,基礎賦課額等の保険料率を次のとおり改定する,supported,e974026b38ada660299cdb0f7ed3b7218bdc8f614b00ddb21766c223056034e9
shinjuku-2026-r1-gian-41,normal,content,OC41-N-04,2. 子ども・子育て支援法の改正等により子ども・子育て支援金制度が創設されたことに伴い、保険料の賦課額に子ども・子育て支援納付金賦課額を追加し、保険料率を定める。,https://www.city.shinjuku.lg.jp/content/000450970.pdf,86bc683ffe2891e9c7ba6347e8ef0ebb4e5e3108fc38232e79b5cbc715a92dda,第41号議案,子ども・子育て支援法の改正等により子ども・子育て支援金制度が創設されたことに伴い、保険料の賦課額に子ども・子育て支援納付金賦課額を追加し、保険料率を定める,supported,e974026b38ada660299cdb0f7ed3b7218bdc8f614b00ddb21766c223056034e9
shinjuku-2026-r1-gian-41,normal,content,OC41-N-05,3. 国民健康保険法施行令の改正に伴い、保険料の減額の対象となる所得基準を改める。,https://www.city.shinjuku.lg.jp/content/000450970.pdf,86bc683ffe2891e9c7ba6347e8ef0ebb4e5e3108fc38232e79b5cbc715a92dda,第41号議案,国民健康保険法施行令の改正に伴い、保険料の減額の対象となる所得基準を次のとおり改める,supported,e974026b38ada660299cdb0f7ed3b7218bdc8f614b00ddb21766c223056034e9
shinjuku-2026-r1-gian-41,normal,content,OC41-N-06,4. 世帯主が1月1日に日本国内に住所を有していなかった世帯の普通徴収に係る保険料の前納について定める。,https://www.city.shinjuku.lg.jp/content/000450970.pdf,86bc683ffe2891e9c7ba6347e8ef0ebb4e5e3108fc38232e79b5cbc715a92dda,第41号議案,世帯主が1月1日に日本国内に住所を有していなかった世帯の普通徴収に係る保険料の前納について定める,supported,e974026b38ada660299cdb0f7ed3b7218bdc8f614b00ddb21766c223056034e9
shinjuku-2026-r1-gian-41,normal,content,OC41-N-07,議案本文の提案理由も、保険料率等の改定、子ども・子育て支援納付金賦課総額の算定その他必要な事項、世帯主が1月1日において日本国内に住所を有していなかった世帯の普通徴収に係る保険料の前納に係る納期限を定める等の改正を行う必要があるため、としています。,https://www.city.shinjuku.lg.jp/content/000451614.pdf,a24b0555a1d4d0150686d1205bf1b6be467b484629ddaed70dca3cf6b8cb1cbc,（提案理由）,基礎賦課額、後期高齢者支援金等賦課額及び介護納付金賦課額の保険料率等を改定するとともに、子ども・子育て支援法等の一部を改正する法律（令和6年法律第47号）の一部の施行による国民健康保険法（昭和33年法律第192号）の改正等に伴い子ども・子育て支援納付金賦課総額の算定その他必要な事項について定めるほか、世帯主が1月1日において日本国内に住所を有していなかった世帯の普通徴収に係る保険料の前納に係る納期限を定める等所要の改正を行う必要があるため,supported,e974026b38ada660299cdb0f7ed3b7218bdc8f614b00ddb21766c223056034e9
shinjuku-2026-r1-gian-41,normal,content,OC41-N-08,区長は3月24日の本会議で、本案を、保険料率等を改定するとともに、子ども・子育て支援納付金賦課総額の算定その他必要な事項を定め、前納に係る納期限を定める等、所要の改正を行うものと説明しました。,https://ssp.kaigiroku.net/tenant/shinjuku/MinuteView.html?council_id=3163&schedule_id=5&minute_id=126,028029468c55965ec7b38178348292f9a689d4453dc62f8293e25623672fad3f,審議状況（本会議 3月24日 議長）,第41号議案の新宿区国民健康保険条例の一部を改正する条例について御説明いたします…世帯主が1月1日において日本国内に住所を有していなかった世帯の普通徴収に係る保険料の前納に係る納期限を定める等、所要の改正を行うものです,supported,e974026b38ada660299cdb0f7ed3b7218bdc8f614b00ddb21766c223056034e9
shinjuku-2026-r1-gian-41,normal,content,OC41-N-09,改正の対象は、昭和34年新宿区条例第11号の新宿区国民健康保険条例です。,https://www.city.shinjuku.lg.jp/content/000451614.pdf,a24b0555a1d4d0150686d1205bf1b6be467b484629ddaed70dca3cf6b8cb1cbc,改め文,新宿区国民健康保険条例（昭和34年新宿区条例第11号）の一部を次のように改正する,supported,e974026b38ada660299cdb0f7ed3b7218bdc8f614b00ddb21766c223056034e9
shinjuku-2026-r1-gian-41,normal,content,OC41-N-10,基礎賦課額・所得割: 100分の7.71から100分の7.51,https://www.city.shinjuku.lg.jp/content/000450970.pdf,86bc683ffe2891e9c7ba6347e8ef0ebb4e5e3108fc38232e79b5cbc715a92dda,基礎賦課額,基礎賦課額所得割100分の7.71100分の7.51,supported,e974026b38ada660299cdb0f7ed3b7218bdc8f614b00ddb21766c223056034e9
shinjuku-2026-r1-gian-41,normal,content,OC41-N-11,"基礎賦課額・被保険者均等割: 4万7,300円から4万7,600円",https://www.city.shinjuku.lg.jp/content/000450970.pdf,86bc683ffe2891e9c7ba6347e8ef0ebb4e5e3108fc38232e79b5cbc715a92dda,基礎賦課額,"被保険者均等割4万7,300円4万7,600円",supported,e974026b38ada660299cdb0f7ed3b7218bdc8f614b00ddb21766c223056034e9
shinjuku-2026-r1-gian-41,normal,content,OC41-N-12,基礎賦課額・賦課限度額: 66万円から67万円,https://www.city.shinjuku.lg.jp/content/000450970.pdf,86bc683ffe2891e9c7ba6347e8ef0ebb4e5e3108fc38232e79b5cbc715a92dda,基礎賦課額,賦課限度額66万円67万円,supported,e974026b38ada660299cdb0f7ed3b7218bdc8f614b00ddb21766c223056034e9
shinjuku-2026-r1-gian-41,normal,content,OC41-N-13,後期高齢者支援金等賦課額・所得割: 100分の2.69から100分の2.80,https://www.city.shinjuku.lg.jp/content/000450970.pdf,86bc683ffe2891e9c7ba6347e8ef0ebb4e5e3108fc38232e79b5cbc715a92dda,後期高齢者支援金等賦課額,所得割100分の2.69100分の2.80,supported,e974026b38ada660299cdb0f7ed3b7218bdc8f614b00ddb21766c223056034e9
shinjuku-2026-r1-gian-41,normal,content,OC41-N-14,"後期高齢者支援金等賦課額・被保険者均等割: 1万6,800円から1万7,600円",https://www.city.shinjuku.lg.jp/content/000450970.pdf,86bc683ffe2891e9c7ba6347e8ef0ebb4e5e3108fc38232e79b5cbc715a92dda,後期高齢者支援金等賦課額,"被保険者均等割1万6,800円1万7,600円",supported,e974026b38ada660299cdb0f7ed3b7218bdc8f614b00ddb21766c223056034e9
shinjuku-2026-r1-gian-41,normal,content,OC41-N-15,後期高齢者支援金等賦課額・賦課限度額: 26万円（改定なし）,https://www.city.shinjuku.lg.jp/content/000450970.pdf,86bc683ffe2891e9c7ba6347e8ef0ebb4e5e3108fc38232e79b5cbc715a92dda,後期高齢者支援金等賦課額,賦課限度額26万円改定なし,supported,e974026b38ada660299cdb0f7ed3b7218bdc8f614b00ddb21766c223056034e9
shinjuku-2026-r1-gian-41,normal,content,OC41-N-16,介護納付金賦課額・所得割: 100分の2.25から100分の2.43,https://www.city.shinjuku.lg.jp/content/000450970.pdf,86bc683ffe2891e9c7ba6347e8ef0ebb4e5e3108fc38232e79b5cbc715a92dda,介護納付金賦課額,所得割100分の2.25100分の2.43,supported,e974026b38ada660299cdb0f7ed3b7218bdc8f614b00ddb21766c223056034e9
shinjuku-2026-r1-gian-41,normal,content,OC41-N-17,"介護納付金賦課額・被保険者均等割: 1万6,600円から1万7,800円",https://www.city.shinjuku.lg.jp/content/000450970.pdf,86bc683ffe2891e9c7ba6347e8ef0ebb4e5e3108fc38232e79b5cbc715a92dda,介護納付金賦課額,"被保険者均等割1万6,600円1万7,800円",supported,e974026b38ada660299cdb0f7ed3b7218bdc8f614b00ddb21766c223056034e9
shinjuku-2026-r1-gian-41,normal,content,OC41-N-18,介護納付金賦課額・賦課限度額: 17万円（改定なし）,https://www.city.shinjuku.lg.jp/content/000450970.pdf,86bc683ffe2891e9c7ba6347e8ef0ebb4e5e3108fc38232e79b5cbc715a92dda,介護納付金賦課額,賦課限度額17万円改定なし,supported,e974026b38ada660299cdb0f7ed3b7218bdc8f614b00ddb21766c223056034e9
shinjuku-2026-r1-gian-41,normal,content,OC41-N-19,所得割: 100分の0.27,https://www.city.shinjuku.lg.jp/content/000450970.pdf,86bc683ffe2891e9c7ba6347e8ef0ebb4e5e3108fc38232e79b5cbc715a92dda,子ども・子育て支援納付金賦課額,所得割100分の0.27,supported,e974026b38ada660299cdb0f7ed3b7218bdc8f614b00ddb21766c223056034e9
shinjuku-2026-r1-gian-41,normal,content,OC41-N-20,"被保険者均等割: 1人につき1,800円",https://www.city.shinjuku.lg.jp/content/000450970.pdf,86bc683ffe2891e9c7ba6347e8ef0ebb4e5e3108fc38232e79b5cbc715a92dda,子ども・子育て支援納付金賦課額,"被保険者均等割1,800円",supported,e974026b38ada660299cdb0f7ed3b7218bdc8f614b00ddb21766c223056034e9
shinjuku-2026-r1-gian-41,normal,content,OC41-N-21,18歳以上被保険者均等割: 1人につき73円,https://www.city.shinjuku.lg.jp/content/000450970.pdf,86bc683ffe2891e9c7ba6347e8ef0ebb4e5e3108fc38232e79b5cbc715a92dda,子ども・子育て支援納付金賦課額,18歳以上被保険者均等割73円,supported,e974026b38ada660299cdb0f7ed3b7218bdc8f614b00ddb21766c223056034e9
shinjuku-2026-r1-gian-41,normal,content,OC41-N-22,賦課限度額: 3万円,https://www.city.shinjuku.lg.jp/content/000450970.pdf,86bc683ffe2891e9c7ba6347e8ef0ebb4e5e3108fc38232e79b5cbc715a92dda,子ども・子育て支援納付金賦課額,賦課限度額3万円,supported,e974026b38ada660299cdb0f7ed3b7218bdc8f614b00ddb21766c223056034e9
shinjuku-2026-r1-gian-41,normal,content,OC41-N-23,賦課額の構成: 世帯主の世帯に属する被保険者の所得割額と被保険者均等割額の合算額の総額に、18歳以上被保険者均等割額の総額を加えた額です（第16条の7）。,https://www.city.shinjuku.lg.jp/content/000451614.pdf,a24b0555a1d4d0150686d1205bf1b6be467b484629ddaed70dca3cf6b8cb1cbc,新設（第16条の7）,世帯主の世帯に属する被保険者につき算定した所得割額及び被保険者均等割額の合算額の総額に、世帯主の世帯に属する18歳以上被保険者…18歳以上被保険者均等割額の総額を加算した額とする,supported,e974026b38ada660299cdb0f7ed3b7218bdc8f614b00ddb21766c223056034e9
shinjuku-2026-r1-gian-41,normal,content,OC41-N-24,18歳未満の被保険者に係る子ども・子育て支援納付金賦課額の被保険者均等割額を10割軽減するための原資として、18歳以上の被保険者からその軽減総額を按分して徴収する。,https://www.city.shinjuku.lg.jp/content/000450970.pdf,86bc683ffe2891e9c7ba6347e8ef0ebb4e5e3108fc38232e79b5cbc715a92dda,第41号議案（※18歳以上被保険者均等割）,18歳未満の被保険者に係る子ども・子育て支援納付金…賦課額の被保険者均等割額を10割軽減するための原資と…して、18歳以上の被保険者からその軽減総額を按分して…徴収する,supported,e974026b38ada660299cdb0f7ed3b7218bdc8f614b00ddb21766c223056034e9
shinjuku-2026-r1-gian-41,normal,content,OC41-N-25,2割減額: 被保険者等の数にかける額を56万円から57万円に,https://www.city.shinjuku.lg.jp/content/000450970.pdf,86bc683ffe2891e9c7ba6347e8ef0ebb4e5e3108fc38232e79b5cbc715a92dda,所得基準（2割減額）,2割減額…56万円×被保険者等の数…57万円×被保険者等の数,supported,e974026b38ada660299cdb0f7ed3b7218bdc8f614b00ddb21766c223056034e9
shinjuku-2026-r1-gian-41,normal,content,OC41-N-26,"5割減額: 被保険者等の数にかける額を30万5,000円から31万円に",https://www.city.shinjuku.lg.jp/content/000450970.pdf,86bc683ffe2891e9c7ba6347e8ef0ebb4e5e3108fc38232e79b5cbc715a92dda,所得基準（5割減額）,"5割減額…30万5,000円×被保険者等の数…31万円×被保険者等の数",supported,e974026b38ada660299cdb0f7ed3b7218bdc8f614b00ddb21766c223056034e9
shinjuku-2026-r1-gian-41,normal,content,OC41-N-27,当該年度の保険料の納期限は6月末日です。ただし、区長が特別の事情があると認める場合は、第18条第1項に定める納期限です。,https://www.city.shinjuku.lg.jp/content/000451614.pdf,a24b0555a1d4d0150686d1205bf1b6be467b484629ddaed70dca3cf6b8cb1cbc,新設（第18条の3第1項）,第18条第1項の規定にかかわらず、当該年度の初日の属する年の1月1日において日本国内に住所を有していなかつた者が世帯主である世帯…普通徴収に係る当該年度の保険料の納期限は、6月末日とする。ただし、区長が特別の事情があると認める場合は、第18条第1項に定める納期限とする,supported,e974026b38ada660299cdb0f7ed3b7218bdc8f614b00ddb21766c223056034e9
shinjuku-2026-r1-gian-41,normal,content,OC41-N-28,第19条の規定により保険料額の算定を行ったときの納期限は、第18条第1項に規定する期間のうち、算定を行った日の翌日以後の日を始期とする期間で最も早く到来するものです。,https://www.city.shinjuku.lg.jp/content/000451614.pdf,a24b0555a1d4d0150686d1205bf1b6be467b484629ddaed70dca3cf6b8cb1cbc,新設（第18条の3第2項）,第18条第1項及び前項の規定にかかわらず、世帯主が1月1日に日本国内に住所を有していなかつた世帯について、第19条の規定により保険料額の算定を行つたときにおける…普通徴収に係る当該年度の保険料の納期限は、第18条第1項に規定する期間のうち、当該算定を行つた日の翌日以後の日を始期とする期間で最も早く到来するものとする,supported,e974026b38ada660299cdb0f7ed3b7218bdc8f614b00ddb21766c223056034e9
shinjuku-2026-r1-gian-41,normal,content,OC41-N-29,令和8年4月1日から施行されます。,https://www.city.shinjuku.lg.jp/content/000451614.pdf,a24b0555a1d4d0150686d1205bf1b6be467b484629ddaed70dca3cf6b8cb1cbc,附則（施行期日）,この条例は、令和8年4月1日から施行する,supported,e974026b38ada660299cdb0f7ed3b7218bdc8f614b00ddb21766c223056034e9
shinjuku-2026-r1-gian-41,normal,content,OC41-N-30,概要資料の施行日も令和8年4月1日です。,https://www.city.shinjuku.lg.jp/content/000450970.pdf,86bc683ffe2891e9c7ba6347e8ef0ebb4e5e3108fc38232e79b5cbc715a92dda,第41号議案［施行日］,［施行日］令和8年4月1日,supported,e974026b38ada660299cdb0f7ed3b7218bdc8f614b00ddb21766c223056034e9
shinjuku-2026-r1-gian-41,normal,content,OC41-N-31,経過措置として、改正後の規定は令和8年度以後の年度分の保険料について適用されます。,https://www.city.shinjuku.lg.jp/content/000451614.pdf,a24b0555a1d4d0150686d1205bf1b6be467b484629ddaed70dca3cf6b8cb1cbc,附則（経過措置）,令和8年度以後の年度分の保険料について適用し,supported,e974026b38ada660299cdb0f7ed3b7218bdc8f614b00ddb21766c223056034e9
shinjuku-2026-r1-gian-41,normal,content,OC41-N-32,令和7年度分までの保険料については、なお従前の例によります。,https://www.city.shinjuku.lg.jp/content/000451614.pdf,a24b0555a1d4d0150686d1205bf1b6be467b484629ddaed70dca3cf6b8cb1cbc,附則（経過措置）,令和7年度分までの保険料については、なお従前の例による,supported,e974026b38ada660299cdb0f7ed3b7218bdc8f614b00ddb21766c223056034e9
shinjuku-2026-r1-gian-41,normal,content,OC41-N-33,令和8年第1回定例会（会期は2月17日から3月24日まで）で審議されました。,https://www.city.shinjuku.lg.jp/content/000452334.pdf,22ba4f49b18c96bd1fa26241606257c05477f38e25ac46d6f8e4f416a2cedbf2,審議状況（会期）,令和８年第１回定例会…２月１７日～３月２４日,supported,e974026b38ada660299cdb0f7ed3b7218bdc8f614b00ddb21766c223056034e9
shinjuku-2026-r1-gian-41,normal,content,OC41-N-34,第41号議案は、令和8年3月19日付けで区長から議会に送付されました。,https://ssp.kaigiroku.net/tenant/shinjuku/MinuteView.html?council_id=3163&schedule_id=5&minute_id=6,845b168f9c24650388f6d92b6dd304abde6e3f093c693d4f3ca2345da6473e0f,審議状況（本会議 3月24日 議長）,令和8年3月19日…議案の送付について…第41号議案新宿区国民健康保険条例の一部を改正する条例,supported,e974026b38ada660299cdb0f7ed3b7218bdc8f614b00ddb21766c223056034e9
shinjuku-2026-r1-gian-41,normal,content,OC41-N-35,3月24日（火曜日、第4日）の本会議で、区長が提案を説明しました。,https://ssp.kaigiroku.net/tenant/shinjuku/MinuteView.html?council_id=3163&schedule_id=5&minute_id=126,028029468c55965ec7b38178348292f9a689d4453dc62f8293e25623672fad3f,審議状況（本会議 3月24日 議長）,第41号議案の新宿区国民健康保険条例の一部を改正する条例について御説明いたします…世帯主が1月1日において日本国内に住所を有していなかった世帯の普通徴収に係る保険料の前納に係る納期限を定める等、所要の改正を行うものです,supported,e974026b38ada660299cdb0f7ed3b7218bdc8f614b00ddb21766c223056034e9
shinjuku-2026-r1-gian-41,normal,content,OC41-N-36,議案付託表のとおり、福祉健康委員会に付託されました。,https://ssp.kaigiroku.net/tenant/shinjuku/MinuteView.html?council_id=3163&schedule_id=5&minute_id=127,4443bd3dc3f45d16e61a6ba3a2e3c685812d5863b097a69eccf33ae56641b4e4,審議状況（本会議 3月24日 議長）,第41号議案は、議案付託表のとおり、福祉健康委員会に付託します,supported,e974026b38ada660299cdb0f7ed3b7218bdc8f614b00ddb21766c223056034e9
shinjuku-2026-r1-gian-41,normal,content,OC41-N-37,委員会審査報告書の提出を受けて本日の日程に追加され、追加日程第1として議題となりました。,https://ssp.kaigiroku.net/tenant/shinjuku/MinuteView.html?council_id=3163&schedule_id=5&minute_id=149,57791e5ff51d7628a6b4310f5e1c4cb5b44676951297f4e6ee83127360c1b1ed,審議状況（本会議 3月24日 議長）,第37号議案から第41号議案までの委員会審査報告書が提出されました。これを本日の日程に追加したい,supported,e974026b38ada660299cdb0f7ed3b7218bdc8f614b00ddb21766c223056034e9
shinjuku-2026-r1-gian-41,normal,content,OC41-N-38,委員会審査報告書の提出を受けて本日の日程に追加され、追加日程第1として議題となりました。,https://ssp.kaigiroku.net/tenant/shinjuku/MinuteView.html?council_id=3163&schedule_id=5&minute_id=150,bb084dfbd5b5c85c3dcff5d1c81f77ecdbae694a72c8c4eb298a04e010722cf9,審議状況（本会議 3月24日 議長）,異議なしと認め、本日の日程に追加することに決定しました,supported,e974026b38ada660299cdb0f7ed3b7218bdc8f614b00ddb21766c223056034e9
shinjuku-2026-r1-gian-41,normal,content,OC41-N-39,委員会審査報告書の提出を受けて本日の日程に追加され、追加日程第1として議題となりました。,https://ssp.kaigiroku.net/tenant/shinjuku/MinuteView.html?council_id=3163&schedule_id=5&minute_id=151,0f88d96500617f7df3a71b18cd7522cc4bde9a3fcdbd9090b8b0e9ba317c6f05,審議状況（本会議 3月24日 議長）,追加日程第1を議題とします,supported,e974026b38ada660299cdb0f7ed3b7218bdc8f614b00ddb21766c223056034e9
shinjuku-2026-r1-gian-41,normal,content,OC41-N-40,福祉健康委員会の審査報告書は「可決」でした。,https://ssp.kaigiroku.net/tenant/shinjuku/MinuteView.html?council_id=3163&schedule_id=5&minute_id=153,552b32fe46d9258940407f8537d64d9f9ee29293515e17e4dff8c9aed2a52352,審議状況（本会議 3月24日 議長）,福祉健康委員会審査報告書は、可決です,supported,e974026b38ada660299cdb0f7ed3b7218bdc8f614b00ddb21766c223056034e9
shinjuku-2026-r1-gian-41,normal,content,OC41-N-41,少数意見を口頭で報告するとの申出があり、20番の佐藤佳一議員が報告しました。,https://ssp.kaigiroku.net/tenant/shinjuku/MinuteView.html?council_id=3163&schedule_id=5&minute_id=153,552b32fe46d9258940407f8537d64d9f9ee29293515e17e4dff8c9aed2a52352,審議状況（本会議 3月24日 議長）,少数意見を口頭で報告するとの申出がありますので、これを許します。20番佐藤佳一議員,supported,e974026b38ada660299cdb0f7ed3b7218bdc8f614b00ddb21766c223056034e9
shinjuku-2026-r1-gian-41,normal,content,OC41-N-42,続いて討論があり、37番のさわいめぐみ議員、28番の古畑まさのり議員が発言しました。,https://ssp.kaigiroku.net/tenant/shinjuku/MinuteView.html?council_id=3163&schedule_id=5&minute_id=155,464f78184f0f07a8de03068b19e1942f9cd24a8a84c5e12d9bf921d5fa38a945,審議状況（本会議 3月24日 議長）,通告がありましたので、順に発言を許します。最初に、37番さわいめぐみ議員,supported,e974026b38ada660299cdb0f7ed3b7218bdc8f614b00ddb21766c223056034e9
shinjuku-2026-r1-gian-41,normal,content,OC41-N-43,本会議は起立により採決しました。,https://ssp.kaigiroku.net/tenant/shinjuku/MinuteView.html?council_id=3163&schedule_id=5&minute_id=159,636f300ac94d7d5a9679a0a75568f315f1cf4971d66e1d0eaaa1060e4bdd633e,審議状況（本会議 3月24日 議長）,討論は終わりました。これから、起立により採決します。本案を委員会審査報告のとおり決定することに賛成の方は御起立願います,supported,e974026b38ada660299cdb0f7ed3b7218bdc8f614b00ddb21766c223056034e9
shinjuku-2026-r1-gian-41,normal,content,OC41-N-44,起立多数と認め、委員会審査報告のとおり可決しました。,https://ssp.kaigiroku.net/tenant/shinjuku/MinuteView.html?council_id=3163&schedule_id=5&minute_id=160,0405f4221f73a11b0034c2a81abc651c7799688051fdfb5441349221a4be563a,審議状況（本会議 3月24日 議長）,起立多数と認めます。本案は、委員会審査報告のとおり可決されました,supported,e974026b38ada660299cdb0f7ed3b7218bdc8f614b00ddb21766c223056034e9
shinjuku-2026-r1-gian-41,normal,content,OC41-N-45,議決結果ページの記載は「原案可決」です。,https://www.city.shinjuku.lg.jp/kusei/soumu01_002090_00015.html,7c2b6f68db1b433b860b35d176b4dd9211e78582ec9de718fcfefe68b22d896a,審議状況（議決結果ページ）,第41号議案新宿区国民健康保険条例の一部を改正する条例原案可決,supported,e974026b38ada660299cdb0f7ed3b7218bdc8f614b00ddb21766c223056034e9
shinjuku-2026-r1-gian-41,normal,content,OC41-N-46,「議案の概要と審議結果」の採決結果行では、日本共産党新宿区議会議員団とれいわ新選組 新宿が反対（×）、ほかの6会派が賛成（○）でした。,https://www.city.shinjuku.lg.jp/content/000452334.pdf,22ba4f49b18c96bd1fa26241606257c05477f38e25ac46d6f8e4f416a2cedbf2,審議状況（議案の概要と審議結果の採決結果行）,世帯主が1月1日に日本国内に住所を有していなかった世帯の普通徴収に係る保険料の前納について定める。○○×○○○○×可決,supported,e974026b38ada660299cdb0f7ed3b7218bdc8f614b00ddb21766c223056034e9
shinjuku-2026-r1-gian-41,normal,content,OC41-N-47,立憲民主党・無所属クラブの欄は賛成（○）で、その下に「1人反対」と注記されています。,https://www.city.shinjuku.lg.jp/content/000452334.pdf,22ba4f49b18c96bd1fa26241606257c05477f38e25ac46d6f8e4f416a2cedbf2,審議状況（議案の概要と審議結果の採決結果行。「1人反対」の注記は民無ク列の下にある）,世帯主が1月1日に日本国内に住所を有していなかった世帯の普通徴収に係る保険料の前納について定める。○○×○○○○×可決…1人反対,supported,e974026b38ada660299cdb0f7ed3b7218bdc8f614b00ddb21766c223056034e9
shinjuku-2026-r1-gian-41,normal,content,OC41-N-48,杉山直子委員と自身が本議案に反対し、福祉健康委員会で少数意見を留保したと述べました,https://ssp.kaigiroku.net/tenant/shinjuku/MinuteView.html?council_id=3163&schedule_id=5&minute_id=154,13b8168ab0f79288b443960da4b58c0f36412bcfd3758252adfaae252696e37d,審議状況（本会議 3月24日 少数意見の報告）,杉山直子委員と私、佐藤佳一は本議案に反対し、福祉健康委員会で少数意見を留保しましたので、報告します,supported,e974026b38ada660299cdb0f7ed3b7218bdc8f614b00ddb21766c223056034e9
shinjuku-2026-r1-gian-41,normal,content,OC41-N-49,昨年は保険料が値下げとなったが、値下げ分を上回り、過去最高の保険料になったと述べました,https://ssp.kaigiroku.net/tenant/shinjuku/MinuteView.html?council_id=3163&schedule_id=5&minute_id=154,13b8168ab0f79288b443960da4b58c0f36412bcfd3758252adfaae252696e37d,審議状況（本会議 3月24日 少数意見の報告）,昨年は保険料が値下げとなりましたが、値下げ分を上回り、過去最高の保険料となりました,supported,e974026b38ada660299cdb0f7ed3b7218bdc8f614b00ddb21766c223056034e9
shinjuku-2026-r1-gian-41,normal,content,OC41-N-50,子ども・子育て支援金制度は公的医療保険に上乗せして新たに徴収するもので、国が責任を持って税金で負担すべきだと述べました,https://ssp.kaigiroku.net/tenant/shinjuku/MinuteView.html?council_id=3163&schedule_id=5&minute_id=154,13b8168ab0f79288b443960da4b58c0f36412bcfd3758252adfaae252696e37d,審議状況（本会議 3月24日 少数意見の報告）,新たに国民から徴収する子ども・子育て支援金制度です…国が責任を持って税金で負担すべきです,supported,e974026b38ada660299cdb0f7ed3b7218bdc8f614b00ddb21766c223056034e9
shinjuku-2026-r1-gian-41,normal,content,OC41-N-51,前納制は、導入経緯からいっても外国人差別の制度と言わざるを得ないと述べました,https://ssp.kaigiroku.net/tenant/shinjuku/MinuteView.html?council_id=3163&schedule_id=5&minute_id=154,13b8168ab0f79288b443960da4b58c0f36412bcfd3758252adfaae252696e37d,審議状況（本会議 3月24日 少数意見の報告）,新宿区は海外から転入した人の国民健康保険の加入に当たり、2026年度から初年度の保険料を前納制とするとしています。導入経緯からいっても、外国人差別の制度と言わざるを得ません,supported,e974026b38ada660299cdb0f7ed3b7218bdc8f614b00ddb21766c223056034e9
shinjuku-2026-r1-gian-41,normal,content,OC41-N-52,3月14日の新宿区国民健康保険運営協議会でも異論が出て、学識委員の2人を含む4人の委員が反対したと述べました,https://ssp.kaigiroku.net/tenant/shinjuku/MinuteView.html?council_id=3163&schedule_id=5&minute_id=154,13b8168ab0f79288b443960da4b58c0f36412bcfd3758252adfaae252696e37d,審議状況（本会議 3月24日 少数意見の報告）,3月14日に行われた新宿区国民健康保険運営協議会でも異論が出て、学識委員の2人を含む4人の委員が反対しました,supported,e974026b38ada660299cdb0f7ed3b7218bdc8f614b00ddb21766c223056034e9
shinjuku-2026-r1-gian-41,normal,content,OC41-N-53,憲法に違反し、国際人権規約にも違反の前納制には反対だと述べました,https://ssp.kaigiroku.net/tenant/shinjuku/MinuteView.html?council_id=3163&schedule_id=5&minute_id=154,13b8168ab0f79288b443960da4b58c0f36412bcfd3758252adfaae252696e37d,審議状況（本会議 3月24日 少数意見の報告）,憲法に違反し、国際人権規約にも違反の前納制には反対です,supported,e974026b38ada660299cdb0f7ed3b7218bdc8f614b00ddb21766c223056034e9
shinjuku-2026-r1-gian-41,normal,content,OC41-N-54,れいわ新選組 新宿のさわいめぐみ議員（反対）: 反対の理由として、国民・区民への周知と議論、理解醸成、財源への疑義、人権の観点の3点を挙げました。,https://ssp.kaigiroku.net/tenant/shinjuku/MinuteView.html?council_id=3163&schedule_id=5&minute_id=156,0dcaa86d0a7c0754eee05a725a357138b6d29a611cfad2f19f0a32a77c7085bd,審議状況（本会議 3月24日 討論）,反対する理由を述べます。１つは、国民、区民への周知と議論、理解醸成がしっかりとされたのかどうか、もう一つは、財源への疑義、もう一つは、人権の観点から一言申し述べます,supported,e974026b38ada660299cdb0f7ed3b7218bdc8f614b00ddb21766c223056034e9
shinjuku-2026-r1-gian-41,normal,content,OC41-N-55,れいわ新選組 新宿のさわいめぐみ議員（反対）: 子ども・子育て支援金の追加徴収などで国民健康保険料の負担が上がる内容だと述べました。,https://ssp.kaigiroku.net/tenant/shinjuku/MinuteView.html?council_id=3163&schedule_id=5&minute_id=156,0dcaa86d0a7c0754eee05a725a357138b6d29a611cfad2f19f0a32a77c7085bd,審議状況（本会議 3月24日 討論）,国の制度改正による子ども・子育て支援金の追加徴収などにより国民健康保険料負担が上がる内容です,supported,e974026b38ada660299cdb0f7ed3b7218bdc8f614b00ddb21766c223056034e9
shinjuku-2026-r1-gian-41,normal,content,OC41-N-56,れいわ新選組 新宿のさわいめぐみ議員（反対）: 前納制度は主に外国人加入者の保険料未納への対策として盛り込まれたものだと述べ、区が前納制度などを進めたことを、差別的であると言わざるを得ないと述べました。,https://ssp.kaigiroku.net/tenant/shinjuku/MinuteView.html?council_id=3163&schedule_id=5&minute_id=156,0dcaa86d0a7c0754eee05a725a357138b6d29a611cfad2f19f0a32a77c7085bd,審議状況（本会議 3月24日 討論）,主に外国人加入者の保険料未納への対策として、前納制度も盛り込まれました,supported,e974026b38ada660299cdb0f7ed3b7218bdc8f614b00ddb21766c223056034e9
shinjuku-2026-r1-gian-41,normal,content,OC41-N-57,れいわ新選組 新宿のさわいめぐみ議員（反対）: 前納制度は主に外国人加入者の保険料未納への対策として盛り込まれたものだと述べ、区が前納制度などを進めたことを、差別的であると言わざるを得ないと述べました。,https://ssp.kaigiroku.net/tenant/shinjuku/MinuteView.html?council_id=3163&schedule_id=5&minute_id=156,0dcaa86d0a7c0754eee05a725a357138b6d29a611cfad2f19f0a32a77c7085bd,審議状況（本会議 3月24日 討論）,まずは保険制度の周知に努めることが先決であると考えますが…前納制度を進めることでした。差別的であると言わざるを得ません,supported,e974026b38ada660299cdb0f7ed3b7218bdc8f614b00ddb21766c223056034e9
shinjuku-2026-r1-gian-41,normal,content,OC41-N-58,日本維新の会・新宿区議団の古畑まさのり議員（賛成）: 前納制は、これまで本会議で繰り返し提起してきた未納対策が具体的な制度として形になったものであり、評価すると述べました。,https://ssp.kaigiroku.net/tenant/shinjuku/MinuteView.html?council_id=3163&schedule_id=5&minute_id=158,32cc9b4a4d9e197420c03843b84bba348886821f80192f775808e77f7896a2c3,審議状況（本会議 3月24日 討論）,前納制は、これまで本会議で繰り返し提起してきた未納対策が具体的な制度として形になったものであり、まずその点を評価いたします,supported,e974026b38ada660299cdb0f7ed3b7218bdc8f614b00ddb21766c223056034e9
shinjuku-2026-r1-gian-41,normal,content,OC41-N-59,日本維新の会・新宿区議団の古畑まさのり議員（賛成）: 本制度は日本人も含めた設計であり、国籍によって一律に区別するものではないと述べました。,https://ssp.kaigiroku.net/tenant/shinjuku/MinuteView.html?council_id=3163&schedule_id=5&minute_id=158,32cc9b4a4d9e197420c03843b84bba348886821f80192f775808e77f7896a2c3,審議状況（本会議 3月24日 討論）,本制度は、日本人も含めた設計となっており、国籍によって一律に区別するものではありません,supported,e974026b38ada660299cdb0f7ed3b7218bdc8f614b00ddb21766c223056034e9
shinjuku-2026-r1-gian-41,normal,content,OC41-N-60,日本維新の会・新宿区議団の古畑まさのり議員（賛成）: 子ども・子育て支援金については、国に対して引き続き見直しを強く求めていくと述べました。,https://ssp.kaigiroku.net/tenant/shinjuku/MinuteView.html?council_id=3163&schedule_id=5&minute_id=158,32cc9b4a4d9e197420c03843b84bba348886821f80192f775808e77f7896a2c3,審議状況（本会議 3月24日 討論）,子ども・子育て支援金については、医療保険料に上乗せして徴収する仕組みであり…国に対して引き続き見直しを強く求めていきます,supported,e974026b38ada660299cdb0f7ed3b7218bdc8f614b00ddb21766c223056034e9
shinjuku-2026-r1-gian-41,hard,title,OC41-HT-01,見出し: 第41号議案 新宿区国民健康保険条例の一部を改正する条例,https://www.city.shinjuku.lg.jp/content/000451614.pdf,a24b0555a1d4d0150686d1205bf1b6be467b484629ddaed70dca3cf6b8cb1cbc,件名,新宿区国民健康保険条例の一部を改正する条例,supported,16f3a009cd59891ccd0259b452fdca5077f88200163dd59beb67850e161a0874
shinjuku-2026-r1-gian-41,hard,summary,OC41-HS-01,要約: 基礎賦課額、後期高齢者支援金等賦課額及び介護納付金賦課額の保険料率等を改定し、子ども・子育て支援納付金賦課額を新設し、前納に係る納期限を定める条例改正。,https://www.city.shinjuku.lg.jp/content/000451614.pdf,a24b0555a1d4d0150686d1205bf1b6be467b484629ddaed70dca3cf6b8cb1cbc,（提案理由）,基礎賦課額、後期高齢者支援金等賦課額及び介護納付金賦課額の保険料率等を改定するとともに、子ども・子育て支援法等の一部を改正する法律（令和6年法律第47号）の一部の施行による国民健康保険法（昭和33年法律第192号）の改正等に伴い子ども・子育て支援納付金賦課総額の算定その他必要な事項について定めるほか、世帯主が1月1日において日本国内に住所を有していなかった世帯の普通徴収に係る保険料の前納に係る納期限を定める等所要の改正を行う必要があるため,supported,16f3a009cd59891ccd0259b452fdca5077f88200163dd59beb67850e161a0874
shinjuku-2026-r1-gian-41,hard,summary,OC41-HS-02,要約: 基礎賦課額、後期高齢者支援金等賦課額及び介護納付金賦課額の保険料率等を改定し、子ども・子育て支援納付金賦課額を新設し、前納に係る納期限を定める条例改正。,https://www.city.shinjuku.lg.jp/content/000450970.pdf,86bc683ffe2891e9c7ba6347e8ef0ebb4e5e3108fc38232e79b5cbc715a92dda,第41号議案,子ども・子育て支援法の改正等により子ども・子育て支援金制度が創設されたことに伴い、保険料の賦課額に子ども・子育て支援納付金賦課額を追加し、保険料率を定める,supported,16f3a009cd59891ccd0259b452fdca5077f88200163dd59beb67850e161a0874
shinjuku-2026-r1-gian-41,hard,summary,OC41-HS-03,要約: 施行日は令和8年4月1日。,https://www.city.shinjuku.lg.jp/content/000451614.pdf,a24b0555a1d4d0150686d1205bf1b6be467b484629ddaed70dca3cf6b8cb1cbc,附則（施行期日）,この条例は、令和8年4月1日から施行する,supported,16f3a009cd59891ccd0259b452fdca5077f88200163dd59beb67850e161a0874
shinjuku-2026-r1-gian-41,hard,summary,OC41-HS-04,要約: 福祉健康委員会の審査報告は可決、本会議は起立多数で可決。,https://ssp.kaigiroku.net/tenant/shinjuku/MinuteView.html?council_id=3163&schedule_id=5&minute_id=153,552b32fe46d9258940407f8537d64d9f9ee29293515e17e4dff8c9aed2a52352,審議状況（本会議 3月24日 議長）,福祉健康委員会審査報告書は、可決です,supported,16f3a009cd59891ccd0259b452fdca5077f88200163dd59beb67850e161a0874
shinjuku-2026-r1-gian-41,hard,summary,OC41-HS-05,要約: 福祉健康委員会の審査報告は可決、本会議は起立多数で可決。,https://ssp.kaigiroku.net/tenant/shinjuku/MinuteView.html?council_id=3163&schedule_id=5&minute_id=160,0405f4221f73a11b0034c2a81abc651c7799688051fdfb5441349221a4be563a,審議状況（本会議 3月24日 議長）,起立多数と認めます。本案は、委員会審査報告のとおり可決されました,supported,16f3a009cd59891ccd0259b452fdca5077f88200163dd59beb67850e161a0874
shinjuku-2026-r1-gian-41,hard,content,OC41-H-01,提出日: 令和8年3月24日,https://www.city.shinjuku.lg.jp/content/000451614.pdf,a24b0555a1d4d0150686d1205bf1b6be467b484629ddaed70dca3cf6b8cb1cbc,提出日・提出者,令和８年３月２４日…新宿区長…吉住…健一,supported,16f3a009cd59891ccd0259b452fdca5077f88200163dd59beb67850e161a0874
shinjuku-2026-r1-gian-41,hard,content,OC41-H-02,提出者: 新宿区長 吉住健一,https://www.city.shinjuku.lg.jp/content/000451614.pdf,a24b0555a1d4d0150686d1205bf1b6be467b484629ddaed70dca3cf6b8cb1cbc,提出日・提出者,令和８年３月２４日…新宿区長…吉住…健一,supported,16f3a009cd59891ccd0259b452fdca5077f88200163dd59beb67850e161a0874
shinjuku-2026-r1-gian-41,hard,content,OC41-H-03,対象条例: 新宿区国民健康保険条例（昭和34年新宿区条例第11号）,https://www.city.shinjuku.lg.jp/content/000451614.pdf,a24b0555a1d4d0150686d1205bf1b6be467b484629ddaed70dca3cf6b8cb1cbc,改め文,新宿区国民健康保険条例（昭和34年新宿区条例第11号）の一部を次のように改正する,supported,16f3a009cd59891ccd0259b452fdca5077f88200163dd59beb67850e161a0874
shinjuku-2026-r1-gian-41,hard,content,OC41-H-04,議決: 原案可決（議決結果ページの記載）,https://www.city.shinjuku.lg.jp/kusei/soumu01_002090_00015.html,7c2b6f68db1b433b860b35d176b4dd9211e78582ec9de718fcfefe68b22d896a,審議状況（議決結果ページ）,第41号議案新宿区国民健康保険条例の一部を改正する条例原案可決,supported,16f3a009cd59891ccd0259b452fdca5077f88200163dd59beb67850e161a0874
shinjuku-2026-r1-gian-41,hard,content,OC41-H-05,議案の送付: 令和8年3月19日付けで区長から議会に送付（3月24日の会議録の諸報告）,https://ssp.kaigiroku.net/tenant/shinjuku/MinuteView.html?council_id=3163&schedule_id=5&minute_id=6,845b168f9c24650388f6d92b6dd304abde6e3f093c693d4f3ca2345da6473e0f,審議状況（本会議 3月24日 議長）,令和8年3月19日…議案の送付について…第41号議案新宿区国民健康保険条例の一部を改正する条例,supported,16f3a009cd59891ccd0259b452fdca5077f88200163dd59beb67850e161a0874
shinjuku-2026-r1-gian-41,hard,content,OC41-H-06,本会議: 令和8年3月24日（火曜日）、会議録 第4日第4号,https://ssp.kaigiroku.net/tenant/shinjuku/MinuteView.html?council_id=3163&schedule_id=5&minute_id=1,bd058d36962b45d8d965e4625bb95ecd661a102a026175213f37ba9eb575424a,審議状況（本会議 3月24日 議長）,令和８年第１回定例会会議録（第４日）第４号令和８年３月２４日（火曜日）,supported,16f3a009cd59891ccd0259b452fdca5077f88200163dd59beb67850e161a0874
shinjuku-2026-r1-gian-41,hard,content,OC41-H-07,上程: 区長が提案の説明をした,https://ssp.kaigiroku.net/tenant/shinjuku/MinuteView.html?council_id=3163&schedule_id=5&minute_id=124,20b678f5590cf19ed00465dbe4e032636f0284ca8aaef364c2b9c23399d5ece5,審議状況（本会議 3月24日 議長）,第41号議案新宿区国民健康保険条例の一部を改正する条例,supported,16f3a009cd59891ccd0259b452fdca5077f88200163dd59beb67850e161a0874
shinjuku-2026-r1-gian-41,hard,content,OC41-H-08,上程: 区長が提案の説明をした,https://ssp.kaigiroku.net/tenant/shinjuku/MinuteView.html?council_id=3163&schedule_id=5&minute_id=126,028029468c55965ec7b38178348292f9a689d4453dc62f8293e25623672fad3f,審議状況（本会議 3月24日 議長）,第41号議案の新宿区国民健康保険条例の一部を改正する条例について御説明いたします…世帯主が1月1日において日本国内に住所を有していなかった世帯の普通徴収に係る保険料の前納に係る納期限を定める等、所要の改正を行うものです,supported,16f3a009cd59891ccd0259b452fdca5077f88200163dd59beb67850e161a0874
shinjuku-2026-r1-gian-41,hard,content,OC41-H-09,付託: 議案付託表のとおり、福祉健康委員会に付託,https://ssp.kaigiroku.net/tenant/shinjuku/MinuteView.html?council_id=3163&schedule_id=5&minute_id=127,4443bd3dc3f45d16e61a6ba3a2e3c685812d5863b097a69eccf33ae56641b4e4,審議状況（本会議 3月24日 議長）,第41号議案は、議案付託表のとおり、福祉健康委員会に付託します,supported,16f3a009cd59891ccd0259b452fdca5077f88200163dd59beb67850e161a0874
shinjuku-2026-r1-gian-41,hard,content,OC41-H-10,議題: 委員会審査報告書が提出されて本日の日程に追加され、追加日程第1として議題とした,https://ssp.kaigiroku.net/tenant/shinjuku/MinuteView.html?council_id=3163&schedule_id=5&minute_id=149,57791e5ff51d7628a6b4310f5e1c4cb5b44676951297f4e6ee83127360c1b1ed,審議状況（本会議 3月24日 議長）,第37号議案から第41号議案までの委員会審査報告書が提出されました。これを本日の日程に追加したい,supported,16f3a009cd59891ccd0259b452fdca5077f88200163dd59beb67850e161a0874
shinjuku-2026-r1-gian-41,hard,content,OC41-H-11,議題: 委員会審査報告書が提出されて本日の日程に追加され、追加日程第1として議題とした,https://ssp.kaigiroku.net/tenant/shinjuku/MinuteView.html?council_id=3163&schedule_id=5&minute_id=150,bb084dfbd5b5c85c3dcff5d1c81f77ecdbae694a72c8c4eb298a04e010722cf9,審議状況（本会議 3月24日 議長）,異議なしと認め、本日の日程に追加することに決定しました,supported,16f3a009cd59891ccd0259b452fdca5077f88200163dd59beb67850e161a0874
shinjuku-2026-r1-gian-41,hard,content,OC41-H-12,議題: 委員会審査報告書が提出されて本日の日程に追加され、追加日程第1として議題とした,https://ssp.kaigiroku.net/tenant/shinjuku/MinuteView.html?council_id=3163&schedule_id=5&minute_id=151,0f88d96500617f7df3a71b18cd7522cc4bde9a3fcdbd9090b8b0e9ba317c6f05,審議状況（本会議 3月24日 議長）,追加日程第1を議題とします,supported,16f3a009cd59891ccd0259b452fdca5077f88200163dd59beb67850e161a0874
shinjuku-2026-r1-gian-41,hard,content,OC41-H-13,会議録: 第41号議案の議題朗読が記載されている（追加日程第1）,https://ssp.kaigiroku.net/tenant/shinjuku/MinuteView.html?council_id=3163&schedule_id=5&minute_id=152,49d6b3d2ef3bd76be6bf890a1b1879d1870fcd4a4c0b928fce68ed01eb687c45,審議状況（本会議 3月24日 議長）,第41号議案新宿区国民健康保険条例の一部を改正する条例,supported,16f3a009cd59891ccd0259b452fdca5077f88200163dd59beb67850e161a0874
shinjuku-2026-r1-gian-41,hard,content,OC41-H-14,委員会審査報告: 福祉健康委員会の審査報告書は可決,https://ssp.kaigiroku.net/tenant/shinjuku/MinuteView.html?council_id=3163&schedule_id=5&minute_id=153,552b32fe46d9258940407f8537d64d9f9ee29293515e17e4dff8c9aed2a52352,審議状況（本会議 3月24日 議長）,福祉健康委員会審査報告書は、可決です,supported,16f3a009cd59891ccd0259b452fdca5077f88200163dd59beb67850e161a0874
shinjuku-2026-r1-gian-41,hard,content,OC41-H-15,少数意見: 福祉健康委員会の決定に対する少数意見を、20番 佐藤佳一議員が口頭で報告,https://ssp.kaigiroku.net/tenant/shinjuku/MinuteView.html?council_id=3163&schedule_id=5&minute_id=153,552b32fe46d9258940407f8537d64d9f9ee29293515e17e4dff8c9aed2a52352,審議状況（本会議 3月24日 議長）,少数意見を口頭で報告するとの申出がありますので、これを許します。20番佐藤佳一議員,supported,16f3a009cd59891ccd0259b452fdca5077f88200163dd59beb67850e161a0874
shinjuku-2026-r1-gian-41,hard,content,OC41-H-16,討論: 37番 さわいめぐみ議員、28番 古畑まさのり議員の順に発言,https://ssp.kaigiroku.net/tenant/shinjuku/MinuteView.html?council_id=3163&schedule_id=5&minute_id=155,464f78184f0f07a8de03068b19e1942f9cd24a8a84c5e12d9bf921d5fa38a945,審議状況（本会議 3月24日 議長）,通告がありましたので、順に発言を許します。最初に、37番さわいめぐみ議員,supported,16f3a009cd59891ccd0259b452fdca5077f88200163dd59beb67850e161a0874
shinjuku-2026-r1-gian-41,hard,content,OC41-H-17,採決方法: 起立（賛成の方は御起立願います）,https://ssp.kaigiroku.net/tenant/shinjuku/MinuteView.html?council_id=3163&schedule_id=5&minute_id=159,636f300ac94d7d5a9679a0a75568f315f1cf4971d66e1d0eaaa1060e4bdd633e,審議状況（本会議 3月24日 議長）,討論は終わりました。これから、起立により採決します。本案を委員会審査報告のとおり決定することに賛成の方は御起立願います,supported,16f3a009cd59891ccd0259b452fdca5077f88200163dd59beb67850e161a0874
shinjuku-2026-r1-gian-41,hard,content,OC41-H-18,採決結果: 起立多数、委員会審査報告のとおり可決,https://ssp.kaigiroku.net/tenant/shinjuku/MinuteView.html?council_id=3163&schedule_id=5&minute_id=160,0405f4221f73a11b0034c2a81abc651c7799688051fdfb5441349221a4be563a,審議状況（本会議 3月24日 議長）,起立多数と認めます。本案は、委員会審査報告のとおり可決されました,supported,16f3a009cd59891ccd0259b452fdca5077f88200163dd59beb67850e161a0874
shinjuku-2026-r1-gian-41,hard,content,OC41-H-19,会派別の賛否: 6会派が賛成（○）、日本共産党新宿区議会議員団とれいわ新選組 新宿が反対（×）（採決結果行は ○○×○○○○×）,https://www.city.shinjuku.lg.jp/content/000452334.pdf,22ba4f49b18c96bd1fa26241606257c05477f38e25ac46d6f8e4f416a2cedbf2,審議状況（議案の概要と審議結果の採決結果行）,世帯主が1月1日に日本国内に住所を有していなかった世帯の普通徴収に係る保険料の前納について定める。○○×○○○○×可決,supported,16f3a009cd59891ccd0259b452fdca5077f88200163dd59beb67850e161a0874
shinjuku-2026-r1-gian-41,hard,content,OC41-H-20,採決結果行の注記: 立憲民主党・無所属クラブの欄は賛成（○）で、その下に「1人反対」と注記されている,https://www.city.shinjuku.lg.jp/content/000452334.pdf,22ba4f49b18c96bd1fa26241606257c05477f38e25ac46d6f8e4f416a2cedbf2,審議状況（議案の概要と審議結果の採決結果行。「1人反対」の注記は民無ク列の下にある）,世帯主が1月1日に日本国内に住所を有していなかった世帯の普通徴収に係る保険料の前納について定める。○○×○○○○×可決…1人反対,supported,16f3a009cd59891ccd0259b452fdca5077f88200163dd59beb67850e161a0874
shinjuku-2026-r1-gian-41,hard,content,OC41-H-21,会派: 自民・参政クラブ、新宿区議会公明党、日本共産党新宿区議会議員団、新宿未来の会、立憲民主党・無所属クラブ、日本維新の会・新宿区議団、現役世代に優しい新宿・減税の会、れいわ新選組 新宿,https://www.city.shinjuku.lg.jp/content/000452334.pdf,22ba4f49b18c96bd1fa26241606257c05477f38e25ac46d6f8e4f416a2cedbf2,会派略称・列の並び,共産＝日本共産党新宿区議会議員団…れいわ＝れいわ新選組 新宿…自参ク＝自民・参政クラブ…公明＝新宿区議会公明党…新宿会＝新宿未来の会…民無ク＝立憲民主党・無所属クラブ…維新＝日本維新の会・新宿区議団…現役＝現役世代に優しい新宿・減税の会,supported,16f3a009cd59891ccd0259b452fdca5077f88200163dd59beb67850e161a0874
shinjuku-2026-r1-gian-41,hard,content,OC41-H-22,基礎賦課額、後期高齢者支援金等賦課額及び介護納付金賦課額の保険料率等を改定するとともに、子ども・子育て支援法等の一部を改正する法律（令和6年法律第47号）の一部の施行による国民健康保険法（昭和33年法律第192号）の改正等に伴い子ども・子育て支援納付金賦課総額の算定その他必要な事項について定めるほか、世帯主が1月1日において日本国内に住所を有していなかった世帯の普通徴収に係る保険料の前納に係る納期限を定める等所要の改正を行う必要があるため,https://www.city.shinjuku.lg.jp/content/000451614.pdf,a24b0555a1d4d0150686d1205bf1b6be467b484629ddaed70dca3cf6b8cb1cbc,（提案理由）,基礎賦課額、後期高齢者支援金等賦課額及び介護納付金賦課額の保険料率等を改定するとともに、子ども・子育て支援法等の一部を改正する法律（令和6年法律第47号）の一部の施行による国民健康保険法（昭和33年法律第192号）の改正等に伴い子ども・子育て支援納付金賦課総額の算定その他必要な事項について定めるほか、世帯主が1月1日において日本国内に住所を有していなかった世帯の普通徴収に係る保険料の前納に係る納期限を定める等所要の改正を行う必要があるため,supported,16f3a009cd59891ccd0259b452fdca5077f88200163dd59beb67850e161a0874
shinjuku-2026-r1-gian-41,hard,content,OC41-H-23,杉山直子委員と自身が本議案に反対し、福祉健康委員会で少数意見を留保したと述べた,https://ssp.kaigiroku.net/tenant/shinjuku/MinuteView.html?council_id=3163&schedule_id=5&minute_id=154,13b8168ab0f79288b443960da4b58c0f36412bcfd3758252adfaae252696e37d,審議状況（本会議 3月24日 少数意見の報告）,杉山直子委員と私、佐藤佳一は本議案に反対し、福祉健康委員会で少数意見を留保しましたので、報告します,supported,16f3a009cd59891ccd0259b452fdca5077f88200163dd59beb67850e161a0874
shinjuku-2026-r1-gian-41,hard,content,OC41-H-24,昨年は保険料が値下げとなったが、値下げ分を上回り、過去最高の保険料になったと述べた,https://ssp.kaigiroku.net/tenant/shinjuku/MinuteView.html?council_id=3163&schedule_id=5&minute_id=154,13b8168ab0f79288b443960da4b58c0f36412bcfd3758252adfaae252696e37d,審議状況（本会議 3月24日 少数意見の報告）,昨年は保険料が値下げとなりましたが、値下げ分を上回り、過去最高の保険料となりました,supported,16f3a009cd59891ccd0259b452fdca5077f88200163dd59beb67850e161a0874
shinjuku-2026-r1-gian-41,hard,content,OC41-H-25,子ども・子育て支援金制度について、公的医療保険に上乗せし新たに国民から徴収する制度であり、国が責任を持って税金で負担すべきだと述べた,https://ssp.kaigiroku.net/tenant/shinjuku/MinuteView.html?council_id=3163&schedule_id=5&minute_id=154,13b8168ab0f79288b443960da4b58c0f36412bcfd3758252adfaae252696e37d,審議状況（本会議 3月24日 少数意見の報告）,新たに国民から徴収する子ども・子育て支援金制度です…国が責任を持って税金で負担すべきです,supported,16f3a009cd59891ccd0259b452fdca5077f88200163dd59beb67850e161a0874
shinjuku-2026-r1-gian-41,hard,content,OC41-H-26,区が2026年度から海外から転入した人の初年度の保険料を前納制とするとして、導入経緯からいっても外国人差別の制度と言わざるを得ないと述べた,https://ssp.kaigiroku.net/tenant/shinjuku/MinuteView.html?council_id=3163&schedule_id=5&minute_id=154,13b8168ab0f79288b443960da4b58c0f36412bcfd3758252adfaae252696e37d,審議状況（本会議 3月24日 少数意見の報告）,新宿区は海外から転入した人の国民健康保険の加入に当たり、2026年度から初年度の保険料を前納制とするとしています。導入経緯からいっても、外国人差別の制度と言わざるを得ません,supported,16f3a009cd59891ccd0259b452fdca5077f88200163dd59beb67850e161a0874
shinjuku-2026-r1-gian-41,hard,content,OC41-H-27,3月14日の新宿区国民健康保険運営協議会でも異論が出て、学識委員の2人を含む4人の委員が反対したと述べた,https://ssp.kaigiroku.net/tenant/shinjuku/MinuteView.html?council_id=3163&schedule_id=5&minute_id=154,13b8168ab0f79288b443960da4b58c0f36412bcfd3758252adfaae252696e37d,審議状況（本会議 3月24日 少数意見の報告）,3月14日に行われた新宿区国民健康保険運営協議会でも異論が出て、学識委員の2人を含む4人の委員が反対しました,supported,16f3a009cd59891ccd0259b452fdca5077f88200163dd59beb67850e161a0874
shinjuku-2026-r1-gian-41,hard,content,OC41-H-28,憲法に違反し、国際人権規約にも違反の前納制には反対だと述べた,https://ssp.kaigiroku.net/tenant/shinjuku/MinuteView.html?council_id=3163&schedule_id=5&minute_id=154,13b8168ab0f79288b443960da4b58c0f36412bcfd3758252adfaae252696e37d,審議状況（本会議 3月24日 少数意見の報告）,憲法に違反し、国際人権規約にも違反の前納制には反対です,supported,16f3a009cd59891ccd0259b452fdca5077f88200163dd59beb67850e161a0874
shinjuku-2026-r1-gian-41,hard,content,OC41-H-29,れいわ新選組 新宿のさわいめぐみ議員は、反対の立場で討論した,https://ssp.kaigiroku.net/tenant/shinjuku/MinuteView.html?council_id=3163&schedule_id=5&minute_id=156,0dcaa86d0a7c0754eee05a725a357138b6d29a611cfad2f19f0a32a77c7085bd,審議状況（本会議 3月24日 討論）,れいわ新選組新宿のさわいめぐみです。第41号議案新宿区国民健康保険条例の一部を改正する条例について、反対の立場で討論いたします,supported,16f3a009cd59891ccd0259b452fdca5077f88200163dd59beb67850e161a0874
shinjuku-2026-r1-gian-41,hard,content,OC41-H-30,反対の理由として、国民・区民への周知と議論、理解醸成がしっかりとされたのか、財源への疑義、人権の観点の3点を挙げた,https://ssp.kaigiroku.net/tenant/shinjuku/MinuteView.html?council_id=3163&schedule_id=5&minute_id=156,0dcaa86d0a7c0754eee05a725a357138b6d29a611cfad2f19f0a32a77c7085bd,審議状況（本会議 3月24日 討論）,反対する理由を述べます。１つは、国民、区民への周知と議論、理解醸成がしっかりとされたのかどうか、もう一つは、財源への疑義、もう一つは、人権の観点から一言申し述べます,supported,16f3a009cd59891ccd0259b452fdca5077f88200163dd59beb67850e161a0874
shinjuku-2026-r1-gian-41,hard,content,OC41-H-31,国の制度改正による子ども・子育て支援金の追加徴収などにより、国民健康保険料の負担が上がる内容だと述べた,https://ssp.kaigiroku.net/tenant/shinjuku/MinuteView.html?council_id=3163&schedule_id=5&minute_id=156,0dcaa86d0a7c0754eee05a725a357138b6d29a611cfad2f19f0a32a77c7085bd,審議状況（本会議 3月24日 討論）,国の制度改正による子ども・子育て支援金の追加徴収などにより国民健康保険料負担が上がる内容です,supported,16f3a009cd59891ccd0259b452fdca5077f88200163dd59beb67850e161a0874
shinjuku-2026-r1-gian-41,hard,content,OC41-H-32,前納制度は主に外国人加入者の保険料未納への対策として盛り込まれたと述べ、区が前納制度などを進めたことを、差別的であると言わざるを得ないと述べた,https://ssp.kaigiroku.net/tenant/shinjuku/MinuteView.html?council_id=3163&schedule_id=5&minute_id=156,0dcaa86d0a7c0754eee05a725a357138b6d29a611cfad2f19f0a32a77c7085bd,審議状況（本会議 3月24日 討論）,主に外国人加入者の保険料未納への対策として、前納制度も盛り込まれました,supported,16f3a009cd59891ccd0259b452fdca5077f88200163dd59beb67850e161a0874
shinjuku-2026-r1-gian-41,hard,content,OC41-H-33,前納制度は主に外国人加入者の保険料未納への対策として盛り込まれたと述べ、区が前納制度などを進めたことを、差別的であると言わざるを得ないと述べた,https://ssp.kaigiroku.net/tenant/shinjuku/MinuteView.html?council_id=3163&schedule_id=5&minute_id=156,0dcaa86d0a7c0754eee05a725a357138b6d29a611cfad2f19f0a32a77c7085bd,審議状況（本会議 3月24日 討論）,まずは保険制度の周知に努めることが先決であると考えますが…前納制度を進めることでした。差別的であると言わざるを得ません,supported,16f3a009cd59891ccd0259b452fdca5077f88200163dd59beb67850e161a0874
shinjuku-2026-r1-gian-41,hard,content,OC41-H-34,日本維新の会・新宿区議団の古畑まさのり議員は、賛成の立場で討論した,https://ssp.kaigiroku.net/tenant/shinjuku/MinuteView.html?council_id=3163&schedule_id=5&minute_id=158,32cc9b4a4d9e197420c03843b84bba348886821f80192f775808e77f7896a2c3,審議状況（本会議 3月24日 討論）,日本維新の会・新宿区議団、古畑まさのりです。第41号議案新宿区国民健康保険条例の一部を改正する条例について、賛成の立場から討論いたします,supported,16f3a009cd59891ccd0259b452fdca5077f88200163dd59beb67850e161a0874
shinjuku-2026-r1-gian-41,hard,content,OC41-H-35,前納制は、これまで本会議で繰り返し提起してきた未納対策が具体的な制度として形になったものであり、評価すると述べた,https://ssp.kaigiroku.net/tenant/shinjuku/MinuteView.html?council_id=3163&schedule_id=5&minute_id=158,32cc9b4a4d9e197420c03843b84bba348886821f80192f775808e77f7896a2c3,審議状況（本会議 3月24日 討論）,前納制は、これまで本会議で繰り返し提起してきた未納対策が具体的な制度として形になったものであり、まずその点を評価いたします,supported,16f3a009cd59891ccd0259b452fdca5077f88200163dd59beb67850e161a0874
shinjuku-2026-r1-gian-41,hard,content,OC41-H-36,本制度は日本人も含めた設計であり、国籍によって一律に区別するものではないと述べた,https://ssp.kaigiroku.net/tenant/shinjuku/MinuteView.html?council_id=3163&schedule_id=5&minute_id=158,32cc9b4a4d9e197420c03843b84bba348886821f80192f775808e77f7896a2c3,審議状況（本会議 3月24日 討論）,本制度は、日本人も含めた設計となっており、国籍によって一律に区別するものではありません,supported,16f3a009cd59891ccd0259b452fdca5077f88200163dd59beb67850e161a0874
shinjuku-2026-r1-gian-41,hard,content,OC41-H-37,子ども・子育て支援金については、医療保険料に上乗せして徴収する仕組みへの懸念を示しつつ、国に対して引き続き見直しを強く求めていくと述べた,https://ssp.kaigiroku.net/tenant/shinjuku/MinuteView.html?council_id=3163&schedule_id=5&minute_id=158,32cc9b4a4d9e197420c03843b84bba348886821f80192f775808e77f7896a2c3,審議状況（本会議 3月24日 討論）,子ども・子育て支援金については、医療保険料に上乗せして徴収する仕組みであり…国に対して引き続き見直しを強く求めていきます,supported,16f3a009cd59891ccd0259b452fdca5077f88200163dd59beb67850e161a0874
shinjuku-2026-r1-gian-41,hard,content,OC41-H-38,"第15条の4 / 第1号「100分の7.71」を「100分の7.51」に、第2号「4万7,300円」を「4万7,600円」に改める",https://www.city.shinjuku.lg.jp/content/000451614.pdf,a24b0555a1d4d0150686d1205bf1b6be467b484629ddaed70dca3cf6b8cb1cbc,改め文（第15条の4）,"第15条の4第1号中「100分の7.71」を「100分の7.51」に改め、同条第2号中「4万7,300円」を「4万7,600円」に改める",supported,16f3a009cd59891ccd0259b452fdca5077f88200163dd59beb67850e161a0874
shinjuku-2026-r1-gian-41,hard,content,OC41-H-39,第15条の8 / 「66万円」を「67万円」に改める,https://www.city.shinjuku.lg.jp/content/000451614.pdf,a24b0555a1d4d0150686d1205bf1b6be467b484629ddaed70dca3cf6b8cb1cbc,改め文（第15条の8）,第15条の8中「66万円」を「67万円」に改める,supported,16f3a009cd59891ccd0259b452fdca5077f88200163dd59beb67850e161a0874
shinjuku-2026-r1-gian-41,hard,content,OC41-H-40,"第15条の12 / 第1号「100分の2.69」を「100分の2.80」に、第2号「1万6,800円」を「1万7,600円」に改める",https://www.city.shinjuku.lg.jp/content/000451614.pdf,a24b0555a1d4d0150686d1205bf1b6be467b484629ddaed70dca3cf6b8cb1cbc,改め文（第15条の12）,"第15条の12第1号中「100分の2.69」を「100分の2.80」に改め、同条第2号中「1万6,800円」を「1万7,600円」に改める",supported,16f3a009cd59891ccd0259b452fdca5077f88200163dd59beb67850e161a0874
shinjuku-2026-r1-gian-41,hard,content,OC41-H-41,"第16条の4 / 第1号「100分の2.25」を「100分の2.43」に、第2号「1万6,600円」を「1万7,800円」に改める",https://www.city.shinjuku.lg.jp/content/000451614.pdf,a24b0555a1d4d0150686d1205bf1b6be467b484629ddaed70dca3cf6b8cb1cbc,改め文（第16条の4）,"第16条の4第1号中「100分の2.25」を「100分の2.43」に改め、同条第2号中「1万6,600円」を「1万7,800円」に改める",supported,16f3a009cd59891ccd0259b452fdca5077f88200163dd59beb67850e161a0874
shinjuku-2026-r1-gian-41,hard,content,OC41-H-42,第16条の6（新設） / 子ども・子育て支援納付金賦課総額は、第1号に掲げる額の見込額から第2号に掲げる額の見込額を控除した額を基準として算定した額とする,https://www.city.shinjuku.lg.jp/content/000451614.pdf,a24b0555a1d4d0150686d1205bf1b6be467b484629ddaed70dca3cf6b8cb1cbc,新設（第16条の6）,子ども・子育て支援納付金賦課総額」という。）は、第1号に掲げる額の見込額から第2号に掲げる額の見込額を控除した額を基準として算定した額とする,supported,16f3a009cd59891ccd0259b452fdca5077f88200163dd59beb67850e161a0874
shinjuku-2026-r1-gian-41,hard,content,OC41-H-43,第16条の7（新設） / 子ども・子育て支援納付金賦課額は、世帯主の世帯に属する被保険者につき算定した所得割額及び被保険者均等割額の合算額の総額に、18歳以上被保険者均等割額の総額を加算した額とする,https://www.city.shinjuku.lg.jp/content/000451614.pdf,a24b0555a1d4d0150686d1205bf1b6be467b484629ddaed70dca3cf6b8cb1cbc,新設（第16条の7）,世帯主の世帯に属する被保険者につき算定した所得割額及び被保険者均等割額の合算額の総額に、世帯主の世帯に属する18歳以上被保険者…18歳以上被保険者均等割額の総額を加算した額とする,supported,16f3a009cd59891ccd0259b452fdca5077f88200163dd59beb67850e161a0874
shinjuku-2026-r1-gian-41,hard,content,OC41-H-44,第16条の9（新設） / 保険料率は、所得割100分の0.27,https://www.city.shinjuku.lg.jp/content/000451614.pdf,a24b0555a1d4d0150686d1205bf1b6be467b484629ddaed70dca3cf6b8cb1cbc,新設（第16条の9）,子ども・子育て支援納付金賦課額の保険料率は、次のとおりとする…所得割100分の0.27,supported,16f3a009cd59891ccd0259b452fdca5077f88200163dd59beb67850e161a0874
shinjuku-2026-r1-gian-41,hard,content,OC41-H-45,"第16条の9（新設） / 被保険者均等割は、被保険者1人につき1,800円",https://www.city.shinjuku.lg.jp/content/000451614.pdf,a24b0555a1d4d0150686d1205bf1b6be467b484629ddaed70dca3cf6b8cb1cbc,新設（第16条の9）,"被保険者均等割被保険者1人につき1,800円",supported,16f3a009cd59891ccd0259b452fdca5077f88200163dd59beb67850e161a0874
shinjuku-2026-r1-gian-41,hard,content,OC41-H-46,第16条の9（新設） / 18歳以上被保険者均等割は、被保険者1人につき73円,https://www.city.shinjuku.lg.jp/content/000451614.pdf,a24b0555a1d4d0150686d1205bf1b6be467b484629ddaed70dca3cf6b8cb1cbc,新設（第16条の9）,18歳以上被保険者均等割被保険者1人につき73円,supported,16f3a009cd59891ccd0259b452fdca5077f88200163dd59beb67850e161a0874
shinjuku-2026-r1-gian-41,hard,content,OC41-H-47,第16条の10（新設） / 子ども・子育て支援納付金賦課額は、3万円を超えることができない,https://www.city.shinjuku.lg.jp/content/000451614.pdf,a24b0555a1d4d0150686d1205bf1b6be467b484629ddaed70dca3cf6b8cb1cbc,新設（第16条の10）,第16条の7の子ども・子育て支援納付金賦課額は、3万円を超えることができない,supported,16f3a009cd59891ccd0259b452fdca5077f88200163dd59beb67850e161a0874
shinjuku-2026-r1-gian-41,hard,content,OC41-H-48,第18条の3第1項（新設） / 1月1日に日本国内に住所を有していなかった者が世帯主である世帯の普通徴収に係る当該年度の保険料の納期限は、6月末日とする。ただし、区長が特別の事情があると認める場合は、第18条第1項に定める納期限とする,https://www.city.shinjuku.lg.jp/content/000451614.pdf,a24b0555a1d4d0150686d1205bf1b6be467b484629ddaed70dca3cf6b8cb1cbc,新設（第18条の3第1項）,第18条第1項の規定にかかわらず、当該年度の初日の属する年の1月1日において日本国内に住所を有していなかつた者が世帯主である世帯…普通徴収に係る当該年度の保険料の納期限は、6月末日とする。ただし、区長が特別の事情があると認める場合は、第18条第1項に定める納期限とする,supported,16f3a009cd59891ccd0259b452fdca5077f88200163dd59beb67850e161a0874
shinjuku-2026-r1-gian-41,hard,content,OC41-H-49,第18条の3第2項（新設） / 第19条の規定により保険料額の算定を行ったときの納期限は、第18条第1項に規定する期間のうち、当該算定を行った日の翌日以後の日を始期とする期間で最も早く到来するものとする,https://www.city.shinjuku.lg.jp/content/000451614.pdf,a24b0555a1d4d0150686d1205bf1b6be467b484629ddaed70dca3cf6b8cb1cbc,新設（第18条の3第2項）,第18条第1項及び前項の規定にかかわらず、世帯主が1月1日に日本国内に住所を有していなかつた世帯について、第19条の規定により保険料額の算定を行つたときにおける…普通徴収に係る当該年度の保険料の納期限は、第18条第1項に規定する期間のうち、当該算定を行つた日の翌日以後の日を始期とする期間で最も早く到来するものとする,supported,16f3a009cd59891ccd0259b452fdca5077f88200163dd59beb67850e161a0874
shinjuku-2026-r1-gian-41,hard,content,OC41-H-50,"第19条の2第2号 / 「30万5,000円」を「31万円」に改める",https://www.city.shinjuku.lg.jp/content/000451614.pdf,a24b0555a1d4d0150686d1205bf1b6be467b484629ddaed70dca3cf6b8cb1cbc,改め文（第19条の2第2号）,"第19条の2第2号中「30万5,000円」を「31万円」に改め",supported,16f3a009cd59891ccd0259b452fdca5077f88200163dd59beb67850e161a0874
shinjuku-2026-r1-gian-41,hard,content,OC41-H-51,第19条の2第3号 / 「56万円」を「57万円」に改める,https://www.city.shinjuku.lg.jp/content/000451614.pdf,a24b0555a1d4d0150686d1205bf1b6be467b484629ddaed70dca3cf6b8cb1cbc,改め文（第19条の2第3号）,第19条の2第3号中「56万円」を「57万円」に改め,supported,16f3a009cd59891ccd0259b452fdca5077f88200163dd59beb67850e161a0874
shinjuku-2026-r1-gian-41,hard,content,OC41-H-52,第19条の6（新設） / 18歳未満被保険者に係る子ども・子育て支援納付金賦課額の被保険者均等割額は、第16条の9の被保険者均等割の保険料率に相当する額（減額するものとした場合にあっては、減額後の額）から当該保険料率に相当する額を控除して得た額とする,https://www.city.shinjuku.lg.jp/content/000451614.pdf,a24b0555a1d4d0150686d1205bf1b6be467b484629ddaed70dca3cf6b8cb1cbc,新設（第19条の6）,18歳に達する日以後の最初の3月31日以前である被保険者…当該18歳未満被保険者に係る当該年度分の子ども・子育て支援納付金賦課額の被保険者均等割額は…当該減額後の額）から当該保険料率に相当する額を控除して得た額とする,supported,16f3a009cd59891ccd0259b452fdca5077f88200163dd59beb67850e161a0874
shinjuku-2026-r1-gian-41,hard,content,OC41-H-53,第19条の2第1号の割合（何割軽減にあたるか）は、改め文に示されていない。概要資料が割合を示しているのは、第2号（5割減額）と第3号（2割減額）の基準である。,https://www.city.shinjuku.lg.jp/content/000451614.pdf,a24b0555a1d4d0150686d1205bf1b6be467b484629ddaed70dca3cf6b8cb1cbc,改め文（第19条の2第2号）,"第19条の2第2号中「30万5,000円」を「31万円」に改め",supported,16f3a009cd59891ccd0259b452fdca5077f88200163dd59beb67850e161a0874
shinjuku-2026-r1-gian-41,hard,content,OC41-H-54,第19条の2第1号の割合（何割軽減にあたるか）は、改め文に示されていない。概要資料が割合を示しているのは、第2号（5割減額）と第3号（2割減額）の基準である。,https://www.city.shinjuku.lg.jp/content/000451614.pdf,a24b0555a1d4d0150686d1205bf1b6be467b484629ddaed70dca3cf6b8cb1cbc,改め文（第19条の2第3号）,第19条の2第3号中「56万円」を「57万円」に改め,supported,16f3a009cd59891ccd0259b452fdca5077f88200163dd59beb67850e161a0874
shinjuku-2026-r1-gian-41,hard,content,OC41-H-55,第19条の2第1号の割合（何割軽減にあたるか）は、改め文に示されていない。概要資料が割合を示しているのは、第2号（5割減額）と第3号（2割減額）の基準である。,https://www.city.shinjuku.lg.jp/content/000450970.pdf,86bc683ffe2891e9c7ba6347e8ef0ebb4e5e3108fc38232e79b5cbc715a92dda,所得基準（2割減額）,2割減額…56万円×被保険者等の数…57万円×被保険者等の数,supported,16f3a009cd59891ccd0259b452fdca5077f88200163dd59beb67850e161a0874
shinjuku-2026-r1-gian-41,hard,content,OC41-H-56,第19条の2第1号の割合（何割軽減にあたるか）は、改め文に示されていない。概要資料が割合を示しているのは、第2号（5割減額）と第3号（2割減額）の基準である。,https://www.city.shinjuku.lg.jp/content/000450970.pdf,86bc683ffe2891e9c7ba6347e8ef0ebb4e5e3108fc38232e79b5cbc715a92dda,所得基準（5割減額）,"5割減額…30万5,000円×被保険者等の数…31万円×被保険者等の数",supported,16f3a009cd59891ccd0259b452fdca5077f88200163dd59beb67850e161a0874
shinjuku-2026-r1-gian-41,hard,content,OC41-H-57,第18条の3の見出しは「普通徴収に係る保険料の前納に係る納期限」であり、条文は納期限を定めている。,https://www.city.shinjuku.lg.jp/content/000451614.pdf,a24b0555a1d4d0150686d1205bf1b6be467b484629ddaed70dca3cf6b8cb1cbc,新設（第18条の3第1項）,第18条第1項の規定にかかわらず、当該年度の初日の属する年の1月1日において日本国内に住所を有していなかつた者が世帯主である世帯…普通徴収に係る当該年度の保険料の納期限は、6月末日とする。ただし、区長が特別の事情があると認める場合は、第18条第1項に定める納期限とする,supported,16f3a009cd59891ccd0259b452fdca5077f88200163dd59beb67850e161a0874
shinjuku-2026-r1-gian-41,hard,content,OC41-H-58,1 基礎賦課額等の保険料率を次のとおり改定する。,https://www.city.shinjuku.lg.jp/content/000450970.pdf,86bc683ffe2891e9c7ba6347e8ef0ebb4e5e3108fc38232e79b5cbc715a92dda,第41号議案,基礎賦課額等の保険料率を次のとおり改定する,supported,16f3a009cd59891ccd0259b452fdca5077f88200163dd59beb67850e161a0874
shinjuku-2026-r1-gian-41,hard,content,OC41-H-59,基礎賦課額 / 所得割 / 100分の7.71 / 100分の7.51,https://www.city.shinjuku.lg.jp/content/000450970.pdf,86bc683ffe2891e9c7ba6347e8ef0ebb4e5e3108fc38232e79b5cbc715a92dda,基礎賦課額,基礎賦課額所得割100分の7.71100分の7.51,supported,16f3a009cd59891ccd0259b452fdca5077f88200163dd59beb67850e161a0874
shinjuku-2026-r1-gian-41,hard,content,OC41-H-60,"基礎賦課額 / 被保険者均等割 / 4万7,300円 / 4万7,600円",https://www.city.shinjuku.lg.jp/content/000450970.pdf,86bc683ffe2891e9c7ba6347e8ef0ebb4e5e3108fc38232e79b5cbc715a92dda,基礎賦課額,"被保険者均等割4万7,300円4万7,600円",supported,16f3a009cd59891ccd0259b452fdca5077f88200163dd59beb67850e161a0874
shinjuku-2026-r1-gian-41,hard,content,OC41-H-61,基礎賦課額 / 賦課限度額 / 66万円 / 67万円,https://www.city.shinjuku.lg.jp/content/000450970.pdf,86bc683ffe2891e9c7ba6347e8ef0ebb4e5e3108fc38232e79b5cbc715a92dda,基礎賦課額,賦課限度額66万円67万円,supported,16f3a009cd59891ccd0259b452fdca5077f88200163dd59beb67850e161a0874
shinjuku-2026-r1-gian-41,hard,content,OC41-H-62,後期高齢者支援金等賦課額 / 所得割 / 100分の2.69 / 100分の2.80,https://www.city.shinjuku.lg.jp/content/000450970.pdf,86bc683ffe2891e9c7ba6347e8ef0ebb4e5e3108fc38232e79b5cbc715a92dda,後期高齢者支援金等賦課額,所得割100分の2.69100分の2.80,supported,16f3a009cd59891ccd0259b452fdca5077f88200163dd59beb67850e161a0874
shinjuku-2026-r1-gian-41,hard,content,OC41-H-63,"後期高齢者支援金等賦課額 / 被保険者均等割 / 1万6,800円 / 1万7,600円",https://www.city.shinjuku.lg.jp/content/000450970.pdf,86bc683ffe2891e9c7ba6347e8ef0ebb4e5e3108fc38232e79b5cbc715a92dda,後期高齢者支援金等賦課額,"被保険者均等割1万6,800円1万7,600円",supported,16f3a009cd59891ccd0259b452fdca5077f88200163dd59beb67850e161a0874
shinjuku-2026-r1-gian-41,hard,content,OC41-H-64,後期高齢者支援金等賦課額 / 賦課限度額 / 26万円 / 改定なし,https://www.city.shinjuku.lg.jp/content/000450970.pdf,86bc683ffe2891e9c7ba6347e8ef0ebb4e5e3108fc38232e79b5cbc715a92dda,後期高齢者支援金等賦課額,賦課限度額26万円改定なし,supported,16f3a009cd59891ccd0259b452fdca5077f88200163dd59beb67850e161a0874
shinjuku-2026-r1-gian-41,hard,content,OC41-H-65,介護納付金賦課額 / 所得割 / 100分の2.25 / 100分の2.43,https://www.city.shinjuku.lg.jp/content/000450970.pdf,86bc683ffe2891e9c7ba6347e8ef0ebb4e5e3108fc38232e79b5cbc715a92dda,介護納付金賦課額,所得割100分の2.25100分の2.43,supported,16f3a009cd59891ccd0259b452fdca5077f88200163dd59beb67850e161a0874
shinjuku-2026-r1-gian-41,hard,content,OC41-H-66,"介護納付金賦課額 / 被保険者均等割 / 1万6,600円 / 1万7,800円",https://www.city.shinjuku.lg.jp/content/000450970.pdf,86bc683ffe2891e9c7ba6347e8ef0ebb4e5e3108fc38232e79b5cbc715a92dda,介護納付金賦課額,"被保険者均等割1万6,600円1万7,800円",supported,16f3a009cd59891ccd0259b452fdca5077f88200163dd59beb67850e161a0874
shinjuku-2026-r1-gian-41,hard,content,OC41-H-67,介護納付金賦課額 / 賦課限度額 / 17万円 / 改定なし,https://www.city.shinjuku.lg.jp/content/000450970.pdf,86bc683ffe2891e9c7ba6347e8ef0ebb4e5e3108fc38232e79b5cbc715a92dda,介護納付金賦課額,賦課限度額17万円改定なし,supported,16f3a009cd59891ccd0259b452fdca5077f88200163dd59beb67850e161a0874
shinjuku-2026-r1-gian-41,hard,content,OC41-H-68,2 子ども・子育て支援法の改正等により子ども・子育て支援金制度が創設されたことに伴い、保険料の賦課額に子ども・子育て支援納付金賦課額を追加し、保険料率を定める。,https://www.city.shinjuku.lg.jp/content/000450970.pdf,86bc683ffe2891e9c7ba6347e8ef0ebb4e5e3108fc38232e79b5cbc715a92dda,第41号議案,子ども・子育て支援法の改正等により子ども・子育て支援金制度が創設されたことに伴い、保険料の賦課額に子ども・子育て支援納付金賦課額を追加し、保険料率を定める,supported,16f3a009cd59891ccd0259b452fdca5077f88200163dd59beb67850e161a0874
shinjuku-2026-r1-gian-41,hard,content,OC41-H-69,所得割 / 100分の0.27,https://www.city.shinjuku.lg.jp/content/000450970.pdf,86bc683ffe2891e9c7ba6347e8ef0ebb4e5e3108fc38232e79b5cbc715a92dda,子ども・子育て支援納付金賦課額,所得割100分の0.27,supported,16f3a009cd59891ccd0259b452fdca5077f88200163dd59beb67850e161a0874
shinjuku-2026-r1-gian-41,hard,content,OC41-H-70,"被保険者均等割 / 1,800円",https://www.city.shinjuku.lg.jp/content/000450970.pdf,86bc683ffe2891e9c7ba6347e8ef0ebb4e5e3108fc38232e79b5cbc715a92dda,子ども・子育て支援納付金賦課額,"被保険者均等割1,800円",supported,16f3a009cd59891ccd0259b452fdca5077f88200163dd59beb67850e161a0874
shinjuku-2026-r1-gian-41,hard,content,OC41-H-71,18歳以上被保険者均等割 / 73円,https://www.city.shinjuku.lg.jp/content/000450970.pdf,86bc683ffe2891e9c7ba6347e8ef0ebb4e5e3108fc38232e79b5cbc715a92dda,子ども・子育て支援納付金賦課額,18歳以上被保険者均等割73円,supported,16f3a009cd59891ccd0259b452fdca5077f88200163dd59beb67850e161a0874
shinjuku-2026-r1-gian-41,hard,content,OC41-H-72,賦課限度額 / 3万円,https://www.city.shinjuku.lg.jp/content/000450970.pdf,86bc683ffe2891e9c7ba6347e8ef0ebb4e5e3108fc38232e79b5cbc715a92dda,子ども・子育て支援納付金賦課額,賦課限度額3万円,supported,16f3a009cd59891ccd0259b452fdca5077f88200163dd59beb67850e161a0874
shinjuku-2026-r1-gian-41,hard,content,OC41-H-73,※ 18歳以上被保険者均等割 18歳未満の被保険者に係る子ども・子育て支援納付金賦課額の被保険者均等割額を10割軽減するための原資として、18歳以上の被保険者からその軽減総額を按分して徴収する。,https://www.city.shinjuku.lg.jp/content/000450970.pdf,86bc683ffe2891e9c7ba6347e8ef0ebb4e5e3108fc38232e79b5cbc715a92dda,第41号議案（※18歳以上被保険者均等割）,18歳未満の被保険者に係る子ども・子育て支援納付金…賦課額の被保険者均等割額を10割軽減するための原資と…して、18歳以上の被保険者からその軽減総額を按分して…徴収する,supported,16f3a009cd59891ccd0259b452fdca5077f88200163dd59beb67850e161a0874
shinjuku-2026-r1-gian-41,hard,content,OC41-H-74,3 国民健康保険法施行令の改正に伴い、保険料の減額の対象となる所得基準を次のとおり改める。,https://www.city.shinjuku.lg.jp/content/000450970.pdf,86bc683ffe2891e9c7ba6347e8ef0ebb4e5e3108fc38232e79b5cbc715a92dda,第41号議案,国民健康保険法施行令の改正に伴い、保険料の減額の対象となる所得基準を次のとおり改める,supported,16f3a009cd59891ccd0259b452fdca5077f88200163dd59beb67850e161a0874
shinjuku-2026-r1-gian-41,hard,content,OC41-H-75,2割減額 / 43万円＋10万円×（給与所得者等の数－1）＋56万円×被保険者等の数 / 43万円＋10万円×（給与所得者等の数－1）＋57万円×被保険者等の数,https://www.city.shinjuku.lg.jp/content/000450970.pdf,86bc683ffe2891e9c7ba6347e8ef0ebb4e5e3108fc38232e79b5cbc715a92dda,所得基準（2割減額）,2割減額…56万円×被保険者等の数…57万円×被保険者等の数,supported,16f3a009cd59891ccd0259b452fdca5077f88200163dd59beb67850e161a0874
shinjuku-2026-r1-gian-41,hard,content,OC41-H-76,"5割減額 / 43万円＋10万円×（給与所得者等の数－1）＋30万5,000円×被保険者等の数 / 43万円＋10万円×（給与所得者等の数－1）＋31万円×被保険者等の数",https://www.city.shinjuku.lg.jp/content/000450970.pdf,86bc683ffe2891e9c7ba6347e8ef0ebb4e5e3108fc38232e79b5cbc715a92dda,所得基準（5割減額）,"5割減額…30万5,000円×被保険者等の数…31万円×被保険者等の数",supported,16f3a009cd59891ccd0259b452fdca5077f88200163dd59beb67850e161a0874
shinjuku-2026-r1-gian-41,hard,content,OC41-H-77,4 世帯主が1月1日に日本国内に住所を有していなかった世帯の普通徴収に係る保険料の前納について定める。,https://www.city.shinjuku.lg.jp/content/000450970.pdf,86bc683ffe2891e9c7ba6347e8ef0ebb4e5e3108fc38232e79b5cbc715a92dda,第41号議案,世帯主が1月1日に日本国内に住所を有していなかった世帯の普通徴収に係る保険料の前納について定める,supported,16f3a009cd59891ccd0259b452fdca5077f88200163dd59beb67850e161a0874
shinjuku-2026-r1-gian-41,hard,content,OC41-H-78,「議案の概要と審議結果」も同旨の概要を記載している。,https://www.city.shinjuku.lg.jp/content/000452334.pdf,22ba4f49b18c96bd1fa26241606257c05477f38e25ac46d6f8e4f416a2cedbf2,第41号議案（議案の概要）,基礎賦課額等の保険料率を改定する。…子ども・子育て支援金制度が創設されたことに伴い、保険料の賦課額に子ども・子育て支援納付金賦課額を追加し、保険料率を定める,supported,16f3a009cd59891ccd0259b452fdca5077f88200163dd59beb67850e161a0874
shinjuku-2026-r1-gian-41,hard,content,OC41-H-79,この条例は、令和8年4月1日から施行する。,https://www.city.shinjuku.lg.jp/content/000451614.pdf,a24b0555a1d4d0150686d1205bf1b6be467b484629ddaed70dca3cf6b8cb1cbc,附則（施行期日）,この条例は、令和8年4月1日から施行する,supported,16f3a009cd59891ccd0259b452fdca5077f88200163dd59beb67850e161a0874
shinjuku-2026-r1-gian-41,hard,content,OC41-H-80,この条例による改正後の第14条の2、第14条の3、第15条の4、第15条の8、第15条の12、第16条の4、第16条の6から第16条の10まで、第18条の3及び第19条から第19条の6までの規定は、令和8年度以後の年度分の保険料について適用し、令和7年度分までの保険料については、なお従前の例による。,https://www.city.shinjuku.lg.jp/content/000451614.pdf,a24b0555a1d4d0150686d1205bf1b6be467b484629ddaed70dca3cf6b8cb1cbc,附則（経過措置）,この条例による改正後の第14条の2、第14条の3、第15条の4、第15条の8、第15条の12、第16条の4、第16条の6から第16条の10まで、第18条の3及び第19条から第19条の6までの規定は、令和8年度以後の年度分の保険料について適用し、令和7年度分までの保険料については、なお従前の例による,supported,16f3a009cd59891ccd0259b452fdca5077f88200163dd59beb67850e161a0874
shinjuku-2026-r1-gian-41,hard,content,OC41-H-81,改正後の条例の保険料に係る規定は、令和8年度分の保険料から適用し、令和7年度分以前の年度分の保険料については、なお従前の例による。,https://www.city.shinjuku.lg.jp/content/000450970.pdf,86bc683ffe2891e9c7ba6347e8ef0ebb4e5e3108fc38232e79b5cbc715a92dda,第41号議案［経過措置］,改正後の条例の保険料に係る規定は、令和8年度分の保険料から適用し、令和7年度分以前の年度分の保険料については、なお従前の例による,supported,16f3a009cd59891ccd0259b452fdca5077f88200163dd59beb67850e161a0874
shinjuku-2026-r1-gian-41,hard,content,OC41-H-82,施行日は令和8年4月1日と記載されている。,https://www.city.shinjuku.lg.jp/content/000450970.pdf,86bc683ffe2891e9c7ba6347e8ef0ebb4e5e3108fc38232e79b5cbc715a92dda,第41号議案［施行日］,［施行日］令和8年4月1日,supported,16f3a009cd59891ccd0259b452fdca5077f88200163dd59beb67850e161a0874
shinjuku-2026-r1-gian-41,hard,content,OC41-H-83,第41号議案 全文 / https://www.city.shinjuku.lg.jp/content/000451614.pdf / a24b0555a1d4d0150686d1205bf1b6be467b484629ddaed70dca3cf6b8cb1cbc,https://www.city.shinjuku.lg.jp/content/000451614.pdf,a24b0555a1d4d0150686d1205bf1b6be467b484629ddaed70dca3cf6b8cb1cbc,件名,新宿区国民健康保険条例の一部を改正する条例,supported,16f3a009cd59891ccd0259b452fdca5077f88200163dd59beb67850e161a0874
shinjuku-2026-r1-gian-41,hard,content,OC41-H-84,提出案件概要（条例関係・追加分） / https://www.city.shinjuku.lg.jp/content/000450970.pdf / 86bc683ffe2891e9c7ba6347e8ef0ebb4e5e3108fc38232e79b5cbc715a92dda,https://www.city.shinjuku.lg.jp/content/000450970.pdf,86bc683ffe2891e9c7ba6347e8ef0ebb4e5e3108fc38232e79b5cbc715a92dda,提出案件概要（条例関係・追加分）,令和8年第1回区議会定例会提出案件概要（条例関係）,supported,16f3a009cd59891ccd0259b452fdca5077f88200163dd59beb67850e161a0874
shinjuku-2026-r1-gian-41,hard,content,OC41-H-85,議案の概要と審議結果 / https://www.city.shinjuku.lg.jp/content/000452334.pdf / 22ba4f49b18c96bd1fa26241606257c05477f38e25ac46d6f8e4f416a2cedbf2,https://www.city.shinjuku.lg.jp/content/000452334.pdf,22ba4f49b18c96bd1fa26241606257c05477f38e25ac46d6f8e4f416a2cedbf2,議案の概要と審議結果,議案の概要と審議結果,supported,16f3a009cd59891ccd0259b452fdca5077f88200163dd59beb67850e161a0874
shinjuku-2026-r1-gian-41,hard,content,OC41-H-86,議決結果ページ（2026-10-04 取得） / https://www.city.shinjuku.lg.jp/kusei/soumu01_002090_00015.html / 7c2b6f68db1b433b860b35d176b4dd9211e78582ec9de718fcfefe68b22d896a,https://www.city.shinjuku.lg.jp/kusei/soumu01_002090_00015.html,7c2b6f68db1b433b860b35d176b4dd9211e78582ec9de718fcfefe68b22d896a,審議状況（議決結果ページ）,第41号議案新宿区国民健康保険条例の一部を改正する条例原案可決,supported,16f3a009cd59891ccd0259b452fdca5077f88200163dd59beb67850e161a0874
shinjuku-2026-r1-gian-41,hard,content,OC41-H-87,会議録 3月24日 区長（提案説明） / https://ssp.kaigiroku.net/tenant/shinjuku/MinuteView.html?council_id=3163&schedule_id=5&minute_id=126 / 028029468c55965ec7b38178348292f9a689d4453dc62f8293e25623672fad3f,https://ssp.kaigiroku.net/tenant/shinjuku/MinuteView.html?council_id=3163&schedule_id=5&minute_id=126,028029468c55965ec7b38178348292f9a689d4453dc62f8293e25623672fad3f,審議状況（本会議 3月24日 議長）,第41号議案の新宿区国民健康保険条例の一部を改正する条例について御説明いたします…世帯主が1月1日において日本国内に住所を有していなかった世帯の普通徴収に係る保険料の前納に係る納期限を定める等、所要の改正を行うものです,supported,16f3a009cd59891ccd0259b452fdca5077f88200163dd59beb67850e161a0874
shinjuku-2026-r1-gian-41,hard,content,OC41-H-88,会議録 3月24日 議長（日程追加） / https://ssp.kaigiroku.net/tenant/shinjuku/MinuteView.html?council_id=3163&schedule_id=5&minute_id=149 / 57791e5ff51d7628a6b4310f5e1c4cb5b44676951297f4e6ee83127360c1b1ed,https://ssp.kaigiroku.net/tenant/shinjuku/MinuteView.html?council_id=3163&schedule_id=5&minute_id=149,57791e5ff51d7628a6b4310f5e1c4cb5b44676951297f4e6ee83127360c1b1ed,審議状況（本会議 3月24日 議長）,第37号議案から第41号議案までの委員会審査報告書が提出されました。これを本日の日程に追加したい,supported,16f3a009cd59891ccd0259b452fdca5077f88200163dd59beb67850e161a0874
shinjuku-2026-r1-gian-41,hard,content,OC41-H-89,会議録 3月24日 議長（委員会審査報告） / https://ssp.kaigiroku.net/tenant/shinjuku/MinuteView.html?council_id=3163&schedule_id=5&minute_id=153 / 552b32fe46d9258940407f8537d64d9f9ee29293515e17e4dff8c9aed2a52352,https://ssp.kaigiroku.net/tenant/shinjuku/MinuteView.html?council_id=3163&schedule_id=5&minute_id=153,552b32fe46d9258940407f8537d64d9f9ee29293515e17e4dff8c9aed2a52352,審議状況（本会議 3月24日 議長）,福祉健康委員会審査報告書は、可決です,supported,16f3a009cd59891ccd0259b452fdca5077f88200163dd59beb67850e161a0874
shinjuku-2026-r1-gian-41,hard,content,OC41-H-90,会議録 3月24日 20番 佐藤佳一議員（少数意見の報告） / https://ssp.kaigiroku.net/tenant/shinjuku/MinuteView.html?council_id=3163&schedule_id=5&minute_id=154 / 13b8168ab0f79288b443960da4b58c0f36412bcfd3758252adfaae252696e37d,https://ssp.kaigiroku.net/tenant/shinjuku/MinuteView.html?council_id=3163&schedule_id=5&minute_id=154,13b8168ab0f79288b443960da4b58c0f36412bcfd3758252adfaae252696e37d,審議状況（本会議 3月24日 少数意見の報告）,杉山直子委員と私、佐藤佳一は本議案に反対し、福祉健康委員会で少数意見を留保しましたので、報告します,supported,16f3a009cd59891ccd0259b452fdca5077f88200163dd59beb67850e161a0874
shinjuku-2026-r1-gian-41,hard,content,OC41-H-91,会議録 3月24日 37番 さわいめぐみ議員（討論） / https://ssp.kaigiroku.net/tenant/shinjuku/MinuteView.html?council_id=3163&schedule_id=5&minute_id=156 / 0dcaa86d0a7c0754eee05a725a357138b6d29a611cfad2f19f0a32a77c7085bd,https://ssp.kaigiroku.net/tenant/shinjuku/MinuteView.html?council_id=3163&schedule_id=5&minute_id=156,0dcaa86d0a7c0754eee05a725a357138b6d29a611cfad2f19f0a32a77c7085bd,審議状況（本会議 3月24日 討論）,れいわ新選組新宿のさわいめぐみです。第41号議案新宿区国民健康保険条例の一部を改正する条例について、反対の立場で討論いたします,supported,16f3a009cd59891ccd0259b452fdca5077f88200163dd59beb67850e161a0874
shinjuku-2026-r1-gian-41,hard,content,OC41-H-92,会議録 3月24日 28番 古畑まさのり議員（討論） / https://ssp.kaigiroku.net/tenant/shinjuku/MinuteView.html?council_id=3163&schedule_id=5&minute_id=158 / 32cc9b4a4d9e197420c03843b84bba348886821f80192f775808e77f7896a2c3,https://ssp.kaigiroku.net/tenant/shinjuku/MinuteView.html?council_id=3163&schedule_id=5&minute_id=158,32cc9b4a4d9e197420c03843b84bba348886821f80192f775808e77f7896a2c3,審議状況（本会議 3月24日 討論）,日本維新の会・新宿区議団、古畑まさのりです。第41号議案新宿区国民健康保険条例の一部を改正する条例について、賛成の立場から討論いたします,supported,16f3a009cd59891ccd0259b452fdca5077f88200163dd59beb67850e161a0874
shinjuku-2026-r1-gian-41,hard,content,OC41-H-93,会議録 3月24日 議長（採決） / https://ssp.kaigiroku.net/tenant/shinjuku/MinuteView.html?council_id=3163&schedule_id=5&minute_id=159 / 636f300ac94d7d5a9679a0a75568f315f1cf4971d66e1d0eaaa1060e4bdd633e,https://ssp.kaigiroku.net/tenant/shinjuku/MinuteView.html?council_id=3163&schedule_id=5&minute_id=159,636f300ac94d7d5a9679a0a75568f315f1cf4971d66e1d0eaaa1060e4bdd633e,審議状況（本会議 3月24日 議長）,討論は終わりました。これから、起立により採決します。本案を委員会審査報告のとおり決定することに賛成の方は御起立願います,supported,16f3a009cd59891ccd0259b452fdca5077f88200163dd59beb67850e161a0874
shinjuku-2026-r1-gian-41,hard,content,OC41-H-94,会議録 3月24日 議長（採決結果） / https://ssp.kaigiroku.net/tenant/shinjuku/MinuteView.html?council_id=3163&schedule_id=5&minute_id=160 / 0405f4221f73a11b0034c2a81abc651c7799688051fdfb5441349221a4be563a,https://ssp.kaigiroku.net/tenant/shinjuku/MinuteView.html?council_id=3163&schedule_id=5&minute_id=160,0405f4221f73a11b0034c2a81abc651c7799688051fdfb5441349221a4be563a,審議状況（本会議 3月24日 議長）,起立多数と認めます。本案は、委員会審査報告のとおり可決されました,supported,16f3a009cd59891ccd0259b452fdca5077f88200163dd59beb67850e161a0874
